Price,Close,High,Low,Open,Volume
Ticker,AXISBANK.NS,AXISBANK.NS,AXISBANK.NS,AXISBANK.NS,AXISBANK.NS
2026-06-16 09:15:00+05:30,1361.300048828125,1371.5,1361.300048828125,1367.800048828125,0
2026-06-16 09:20:00+05:30,1356.0999755859375,1362.0,1355.5,1362.0,144518
2026-06-16 09:25:00+05:30,1358.0,1358.4000244140625,1356.0999755859375,1357.0,85434
2026-06-16 09:30:00+05:30,1358.5,1359.5,1357.300048828125,1358.199951171875,37282
2026-06-16 09:35:00+05:30,1354.199951171875,1358.5,1353.5,1358.5,110288
2026-06-16 09:40:00+05:30,1352.9000244140625,1354.9000244140625,1352.4000244140625,1354.199951171875,67002
2026-06-16 09:45:00+05:30,1357.5,1357.5,1352.800048828125,1352.800048828125,68507
2026-06-16 09:50:00+05:30,1353.0999755859375,1357.5,1352.0,1356.699951171875,140050
2026-06-16 09:55:00+05:30,1356.9000244140625,1357.5,1353.0999755859375,1353.0999755859375,61896
2026-06-16 10:00:00+05:30,1351.9000244140625,1357.300048828125,1350.9000244140625,1357.0,102395
2026-06-16 10:05:00+05:30,1349.5999755859375,1352.9000244140625,1349.199951171875,1351.800048828125,206560
2026-06-16 10:10:00+05:30,1356.699951171875,1357.300048828125,1349.199951171875,1349.9000244140625,530666
2026-06-16 10:15:00+05:30,1356.800048828125,1358.5999755859375,1356.0999755859375,1356.4000244140625,49888
2026-06-16 10:20:00+05:30,1357.5999755859375,1358.5,1357.4000244140625,1357.699951171875,38751
2026-06-16 10:25:00+05:30,1358.0,1358.5,1357.0999755859375,1357.5999755859375,24122
2026-06-16 10:30:00+05:30,1360.199951171875,1360.4000244140625,1357.5,1358.0,49698
2026-06-16 10:35:00+05:30,1361.4000244140625,1362.800048828125,1360.0,1360.0,61019
2026-06-16 10:40:00+05:30,1361.9000244140625,1364.0,1361.0,1361.4000244140625,55566
2026-06-16 10:45:00+05:30,1365.5999755859375,1365.699951171875,1361.800048828125,1362.199951171875,127921
2026-06-16 10:50:00+05:30,1361.699951171875,1366.4000244140625,1361.4000244140625,1366.0,93888
2026-06-16 10:55:00+05:30,1360.0999755859375,1362.0,1359.5999755859375,1362.0,96193
2026-06-16 11:00:00+05:30,1359.9000244140625,1360.9000244140625,1359.5999755859375,1360.699951171875,59783
2026-06-16 11:05:00+05:30,1359.4000244140625,1360.0999755859375,1358.5999755859375,1359.300048828125,37820
2026-06-16 11:10:00+05:30,1359.199951171875,1359.800048828125,1358.0,1359.300048828125,24734
2026-06-16 11:15:00+05:30,1359.0999755859375,1360.699951171875,1358.4000244140625,1359.199951171875,57802
2026-06-16 11:20:00+05:30,1358.699951171875,1359.4000244140625,1357.4000244140625,1359.0,41819
2026-06-16 11:25:00+05:30,1359.4000244140625,1359.9000244140625,1358.0999755859375,1358.9000244140625,48241
2026-06-16 11:30:00+05:30,1358.800048828125,1359.5,1357.4000244140625,1359.4000244140625,26865
2026-06-16 11:35:00+05:30,1357.800048828125,1359.0,1357.0999755859375,1358.699951171875,65301
2026-06-16 11:40:00+05:30,1360.5999755859375,1360.699951171875,1356.199951171875,1357.800048828125,65353
2026-06-16 11:45:00+05:30,1359.0,1361.0,1358.4000244140625,1360.699951171875,138832
2026-06-16 11:50:00+05:30,1361.699951171875,1362.199951171875,1358.800048828125,1359.199951171875,88037
2026-06-16 11:55:00+05:30,1363.4000244140625,1363.4000244140625,1360.300048828125,1361.5,74996
2026-06-16 12:00:00+05:30,1364.9000244140625,1365.0,1362.699951171875,1363.5999755859375,61085
2026-06-16 12:05:00+05:30,1364.0999755859375,1365.0999755859375,1363.5,1364.699951171875,69768
2026-06-16 12:10:00+05:30,1363.5999755859375,1364.5999755859375,1362.5999755859375,1364.0999755859375,54240
2026-06-16 12:15:00+05:30,1365.0,1365.9000244140625,1363.0999755859375,1363.5999755859375,103446
2026-06-16 12:20:00+05:30,1362.9000244140625,1366.0,1362.9000244140625,1364.9000244140625,75984
2026-06-16 12:25:00+05:30,1366.0,1366.699951171875,1362.800048828125,1363.0,78601
2026-06-16 12:30:00+05:30,1365.0,1366.199951171875,1365.0,1366.0,45466
2026-06-16 12:35:00+05:30,1365.199951171875,1366.5999755859375,1363.800048828125,1365.300048828125,85577
2026-06-16 12:40:00+05:30,1365.4000244140625,1366.0,1364.0999755859375,1365.0999755859375,88419
2026-06-16 12:45:00+05:30,1365.0,1365.4000244140625,1364.0,1365.0,64421
2026-06-16 12:50:00+05:30,1364.699951171875,1366.199951171875,1364.0,1365.0999755859375,52901
2026-06-16 12:55:00+05:30,1366.5,1367.0,1364.4000244140625,1364.5,61530
2026-06-16 13:00:00+05:30,1365.0,1367.0,1365.0,1366.5,36759
2026-06-16 13:05:00+05:30,1365.4000244140625,1366.0,1365.0,1365.0,52807
2026-06-16 13:10:00+05:30,1365.699951171875,1366.0,1365.0,1366.0,35353
2026-06-16 13:15:00+05:30,1364.199951171875,1366.0,1363.9000244140625,1365.699951171875,93507
2026-06-16 13:20:00+05:30,1365.9000244140625,1366.800048828125,1363.800048828125,1363.800048828125,74536
2026-06-16 13:25:00+05:30,1367.0,1367.0,1365.800048828125,1365.800048828125,246054
2026-06-16 13:30:00+05:30,1366.5,1367.4000244140625,1366.0,1367.0,48972
2026-06-16 13:35:00+05:30,1367.0999755859375,1367.800048828125,1366.300048828125,1366.5,80790
2026-06-16 13:40:00+05:30,1366.0999755859375,1367.800048828125,1365.800048828125,1367.199951171875,119864
2026-06-16 13:45:00+05:30,1366.9000244140625,1367.5,1366.0,1366.199951171875,78561
2026-06-16 13:50:00+05:30,1366.4000244140625,1367.0,1365.4000244140625,1367.0,77268
2026-06-16 13:55:00+05:30,1367.0,1367.9000244140625,1366.199951171875,1366.199951171875,58850
2026-06-16 14:00:00+05:30,1366.9000244140625,1367.699951171875,1366.0999755859375,1367.0,217096
2026-06-16 14:05:00+05:30,1367.300048828125,1367.4000244140625,1365.4000244140625,1366.9000244140625,96052
2026-06-16 14:10:00+05:30,1368.0,1368.5999755859375,1367.0999755859375,1367.300048828125,90347
2026-06-16 14:15:00+05:30,1366.9000244140625,1368.800048828125,1366.699951171875,1366.800048828125,286129
2026-06-16 14:20:00+05:30,1366.9000244140625,1367.0,1365.4000244140625,1366.800048828125,64220
2026-06-16 14:25:00+05:30,1365.800048828125,1367.0,1365.5,1367.0,81607
2026-06-16 14:30:00+05:30,1366.0,1366.9000244140625,1365.199951171875,1365.9000244140625,164056
2026-06-16 14:35:00+05:30,1366.199951171875,1366.5999755859375,1365.5999755859375,1366.4000244140625,160450
2026-06-16 14:40:00+05:30,1364.0,1367.0,1364.0,1366.800048828125,183393
2026-06-16 14:45:00+05:30,1367.5,1367.699951171875,1363.300048828125,1364.4000244140625,125266
2026-06-16 14:50:00+05:30,1366.300048828125,1367.5,1365.0999755859375,1367.5,88727
2026-06-16 14:55:00+05:30,1365.4000244140625,1366.5999755859375,1364.0,1366.300048828125,136411
2026-06-16 15:00:00+05:30,1366.199951171875,1366.199951171875,1364.800048828125,1365.4000244140625,111072
2026-06-16 15:05:00+05:30,1365.199951171875,1366.300048828125,1365.0999755859375,1366.300048828125,279119
2026-06-16 15:10:00+05:30,1365.199951171875,1365.9000244140625,1364.699951171875,1365.300048828125,132055
2026-06-16 15:15:00+05:30,1365.300048828125,1366.0,1364.5999755859375,1365.199951171875,117854
2026-06-16 15:20:00+05:30,1365.800048828125,1367.300048828125,1365.300048828125,1365.4000244140625,360173
2026-06-16 15:25:00+05:30,1363.4000244140625,1366.0999755859375,1363.199951171875,1365.800048828125,78453
2026-06-17 09:15:00+05:30,1358.199951171875,1364.0,1357.300048828125,1364.0,0
2026-06-17 09:20:00+05:30,1356.4000244140625,1359.699951171875,1355.5,1358.199951171875,74324
2026-06-17 09:25:00+05:30,1356.800048828125,1358.5999755859375,1356.5,1356.699951171875,70543
2026-06-17 09:30:00+05:30,1357.0,1358.0,1356.0,1356.199951171875,33197
2026-06-17 09:35:00+05:30,1358.0,1358.0,1356.4000244140625,1356.699951171875,26350
2026-06-17 09:40:00+05:30,1359.0999755859375,1359.800048828125,1357.699951171875,1357.9000244140625,51254
2026-06-17 09:45:00+05:30,1358.300048828125,1359.4000244140625,1357.0,1359.0999755859375,29132
2026-06-17 09:50:00+05:30,1358.0,1358.4000244140625,1357.5999755859375,1358.0,26117
2026-06-17 09:55:00+05:30,1357.9000244140625,1359.0,1357.5,1358.0,60851
2026-06-17 10:00:00+05:30,1357.300048828125,1358.5999755859375,1357.0,1357.5,20609
2026-06-17 10:05:00+05:30,1359.300048828125,1359.5,1357.5999755859375,1357.5999755859375,15681
2026-06-17 10:10:00+05:30,1357.800048828125,1359.4000244140625,1357.699951171875,1359.4000244140625,18922
2026-06-17 10:15:00+05:30,1358.800048828125,1359.0,1357.800048828125,1357.800048828125,13911
2026-06-17 10:20:00+05:30,1360.5,1360.5,1358.9000244140625,1358.9000244140625,27158
2026-06-17 10:25:00+05:30,1358.4000244140625,1361.0,1358.199951171875,1361.0,35234
2026-06-17 10:30:00+05:30,1358.300048828125,1358.5,1357.199951171875,1358.199951171875,24672
2026-06-17 10:35:00+05:30,1358.5,1359.5,1358.0,1358.300048828125,45571
2026-06-17 10:40:00+05:30,1358.5999755859375,1359.5999755859375,1357.800048828125,1358.0,31591
2026-06-17 10:45:00+05:30,1357.4000244140625,1359.0999755859375,1357.4000244140625,1358.5999755859375,24347
2026-06-17 10:50:00+05:30,1357.0,1358.199951171875,1357.0,1357.5999755859375,16704
2026-06-17 10:55:00+05:30,1355.800048828125,1357.5999755859375,1355.300048828125,1357.199951171875,40839
2026-06-17 11:00:00+05:30,1355.199951171875,1355.9000244140625,1354.0999755859375,1355.800048828125,57371
2026-06-17 11:05:00+05:30,1355.0,1355.0,1354.0,1355.0,33502
2026-06-17 11:10:00+05:30,1354.5,1355.0,1354.0999755859375,1354.9000244140625,35027
2026-06-17 11:15:00+05:30,1353.4000244140625,1354.5,1353.0,1354.5,38294
2026-06-17 11:20:00+05:30,1351.300048828125,1353.5,1351.300048828125,1353.4000244140625,49277
2026-06-17 11:25:00+05:30,1354.0,1354.4000244140625,1351.300048828125,1351.300048828125,42609
2026-06-17 11:30:00+05:30,1354.699951171875,1355.0,1354.0,1354.0,32588
2026-06-17 11:35:00+05:30,1351.0999755859375,1354.9000244140625,1351.0,1354.5999755859375,66711
2026-06-17 11:40:00+05:30,1353.5999755859375,1353.9000244140625,1351.0,1351.5999755859375,57970
2026-06-17 11:45:00+05:30,1354.0999755859375,1355.0,1353.300048828125,1353.9000244140625,34356
2026-06-17 11:50:00+05:30,1354.199951171875,1355.0,1352.5999755859375,1354.5,146571
2026-06-17 11:55:00+05:30,1353.5,1355.0,1353.5,1354.5,37075
2026-06-17 12:00:00+05:30,1354.4000244140625,1354.699951171875,1353.300048828125,1353.5999755859375,17684
2026-06-17 12:05:00+05:30,1354.5999755859375,1355.0,1353.5,1354.4000244140625,19925
2026-06-17 12:10:00+05:30,1353.5999755859375,1354.699951171875,1353.0,1354.5999755859375,15991
2026-06-17 12:15:00+05:30,1353.9000244140625,1353.9000244140625,1353.0999755859375,1353.5999755859375,12159
2026-06-17 12:20:00+05:30,1352.0,1354.199951171875,1351.5999755859375,1354.0,66730
2026-06-17 12:25:00+05:30,1351.9000244140625,1352.5999755859375,1351.5,1352.4000244140625,33166
2026-06-17 12:30:00+05:30,1354.800048828125,1354.9000244140625,1351.5,1352.5,86349
2026-06-17 12:35:00+05:30,1355.4000244140625,1357.0,1354.800048828125,1354.800048828125,48365
2026-06-17 12:40:00+05:30,1357.5,1358.0999755859375,1355.0,1355.5999755859375,69642
2026-06-17 12:45:00+05:30,1355.9000244140625,1357.0,1355.199951171875,1357.0,130251
2026-06-17 12:50:00+05:30,1355.9000244140625,1356.199951171875,1355.9000244140625,1355.9000244140625,21753
2026-06-17 12:55:00+05:30,1355.9000244140625,1356.0999755859375,1355.9000244140625,1355.9000244140625,23841
2026-06-17 13:00:00+05:30,1357.0,1358.0,1355.9000244140625,1355.9000244140625,91948
2026-06-17 13:05:00+05:30,1357.199951171875,1357.4000244140625,1355.800048828125,1357.0,140312
2026-06-17 13:10:00+05:30,1356.5,1357.800048828125,1355.9000244140625,1357.800048828125,28733
2026-06-17 13:15:00+05:30,1355.9000244140625,1356.9000244140625,1355.5,1356.199951171875,15818
2026-06-17 13:20:00+05:30,1355.9000244140625,1356.5999755859375,1355.9000244140625,1355.9000244140625,9738
2026-06-17 13:25:00+05:30,1356.4000244140625,1356.5,1355.5999755859375,1356.0,12705
2026-06-17 13:30:00+05:30,1357.199951171875,1357.5,1356.0999755859375,1356.4000244140625,16070
2026-06-17 13:35:00+05:30,1358.199951171875,1358.9000244140625,1356.9000244140625,1357.300048828125,33021
2026-06-17 13:40:00+05:30,1356.9000244140625,1358.5,1356.699951171875,1358.199951171875,32422
2026-06-17 13:45:00+05:30,1357.0,1357.4000244140625,1356.9000244140625,1357.0,30888
2026-06-17 13:50:00+05:30,1356.9000244140625,1357.0999755859375,1356.800048828125,1357.0,105934
2026-06-17 13:55:00+05:30,1357.0,1357.300048828125,1356.9000244140625,1357.0,24991
2026-06-17 14:00:00+05:30,1358.300048828125,1358.300048828125,1356.9000244140625,1357.0,56556
2026-06-17 14:05:00+05:30,1358.0,1359.5999755859375,1357.699951171875,1358.300048828125,47279
2026-06-17 14:10:00+05:30,1358.0,1358.199951171875,1357.199951171875,1358.0,30460
2026-06-17 14:15:00+05:30,1356.300048828125,1358.0999755859375,1356.0,1358.0,94383
2026-06-17 14:20:00+05:30,1357.0999755859375,1357.4000244140625,1356.0,1356.4000244140625,133693
2026-06-17 14:25:00+05:30,1356.800048828125,1357.4000244140625,1356.5999755859375,1357.0999755859375,108813
2026-06-17 14:30:00+05:30,1356.9000244140625,1357.199951171875,1356.5,1356.5999755859375,83890
2026-06-17 14:35:00+05:30,1356.9000244140625,1357.300048828125,1356.699951171875,1356.9000244140625,66061
2026-06-17 14:40:00+05:30,1356.9000244140625,1357.300048828125,1356.9000244140625,1357.0,121997
2026-06-17 14:45:00+05:30,1353.9000244140625,1357.300048828125,1353.5999755859375,1357.300048828125,105663
2026-06-17 14:50:00+05:30,1352.800048828125,1354.0,1352.5999755859375,1354.0,93464
2026-06-17 14:55:00+05:30,1350.0,1353.199951171875,1349.800048828125,1352.800048828125,161685
2026-06-17 15:00:00+05:30,1350.0999755859375,1351.0,1349.800048828125,1350.0,331318
2026-06-17 15:05:00+05:30,1349.9000244140625,1350.300048828125,1349.800048828125,1350.0999755859375,141210
2026-06-17 15:10:00+05:30,1350.0,1350.199951171875,1349.699951171875,1349.9000244140625,129053
2026-06-17 15:15:00+05:30,1353.9000244140625,1354.300048828125,1349.300048828125,1350.0,185721
2026-06-17 15:20:00+05:30,1352.5,1354.199951171875,1351.5,1353.699951171875,116266
2026-06-17 15:25:00+05:30,1351.5,1353.800048828125,1351.0,1352.199951171875,157362
2026-06-18 09:15:00+05:30,1355.199951171875,1356.0,1349.300048828125,1349.300048828125,0
2026-06-18 09:20:00+05:30,1352.0,1354.5,1351.699951171875,1354.5,35467
2026-06-18 09:25:00+05:30,1353.0999755859375,1353.800048828125,1351.300048828125,1351.300048828125,28430
2026-06-18 09:30:00+05:30,1352.0,1354.5999755859375,1351.800048828125,1353.199951171875,24019
2026-06-18 09:35:00+05:30,1351.0,1352.0,1350.300048828125,1352.0,22952
2026-06-18 09:40:00+05:30,1349.0,1352.5,1349.0,1351.300048828125,47076
2026-06-18 09:45:00+05:30,1347.800048828125,1349.4000244140625,1347.199951171875,1349.300048828125,123812
2026-06-18 09:50:00+05:30,1347.5,1348.0,1346.800048828125,1347.800048828125,35918
2026-06-18 09:55:00+05:30,1346.0999755859375,1347.699951171875,1345.9000244140625,1347.5999755859375,80836
2026-06-18 10:00:00+05:30,1345.300048828125,1346.800048828125,1345.0999755859375,1346.4000244140625,35200
2026-06-18 10:05:00+05:30,1347.800048828125,1347.800048828125,1345.300048828125,1345.300048828125,20898
2026-06-18 10:10:00+05:30,1349.0,1351.0,1347.0,1347.699951171875,32806
2026-06-18 10:15:00+05:30,1348.300048828125,1349.699951171875,1347.800048828125,1349.0,22511
2026-06-18 10:20:00+05:30,1350.199951171875,1350.199951171875,1348.300048828125,1348.5999755859375,16195
2026-06-18 10:25:00+05:30,1350.199951171875,1350.5,1349.199951171875,1350.0999755859375,11573
2026-06-18 10:30:00+05:30,1350.9000244140625,1351.199951171875,1350.0,1350.0,16916
2026-06-18 10:35:00+05:30,1350.9000244140625,1352.4000244140625,1350.4000244140625,1350.9000244140625,28398
2026-06-18 10:40:00+05:30,1349.4000244140625,1350.9000244140625,1349.4000244140625,1350.9000244140625,32454
2026-06-18 10:45:00+05:30,1350.9000244140625,1351.199951171875,1349.4000244140625,1349.5999755859375,25411
2026-06-18 10:50:00+05:30,1351.800048828125,1352.4000244140625,1350.9000244140625,1350.9000244140625,19006
2026-06-18 10:55:00+05:30,1353.0999755859375,1353.0999755859375,1351.699951171875,1351.9000244140625,25634
2026-06-18 11:00:00+05:30,1350.800048828125,1353.300048828125,1350.300048828125,1353.300048828125,23043
2026-06-18 11:05:00+05:30,1350.0999755859375,1351.4000244140625,1349.5999755859375,1350.800048828125,18697
2026-06-18 11:10:00+05:30,1349.5,1350.9000244140625,1348.5,1350.0999755859375,26013
2026-06-18 11:15:00+05:30,1355.199951171875,1356.5999755859375,1349.4000244140625,1349.4000244140625,77178
2026-06-18 11:20:00+05:30,1357.800048828125,1358.0999755859375,1354.0999755859375,1355.199951171875,76682
2026-06-18 11:25:00+05:30,1355.4000244140625,1357.699951171875,1355.4000244140625,1357.699951171875,26379
2026-06-18 11:30:00+05:30,1356.699951171875,1357.0999755859375,1354.5,1355.800048828125,23694
2026-06-18 11:35:00+05:30,1359.300048828125,1359.5,1356.800048828125,1356.800048828125,34247
2026-06-18 11:40:00+05:30,1357.199951171875,1359.699951171875,1356.4000244140625,1359.0999755859375,36136
2026-06-18 11:45:00+05:30,1356.800048828125,1357.9000244140625,1355.5,1357.800048828125,40466
2026-06-18 11:50:00+05:30,1357.5999755859375,1358.0,1356.300048828125,1356.5,33423
2026-06-18 11:55:00+05:30,1356.9000244140625,1358.300048828125,1356.0,1358.0,34764
2026-06-18 12:00:00+05:30,1357.0999755859375,1357.699951171875,1355.5,1357.0,42425
2026-06-18 12:05:00+05:30,1358.4000244140625,1358.5,1356.9000244140625,1357.0,48329
2026-06-18 12:10:00+05:30,1357.0999755859375,1358.5999755859375,1357.0,1358.5,24424
2026-06-18 12:15:00+05:30,1359.0,1359.0999755859375,1356.800048828125,1357.199951171875,24942
2026-06-18 12:20:00+05:30,1358.0999755859375,1359.199951171875,1357.199951171875,1359.0,21374
2026-06-18 12:25:00+05:30,1358.800048828125,1359.0999755859375,1357.0999755859375,1358.300048828125,25300
2026-06-18 12:30:00+05:30,1361.0,1361.5999755859375,1358.800048828125,1358.800048828125,74859
2026-06-18 12:35:00+05:30,1360.699951171875,1361.5999755859375,1359.5999755859375,1361.199951171875,81471
2026-06-18 12:40:00+05:30,1360.5,1362.800048828125,1360.300048828125,1360.800048828125,60193
2026-06-18 12:45:00+05:30,1360.0999755859375,1361.5,1359.699951171875,1360.800048828125,29869
2026-06-18 12:50:00+05:30,1361.0,1363.199951171875,1360.0,1360.199951171875,39132
2026-06-18 12:55:00+05:30,1362.0,1362.0,1360.199951171875,1361.0,18281
2026-06-18 13:00:00+05:30,1363.0,1363.5999755859375,1360.5,1362.0,859290
2026-06-18 13:05:00+05:30,1363.5,1363.9000244140625,1363.0,1363.0,40916
2026-06-18 13:10:00+05:30,1365.5,1365.699951171875,1362.4000244140625,1363.5999755859375,53591
2026-06-18 13:15:00+05:30,1363.4000244140625,1365.800048828125,1363.0,1365.800048828125,65135
2026-06-18 13:20:00+05:30,1360.5,1363.0,1360.300048828125,1362.5999755859375,206295
2026-06-18 13:25:00+05:30,1360.0999755859375,1360.9000244140625,1357.800048828125,1360.5,55597
2026-06-18 13:30:00+05:30,1360.0999755859375,1360.9000244140625,1358.699951171875,1360.0,43629
2026-06-18 13:35:00+05:30,1359.5999755859375,1360.5999755859375,1358.9000244140625,1360.199951171875,36722
2026-06-18 13:40:00+05:30,1360.4000244140625,1361.0,1358.800048828125,1359.699951171875,36012
2026-06-18 13:45:00+05:30,1361.0,1361.5999755859375,1360.4000244140625,1360.4000244140625,58210
2026-06-18 13:50:00+05:30,1362.0,1362.0,1360.800048828125,1361.0,72281
2026-06-18 13:55:00+05:30,1360.0999755859375,1362.0,1359.5,1362.0,39917
2026-06-18 14:00:00+05:30,1360.0,1360.5,1359.9000244140625,1360.0999755859375,38134
2026-06-18 14:05:00+05:30,1359.300048828125,1360.5,1359.0999755859375,1360.199951171875,30216
2026-06-18 14:10:00+05:30,1360.0,1360.4000244140625,1359.0,1359.4000244140625,30584
2026-06-18 14:15:00+05:30,1360.199951171875,1360.5,1359.4000244140625,1360.0,26520
2026-06-18 14:20:00+05:30,1360.9000244140625,1360.9000244140625,1359.0,1360.199951171875,34473
2026-06-18 14:25:00+05:30,1359.300048828125,1361.0,1359.300048828125,1360.9000244140625,41932
2026-06-18 14:30:00+05:30,1357.5,1359.300048828125,1357.300048828125,1359.300048828125,36819
2026-06-18 14:35:00+05:30,1357.4000244140625,1358.0,1356.5999755859375,1357.5999755859375,65749
2026-06-18 14:40:00+05:30,1358.0,1359.0,1357.4000244140625,1357.4000244140625,28639
2026-06-18 14:45:00+05:30,1357.199951171875,1359.0999755859375,1356.699951171875,1358.0999755859375,74131
2026-06-18 14:50:00+05:30,1358.4000244140625,1359.0999755859375,1357.0,1357.199951171875,57282
2026-06-18 14:55:00+05:30,1360.300048828125,1360.300048828125,1357.9000244140625,1358.5,43877
2026-06-18 15:00:00+05:30,1360.0999755859375,1361.5999755859375,1357.800048828125,1360.199951171875,312428
2026-06-18 15:05:00+05:30,1360.9000244140625,1361.0,1360.0,1360.300048828125,177161
2026-06-18 15:10:00+05:30,1360.5999755859375,1361.800048828125,1359.300048828125,1361.0,245186
2026-06-18 15:15:00+05:30,1360.0,1361.0,1359.699951171875,1361.0,172307
2026-06-18 15:20:00+05:30,1360.699951171875,1361.0,1358.699951171875,1360.0,294464
2026-06-18 15:25:00+05:30,1359.800048828125,1360.9000244140625,1359.0,1360.800048828125,118519
2026-06-19 09:15:00+05:30,1359.9000244140625,1362.800048828125,1357.5,1359.0,0
2026-06-19 09:20:00+05:30,1356.4000244140625,1359.5,1356.0999755859375,1359.5,31272
2026-06-19 09:25:00+05:30,1355.9000244140625,1358.0999755859375,1355.699951171875,1356.5,41850
2026-06-19 09:30:00+05:30,1355.0,1356.0,1354.0,1355.9000244140625,62562
2026-06-19 09:35:00+05:30,1355.800048828125,1356.9000244140625,1354.5999755859375,1354.9000244140625,42490
2026-06-19 09:40:00+05:30,1356.4000244140625,1356.4000244140625,1355.0999755859375,1356.0999755859375,71114
2026-06-19 09:45:00+05:30,1357.4000244140625,1357.800048828125,1355.9000244140625,1356.0,24068
2026-06-19 09:50:00+05:30,1355.800048828125,1357.800048828125,1355.5,1357.800048828125,43057
2026-06-19 09:55:00+05:30,1355.699951171875,1356.0,1355.5,1355.800048828125,23973
2026-06-19 10:00:00+05:30,1355.0,1355.9000244140625,1353.9000244140625,1355.699951171875,48801
2026-06-19 10:05:00+05:30,1354.5,1355.0,1354.4000244140625,1355.0,31681
2026-06-19 10:10:00+05:30,1354.0999755859375,1354.5,1353.199951171875,1354.5,58009
2026-06-19 10:15:00+05:30,1354.199951171875,1354.5,1353.699951171875,1353.9000244140625,15045
2026-06-19 10:20:00+05:30,1354.199951171875,1354.5,1352.699951171875,1354.4000244140625,26028
2026-06-19 10:25:00+05:30,1353.5,1355.4000244140625,1353.199951171875,1354.199951171875,111241
2026-06-19 10:30:00+05:30,1353.0,1353.9000244140625,1352.5,1353.300048828125,19327
2026-06-19 10:35:00+05:30,1352.800048828125,1353.9000244140625,1352.800048828125,1353.199951171875,31376
2026-06-19 10:40:00+05:30,1353.300048828125,1353.300048828125,1352.4000244140625,1352.9000244140625,12042
2026-06-19 10:45:00+05:30,1352.0,1353.199951171875,1351.5,1353.0999755859375,21869
2026-06-19 10:50:00+05:30,1352.199951171875,1353.0,1351.9000244140625,1352.0,22464
2026-06-19 10:55:00+05:30,1352.800048828125,1353.0999755859375,1352.199951171875,1352.5999755859375,17043
2026-06-19 11:00:00+05:30,1351.699951171875,1352.5999755859375,1351.5999755859375,1352.5,11772
2026-06-19 11:05:00+05:30,1352.800048828125,1353.0,1351.0999755859375,1351.800048828125,23234
2026-06-19 11:10:00+05:30,1353.300048828125,1354.0,1352.5,1352.9000244140625,18773
2026-06-19 11:15:00+05:30,1353.300048828125,1354.199951171875,1352.9000244140625,1353.9000244140625,20183
2026-06-19 11:20:00+05:30,1352.0,1353.4000244140625,1351.199951171875,1353.4000244140625,20902
2026-06-19 11:25:00+05:30,1353.0999755859375,1353.5999755859375,1352.0,1352.0,8741
2026-06-19 11:30:00+05:30,1352.5999755859375,1353.0,1351.5999755859375,1352.800048828125,18748
2026-06-19 11:35:00+05:30,1351.9000244140625,1353.300048828125,1351.300048828125,1352.5999755859375,41226
2026-06-19 11:40:00+05:30,1351.699951171875,1353.0,1351.0,1351.699951171875,38999
2026-06-19 11:45:00+05:30,1351.9000244140625,1352.199951171875,1351.4000244140625,1351.699951171875,13368
2026-06-19 11:50:00+05:30,1351.4000244140625,1352.5,1351.199951171875,1351.9000244140625,17615
2026-06-19 11:55:00+05:30,1351.800048828125,1352.4000244140625,1351.300048828125,1351.5999755859375,7203
2026-06-19 12:00:00+05:30,1351.0,1352.300048828125,1350.9000244140625,1351.800048828125,12348
2026-06-19 12:05:00+05:30,1350.5999755859375,1351.199951171875,1350.5,1351.0999755859375,6659
2026-06-19 12:10:00+05:30,1350.9000244140625,1351.0,1350.5999755859375,1350.5999755859375,8550
2026-06-19 12:15:00+05:30,1351.9000244140625,1352.0999755859375,1350.800048828125,1351.0,15544
2026-06-19 12:20:00+05:30,1353.9000244140625,1354.199951171875,1351.699951171875,1352.0,20720
2026-06-19 12:25:00+05:30,1353.5,1354.5,1352.800048828125,1353.9000244140625,38002
2026-06-19 12:30:00+05:30,1355.0,1355.9000244140625,1353.5,1353.5999755859375,77948
2026-06-19 12:35:00+05:30,1353.699951171875,1355.0999755859375,1353.699951171875,1355.0999755859375,34721
2026-06-19 12:40:00+05:30,1352.800048828125,1354.0999755859375,1351.0,1354.0999755859375,23031
2026-06-19 12:45:00+05:30,1352.199951171875,1353.5,1352.0999755859375,1352.800048828125,7102
2026-06-19 12:50:00+05:30,1351.5999755859375,1352.800048828125,1351.5,1352.0999755859375,7201
2026-06-19 12:55:00+05:30,1351.5999755859375,1352.0,1351.0,1351.5999755859375,15053
2026-06-19 13:00:00+05:30,1352.199951171875,1352.699951171875,1351.5,1351.800048828125,7287
2026-06-19 13:05:00+05:30,1354.4000244140625,1355.0,1351.800048828125,1351.800048828125,37564
2026-06-19 13:10:00+05:30,1355.0,1355.0999755859375,1354.0,1354.0999755859375,12398
2026-06-19 13:15:00+05:30,1354.4000244140625,1355.0999755859375,1354.4000244140625,1355.0,11247
2026-06-19 13:20:00+05:30,1353.5999755859375,1354.800048828125,1353.300048828125,1354.5999755859375,12429
2026-06-19 13:25:00+05:30,1353.9000244140625,1354.0,1353.4000244140625,1353.699951171875,21872
2026-06-19 13:30:00+05:30,1354.0,1354.5999755859375,1353.699951171875,1354.0,44352
2026-06-19 13:35:00+05:30,1355.5999755859375,1356.0,1353.800048828125,1353.9000244140625,114504
2026-06-19 13:40:00+05:30,1354.800048828125,1356.0,1354.0999755859375,1355.699951171875,22069
2026-06-19 13:45:00+05:30,1353.699951171875,1355.300048828125,1353.0,1354.9000244140625,21572
2026-06-19 13:50:00+05:30,1353.4000244140625,1354.300048828125,1353.4000244140625,1354.0,9661
2026-06-19 13:55:00+05:30,1354.0,1354.0999755859375,1352.9000244140625,1353.5,32199
2026-06-19 14:00:00+05:30,1354.0,1354.5999755859375,1353.699951171875,1354.5,88409
2026-06-19 14:05:00+05:30,1353.800048828125,1354.5999755859375,1353.0999755859375,1354.0,171072
2026-06-19 14:10:00+05:30,1354.199951171875,1354.5999755859375,1353.699951171875,1354.0,82039
2026-06-19 14:15:00+05:30,1353.9000244140625,1354.5,1353.800048828125,1354.0,42713
2026-06-19 14:20:00+05:30,1355.5,1356.199951171875,1353.800048828125,1354.0999755859375,40760
2026-06-19 14:25:00+05:30,1357.5,1357.9000244140625,1355.0999755859375,1355.5999755859375,31766
2026-06-19 14:30:00+05:30,1357.800048828125,1358.9000244140625,1357.199951171875,1357.4000244140625,48093
2026-06-19 14:35:00+05:30,1358.699951171875,1359.0,1357.9000244140625,1358.300048828125,23834
2026-06-19 14:40:00+05:30,1357.0,1358.300048828125,1356.699951171875,1358.300048828125,13192
2026-06-19 14:45:00+05:30,1357.4000244140625,1358.199951171875,1356.0999755859375,1357.0,51171
2026-06-19 14:50:00+05:30,1355.5999755859375,1357.9000244140625,1355.199951171875,1357.4000244140625,201257
2026-06-19 14:55:00+05:30,1354.5,1355.5999755859375,1354.0999755859375,1355.5,43292
2026-06-19 15:00:00+05:30,1359.300048828125,1359.5,1353.5999755859375,1354.4000244140625,344028
2026-06-19 15:05:00+05:30,1358.5999755859375,1360.0,1358.300048828125,1359.4000244140625,262293
2026-06-19 15:10:00+05:30,1358.5,1360.0,1357.199951171875,1358.699951171875,236396
2026-06-19 15:15:00+05:30,1357.800048828125,1358.800048828125,1356.5999755859375,1358.5999755859375,286310
2026-06-19 15:20:00+05:30,1358.300048828125,1359.800048828125,1356.300048828125,1357.9000244140625,479082
2026-06-19 15:25:00+05:30,1357.9000244140625,1361.0,1355.5999755859375,1358.300048828125,377316
2026-06-22 09:15:00+05:30,1358.5999755859375,1361.0,1358.199951171875,1358.4000244140625,0
2026-06-22 09:20:00+05:30,1361.0,1361.0999755859375,1359.4000244140625,1359.4000244140625,37962
2026-06-22 09:25:00+05:30,1361.0,1361.0,1359.4000244140625,1361.0,14431
2026-06-22 09:30:00+05:30,1360.0999755859375,1361.0,1358.699951171875,1361.0,26277
2026-06-22 09:35:00+05:30,1360.4000244140625,1361.0,1359.9000244140625,1360.699951171875,27917
2026-06-22 09:40:00+05:30,1359.699951171875,1361.0,1358.800048828125,1360.800048828125,31707
2026-06-22 09:45:00+05:30,1360.9000244140625,1361.0,1359.5,1359.5,19853
2026-06-22 09:50:00+05:30,1360.800048828125,1361.0,1360.0999755859375,1360.9000244140625,11660
2026-06-22 09:55:00+05:30,1360.9000244140625,1361.0,1359.800048828125,1360.5999755859375,45537
2026-06-22 10:00:00+05:30,1360.5,1361.0,1359.199951171875,1361.0,14669
2026-06-22 10:05:00+05:30,1360.699951171875,1360.9000244140625,1359.9000244140625,1360.0999755859375,4842
2026-06-22 10:10:00+05:30,1360.0,1361.0,1359.5999755859375,1360.4000244140625,8483
2026-06-22 10:15:00+05:30,1360.0,1360.5,1359.5,1360.4000244140625,9067
2026-06-22 10:20:00+05:30,1360.0999755859375,1361.0,1360.0,1360.0,12908
2026-06-22 10:25:00+05:30,1360.9000244140625,1361.0,1360.0,1360.5,15677
2026-06-22 10:30:00+05:30,1362.5999755859375,1363.800048828125,1360.9000244140625,1360.9000244140625,169460
2026-06-22 10:35:00+05:30,1364.800048828125,1364.800048828125,1362.5,1362.800048828125,138023
2026-06-22 10:40:00+05:30,1364.0,1365.0,1363.5999755859375,1364.800048828125,32787
2026-06-22 10:45:00+05:30,1364.9000244140625,1364.9000244140625,1363.4000244140625,1363.4000244140625,17785
2026-06-22 10:50:00+05:30,1364.0999755859375,1366.0,1363.9000244140625,1364.5999755859375,39468
2026-06-22 10:55:00+05:30,1365.0,1365.5,1364.0,1364.5,12552
2026-06-22 11:00:00+05:30,1362.300048828125,1365.4000244140625,1361.699951171875,1365.0999755859375,32416
2026-06-22 11:05:00+05:30,1362.800048828125,1363.4000244140625,1362.0,1362.300048828125,18607
2026-06-22 11:10:00+05:30,1362.4000244140625,1363.0,1362.0999755859375,1363.0,12167
2026-06-22 11:15:00+05:30,1362.4000244140625,1362.800048828125,1361.5,1362.5999755859375,18539
2026-06-22 11:20:00+05:30,1364.9000244140625,1364.9000244140625,1362.199951171875,1362.5,24956
2026-06-22 11:25:00+05:30,1363.199951171875,1364.9000244140625,1363.199951171875,1364.9000244140625,53746
2026-06-22 11:30:00+05:30,1363.300048828125,1364.0,1363.0999755859375,1363.800048828125,12420
2026-06-22 11:35:00+05:30,1362.9000244140625,1364.199951171875,1362.5,1363.9000244140625,11870
2026-06-22 11:40:00+05:30,1361.9000244140625,1363.199951171875,1361.5,1363.0,9600
2026-06-22 11:45:00+05:30,1360.9000244140625,1362.0,1360.5999755859375,1362.0,29992
2026-06-22 11:50:00+05:30,1360.0,1361.0,1359.800048828125,1361.0,10141
2026-06-22 11:55:00+05:30,1360.699951171875,1360.800048828125,1359.0,1360.0,15019
2026-06-22 12:00:00+05:30,1360.800048828125,1360.800048828125,1360.0999755859375,1360.800048828125,12010
2026-06-22 12:05:00+05:30,1362.0,1364.0,1360.699951171875,1360.800048828125,28508
2026-06-22 12:10:00+05:30,1361.699951171875,1362.199951171875,1361.300048828125,1362.199951171875,85471
2026-06-22 12:15:00+05:30,1362.0,1362.0,1361.5999755859375,1362.0,65880
2026-06-22 12:20:00+05:30,1362.4000244140625,1362.5999755859375,1361.9000244140625,1362.0,14878
2026-06-22 12:25:00+05:30,1362.0999755859375,1362.5999755859375,1361.800048828125,1362.4000244140625,27879
2026-06-22 12:30:00+05:30,1362.0999755859375,1362.5,1361.0,1362.0999755859375,52551
2026-06-22 12:35:00+05:30,1362.0999755859375,1362.199951171875,1361.800048828125,1362.199951171875,21789
2026-06-22 12:40:00+05:30,1362.0,1362.0,1361.5,1362.0,18474
2026-06-22 12:45:00+05:30,1361.199951171875,1362.0,1360.199951171875,1362.0,30577
2026-06-22 12:50:00+05:30,1362.0,1362.0,1361.0999755859375,1361.199951171875,25125
2026-06-22 12:55:00+05:30,1361.4000244140625,1362.0,1360.5,1361.9000244140625,16987
2026-06-22 13:00:00+05:30,1360.4000244140625,1361.4000244140625,1360.4000244140625,1361.4000244140625,21965
2026-06-22 13:05:00+05:30,1359.0999755859375,1360.800048828125,1358.800048828125,1360.800048828125,30358
2026-06-22 13:10:00+05:30,1360.0,1360.4000244140625,1358.800048828125,1359.0999755859375,13943
2026-06-22 13:15:00+05:30,1360.5,1361.0,1359.9000244140625,1360.199951171875,18364
2026-06-22 13:20:00+05:30,1360.4000244140625,1361.0,1359.699951171875,1360.5,16503
2026-06-22 13:25:00+05:30,1359.4000244140625,1360.800048828125,1359.300048828125,1360.300048828125,20809
2026-06-22 13:30:00+05:30,1359.5,1360.199951171875,1359.199951171875,1359.5999755859375,23977
2026-06-22 13:35:00+05:30,1359.199951171875,1360.0,1359.0,1359.9000244140625,17777
2026-06-22 13:40:00+05:30,1359.699951171875,1360.0,1357.800048828125,1359.300048828125,66181
2026-06-22 13:45:00+05:30,1359.300048828125,1359.9000244140625,1358.9000244140625,1359.699951171875,15046
2026-06-22 13:50:00+05:30,1359.5999755859375,1360.0,1359.0999755859375,1359.4000244140625,27644
2026-06-22 13:55:00+05:30,1359.699951171875,1360.0,1358.5999755859375,1359.5,41749
2026-06-22 14:00:00+05:30,1359.9000244140625,1360.0,1359.0999755859375,1359.0999755859375,37302
2026-06-22 14:05:00+05:30,1360.0,1360.0,1359.4000244140625,1360.0,19972
2026-06-22 14:10:00+05:30,1357.5999755859375,1360.0,1357.5,1359.9000244140625,25191
2026-06-22 14:15:00+05:30,1358.5,1359.0999755859375,1357.300048828125,1358.199951171875,28230
2026-06-22 14:20:00+05:30,1359.9000244140625,1359.9000244140625,1358.300048828125,1358.5999755859375,16728
2026-06-22 14:25:00+05:30,1361.0,1362.300048828125,1359.0,1359.5999755859375,540880
2026-06-22 14:30:00+05:30,1360.699951171875,1361.0,1360.199951171875,1361.0,89148
2026-06-22 14:35:00+05:30,1361.300048828125,1361.800048828125,1360.699951171875,1360.800048828125,33339
2026-06-22 14:40:00+05:30,1360.9000244140625,1361.5,1360.5999755859375,1361.199951171875,27447
2026-06-22 14:45:00+05:30,1361.0999755859375,1361.9000244140625,1360.5,1360.9000244140625,47110
2026-06-22 14:50:00+05:30,1361.0,1361.9000244140625,1360.699951171875,1361.0,28162
2026-06-22 14:55:00+05:30,1361.800048828125,1362.5,1360.699951171875,1361.0,39253
2026-06-22 15:00:00+05:30,1359.4000244140625,1362.0999755859375,1358.9000244140625,1361.800048828125,60737
2026-06-22 15:05:00+05:30,1358.5999755859375,1360.0,1356.5999755859375,1359.5,142920
2026-06-22 15:10:00+05:30,1358.5999755859375,1359.5,1358.5,1358.5999755859375,60219
2026-06-22 15:15:00+05:30,1358.0,1359.0,1357.4000244140625,1358.5,64445
2026-06-22 15:20:00+05:30,1357.300048828125,1358.699951171875,1357.300048828125,1358.4000244140625,46992
2026-06-22 15:25:00+05:30,1358.5999755859375,1359.800048828125,1356.5999755859375,1357.5999755859375,73722
2026-06-23 09:15:00+05:30,1359.0999755859375,1361.4000244140625,1357.199951171875,1360.199951171875,0
2026-06-23 09:20:00+05:30,1361.0,1361.4000244140625,1359.0999755859375,1359.0999755859375,37011
2026-06-23 09:25:00+05:30,1362.5,1362.800048828125,1361.0,1361.4000244140625,34448
2026-06-23 09:30:00+05:30,1361.9000244140625,1362.4000244140625,1361.800048828125,1362.300048828125,26182
2026-06-23 09:35:00+05:30,1366.199951171875,1366.5999755859375,1361.800048828125,1362.0,131476
2026-06-23 09:40:00+05:30,1366.0,1367.0999755859375,1364.800048828125,1367.0999755859375,88271
2026-06-23 09:45:00+05:30,1364.5,1366.0,1364.0999755859375,1366.0,46247
2026-06-23 09:50:00+05:30,1363.5,1364.5,1363.4000244140625,1364.4000244140625,47591
2026-06-23 09:55:00+05:30,1363.5,1363.800048828125,1362.800048828125,1363.800048828125,21732
2026-06-23 10:00:00+05:30,1364.0,1364.0,1362.300048828125,1363.5,25826
2026-06-23 10:05:00+05:30,1364.800048828125,1365.0,1363.0,1363.5999755859375,87861
2026-06-23 10:10:00+05:30,1364.300048828125,1365.0,1364.199951171875,1365.0,21090
2026-06-23 10:15:00+05:30,1363.9000244140625,1365.0,1363.5,1364.9000244140625,38644
2026-06-23 10:20:00+05:30,1363.699951171875,1364.0,1362.800048828125,1364.0,13195
2026-06-23 10:25:00+05:30,1364.800048828125,1364.800048828125,1363.300048828125,1363.800048828125,44271
2026-06-23 10:30:00+05:30,1364.800048828125,1365.300048828125,1363.300048828125,1364.800048828125,97460
2026-06-23 10:35:00+05:30,1365.5999755859375,1366.0999755859375,1364.800048828125,1365.0,33821
2026-06-23 10:40:00+05:30,1366.0,1367.0,1365.300048828125,1365.5,44488
2026-06-23 10:45:00+05:30,1366.800048828125,1367.800048828125,1365.5,1365.800048828125,52702
2026-06-23 10:50:00+05:30,1368.0,1368.5,1366.199951171875,1367.0,36829
2026-06-23 10:55:00+05:30,1366.9000244140625,1368.9000244140625,1366.5999755859375,1368.0999755859375,27953
2026-06-23 11:00:00+05:30,1367.5,1368.4000244140625,1365.5,1367.0,70888
2026-06-23 11:05:00+05:30,1368.699951171875,1369.800048828125,1367.5,1367.5,36136
2026-06-23 11:10:00+05:30,1370.9000244140625,1371.5,1368.300048828125,1368.699951171875,55088
2026-06-23 11:15:00+05:30,1370.0999755859375,1371.5999755859375,1369.9000244140625,1371.0999755859375,48894
2026-06-23 11:20:00+05:30,1370.300048828125,1370.5999755859375,1369.5,1370.300048828125,30803
2026-06-23 11:25:00+05:30,1369.800048828125,1370.5,1369.800048828125,1370.199951171875,17145
2026-06-23 11:30:00+05:30,1368.4000244140625,1370.0,1368.0,1369.9000244140625,20224
2026-06-23 11:35:00+05:30,1368.5999755859375,1370.0,1367.800048828125,1368.4000244140625,37484
2026-06-23 11:40:00+05:30,1367.0,1368.800048828125,1365.800048828125,1368.4000244140625,28777
2026-06-23 11:45:00+05:30,1362.800048828125,1366.800048828125,1362.699951171875,1366.800048828125,34084
2026-06-23 11:50:00+05:30,1363.699951171875,1365.0999755859375,1362.199951171875,1363.0,54240
2026-06-23 11:55:00+05:30,1362.4000244140625,1364.0,1361.9000244140625,1363.699951171875,26300
2026-06-23 12:00:00+05:30,1361.0999755859375,1362.699951171875,1360.5999755859375,1361.5999755859375,29528
2026-06-23 12:05:00+05:30,1361.199951171875,1362.300048828125,1360.0999755859375,1361.4000244140625,40099
2026-06-23 12:10:00+05:30,1361.199951171875,1361.5999755859375,1359.800048828125,1360.9000244140625,46174
2026-06-23 12:15:00+05:30,1361.0,1361.9000244140625,1360.5999755859375,1361.0999755859375,44443
2026-06-23 12:20:00+05:30,1357.0999755859375,1361.0,1356.5,1361.0,63806
2026-06-23 12:25:00+05:30,1360.4000244140625,1360.9000244140625,1357.0999755859375,1357.5,34395
2026-06-23 12:30:00+05:30,1360.0,1360.699951171875,1359.5,1360.4000244140625,15553
2026-06-23 12:35:00+05:30,1360.199951171875,1361.0,1359.5999755859375,1359.9000244140625,34515
2026-06-23 12:40:00+05:30,1361.0,1361.800048828125,1360.199951171875,1360.199951171875,32032
2026-06-23 12:45:00+05:30,1358.199951171875,1361.0,1357.9000244140625,1361.0,39614
2026-06-23 12:50:00+05:30,1359.0,1359.4000244140625,1358.199951171875,1358.199951171875,13484
2026-06-23 12:55:00+05:30,1359.5999755859375,1360.0999755859375,1358.5999755859375,1359.199951171875,21645
2026-06-23 13:00:00+05:30,1359.5999755859375,1359.800048828125,1358.4000244140625,1359.5999755859375,16594
2026-06-23 13:05:00+05:30,1361.0,1361.0,1359.300048828125,1359.5999755859375,51719
2026-06-23 13:10:00+05:30,1359.800048828125,1361.0,1359.800048828125,1360.699951171875,23308
2026-06-23 13:15:00+05:30,1359.4000244140625,1360.0999755859375,1358.5999755859375,1359.699951171875,18730
2026-06-23 13:20:00+05:30,1358.5999755859375,1360.0999755859375,1358.0,1359.0,25115
2026-06-23 13:25:00+05:30,1360.5,1360.5999755859375,1357.9000244140625,1359.0,25329
2026-06-23 13:30:00+05:30,1356.9000244140625,1360.4000244140625,1356.9000244140625,1360.199951171875,41917
2026-06-23 13:35:00+05:30,1360.800048828125,1361.4000244140625,1356.0999755859375,1357.0999755859375,406905
2026-06-23 13:40:00+05:30,1361.800048828125,1362.199951171875,1360.199951171875,1360.800048828125,79648
2026-06-23 13:45:00+05:30,1363.0,1363.5,1361.4000244140625,1361.9000244140625,41832
2026-06-23 13:50:00+05:30,1361.9000244140625,1362.800048828125,1360.0,1362.800048828125,72582
2026-06-23 13:55:00+05:30,1361.199951171875,1362.199951171875,1360.5,1362.199951171875,47548
2026-06-23 14:00:00+05:30,1364.300048828125,1364.300048828125,1361.0,1361.699951171875,56413
2026-06-23 14:05:00+05:30,1365.5999755859375,1366.0,1364.0999755859375,1364.5999755859375,53304
2026-06-23 14:10:00+05:30,1366.0,1366.300048828125,1364.9000244140625,1365.5999755859375,44067
2026-06-23 14:15:00+05:30,1368.199951171875,1370.4000244140625,1365.5999755859375,1365.5999755859375,357012
2026-06-23 14:20:00+05:30,1368.699951171875,1369.9000244140625,1367.800048828125,1368.0,111193
2026-06-23 14:25:00+05:30,1369.4000244140625,1370.0,1367.4000244140625,1368.699951171875,121020
2026-06-23 14:30:00+05:30,1370.5999755859375,1370.699951171875,1369.4000244140625,1369.4000244140625,78807
2026-06-23 14:35:00+05:30,1368.9000244140625,1370.5,1368.699951171875,1370.5,148482
2026-06-23 14:40:00+05:30,1370.0999755859375,1370.5,1367.9000244140625,1368.9000244140625,125289
2026-06-23 14:45:00+05:30,1369.4000244140625,1370.5999755859375,1368.9000244140625,1370.0,173184
2026-06-23 14:50:00+05:30,1369.300048828125,1370.199951171875,1368.199951171875,1369.800048828125,144954
2026-06-23 14:55:00+05:30,1369.5,1371.4000244140625,1369.0999755859375,1369.5,150899
2026-06-23 15:00:00+05:30,1365.0999755859375,1370.0,1363.300048828125,1370.0,270967
2026-06-23 15:05:00+05:30,1364.4000244140625,1366.0999755859375,1364.199951171875,1365.0999755859375,265618
2026-06-23 15:10:00+05:30,1363.0999755859375,1366.9000244140625,1362.0999755859375,1364.5,321319
2026-06-23 15:15:00+05:30,1361.0,1363.0999755859375,1359.5,1363.0999755859375,161331
2026-06-23 15:20:00+05:30,1360.4000244140625,1363.0,1360.4000244140625,1360.9000244140625,234646
2026-06-23 15:25:00+05:30,1363.5,1363.5,1357.199951171875,1360.4000244140625,124455
2026-06-24 09:15:00+05:30,1363.0999755859375,1364.300048828125,1357.4000244140625,1361.0,0
2026-06-24 09:20:00+05:30,1365.5,1365.5,1362.800048828125,1363.4000244140625,43893
2026-06-24 09:25:00+05:30,1367.800048828125,1368.0,1364.800048828125,1366.0,39872
2026-06-24 09:30:00+05:30,1368.300048828125,1370.4000244140625,1367.5,1368.0,119271
2026-06-24 09:35:00+05:30,1370.0,1370.0,1367.0,1368.300048828125,92778
2026-06-24 09:40:00+05:30,1370.4000244140625,1371.199951171875,1368.199951171875,1371.0999755859375,57422
2026-06-24 09:45:00+05:30,1366.699951171875,1370.5999755859375,1366.4000244140625,1370.0,65747
2026-06-24 09:50:00+05:30,1363.0,1366.5,1362.300048828125,1365.5999755859375,64490
2026-06-24 09:55:00+05:30,1363.300048828125,1364.4000244140625,1361.5999755859375,1362.9000244140625,63016
2026-06-24 10:00:00+05:30,1366.5999755859375,1368.0,1363.0,1363.300048828125,47102
2026-06-24 10:05:00+05:30,1368.0,1368.0,1365.5,1366.4000244140625,31069
2026-06-24 10:10:00+05:30,1370.0999755859375,1370.5999755859375,1366.9000244140625,1368.0,60591
2026-06-24 10:15:00+05:30,1370.0,1372.0,1369.0,1370.0999755859375,50791
2026-06-24 10:20:00+05:30,1371.0999755859375,1371.5,1369.800048828125,1370.0,36134
2026-06-24 10:25:00+05:30,1370.199951171875,1372.0,1370.0,1371.199951171875,40614
2026-06-24 10:30:00+05:30,1372.0999755859375,1372.699951171875,1370.699951171875,1370.699951171875,34841
2026-06-24 10:35:00+05:30,1371.800048828125,1372.9000244140625,1371.0,1372.0999755859375,56920
2026-06-24 10:40:00+05:30,1372.300048828125,1372.800048828125,1371.0,1372.0,74158
2026-06-24 10:45:00+05:30,1371.699951171875,1374.0,1371.300048828125,1372.199951171875,72677
2026-06-24 10:50:00+05:30,1372.300048828125,1372.300048828125,1371.0,1371.800048828125,126746
2026-06-24 10:55:00+05:30,1373.4000244140625,1374.800048828125,1371.0,1372.5,70103
2026-06-24 11:00:00+05:30,1379.300048828125,1379.5,1373.5,1373.5,536561
2026-06-24 11:05:00+05:30,1382.0,1382.300048828125,1378.5999755859375,1378.5999755859375,400223
2026-06-24 11:10:00+05:30,1381.699951171875,1382.4000244140625,1380.0,1382.0,187867
2026-06-24 11:15:00+05:30,1379.0,1381.699951171875,1376.9000244140625,1381.699951171875,128489
2026-06-24 11:20:00+05:30,1379.4000244140625,1379.5,1377.5999755859375,1378.800048828125,144147
2026-06-24 11:25:00+05:30,1380.5,1381.5,1379.0999755859375,1379.4000244140625,111522
2026-06-24 11:30:00+05:30,1381.5999755859375,1381.800048828125,1380.5999755859375,1380.699951171875,51432
2026-06-24 11:35:00+05:30,1380.0,1381.5999755859375,1377.9000244140625,1381.5999755859375,76394
2026-06-24 11:40:00+05:30,1379.800048828125,1380.300048828125,1378.4000244140625,1380.0,39739
2026-06-24 11:45:00+05:30,1380.0,1380.300048828125,1378.800048828125,1379.800048828125,40860
2026-06-24 11:50:00+05:30,1379.699951171875,1381.0,1379.5999755859375,1380.0,78182
2026-06-24 11:55:00+05:30,1380.699951171875,1381.0,1379.699951171875,1379.699951171875,53399
2026-06-24 12:00:00+05:30,1381.5,1382.0,1379.9000244140625,1380.800048828125,73952
2026-06-24 12:05:00+05:30,1380.0,1381.699951171875,1379.800048828125,1381.199951171875,58110
2026-06-24 12:10:00+05:30,1377.800048828125,1380.699951171875,1377.0,1380.0,81392
2026-06-24 12:15:00+05:30,1379.199951171875,1379.4000244140625,1377.4000244140625,1377.4000244140625,47851
2026-06-24 12:20:00+05:30,1379.0999755859375,1379.5,1378.199951171875,1378.5,62160
2026-06-24 12:25:00+05:30,1378.0999755859375,1379.300048828125,1377.300048828125,1379.0999755859375,59984
2026-06-24 12:30:00+05:30,1376.0999755859375,1378.699951171875,1374.9000244140625,1378.199951171875,94617
2026-06-24 12:35:00+05:30,1377.9000244140625,1378.300048828125,1374.800048828125,1376.199951171875,84501
2026-06-24 12:40:00+05:30,1381.699951171875,1381.699951171875,1378.0,1378.199951171875,55752
2026-06-24 12:45:00+05:30,1381.4000244140625,1381.9000244140625,1381.0,1381.800048828125,51916
2026-06-24 12:50:00+05:30,1381.4000244140625,1381.800048828125,1380.800048828125,1381.0999755859375,48255
2026-06-24 12:55:00+05:30,1381.5,1381.800048828125,1381.0,1381.5,44249
2026-06-24 13:00:00+05:30,1379.800048828125,1381.5,1379.199951171875,1381.5,59814
2026-06-24 13:05:00+05:30,1380.0,1380.5,1379.0,1380.300048828125,51781
2026-06-24 13:10:00+05:30,1379.800048828125,1380.199951171875,1378.699951171875,1380.0999755859375,62581
2026-06-24 13:15:00+05:30,1380.9000244140625,1381.5,1379.5,1379.800048828125,60260
2026-06-24 13:20:00+05:30,1380.199951171875,1381.5,1380.0,1380.9000244140625,35930
2026-06-24 13:25:00+05:30,1381.0,1381.800048828125,1379.300048828125,1380.199951171875,52808
2026-06-24 13:30:00+05:30,1382.699951171875,1383.0,1381.0,1381.0,63808
2026-06-24 13:35:00+05:30,1383.699951171875,1385.0,1382.0,1382.699951171875,121179
2026-06-24 13:40:00+05:30,1382.199951171875,1384.0,1381.9000244140625,1383.699951171875,80218
2026-06-24 13:45:00+05:30,1383.4000244140625,1384.0999755859375,1382.199951171875,1382.4000244140625,57671
2026-06-24 13:50:00+05:30,1382.0,1383.699951171875,1381.699951171875,1383.0999755859375,69970
2026-06-24 13:55:00+05:30,1380.0,1382.0,1379.0999755859375,1382.0,54578
2026-06-24 14:00:00+05:30,1379.0999755859375,1380.0999755859375,1378.800048828125,1380.0999755859375,100633
2026-06-24 14:05:00+05:30,1378.800048828125,1379.300048828125,1377.5999755859375,1379.0999755859375,78504
2026-06-24 14:10:00+05:30,1378.0999755859375,1379.300048828125,1377.800048828125,1378.5,58315
2026-06-24 14:15:00+05:30,1378.4000244140625,1378.800048828125,1377.9000244140625,1378.199951171875,62523
2026-06-24 14:20:00+05:30,1378.5999755859375,1379.5999755859375,1377.800048828125,1378.9000244140625,72518
2026-06-24 14:25:00+05:30,1377.4000244140625,1379.0,1377.199951171875,1378.800048828125,66986
2026-06-24 14:30:00+05:30,1378.0,1379.0,1377.0,1377.199951171875,85725
2026-06-24 14:35:00+05:30,1377.0999755859375,1378.5,1376.5999755859375,1378.0,71400
2026-06-24 14:40:00+05:30,1378.5,1379.699951171875,1377.0999755859375,1377.4000244140625,164103
2026-06-24 14:45:00+05:30,1378.800048828125,1379.199951171875,1378.4000244140625,1378.800048828125,491616
2026-06-24 14:50:00+05:30,1382.4000244140625,1382.4000244140625,1378.699951171875,1378.800048828125,169642
2026-06-24 14:55:00+05:30,1381.9000244140625,1382.5,1380.5999755859375,1382.0999755859375,159749
2026-06-24 15:00:00+05:30,1385.699951171875,1385.9000244140625,1380.9000244140625,1381.800048828125,525155
2026-06-24 15:05:00+05:30,1385.5999755859375,1385.9000244140625,1384.800048828125,1385.800048828125,350548
2026-06-24 15:10:00+05:30,1385.0999755859375,1385.5999755859375,1383.9000244140625,1385.300048828125,383798
2026-06-24 15:15:00+05:30,1383.5,1385.0,1383.4000244140625,1385.0,227039
2026-06-24 15:20:00+05:30,1383.5,1385.0,1383.199951171875,1383.5,241952
2026-06-24 15:25:00+05:30,1384.5,1384.9000244140625,1382.4000244140625,1383.5,172014
2026-06-25 09:15:00+05:30,1387.4000244140625,1389.4000244140625,1383.0,1386.0999755859375,0
2026-06-25 09:20:00+05:30,1389.5,1390.5,1386.4000244140625,1387.9000244140625,96999
2026-06-25 09:25:00+05:30,1388.5999755859375,1390.800048828125,1388.5999755859375,1389.5,177150
2026-06-25 09:30:00+05:30,1389.699951171875,1390.0,1387.5999755859375,1388.9000244140625,56535
2026-06-25 09:35:00+05:30,1388.800048828125,1389.9000244140625,1388.300048828125,1389.9000244140625,36484
2026-06-25 09:40:00+05:30,1387.5,1388.9000244140625,1387.4000244140625,1388.699951171875,26327
2026-06-25 09:45:00+05:30,1387.300048828125,1388.0,1386.5,1387.4000244140625,44141
2026-06-25 09:50:00+05:30,1389.300048828125,1391.0,1386.800048828125,1387.0,69010
2026-06-25 09:55:00+05:30,1392.199951171875,1395.4000244140625,1388.800048828125,1389.300048828125,750900
2026-06-25 10:00:00+05:30,1393.9000244140625,1394.199951171875,1391.800048828125,1392.199951171875,116320
2026-06-25 10:05:00+05:30,1395.0,1395.300048828125,1392.9000244140625,1394.0,115174
2026-06-25 10:10:00+05:30,1395.9000244140625,1396.0,1395.0,1395.0,102391
2026-06-25 10:15:00+05:30,1396.199951171875,1400.0999755859375,1395.0999755859375,1395.5,639255
2026-06-25 10:20:00+05:30,1394.300048828125,1396.199951171875,1392.800048828125,1396.199951171875,58194
2026-06-25 10:25:00+05:30,1391.699951171875,1395.5999755859375,1391.300048828125,1394.800048828125,65603
2026-06-25 10:30:00+05:30,1390.9000244140625,1393.5999755859375,1390.5,1391.699951171875,67931
2026-06-25 10:35:00+05:30,1389.5999755859375,1391.699951171875,1389.5999755859375,1391.0999755859375,50056
2026-06-25 10:40:00+05:30,1388.199951171875,1390.199951171875,1388.0,1389.5999755859375,85404
2026-06-25 10:45:00+05:30,1389.300048828125,1389.9000244140625,1388.0,1388.699951171875,63659
2026-06-25 10:50:00+05:30,1387.0,1389.699951171875,1386.5999755859375,1389.699951171875,107011
2026-06-25 10:55:00+05:30,1386.5,1387.5999755859375,1386.0,1387.0,73592
2026-06-25 11:00:00+05:30,1389.0,1389.5,1384.9000244140625,1386.5999755859375,148163
2026-06-25 11:05:00+05:30,1388.0,1389.5999755859375,1387.699951171875,1389.0,30041
2026-06-25 11:10:00+05:30,1387.9000244140625,1388.300048828125,1386.5999755859375,1388.300048828125,32173
2026-06-25 11:15:00+05:30,1387.4000244140625,1388.5999755859375,1387.0,1388.0,24367
2026-06-25 11:20:00+05:30,1386.800048828125,1387.5,1386.5,1387.300048828125,34323
2026-06-25 11:25:00+05:30,1388.0,1388.0,1386.699951171875,1386.800048828125,15965
2026-06-25 11:30:00+05:30,1387.5,1388.300048828125,1386.9000244140625,1388.0,21069
2026-06-25 11:35:00+05:30,1388.0,1388.300048828125,1386.9000244140625,1387.5,18434
2026-06-25 11:40:00+05:30,1388.0999755859375,1388.300048828125,1387.0,1387.699951171875,26194
2026-06-25 11:45:00+05:30,1387.800048828125,1388.5999755859375,1387.0999755859375,1388.0999755859375,19070
2026-06-25 11:50:00+05:30,1388.5999755859375,1389.9000244140625,1387.800048828125,1387.800048828125,31383
2026-06-25 11:55:00+05:30,1393.0999755859375,1393.199951171875,1388.4000244140625,1388.5999755859375,138375
2026-06-25 12:00:00+05:30,1393.5,1394.5999755859375,1393.0,1393.699951171875,88738
2026-06-25 12:05:00+05:30,1393.9000244140625,1394.5,1393.0,1393.5,45798
2026-06-25 12:10:00+05:30,1394.800048828125,1395.0,1393.5999755859375,1393.9000244140625,40842
2026-06-25 12:15:00+05:30,1395.300048828125,1395.9000244140625,1394.5999755859375,1394.800048828125,37728
2026-06-25 12:20:00+05:30,1393.5,1395.699951171875,1393.0999755859375,1395.300048828125,219741
2026-06-25 12:25:00+05:30,1388.5,1393.5,1387.699951171875,1393.5,66359
2026-06-25 12:30:00+05:30,1387.5,1389.9000244140625,1387.0,1388.5,53515
2026-06-25 12:35:00+05:30,1388.5,1388.9000244140625,1387.0,1387.9000244140625,33595
2026-06-25 12:40:00+05:30,1387.199951171875,1388.9000244140625,1387.0,1388.9000244140625,29798
2026-06-25 12:45:00+05:30,1387.5999755859375,1388.300048828125,1387.0,1387.699951171875,55586
2026-06-25 12:50:00+05:30,1387.0999755859375,1388.0,1387.0,1387.5999755859375,102051
2026-06-25 12:55:00+05:30,1387.699951171875,1387.9000244140625,1387.0,1387.0999755859375,35791
2026-06-25 13:00:00+05:30,1387.0999755859375,1388.0999755859375,1387.0,1387.199951171875,48895
2026-06-25 13:05:00+05:30,1385.4000244140625,1387.9000244140625,1384.800048828125,1387.4000244140625,57515
2026-06-25 13:10:00+05:30,1382.0999755859375,1385.9000244140625,1381.4000244140625,1385.300048828125,84064
2026-06-25 13:15:00+05:30,1382.199951171875,1382.5999755859375,1380.5,1382.199951171875,52535
2026-06-25 13:20:00+05:30,1381.4000244140625,1382.4000244140625,1381.0,1382.4000244140625,55690
2026-06-25 13:25:00+05:30,1380.5999755859375,1382.0,1380.0,1381.0999755859375,61046
2026-06-25 13:30:00+05:30,1380.5,1381.5,1380.300048828125,1380.5,50972
2026-06-25 13:35:00+05:30,1380.9000244140625,1381.5,1380.0999755859375,1380.5999755859375,48976
2026-06-25 13:40:00+05:30,1380.9000244140625,1382.199951171875,1380.9000244140625,1381.0999755859375,49452
2026-06-25 13:45:00+05:30,1380.800048828125,1382.5,1380.5,1381.5,42679
2026-06-25 13:50:00+05:30,1380.5999755859375,1381.800048828125,1380.5,1381.4000244140625,41170
2026-06-25 13:55:00+05:30,1380.199951171875,1381.300048828125,1379.300048828125,1380.5999755859375,79819
2026-06-25 14:00:00+05:30,1379.4000244140625,1380.4000244140625,1379.0999755859375,1380.0999755859375,45247
2026-06-25 14:05:00+05:30,1378.0,1379.5,1378.0,1379.4000244140625,40340
2026-06-25 14:10:00+05:30,1376.699951171875,1378.300048828125,1375.699951171875,1378.0,89739
2026-06-25 14:15:00+05:30,1377.199951171875,1377.300048828125,1375.0,1376.5,56879
2026-06-25 14:20:00+05:30,1376.699951171875,1379.199951171875,1376.0999755859375,1377.300048828125,99284
2026-06-25 14:25:00+05:30,1375.699951171875,1377.0,1375.0,1376.699951171875,64285
2026-06-25 14:30:00+05:30,1376.199951171875,1376.9000244140625,1375.0999755859375,1376.199951171875,72064
2026-06-25 14:35:00+05:30,1375.9000244140625,1378.300048828125,1375.300048828125,1376.0,157583
2026-06-25 14:40:00+05:30,1374.4000244140625,1378.0,1374.199951171875,1376.199951171875,191385
2026-06-25 14:45:00+05:30,1374.300048828125,1376.300048828125,1374.0,1374.5,109351
2026-06-25 14:50:00+05:30,1377.5999755859375,1378.5999755859375,1374.0,1374.5999755859375,104702
2026-06-25 14:55:00+05:30,1376.5,1377.699951171875,1376.0,1377.699951171875,105821
2026-06-25 15:00:00+05:30,1374.800048828125,1376.5,1372.699951171875,1376.5,361642
2026-06-25 15:05:00+05:30,1377.0,1378.9000244140625,1373.300048828125,1374.800048828125,363617
2026-06-25 15:10:00+05:30,1379.300048828125,1379.699951171875,1376.699951171875,1377.300048828125,347059
2026-06-25 15:15:00+05:30,1379.5,1379.5,1376.9000244140625,1379.300048828125,308172
2026-06-25 15:20:00+05:30,1377.5999755859375,1379.9000244140625,1377.4000244140625,1379.4000244140625,274935
2026-06-25 15:25:00+05:30,1377.199951171875,1379.9000244140625,1376.0,1377.5,194563
2026-06-29 09:15:00+05:30,1382.5999755859375,1384.5,1372.800048828125,1380.699951171875,0
2026-06-29 09:20:00+05:30,1386.5999755859375,1387.0,1383.300048828125,1383.300048828125,149594
2026-06-29 09:25:00+05:30,1384.0,1387.4000244140625,1382.9000244140625,1387.4000244140625,38861
2026-06-29 09:30:00+05:30,1381.9000244140625,1384.4000244140625,1381.699951171875,1384.0,52847
2026-06-29 09:35:00+05:30,1384.199951171875,1385.0999755859375,1381.699951171875,1381.699951171875,56438
2026-06-29 09:40:00+05:30,1381.800048828125,1384.199951171875,1381.300048828125,1384.199951171875,85943
2026-06-29 09:45:00+05:30,1380.800048828125,1383.199951171875,1380.800048828125,1382.0,79418
2026-06-29 09:50:00+05:30,1380.699951171875,1382.9000244140625,1380.699951171875,1380.800048828125,65752
2026-06-29 09:55:00+05:30,1383.199951171875,1383.300048828125,1381.0,1381.0,26605
2026-06-29 10:00:00+05:30,1382.300048828125,1384.199951171875,1381.699951171875,1383.4000244140625,34745
2026-06-29 10:05:00+05:30,1386.4000244140625,1386.9000244140625,1382.0,1382.0,46905
2026-06-29 10:10:00+05:30,1382.5999755859375,1386.4000244140625,1382.5,1386.4000244140625,50322
2026-06-29 10:15:00+05:30,1381.4000244140625,1382.800048828125,1380.800048828125,1382.0,445671
2026-06-29 10:20:00+05:30,1390.300048828125,1391.0999755859375,1381.0999755859375,1381.4000244140625,423165
2026-06-29 10:25:00+05:30,1391.0999755859375,1392.5,1390.0,1390.800048828125,70663
2026-06-29 10:30:00+05:30,1388.9000244140625,1391.300048828125,1388.5,1391.0999755859375,82871
2026-06-29 10:35:00+05:30,1389.199951171875,1390.800048828125,1388.4000244140625,1389.5999755859375,63873
2026-06-29 10:40:00+05:30,1390.5,1390.5999755859375,1388.9000244140625,1389.800048828125,75190
2026-06-29 10:45:00+05:30,1387.9000244140625,1390.5999755859375,1386.800048828125,1390.0,80758
2026-06-29 10:50:00+05:30,1387.4000244140625,1387.9000244140625,1381.800048828125,1387.9000244140625,1576469
2026-06-29 10:55:00+05:30,1386.0999755859375,1387.5,1385.800048828125,1387.4000244140625,46369
2026-06-29 11:00:00+05:30,1388.300048828125,1388.5999755859375,1385.0,1386.0,96363
2026-06-29 11:05:00+05:30,1390.0,1390.5999755859375,1387.5999755859375,1388.0999755859375,53623
2026-06-29 11:10:00+05:30,1387.5,1390.0,1387.4000244140625,1390.0,47833
2026-06-29 11:15:00+05:30,1385.0999755859375,1387.699951171875,1385.0,1387.5999755859375,54950
2026-06-29 11:20:00+05:30,1385.699951171875,1386.699951171875,1385.0,1385.5999755859375,37180
2026-06-29 11:25:00+05:30,1384.199951171875,1385.9000244140625,1383.4000244140625,1385.9000244140625,47900
2026-06-29 11:30:00+05:30,1378.699951171875,1384.699951171875,1378.0,1384.300048828125,681467
2026-06-29 11:35:00+05:30,1379.5999755859375,1380.0999755859375,1378.5,1379.199951171875,65282
2026-06-29 11:40:00+05:30,1379.199951171875,1381.199951171875,1379.0999755859375,1379.300048828125,56857
2026-06-29 11:45:00+05:30,1377.5999755859375,1379.699951171875,1377.5999755859375,1379.199951171875,69477
2026-06-29 11:50:00+05:30,1374.199951171875,1377.800048828125,1374.0999755859375,1377.800048828125,94001
2026-06-29 11:55:00+05:30,1375.9000244140625,1376.5999755859375,1373.9000244140625,1374.5999755859375,67011
2026-06-29 12:00:00+05:30,1379.0,1379.5,1375.9000244140625,1375.9000244140625,80899
2026-06-29 12:05:00+05:30,1379.0999755859375,1379.699951171875,1378.199951171875,1378.9000244140625,98085
2026-06-29 12:10:00+05:30,1376.800048828125,1379.300048828125,1376.5999755859375,1379.199951171875,89804
2026-06-29 12:15:00+05:30,1374.0,1377.199951171875,1374.0,1377.199951171875,49141
2026-06-29 12:20:00+05:30,1372.300048828125,1374.199951171875,1372.199951171875,1374.199951171875,59388
2026-06-29 12:25:00+05:30,1372.699951171875,1374.199951171875,1372.199951171875,1372.5,45117
2026-06-29 12:30:00+05:30,1372.199951171875,1373.4000244140625,1370.5,1372.699951171875,61266
2026-06-29 12:35:00+05:30,1370.800048828125,1372.4000244140625,1370.800048828125,1372.4000244140625,43060
2026-06-29 12:40:00+05:30,1373.4000244140625,1373.800048828125,1370.5999755859375,1370.800048828125,46224
2026-06-29 12:45:00+05:30,1372.5,1374.0,1371.9000244140625,1373.300048828125,62433
2026-06-29 12:50:00+05:30,1375.0,1375.5999755859375,1372.4000244140625,1372.5999755859375,72026
2026-06-29 12:55:00+05:30,1376.800048828125,1377.199951171875,1375.0,1375.0,57161
2026-06-29 13:00:00+05:30,1377.4000244140625,1377.5,1376.0,1376.800048828125,84484
2026-06-29 13:05:00+05:30,1379.0,1379.4000244140625,1376.5999755859375,1377.4000244140625,59368
2026-06-29 13:10:00+05:30,1379.0999755859375,1379.9000244140625,1378.5999755859375,1379.5,61972
2026-06-29 13:15:00+05:30,1377.199951171875,1379.300048828125,1376.800048828125,1379.0,68297
2026-06-29 13:20:00+05:30,1377.9000244140625,1378.0,1376.800048828125,1377.0999755859375,55762
2026-06-29 13:25:00+05:30,1378.5,1378.800048828125,1377.5999755859375,1378.0,56080
2026-06-29 13:30:00+05:30,1376.800048828125,1379.9000244140625,1376.699951171875,1378.300048828125,78580
2026-06-29 13:35:00+05:30,1373.300048828125,1377.5999755859375,1372.800048828125,1376.800048828125,75429
2026-06-29 13:40:00+05:30,1372.199951171875,1374.0999755859375,1372.0999755859375,1373.5,78805
2026-06-29 13:45:00+05:30,1372.0,1374.0,1372.0,1372.5,412968
2026-06-29 13:50:00+05:30,1373.800048828125,1374.5,1370.0999755859375,1372.0999755859375,133845
2026-06-29 13:55:00+05:30,1372.0999755859375,1376.0,1371.9000244140625,1374.0,74059
2026-06-29 14:00:00+05:30,1372.0999755859375,1375.5,1371.5999755859375,1372.699951171875,176886
2026-06-29 14:05:00+05:30,1371.0,1373.199951171875,1371.0,1372.699951171875,36782
2026-06-29 14:10:00+05:30,1370.4000244140625,1372.0,1370.199951171875,1371.4000244140625,48383
2026-06-29 14:15:00+05:30,1368.5999755859375,1370.800048828125,1367.0999755859375,1370.5999755859375,65264
2026-06-29 14:20:00+05:30,1368.0,1370.0,1368.0,1369.0999755859375,35376
2026-06-29 14:25:00+05:30,1369.5999755859375,1369.5999755859375,1367.300048828125,1368.5,40292
2026-06-29 14:30:00+05:30,1368.4000244140625,1370.0,1367.9000244140625,1369.0999755859375,105255
2026-06-29 14:35:00+05:30,1365.699951171875,1368.4000244140625,1364.5,1368.4000244140625,114793
2026-06-29 14:40:00+05:30,1365.0,1366.0,1364.199951171875,1365.300048828125,94095
2026-06-29 14:45:00+05:30,1364.800048828125,1367.0,1364.199951171875,1365.5,115717
2026-06-29 14:50:00+05:30,1360.5999755859375,1365.0,1360.5,1365.0,106104
2026-06-29 14:55:00+05:30,1360.0,1361.4000244140625,1358.5999755859375,1360.5999755859375,109477
2026-06-29 15:00:00+05:30,1354.9000244140625,1360.5999755859375,1354.199951171875,1360.0,662588
2026-06-29 15:05:00+05:30,1357.0,1358.9000244140625,1353.5,1354.5999755859375,730640
2026-06-29 15:10:00+05:30,1353.800048828125,1357.0,1352.4000244140625,1357.0,721416
2026-06-29 15:15:00+05:30,1356.699951171875,1358.0999755859375,1353.5999755859375,1353.9000244140625,822980
2026-06-29 15:20:00+05:30,1361.800048828125,1361.800048828125,1355.9000244140625,1356.300048828125,775993
2026-06-29 15:25:00+05:30,1356.800048828125,1372.0,1356.800048828125,1361.5,552732
2026-06-30 09:15:00+05:30,1370.699951171875,1371.800048828125,1355.199951171875,1362.0,0
2026-06-30 09:20:00+05:30,1372.0999755859375,1373.699951171875,1366.699951171875,1370.0,245702
2026-06-30 09:25:00+05:30,1368.199951171875,1372.9000244140625,1367.199951171875,1372.5999755859375,164648
2026-06-30 09:30:00+05:30,1367.4000244140625,1369.0,1366.199951171875,1367.5999755859375,104233
2026-06-30 09:35:00+05:30,1371.0999755859375,1375.0,1367.300048828125,1367.300048828125,159678
2026-06-30 09:40:00+05:30,1367.9000244140625,1372.9000244140625,1367.0,1370.5,74287
2026-06-30 09:45:00+05:30,1363.9000244140625,1368.800048828125,1361.5999755859375,1367.4000244140625,150232
2026-06-30 09:50:00+05:30,1364.5999755859375,1366.699951171875,1361.300048828125,1363.300048828125,84152
2026-06-30 09:55:00+05:30,1363.0,1367.5,1362.800048828125,1364.4000244140625,61582
2026-06-30 10:00:00+05:30,1365.699951171875,1366.300048828125,1362.199951171875,1362.199951171875,33791
2026-06-30 10:05:00+05:30,1363.9000244140625,1366.300048828125,1362.5999755859375,1365.5999755859375,62118
2026-06-30 10:10:00+05:30,1366.0,1368.300048828125,1364.300048828125,1364.300048828125,174300
2026-06-30 10:15:00+05:30,1363.5999755859375,1366.4000244140625,1363.5999755859375,1366.4000244140625,304750
2026-06-30 10:20:00+05:30,1359.0999755859375,1363.5,1356.300048828125,1363.5,88066
2026-06-30 10:25:00+05:30,1358.4000244140625,1360.0999755859375,1357.5999755859375,1358.800048828125,92213
2026-06-30 10:30:00+05:30,1358.0999755859375,1358.5,1356.300048828125,1358.199951171875,37812
2026-06-30 10:35:00+05:30,1357.199951171875,1360.4000244140625,1357.199951171875,1357.800048828125,93958
2026-06-30 10:40:00+05:30,1357.5,1357.800048828125,1355.0,1357.199951171875,47809
2026-06-30 10:45:00+05:30,1359.4000244140625,1359.800048828125,1357.300048828125,1357.300048828125,89869
2026-06-30 10:50:00+05:30,1357.699951171875,1360.0999755859375,1357.699951171875,1359.300048828125,24273
2026-06-30 10:55:00+05:30,1355.300048828125,1357.800048828125,1355.199951171875,1357.5999755859375,39441
2026-06-30 11:00:00+05:30,1355.9000244140625,1356.800048828125,1354.0,1355.0,30742
2026-06-30 11:05:00+05:30,1358.300048828125,1359.5,1355.5999755859375,1355.9000244140625,40381
2026-06-30 11:10:00+05:30,1360.0,1360.5,1356.800048828125,1358.300048828125,51360
2026-06-30 11:15:00+05:30,1358.5999755859375,1360.300048828125,1358.199951171875,1359.9000244140625,50264
2026-06-30 11:20:00+05:30,1363.0,1364.699951171875,1358.5,1358.5999755859375,108978
2026-06-30 11:25:00+05:30,1360.699951171875,1363.5,1360.0,1363.0,52306
2026-06-30 11:30:00+05:30,1356.699951171875,1361.0,1356.4000244140625,1360.4000244140625,71741
2026-06-30 11:35:00+05:30,1357.0,1357.699951171875,1354.699951171875,1356.699951171875,79722
2026-06-30 11:40:00+05:30,1355.5,1358.5,1355.5,1357.0,20446
2026-06-30 11:45:00+05:30,1355.800048828125,1357.4000244140625,1355.300048828125,1355.5,20157
2026-06-30 11:50:00+05:30,1356.699951171875,1357.199951171875,1355.5,1355.699951171875,19989
2026-06-30 11:55:00+05:30,1355.5,1356.800048828125,1355.5,1356.4000244140625,15936
2026-06-30 12:00:00+05:30,1356.4000244140625,1356.4000244140625,1355.4000244140625,1356.0999755859375,18235
2026-06-30 12:05:00+05:30,1356.0999755859375,1356.800048828125,1355.800048828125,1356.199951171875,15429
2026-06-30 12:10:00+05:30,1355.300048828125,1357.5,1353.4000244140625,1356.5,44419
2026-06-30 12:15:00+05:30,1355.300048828125,1356.0,1354.5,1355.300048828125,18919
2026-06-30 12:20:00+05:30,1356.199951171875,1356.4000244140625,1354.699951171875,1355.300048828125,31571
2026-06-30 12:25:00+05:30,1355.800048828125,1356.699951171875,1355.5,1355.800048828125,18025
2026-06-30 12:30:00+05:30,1355.0999755859375,1356.699951171875,1353.800048828125,1356.199951171875,37508
2026-06-30 12:35:00+05:30,1356.199951171875,1357.0,1354.4000244140625,1355.0999755859375,28151
2026-06-30 12:40:00+05:30,1358.4000244140625,1359.0,1355.9000244140625,1356.199951171875,33837
2026-06-30 12:45:00+05:30,1359.9000244140625,1360.0,1358.0,1358.4000244140625,62596
2026-06-30 12:50:00+05:30,1359.5,1360.199951171875,1358.199951171875,1359.5,25787
2026-06-30 12:55:00+05:30,1358.9000244140625,1360.300048828125,1358.800048828125,1359.0,28724
2026-06-30 13:00:00+05:30,1360.0,1360.5,1358.5,1359.4000244140625,46738
2026-06-30 13:05:00+05:30,1359.300048828125,1360.5,1358.800048828125,1360.0,33039
2026-06-30 13:10:00+05:30,1359.300048828125,1360.5999755859375,1359.0,1359.300048828125,49683
2026-06-30 13:15:00+05:30,1357.9000244140625,1360.800048828125,1357.5,1359.5999755859375,81373
2026-06-30 13:20:00+05:30,1357.0,1359.0999755859375,1356.4000244140625,1357.699951171875,65031
2026-06-30 13:25:00+05:30,1359.5999755859375,1360.699951171875,1356.9000244140625,1357.0,54997
2026-06-30 13:30:00+05:30,1359.5,1360.199951171875,1358.199951171875,1359.699951171875,72102
2026-06-30 13:35:00+05:30,1358.800048828125,1360.0999755859375,1358.0,1359.5999755859375,63101
2026-06-30 13:40:00+05:30,1357.5999755859375,1359.699951171875,1357.4000244140625,1358.800048828125,48899
2026-06-30 13:45:00+05:30,1354.9000244140625,1357.9000244140625,1354.5,1357.5999755859375,41657
2026-06-30 13:50:00+05:30,1353.800048828125,1354.9000244140625,1353.699951171875,1354.5,39411
2026-06-30 13:55:00+05:30,1353.800048828125,1354.800048828125,1353.0999755859375,1353.699951171875,35735
2026-06-30 14:00:00+05:30,1351.800048828125,1354.800048828125,1350.699951171875,1353.5999755859375,117072
2026-06-30 14:05:00+05:30,1352.5999755859375,1352.9000244140625,1350.199951171875,1351.300048828125,71306
2026-06-30 14:10:00+05:30,1351.9000244140625,1352.9000244140625,1350.0,1352.0,131821
2026-06-30 14:15:00+05:30,1349.5,1352.300048828125,1349.0,1351.800048828125,144165
2026-06-30 14:20:00+05:30,1354.5999755859375,1354.5999755859375,1349.0,1349.800048828125,57576
2026-06-30 14:25:00+05:30,1352.699951171875,1354.9000244140625,1351.699951171875,1354.5,139948
2026-06-30 14:30:00+05:30,1352.699951171875,1353.199951171875,1350.800048828125,1352.5,69125
2026-06-30 14:35:00+05:30,1349.4000244140625,1352.699951171875,1348.5,1352.5999755859375,92464
2026-06-30 14:40:00+05:30,1348.699951171875,1350.0,1348.300048828125,1349.199951171875,75346
2026-06-30 14:45:00+05:30,1349.5999755859375,1349.9000244140625,1347.5,1348.699951171875,68125
2026-06-30 14:50:00+05:30,1350.4000244140625,1350.699951171875,1347.5,1349.4000244140625,49684
2026-06-30 14:55:00+05:30,1348.199951171875,1351.199951171875,1347.9000244140625,1350.0999755859375,90822
2026-06-30 15:00:00+05:30,1345.0,1348.699951171875,1344.0999755859375,1348.0999755859375,488387
2026-06-30 15:05:00+05:30,1345.4000244140625,1346.4000244140625,1343.800048828125,1345.0999755859375,593007
2026-06-30 15:10:00+05:30,1345.5,1347.0,1344.699951171875,1345.699951171875,399519
2026-06-30 15:15:00+05:30,1345.199951171875,1345.5,1345.0,1345.5,383641
2026-06-30 15:20:00+05:30,1345.5999755859375,1347.0999755859375,1344.9000244140625,1345.300048828125,423514
2026-06-30 15:25:00+05:30,1345.699951171875,1352.9000244140625,1345.5,1345.5,311196
2026-07-01 09:15:00+05:30,1352.0,1354.699951171875,1346.4000244140625,1354.699951171875,0
2026-07-01 09:20:00+05:30,1350.4000244140625,1352.0,1349.9000244140625,1351.800048828125,23587
2026-07-01 09:25:00+05:30,1350.0,1351.0,1348.199951171875,1350.4000244140625,20358
2026-07-01 09:30:00+05:30,1349.0999755859375,1351.5,1348.0,1350.0999755859375,19155
2026-07-01 09:35:00+05:30,1349.9000244140625,1350.0,1348.699951171875,1349.300048828125,6218
2026-07-01 09:40:00+05:30,1352.9000244140625,1353.0,1349.9000244140625,1350.0,42632
2026-07-01 09:45:00+05:30,1352.5,1354.0,1352.4000244140625,1353.0,14609
2026-07-01 09:50:00+05:30,1356.300048828125,1356.300048828125,1351.5999755859375,1353.0999755859375,15287
2026-07-01 09:55:00+05:30,1359.699951171875,1359.9000244140625,1355.5,1356.699951171875,34378
2026-07-01 10:00:00+05:30,1358.5,1362.0999755859375,1358.5,1359.0999755859375,28461
2026-07-01 10:05:00+05:30,1358.5,1358.5,1355.199951171875,1358.5,41790
2026-07-01 10:10:00+05:30,1364.0,1364.4000244140625,1357.5,1358.5,64680
2026-07-01 10:15:00+05:30,1364.0,1364.800048828125,1363.0999755859375,1363.9000244140625,31953
2026-07-01 10:20:00+05:30,1365.5,1366.9000244140625,1363.199951171875,1363.800048828125,50457
2026-07-01 10:25:00+05:30,1365.0,1365.9000244140625,1363.300048828125,1365.5,19769
2026-07-01 10:30:00+05:30,1364.199951171875,1365.699951171875,1363.5,1365.0,12803
2026-07-01 10:35:00+05:30,1362.300048828125,1364.9000244140625,1361.300048828125,1364.0999755859375,24320
2026-07-01 10:40:00+05:30,1361.9000244140625,1362.9000244140625,1360.800048828125,1362.199951171875,17554
2026-07-01 10:45:00+05:30,1362.0,1362.4000244140625,1360.800048828125,1361.800048828125,14485
2026-07-01 10:50:00+05:30,1362.800048828125,1363.199951171875,1361.199951171875,1362.0,16757
2026-07-01 10:55:00+05:30,1362.4000244140625,1362.5,1361.199951171875,1362.5,7981
2026-07-01 11:00:00+05:30,1362.800048828125,1363.5999755859375,1362.199951171875,1362.4000244140625,21163
2026-07-01 11:05:00+05:30,1363.699951171875,1363.699951171875,1362.5999755859375,1362.9000244140625,6347
2026-07-01 11:10:00+05:30,1367.800048828125,1367.800048828125,1364.0,1364.0,53515
2026-07-01 11:15:00+05:30,1371.699951171875,1371.9000244140625,1367.5999755859375,1368.5,54592
2026-07-01 11:20:00+05:30,1370.5999755859375,1372.5,1370.199951171875,1371.800048828125,34427
2026-07-01 11:25:00+05:30,1370.800048828125,1371.0,1368.9000244140625,1370.5999755859375,44745
2026-07-01 11:30:00+05:30,1369.9000244140625,1371.199951171875,1368.800048828125,1370.800048828125,15297
2026-07-01 11:35:00+05:30,1369.300048828125,1369.9000244140625,1368.0,1369.9000244140625,23380
2026-07-01 11:40:00+05:30,1371.0,1371.0,1369.199951171875,1369.300048828125,15836
2026-07-01 11:45:00+05:30,1371.9000244140625,1372.0,1370.5,1371.0999755859375,22200
2026-07-01 11:50:00+05:30,1371.699951171875,1373.0,1371.5,1371.9000244140625,37178
2026-07-01 11:55:00+05:30,1372.800048828125,1373.0,1370.699951171875,1371.5,39893
2026-07-01 12:00:00+05:30,1374.0999755859375,1374.199951171875,1372.699951171875,1372.800048828125,25632
2026-07-01 12:05:00+05:30,1375.5,1375.5999755859375,1373.800048828125,1374.0999755859375,29664
2026-07-01 12:10:00+05:30,1374.5999755859375,1375.5999755859375,1373.0,1375.0999755859375,37759
2026-07-01 12:15:00+05:30,1375.5,1376.0999755859375,1374.5,1374.699951171875,29696
2026-07-01 12:20:00+05:30,1376.5,1376.9000244140625,1373.9000244140625,1375.199951171875,41696
2026-07-01 12:25:00+05:30,1375.0,1376.5,1372.800048828125,1376.300048828125,57407
2026-07-01 12:30:00+05:30,1376.699951171875,1377.699951171875,1375.0,1375.0,42761
2026-07-01 12:35:00+05:30,1376.5,1377.5,1376.0999755859375,1376.699951171875,22426
2026-07-01 12:40:00+05:30,1375.800048828125,1376.699951171875,1374.9000244140625,1376.4000244140625,55412
2026-07-01 12:45:00+05:30,1375.9000244140625,1375.9000244140625,1374.699951171875,1375.5,29041
2026-07-01 12:50:00+05:30,1376.199951171875,1376.699951171875,1375.4000244140625,1375.9000244140625,30200
2026-07-01 12:55:00+05:30,1376.9000244140625,1377.4000244140625,1375.9000244140625,1376.300048828125,34466
2026-07-01 13:00:00+05:30,1375.4000244140625,1377.4000244140625,1374.9000244140625,1376.300048828125,35096
2026-07-01 13:05:00+05:30,1374.5,1375.9000244140625,1374.0,1375.199951171875,46640
2026-07-01 13:10:00+05:30,1376.5,1377.0,1373.699951171875,1374.0999755859375,32150
2026-07-01 13:15:00+05:30,1375.5999755859375,1377.0,1375.0999755859375,1376.9000244140625,25193
2026-07-01 13:20:00+05:30,1376.0,1376.800048828125,1375.0,1375.5,23855
2026-07-01 13:25:00+05:30,1375.4000244140625,1377.0999755859375,1375.0999755859375,1376.0,27179
2026-07-01 13:30:00+05:30,1375.800048828125,1376.5,1374.300048828125,1375.4000244140625,29707
2026-07-01 13:35:00+05:30,1375.0,1377.0,1374.4000244140625,1375.9000244140625,48590
2026-07-01 13:40:00+05:30,1374.9000244140625,1375.300048828125,1372.5,1375.0,65959
2026-07-01 13:45:00+05:30,1374.4000244140625,1375.0999755859375,1373.5,1374.9000244140625,29872
2026-07-01 13:50:00+05:30,1374.800048828125,1375.5,1374.199951171875,1374.4000244140625,21618
2026-07-01 13:55:00+05:30,1374.199951171875,1376.300048828125,1374.199951171875,1374.9000244140625,25917
2026-07-01 14:00:00+05:30,1374.0999755859375,1374.199951171875,1372.0999755859375,1374.0999755859375,30075
2026-07-01 14:05:00+05:30,1373.800048828125,1374.5999755859375,1372.5999755859375,1374.0,66680
2026-07-01 14:10:00+05:30,1374.800048828125,1375.0999755859375,1373.199951171875,1373.9000244140625,25602
2026-07-01 14:15:00+05:30,1372.5,1374.9000244140625,1372.300048828125,1374.5999755859375,36386
2026-07-01 14:20:00+05:30,1373.0,1374.0,1372.5,1372.5,24155
2026-07-01 14:25:00+05:30,1372.4000244140625,1373.800048828125,1372.4000244140625,1373.0,24405
2026-07-01 14:30:00+05:30,1372.0,1373.5,1371.0999755859375,1372.5,60827
2026-07-01 14:35:00+05:30,1369.5999755859375,1373.5,1369.5999755859375,1372.0,54624
2026-07-01 14:40:00+05:30,1370.199951171875,1371.0999755859375,1368.0,1370.0,48012
2026-07-01 14:45:00+05:30,1369.0,1370.5,1369.0,1370.300048828125,35943
2026-07-01 14:50:00+05:30,1371.300048828125,1372.199951171875,1369.0999755859375,1369.0999755859375,88971
2026-07-01 14:55:00+05:30,1372.5,1372.699951171875,1371.0,1371.5,112366
2026-07-01 15:00:00+05:30,1368.9000244140625,1373.0,1368.4000244140625,1372.300048828125,106400
2026-07-01 15:05:00+05:30,1368.5,1369.199951171875,1367.699951171875,1368.5,112101
2026-07-01 15:10:00+05:30,1368.5999755859375,1371.800048828125,1368.199951171875,1368.5999755859375,190247
2026-07-01 15:15:00+05:30,1368.5,1369.300048828125,1367.9000244140625,1369.0,98636
2026-07-01 15:20:00+05:30,1368.5,1369.5999755859375,1367.199951171875,1368.0999755859375,92350
2026-07-01 15:25:00+05:30,1368.699951171875,1369.300048828125,1363.0,1368.5,144666
2026-07-02 09:15:00+05:30,1365.5,1372.800048828125,1364.0999755859375,1372.800048828125,0
2026-07-02 09:20:00+05:30,1369.5,1369.5,1365.300048828125,1365.800048828125,45733
2026-07-02 09:25:00+05:30,1370.199951171875,1371.4000244140625,1368.4000244140625,1370.0,26925
2026-07-02 09:30:00+05:30,1371.199951171875,1371.300048828125,1370.0999755859375,1370.0999755859375,48600
2026-07-02 09:35:00+05:30,1372.5999755859375,1373.0999755859375,1370.5999755859375,1371.199951171875,58256
2026-07-02 09:40:00+05:30,1374.5999755859375,1375.300048828125,1372.800048828125,1373.199951171875,83287
2026-07-02 09:45:00+05:30,1372.0999755859375,1374.5999755859375,1371.4000244140625,1374.5,41607
2026-07-02 09:50:00+05:30,1370.199951171875,1371.9000244140625,1369.699951171875,1371.9000244140625,45827
2026-07-02 09:55:00+05:30,1368.5999755859375,1369.800048828125,1366.5,1369.800048828125,34042
2026-07-02 10:00:00+05:30,1369.0999755859375,1369.4000244140625,1368.0,1368.5999755859375,12333
2026-07-02 10:05:00+05:30,1367.800048828125,1368.9000244140625,1365.800048828125,1368.699951171875,30418
2026-07-02 10:10:00+05:30,1365.5999755859375,1368.5,1365.5999755859375,1367.0,18765
2026-07-02 10:15:00+05:30,1366.699951171875,1367.5999755859375,1365.5,1366.0,19668
2026-07-02 10:20:00+05:30,1367.9000244140625,1368.4000244140625,1366.699951171875,1367.0999755859375,19427
2026-07-02 10:25:00+05:30,1367.800048828125,1368.199951171875,1366.800048828125,1367.9000244140625,11638
2026-07-02 10:30:00+05:30,1366.5,1367.699951171875,1365.5999755859375,1367.5999755859375,24094
2026-07-02 10:35:00+05:30,1366.5,1366.800048828125,1365.800048828125,1366.5,21423
2026-07-02 10:40:00+05:30,1366.4000244140625,1366.699951171875,1365.5,1366.199951171875,81132
2026-07-02 10:45:00+05:30,1366.5,1367.0,1366.0,1366.5999755859375,14889
2026-07-02 10:50:00+05:30,1366.5,1367.699951171875,1366.300048828125,1366.300048828125,76023
2026-07-02 10:55:00+05:30,1363.4000244140625,1367.0,1362.4000244140625,1367.0,104167
2026-07-02 11:00:00+05:30,1363.4000244140625,1363.4000244140625,1361.9000244140625,1363.0,34745
2026-07-02 11:05:00+05:30,1363.199951171875,1364.300048828125,1363.199951171875,1363.5,24624
2026-07-02 11:10:00+05:30,1364.699951171875,1364.699951171875,1362.0999755859375,1363.5999755859375,20929
2026-07-02 11:15:00+05:30,1363.9000244140625,1364.800048828125,1363.199951171875,1364.5999755859375,21199
2026-07-02 11:20:00+05:30,1362.800048828125,1364.0,1361.0,1363.9000244140625,25047
2026-07-02 11:25:00+05:30,1362.5999755859375,1363.699951171875,1362.0,1362.800048828125,25253
2026-07-02 11:30:00+05:30,1362.5999755859375,1363.0,1361.5999755859375,1362.5999755859375,20348
2026-07-02 11:35:00+05:30,1358.5,1362.699951171875,1358.300048828125,1362.699951171875,67051
2026-07-02 11:40:00+05:30,1360.9000244140625,1361.5,1358.199951171875,1358.5,38467
2026-07-02 11:45:00+05:30,1361.300048828125,1361.699951171875,1360.0,1360.9000244140625,28599
2026-07-02 11:50:00+05:30,1363.300048828125,1364.5,1360.0,1360.699951171875,132902
2026-07-02 11:55:00+05:30,1362.5,1364.5999755859375,1361.5999755859375,1363.300048828125,138727
2026-07-02 12:00:00+05:30,1366.0,1366.5999755859375,1361.9000244140625,1362.5,193240
2026-07-02 12:05:00+05:30,1367.0,1367.300048828125,1365.0999755859375,1366.0999755859375,250620
2026-07-02 12:10:00+05:30,1367.0999755859375,1367.800048828125,1366.0999755859375,1366.5999755859375,211734
2026-07-02 12:15:00+05:30,1366.800048828125,1368.0,1366.0,1367.4000244140625,20891
2026-07-02 12:20:00+05:30,1367.199951171875,1367.5999755859375,1366.0,1366.800048828125,13237
2026-07-02 12:25:00+05:30,1370.0,1370.800048828125,1366.5,1367.0999755859375,27867
2026-07-02 12:30:00+05:30,1369.199951171875,1369.9000244140625,1368.0999755859375,1369.9000244140625,16294
2026-07-02 12:35:00+05:30,1368.5999755859375,1369.4000244140625,1367.0999755859375,1369.199951171875,24362
2026-07-02 12:40:00+05:30,1366.5,1369.5999755859375,1366.199951171875,1368.9000244140625,30722
2026-07-02 12:45:00+05:30,1366.0999755859375,1367.4000244140625,1365.5,1366.5,25282
2026-07-02 12:50:00+05:30,1364.9000244140625,1366.5,1364.0,1366.0999755859375,29610
2026-07-02 12:55:00+05:30,1363.199951171875,1365.0,1362.0999755859375,1365.0,20323
2026-07-02 13:00:00+05:30,1363.800048828125,1363.9000244140625,1361.699951171875,1363.0,43992
2026-07-02 13:05:00+05:30,1364.0,1365.0,1363.4000244140625,1363.800048828125,11857
2026-07-02 13:10:00+05:30,1363.699951171875,1364.0,1362.699951171875,1363.5999755859375,12941
2026-07-02 13:15:00+05:30,1363.699951171875,1364.5999755859375,1363.0,1363.4000244140625,48685
2026-07-02 13:20:00+05:30,1363.699951171875,1364.199951171875,1362.5,1363.699951171875,58403
2026-07-02 13:25:00+05:30,1362.300048828125,1364.0,1361.5,1363.800048828125,34775
2026-07-02 13:30:00+05:30,1361.9000244140625,1362.4000244140625,1361.4000244140625,1361.699951171875,17123
2026-07-02 13:35:00+05:30,1362.199951171875,1363.0999755859375,1361.4000244140625,1362.199951171875,38108
2026-07-02 13:40:00+05:30,1361.800048828125,1363.4000244140625,1360.9000244140625,1362.5999755859375,25202
2026-07-02 13:45:00+05:30,1362.800048828125,1362.9000244140625,1361.0,1361.800048828125,25971
2026-07-02 13:50:00+05:30,1362.0999755859375,1364.0999755859375,1362.0,1362.5,24394
2026-07-02 13:55:00+05:30,1361.199951171875,1362.199951171875,1360.4000244140625,1362.0999755859375,37364
2026-07-02 14:00:00+05:30,1361.699951171875,1362.699951171875,1360.5999755859375,1360.800048828125,13682
2026-07-02 14:05:00+05:30,1361.300048828125,1362.5,1361.0,1362.199951171875,11209
2026-07-02 14:10:00+05:30,1361.199951171875,1362.199951171875,1361.0,1361.5999755859375,28581
2026-07-02 14:15:00+05:30,1360.800048828125,1361.5999755859375,1360.300048828125,1361.300048828125,17147
2026-07-02 14:20:00+05:30,1362.0999755859375,1363.199951171875,1360.5,1360.699951171875,24044
2026-07-02 14:25:00+05:30,1361.5,1362.699951171875,1360.5,1362.0999755859375,32771
2026-07-02 14:30:00+05:30,1362.0,1363.5,1360.800048828125,1361.300048828125,15101
2026-07-02 14:35:00+05:30,1366.4000244140625,1366.5999755859375,1362.4000244140625,1362.4000244140625,58823
2026-07-02 14:40:00+05:30,1365.699951171875,1366.800048828125,1365.0,1366.199951171875,44260
2026-07-02 14:45:00+05:30,1365.5999755859375,1366.800048828125,1364.800048828125,1365.5999755859375,76367
2026-07-02 14:50:00+05:30,1365.699951171875,1367.0,1364.800048828125,1365.5,73051
2026-07-02 14:55:00+05:30,1367.199951171875,1367.699951171875,1364.9000244140625,1365.699951171875,50222
2026-07-02 15:00:00+05:30,1364.199951171875,1367.5,1362.199951171875,1367.5,144258
2026-07-02 15:05:00+05:30,1365.9000244140625,1366.9000244140625,1363.0,1364.4000244140625,163153
2026-07-02 15:10:00+05:30,1362.300048828125,1366.0999755859375,1361.5999755859375,1366.0999755859375,151837
2026-07-02 15:15:00+05:30,1360.699951171875,1362.5999755859375,1360.699951171875,1362.199951171875,122519
2026-07-02 15:20:00+05:30,1359.9000244140625,1361.5999755859375,1358.9000244140625,1360.199951171875,155616
2026-07-02 15:25:00+05:30,1362.5999755859375,1362.5999755859375,1358.800048828125,1360.0,95408
2026-07-03 09:15:00+05:30,1362.699951171875,1372.699951171875,1361.0,1372.699951171875,0
2026-07-03 09:20:00+05:30,1364.199951171875,1365.800048828125,1361.0999755859375,1363.300048828125,134452
2026-07-03 09:25:00+05:30,1365.300048828125,1366.5999755859375,1364.5,1364.5,33406
2026-07-03 09:30:00+05:30,1367.4000244140625,1367.4000244140625,1364.5,1366.0,122384
2026-07-03 09:35:00+05:30,1367.199951171875,1368.4000244140625,1366.300048828125,1367.5,141598
2026-07-03 09:40:00+05:30,1365.300048828125,1367.9000244140625,1365.0999755859375,1366.5999755859375,55304
2026-07-03 09:45:00+05:30,1367.699951171875,1369.0,1364.800048828125,1365.4000244140625,85722
2026-07-03 09:50:00+05:30,1369.300048828125,1369.5999755859375,1367.4000244140625,1367.5999755859375,77313
2026-07-03 09:55:00+05:30,1368.0999755859375,1369.300048828125,1367.0,1369.0,47016
2026-07-03 10:00:00+05:30,1366.4000244140625,1368.699951171875,1365.800048828125,1368.199951171875,12572
2026-07-03 10:05:00+05:30,1365.800048828125,1367.199951171875,1365.0,1366.699951171875,12600
2026-07-03 10:10:00+05:30,1359.4000244140625,1366.0,1358.699951171875,1366.0,53523
2026-07-03 10:15:00+05:30,1359.800048828125,1360.800048828125,1358.5,1359.800048828125,22281
2026-07-03 10:20:00+05:30,1359.300048828125,1361.4000244140625,1359.0999755859375,1359.5,30196
2026-07-03 10:25:00+05:30,1359.800048828125,1360.800048828125,1359.0999755859375,1359.4000244140625,11905
2026-07-03 10:30:00+05:30,1358.5999755859375,1360.4000244140625,1358.5,1359.800048828125,27792
2026-07-03 10:35:00+05:30,1359.5,1359.9000244140625,1357.4000244140625,1358.5,21262
2026-07-03 10:40:00+05:30,1359.4000244140625,1359.699951171875,1359.0,1359.0,12418
2026-07-03 10:45:00+05:30,1359.0999755859375,1360.0,1358.5,1359.699951171875,41538
2026-07-03 10:50:00+05:30,1358.5,1359.800048828125,1357.4000244140625,1359.800048828125,15796
2026-07-03 10:55:00+05:30,1357.699951171875,1358.300048828125,1357.0999755859375,1358.0,13471
2026-07-03 11:00:00+05:30,1358.699951171875,1359.0999755859375,1357.5,1357.699951171875,11158
2026-07-03 11:05:00+05:30,1355.0,1359.199951171875,1355.0,1358.699951171875,62500
2026-07-03 11:10:00+05:30,1353.699951171875,1355.4000244140625,1352.800048828125,1355.0999755859375,253270
2026-07-03 11:15:00+05:30,1354.0999755859375,1354.5,1352.9000244140625,1353.9000244140625,21300
2026-07-03 11:20:00+05:30,1354.4000244140625,1355.0,1353.9000244140625,1354.800048828125,34108
2026-07-03 11:25:00+05:30,1355.9000244140625,1356.199951171875,1354.5999755859375,1355.300048828125,19180
2026-07-03 11:30:00+05:30,1354.199951171875,1356.199951171875,1354.199951171875,1355.9000244140625,16943
2026-07-03 11:35:00+05:30,1355.0,1355.5,1353.9000244140625,1354.0,15581
2026-07-03 11:40:00+05:30,1356.699951171875,1356.800048828125,1354.800048828125,1355.0,15919
2026-07-03 11:45:00+05:30,1355.0,1357.5999755859375,1355.0,1356.5999755859375,23809
2026-07-03 11:50:00+05:30,1355.300048828125,1355.800048828125,1354.9000244140625,1355.199951171875,12301
2026-07-03 11:55:00+05:30,1356.0999755859375,1356.0999755859375,1355.0,1355.300048828125,16547
2026-07-03 12:00:00+05:30,1356.4000244140625,1356.5999755859375,1355.5,1356.5999755859375,13674
2026-07-03 12:05:00+05:30,1356.4000244140625,1357.0,1355.0999755859375,1356.4000244140625,31361
2026-07-03 12:10:00+05:30,1357.4000244140625,1357.800048828125,1355.5,1356.4000244140625,27769
2026-07-03 12:15:00+05:30,1357.199951171875,1358.0,1357.199951171875,1357.4000244140625,14738
2026-07-03 12:20:00+05:30,1357.9000244140625,1358.0,1357.199951171875,1357.699951171875,14472
2026-07-03 12:25:00+05:30,1356.9000244140625,1358.699951171875,1356.0,1358.0,28660
2026-07-03 12:30:00+05:30,1357.0999755859375,1357.199951171875,1355.9000244140625,1356.9000244140625,17131
2026-07-03 12:35:00+05:30,1357.199951171875,1357.5999755859375,1355.699951171875,1357.0999755859375,20343
2026-07-03 12:40:00+05:30,1357.0999755859375,1357.4000244140625,1356.300048828125,1357.199951171875,18665
2026-07-03 12:45:00+05:30,1356.4000244140625,1357.5999755859375,1355.800048828125,1357.5999755859375,22093
2026-07-03 12:50:00+05:30,1354.5999755859375,1356.5999755859375,1354.5999755859375,1356.4000244140625,23621
2026-07-03 12:55:00+05:30,1355.699951171875,1356.5999755859375,1353.5999755859375,1354.699951171875,31040
2026-07-03 13:00:00+05:30,1353.5,1355.9000244140625,1353.300048828125,1355.699951171875,29577
2026-07-03 13:05:00+05:30,1352.800048828125,1353.5999755859375,1351.5,1353.5999755859375,46601
2026-07-03 13:10:00+05:30,1353.0,1353.5999755859375,1352.0,1352.800048828125,23590
2026-07-03 13:15:00+05:30,1353.300048828125,1353.4000244140625,1352.0,1353.0,20481
2026-07-03 13:20:00+05:30,1353.5999755859375,1354.0,1352.4000244140625,1353.300048828125,23708
2026-07-03 13:25:00+05:30,1352.699951171875,1353.9000244140625,1352.5,1353.199951171875,17653
2026-07-03 13:30:00+05:30,1351.5999755859375,1352.9000244140625,1351.0,1352.9000244140625,23742
2026-07-03 13:35:00+05:30,1350.9000244140625,1351.699951171875,1350.0,1351.5999755859375,58291
2026-07-03 13:40:00+05:30,1351.800048828125,1352.5,1350.800048828125,1350.9000244140625,43412
2026-07-03 13:45:00+05:30,1352.4000244140625,1352.4000244140625,1350.9000244140625,1351.9000244140625,23904
2026-07-03 13:50:00+05:30,1351.9000244140625,1353.0,1351.300048828125,1352.300048828125,33486
2026-07-03 13:55:00+05:30,1351.5999755859375,1352.0999755859375,1350.9000244140625,1351.9000244140625,25426
2026-07-03 14:00:00+05:30,1349.699951171875,1352.5999755859375,1348.9000244140625,1351.5,40842
2026-07-03 14:05:00+05:30,1349.800048828125,1350.0,1349.199951171875,1349.699951171875,30873
2026-07-03 14:10:00+05:30,1345.300048828125,1349.800048828125,1345.0,1349.800048828125,55933
2026-07-03 14:15:00+05:30,1341.9000244140625,1345.5999755859375,1341.5999755859375,1345.300048828125,55923
2026-07-03 14:20:00+05:30,1342.199951171875,1343.0,1341.5,1341.9000244140625,30673
2026-07-03 14:25:00+05:30,1339.199951171875,1342.5,1338.5,1342.300048828125,46881
2026-07-03 14:30:00+05:30,1341.9000244140625,1342.5999755859375,1338.9000244140625,1339.4000244140625,52623
2026-07-03 14:35:00+05:30,1340.199951171875,1342.699951171875,1339.0,1342.300048828125,37256
2026-07-03 14:40:00+05:30,1342.4000244140625,1342.800048828125,1339.5,1340.199951171875,56858
2026-07-03 14:45:00+05:30,1342.300048828125,1343.0,1341.5,1342.699951171875,47665
2026-07-03 14:50:00+05:30,1341.300048828125,1342.199951171875,1340.699951171875,1342.0999755859375,83833
2026-07-03 14:55:00+05:30,1340.5999755859375,1341.800048828125,1340.0,1341.199951171875,46371
2026-07-03 15:00:00+05:30,1341.699951171875,1343.199951171875,1341.0,1341.0,88544
2026-07-03 15:05:00+05:30,1340.199951171875,1342.300048828125,1340.0,1341.699951171875,83785
2026-07-03 15:10:00+05:30,1341.300048828125,1342.4000244140625,1340.0,1340.199951171875,124941
2026-07-03 15:15:00+05:30,1342.0999755859375,1342.5,1341.0999755859375,1341.4000244140625,104634
2026-07-03 15:20:00+05:30,1343.199951171875,1344.0,1341.800048828125,1342.0999755859375,96105
2026-07-03 15:25:00+05:30,1342.5999755859375,1343.9000244140625,1341.5,1343.800048828125,142921
2026-07-06 09:15:00+05:30,1365.699951171875,1370.9000244140625,1355.800048828125,1355.800048828125,0
2026-07-06 09:20:00+05:30,1362.5,1369.5,1362.5,1365.4000244140625,136632
2026-07-06 09:25:00+05:30,1362.199951171875,1363.0999755859375,1359.300048828125,1362.699951171875,117195
2026-07-06 09:30:00+05:30,1362.9000244140625,1365.0,1361.0999755859375,1362.300048828125,46287
2026-07-06 09:35:00+05:30,1366.0,1366.0,1362.5999755859375,1363.0,67216
2026-07-06 09:40:00+05:30,1364.699951171875,1367.0,1364.5,1365.699951171875,65236
2026-07-06 09:45:00+05:30,1364.5999755859375,1367.0999755859375,1364.5,1364.5,288384
2026-07-06 09:50:00+05:30,1365.300048828125,1366.300048828125,1364.0999755859375,1364.5999755859375,23752
2026-07-06 09:55:00+05:30,1365.699951171875,1365.699951171875,1364.199951171875,1365.300048828125,14603
2026-07-06 10:00:00+05:30,1365.4000244140625,1366.300048828125,1364.699951171875,1365.5999755859375,17518
2026-07-06 10:05:00+05:30,1363.9000244140625,1365.699951171875,1362.9000244140625,1364.9000244140625,33632
2026-07-06 10:10:00+05:30,1363.800048828125,1366.0,1363.5,1364.5,25709
2026-07-06 10:15:00+05:30,1358.4000244140625,1363.9000244140625,1358.199951171875,1363.9000244140625,90569
2026-07-06 10:20:00+05:30,1358.5,1359.5,1357.199951171875,1358.199951171875,42435
2026-07-06 10:25:00+05:30,1356.5,1359.0,1356.5,1358.699951171875,53931
2026-07-06 10:30:00+05:30,1354.4000244140625,1357.0,1354.0999755859375,1356.699951171875,123565
2026-07-06 10:35:00+05:30,1351.4000244140625,1354.9000244140625,1351.199951171875,1354.9000244140625,135849
2026-07-06 10:40:00+05:30,1348.9000244140625,1352.0,1348.199951171875,1351.300048828125,147559
2026-07-06 10:45:00+05:30,1352.0,1352.5999755859375,1348.699951171875,1349.0999755859375,78146
2026-07-06 10:50:00+05:30,1350.9000244140625,1352.5999755859375,1349.300048828125,1352.5,68039
2026-07-06 10:55:00+05:30,1352.800048828125,1353.0,1349.9000244140625,1350.800048828125,56610
2026-07-06 11:00:00+05:30,1352.0,1353.5,1352.0,1352.5,37276
2026-07-06 11:05:00+05:30,1350.5999755859375,1351.9000244140625,1349.9000244140625,1351.4000244140625,38055
2026-07-06 11:10:00+05:30,1352.9000244140625,1353.800048828125,1350.0,1350.300048828125,46655
2026-07-06 11:15:00+05:30,1351.5999755859375,1352.9000244140625,1350.699951171875,1352.9000244140625,36868
2026-07-06 11:20:00+05:30,1352.699951171875,1352.9000244140625,1350.5,1351.199951171875,31648
2026-07-06 11:25:00+05:30,1351.5999755859375,1355.0,1350.800048828125,1352.5999755859375,41819
2026-07-06 11:30:00+05:30,1349.9000244140625,1351.800048828125,1349.4000244140625,1351.800048828125,41162
2026-07-06 11:35:00+05:30,1348.0999755859375,1350.300048828125,1348.0,1349.800048828125,48058
2026-07-06 11:40:00+05:30,1343.199951171875,1347.4000244140625,1342.0999755859375,1347.4000244140625,179229
2026-07-06 11:45:00+05:30,1344.5,1346.0,1342.199951171875,1343.199951171875,72326
2026-07-06 11:50:00+05:30,1348.699951171875,1348.699951171875,1344.5,1344.5,43206
2026-07-06 11:55:00+05:30,1349.300048828125,1349.5,1347.800048828125,1348.800048828125,19546
2026-07-06 12:00:00+05:30,1348.0,1349.5999755859375,1346.699951171875,1349.300048828125,54786
2026-07-06 12:05:00+05:30,1348.0,1348.0,1347.800048828125,1347.9000244140625,18341
2026-07-06 12:10:00+05:30,1349.9000244140625,1351.199951171875,1347.300048828125,1348.0,65141
2026-07-06 12:15:00+05:30,1351.0,1351.0,1348.300048828125,1349.9000244140625,41174
2026-07-06 12:20:00+05:30,1350.300048828125,1351.0,1348.800048828125,1350.9000244140625,65248
2026-07-06 12:25:00+05:30,1349.699951171875,1350.9000244140625,1349.300048828125,1350.300048828125,29323
2026-07-06 12:30:00+05:30,1351.0999755859375,1351.800048828125,1349.0,1349.5,27268
2026-07-06 12:35:00+05:30,1348.800048828125,1351.699951171875,1348.4000244140625,1351.0999755859375,27653
2026-07-06 12:40:00+05:30,1349.5,1350.4000244140625,1348.5,1348.5,65400
2026-07-06 12:45:00+05:30,1349.300048828125,1349.699951171875,1347.5,1349.5,67832
2026-07-06 12:50:00+05:30,1347.300048828125,1349.199951171875,1346.9000244140625,1349.199951171875,55777
2026-07-06 12:55:00+05:30,1348.0,1348.199951171875,1345.5999755859375,1347.300048828125,48763
2026-07-06 13:00:00+05:30,1347.300048828125,1348.0,1342.4000244140625,1348.0,111343
2026-07-06 13:05:00+05:30,1350.5,1350.800048828125,1347.0,1347.4000244140625,34869
2026-07-06 13:10:00+05:30,1350.4000244140625,1352.0999755859375,1350.0,1350.5999755859375,38014
2026-07-06 13:15:00+05:30,1348.699951171875,1351.0,1348.4000244140625,1350.5999755859375,28467
2026-07-06 13:20:00+05:30,1347.300048828125,1348.800048828125,1346.9000244140625,1348.699951171875,56315
2026-07-06 13:25:00+05:30,1346.5999755859375,1347.699951171875,1344.9000244140625,1347.699951171875,36949
2026-07-06 13:30:00+05:30,1346.5999755859375,1346.699951171875,1345.5,1346.699951171875,15239
2026-07-06 13:35:00+05:30,1346.9000244140625,1347.199951171875,1346.4000244140625,1346.699951171875,31096
2026-07-06 13:40:00+05:30,1345.5,1347.199951171875,1345.5,1346.9000244140625,16448
2026-07-06 13:45:00+05:30,1345.0,1346.5,1344.5999755859375,1345.5999755859375,31294
2026-07-06 13:50:00+05:30,1343.199951171875,1345.9000244140625,1342.300048828125,1345.0,56562
2026-07-06 13:55:00+05:30,1341.199951171875,1343.0,1340.5999755859375,1343.0,74137
2026-07-06 14:00:00+05:30,1341.5,1341.699951171875,1340.0,1341.4000244140625,49612
2026-07-06 14:05:00+05:30,1340.4000244140625,1341.5,1339.5999755859375,1341.5,41794
2026-07-06 14:10:00+05:30,1339.0,1341.699951171875,1339.0,1340.5,49597
2026-07-06 14:15:00+05:30,1339.199951171875,1340.9000244140625,1339.0,1339.0,115084
2026-07-06 14:20:00+05:30,1338.0999755859375,1340.0999755859375,1337.5,1339.5,73272
2026-07-06 14:25:00+05:30,1337.300048828125,1338.300048828125,1336.5999755859375,1338.0999755859375,39104
2026-07-06 14:30:00+05:30,1337.0999755859375,1337.800048828125,1335.5999755859375,1337.5,47128
2026-07-06 14:35:00+05:30,1338.199951171875,1338.4000244140625,1336.0,1337.0999755859375,44272
2026-07-06 14:40:00+05:30,1336.5,1338.4000244140625,1336.300048828125,1338.199951171875,28330
2026-07-06 14:45:00+05:30,1336.9000244140625,1338.199951171875,1336.0999755859375,1336.5999755859375,37865
2026-07-06 14:50:00+05:30,1337.9000244140625,1338.300048828125,1336.0,1336.9000244140625,38000
2026-07-06 14:55:00+05:30,1337.5999755859375,1338.9000244140625,1337.0,1338.0,43871
2026-07-06 15:00:00+05:30,1339.300048828125,1339.699951171875,1337.5999755859375,1337.5999755859375,72544
2026-07-06 15:05:00+05:30,1340.9000244140625,1342.0999755859375,1338.699951171875,1339.300048828125,119061
2026-07-06 15:10:00+05:30,1341.0999755859375,1341.9000244140625,1340.4000244140625,1340.800048828125,102123
2026-07-06 15:15:00+05:30,1339.5999755859375,1341.4000244140625,1339.0,1341.0,132701
2026-07-06 15:20:00+05:30,1338.4000244140625,1339.5999755859375,1337.5,1339.5999755859375,153549
2026-07-06 15:25:00+05:30,1338.0,1338.699951171875,1337.199951171875,1338.0999755859375,80965
2026-07-07 09:15:00+05:30,1343.300048828125,1346.4000244140625,1338.9000244140625,1345.4000244140625,0
2026-07-07 09:20:00+05:30,1344.4000244140625,1345.5,1342.9000244140625,1343.199951171875,60060
2026-07-07 09:25:00+05:30,1345.800048828125,1346.0,1343.5,1344.300048828125,51576
2026-07-07 09:30:00+05:30,1350.800048828125,1352.5999755859375,1344.4000244140625,1345.699951171875,1620107
2026-07-07 09:35:00+05:30,1349.9000244140625,1356.9000244140625,1349.199951171875,1351.0,150819
2026-07-07 09:40:00+05:30,1348.9000244140625,1352.0,1347.9000244140625,1349.9000244140625,57332
2026-07-07 09:45:00+05:30,1349.199951171875,1350.5999755859375,1348.9000244140625,1349.0999755859375,46860
2026-07-07 09:50:00+05:30,1347.199951171875,1350.800048828125,1347.0999755859375,1349.4000244140625,53722
2026-07-07 09:55:00+05:30,1347.0999755859375,1347.5999755859375,1346.0,1347.199951171875,46432
2026-07-07 10:00:00+05:30,1346.300048828125,1347.9000244140625,1346.300048828125,1347.5,47873
2026-07-07 10:05:00+05:30,1345.9000244140625,1347.300048828125,1344.699951171875,1347.0,57222
2026-07-07 10:10:00+05:30,1345.5,1346.5999755859375,1345.199951171875,1345.800048828125,84437
2026-07-07 10:15:00+05:30,1348.300048828125,1348.300048828125,1345.5,1345.5999755859375,43377
2026-07-07 10:20:00+05:30,1348.199951171875,1348.4000244140625,1345.5999755859375,1348.0,82292
2026-07-07 10:25:00+05:30,1347.5,1348.199951171875,1345.5999755859375,1348.199951171875,35153
2026-07-07 10:30:00+05:30,1347.699951171875,1349.300048828125,1347.4000244140625,1347.5,42768
2026-07-07 10:35:00+05:30,1352.5,1352.5,1347.199951171875,1347.699951171875,63926
2026-07-07 10:40:00+05:30,1347.699951171875,1352.699951171875,1347.5,1352.300048828125,117393
2026-07-07 10:45:00+05:30,1350.5,1350.699951171875,1347.0,1347.699951171875,85214
2026-07-07 10:50:00+05:30,1348.4000244140625,1350.5,1347.699951171875,1350.5,38801
2026-07-07 10:55:00+05:30,1347.0,1348.199951171875,1346.0,1348.199951171875,41145
2026-07-07 11:00:00+05:30,1346.199951171875,1347.699951171875,1344.9000244140625,1346.800048828125,125392
2026-07-07 11:05:00+05:30,1347.199951171875,1347.5,1345.9000244140625,1346.199951171875,39986
2026-07-07 11:10:00+05:30,1347.800048828125,1348.199951171875,1346.199951171875,1347.199951171875,71355
2026-07-07 11:15:00+05:30,1347.5,1347.800048828125,1346.5999755859375,1347.800048828125,35749
2026-07-07 11:20:00+05:30,1349.0,1349.699951171875,1347.5,1347.5,52912
2026-07-07 11:25:00+05:30,1347.4000244140625,1350.300048828125,1346.5,1349.0,45560
2026-07-07 11:30:00+05:30,1347.4000244140625,1348.0,1347.0,1347.4000244140625,37293
2026-07-07 11:35:00+05:30,1347.699951171875,1350.5,1346.699951171875,1347.300048828125,166568
2026-07-07 11:40:00+05:30,1346.300048828125,1347.699951171875,1345.5,1347.699951171875,51548
2026-07-07 11:45:00+05:30,1346.4000244140625,1349.0,1345.5999755859375,1346.0999755859375,96708
2026-07-07 11:50:00+05:30,1347.5,1347.800048828125,1346.0999755859375,1346.4000244140625,45789
2026-07-07 11:55:00+05:30,1348.300048828125,1349.4000244140625,1347.4000244140625,1347.800048828125,49118
2026-07-07 12:00:00+05:30,1346.800048828125,1348.800048828125,1346.300048828125,1348.5,57827
2026-07-07 12:05:00+05:30,1345.699951171875,1347.0,1345.5,1346.5999755859375,49405
2026-07-07 12:10:00+05:30,1345.5999755859375,1347.300048828125,1344.800048828125,1346.0,97496
2026-07-07 12:15:00+05:30,1344.4000244140625,1346.0999755859375,1343.5999755859375,1346.0999755859375,63637
2026-07-07 12:20:00+05:30,1344.0,1345.199951171875,1343.5999755859375,1344.199951171875,48078
2026-07-07 12:25:00+05:30,1344.9000244140625,1345.0,1343.9000244140625,1344.0,22298
2026-07-07 12:30:00+05:30,1344.0999755859375,1345.0,1343.300048828125,1344.800048828125,36901
2026-07-07 12:35:00+05:30,1344.0999755859375,1344.800048828125,1342.4000244140625,1344.300048828125,97756
2026-07-07 12:40:00+05:30,1344.300048828125,1345.0,1343.699951171875,1344.199951171875,26063
2026-07-07 12:45:00+05:30,1344.5999755859375,1345.0,1343.800048828125,1344.300048828125,39728
2026-07-07 12:50:00+05:30,1344.0,1345.0,1342.800048828125,1344.4000244140625,68023
2026-07-07 12:55:00+05:30,1344.800048828125,1344.800048828125,1343.0,1344.0999755859375,54428
2026-07-07 13:00:00+05:30,1345.699951171875,1345.699951171875,1344.4000244140625,1344.5,34736
2026-07-07 13:05:00+05:30,1345.0,1345.4000244140625,1344.5999755859375,1345.4000244140625,23524
2026-07-07 13:10:00+05:30,1344.9000244140625,1345.199951171875,1344.0999755859375,1344.9000244140625,26354
2026-07-07 13:15:00+05:30,1344.5999755859375,1345.0,1344.4000244140625,1344.9000244140625,18136
2026-07-07 13:20:00+05:30,1344.300048828125,1345.0,1344.300048828125,1344.5999755859375,21857
2026-07-07 13:25:00+05:30,1343.199951171875,1344.800048828125,1342.800048828125,1344.4000244140625,33865
2026-07-07 13:30:00+05:30,1342.699951171875,1344.0999755859375,1342.300048828125,1343.300048828125,32558
2026-07-07 13:35:00+05:30,1341.0,1343.199951171875,1340.300048828125,1342.699951171875,48086
2026-07-07 13:40:00+05:30,1341.800048828125,1342.0999755859375,1341.0,1341.0999755859375,38628
2026-07-07 13:45:00+05:30,1341.9000244140625,1342.5999755859375,1341.5,1341.699951171875,38619
2026-07-07 13:50:00+05:30,1341.9000244140625,1343.0999755859375,1341.300048828125,1341.800048828125,38324
2026-07-07 13:55:00+05:30,1341.699951171875,1342.0999755859375,1341.199951171875,1341.5,36259
2026-07-07 14:00:00+05:30,1341.300048828125,1342.0999755859375,1341.199951171875,1341.5999755859375,26614
2026-07-07 14:05:00+05:30,1342.5,1343.5999755859375,1341.199951171875,1341.300048828125,68438
2026-07-07 14:10:00+05:30,1342.5,1342.800048828125,1342.0,1342.5,33453
2026-07-07 14:15:00+05:30,1344.5,1344.5999755859375,1342.4000244140625,1342.4000244140625,39271
2026-07-07 14:20:00+05:30,1342.5999755859375,1344.5,1342.5999755859375,1344.5,35977
2026-07-07 14:25:00+05:30,1343.5999755859375,1344.4000244140625,1342.5999755859375,1342.5999755859375,37142
2026-07-07 14:30:00+05:30,1344.300048828125,1345.0,1343.5,1343.699951171875,33676
2026-07-07 14:35:00+05:30,1344.800048828125,1345.0,1344.0,1344.699951171875,80235
2026-07-07 14:40:00+05:30,1345.0,1345.4000244140625,1344.0999755859375,1344.699951171875,39196
2026-07-07 14:45:00+05:30,1344.800048828125,1346.5,1344.4000244140625,1345.0999755859375,72812
2026-07-07 14:50:00+05:30,1344.699951171875,1345.4000244140625,1344.300048828125,1344.5999755859375,49333
2026-07-07 14:55:00+05:30,1344.5999755859375,1345.4000244140625,1343.9000244140625,1344.699951171875,55194
2026-07-07 15:00:00+05:30,1342.9000244140625,1345.0,1342.0,1345.0,114472
2026-07-07 15:05:00+05:30,1342.699951171875,1343.5,1342.0,1342.800048828125,186758
2026-07-07 15:10:00+05:30,1339.5999755859375,1342.800048828125,1339.0,1342.699951171875,133649
2026-07-07 15:15:00+05:30,1340.199951171875,1341.0999755859375,1339.5999755859375,1339.699951171875,123527
2026-07-07 15:20:00+05:30,1339.300048828125,1340.4000244140625,1339.199951171875,1340.0,104478
2026-07-07 15:25:00+05:30,1341.0,1341.0,1336.199951171875,1339.300048828125,92946
2026-07-08 09:15:00+05:30,1331.0,1339.199951171875,1330.699951171875,1334.699951171875,0
2026-07-08 09:20:00+05:30,1331.5,1333.800048828125,1330.5999755859375,1330.800048828125,76536
2026-07-08 09:25:00+05:30,1333.199951171875,1333.699951171875,1332.0,1332.5,48502
2026-07-08 09:30:00+05:30,1331.0,1332.800048828125,1328.699951171875,1332.800048828125,82128
2026-07-08 09:35:00+05:30,1331.4000244140625,1331.5,1330.0,1330.699951171875,33481
2026-07-08 09:40:00+05:30,1331.0,1331.800048828125,1330.199951171875,1331.5,31100
2026-07-08 09:45:00+05:30,1333.0,1333.5999755859375,1331.0999755859375,1331.300048828125,71905
2026-07-08 09:50:00+05:30,1333.0999755859375,1335.699951171875,1332.5999755859375,1332.5999755859375,97626
2026-07-08 09:55:00+05:30,1330.699951171875,1333.800048828125,1330.5,1333.800048828125,50069
2026-07-08 10:00:00+05:30,1330.9000244140625,1331.199951171875,1330.0999755859375,1330.699951171875,28724
2026-07-08 10:05:00+05:30,1331.4000244140625,1332.5999755859375,1330.5,1330.9000244140625,50837
2026-07-08 10:10:00+05:30,1331.800048828125,1333.5999755859375,1330.9000244140625,1331.4000244140625,44010
2026-07-08 10:15:00+05:30,1333.4000244140625,1333.699951171875,1331.0999755859375,1331.5,48764
2026-07-08 10:20:00+05:30,1330.9000244140625,1333.5999755859375,1330.9000244140625,1333.5999755859375,21512
2026-07-08 10:25:00+05:30,1332.199951171875,1332.199951171875,1330.5999755859375,1331.300048828125,23962
2026-07-08 10:30:00+05:30,1332.0999755859375,1332.4000244140625,1331.5,1332.0,36849
2026-07-08 10:35:00+05:30,1334.300048828125,1334.9000244140625,1331.5999755859375,1332.0999755859375,63643
2026-07-08 10:40:00+05:30,1333.0999755859375,1334.699951171875,1333.0999755859375,1334.300048828125,33990
2026-07-08 10:45:00+05:30,1331.9000244140625,1333.0,1331.300048828125,1333.0,29506
2026-07-08 10:50:00+05:30,1332.699951171875,1333.800048828125,1331.5,1332.0,48721
2026-07-08 10:55:00+05:30,1332.0999755859375,1333.199951171875,1331.5999755859375,1332.699951171875,17672
2026-07-08 11:00:00+05:30,1331.300048828125,1332.699951171875,1331.0,1331.699951171875,27624
2026-07-08 11:05:00+05:30,1331.4000244140625,1332.300048828125,1331.0999755859375,1331.0999755859375,24989
2026-07-08 11:10:00+05:30,1330.800048828125,1331.5999755859375,1330.0999755859375,1331.4000244140625,61518
2026-07-08 11:15:00+05:30,1329.800048828125,1330.800048828125,1328.699951171875,1330.800048828125,78137
2026-07-08 11:20:00+05:30,1330.5,1330.5999755859375,1329.0,1329.5999755859375,102254
2026-07-08 11:25:00+05:30,1329.800048828125,1330.800048828125,1329.300048828125,1330.5,20577
2026-07-08 11:30:00+05:30,1328.699951171875,1330.300048828125,1324.699951171875,1329.300048828125,108082
2026-07-08 11:35:00+05:30,1325.0,1329.300048828125,1324.5,1329.0,90483
2026-07-08 11:40:00+05:30,1320.4000244140625,1325.0999755859375,1319.300048828125,1325.0999755859375,164008
2026-07-08 11:45:00+05:30,1318.699951171875,1322.5999755859375,1318.199951171875,1320.800048828125,117065
2026-07-08 11:50:00+05:30,1315.0,1319.300048828125,1314.5999755859375,1318.5999755859375,158675
2026-07-08 11:55:00+05:30,1318.699951171875,1320.9000244140625,1314.5,1314.699951171875,276642
2026-07-08 12:00:00+05:30,1322.300048828125,1323.0,1317.800048828125,1318.5999755859375,125569
2026-07-08 12:05:00+05:30,1323.800048828125,1324.4000244140625,1322.199951171875,1322.199951171875,113402
2026-07-08 12:10:00+05:30,1319.5,1325.199951171875,1319.5,1323.0,109947
2026-07-08 12:15:00+05:30,1319.9000244140625,1320.5999755859375,1317.300048828125,1319.0,69356
2026-07-08 12:20:00+05:30,1318.199951171875,1320.5,1318.0,1319.5,23690
2026-07-08 12:25:00+05:30,1317.0,1319.300048828125,1316.5,1318.300048828125,30913
2026-07-08 12:30:00+05:30,1320.0999755859375,1321.199951171875,1316.0999755859375,1317.0999755859375,197678
2026-07-08 12:35:00+05:30,1323.9000244140625,1324.0,1320.0,1320.0,122340
2026-07-08 12:40:00+05:30,1323.300048828125,1325.300048828125,1323.0,1324.300048828125,45844
2026-07-08 12:45:00+05:30,1323.9000244140625,1324.9000244140625,1323.300048828125,1323.4000244140625,54043
2026-07-08 12:50:00+05:30,1324.5,1324.5999755859375,1323.800048828125,1324.0,50296
2026-07-08 12:55:00+05:30,1327.0,1329.0999755859375,1323.9000244140625,1324.4000244140625,184066
2026-07-08 13:00:00+05:30,1336.4000244140625,1336.5,1326.9000244140625,1327.0,179717
2026-07-08 13:05:00+05:30,1337.699951171875,1339.0,1335.5999755859375,1336.199951171875,62966
2026-07-08 13:10:00+05:30,1333.4000244140625,1337.9000244140625,1332.5,1337.9000244140625,357728
2026-07-08 13:15:00+05:30,1333.9000244140625,1334.800048828125,1331.4000244140625,1333.199951171875,65309
2026-07-08 13:20:00+05:30,1333.0999755859375,1334.5,1332.0999755859375,1334.0,56005
2026-07-08 13:25:00+05:30,1332.199951171875,1333.5,1332.0,1333.0999755859375,36409
2026-07-08 13:30:00+05:30,1331.4000244140625,1333.300048828125,1330.9000244140625,1332.300048828125,35755
2026-07-08 13:35:00+05:30,1332.0999755859375,1332.800048828125,1331.199951171875,1331.5999755859375,31715
2026-07-08 13:40:00+05:30,1332.5,1332.5999755859375,1330.5999755859375,1332.4000244140625,42001
2026-07-08 13:45:00+05:30,1329.199951171875,1333.800048828125,1326.800048828125,1332.199951171875,59610
2026-07-08 13:50:00+05:30,1322.800048828125,1330.0,1322.0999755859375,1329.4000244140625,104085
2026-07-08 13:55:00+05:30,1322.9000244140625,1324.800048828125,1322.0999755859375,1322.800048828125,47701
2026-07-08 14:00:00+05:30,1322.4000244140625,1324.0999755859375,1322.0,1323.0999755859375,122853
2026-07-08 14:05:00+05:30,1317.9000244140625,1322.0999755859375,1317.4000244140625,1322.0,170076
2026-07-08 14:10:00+05:30,1311.4000244140625,1317.9000244140625,1310.0,1317.9000244140625,134535
2026-07-08 14:15:00+05:30,1311.199951171875,1314.5999755859375,1309.199951171875,1311.5,77724
2026-07-08 14:20:00+05:30,1313.4000244140625,1314.300048828125,1311.0999755859375,1312.0999755859375,34815
2026-07-08 14:25:00+05:30,1306.9000244140625,1313.800048828125,1306.9000244140625,1313.300048828125,87671
2026-07-08 14:30:00+05:30,1308.5,1311.0,1306.5,1307.0999755859375,92319
2026-07-08 14:35:00+05:30,1308.0999755859375,1310.0,1306.300048828125,1308.800048828125,72673
2026-07-08 14:40:00+05:30,1306.9000244140625,1308.800048828125,1305.199951171875,1308.5999755859375,122033
2026-07-08 14:45:00+05:30,1307.0,1307.0999755859375,1304.4000244140625,1306.800048828125,135634
2026-07-08 14:50:00+05:30,1306.300048828125,1308.300048828125,1304.0,1307.0,126579
2026-07-08 14:55:00+05:30,1307.0,1308.4000244140625,1305.9000244140625,1306.5,98059
2026-07-08 15:00:00+05:30,1306.199951171875,1311.300048828125,1305.9000244140625,1308.9000244140625,211756
2026-07-08 15:05:00+05:30,1307.5,1308.300048828125,1305.300048828125,1306.199951171875,147893
2026-07-08 15:10:00+05:30,1309.300048828125,1310.300048828125,1306.5,1307.4000244140625,176318
2026-07-08 15:15:00+05:30,1310.5999755859375,1312.800048828125,1309.300048828125,1309.300048828125,144439
2026-07-08 15:20:00+05:30,1312.0999755859375,1314.0,1310.5999755859375,1310.699951171875,165178
2026-07-08 15:25:00+05:30,1310.9000244140625,1312.5999755859375,1309.800048828125,1312.0,80430
2026-07-09 09:15:00+05:30,1320.5,1320.9000244140625,1310.699951171875,1313.199951171875,0
2026-07-09 09:20:00+05:30,1320.199951171875,1321.4000244140625,1318.699951171875,1320.300048828125,34774
2026-07-09 09:25:00+05:30,1318.0,1321.0999755859375,1318.0,1321.0,32696
2026-07-09 09:30:00+05:30,1316.4000244140625,1319.5999755859375,1314.9000244140625,1318.0999755859375,34333
2026-07-09 09:35:00+05:30,1314.5999755859375,1317.0,1314.0,1316.699951171875,30448
2026-07-09 09:40:00+05:30,1313.0999755859375,1315.5999755859375,1312.0,1315.0999755859375,27854
2026-07-09 09:45:00+05:30,1314.9000244140625,1316.5,1313.0,1313.300048828125,20936
2026-07-09 09:50:00+05:30,1313.699951171875,1315.300048828125,1313.699951171875,1314.9000244140625,13136
2026-07-09 09:55:00+05:30,1314.800048828125,1315.699951171875,1313.0,1313.0,21444
2026-07-09 10:00:00+05:30,1315.5999755859375,1318.300048828125,1314.5999755859375,1314.5999755859375,32225
2026-07-09 10:05:00+05:30,1315.0,1316.0999755859375,1315.0,1315.5999755859375,16654
2026-07-09 10:10:00+05:30,1315.699951171875,1315.9000244140625,1314.5999755859375,1315.5,13227
2026-07-09 10:15:00+05:30,1314.699951171875,1315.5999755859375,1314.0,1315.4000244140625,10404
2026-07-09 10:20:00+05:30,1313.9000244140625,1314.699951171875,1313.199951171875,1314.699951171875,18324
2026-07-09 10:25:00+05:30,1311.5999755859375,1314.4000244140625,1310.699951171875,1314.0999755859375,29402
2026-07-09 10:30:00+05:30,1308.4000244140625,1311.699951171875,1308.300048828125,1311.5999755859375,24979
2026-07-09 10:35:00+05:30,1305.5999755859375,1308.800048828125,1305.4000244140625,1307.9000244140625,29444
2026-07-09 10:40:00+05:30,1309.699951171875,1315.5999755859375,1306.4000244140625,1306.699951171875,322101
2026-07-09 10:45:00+05:30,1304.300048828125,1309.699951171875,1303.9000244140625,1309.699951171875,60493
2026-07-09 10:50:00+05:30,1305.9000244140625,1306.199951171875,1303.800048828125,1304.300048828125,33082
2026-07-09 10:55:00+05:30,1303.9000244140625,1306.0999755859375,1303.9000244140625,1306.0999755859375,34300
2026-07-09 11:00:00+05:30,1305.5999755859375,1306.0,1301.699951171875,1303.9000244140625,41482
2026-07-09 11:05:00+05:30,1305.0,1306.0999755859375,1304.0,1305.699951171875,23013
2026-07-09 11:10:00+05:30,1305.300048828125,1305.9000244140625,1304.0,1304.800048828125,46962
2026-07-09 11:15:00+05:30,1309.5,1309.5,1303.699951171875,1305.300048828125,44776
2026-07-09 11:20:00+05:30,1312.800048828125,1313.5,1308.4000244140625,1309.300048828125,200397
2026-07-09 11:25:00+05:30,1318.0999755859375,1320.0,1312.0,1312.699951171875,362032
2026-07-09 11:30:00+05:30,1316.199951171875,1318.0,1313.0999755859375,1317.9000244140625,74372
2026-07-09 11:35:00+05:30,1314.0,1316.5,1313.4000244140625,1316.4000244140625,30489
2026-07-09 11:40:00+05:30,1315.199951171875,1316.9000244140625,1313.4000244140625,1314.0,46913
2026-07-09 11:45:00+05:30,1314.199951171875,1315.4000244140625,1312.5999755859375,1315.4000244140625,19409
2026-07-09 11:50:00+05:30,1312.0,1314.0999755859375,1311.5,1314.0999755859375,23916
2026-07-09 11:55:00+05:30,1310.9000244140625,1314.0999755859375,1310.699951171875,1311.9000244140625,51724
2026-07-09 12:00:00+05:30,1312.0,1313.4000244140625,1310.4000244140625,1311.300048828125,30975
2026-07-09 12:05:00+05:30,1309.699951171875,1312.0,1309.5999755859375,1312.0,23102
2026-07-09 12:10:00+05:30,1309.699951171875,1310.5,1308.0999755859375,1309.800048828125,31382
2026-07-09 12:15:00+05:30,1306.699951171875,1310.0,1306.699951171875,1309.699951171875,32478
2026-07-09 12:20:00+05:30,1308.0999755859375,1308.199951171875,1306.0,1306.699951171875,35473
2026-07-09 12:25:00+05:30,1307.800048828125,1310.4000244140625,1306.9000244140625,1308.199951171875,76996
2026-07-09 12:30:00+05:30,1305.300048828125,1307.9000244140625,1305.300048828125,1307.9000244140625,36816
2026-07-09 12:35:00+05:30,1304.5999755859375,1305.699951171875,1304.300048828125,1305.699951171875,33713
2026-07-09 12:40:00+05:30,1302.5999755859375,1304.9000244140625,1301.5999755859375,1304.5,266540
2026-07-09 12:45:00+05:30,1301.800048828125,1303.800048828125,1300.4000244140625,1303.0,301100
2026-07-09 12:50:00+05:30,1304.5999755859375,1305.5999755859375,1301.0999755859375,1301.699951171875,74505
2026-07-09 12:55:00+05:30,1304.300048828125,1305.0999755859375,1303.800048828125,1304.4000244140625,51262
2026-07-09 13:00:00+05:30,1304.0999755859375,1305.4000244140625,1303.4000244140625,1304.300048828125,80873
2026-07-09 13:05:00+05:30,1304.5999755859375,1305.4000244140625,1303.5,1304.0999755859375,38199
2026-07-09 13:10:00+05:30,1304.699951171875,1305.0999755859375,1304.300048828125,1304.5999755859375,37603
2026-07-09 13:15:00+05:30,1304.300048828125,1305.0,1304.199951171875,1305.0,28100
2026-07-09 13:20:00+05:30,1301.9000244140625,1304.300048828125,1301.9000244140625,1304.199951171875,44497
2026-07-09 13:25:00+05:30,1303.5999755859375,1303.5999755859375,1301.0,1301.5,46583
2026-07-09 13:30:00+05:30,1305.0,1305.0,1303.4000244140625,1303.4000244140625,36612
2026-07-09 13:35:00+05:30,1305.300048828125,1306.300048828125,1304.300048828125,1305.0,89225
2026-07-09 13:40:00+05:30,1304.5999755859375,1305.699951171875,1303.4000244140625,1305.699951171875,86719
2026-07-09 13:45:00+05:30,1304.0,1305.4000244140625,1303.4000244140625,1304.5999755859375,30392
2026-07-09 13:50:00+05:30,1304.699951171875,1304.699951171875,1303.0999755859375,1303.9000244140625,36340
2026-07-09 13:55:00+05:30,1304.0999755859375,1304.699951171875,1303.300048828125,1304.300048828125,34805
2026-07-09 14:00:00+05:30,1302.699951171875,1304.199951171875,1302.300048828125,1304.0999755859375,48952
2026-07-09 14:05:00+05:30,1303.0,1304.0,1302.4000244140625,1302.9000244140625,56590
2026-07-09 14:10:00+05:30,1303.5,1303.5999755859375,1302.0,1302.800048828125,60305
2026-07-09 14:15:00+05:30,1303.300048828125,1304.5999755859375,1302.699951171875,1303.5999755859375,35579
2026-07-09 14:20:00+05:30,1304.0,1304.0999755859375,1302.0,1303.300048828125,37467
2026-07-09 14:25:00+05:30,1303.699951171875,1304.5,1302.4000244140625,1304.0,51871
2026-07-09 14:30:00+05:30,1304.0,1304.5999755859375,1303.199951171875,1303.5999755859375,71961
2026-07-09 14:35:00+05:30,1302.5,1304.300048828125,1301.300048828125,1304.0,131072
2026-07-09 14:40:00+05:30,1299.0,1302.699951171875,1298.800048828125,1302.300048828125,282592
2026-07-09 14:45:00+05:30,1299.199951171875,1300.0999755859375,1298.199951171875,1299.199951171875,66658
2026-07-09 14:50:00+05:30,1299.5,1299.9000244140625,1298.699951171875,1298.699951171875,43819
2026-07-09 14:55:00+05:30,1299.4000244140625,1300.0,1298.5,1299.5999755859375,44345
2026-07-09 15:00:00+05:30,1295.0,1298.4000244140625,1294.800048828125,1298.0999755859375,189223
2026-07-09 15:05:00+05:30,1296.0,1296.5999755859375,1292.199951171875,1294.9000244140625,223393
2026-07-09 15:10:00+05:30,1295.0999755859375,1296.0999755859375,1294.800048828125,1295.9000244140625,103782
2026-07-09 15:15:00+05:30,1296.9000244140625,1298.5,1295.0999755859375,1295.0999755859375,174495
2026-07-09 15:20:00+05:30,1301.5,1301.800048828125,1296.5999755859375,1297.0999755859375,242240
2026-07-09 15:25:00+05:30,1297.5999755859375,1302.9000244140625,1297.5999755859375,1301.0,163573
2026-07-10 09:15:00+05:30,1309.199951171875,1312.0999755859375,1304.9000244140625,1304.9000244140625,0
2026-07-10 09:20:00+05:30,1313.9000244140625,1314.5,1309.5,1309.5999755859375,39721
2026-07-10 09:25:00+05:30,1313.800048828125,1314.0999755859375,1312.199951171875,1313.0,27461
2026-07-10 09:30:00+05:30,1318.800048828125,1318.800048828125,1313.9000244140625,1314.0,75662
2026-07-10 09:35:00+05:30,1320.0,1322.4000244140625,1318.699951171875,1318.9000244140625,85047
2026-07-10 09:40:00+05:30,1318.5,1321.0,1318.199951171875,1320.0,29587
2026-07-10 09:45:00+05:30,1320.199951171875,1320.300048828125,1318.699951171875,1319.5,38485
2026-07-10 09:50:00+05:30,1319.4000244140625,1320.199951171875,1318.5,1320.199951171875,14221
2026-07-10 09:55:00+05:30,1320.199951171875,1320.199951171875,1319.0,1319.4000244140625,31381
2026-07-10 10:00:00+05:30,1318.699951171875,1321.5,1318.699951171875,1320.0999755859375,45115
2026-07-10 10:05:00+05:30,1319.0,1320.0,1318.4000244140625,1318.699951171875,19855
2026-07-10 10:10:00+05:30,1317.699951171875,1318.9000244140625,1317.0999755859375,1318.9000244140625,19446
2026-07-10 10:15:00+05:30,1318.300048828125,1318.300048828125,1316.800048828125,1317.699951171875,19292
2026-07-10 10:20:00+05:30,1318.199951171875,1318.9000244140625,1318.0,1318.300048828125,16058
2026-07-10 10:25:00+05:30,1318.5,1318.800048828125,1317.5,1318.5999755859375,17318
2026-07-10 10:30:00+05:30,1318.0,1318.9000244140625,1317.9000244140625,1318.9000244140625,15084
2026-07-10 10:35:00+05:30,1318.800048828125,1318.9000244140625,1317.699951171875,1318.0,12505
2026-07-10 10:40:00+05:30,1317.9000244140625,1319.0,1317.699951171875,1318.800048828125,29811
2026-07-10 10:45:00+05:30,1320.0999755859375,1320.0999755859375,1317.5999755859375,1317.699951171875,29668
2026-07-10 10:50:00+05:30,1319.800048828125,1323.9000244140625,1319.800048828125,1320.0999755859375,61607
2026-07-10 10:55:00+05:30,1319.0,1320.5999755859375,1318.0,1319.300048828125,41087
2026-07-10 11:00:00+05:30,1319.5,1319.699951171875,1317.4000244140625,1318.800048828125,51153
2026-07-10 11:05:00+05:30,1320.0,1320.5999755859375,1319.0999755859375,1319.5,42950
2026-07-10 11:10:00+05:30,1319.4000244140625,1321.5,1319.0,1320.300048828125,174796
2026-07-10 11:15:00+05:30,1317.0999755859375,1320.0,1317.0,1319.4000244140625,55393
2026-07-10 11:20:00+05:30,1317.5999755859375,1318.199951171875,1317.0,1317.0,29019
2026-07-10 11:25:00+05:30,1315.800048828125,1318.0,1315.300048828125,1317.9000244140625,38330
2026-07-10 11:30:00+05:30,1317.199951171875,1317.4000244140625,1315.5999755859375,1316.0,22242
2026-07-10 11:35:00+05:30,1316.300048828125,1317.4000244140625,1315.800048828125,1317.199951171875,37294
2026-07-10 11:40:00+05:30,1316.0,1316.4000244140625,1315.199951171875,1316.300048828125,15962
2026-07-10 11:45:00+05:30,1316.5999755859375,1317.0,1315.5999755859375,1315.800048828125,15234
2026-07-10 11:50:00+05:30,1315.800048828125,1316.800048828125,1315.199951171875,1316.5999755859375,20328
2026-07-10 11:55:00+05:30,1315.800048828125,1317.0,1315.199951171875,1315.800048828125,21374
2026-07-10 12:00:00+05:30,1317.0999755859375,1318.199951171875,1315.800048828125,1316.0,40063
2026-07-10 12:05:00+05:30,1317.5999755859375,1317.800048828125,1316.5,1317.199951171875,15234
2026-07-10 12:10:00+05:30,1315.699951171875,1317.699951171875,1315.5999755859375,1317.699951171875,15862
2026-07-10 12:15:00+05:30,1315.0,1316.0,1314.300048828125,1315.9000244140625,26175
2026-07-10 12:20:00+05:30,1316.800048828125,1316.800048828125,1315.0,1315.0,41495
2026-07-10 12:25:00+05:30,1316.5,1317.699951171875,1316.5,1316.800048828125,28585
2026-07-10 12:30:00+05:30,1317.0,1317.5,1315.4000244140625,1316.5999755859375,23323
2026-07-10 12:35:00+05:30,1316.5999755859375,1317.0999755859375,1315.699951171875,1317.0,28524
2026-07-10 12:40:00+05:30,1317.0999755859375,1318.0,1316.300048828125,1316.9000244140625,28061
2026-07-10 12:45:00+05:30,1318.0999755859375,1318.0999755859375,1316.5,1317.300048828125,20723
2026-07-10 12:50:00+05:30,1321.5,1322.5999755859375,1317.5999755859375,1318.0999755859375,138439
2026-07-10 12:55:00+05:30,1321.5,1323.300048828125,1319.5999755859375,1321.5,201999
2026-07-10 13:00:00+05:30,1320.300048828125,1321.800048828125,1319.199951171875,1321.699951171875,32862
2026-07-10 13:05:00+05:30,1319.699951171875,1322.0999755859375,1319.699951171875,1320.5,26222
2026-07-10 13:10:00+05:30,1319.800048828125,1321.0,1318.5,1319.9000244140625,19801
2026-07-10 13:15:00+05:30,1319.5999755859375,1320.0,1319.300048828125,1319.9000244140625,11243
2026-07-10 13:20:00+05:30,1318.9000244140625,1319.4000244140625,1317.5999755859375,1319.4000244140625,23880
2026-07-10 13:25:00+05:30,1320.199951171875,1321.199951171875,1318.9000244140625,1318.9000244140625,33710
2026-07-10 13:30:00+05:30,1320.300048828125,1321.0,1319.300048828125,1320.5,21369
2026-07-10 13:35:00+05:30,1320.199951171875,1320.699951171875,1319.5,1320.300048828125,29557
2026-07-10 13:40:00+05:30,1320.800048828125,1321.0999755859375,1320.199951171875,1320.300048828125,13607
2026-07-10 13:45:00+05:30,1320.300048828125,1322.300048828125,1320.0999755859375,1321.199951171875,76852
2026-07-10 13:50:00+05:30,1320.5,1321.300048828125,1318.300048828125,1320.5,36441
2026-07-10 13:55:00+05:30,1319.5,1320.9000244140625,1318.5999755859375,1320.5,18881
2026-07-10 14:00:00+05:30,1318.5999755859375,1320.0,1318.0999755859375,1319.5999755859375,16568
2026-07-10 14:05:00+05:30,1318.0,1318.800048828125,1317.5,1318.5999755859375,16402
2026-07-10 14:10:00+05:30,1319.699951171875,1319.699951171875,1317.9000244140625,1318.0,15039
2026-07-10 14:15:00+05:30,1319.0999755859375,1320.0,1318.9000244140625,1319.699951171875,14612
2026-07-10 14:20:00+05:30,1319.4000244140625,1320.0,1318.9000244140625,1319.0999755859375,15493
2026-07-10 14:25:00+05:30,1319.9000244140625,1320.0,1318.699951171875,1319.4000244140625,22363
2026-07-10 14:30:00+05:30,1319.0999755859375,1320.199951171875,1318.4000244140625,1320.0,27528
2026-07-10 14:35:00+05:30,1319.4000244140625,1319.5999755859375,1318.4000244140625,1319.300048828125,23736
2026-07-10 14:40:00+05:30,1318.5999755859375,1319.5999755859375,1318.199951171875,1319.199951171875,23084
2026-07-10 14:45:00+05:30,1320.800048828125,1321.9000244140625,1318.5,1318.699951171875,35911
2026-07-10 14:50:00+05:30,1320.4000244140625,1320.800048828125,1319.0999755859375,1320.800048828125,35061
2026-07-10 14:55:00+05:30,1324.9000244140625,1326.5,1320.0999755859375,1320.300048828125,240648
2026-07-10 15:00:00+05:30,1322.4000244140625,1325.5,1322.300048828125,1325.0,144482
2026-07-10 15:05:00+05:30,1324.199951171875,1324.300048828125,1322.4000244140625,1322.5999755859375,104079
2026-07-10 15:10:00+05:30,1324.199951171875,1325.4000244140625,1323.800048828125,1324.199951171875,107445
2026-07-10 15:15:00+05:30,1324.5,1324.5,1322.699951171875,1323.9000244140625,97174
2026-07-10 15:20:00+05:30,1325.199951171875,1325.300048828125,1322.800048828125,1324.5999755859375,200923
2026-07-10 15:25:00+05:30,1323.699951171875,1325.0999755859375,1322.5999755859375,1324.4000244140625,137410
2026-07-13 09:15:00+05:30,1318.5,1321.0999755859375,1314.0999755859375,1315.5999755859375,0
2026-07-13 09:20:00+05:30,1317.5,1318.699951171875,1317.199951171875,1318.199951171875,50583
2026-07-13 09:25:00+05:30,1318.0999755859375,1320.199951171875,1317.5,1317.5,54465
2026-07-13 09:30:00+05:30,1320.9000244140625,1321.300048828125,1317.5999755859375,1318.0,50098
2026-07-13 09:35:00+05:30,1326.0,1327.0,1320.800048828125,1320.800048828125,89424
2026-07-13 09:40:00+05:30,1328.300048828125,1328.300048828125,1325.800048828125,1326.0,91261
2026-07-13 09:45:00+05:30,1329.300048828125,1329.5,1326.9000244140625,1328.0,53607
2026-07-13 09:50:00+05:30,1327.5999755859375,1329.800048828125,1327.0,1329.800048828125,43864
2026-07-13 09:55:00+05:30,1328.5999755859375,1328.9000244140625,1327.300048828125,1327.5999755859375,23758
2026-07-13 10:00:00+05:30,1327.0999755859375,1328.699951171875,1326.5999755859375,1328.5999755859375,83226
2026-07-13 10:05:00+05:30,1325.0,1327.0999755859375,1325.0,1327.0999755859375,34199
2026-07-13 10:10:00+05:30,1325.9000244140625,1326.0999755859375,1324.9000244140625,1325.0999755859375,33397
2026-07-13 10:15:00+05:30,1325.9000244140625,1326.300048828125,1323.5,1326.0,112095
2026-07-13 10:20:00+05:30,1326.0,1327.0,1325.300048828125,1325.9000244140625,35012
2026-07-13 10:25:00+05:30,1326.699951171875,1327.0999755859375,1325.9000244140625,1325.9000244140625,23529
2026-07-13 10:30:00+05:30,1327.199951171875,1327.199951171875,1325.199951171875,1326.800048828125,20954
2026-07-13 10:35:00+05:30,1325.0999755859375,1327.199951171875,1324.9000244140625,1327.0999755859375,25485
2026-07-13 10:40:00+05:30,1324.0999755859375,1325.4000244140625,1323.5,1325.0999755859375,16123
2026-07-13 10:45:00+05:30,1322.5,1324.300048828125,1322.0999755859375,1324.0999755859375,27233
2026-07-13 10:50:00+05:30,1320.199951171875,1322.9000244140625,1320.0,1322.9000244140625,37670
2026-07-13 10:55:00+05:30,1321.800048828125,1321.9000244140625,1319.5,1320.199951171875,18915
2026-07-13 11:00:00+05:30,1323.0,1323.0,1320.5,1322.0,33519
2026-07-13 11:05:00+05:30,1322.0999755859375,1323.199951171875,1321.9000244140625,1323.0,19176
2026-07-13 11:10:00+05:30,1323.199951171875,1323.5999755859375,1322.0,1322.0999755859375,23481
2026-07-13 11:15:00+05:30,1321.0999755859375,1323.0999755859375,1320.800048828125,1322.800048828125,26127
2026-07-13 11:20:00+05:30,1321.4000244140625,1323.0999755859375,1321.0,1321.0999755859375,13776
2026-07-13 11:25:00+05:30,1321.5,1322.300048828125,1320.5,1321.0999755859375,34243
2026-07-13 11:30:00+05:30,1320.199951171875,1322.199951171875,1319.5999755859375,1321.9000244140625,54948
2026-07-13 11:35:00+05:30,1318.4000244140625,1320.4000244140625,1318.4000244140625,1320.300048828125,33614
2026-07-13 11:40:00+05:30,1316.5999755859375,1319.0999755859375,1316.0999755859375,1318.4000244140625,52681
2026-07-13 11:45:00+05:30,1317.300048828125,1317.5999755859375,1316.199951171875,1316.5,22974
2026-07-13 11:50:00+05:30,1317.5999755859375,1318.0999755859375,1316.5,1317.199951171875,30422
2026-07-13 11:55:00+05:30,1315.0999755859375,1317.699951171875,1314.300048828125,1317.0999755859375,51301
2026-07-13 12:00:00+05:30,1315.800048828125,1317.0,1315.0,1315.0,22637
2026-07-13 12:05:00+05:30,1317.800048828125,1318.0,1315.5999755859375,1315.5999755859375,16341
2026-07-13 12:10:00+05:30,1319.0999755859375,1320.0999755859375,1316.5,1317.800048828125,40077
2026-07-13 12:15:00+05:30,1322.9000244140625,1323.800048828125,1318.699951171875,1319.300048828125,92031
2026-07-13 12:20:00+05:30,1321.5,1322.9000244140625,1320.0999755859375,1322.9000244140625,49571
2026-07-13 12:25:00+05:30,1322.5999755859375,1322.5999755859375,1320.699951171875,1321.5999755859375,23035
2026-07-13 12:30:00+05:30,1322.300048828125,1323.0,1321.199951171875,1322.699951171875,28311
2026-07-13 12:35:00+05:30,1321.5999755859375,1322.5999755859375,1321.0,1322.300048828125,15858
2026-07-13 12:40:00+05:30,1322.300048828125,1322.9000244140625,1321.5,1322.0,26549
2026-07-13 12:45:00+05:30,1322.9000244140625,1323.0,1321.800048828125,1322.300048828125,20456
2026-07-13 12:50:00+05:30,1322.800048828125,1326.4000244140625,1322.4000244140625,1323.0,75241
2026-07-13 12:55:00+05:30,1320.5999755859375,1322.800048828125,1319.5999755859375,1322.699951171875,40559
2026-07-13 13:00:00+05:30,1318.800048828125,1320.5999755859375,1318.300048828125,1320.5999755859375,18940
2026-07-13 13:05:00+05:30,1320.800048828125,1321.199951171875,1318.4000244140625,1318.5999755859375,36061
2026-07-13 13:10:00+05:30,1320.699951171875,1321.4000244140625,1319.9000244140625,1320.5,25714
2026-07-13 13:15:00+05:30,1320.5,1320.9000244140625,1318.800048828125,1320.699951171875,38256
2026-07-13 13:20:00+05:30,1318.5,1320.699951171875,1318.0,1320.0,35498
2026-07-13 13:25:00+05:30,1316.699951171875,1318.699951171875,1315.699951171875,1318.4000244140625,22570
2026-07-13 13:30:00+05:30,1316.800048828125,1318.0,1316.5,1316.5999755859375,29438
2026-07-13 13:35:00+05:30,1317.5999755859375,1318.199951171875,1316.4000244140625,1316.800048828125,51479
2026-07-13 13:40:00+05:30,1317.0,1318.0,1316.4000244140625,1317.5,25704
2026-07-13 13:45:00+05:30,1317.699951171875,1317.800048828125,1316.9000244140625,1317.0,16919
2026-07-13 13:50:00+05:30,1316.5999755859375,1317.9000244140625,1316.4000244140625,1317.5999755859375,18212
2026-07-13 13:55:00+05:30,1317.199951171875,1317.4000244140625,1316.0,1316.5999755859375,20508
2026-07-13 14:00:00+05:30,1316.699951171875,1317.5999755859375,1315.800048828125,1317.199951171875,32065
2026-07-13 14:05:00+05:30,1317.199951171875,1317.699951171875,1316.5,1316.9000244140625,44135
2026-07-13 14:10:00+05:30,1317.5,1318.0,1316.800048828125,1317.300048828125,34187
2026-07-13 14:15:00+05:30,1318.800048828125,1318.800048828125,1317.4000244140625,1317.5,24253
2026-07-13 14:20:00+05:30,1320.0,1320.199951171875,1318.199951171875,1319.0999755859375,59894
2026-07-13 14:25:00+05:30,1321.300048828125,1321.5,1319.5,1320.300048828125,34039
2026-07-13 14:30:00+05:30,1321.5,1321.5,1320.4000244140625,1321.300048828125,30936
2026-07-13 14:35:00+05:30,1320.0999755859375,1321.5,1319.5999755859375,1321.5,37106
2026-07-13 14:40:00+05:30,1321.0,1321.0,1319.800048828125,1320.0,31217
2026-07-13 14:45:00+05:30,1320.9000244140625,1321.5,1320.5999755859375,1320.9000244140625,19494
2026-07-13 14:50:00+05:30,1322.300048828125,1322.699951171875,1320.9000244140625,1320.9000244140625,35531
2026-07-13 14:55:00+05:30,1320.4000244140625,1322.199951171875,1320.0999755859375,1322.0999755859375,39827
2026-07-13 15:00:00+05:30,1320.199951171875,1320.699951171875,1319.5,1320.4000244140625,217979
2026-07-13 15:05:00+05:30,1319.800048828125,1320.800048828125,1319.699951171875,1320.0999755859375,138765
2026-07-13 15:10:00+05:30,1319.4000244140625,1319.800048828125,1318.5,1319.800048828125,184123
2026-07-13 15:15:00+05:30,1318.4000244140625,1319.699951171875,1318.4000244140625,1319.5,124082
2026-07-13 15:20:00+05:30,1318.800048828125,1319.5,1318.199951171875,1318.300048828125,192061
2026-07-13 15:25:00+05:30,1321.199951171875,1322.0,1318.699951171875,1318.800048828125,156440
2026-07-14 09:15:00+05:30,1317.0,1320.5,1314.800048828125,1318.0,0
2026-07-14 09:20:00+05:30,1314.4000244140625,1318.4000244140625,1313.9000244140625,1317.0,51882
2026-07-14 09:25:00+05:30,1311.800048828125,1314.300048828125,1311.5,1314.199951171875,59631
2026-07-14 09:30:00+05:30,1309.0999755859375,1311.5,1309.0999755859375,1311.0999755859375,53671
2026-07-14 09:35:00+05:30,1309.300048828125,1309.699951171875,1306.0999755859375,1309.5,59489
2026-07-14 09:40:00+05:30,1306.9000244140625,1309.800048828125,1306.0,1308.699951171875,30494
2026-07-14 09:45:00+05:30,1304.0,1306.9000244140625,1303.199951171875,1306.800048828125,55554
2026-07-14 09:50:00+05:30,1304.4000244140625,1305.0,1303.4000244140625,1304.199951171875,31853
2026-07-14 09:55:00+05:30,1305.5999755859375,1306.0,1303.9000244140625,1304.0,32419
2026-07-14 10:00:00+05:30,1305.699951171875,1305.9000244140625,1304.199951171875,1305.9000244140625,26608
2026-07-14 10:05:00+05:30,1306.9000244140625,1306.9000244140625,1304.4000244140625,1305.5999755859375,21473
2026-07-14 10:10:00+05:30,1305.0,1306.5999755859375,1304.5999755859375,1306.0,15262
2026-07-14 10:15:00+05:30,1301.5,1305.300048828125,1301.5,1305.0,45089
2026-07-14 10:20:00+05:30,1301.0,1302.300048828125,1300.199951171875,1301.5,33710
2026-07-14 10:25:00+05:30,1300.0,1300.9000244140625,1299.0999755859375,1300.9000244140625,50601
2026-07-14 10:30:00+05:30,1302.0999755859375,1302.4000244140625,1299.699951171875,1300.0999755859375,40996
2026-07-14 10:35:00+05:30,1300.0,1302.4000244140625,1299.199951171875,1302.0,14969
2026-07-14 10:40:00+05:30,1300.9000244140625,1300.9000244140625,1299.5999755859375,1300.0999755859375,46205
2026-07-14 10:45:00+05:30,1304.5,1305.9000244140625,1299.4000244140625,1300.5999755859375,156224
2026-07-14 10:50:00+05:30,1303.0,1306.699951171875,1303.0,1304.699951171875,34173
2026-07-14 10:55:00+05:30,1303.0999755859375,1305.800048828125,1303.0,1303.199951171875,30107
2026-07-14 11:00:00+05:30,1303.4000244140625,1304.9000244140625,1303.0,1303.199951171875,30420
2026-07-14 11:05:00+05:30,1304.300048828125,1304.699951171875,1302.5,1303.300048828125,15617
2026-07-14 11:10:00+05:30,1305.4000244140625,1305.800048828125,1303.9000244140625,1304.300048828125,17944
2026-07-14 11:15:00+05:30,1304.9000244140625,1305.5999755859375,1304.199951171875,1305.5,12722
2026-07-14 11:20:00+05:30,1310.199951171875,1310.9000244140625,1304.800048828125,1304.800048828125,56030
2026-07-14 11:25:00+05:30,1310.300048828125,1310.9000244140625,1309.199951171875,1310.199951171875,20717
2026-07-14 11:30:00+05:30,1311.5,1311.9000244140625,1310.199951171875,1310.800048828125,23964
2026-07-14 11:35:00+05:30,1311.4000244140625,1312.5,1310.5999755859375,1312.5,21761
2026-07-14 11:40:00+05:30,1311.5,1311.9000244140625,1309.800048828125,1311.9000244140625,27721
2026-07-14 11:45:00+05:30,1311.4000244140625,1311.699951171875,1310.4000244140625,1311.199951171875,17084
2026-07-14 11:50:00+05:30,1310.800048828125,1312.0999755859375,1310.0,1311.300048828125,13877
2026-07-14 11:55:00+05:30,1310.5999755859375,1311.4000244140625,1310.199951171875,1310.5999755859375,27381
2026-07-14 12:00:00+05:30,1311.9000244140625,1312.5,1310.5,1310.699951171875,12460
2026-07-14 12:05:00+05:30,1311.0999755859375,1311.800048828125,1310.199951171875,1311.800048828125,29513
2026-07-14 12:10:00+05:30,1311.300048828125,1312.5999755859375,1310.4000244140625,1310.9000244140625,23684
2026-07-14 12:15:00+05:30,1309.800048828125,1311.5,1307.5,1311.5,35128
2026-07-14 12:20:00+05:30,1310.800048828125,1311.199951171875,1308.199951171875,1309.800048828125,13981
2026-07-14 12:25:00+05:30,1307.800048828125,1311.199951171875,1307.4000244140625,1310.5,11148
2026-07-14 12:30:00+05:30,1307.199951171875,1308.9000244140625,1306.300048828125,1308.300048828125,32701
2026-07-14 12:35:00+05:30,1309.9000244140625,1310.199951171875,1306.5999755859375,1307.0,19434
2026-07-14 12:40:00+05:30,1311.4000244140625,1311.5999755859375,1309.5,1309.5999755859375,15677
2026-07-14 12:45:00+05:30,1311.300048828125,1312.0,1310.5,1311.300048828125,17829
2026-07-14 12:50:00+05:30,1311.5,1312.300048828125,1310.5,1311.699951171875,19689
2026-07-14 12:55:00+05:30,1311.0999755859375,1313.300048828125,1311.0,1311.699951171875,37066
2026-07-14 13:00:00+05:30,1309.800048828125,1311.800048828125,1309.699951171875,1311.4000244140625,51932
2026-07-14 13:05:00+05:30,1310.9000244140625,1311.5,1309.5999755859375,1309.9000244140625,33582
2026-07-14 13:10:00+05:30,1310.5999755859375,1311.5999755859375,1309.800048828125,1311.0,63894
2026-07-14 13:15:00+05:30,1310.0999755859375,1311.4000244140625,1307.0,1310.4000244140625,244681
2026-07-14 13:20:00+05:30,1313.0999755859375,1314.0,1310.0999755859375,1310.0999755859375,78163
2026-07-14 13:25:00+05:30,1311.199951171875,1313.300048828125,1310.0,1313.300048828125,33068
2026-07-14 13:30:00+05:30,1309.300048828125,1311.5,1308.699951171875,1311.199951171875,31191
2026-07-14 13:35:00+05:30,1306.800048828125,1309.5999755859375,1305.5,1309.4000244140625,47293
2026-07-14 13:40:00+05:30,1306.300048828125,1308.0,1305.5999755859375,1306.5999755859375,71758
2026-07-14 13:45:00+05:30,1306.9000244140625,1308.300048828125,1306.4000244140625,1306.800048828125,42906
2026-07-14 13:50:00+05:30,1308.5,1309.800048828125,1304.699951171875,1306.5,40186
2026-07-14 13:55:00+05:30,1310.4000244140625,1310.9000244140625,1308.300048828125,1308.300048828125,54802
2026-07-14 14:00:00+05:30,1311.300048828125,1311.5999755859375,1310.0,1310.300048828125,40710
2026-07-14 14:05:00+05:30,1310.4000244140625,1311.9000244140625,1310.0,1311.300048828125,55861
2026-07-14 14:10:00+05:30,1315.5999755859375,1317.300048828125,1310.4000244140625,1310.9000244140625,210067
2026-07-14 14:15:00+05:30,1317.199951171875,1318.300048828125,1315.5,1315.699951171875,122243
2026-07-14 14:20:00+05:30,1316.300048828125,1317.0,1315.0,1317.0,70278
2026-07-14 14:25:00+05:30,1315.300048828125,1316.5999755859375,1315.0999755859375,1316.5,125060
2026-07-14 14:30:00+05:30,1317.5999755859375,1318.0999755859375,1315.0,1315.5999755859375,64536
2026-07-14 14:35:00+05:30,1317.5,1318.4000244140625,1316.199951171875,1317.5,59572
2026-07-14 14:40:00+05:30,1319.4000244140625,1319.800048828125,1317.5999755859375,1318.0,138431
2026-07-14 14:45:00+05:30,1318.9000244140625,1319.9000244140625,1317.0,1319.699951171875,190006
2026-07-14 14:50:00+05:30,1318.5,1320.5,1317.0,1319.0999755859375,173222
2026-07-14 14:55:00+05:30,1319.4000244140625,1320.4000244140625,1317.199951171875,1318.5999755859375,132026
2026-07-14 15:00:00+05:30,1319.300048828125,1320.800048828125,1319.0,1319.4000244140625,168400
2026-07-14 15:05:00+05:30,1320.5,1321.199951171875,1318.9000244140625,1319.0,597094
2026-07-14 15:10:00+05:30,1316.9000244140625,1323.5999755859375,1316.0,1320.5999755859375,251313
2026-07-14 15:15:00+05:30,1315.699951171875,1317.5,1313.5999755859375,1317.5,480481
2026-07-14 15:20:00+05:30,1318.5,1318.699951171875,1314.199951171875,1315.699951171875,571644
2026-07-14 15:25:00+05:30,1318.5,1319.300048828125,1314.0,1318.5999755859375,117413
2026-07-15 09:15:00+05:30,1336.5,1337.5,1323.5999755859375,1326.0,780289
2026-07-15 09:20:00+05:30,1339.4000244140625,1341.4000244140625,1334.800048828125,1336.699951171875,715996
2026-07-15 09:25:00+05:30,1342.0,1343.800048828125,1338.4000244140625,1339.4000244140625,422319
2026-07-15 09:30:00+05:30,1342.0999755859375,1347.0999755859375,1341.800048828125,1342.0,589291
2026-07-15 09:35:00+05:30,1339.4000244140625,1343.4000244140625,1338.4000244140625,1342.0999755859375,171966
2026-07-15 09:40:00+05:30,1339.9000244140625,1341.699951171875,1338.699951171875,1339.199951171875,142125
2026-07-15 09:45:00+05:30,1339.9000244140625,1342.800048828125,1339.5,1340.199951171875,104615
2026-07-15 09:50:00+05:30,1342.699951171875,1342.800048828125,1339.5999755859375,1340.0,51222
2026-07-15 09:55:00+05:30,1342.0,1344.699951171875,1341.4000244140625,1342.800048828125,112542
2026-07-15 10:00:00+05:30,1341.199951171875,1342.0,1340.199951171875,1341.9000244140625,85080
2026-07-15 10:05:00+05:30,1341.0999755859375,1341.9000244140625,1339.699951171875,1341.199951171875,46105
2026-07-15 10:10:00+05:30,1340.0,1341.9000244140625,1339.800048828125,1341.0999755859375,65689
2026-07-15 10:15:00+05:30,1336.699951171875,1340.0,1336.5999755859375,1340.0,154495
2026-07-15 10:20:00+05:30,1338.199951171875,1339.800048828125,1336.300048828125,1336.9000244140625,56223
2026-07-15 10:25:00+05:30,1338.0,1339.800048828125,1337.199951171875,1338.4000244140625,42802
2026-07-15 10:30:00+05:30,1337.4000244140625,1338.9000244140625,1337.4000244140625,1338.0,29673
2026-07-15 10:35:00+05:30,1337.9000244140625,1338.199951171875,1336.5,1337.4000244140625,27969
2026-07-15 10:40:00+05:30,1337.699951171875,1338.0,1337.0,1337.9000244140625,19704
2026-07-15 10:45:00+05:30,1338.4000244140625,1339.199951171875,1337.5,1337.800048828125,51444
2026-07-15 10:50:00+05:30,1336.300048828125,1338.800048828125,1335.699951171875,1338.800048828125,39187
2026-07-15 10:55:00+05:30,1335.9000244140625,1336.5999755859375,1335.5,1336.199951171875,34250
2026-07-15 11:00:00+05:30,1335.199951171875,1336.0,1334.4000244140625,1336.0,48725
2026-07-15 11:05:00+05:30,1333.5,1335.5,1332.5,1335.300048828125,56717
2026-07-15 11:10:00+05:30,1335.800048828125,1336.199951171875,1332.800048828125,1333.5999755859375,62289
2026-07-15 11:15:00+05:30,1344.0,1344.9000244140625,1335.5999755859375,1335.800048828125,229229
2026-07-15 11:20:00+05:30,1345.9000244140625,1346.199951171875,1341.800048828125,1343.9000244140625,390264
2026-07-15 11:25:00+05:30,1343.699951171875,1347.800048828125,1343.199951171875,1346.5,154776
2026-07-15 11:30:00+05:30,1341.5,1345.0999755859375,1341.0,1343.300048828125,99375
2026-07-15 11:35:00+05:30,1327.9000244140625,1341.5999755859375,1325.5,1341.199951171875,126807
2026-07-15 11:40:00+05:30,1308.699951171875,1328.699951171875,1308.300048828125,1328.0,276529
2026-07-15 11:45:00+05:30,1314.4000244140625,1318.9000244140625,1309.699951171875,1309.699951171875,171567
2026-07-15 11:50:00+05:30,1323.0,1324.9000244140625,1310.5,1314.800048828125,177521
2026-07-15 11:55:00+05:30,1329.699951171875,1330.0999755859375,1323.5,1323.5,98141
2026-07-15 12:00:00+05:30,1329.5999755859375,1331.699951171875,1327.0999755859375,1329.800048828125,61359
2026-07-15 12:05:00+05:30,1329.0,1330.699951171875,1328.199951171875,1329.199951171875,57177
2026-07-15 12:10:00+05:30,1326.0999755859375,1329.5999755859375,1326.0999755859375,1329.199951171875,34805
2026-07-15 12:15:00+05:30,1322.5999755859375,1328.300048828125,1322.5,1326.0,52555
2026-07-15 12:20:00+05:30,1323.5999755859375,1324.5,1322.0,1322.699951171875,21978
2026-07-15 12:25:00+05:30,1318.9000244140625,1324.4000244140625,1318.300048828125,1323.699951171875,64862
2026-07-15 12:30:00+05:30,1323.199951171875,1323.199951171875,1318.300048828125,1319.300048828125,68066
2026-07-15 12:35:00+05:30,1322.5999755859375,1324.0,1321.0,1323.199951171875,235322
2026-07-15 12:40:00+05:30,1320.5,1323.300048828125,1318.699951171875,1322.4000244140625,79635
2026-07-15 12:45:00+05:30,1320.199951171875,1322.199951171875,1318.5,1320.800048828125,59889
2026-07-15 12:50:00+05:30,1318.0999755859375,1321.9000244140625,1317.800048828125,1320.300048828125,26307
2026-07-15 12:55:00+05:30,1315.300048828125,1319.199951171875,1310.5,1318.0999755859375,185775
2026-07-15 13:00:00+05:30,1314.300048828125,1315.199951171875,1312.0,1314.800048828125,73346
2026-07-15 13:05:00+05:30,1309.9000244140625,1315.0,1309.9000244140625,1313.5999755859375,67348
2026-07-15 13:10:00+05:30,1312.5,1312.800048828125,1309.0,1310.0999755859375,67654
2026-07-15 13:15:00+05:30,1315.0999755859375,1316.199951171875,1311.199951171875,1312.199951171875,58769
2026-07-15 13:20:00+05:30,1313.699951171875,1315.5,1313.5,1315.0,35391
2026-07-15 13:25:00+05:30,1312.5,1314.5,1311.5,1314.0999755859375,24436
2026-07-15 13:30:00+05:30,1312.5999755859375,1313.4000244140625,1311.199951171875,1312.5,32195
2026-07-15 13:35:00+05:30,1310.199951171875,1313.800048828125,1309.699951171875,1312.800048828125,38163
2026-07-15 13:40:00+05:30,1309.5,1310.5999755859375,1308.0,1310.199951171875,38738
2026-07-15 13:45:00+05:30,1311.199951171875,1311.199951171875,1309.4000244140625,1309.5,28361
2026-07-15 13:50:00+05:30,1306.5999755859375,1311.5999755859375,1306.300048828125,1311.199951171875,185282
2026-07-15 13:55:00+05:30,1309.800048828125,1309.9000244140625,1306.0999755859375,1306.699951171875,37708
2026-07-15 14:00:00+05:30,1307.800048828125,1310.0,1307.0999755859375,1310.0,34469
2026-07-15 14:05:00+05:30,1308.0999755859375,1309.300048828125,1306.5999755859375,1308.0999755859375,63152
2026-07-15 14:10:00+05:30,1307.5,1308.199951171875,1305.0999755859375,1308.0,487373
2026-07-15 14:15:00+05:30,1305.5,1308.199951171875,1303.4000244140625,1307.5,170737
2026-07-15 14:20:00+05:30,1307.0,1308.199951171875,1305.199951171875,1305.5999755859375,84696
2026-07-15 14:25:00+05:30,1307.0999755859375,1307.9000244140625,1306.0,1307.0,41062
2026-07-15 14:30:00+05:30,1307.0999755859375,1308.800048828125,1306.300048828125,1307.5999755859375,125291
2026-07-15 14:35:00+05:30,1310.699951171875,1311.699951171875,1306.300048828125,1307.5999755859375,68403
2026-07-15 14:40:00+05:30,1311.699951171875,1312.0,1308.9000244140625,1310.800048828125,73813
2026-07-15 14:45:00+05:30,1309.699951171875,1313.199951171875,1309.699951171875,1311.9000244140625,70786
2026-07-15 14:50:00+05:30,1311.5999755859375,1312.300048828125,1309.699951171875,1310.199951171875,377318
2026-07-15 14:55:00+05:30,1309.9000244140625,1311.800048828125,1309.5999755859375,1311.800048828125,41111
2026-07-15 15:00:00+05:30,1312.0999755859375,1312.300048828125,1309.4000244140625,1309.800048828125,96566
2026-07-15 15:05:00+05:30,1311.699951171875,1312.800048828125,1311.199951171875,1312.0999755859375,74368
2026-07-15 15:10:00+05:30,1312.4000244140625,1312.5,1311.199951171875,1311.699951171875,73591
2026-07-15 15:15:00+05:30,1313.9000244140625,1313.9000244140625,1311.9000244140625,1312.199951171875,100355
2026-07-15 15:20:00+05:30,1313.5,1314.4000244140625,1312.4000244140625,1314.0,112290
2026-07-15 15:25:00+05:30,1312.300048828125,1313.9000244140625,1310.0999755859375,1313.4000244140625,76747
2026-07-16 09:15:00+05:30,1305.800048828125,1313.4000244140625,1305.5999755859375,1312.5999755859375,0
2026-07-16 09:20:00+05:30,1306.800048828125,1307.9000244140625,1303.5999755859375,1305.800048828125,65671
2026-07-16 09:25:00+05:30,1307.4000244140625,1307.5999755859375,1306.0999755859375,1307.0,32715
2026-07-16 09:30:00+05:30,1306.5,1307.699951171875,1306.199951171875,1307.5999755859375,64362
2026-07-16 09:35:00+05:30,1305.699951171875,1307.5999755859375,1305.0,1306.0,48508
2026-07-16 09:40:00+05:30,1307.5,1307.5,1304.800048828125,1305.4000244140625,28340
2026-07-16 09:45:00+05:30,1306.0999755859375,1307.5999755859375,1305.9000244140625,1307.5999755859375,27640
2026-07-16 09:50:00+05:30,1306.9000244140625,1307.300048828125,1306.0,1306.0999755859375,14850
2026-07-16 09:55:00+05:30,1308.199951171875,1308.4000244140625,1306.5,1306.800048828125,35647
2026-07-16 10:00:00+05:30,1306.9000244140625,1307.800048828125,1306.5999755859375,1307.800048828125,27000
2026-07-16 10:05:00+05:30,1307.300048828125,1307.699951171875,1306.199951171875,1306.9000244140625,43341
2026-07-16 10:10:00+05:30,1306.5,1308.4000244140625,1306.4000244140625,1307.699951171875,33922
2026-07-16 10:15:00+05:30,1306.699951171875,1306.800048828125,1306.0,1306.300048828125,30225
2026-07-16 10:20:00+05:30,1305.300048828125,1307.199951171875,1305.300048828125,1306.699951171875,22594
2026-07-16 10:25:00+05:30,1305.9000244140625,1305.9000244140625,1303.0,1305.5999755859375,73803
2026-07-16 10:30:00+05:30,1304.800048828125,1305.800048828125,1304.0999755859375,1305.800048828125,30684
2026-07-16 10:35:00+05:30,1302.0,1305.199951171875,1301.0999755859375,1304.800048828125,110977
2026-07-16 10:40:00+05:30,1302.300048828125,1302.9000244140625,1301.300048828125,1302.0,58443
2026-07-16 10:45:00+05:30,1302.0,1302.800048828125,1301.5,1302.0999755859375,35281
2026-07-16 10:50:00+05:30,1302.9000244140625,1303.0,1301.5999755859375,1302.0,23597
2026-07-16 10:55:00+05:30,1304.699951171875,1304.9000244140625,1302.699951171875,1302.9000244140625,27765
2026-07-16 11:00:00+05:30,1308.699951171875,1309.199951171875,1305.0,1305.0,91517
2026-07-16 11:05:00+05:30,1306.9000244140625,1309.4000244140625,1306.5,1308.699951171875,48389
2026-07-16 11:10:00+05:30,1306.699951171875,1308.0999755859375,1306.0999755859375,1307.300048828125,35501
2026-07-16 11:15:00+05:30,1305.0999755859375,1307.0,1304.699951171875,1306.9000244140625,24613
2026-07-16 11:20:00+05:30,1304.5999755859375,1306.199951171875,1304.199951171875,1304.800048828125,39076
2026-07-16 11:25:00+05:30,1303.0,1304.699951171875,1301.800048828125,1304.699951171875,33330
2026-07-16 11:30:00+05:30,1302.0999755859375,1304.0,1302.0999755859375,1303.300048828125,65664
2026-07-16 11:35:00+05:30,1303.5999755859375,1304.0,1301.699951171875,1302.300048828125,29196
2026-07-16 11:40:00+05:30,1301.5999755859375,1304.199951171875,1301.5,1303.800048828125,43471
2026-07-16 11:45:00+05:30,1301.699951171875,1302.5,1301.699951171875,1302.0,30716
2026-07-16 11:50:00+05:30,1301.300048828125,1301.699951171875,1300.5999755859375,1301.5999755859375,27209
2026-07-16 11:55:00+05:30,1300.300048828125,1301.4000244140625,1300.0,1300.5,121573
2026-07-16 12:00:00+05:30,1300.0999755859375,1300.4000244140625,1299.5,1300.4000244140625,61301
2026-07-16 12:05:00+05:30,1301.5,1303.4000244140625,1300.0,1300.300048828125,110781
2026-07-16 12:10:00+05:30,1300.0,1302.9000244140625,1299.5999755859375,1302.0,164226
2026-07-16 12:15:00+05:30,1300.699951171875,1300.9000244140625,1299.9000244140625,1300.0999755859375,52877
2026-07-16 12:20:00+05:30,1300.699951171875,1300.9000244140625,1299.5999755859375,1300.9000244140625,67112
2026-07-16 12:25:00+05:30,1303.5999755859375,1304.0,1300.699951171875,1300.699951171875,34925
2026-07-16 12:30:00+05:30,1303.5999755859375,1303.5999755859375,1302.4000244140625,1303.0,20518
2026-07-16 12:35:00+05:30,1303.9000244140625,1304.5999755859375,1302.800048828125,1303.300048828125,24649
2026-07-16 12:40:00+05:30,1303.5999755859375,1304.199951171875,1302.199951171875,1304.0,21701
2026-07-16 12:45:00+05:30,1304.199951171875,1304.699951171875,1303.199951171875,1303.5999755859375,21749
2026-07-16 12:50:00+05:30,1303.699951171875,1304.5999755859375,1303.300048828125,1304.199951171875,14860
2026-07-16 12:55:00+05:30,1304.699951171875,1305.0,1303.5999755859375,1303.699951171875,14616
2026-07-16 13:00:00+05:30,1305.5,1305.5,1303.5,1304.699951171875,21561
2026-07-16 13:05:00+05:30,1304.5,1306.199951171875,1304.5,1305.300048828125,22806
2026-07-16 13:10:00+05:30,1303.5,1304.9000244140625,1303.4000244140625,1304.9000244140625,12017
2026-07-16 13:15:00+05:30,1303.699951171875,1304.0,1302.699951171875,1303.5999755859375,36905
2026-07-16 13:20:00+05:30,1303.199951171875,1304.0,1303.0999755859375,1303.699951171875,11008
2026-07-16 13:25:00+05:30,1302.300048828125,1303.199951171875,1301.4000244140625,1303.199951171875,26674
2026-07-16 13:30:00+05:30,1301.9000244140625,1302.5,1300.199951171875,1302.300048828125,30814
2026-07-16 13:35:00+05:30,1299.800048828125,1301.9000244140625,1299.4000244140625,1301.9000244140625,20553
2026-07-16 13:40:00+05:30,1299.699951171875,1300.4000244140625,1299.4000244140625,1300.0,21106
2026-07-16 13:45:00+05:30,1299.9000244140625,1301.800048828125,1299.699951171875,1299.699951171875,60665
2026-07-16 13:50:00+05:30,1300.4000244140625,1301.0,1299.5999755859375,1299.5999755859375,15180
2026-07-16 13:55:00+05:30,1301.300048828125,1302.199951171875,1299.800048828125,1300.5,48204
2026-07-16 14:00:00+05:30,1301.199951171875,1301.5999755859375,1300.800048828125,1301.4000244140625,11192
2026-07-16 14:05:00+05:30,1301.199951171875,1301.800048828125,1300.699951171875,1301.199951171875,25841
2026-07-16 14:10:00+05:30,1300.5999755859375,1301.5,1300.0,1301.0,17835
2026-07-16 14:15:00+05:30,1302.0999755859375,1302.5,1300.199951171875,1300.5999755859375,19266
2026-07-16 14:20:00+05:30,1300.5,1302.199951171875,1300.199951171875,1302.199951171875,50008
2026-07-16 14:25:00+05:30,1301.0,1301.199951171875,1300.0,1300.5,27772
2026-07-16 14:30:00+05:30,1303.0,1303.5999755859375,1301.0,1301.0999755859375,130473
2026-07-16 14:35:00+05:30,1304.5,1304.5,1303.0,1303.0999755859375,85141
2026-07-16 14:40:00+05:30,1305.4000244140625,1305.5,1303.0,1304.5,76415
2026-07-16 14:45:00+05:30,1305.0999755859375,1306.699951171875,1305.0999755859375,1305.5,54596
2026-07-16 14:50:00+05:30,1305.5999755859375,1305.699951171875,1304.199951171875,1305.0999755859375,38634
2026-07-16 14:55:00+05:30,1309.0,1309.9000244140625,1305.5,1305.5,83386
2026-07-16 15:00:00+05:30,1307.0,1310.5,1306.699951171875,1309.0,288130
2026-07-16 15:05:00+05:30,1308.300048828125,1308.800048828125,1306.300048828125,1306.9000244140625,220820
2026-07-16 15:10:00+05:30,1308.0,1309.4000244140625,1307.199951171875,1308.300048828125,358790
2026-07-16 15:15:00+05:30,1305.9000244140625,1308.4000244140625,1305.5,1308.0999755859375,141017
2026-07-16 15:20:00+05:30,1303.300048828125,1306.800048828125,1303.0999755859375,1305.699951171875,262079
2026-07-16 15:25:00+05:30,1307.5999755859375,1311.5,1303.0,1303.699951171875,509704
2026-07-17 09:15:00+05:30,1311.5999755859375,1314.5999755859375,1305.699951171875,1308.0,0
2026-07-17 09:20:00+05:30,1310.4000244140625,1312.0999755859375,1309.199951171875,1311.699951171875,71971
2026-07-17 09:25:00+05:30,1312.5999755859375,1312.699951171875,1309.4000244140625,1310.699951171875,55359
2026-07-17 09:30:00+05:30,1318.699951171875,1319.5,1312.800048828125,1312.800048828125,98166
2026-07-17 09:35:00+05:30,1323.4000244140625,1323.4000244140625,1318.699951171875,1318.800048828125,134881
2026-07-17 09:40:00+05:30,1321.199951171875,1324.0,1320.0999755859375,1323.199951171875,105746
2026-07-17 09:45:00+05:30,1320.199951171875,1323.4000244140625,1318.699951171875,1321.199951171875,115865
2026-07-17 09:50:00+05:30,1318.0,1320.300048828125,1317.0999755859375,1320.300048828125,107651
2026-07-17 09:55:00+05:30,1316.9000244140625,1318.0,1315.5,1318.0,66950
2026-07-17 10:00:00+05:30,1316.0,1317.800048828125,1315.699951171875,1317.0,47750
2026-07-17 10:05:00+05:30,1317.199951171875,1317.199951171875,1314.300048828125,1315.199951171875,68317
2026-07-17 10:10:00+05:30,1319.699951171875,1320.699951171875,1316.9000244140625,1317.4000244140625,67932
2026-07-17 10:15:00+05:30,1326.5,1326.5,1319.800048828125,1319.800048828125,130279
2026-07-17 10:20:00+05:30,1327.5,1328.4000244140625,1324.800048828125,1326.300048828125,76059
2026-07-17 10:25:00+05:30,1327.5999755859375,1331.300048828125,1327.199951171875,1327.5999755859375,402463
2026-07-17 10:30:00+05:30,1332.0999755859375,1332.4000244140625,1327.0999755859375,1327.5999755859375,132767
2026-07-17 10:35:00+05:30,1328.9000244140625,1332.5999755859375,1327.300048828125,1332.199951171875,136193
2026-07-17 10:40:00+05:30,1328.699951171875,1329.5999755859375,1327.5999755859375,1328.699951171875,268124
2026-07-17 10:45:00+05:30,1326.300048828125,1329.0,1324.9000244140625,1329.0,159799
2026-07-17 10:50:00+05:30,1326.4000244140625,1327.9000244140625,1325.699951171875,1326.4000244140625,94377
2026-07-17 10:55:00+05:30,1326.800048828125,1328.5,1325.5999755859375,1326.699951171875,86383
2026-07-17 11:00:00+05:30,1326.0999755859375,1327.800048828125,1325.800048828125,1326.699951171875,84228
2026-07-17 11:05:00+05:30,1326.0,1327.4000244140625,1325.0,1326.0999755859375,67956
2026-07-17 11:10:00+05:30,1324.0999755859375,1326.199951171875,1323.5,1326.0,104165
2026-07-17 11:15:00+05:30,1322.0,1324.199951171875,1321.4000244140625,1323.9000244140625,37594
2026-07-17 11:20:00+05:30,1322.199951171875,1323.4000244140625,1320.699951171875,1322.0,67554
2026-07-17 11:25:00+05:30,1322.699951171875,1323.5,1320.4000244140625,1322.0,71905
2026-07-17 11:30:00+05:30,1324.0,1324.0,1322.300048828125,1322.699951171875,39014
2026-07-17 11:35:00+05:30,1323.5999755859375,1325.9000244140625,1323.0,1323.9000244140625,37620
2026-07-17 11:40:00+05:30,1324.800048828125,1325.199951171875,1322.800048828125,1323.5999755859375,38301
2026-07-17 11:45:00+05:30,1325.800048828125,1326.0999755859375,1324.800048828125,1324.9000244140625,38513
2026-07-17 11:50:00+05:30,1326.699951171875,1327.5,1324.699951171875,1325.800048828125,267494
2026-07-17 11:55:00+05:30,1325.800048828125,1326.800048828125,1324.5,1326.699951171875,55454
2026-07-17 12:00:00+05:30,1327.9000244140625,1328.0,1325.300048828125,1325.800048828125,276065
2026-07-17 12:05:00+05:30,1326.199951171875,1328.300048828125,1325.0999755859375,1327.9000244140625,89192
2026-07-17 12:10:00+05:30,1325.300048828125,1326.199951171875,1324.5999755859375,1326.199951171875,64251
2026-07-17 12:15:00+05:30,1320.9000244140625,1325.4000244140625,1320.699951171875,1325.300048828125,154153
2026-07-17 12:20:00+05:30,1319.5999755859375,1321.5999755859375,1319.0999755859375,1321.199951171875,82025
2026-07-17 12:25:00+05:30,1321.0,1321.199951171875,1319.5999755859375,1319.5999755859375,61990
2026-07-17 12:30:00+05:30,1321.199951171875,1321.699951171875,1320.699951171875,1321.0999755859375,44187
2026-07-17 12:35:00+05:30,1321.5999755859375,1321.699951171875,1320.4000244140625,1321.199951171875,30062
2026-07-17 12:40:00+05:30,1322.199951171875,1324.699951171875,1321.5,1322.4000244140625,53923
2026-07-17 12:45:00+05:30,1323.5999755859375,1324.0,1322.0,1322.199951171875,38695
2026-07-17 12:50:00+05:30,1322.5,1323.699951171875,1322.0,1323.5,60576
2026-07-17 12:55:00+05:30,1323.0,1323.5,1322.300048828125,1322.5,45944
2026-07-17 13:00:00+05:30,1322.699951171875,1323.699951171875,1322.300048828125,1323.0,49292
2026-07-17 13:05:00+05:30,1321.4000244140625,1322.800048828125,1321.199951171875,1322.300048828125,47470
2026-07-17 13:10:00+05:30,1320.800048828125,1321.9000244140625,1319.199951171875,1321.199951171875,53027
2026-07-17 13:15:00+05:30,1319.699951171875,1320.800048828125,1319.5999755859375,1320.800048828125,39680
2026-07-17 13:20:00+05:30,1318.5999755859375,1319.800048828125,1318.0999755859375,1319.699951171875,45521
2026-07-17 13:25:00+05:30,1319.199951171875,1319.5999755859375,1317.9000244140625,1318.5999755859375,41387
2026-07-17 13:30:00+05:30,1320.0,1320.5,1319.199951171875,1319.300048828125,28290
2026-07-17 13:35:00+05:30,1319.800048828125,1321.0,1319.4000244140625,1320.300048828125,52571
2026-07-17 13:40:00+05:30,1319.800048828125,1320.0,1318.5,1319.699951171875,50118
2026-07-17 13:45:00+05:30,1318.199951171875,1319.800048828125,1317.9000244140625,1319.800048828125,48715
2026-07-17 13:50:00+05:30,1318.199951171875,1318.300048828125,1315.699951171875,1318.199951171875,53378
2026-07-17 13:55:00+05:30,1318.199951171875,1318.5999755859375,1316.0999755859375,1318.199951171875,42931
2026-07-17 14:00:00+05:30,1316.5,1317.4000244140625,1314.5,1317.4000244140625,76412
2026-07-17 14:05:00+05:30,1316.5999755859375,1317.4000244140625,1316.0,1316.5,58763
2026-07-17 14:10:00+05:30,1320.0,1320.0,1316.5,1316.5999755859375,83751
2026-07-17 14:15:00+05:30,1319.9000244140625,1326.0,1319.9000244140625,1319.9000244140625,302289
2026-07-17 14:20:00+05:30,1317.699951171875,1321.0999755859375,1317.0999755859375,1319.5,84704
2026-07-17 14:25:00+05:30,1319.199951171875,1321.0999755859375,1317.199951171875,1317.699951171875,132711
2026-07-17 14:30:00+05:30,1322.5,1323.5,1319.199951171875,1319.199951171875,61385
2026-07-17 14:35:00+05:30,1322.300048828125,1322.5,1320.4000244140625,1322.4000244140625,62688
2026-07-17 14:40:00+05:30,1326.0,1328.5,1322.199951171875,1322.300048828125,484984
2026-07-17 14:45:00+05:30,1327.5999755859375,1330.9000244140625,1325.0,1326.0,962596
2026-07-17 14:50:00+05:30,1327.4000244140625,1330.800048828125,1326.5999755859375,1327.5999755859375,287585
2026-07-17 14:55:00+05:30,1327.300048828125,1329.5,1326.9000244140625,1327.9000244140625,333304
2026-07-17 15:00:00+05:30,1327.199951171875,1328.0,1325.800048828125,1327.5,193093
2026-07-17 15:05:00+05:30,1327.9000244140625,1329.4000244140625,1326.699951171875,1327.5,514845
2026-07-17 15:10:00+05:30,1328.800048828125,1329.0,1326.699951171875,1327.699951171875,598473
2026-07-17 15:15:00+05:30,1330.5999755859375,1331.0999755859375,1327.5,1328.699951171875,442412
2026-07-17 15:20:00+05:30,1328.800048828125,1331.800048828125,1326.9000244140625,1330.4000244140625,1013890
2026-07-17 15:25:00+05:30,1329.4000244140625,1332.9000244140625,1328.0999755859375,1329.199951171875,354808
2026-07-20 09:15:00+05:30,1271.4000244140625,1282.300048828125,1263.5,1278.0,0
2026-07-20 09:20:00+05:30,1267.199951171875,1272.199951171875,1261.300048828125,1270.300048828125,856045
2026-07-20 09:25:00+05:30,1262.0999755859375,1269.0,1261.800048828125,1266.699951171875,837009
2026-07-20 09:30:00+05:30,1259.5,1262.699951171875,1259.0,1262.0999755859375,705933
2026-07-20 09:35:00+05:30,1256.699951171875,1260.0,1256.0999755859375,1260.0,472714
2026-07-20 09:40:00+05:30,1257.5999755859375,1260.699951171875,1255.300048828125,1257.0,496334
2026-07-20 09:45:00+05:30,1253.5,1258.0999755859375,1253.0,1257.5999755859375,438347
2026-07-20 09:50:00+05:30,1253.0999755859375,1254.4000244140625,1249.199951171875,1253.5,730434
2026-07-20 09:55:00+05:30,1259.5999755859375,1259.9000244140625,1252.800048828125,1253.5,767930
2026-07-20 10:00:00+05:30,1263.5999755859375,1263.800048828125,1257.0,1259.199951171875,459197
2026-07-20 10:05:00+05:30,1265.0,1265.0999755859375,1261.4000244140625,1263.5,369799
2026-07-20 10:10:00+05:30,1264.800048828125,1265.5,1263.300048828125,1264.699951171875,423424
2026-07-20 10:15:00+05:30,1265.0999755859375,1266.5,1263.5999755859375,1264.5999755859375,2832825
2026-07-20 10:20:00+05:30,1265.300048828125,1265.800048828125,1263.699951171875,1265.0999755859375,905979
2026-07-20 10:25:00+05:30,1266.800048828125,1267.5999755859375,1265.0,1265.300048828125,162073
2026-07-20 10:30:00+05:30,1266.0,1268.0999755859375,1265.5,1266.800048828125,212677
2026-07-20 10:35:00+05:30,1265.0999755859375,1266.0,1264.9000244140625,1265.5,351032
2026-07-20 10:40:00+05:30,1264.199951171875,1266.0,1262.5,1265.0999755859375,253586
2026-07-20 10:45:00+05:30,1263.9000244140625,1265.0,1263.199951171875,1264.5,69325
2026-07-20 10:50:00+05:30,1261.5,1264.5,1261.5,1263.9000244140625,90992
2026-07-20 10:55:00+05:30,1261.199951171875,1262.0,1261.0,1261.199951171875,86352
2026-07-20 11:00:00+05:30,1261.5,1264.0,1261.0,1261.0999755859375,162512
2026-07-20 11:05:00+05:30,1263.0999755859375,1263.4000244140625,1261.0,1261.4000244140625,78805
2026-07-20 11:10:00+05:30,1261.9000244140625,1263.0999755859375,1261.0,1263.0,87926
2026-07-20 11:15:00+05:30,1259.9000244140625,1262.0,1259.0999755859375,1261.9000244140625,242079
2026-07-20 11:20:00+05:30,1259.699951171875,1260.300048828125,1258.800048828125,1259.9000244140625,147225
2026-07-20 11:25:00+05:30,1257.300048828125,1259.699951171875,1257.199951171875,1259.699951171875,168340
2026-07-20 11:30:00+05:30,1256.5,1257.4000244140625,1255.300048828125,1257.300048828125,181350
2026-07-20 11:35:00+05:30,1256.9000244140625,1257.0,1255.300048828125,1256.4000244140625,137962
2026-07-20 11:40:00+05:30,1255.800048828125,1257.300048828125,1255.5,1256.9000244140625,128998
2026-07-20 11:45:00+05:30,1257.699951171875,1258.0,1255.5999755859375,1255.800048828125,125279
2026-07-20 11:50:00+05:30,1257.699951171875,1262.5,1256.0999755859375,1257.699951171875,574141
2026-07-20 11:55:00+05:30,1258.199951171875,1258.9000244140625,1257.4000244140625,1257.699951171875,145762
2026-07-20 12:00:00+05:30,1257.9000244140625,1258.800048828125,1257.0,1258.4000244140625,130726
2026-07-20 12:05:00+05:30,1256.0,1258.4000244140625,1255.800048828125,1257.800048828125,140606
2026-07-20 12:10:00+05:30,1256.699951171875,1257.5999755859375,1255.199951171875,1256.0,94865
2026-07-20 12:15:00+05:30,1257.699951171875,1258.4000244140625,1256.5,1256.5999755859375,103164
2026-07-20 12:20:00+05:30,1256.199951171875,1258.0,1256.0,1257.699951171875,85123
2026-07-20 12:25:00+05:30,1256.4000244140625,1256.9000244140625,1255.0,1256.0,98702
2026-07-20 12:30:00+05:30,1256.699951171875,1257.300048828125,1256.199951171875,1256.199951171875,85228
2026-07-20 12:35:00+05:30,1253.699951171875,1256.800048828125,1253.300048828125,1256.5999755859375,227598
2026-07-20 12:40:00+05:30,1252.800048828125,1253.800048828125,1252.0999755859375,1253.800048828125,155434
2026-07-20 12:45:00+05:30,1252.0,1253.0999755859375,1251.5,1252.5,139862
2026-07-20 12:50:00+05:30,1252.9000244140625,1252.9000244140625,1250.0999755859375,1252.0,158534
2026-07-20 12:55:00+05:30,1253.5999755859375,1254.0999755859375,1251.5,1252.9000244140625,162733
2026-07-20 13:00:00+05:30,1254.699951171875,1255.4000244140625,1253.5,1253.5,128054
2026-07-20 13:05:00+05:30,1251.699951171875,1254.9000244140625,1251.199951171875,1254.5,227282
2026-07-20 13:10:00+05:30,1255.4000244140625,1255.5,1251.699951171875,1251.800048828125,234429
2026-07-20 13:15:00+05:30,1255.0,1255.699951171875,1253.5999755859375,1255.4000244140625,192724
2026-07-20 13:20:00+05:30,1256.9000244140625,1258.300048828125,1254.800048828125,1255.0,533626
2026-07-20 13:25:00+05:30,1256.0999755859375,1256.800048828125,1255.4000244140625,1256.800048828125,192293
2026-07-20 13:30:00+05:30,1255.5,1256.300048828125,1255.0,1256.0,193080
2026-07-20 13:35:00+05:30,1256.4000244140625,1256.800048828125,1255.0999755859375,1255.4000244140625,267837
2026-07-20 13:40:00+05:30,1257.199951171875,1257.5999755859375,1256.0999755859375,1256.4000244140625,170122
2026-07-20 13:45:00+05:30,1258.699951171875,1258.699951171875,1257.199951171875,1257.199951171875,348002
2026-07-20 13:50:00+05:30,1257.800048828125,1259.0,1257.0999755859375,1258.800048828125,189326
2026-07-20 13:55:00+05:30,1258.800048828125,1258.9000244140625,1257.699951171875,1257.800048828125,166881
2026-07-20 14:00:00+05:30,1258.5,1259.4000244140625,1258.0,1258.9000244140625,206170
2026-07-20 14:05:00+05:30,1259.9000244140625,1260.199951171875,1258.0999755859375,1258.5,287582
2026-07-20 14:10:00+05:30,1257.800048828125,1260.199951171875,1257.800048828125,1259.9000244140625,255226
2026-07-20 14:15:00+05:30,1258.0,1258.0,1257.0,1257.5,146873
2026-07-20 14:20:00+05:30,1258.4000244140625,1258.5,1257.300048828125,1258.0,78230
2026-07-20 14:25:00+05:30,1258.199951171875,1258.5,1257.199951171875,1258.4000244140625,126838
2026-07-20 14:30:00+05:30,1258.4000244140625,1258.699951171875,1257.0,1258.0999755859375,340324
2026-07-20 14:35:00+05:30,1258.199951171875,1258.4000244140625,1257.9000244140625,1258.0999755859375,177148
2026-07-20 14:40:00+05:30,1257.699951171875,1258.199951171875,1257.0,1258.199951171875,147472
2026-07-20 14:45:00+05:30,1256.5999755859375,1257.699951171875,1256.300048828125,1257.699951171875,141905
2026-07-20 14:50:00+05:30,1258.5999755859375,1258.5999755859375,1256.5999755859375,1256.699951171875,166814
2026-07-20 14:55:00+05:30,1256.5,1259.0,1256.199951171875,1258.5999755859375,122314
2026-07-20 15:00:00+05:30,1254.9000244140625,1257.4000244140625,1254.0999755859375,1256.800048828125,213775
2026-07-20 15:05:00+05:30,1255.199951171875,1255.5,1253.9000244140625,1254.0,239788
2026-07-20 15:10:00+05:30,1255.800048828125,1255.800048828125,1254.9000244140625,1255.300048828125,212095
2026-07-20 15:15:00+05:30,1257.0,1257.4000244140625,1255.0,1255.800048828125,372218
2026-07-20 15:20:00+05:30,1256.300048828125,1257.5,1256.199951171875,1257.4000244140625,288743
2026-07-20 15:25:00+05:30,1257.0,1257.5,1256.0,1256.5,314017
2026-07-21 09:15:00+05:30,1256.9000244140625,1258.5,1247.0,1247.0,0
2026-07-21 09:20:00+05:30,1249.4000244140625,1256.800048828125,1249.0999755859375,1256.800048828125,564484
2026-07-21 09:25:00+05:30,1247.300048828125,1249.4000244140625,1246.0999755859375,1249.300048828125,496584
2026-07-21 09:30:00+05:30,1245.199951171875,1248.5,1245.199951171875,1247.300048828125,247261
2026-07-21 09:35:00+05:30,1249.199951171875,1249.800048828125,1244.5999755859375,1245.0,327384
2026-07-21 09:40:00+05:30,1255.0,1255.699951171875,1249.300048828125,1249.300048828125,747473
2026-07-21 09:45:00+05:30,1260.800048828125,1262.4000244140625,1254.0,1255.0,611673
2026-07-21 09:50:00+05:30,1257.5,1262.300048828125,1257.300048828125,1260.800048828125,423713
2026-07-21 09:55:00+05:30,1264.300048828125,1265.800048828125,1257.4000244140625,1258.199951171875,385609
2026-07-21 10:00:00+05:30,1263.0999755859375,1264.0,1262.0,1264.0,148861
2026-07-21 10:05:00+05:30,1264.0,1267.4000244140625,1262.699951171875,1263.5,362271
2026-07-21 10:10:00+05:30,1263.0,1266.699951171875,1262.699951171875,1263.5999755859375,285952
2026-07-21 10:15:00+05:30,1261.300048828125,1264.300048828125,1260.5999755859375,1263.0,96112
2026-07-21 10:20:00+05:30,1260.5999755859375,1262.800048828125,1260.0999755859375,1261.4000244140625,68343
2026-07-21 10:25:00+05:30,1261.0999755859375,1261.300048828125,1260.0,1260.5999755859375,115066
2026-07-21 10:30:00+05:30,1258.5999755859375,1261.0999755859375,1257.5999755859375,1261.0999755859375,156835
2026-07-21 10:35:00+05:30,1259.5,1260.0,1258.199951171875,1258.699951171875,100372
2026-07-21 10:40:00+05:30,1259.699951171875,1260.0,1258.800048828125,1259.5,101127
2026-07-21 10:45:00+05:30,1258.5,1260.0999755859375,1258.199951171875,1259.9000244140625,138093
2026-07-21 10:50:00+05:30,1256.0999755859375,1258.4000244140625,1256.0,1258.4000244140625,148887
2026-07-21 10:55:00+05:30,1256.5999755859375,1257.5,1255.5,1256.4000244140625,128968
2026-07-21 11:00:00+05:30,1258.0999755859375,1259.0,1256.5999755859375,1256.800048828125,173062
2026-07-21 11:05:00+05:30,1257.0999755859375,1260.9000244140625,1257.0999755859375,1258.300048828125,192783
2026-07-21 11:10:00+05:30,1257.300048828125,1259.199951171875,1256.0,1257.300048828125,155723
2026-07-21 11:15:00+05:30,1256.5,1257.199951171875,1256.0999755859375,1257.199951171875,139646
2026-07-21 11:20:00+05:30,1256.5999755859375,1257.800048828125,1255.800048828125,1256.5999755859375,148250
2026-07-21 11:25:00+05:30,1256.0,1257.0,1254.5999755859375,1256.5999755859375,158894
2026-07-21 11:30:00+05:30,1256.0,1256.5,1255.0999755859375,1255.4000244140625,115288
2026-07-21 11:35:00+05:30,1255.4000244140625,1256.5999755859375,1255.4000244140625,1256.0999755859375,116974
2026-07-21 11:40:00+05:30,1253.800048828125,1255.5999755859375,1253.199951171875,1255.5,133326
2026-07-21 11:45:00+05:30,1254.0,1254.699951171875,1253.300048828125,1253.699951171875,122687
2026-07-21 11:50:00+05:30,1255.0,1255.4000244140625,1253.5999755859375,1254.0,148221
2026-07-21 11:55:00+05:30,1254.300048828125,1255.0,1253.699951171875,1254.9000244140625,119097
2026-07-21 12:00:00+05:30,1255.0,1255.300048828125,1254.199951171875,1254.4000244140625,129301
2026-07-21 12:05:00+05:30,1253.699951171875,1255.300048828125,1253.4000244140625,1255.0,128335
2026-07-21 12:10:00+05:30,1253.5999755859375,1254.5999755859375,1253.4000244140625,1253.800048828125,100177
2026-07-21 12:15:00+05:30,1254.9000244140625,1255.300048828125,1253.5,1253.5999755859375,123982
2026-07-21 12:20:00+05:30,1253.800048828125,1255.5,1253.4000244140625,1255.0999755859375,148457
2026-07-21 12:25:00+05:30,1253.9000244140625,1254.4000244140625,1253.199951171875,1253.4000244140625,91844
2026-07-21 12:30:00+05:30,1255.300048828125,1256.5,1253.9000244140625,1253.9000244140625,200226
2026-07-21 12:35:00+05:30,1253.800048828125,1255.300048828125,1253.699951171875,1255.300048828125,123944
2026-07-21 12:40:00+05:30,1253.4000244140625,1254.0,1252.0,1254.0,180391
2026-07-21 12:45:00+05:30,1252.699951171875,1254.199951171875,1252.5,1253.4000244140625,157972
2026-07-21 12:50:00+05:30,1252.5,1253.199951171875,1251.5999755859375,1253.199951171875,185120
2026-07-21 12:55:00+05:30,1253.5999755859375,1253.5999755859375,1251.5,1252.5,137115
2026-07-21 13:00:00+05:30,1253.5,1254.300048828125,1252.4000244140625,1253.5999755859375,136973
2026-07-21 13:05:00+05:30,1258.0,1258.4000244140625,1252.9000244140625,1253.300048828125,175699
2026-07-21 13:10:00+05:30,1256.699951171875,1259.699951171875,1255.9000244140625,1258.199951171875,135053
2026-07-21 13:15:00+05:30,1256.800048828125,1257.0999755859375,1256.0,1256.699951171875,85206
2026-07-21 13:20:00+05:30,1258.300048828125,1259.199951171875,1256.0999755859375,1256.9000244140625,116989
2026-07-21 13:25:00+05:30,1258.199951171875,1259.0999755859375,1257.800048828125,1258.4000244140625,100656
2026-07-21 13:30:00+05:30,1258.800048828125,1258.800048828125,1257.300048828125,1258.199951171875,93583
2026-07-21 13:35:00+05:30,1260.199951171875,1260.5,1258.0,1259.0,123515
2026-07-21 13:40:00+05:30,1260.0,1260.199951171875,1258.0999755859375,1260.199951171875,92034
2026-07-21 13:45:00+05:30,1259.199951171875,1260.199951171875,1257.9000244140625,1260.0,123053
2026-07-21 13:50:00+05:30,1258.800048828125,1259.800048828125,1258.0,1259.300048828125,110043
2026-07-21 13:55:00+05:30,1258.4000244140625,1259.0,1257.800048828125,1259.0,133640
2026-07-21 14:00:00+05:30,1259.199951171875,1259.5,1258.300048828125,1258.5,112202
2026-07-21 14:05:00+05:30,1259.0,1259.9000244140625,1258.800048828125,1259.199951171875,98884
2026-07-21 14:10:00+05:30,1258.5,1259.199951171875,1258.0,1259.0,119972
2026-07-21 14:15:00+05:30,1259.0,1260.4000244140625,1258.300048828125,1258.5,204309
2026-07-21 14:20:00+05:30,1259.0,1260.199951171875,1258.699951171875,1259.0999755859375,113311
2026-07-21 14:25:00+05:30,1259.800048828125,1259.9000244140625,1258.5,1259.300048828125,135790
2026-07-21 14:30:00+05:30,1259.199951171875,1259.800048828125,1258.5,1259.699951171875,172168
2026-07-21 14:35:00+05:30,1258.0,1259.5,1257.300048828125,1259.300048828125,218910
2026-07-21 14:40:00+05:30,1257.9000244140625,1258.5999755859375,1257.199951171875,1257.9000244140625,183813
2026-07-21 14:45:00+05:30,1257.4000244140625,1258.800048828125,1256.300048828125,1257.9000244140625,262169
2026-07-21 14:50:00+05:30,1257.800048828125,1258.0999755859375,1257.0999755859375,1257.699951171875,194752
2026-07-21 14:55:00+05:30,1260.9000244140625,1262.300048828125,1257.699951171875,1257.9000244140625,144705
2026-07-21 15:00:00+05:30,1259.800048828125,1262.0,1259.300048828125,1260.699951171875,227544
2026-07-21 15:05:00+05:30,1258.5,1260.0,1258.5,1259.800048828125,275642
2026-07-21 15:10:00+05:30,1256.5999755859375,1258.800048828125,1256.300048828125,1258.5,254095
2026-07-21 15:15:00+05:30,1257.0,1258.199951171875,1256.4000244140625,1256.5999755859375,289833
2026-07-21 15:20:00+05:30,1257.0,1258.0,1256.5,1256.699951171875,236512
2026-07-21 15:25:00+05:30,1258.199951171875,1258.300048828125,1256.4000244140625,1257.0,202804
2026-07-22 09:15:00+05:30,1244.300048828125,1256.9000244140625,1242.9000244140625,1256.9000244140625,0
2026-07-22 09:20:00+05:30,1243.4000244140625,1245.300048828125,1243.0,1244.0,132150
2026-07-22 09:25:00+05:30,1239.4000244140625,1244.5999755859375,1239.4000244140625,1243.5999755859375,164974
2026-07-22 09:30:00+05:30,1240.5999755859375,1241.0,1238.4000244140625,1239.800048828125,100171
2026-07-22 09:35:00+05:30,1241.5,1241.5,1240.0,1240.5999755859375,79078
2026-07-22 09:40:00+05:30,1241.699951171875,1242.0,1239.5,1241.199951171875,84771
2026-07-22 09:45:00+05:30,1241.199951171875,1241.699951171875,1239.199951171875,1241.699951171875,83394
2026-07-22 09:50:00+05:30,1243.0,1243.5999755859375,1241.199951171875,1241.199951171875,65795
2026-07-22 09:55:00+05:30,1242.5,1243.300048828125,1241.699951171875,1243.300048828125,27766
2026-07-22 10:00:00+05:30,1241.800048828125,1243.699951171875,1241.5,1242.800048828125,64977
2026-07-22 10:05:00+05:30,1243.5,1243.5999755859375,1241.0,1241.5999755859375,47339
2026-07-22 10:10:00+05:30,1242.0999755859375,1243.4000244140625,1242.0,1243.199951171875,87503
2026-07-22 10:15:00+05:30,1243.300048828125,1243.699951171875,1241.5999755859375,1242.0999755859375,81504
2026-07-22 10:20:00+05:30,1239.800048828125,1243.800048828125,1239.4000244140625,1243.300048828125,74325
2026-07-22 10:25:00+05:30,1240.0999755859375,1240.300048828125,1237.5999755859375,1240.199951171875,103831
2026-07-22 10:30:00+05:30,1239.800048828125,1241.4000244140625,1239.5,1240.300048828125,34640
2026-07-22 10:35:00+05:30,1239.5,1240.0999755859375,1239.5,1239.800048828125,22995
2026-07-22 10:40:00+05:30,1237.800048828125,1239.5999755859375,1237.5999755859375,1239.5,68599
2026-07-22 10:45:00+05:30,1238.0,1238.699951171875,1237.5999755859375,1238.0,58137
2026-07-22 10:50:00+05:30,1238.0,1238.5,1237.5999755859375,1238.0999755859375,51177
2026-07-22 10:55:00+05:30,1238.0999755859375,1238.5,1238.0,1238.199951171875,48329
2026-07-22 11:00:00+05:30,1237.5999755859375,1238.300048828125,1237.5999755859375,1238.0,37468
2026-07-22 11:05:00+05:30,1236.9000244140625,1237.9000244140625,1236.5999755859375,1237.5999755859375,56882
2026-07-22 11:10:00+05:30,1237.0,1237.0999755859375,1236.4000244140625,1236.9000244140625,44592
2026-07-22 11:15:00+05:30,1237.199951171875,1237.300048828125,1236.5999755859375,1237.0,35736
2026-07-22 11:20:00+05:30,1237.0999755859375,1237.800048828125,1236.800048828125,1237.199951171875,46125
2026-07-22 11:25:00+05:30,1237.5,1237.9000244140625,1237.0999755859375,1237.0999755859375,39430
2026-07-22 11:30:00+05:30,1238.0999755859375,1238.5,1237.0,1237.5,35823
2026-07-22 11:35:00+05:30,1237.699951171875,1238.699951171875,1237.699951171875,1238.300048828125,33624
2026-07-22 11:40:00+05:30,1237.300048828125,1238.0999755859375,1237.300048828125,1237.699951171875,25694
2026-07-22 11:45:00+05:30,1237.699951171875,1238.5,1237.199951171875,1237.300048828125,51072
2026-07-22 11:50:00+05:30,1236.5,1238.199951171875,1236.4000244140625,1238.0,46172
2026-07-22 11:55:00+05:30,1236.199951171875,1236.699951171875,1236.199951171875,1236.5,29455
2026-07-22 12:00:00+05:30,1235.199951171875,1236.4000244140625,1235.0,1236.199951171875,80454
2026-07-22 12:05:00+05:30,1236.800048828125,1237.4000244140625,1235.0999755859375,1235.199951171875,83674
2026-07-22 12:10:00+05:30,1238.5999755859375,1239.0,1237.0,1237.0,72501
2026-07-22 12:15:00+05:30,1236.300048828125,1238.800048828125,1236.300048828125,1238.5999755859375,47874
2026-07-22 12:20:00+05:30,1238.5,1238.9000244140625,1235.4000244140625,1236.0999755859375,51338
2026-07-22 12:25:00+05:30,1237.4000244140625,1238.5999755859375,1237.300048828125,1238.5999755859375,40372
2026-07-22 12:30:00+05:30,1236.9000244140625,1237.5999755859375,1236.5,1237.4000244140625,31635
2026-07-22 12:35:00+05:30,1236.199951171875,1236.9000244140625,1235.699951171875,1236.9000244140625,56434
2026-07-22 12:40:00+05:30,1238.0,1238.300048828125,1236.0999755859375,1236.199951171875,46716
2026-07-22 12:45:00+05:30,1239.699951171875,1239.800048828125,1237.800048828125,1237.800048828125,49942
2026-07-22 12:50:00+05:30,1240.0,1240.5,1239.699951171875,1240.300048828125,53821
2026-07-22 12:55:00+05:30,1240.0999755859375,1240.5,1240.0,1240.199951171875,93213
2026-07-22 13:00:00+05:30,1237.300048828125,1240.0999755859375,1237.300048828125,1240.0,47496
2026-07-22 13:05:00+05:30,1237.800048828125,1238.199951171875,1237.300048828125,1237.5999755859375,34600
2026-07-22 13:10:00+05:30,1238.0,1238.199951171875,1237.5999755859375,1238.0999755859375,57784
2026-07-22 13:15:00+05:30,1238.800048828125,1239.0999755859375,1237.9000244140625,1238.0,33665
2026-07-22 13:20:00+05:30,1238.5,1239.0999755859375,1238.5,1238.699951171875,22775
2026-07-22 13:25:00+05:30,1237.9000244140625,1238.699951171875,1237.9000244140625,1238.5,31998
2026-07-22 13:30:00+05:30,1238.699951171875,1238.699951171875,1237.800048828125,1237.9000244140625,1539411
2026-07-22 13:35:00+05:30,1238.9000244140625,1239.9000244140625,1238.300048828125,1238.699951171875,897148
2026-07-22 13:40:00+05:30,1238.800048828125,1239.0,1237.800048828125,1238.9000244140625,41534
2026-07-22 13:45:00+05:30,1238.0,1238.9000244140625,1238.0,1238.9000244140625,29420
2026-07-22 13:50:00+05:30,1236.5999755859375,1238.300048828125,1236.300048828125,1238.0999755859375,65365
2026-07-22 13:55:00+05:30,1236.0,1237.0,1235.699951171875,1237.0,104491
2026-07-22 14:00:00+05:30,1237.0999755859375,1237.0999755859375,1236.0,1236.0999755859375,74060
2026-07-22 14:05:00+05:30,1236.5999755859375,1237.300048828125,1236.0999755859375,1237.0999755859375,48528
2026-07-22 14:10:00+05:30,1237.199951171875,1237.300048828125,1236.5999755859375,1236.5999755859375,52563
2026-07-22 14:15:00+05:30,1237.0,1237.5999755859375,1236.5999755859375,1237.0999755859375,70420
2026-07-22 14:20:00+05:30,1237.0,1238.0,1236.9000244140625,1237.0999755859375,62094
2026-07-22 14:25:00+05:30,1237.199951171875,1237.800048828125,1236.800048828125,1237.0,58883
2026-07-22 14:30:00+05:30,1237.9000244140625,1238.199951171875,1236.9000244140625,1237.199951171875,47977
2026-07-22 14:35:00+05:30,1238.0999755859375,1238.5,1237.699951171875,1238.0,46008
2026-07-22 14:40:00+05:30,1238.0,1238.300048828125,1237.9000244140625,1238.0999755859375,43958
2026-07-22 14:45:00+05:30,1238.0,1238.0,1237.9000244140625,1238.0,51138
2026-07-22 14:50:00+05:30,1237.800048828125,1238.300048828125,1237.800048828125,1237.9000244140625,55975
2026-07-22 14:55:00+05:30,1236.800048828125,1238.0,1236.0999755859375,1237.800048828125,79976
2026-07-22 15:00:00+05:30,1236.300048828125,1237.199951171875,1236.199951171875,1236.699951171875,81414
2026-07-22 15:05:00+05:30,1237.199951171875,1237.300048828125,1236.199951171875,1236.300048828125,165547
2026-07-22 15:10:00+05:30,1239.300048828125,1240.0,1237.0,1237.0999755859375,215164
2026-07-22 15:15:00+05:30,1240.9000244140625,1242.5,1238.5999755859375,1239.300048828125,276970
2026-07-22 15:20:00+05:30,1239.5999755859375,1243.0,1239.199951171875,1240.800048828125,420559
2026-07-22 15:25:00+05:30,1238.4000244140625,1240.0,1230.5,1239.5999755859375,640293
2026-07-23 09:15:00+05:30,1233.300048828125,1233.699951171875,1226.699951171875,1231.199951171875,0
2026-07-23 09:20:00+05:30,1237.5,1238.0,1233.0999755859375,1233.0999755859375,141148
2026-07-23 09:25:00+05:30,1235.5,1237.5,1235.4000244140625,1237.4000244140625,62393
2026-07-23 09:30:00+05:30,1233.0999755859375,1236.699951171875,1233.0,1235.699951171875,130923
2026-07-23 09:35:00+05:30,1230.5999755859375,1233.5999755859375,1227.300048828125,1233.4000244140625,127928
2026-07-23 09:40:00+05:30,1231.5999755859375,1232.5,1229.699951171875,1230.300048828125,126724
2026-07-23 09:45:00+05:30,1232.199951171875,1233.4000244140625,1231.0,1231.9000244140625,57456
2026-07-23 09:50:00+05:30,1234.699951171875,1235.0,1232.199951171875,1232.199951171875,121778
2026-07-23 09:55:00+05:30,1237.699951171875,1238.0,1234.199951171875,1234.699951171875,122230
2026-07-23 10:00:00+05:30,1236.300048828125,1238.0,1236.199951171875,1237.699951171875,54665
2026-07-23 10:05:00+05:30,1234.699951171875,1236.199951171875,1233.4000244140625,1236.199951171875,70948
2026-07-23 10:10:00+05:30,1233.300048828125,1235.0,1233.199951171875,1234.699951171875,48193
2026-07-23 10:15:00+05:30,1233.4000244140625,1234.0999755859375,1231.4000244140625,1233.199951171875,62927
2026-07-23 10:20:00+05:30,1232.800048828125,1234.199951171875,1232.199951171875,1233.4000244140625,20612
2026-07-23 10:25:00+05:30,1236.0999755859375,1236.199951171875,1231.4000244140625,1232.5,71238
2026-07-23 10:30:00+05:30,1234.5,1237.4000244140625,1234.4000244140625,1236.0,45338
2026-07-23 10:35:00+05:30,1234.5999755859375,1235.0999755859375,1234.199951171875,1234.4000244140625,61763
2026-07-23 10:40:00+05:30,1234.199951171875,1235.4000244140625,1234.199951171875,1235.0,33092
2026-07-23 10:45:00+05:30,1234.9000244140625,1235.0999755859375,1233.4000244140625,1234.300048828125,38123
2026-07-23 10:50:00+05:30,1234.5,1235.0,1233.5,1234.800048828125,103511
2026-07-23 10:55:00+05:30,1235.0,1235.5,1234.0,1234.5,126364
2026-07-23 11:00:00+05:30,1236.5999755859375,1236.9000244140625,1235.0,1235.0,55338
2026-07-23 11:05:00+05:30,1235.9000244140625,1236.9000244140625,1235.0999755859375,1236.699951171875,53404
2026-07-23 11:10:00+05:30,1232.9000244140625,1236.0,1232.9000244140625,1235.4000244140625,30347
2026-07-23 11:15:00+05:30,1230.699951171875,1233.0999755859375,1230.4000244140625,1232.9000244140625,29098
2026-07-23 11:20:00+05:30,1231.5999755859375,1232.300048828125,1230.5,1230.5,33627
2026-07-23 11:25:00+05:30,1232.5999755859375,1232.800048828125,1231.199951171875,1231.699951171875,31492
2026-07-23 11:30:00+05:30,1233.4000244140625,1234.199951171875,1232.4000244140625,1232.699951171875,62230
2026-07-23 11:35:00+05:30,1233.9000244140625,1234.199951171875,1233.0,1233.0999755859375,49944
2026-07-23 11:40:00+05:30,1233.0,1233.9000244140625,1232.4000244140625,1233.9000244140625,32520
2026-07-23 11:45:00+05:30,1230.4000244140625,1232.5999755859375,1230.0,1232.5999755859375,56825
2026-07-23 11:50:00+05:30,1229.9000244140625,1230.699951171875,1228.699951171875,1230.4000244140625,53128
2026-07-23 11:55:00+05:30,1229.9000244140625,1230.800048828125,1228.0999755859375,1229.9000244140625,203237
2026-07-23 12:00:00+05:30,1230.699951171875,1232.300048828125,1229.5,1230.0999755859375,166688
2026-07-23 12:05:00+05:30,1229.0,1230.300048828125,1228.300048828125,1230.300048828125,74615
2026-07-23 12:10:00+05:30,1228.5,1229.4000244140625,1227.800048828125,1229.0,99625
2026-07-23 12:15:00+05:30,1230.199951171875,1230.4000244140625,1228.0,1228.699951171875,97085
2026-07-23 12:20:00+05:30,1229.0999755859375,1230.4000244140625,1228.4000244140625,1230.0,88828
2026-07-23 12:25:00+05:30,1227.5,1229.4000244140625,1227.5,1229.300048828125,77043
2026-07-23 12:30:00+05:30,1224.0999755859375,1227.9000244140625,1223.699951171875,1227.5,219904
2026-07-23 12:35:00+05:30,1223.699951171875,1225.4000244140625,1223.4000244140625,1224.5999755859375,131602
2026-07-23 12:40:00+05:30,1222.800048828125,1224.0,1222.800048828125,1223.5,117595
2026-07-23 12:45:00+05:30,1220.5999755859375,1223.0,1220.199951171875,1222.5999755859375,227942
2026-07-23 12:50:00+05:30,1222.699951171875,1223.199951171875,1220.4000244140625,1220.4000244140625,99055
2026-07-23 12:55:00+05:30,1222.300048828125,1223.199951171875,1221.800048828125,1222.5999755859375,90187
2026-07-23 13:00:00+05:30,1222.9000244140625,1224.0,1221.800048828125,1222.4000244140625,123652
2026-07-23 13:05:00+05:30,1222.5,1223.699951171875,1222.4000244140625,1223.199951171875,103276
2026-07-23 13:10:00+05:30,1222.699951171875,1223.9000244140625,1222.0999755859375,1222.4000244140625,117271
2026-07-23 13:15:00+05:30,1223.4000244140625,1223.4000244140625,1222.0999755859375,1222.699951171875,100239
2026-07-23 13:20:00+05:30,1223.5999755859375,1223.800048828125,1222.4000244140625,1223.199951171875,119525
2026-07-23 13:25:00+05:30,1224.0999755859375,1224.800048828125,1222.5999755859375,1223.699951171875,132780
2026-07-23 13:30:00+05:30,1224.0,1225.199951171875,1223.800048828125,1224.300048828125,104532
2026-07-23 13:35:00+05:30,1225.199951171875,1225.300048828125,1222.800048828125,1223.800048828125,179416
2026-07-23 13:40:00+05:30,1225.0999755859375,1225.5999755859375,1224.0,1225.199951171875,100263
2026-07-23 13:45:00+05:30,1224.5999755859375,1225.800048828125,1224.300048828125,1224.9000244140625,54376
2026-07-23 13:50:00+05:30,1223.9000244140625,1225.0,1223.5,1224.5999755859375,85256
2026-07-23 13:55:00+05:30,1223.800048828125,1224.5,1222.5999755859375,1223.9000244140625,59326
2026-07-23 14:00:00+05:30,1223.800048828125,1224.9000244140625,1223.5999755859375,1223.9000244140625,53163
2026-07-23 14:05:00+05:30,1223.699951171875,1224.9000244140625,1223.4000244140625,1223.699951171875,71672
2026-07-23 14:10:00+05:30,1223.300048828125,1224.199951171875,1222.9000244140625,1223.699951171875,66231
2026-07-23 14:15:00+05:30,1223.0,1224.0,1222.9000244140625,1223.5,64850
2026-07-23 14:20:00+05:30,1224.5,1225.0999755859375,1223.0,1223.0999755859375,72159
2026-07-23 14:25:00+05:30,1225.0999755859375,1226.199951171875,1224.199951171875,1224.5,146631
2026-07-23 14:30:00+05:30,1225.9000244140625,1226.9000244140625,1224.300048828125,1225.0999755859375,122931
2026-07-23 14:35:00+05:30,1225.0,1226.300048828125,1224.199951171875,1226.199951171875,158781
2026-07-23 14:40:00+05:30,1221.5999755859375,1225.9000244140625,1221.4000244140625,1225.0999755859375,130437
2026-07-23 14:45:00+05:30,1220.0,1221.800048828125,1219.9000244140625,1221.5,209534
2026-07-23 14:50:00+05:30,1221.199951171875,1221.800048828125,1219.199951171875,1220.0,230120
2026-07-23 14:55:00+05:30,1222.0,1222.5,1221.0,1221.199951171875,149853
2026-07-23 15:00:00+05:30,1222.800048828125,1223.199951171875,1221.0999755859375,1222.199951171875,205334
2026-07-23 15:05:00+05:30,1222.5999755859375,1224.5,1222.5999755859375,1222.5999755859375,214122
2026-07-23 15:10:00+05:30,1222.5999755859375,1223.5999755859375,1222.300048828125,1222.699951171875,221166
2026-07-23 15:15:00+05:30,1222.800048828125,1223.800048828125,1221.800048828125,1222.699951171875,301287
2026-07-23 15:20:00+05:30,1223.9000244140625,1224.800048828125,1222.0999755859375,1222.9000244140625,298915
2026-07-23 15:25:00+05:30,1222.0999755859375,1224.5999755859375,1222.0,1224.0,165204
2026-07-24 09:15:00+05:30,1220.5,1221.0999755859375,1211.0,1214.800048828125,0
2026-07-24 09:20:00+05:30,1219.5999755859375,1220.9000244140625,1218.300048828125,1220.4000244140625,530211
2026-07-24 09:25:00+05:30,1218.800048828125,1219.199951171875,1217.300048828125,1218.9000244140625,50958
2026-07-24 09:30:00+05:30,1215.800048828125,1219.199951171875,1215.800048828125,1218.699951171875,171025
2026-07-24 09:35:00+05:30,1216.199951171875,1216.5,1215.0,1215.699951171875,52737
2026-07-24 09:40:00+05:30,1215.199951171875,1217.5,1214.0,1216.5,76841
2026-07-24 09:45:00+05:30,1215.0999755859375,1215.300048828125,1214.5,1214.5,53183
2026-07-24 09:50:00+05:30,1216.699951171875,1216.699951171875,1215.0999755859375,1215.0999755859375,82620
2026-07-24 09:55:00+05:30,1217.199951171875,1218.300048828125,1216.199951171875,1216.699951171875,63164
2026-07-24 10:00:00+05:30,1216.199951171875,1217.199951171875,1215.4000244140625,1216.9000244140625,42225
2026-07-24 10:05:00+05:30,1217.0,1219.0,1216.0999755859375,1216.199951171875,215479
2026-07-24 10:10:00+05:30,1216.5,1217.699951171875,1214.9000244140625,1217.5999755859375,128299
2026-07-24 10:15:00+05:30,1217.0,1217.9000244140625,1216.0,1216.5,81433
2026-07-24 10:20:00+05:30,1218.0,1218.800048828125,1216.800048828125,1217.0,145847
2026-07-24 10:25:00+05:30,1218.0,1218.5,1217.4000244140625,1218.0,84607
2026-07-24 10:30:00+05:30,1218.9000244140625,1219.5,1217.800048828125,1218.199951171875,111651
2026-07-24 10:35:00+05:30,1217.5,1219.4000244140625,1217.0,1218.9000244140625,209873
2026-07-24 10:40:00+05:30,1218.9000244140625,1219.5,1217.4000244140625,1217.4000244140625,83656
2026-07-24 10:45:00+05:30,1218.5999755859375,1219.699951171875,1218.5,1219.0,46640
2026-07-24 10:50:00+05:30,1217.199951171875,1218.699951171875,1217.0999755859375,1218.5999755859375,60566
2026-07-24 10:55:00+05:30,1217.5999755859375,1218.199951171875,1216.0,1217.199951171875,87425
2026-07-24 11:00:00+05:30,1218.0999755859375,1218.300048828125,1216.0,1217.9000244140625,73171
2026-07-24 11:05:00+05:30,1217.699951171875,1218.300048828125,1217.0,1218.199951171875,189862
2026-07-24 11:10:00+05:30,1217.300048828125,1217.800048828125,1216.300048828125,1217.699951171875,58193
2026-07-24 11:15:00+05:30,1216.9000244140625,1217.800048828125,1216.300048828125,1216.699951171875,59704
2026-07-24 11:20:00+05:30,1217.300048828125,1217.699951171875,1216.300048828125,1216.699951171875,44172
2026-07-24 11:25:00+05:30,1216.0999755859375,1217.5999755859375,1215.5999755859375,1217.199951171875,60345
2026-07-24 11:30:00+05:30,1215.699951171875,1216.5999755859375,1215.699951171875,1215.9000244140625,52955
2026-07-24 11:35:00+05:30,1216.0999755859375,1216.199951171875,1214.5999755859375,1216.0999755859375,92248
2026-07-24 11:40:00+05:30,1216.9000244140625,1217.199951171875,1215.699951171875,1215.9000244140625,38576
2026-07-24 11:45:00+05:30,1219.9000244140625,1219.9000244140625,1216.9000244140625,1217.0999755859375,62646
2026-07-24 11:50:00+05:30,1223.0,1223.5,1219.5999755859375,1219.699951171875,70934
2026-07-24 11:55:00+05:30,1222.5999755859375,1223.5,1222.0999755859375,1223.0999755859375,52932
2026-07-24 12:00:00+05:30,1225.4000244140625,1225.4000244140625,1222.5999755859375,1222.5999755859375,63291
2026-07-24 12:05:00+05:30,1226.0,1226.199951171875,1224.199951171875,1225.5999755859375,91042
2026-07-24 12:10:00+05:30,1223.5999755859375,1226.0999755859375,1223.199951171875,1226.0,99743
2026-07-24 12:15:00+05:30,1222.800048828125,1224.5999755859375,1222.5,1223.5999755859375,101444
2026-07-24 12:20:00+05:30,1224.300048828125,1224.4000244140625,1222.0,1222.5,69697
2026-07-24 12:25:00+05:30,1230.0,1231.0,1224.199951171875,1224.300048828125,116474
2026-07-24 12:30:00+05:30,1227.0,1230.699951171875,1227.0,1230.199951171875,81213
2026-07-24 12:35:00+05:30,1228.5999755859375,1228.800048828125,1226.699951171875,1227.0,69083
2026-07-24 12:40:00+05:30,1230.0,1230.5,1228.0999755859375,1228.0999755859375,101385
2026-07-24 12:45:00+05:30,1231.0,1231.5,1229.300048828125,1230.0999755859375,63350
2026-07-24 12:50:00+05:30,1229.199951171875,1231.300048828125,1229.199951171875,1231.199951171875,53036
2026-07-24 12:55:00+05:30,1228.199951171875,1230.0,1228.0999755859375,1229.199951171875,41769
2026-07-24 13:00:00+05:30,1225.5,1228.5,1224.4000244140625,1228.199951171875,96807
2026-07-24 13:05:00+05:30,1223.5999755859375,1225.199951171875,1223.0999755859375,1225.199951171875,80182
2026-07-24 13:10:00+05:30,1226.300048828125,1226.4000244140625,1223.199951171875,1223.5,97613
2026-07-24 13:15:00+05:30,1227.0999755859375,1227.800048828125,1224.699951171875,1226.5999755859375,108608
2026-07-24 13:20:00+05:30,1227.5999755859375,1228.199951171875,1227.0,1227.199951171875,77614
2026-07-24 13:25:00+05:30,1227.199951171875,1229.199951171875,1227.0,1227.5,80724
2026-07-24 13:30:00+05:30,1227.800048828125,1228.4000244140625,1227.0,1227.0999755859375,76593
2026-07-24 13:35:00+05:30,1227.5999755859375,1228.0,1227.0,1227.699951171875,80898
2026-07-24 13:40:00+05:30,1226.199951171875,1227.5999755859375,1225.0,1227.5,106942
2026-07-24 13:45:00+05:30,1227.0,1227.0999755859375,1225.300048828125,1226.199951171875,108523
2026-07-24 13:50:00+05:30,1228.4000244140625,1228.699951171875,1226.4000244140625,1227.0,88581
2026-07-24 13:55:00+05:30,1229.0999755859375,1229.300048828125,1227.300048828125,1228.300048828125,92786
2026-07-24 14:00:00+05:30,1229.5999755859375,1230.199951171875,1227.800048828125,1229.199951171875,90249
2026-07-24 14:05:00+05:30,1232.699951171875,1233.0,1229.300048828125,1229.5999755859375,163908
2026-07-24 14:10:00+05:30,1232.699951171875,1233.800048828125,1232.0,1232.4000244140625,72963
2026-07-24 14:15:00+05:30,1232.0,1233.199951171875,1232.0,1232.699951171875,70065
2026-07-24 14:20:00+05:30,1232.0999755859375,1232.9000244140625,1232.0,1232.0999755859375,90608
2026-07-24 14:25:00+05:30,1232.0999755859375,1232.5999755859375,1232.0,1232.0,69105
2026-07-24 14:30:00+05:30,1232.300048828125,1233.0,1231.5,1232.0999755859375,136936
2026-07-24 14:35:00+05:30,1230.300048828125,1232.300048828125,1230.0,1232.300048828125,198434
2026-07-24 14:40:00+05:30,1230.300048828125,1230.9000244140625,1229.5999755859375,1230.300048828125,103229
2026-07-24 14:45:00+05:30,1228.9000244140625,1230.4000244140625,1227.699951171875,1230.199951171875,228367
2026-07-24 14:50:00+05:30,1230.199951171875,1230.800048828125,1228.699951171875,1229.0999755859375,129330
2026-07-24 14:55:00+05:30,1229.5,1230.9000244140625,1229.5,1230.5,148118
2026-07-24 15:00:00+05:30,1227.0999755859375,1229.4000244140625,1226.199951171875,1229.4000244140625,227879
2026-07-24 15:05:00+05:30,1226.199951171875,1227.199951171875,1225.5999755859375,1227.0,233692
2026-07-24 15:10:00+05:30,1227.9000244140625,1227.9000244140625,1225.4000244140625,1226.4000244140625,208743
2026-07-24 15:15:00+05:30,1227.699951171875,1230.4000244140625,1227.699951171875,1227.800048828125,103010
2026-07-24 15:20:00+05:30,1228.300048828125,1229.0,1227.699951171875,1227.699951171875,134496
2026-07-24 15:25:00+05:30,1228.9000244140625,1230.0,1228.300048828125,1228.5,84581
2026-07-27 09:15:00+05:30,1231.0999755859375,1235.699951171875,1230.0,1235.699951171875,0
2026-07-27 09:20:00+05:30,1233.0,1233.4000244140625,1230.199951171875,1231.0,116890
2026-07-27 09:25:00+05:30,1232.699951171875,1233.0999755859375,1231.4000244140625,1232.9000244140625,58196
2026-07-27 09:30:00+05:30,1233.0,1233.199951171875,1232.0,1232.699951171875,50680
2026-07-27 09:35:00+05:30,1232.5,1233.300048828125,1232.0999755859375,1232.699951171875,58205
2026-07-27 09:40:00+05:30,1232.5,1232.9000244140625,1231.5,1232.5999755859375,21348
2026-07-27 09:45:00+05:30,1233.4000244140625,1233.800048828125,1232.5999755859375,1232.800048828125,27998
2026-07-27 09:50:00+05:30,1233.5,1234.300048828125,1233.300048828125,1233.4000244140625,89285
2026-07-27 09:55:00+05:30,1231.5,1233.699951171875,1231.5,1233.699951171875,91717
2026-07-27 10:00:00+05:30,1232.0999755859375,1232.5999755859375,1229.5999755859375,1232.5,167685
2026-07-27 10:05:00+05:30,1231.699951171875,1232.9000244140625,1231.300048828125,1232.0999755859375,43926
2026-07-27 10:10:00+05:30,1229.5999755859375,1231.5999755859375,1228.699951171875,1231.5999755859375,64040
2026-07-27 10:15:00+05:30,1229.300048828125,1230.0,1229.199951171875,1229.5999755859375,30578
2026-07-27 10:20:00+05:30,1228.0,1229.5,1227.800048828125,1229.4000244140625,80215
2026-07-27 10:25:00+05:30,1227.5,1228.9000244140625,1227.4000244140625,1228.0,58788
2026-07-27 10:30:00+05:30,1227.4000244140625,1228.5999755859375,1226.699951171875,1227.9000244140625,47954
2026-07-27 10:35:00+05:30,1226.4000244140625,1227.5999755859375,1226.4000244140625,1227.4000244140625,29792
2026-07-27 10:40:00+05:30,1228.699951171875,1228.699951171875,1226.300048828125,1226.300048828125,37810
2026-07-27 10:45:00+05:30,1228.800048828125,1229.199951171875,1228.0,1228.699951171875,25732
2026-07-27 10:50:00+05:30,1226.9000244140625,1228.800048828125,1226.5,1228.800048828125,36838
2026-07-27 10:55:00+05:30,1227.699951171875,1228.699951171875,1226.300048828125,1226.9000244140625,35287
2026-07-27 11:00:00+05:30,1227.5999755859375,1229.199951171875,1226.9000244140625,1227.9000244140625,39674
2026-07-27 11:05:00+05:30,1227.300048828125,1227.5999755859375,1226.4000244140625,1227.199951171875,84242
2026-07-27 11:10:00+05:30,1226.0,1228.0,1225.5999755859375,1227.800048828125,43206
2026-07-27 11:15:00+05:30,1227.0,1227.5,1225.0999755859375,1226.0,34438
2026-07-27 11:20:00+05:30,1226.0999755859375,1227.199951171875,1225.699951171875,1227.0,49058
2026-07-27 11:25:00+05:30,1226.300048828125,1227.300048828125,1225.800048828125,1226.5999755859375,52201
2026-07-27 11:30:00+05:30,1224.300048828125,1226.5,1223.800048828125,1226.199951171875,148935
2026-07-27 11:35:00+05:30,1224.0999755859375,1224.300048828125,1223.4000244140625,1224.0,50724
2026-07-27 11:40:00+05:30,1225.199951171875,1225.4000244140625,1223.4000244140625,1223.699951171875,60590
2026-07-27 11:45:00+05:30,1224.699951171875,1225.800048828125,1224.4000244140625,1225.0999755859375,52811
2026-07-27 11:50:00+05:30,1225.4000244140625,1225.5999755859375,1224.199951171875,1224.5999755859375,62607
2026-07-27 11:55:00+05:30,1225.0999755859375,1226.0999755859375,1224.5,1225.300048828125,86135
2026-07-27 12:00:00+05:30,1224.800048828125,1225.800048828125,1224.4000244140625,1225.0,110000
2026-07-27 12:05:00+05:30,1224.5,1225.300048828125,1224.199951171875,1224.699951171875,43583
2026-07-27 12:10:00+05:30,1225.0999755859375,1225.4000244140625,1224.0999755859375,1224.5999755859375,49840
2026-07-27 12:15:00+05:30,1226.4000244140625,1226.699951171875,1224.300048828125,1224.5999755859375,39216
2026-07-27 12:20:00+05:30,1225.0,1226.300048828125,1225.0,1226.300048828125,33597
2026-07-27 12:25:00+05:30,1224.199951171875,1225.800048828125,1224.0,1225.4000244140625,35309
2026-07-27 12:30:00+05:30,1224.5,1224.800048828125,1224.0,1224.0,56991
2026-07-27 12:35:00+05:30,1223.300048828125,1224.5999755859375,1223.0,1224.5999755859375,49188
2026-07-27 12:40:00+05:30,1223.199951171875,1224.0999755859375,1223.0,1223.300048828125,43438
2026-07-27 12:45:00+05:30,1223.9000244140625,1225.0999755859375,1223.199951171875,1223.300048828125,45000
2026-07-27 12:50:00+05:30,1224.5,1225.199951171875,1222.800048828125,1223.800048828125,67187
2026-07-27 12:55:00+05:30,1225.0,1225.5999755859375,1223.4000244140625,1224.5,74099
2026-07-27 13:00:00+05:30,1227.199951171875,1227.300048828125,1224.9000244140625,1225.0,63667
2026-07-27 13:05:00+05:30,1225.5,1226.9000244140625,1225.4000244140625,1226.5999755859375,43811
2026-07-27 13:10:00+05:30,1226.0999755859375,1226.699951171875,1225.199951171875,1225.4000244140625,29096
2026-07-27 13:15:00+05:30,1226.0999755859375,1226.9000244140625,1226.0,1226.300048828125,25662
2026-07-27 13:20:00+05:30,1226.4000244140625,1226.5999755859375,1225.800048828125,1226.0,36979
2026-07-27 13:25:00+05:30,1223.300048828125,1226.0,1223.0999755859375,1226.0,58651
2026-07-27 13:30:00+05:30,1224.0999755859375,1224.5999755859375,1223.0,1223.199951171875,41854
2026-07-27 13:35:00+05:30,1224.0,1225.0,1223.0999755859375,1224.0999755859375,51372
2026-07-27 13:40:00+05:30,1222.0999755859375,1223.9000244140625,1221.5999755859375,1223.5,635582
2026-07-27 13:45:00+05:30,1223.0999755859375,1223.800048828125,1221.9000244140625,1222.0999755859375,47994
2026-07-27 13:50:00+05:30,1223.0,1223.4000244140625,1222.9000244140625,1223.0,59945
2026-07-27 13:55:00+05:30,1224.0,1224.5,1222.699951171875,1223.0,79678
2026-07-27 14:00:00+05:30,1224.9000244140625,1225.699951171875,1223.5999755859375,1223.5999755859375,75175
2026-07-27 14:05:00+05:30,1226.300048828125,1226.5,1224.5,1225.0,184054
2026-07-27 14:10:00+05:30,1228.699951171875,1228.699951171875,1225.5999755859375,1226.300048828125,288317
2026-07-27 14:15:00+05:30,1226.5,1228.5,1226.4000244140625,1228.4000244140625,91403
2026-07-27 14:20:00+05:30,1228.5999755859375,1228.699951171875,1226.199951171875,1226.300048828125,89760
2026-07-27 14:25:00+05:30,1230.0999755859375,1230.199951171875,1227.800048828125,1228.4000244140625,86430
2026-07-27 14:30:00+05:30,1228.300048828125,1230.199951171875,1227.699951171875,1230.199951171875,59993
2026-07-27 14:35:00+05:30,1228.199951171875,1229.300048828125,1226.800048828125,1228.199951171875,78737
2026-07-27 14:40:00+05:30,1227.4000244140625,1228.300048828125,1226.5,1228.199951171875,48149
2026-07-27 14:45:00+05:30,1226.5,1227.800048828125,1226.4000244140625,1227.4000244140625,61829
2026-07-27 14:50:00+05:30,1226.5999755859375,1228.0999755859375,1226.0999755859375,1226.5,77737
2026-07-27 14:55:00+05:30,1226.5999755859375,1227.4000244140625,1226.0,1226.5,42104
2026-07-27 15:00:00+05:30,1227.5,1228.300048828125,1226.0999755859375,1226.5999755859375,76017
2026-07-27 15:05:00+05:30,1227.300048828125,1228.4000244140625,1227.0,1227.4000244140625,135521
2026-07-27 15:10:00+05:30,1227.0999755859375,1227.699951171875,1227.0,1227.300048828125,83337
2026-07-27 15:15:00+05:30,1227.4000244140625,1228.0,1226.0999755859375,1227.0,265662
2026-07-27 15:20:00+05:30,1227.5,1227.800048828125,1227.0999755859375,1227.4000244140625,160737
2026-07-27 15:25:00+05:30,1229.0,1229.300048828125,1227.4000244140625,1227.5,146393
2026-07-28 09:15:00+05:30,1229.0,1230.5,1221.800048828125,1223.4000244140625,0
2026-07-28 09:20:00+05:30,1226.9000244140625,1229.699951171875,1226.5999755859375,1229.0,73388
2026-07-28 09:25:00+05:30,1226.699951171875,1227.199951171875,1225.699951171875,1226.800048828125,52096
2026-07-28 09:30:00+05:30,1223.800048828125,1226.800048828125,1222.800048828125,1226.4000244140625,101480
2026-07-28 09:35:00+05:30,1225.0999755859375,1225.800048828125,1223.9000244140625,1223.9000244140625,105129
2026-07-28 09:40:00+05:30,1223.199951171875,1224.9000244140625,1223.0999755859375,1224.9000244140625,81283
2026-07-28 09:45:00+05:30,1223.5,1223.5999755859375,1222.4000244140625,1223.199951171875,130060
2026-07-28 09:50:00+05:30,1224.4000244140625,1224.9000244140625,1222.800048828125,1223.0,125932
2026-07-28 09:55:00+05:30,1228.0,1228.0,1225.199951171875,1225.4000244140625,114534
2026-07-28 10:00:00+05:30,1229.300048828125,1230.5,1227.199951171875,1228.0,80990
2026-07-28 10:05:00+05:30,1228.199951171875,1230.5,1227.9000244140625,1229.4000244140625,52322
2026-07-28 10:10:00+05:30,1232.5,1232.699951171875,1228.300048828125,1228.4000244140625,73120
2026-07-28 10:15:00+05:30,1233.300048828125,1233.800048828125,1232.5,1232.5,45494
2026-07-28 10:20:00+05:30,1232.0999755859375,1233.4000244140625,1231.0999755859375,1233.300048828125,30564
2026-07-28 10:25:00+05:30,1227.5999755859375,1233.0,1227.5999755859375,1232.0999755859375,53976
2026-07-28 10:30:00+05:30,1230.4000244140625,1231.0,1227.5999755859375,1227.5999755859375,40744
2026-07-28 10:35:00+05:30,1228.5,1231.4000244140625,1228.0,1230.300048828125,30421
2026-07-28 10:40:00+05:30,1230.5,1230.5,1228.0999755859375,1228.5999755859375,47054
2026-07-28 10:45:00+05:30,1229.699951171875,1231.0,1229.0,1230.5,40171
2026-07-28 10:50:00+05:30,1229.5,1230.800048828125,1229.0999755859375,1229.4000244140625,68444
2026-07-28 10:55:00+05:30,1229.4000244140625,1230.4000244140625,1229.199951171875,1229.800048828125,32775
2026-07-28 11:00:00+05:30,1231.0,1231.0999755859375,1229.5,1229.5999755859375,34057
2026-07-28 11:05:00+05:30,1231.0,1231.800048828125,1230.5999755859375,1230.800048828125,26809
2026-07-28 11:10:00+05:30,1230.4000244140625,1231.0999755859375,1229.800048828125,1231.0999755859375,73113
2026-07-28 11:15:00+05:30,1231.199951171875,1231.5,1230.4000244140625,1230.4000244140625,40793
2026-07-28 11:20:00+05:30,1230.300048828125,1231.300048828125,1230.300048828125,1231.300048828125,21962
2026-07-28 11:25:00+05:30,1229.9000244140625,1230.300048828125,1228.5,1230.199951171875,101791
2026-07-28 11:30:00+05:30,1228.699951171875,1230.0,1228.0,1230.0,51483
2026-07-28 11:35:00+05:30,1228.9000244140625,1229.0,1227.300048828125,1228.699951171875,35595
2026-07-28 11:40:00+05:30,1229.5,1230.199951171875,1228.800048828125,1229.0999755859375,177871
2026-07-28 11:45:00+05:30,1229.300048828125,1231.0999755859375,1229.0,1229.5999755859375,40780
2026-07-28 11:50:00+05:30,1228.5,1229.5,1228.0999755859375,1229.300048828125,36138
2026-07-28 11:55:00+05:30,1229.199951171875,1229.199951171875,1228.4000244140625,1228.5,21952
2026-07-28 12:00:00+05:30,1230.800048828125,1231.0,1229.0,1229.199951171875,28415
2026-07-28 12:05:00+05:30,1230.5999755859375,1231.4000244140625,1230.0,1230.800048828125,27246
2026-07-28 12:10:00+05:30,1230.199951171875,1230.9000244140625,1230.0,1230.199951171875,25133
2026-07-28 12:15:00+05:30,1230.199951171875,1231.0,1229.699951171875,1230.300048828125,58770
2026-07-28 12:20:00+05:30,1228.4000244140625,1230.5,1228.0999755859375,1230.5,76165
2026-07-28 12:25:00+05:30,1228.0,1228.9000244140625,1227.9000244140625,1228.4000244140625,58416
2026-07-28 12:30:00+05:30,1228.0999755859375,1228.5999755859375,1228.0,1228.0999755859375,33735
2026-07-28 12:35:00+05:30,1226.199951171875,1228.199951171875,1225.9000244140625,1228.0999755859375,53656
2026-07-28 12:40:00+05:30,1226.800048828125,1226.800048828125,1225.5999755859375,1226.199951171875,50988
2026-07-28 12:45:00+05:30,1226.199951171875,1227.699951171875,1226.0,1226.9000244140625,42560
2026-07-28 12:50:00+05:30,1227.300048828125,1227.4000244140625,1226.300048828125,1226.5,44558
2026-07-28 12:55:00+05:30,1226.4000244140625,1227.800048828125,1226.0,1227.199951171875,65989
2026-07-28 13:00:00+05:30,1226.0,1227.0999755859375,1224.699951171875,1226.5999755859375,174918
2026-07-28 13:05:00+05:30,1224.800048828125,1226.0999755859375,1224.699951171875,1225.9000244140625,29722
2026-07-28 13:10:00+05:30,1225.199951171875,1226.199951171875,1224.0,1225.199951171875,97616
2026-07-28 13:15:00+05:30,1224.699951171875,1225.199951171875,1224.0,1225.0999755859375,32902
2026-07-28 13:20:00+05:30,1225.0999755859375,1225.4000244140625,1224.5999755859375,1224.9000244140625,29076
2026-07-28 13:25:00+05:30,1225.0999755859375,1225.5999755859375,1224.5999755859375,1225.0999755859375,22133
2026-07-28 13:30:00+05:30,1225.199951171875,1225.5999755859375,1224.699951171875,1225.4000244140625,24470
2026-07-28 13:35:00+05:30,1225.4000244140625,1226.0,1225.199951171875,1225.199951171875,27887
2026-07-28 13:40:00+05:30,1225.5999755859375,1225.800048828125,1225.0999755859375,1225.5,27098
2026-07-28 13:45:00+05:30,1225.300048828125,1225.9000244140625,1225.0999755859375,1225.5999755859375,28031
2026-07-28 13:50:00+05:30,1225.300048828125,1226.5999755859375,1225.199951171875,1225.300048828125,83486
2026-07-28 13:55:00+05:30,1225.4000244140625,1226.0,1225.0,1225.300048828125,38371
2026-07-28 14:00:00+05:30,1224.699951171875,1225.800048828125,1224.5999755859375,1225.4000244140625,45073
2026-07-28 14:05:00+05:30,1225.0999755859375,1225.4000244140625,1224.5,1225.0999755859375,37917
2026-07-28 14:10:00+05:30,1225.0999755859375,1225.5,1224.5,1225.0999755859375,25569
2026-07-28 14:15:00+05:30,1226.4000244140625,1226.4000244140625,1224.5999755859375,1225.0999755859375,87035
2026-07-28 14:20:00+05:30,1227.699951171875,1228.5999755859375,1226.4000244140625,1226.4000244140625,62684
2026-07-28 14:25:00+05:30,1228.300048828125,1228.4000244140625,1227.4000244140625,1227.699951171875,63241
2026-07-28 14:30:00+05:30,1226.4000244140625,1228.300048828125,1226.199951171875,1228.300048828125,51977
2026-07-28 14:35:00+05:30,1227.699951171875,1228.4000244140625,1226.5999755859375,1226.5999755859375,36285
2026-07-28 14:40:00+05:30,1227.0,1228.0999755859375,1227.0,1227.300048828125,81558
2026-07-28 14:45:00+05:30,1226.5999755859375,1227.0,1225.5999755859375,1227.0,95691
2026-07-28 14:50:00+05:30,1226.199951171875,1227.0999755859375,1225.5,1226.300048828125,91505
2026-07-28 14:55:00+05:30,1225.9000244140625,1227.0,1225.300048828125,1226.199951171875,38263
2026-07-28 15:00:00+05:30,1223.5999755859375,1225.300048828125,1223.5,1225.199951171875,228761
2026-07-28 15:05:00+05:30,1223.300048828125,1224.9000244140625,1222.9000244140625,1223.699951171875,170980
2026-07-28 15:10:00+05:30,1222.699951171875,1223.300048828125,1222.5999755859375,1223.0,114382
2026-07-28 15:15:00+05:30,1225.0,1227.0,1221.699951171875,1222.699951171875,703770
2026-07-28 15:20:00+05:30,1222.4000244140625,1225.300048828125,1221.5,1224.800048828125,552689
2026-07-28 15:25:00+05:30,1223.300048828125,1224.5,1222.199951171875,1222.5999755859375,177198
2026-07-29 09:15:00+05:30,1220.5,1229.800048828125,1220.0,1229.800048828125,0
2026-07-29 09:20:00+05:30,1221.800048828125,1223.699951171875,1220.199951171875,1220.199951171875,61408
2026-07-29 09:25:00+05:30,1220.9000244140625,1222.9000244140625,1219.300048828125,1222.199951171875,767789
2026-07-29 09:30:00+05:30,1220.199951171875,1221.5,1218.9000244140625,1221.0999755859375,58953
2026-07-29 09:35:00+05:30,1219.699951171875,1220.4000244140625,1217.4000244140625,1220.199951171875,171068
2026-07-29 09:40:00+05:30,1217.800048828125,1220.0,1216.699951171875,1219.699951171875,223595
2026-07-29 09:45:00+05:30,1217.5,1218.0999755859375,1217.0,1217.800048828125,98188
2026-07-29 09:50:00+05:30,1217.300048828125,1218.0,1216.699951171875,1217.5,79186
2026-07-29 09:55:00+05:30,1217.0,1217.800048828125,1216.800048828125,1217.300048828125,92573
2026-07-29 10:00:00+05:30,1219.0,1219.0,1216.5,1217.0,121125
2026-07-29 10:05:00+05:30,1220.5,1220.9000244140625,1218.699951171875,1219.0,106393
2026-07-29 10:10:00+05:30,1221.5999755859375,1221.5999755859375,1220.0,1220.5,137598
2026-07-29 10:15:00+05:30,1219.199951171875,1221.5999755859375,1219.199951171875,1221.5,266425
2026-07-29 10:20:00+05:30,1217.300048828125,1220.0,1214.699951171875,1219.199951171875,514817
2026-07-29 10:25:00+05:30,1216.0,1218.0,1216.0,1217.0,143887
2026-07-29 10:30:00+05:30,1217.5999755859375,1218.0999755859375,1215.9000244140625,1216.0999755859375,87255
2026-07-29 10:35:00+05:30,1217.9000244140625,1218.300048828125,1217.0999755859375,1217.5999755859375,94618
2026-07-29 10:40:00+05:30,1218.699951171875,1219.4000244140625,1217.800048828125,1217.9000244140625,75831
2026-07-29 10:45:00+05:30,1219.0,1219.5,1218.5,1218.800048828125,61607
2026-07-29 10:50:00+05:30,1219.199951171875,1219.4000244140625,1218.4000244140625,1218.9000244140625,60592
2026-07-29 10:55:00+05:30,1220.199951171875,1220.300048828125,1219.0,1219.199951171875,26260
2026-07-29 11:00:00+05:30,1220.0,1221.0,1219.800048828125,1220.199951171875,40321
2026-07-29 11:05:00+05:30,1221.0,1221.0,1220.0,1220.199951171875,56014
2026-07-29 11:10:00+05:30,1220.5,1221.0,1220.4000244140625,1221.0,42918
2026-07-29 11:15:00+05:30,1220.699951171875,1221.0,1220.4000244140625,1220.5999755859375,55635
2026-07-29 11:20:00+05:30,1220.5999755859375,1221.0,1219.5,1220.5999755859375,80802
2026-07-29 11:25:00+05:30,1221.0,1222.0,1220.0999755859375,1220.5999755859375,651762
2026-07-29 11:30:00+05:30,1223.300048828125,1224.699951171875,1219.5999755859375,1220.9000244140625,300592
2026-07-29 11:35:00+05:30,1222.9000244140625,1224.0,1221.800048828125,1223.699951171875,211244
2026-07-29 11:40:00+05:30,1222.199951171875,1223.199951171875,1221.5,1223.199951171875,101942
2026-07-29 11:45:00+05:30,1223.300048828125,1223.699951171875,1221.800048828125,1222.0999755859375,274665
2026-07-29 11:50:00+05:30,1222.800048828125,1223.4000244140625,1221.5999755859375,1223.4000244140625,71675
2026-07-29 11:55:00+05:30,1224.0999755859375,1224.5,1221.699951171875,1222.800048828125,502276
2026-07-29 12:00:00+05:30,1223.199951171875,1225.199951171875,1222.800048828125,1224.0999755859375,256700
2026-07-29 12:05:00+05:30,1224.9000244140625,1225.5999755859375,1222.800048828125,1223.300048828125,186030
2026-07-29 12:10:00+05:30,1226.4000244140625,1226.800048828125,1224.800048828125,1224.9000244140625,125728
2026-07-29 12:15:00+05:30,1225.300048828125,1226.5999755859375,1224.0999755859375,1226.300048828125,66761
2026-07-29 12:20:00+05:30,1225.300048828125,1226.0999755859375,1225.0,1225.300048828125,80988
2026-07-29 12:25:00+05:30,1226.5,1226.699951171875,1223.9000244140625,1225.4000244140625,127343
2026-07-29 12:30:00+05:30,1227.300048828125,1227.5999755859375,1226.199951171875,1226.5999755859375,44951
2026-07-29 12:35:00+05:30,1227.9000244140625,1229.0,1227.0,1227.199951171875,58073
2026-07-29 12:40:00+05:30,1227.800048828125,1228.699951171875,1226.800048828125,1227.9000244140625,49927
2026-07-29 12:45:00+05:30,1227.0999755859375,1228.300048828125,1227.0999755859375,1228.0,53163
2026-07-29 12:50:00+05:30,1226.0999755859375,1227.0999755859375,1225.0,1227.0999755859375,45458
2026-07-29 12:55:00+05:30,1225.800048828125,1226.199951171875,1225.199951171875,1226.0,44562
2026-07-29 13:00:00+05:30,1226.199951171875,1226.699951171875,1225.699951171875,1225.800048828125,29496
2026-07-29 13:05:00+05:30,1226.4000244140625,1226.9000244140625,1225.800048828125,1226.0999755859375,40282
2026-07-29 13:10:00+05:30,1228.0,1228.0999755859375,1226.300048828125,1226.4000244140625,33092
2026-07-29 13:15:00+05:30,1228.0,1228.0999755859375,1227.300048828125,1228.0999755859375,48493
2026-07-29 13:20:00+05:30,1227.300048828125,1228.0999755859375,1227.300048828125,1228.0999755859375,49996
2026-07-29 13:25:00+05:30,1227.5999755859375,1227.9000244140625,1227.300048828125,1227.300048828125,26771
2026-07-29 13:30:00+05:30,1228.0,1228.0999755859375,1227.5,1227.5999755859375,29074
2026-07-29 13:35:00+05:30,1227.9000244140625,1228.800048828125,1227.199951171875,1228.0,52953
2026-07-29 13:40:00+05:30,1227.5,1228.4000244140625,1226.5999755859375,1227.9000244140625,63166
2026-07-29 13:45:00+05:30,1228.5,1229.5,1227.0,1227.4000244140625,374360
2026-07-29 13:50:00+05:30,1230.199951171875,1230.199951171875,1228.199951171875,1228.5,50029
2026-07-29 13:55:00+05:30,1233.199951171875,1233.5,1231.0,1231.0,299963
2026-07-29 14:00:00+05:30,1234.300048828125,1234.9000244140625,1233.0999755859375,1233.300048828125,202545
2026-07-29 14:05:00+05:30,1233.4000244140625,1234.4000244140625,1233.300048828125,1234.4000244140625,43993
2026-07-29 14:10:00+05:30,1233.699951171875,1233.800048828125,1233.4000244140625,1233.4000244140625,33280
2026-07-29 14:15:00+05:30,1234.300048828125,1234.5,1233.0999755859375,1233.800048828125,69971
2026-07-29 14:20:00+05:30,1233.699951171875,1235.0,1233.5999755859375,1234.4000244140625,55976
2026-07-29 14:25:00+05:30,1235.5,1236.0,1233.800048828125,1233.9000244140625,43765
2026-07-29 14:30:00+05:30,1236.5,1236.5999755859375,1235.4000244140625,1235.5999755859375,54349
2026-07-29 14:35:00+05:30,1235.0999755859375,1236.5999755859375,1235.0999755859375,1236.0999755859375,34506
2026-07-29 14:40:00+05:30,1234.5999755859375,1235.5,1233.5,1235.0999755859375,66855
2026-07-29 14:45:00+05:30,1235.4000244140625,1236.5999755859375,1234.5,1235.0,105621
2026-07-29 14:50:00+05:30,1235.0999755859375,1235.5,1234.9000244140625,1235.199951171875,42904
2026-07-29 14:55:00+05:30,1235.4000244140625,1235.5,1235.0,1235.0999755859375,40895
2026-07-29 15:00:00+05:30,1234.0999755859375,1236.4000244140625,1233.5,1235.4000244140625,167289
2026-07-29 15:05:00+05:30,1235.699951171875,1235.9000244140625,1233.5999755859375,1234.0999755859375,123719
2026-07-29 15:10:00+05:30,1235.199951171875,1235.699951171875,1235.0,1235.699951171875,191863
2026-07-29 15:15:00+05:30,1236.0999755859375,1236.0999755859375,1233.5999755859375,1235.300048828125,210344
2026-07-29 15:20:00+05:30,1235.699951171875,1237.0999755859375,1235.0,1235.699951171875,274623
2026-07-29 15:25:00+05:30,1235.800048828125,1236.4000244140625,1233.199951171875,1235.9000244140625,124867
2026-07-30 09:15:00+05:30,1227.0999755859375,1229.699951171875,1223.699951171875,1229.300048828125,0
2026-07-30 09:20:00+05:30,1226.0999755859375,1226.9000244140625,1225.4000244140625,1226.9000244140625,59596
2026-07-30 09:25:00+05:30,1225.0999755859375,1226.199951171875,1224.199951171875,1226.0999755859375,39230
2026-07-30 09:30:00+05:30,1223.9000244140625,1225.699951171875,1223.5999755859375,1225.4000244140625,41500
2026-07-30 09:35:00+05:30,1223.0999755859375,1224.5999755859375,1223.0999755859375,1223.9000244140625,26528
2026-07-30 09:40:00+05:30,1221.5,1222.9000244140625,1221.5,1222.9000244140625,39646
2026-07-30 09:45:00+05:30,1221.800048828125,1223.0,1220.5999755859375,1221.800048828125,38607
2026-07-30 09:50:00+05:30,1223.199951171875,1223.199951171875,1222.4000244140625,1222.9000244140625,14644
2026-07-30 09:55:00+05:30,1224.9000244140625,1225.4000244140625,1222.9000244140625,1223.199951171875,40342
2026-07-30 10:00:00+05:30,1228.800048828125,1228.9000244140625,1225.300048828125,1225.300048828125,59123
2026-07-30 10:05:00+05:30,1227.5999755859375,1230.9000244140625,1227.5999755859375,1229.0,99477
2026-07-30 10:10:00+05:30,1225.5,1227.699951171875,1225.300048828125,1227.5,113038
2026-07-30 10:15:00+05:30,1226.300048828125,1226.5999755859375,1225.0,1225.4000244140625,44498
2026-07-30 10:20:00+05:30,1225.5,1226.300048828125,1225.0,1226.300048828125,38724
2026-07-30 10:25:00+05:30,1225.0999755859375,1226.0,1225.0,1225.5999755859375,24878
2026-07-30 10:30:00+05:30,1224.5999755859375,1225.0999755859375,1224.5,1225.0999755859375,23119
2026-07-30 10:35:00+05:30,1226.300048828125,1226.4000244140625,1223.4000244140625,1224.5,58736
2026-07-30 10:40:00+05:30,1227.0,1227.0,1224.699951171875,1226.199951171875,111825
2026-07-30 10:45:00+05:30,1228.5999755859375,1228.699951171875,1226.300048828125,1226.9000244140625,47862
2026-07-30 10:50:00+05:30,1228.5,1228.9000244140625,1228.0,1228.5999755859375,56429
2026-07-30 10:55:00+05:30,1230.0999755859375,1230.0999755859375,1228.0999755859375,1228.4000244140625,88019
2026-07-30 11:00:00+05:30,1228.0,1229.5999755859375,1225.0,1229.4000244140625,317528
2026-07-30 11:05:00+05:30,1226.4000244140625,1228.0999755859375,1225.0999755859375,1228.0999755859375,114773
2026-07-30 11:10:00+05:30,1225.300048828125,1226.9000244140625,1224.800048828125,1226.4000244140625,92651
2026-07-30 11:15:00+05:30,1224.5,1225.4000244140625,1224.5,1225.199951171875,120453
2026-07-30 11:20:00+05:30,1224.5,1225.0999755859375,1224.4000244140625,1224.5999755859375,19561
2026-07-30 11:25:00+05:30,1224.699951171875,1225.9000244140625,1224.0999755859375,1224.5,33897
2026-07-30 11:30:00+05:30,1225.300048828125,1225.5999755859375,1224.300048828125,1225.0,29146
2026-07-30 11:35:00+05:30,1224.199951171875,1225.300048828125,1224.0,1225.300048828125,31141
2026-07-30 11:40:00+05:30,1224.9000244140625,1225.0,1224.0999755859375,1224.300048828125,23796
2026-07-30 11:45:00+05:30,1224.0999755859375,1225.0,1223.9000244140625,1224.800048828125,32309
2026-07-30 11:50:00+05:30,1223.4000244140625,1224.4000244140625,1223.0999755859375,1224.0999755859375,64237
2026-07-30 11:55:00+05:30,1222.9000244140625,1223.800048828125,1222.4000244140625,1223.199951171875,63869
2026-07-30 12:00:00+05:30,1222.800048828125,1222.800048828125,1222.300048828125,1222.4000244140625,54243
2026-07-30 12:05:00+05:30,1222.5,1222.800048828125,1222.300048828125,1222.699951171875,52265
2026-07-30 12:10:00+05:30,1222.800048828125,1222.9000244140625,1222.300048828125,1222.5,179970
2026-07-30 12:15:00+05:30,1221.699951171875,1223.199951171875,1221.300048828125,1222.800048828125,177844
2026-07-30 12:20:00+05:30,1221.9000244140625,1222.300048828125,1221.5,1221.5999755859375,63017
2026-07-30 12:25:00+05:30,1222.4000244140625,1222.9000244140625,1221.5,1221.9000244140625,69503
2026-07-30 12:30:00+05:30,1226.9000244140625,1228.5999755859375,1222.9000244140625,1222.9000244140625,152921
2026-07-30 12:35:00+05:30,1225.199951171875,1227.4000244140625,1224.800048828125,1227.0,92085
2026-07-30 12:40:00+05:30,1227.199951171875,1227.199951171875,1224.800048828125,1225.4000244140625,69991
2026-07-30 12:45:00+05:30,1227.0999755859375,1227.5,1225.5,1227.199951171875,86358
2026-07-30 12:50:00+05:30,1226.699951171875,1227.199951171875,1225.5999755859375,1227.199951171875,63212
2026-07-30 12:55:00+05:30,1226.199951171875,1226.9000244140625,1225.300048828125,1226.9000244140625,96969
2026-07-30 13:00:00+05:30,1224.4000244140625,1226.199951171875,1223.800048828125,1226.0,102455
2026-07-30 13:05:00+05:30,1224.0999755859375,1224.5,1223.4000244140625,1224.4000244140625,86139
2026-07-30 13:10:00+05:30,1223.800048828125,1224.4000244140625,1222.5,1224.199951171875,101325
2026-07-30 13:15:00+05:30,1224.4000244140625,1224.5999755859375,1223.5,1223.9000244140625,83536
2026-07-30 13:20:00+05:30,1224.800048828125,1225.4000244140625,1224.199951171875,1224.5,83237
2026-07-30 13:25:00+05:30,1224.5999755859375,1225.9000244140625,1224.5,1224.800048828125,82703
2026-07-30 13:30:00+05:30,1223.300048828125,1224.5999755859375,1222.9000244140625,1224.5999755859375,111298
2026-07-30 13:35:00+05:30,1223.300048828125,1224.0,1223.0999755859375,1223.199951171875,98330
2026-07-30 13:40:00+05:30,1223.699951171875,1224.0,1223.300048828125,1223.4000244140625,92926
2026-07-30 13:45:00+05:30,1222.800048828125,1223.800048828125,1222.800048828125,1223.4000244140625,93117
2026-07-30 13:50:00+05:30,1223.800048828125,1224.199951171875,1222.5,1222.5999755859375,101927
2026-07-30 13:55:00+05:30,1222.5999755859375,1224.199951171875,1222.5,1223.800048828125,104877
2026-07-30 14:00:00+05:30,1222.9000244140625,1223.0,1222.199951171875,1222.5999755859375,110174
2026-07-30 14:05:00+05:30,1221.0999755859375,1222.800048828125,1221.0,1222.800048828125,117329
2026-07-30 14:10:00+05:30,1221.699951171875,1222.0999755859375,1220.5,1221.0,121164
2026-07-30 14:15:00+05:30,1221.9000244140625,1222.199951171875,1221.4000244140625,1221.699951171875,65036
2026-07-30 14:20:00+05:30,1222.0999755859375,1222.4000244140625,1221.199951171875,1221.199951171875,82242
2026-07-30 14:25:00+05:30,1222.800048828125,1222.800048828125,1221.5999755859375,1222.0999755859375,81753
2026-07-30 14:30:00+05:30,1224.0999755859375,1224.9000244140625,1222.0,1222.0999755859375,75180
2026-07-30 14:35:00+05:30,1224.300048828125,1224.699951171875,1223.4000244140625,1224.0,65647
2026-07-30 14:40:00+05:30,1224.0,1224.5,1223.0,1224.300048828125,114185
2026-07-30 14:45:00+05:30,1225.300048828125,1225.699951171875,1223.4000244140625,1223.800048828125,107432
2026-07-30 14:50:00+05:30,1225.699951171875,1225.9000244140625,1225.0,1225.199951171875,75807
2026-07-30 14:55:00+05:30,1225.9000244140625,1226.300048828125,1225.199951171875,1225.699951171875,71458
2026-07-30 15:00:00+05:30,1228.199951171875,1228.5,1225.9000244140625,1225.9000244140625,172604
2026-07-30 15:05:00+05:30,1227.5,1228.800048828125,1226.699951171875,1228.0999755859375,286720
2026-07-30 15:10:00+05:30,1228.300048828125,1228.800048828125,1227.5,1227.5,121043
2026-07-30 15:15:00+05:30,1228.199951171875,1228.300048828125,1227.5,1228.300048828125,138957
2026-07-30 15:20:00+05:30,1231.199951171875,1231.5,1228.199951171875,1228.199951171875,347104
2026-07-30 15:25:00+05:30,1229.9000244140625,1231.699951171875,1228.800048828125,1231.4000244140625,212312
2026-07-31 09:15:00+05:30,1238.5,1239.0999755859375,1228.0,1228.0,0
2026-07-31 09:20:00+05:30,1238.0999755859375,1239.4000244140625,1237.0,1238.0999755859375,143849
2026-07-31 09:25:00+05:30,1234.199951171875,1238.5,1234.199951171875,1237.5,74995
2026-07-31 09:30:00+05:30,1229.5999755859375,1234.0,1229.0,1233.800048828125,93663
2026-07-31 09:35:00+05:30,1230.0,1230.699951171875,1228.199951171875,1229.699951171875,80868
2026-07-31 09:40:00+05:30,1229.5999755859375,1230.800048828125,1228.0999755859375,1230.4000244140625,137153
2026-07-31 09:45:00+05:30,1228.4000244140625,1230.5,1228.199951171875,1229.5999755859375,137597
2026-07-31 09:50:00+05:30,1229.199951171875,1229.5,1228.300048828125,1228.800048828125,58730
2026-07-31 09:55:00+05:30,1228.5999755859375,1229.199951171875,1228.4000244140625,1229.0999755859375,60725
2026-07-31 10:00:00+05:30,1228.4000244140625,1230.699951171875,1228.0999755859375,1228.699951171875,1301733
2026-07-31 10:05:00+05:30,1228.4000244140625,1228.4000244140625,1227.4000244140625,1228.4000244140625,79752
2026-07-31 10:10:00+05:30,1228.9000244140625,1230.699951171875,1228.300048828125,1228.300048828125,159824
2026-07-31 10:15:00+05:30,1229.800048828125,1229.800048828125,1228.300048828125,1228.800048828125,82859
2026-07-31 10:20:00+05:30,1229.800048828125,1230.800048828125,1229.199951171875,1229.800048828125,144010
2026-07-31 10:25:00+05:30,1228.199951171875,1229.699951171875,1227.5,1229.699951171875,40866
2026-07-31 10:30:00+05:30,1227.0,1228.199951171875,1226.300048828125,1228.199951171875,71675
2026-07-31 10:35:00+05:30,1228.5,1228.5,1226.0999755859375,1227.0,77693
2026-07-31 10:40:00+05:30,1227.9000244140625,1228.699951171875,1227.5999755859375,1228.699951171875,56444
2026-07-31 10:45:00+05:30,1228.0999755859375,1229.199951171875,1227.699951171875,1227.9000244140625,59657
2026-07-31 10:50:00+05:30,1227.5,1228.0999755859375,1226.9000244140625,1228.0999755859375,53608
2026-07-31 10:55:00+05:30,1229.4000244140625,1229.5,1227.4000244140625,1227.4000244140625,57000
2026-07-31 11:00:00+05:30,1228.699951171875,1229.699951171875,1228.699951171875,1229.199951171875,51662
2026-07-31 11:05:00+05:30,1227.800048828125,1229.0999755859375,1227.5,1228.800048828125,48028
2026-07-31 11:10:00+05:30,1228.300048828125,1228.699951171875,1227.5,1227.699951171875,41007
2026-07-31 11:15:00+05:30,1228.300048828125,1229.0999755859375,1228.300048828125,1228.4000244140625,47712
2026-07-31 11:20:00+05:30,1229.300048828125,1229.300048828125,1228.4000244140625,1228.5,42987
2026-07-31 11:25:00+05:30,1229.4000244140625,1229.800048828125,1228.699951171875,1229.300048828125,50317
2026-07-31 11:30:00+05:30,1228.800048828125,1229.5,1227.9000244140625,1229.5,47490
2026-07-31 11:35:00+05:30,1228.5999755859375,1229.199951171875,1228.199951171875,1228.699951171875,34611
2026-07-31 11:40:00+05:30,1228.0,1229.0999755859375,1227.5,1228.5,66949
2026-07-31 11:45:00+05:30,1229.4000244140625,1229.699951171875,1227.0999755859375,1228.0999755859375,81630
2026-07-31 11:50:00+05:30,1228.699951171875,1229.9000244140625,1228.0,1229.5,52092
2026-07-31 11:55:00+05:30,1229.199951171875,1229.4000244140625,1228.5,1228.800048828125,20080
2026-07-31 12:00:00+05:30,1229.199951171875,1229.300048828125,1228.5,1229.0,27593
2026-07-31 12:05:00+05:30,1228.9000244140625,1229.5999755859375,1228.5999755859375,1229.0999755859375,67377
2026-07-31 12:10:00+05:30,1231.4000244140625,1232.199951171875,1228.5999755859375,1228.800048828125,337060
2026-07-31 12:15:00+05:30,1230.199951171875,1231.300048828125,1229.5999755859375,1231.300048828125,107695
2026-07-31 12:20:00+05:30,1230.0,1230.5,1229.4000244140625,1230.199951171875,21417
2026-07-31 12:25:00+05:30,1229.9000244140625,1230.0,1228.699951171875,1229.5999755859375,56159
2026-07-31 12:30:00+05:30,1230.9000244140625,1230.9000244140625,1229.5,1229.9000244140625,34591
2026-07-31 12:35:00+05:30,1230.0,1231.4000244140625,1230.0,1230.9000244140625,240890
2026-07-31 12:40:00+05:30,1229.9000244140625,1230.5,1229.800048828125,1230.4000244140625,24320
2026-07-31 12:45:00+05:30,1229.5999755859375,1230.0,1229.0,1230.0,67658
2026-07-31 12:50:00+05:30,1228.9000244140625,1229.699951171875,1228.0999755859375,1229.699951171875,35171
2026-07-31 12:55:00+05:30,1228.9000244140625,1229.300048828125,1228.5,1229.0999755859375,29480
2026-07-31 13:00:00+05:30,1229.300048828125,1229.800048828125,1228.199951171875,1229.0999755859375,52781
2026-07-31 13:05:00+05:30,1229.5,1230.0,1229.0,1229.699951171875,44138
2026-07-31 13:10:00+05:30,1229.300048828125,1229.9000244140625,1229.0999755859375,1229.5999755859375,25216
2026-07-31 13:15:00+05:30,1229.9000244140625,1230.0,1229.4000244140625,1229.5999755859375,28701
2026-07-31 13:20:00+05:30,1230.0,1230.0,1229.699951171875,1229.699951171875,34814
2026-07-31 13:25:00+05:30,1230.0999755859375,1230.5999755859375,1229.9000244140625,1229.9000244140625,49374
2026-07-31 13:30:00+05:30,1229.9000244140625,1230.5,1229.5999755859375,1230.4000244140625,86463
2026-07-31 13:35:00+05:30,1230.0,1230.199951171875,1229.9000244140625,1230.0,71282
2026-07-31 13:40:00+05:30,1229.800048828125,1230.0,1229.5999755859375,1230.0,43314
2026-07-31 13:45:00+05:30,1230.300048828125,1230.5999755859375,1229.699951171875,1229.9000244140625,29335
2026-07-31 13:50:00+05:30,1230.5999755859375,1231.0,1230.0,1230.4000244140625,125445
2026-07-31 13:55:00+05:30,1230.5999755859375,1230.800048828125,1230.0,1230.5999755859375,26337
2026-07-31 14:00:00+05:30,1230.5,1230.9000244140625,1230.0999755859375,1230.5999755859375,42804
2026-07-31 14:05:00+05:30,1228.699951171875,1230.300048828125,1228.699951171875,1230.300048828125,64574
2026-07-31 14:10:00+05:30,1229.199951171875,1229.5,1228.800048828125,1229.0999755859375,17252
2026-07-31 14:15:00+05:30,1229.5,1229.5,1228.800048828125,1229.199951171875,17266
2026-07-31 14:20:00+05:30,1229.699951171875,1231.0999755859375,1229.0,1229.5,23752
2026-07-31 14:25:00+05:30,1229.4000244140625,1230.4000244140625,1229.4000244140625,1229.800048828125,30269
2026-07-31 14:30:00+05:30,1229.5,1229.699951171875,1229.0,1229.4000244140625,32165
2026-07-31 14:35:00+05:30,1229.199951171875,1229.800048828125,1228.0,1229.5999755859375,81768
2026-07-31 14:40:00+05:30,1227.800048828125,1229.5999755859375,1227.699951171875,1229.5,61165
2026-07-31 14:45:00+05:30,1228.5999755859375,1228.800048828125,1227.699951171875,1228.0999755859375,58511
2026-07-31 14:50:00+05:30,1229.0,1229.0999755859375,1227.699951171875,1228.5999755859375,63352
2026-07-31 14:55:00+05:30,1228.699951171875,1229.4000244140625,1228.5,1229.300048828125,85730
2026-07-31 15:00:00+05:30,1229.9000244140625,1229.9000244140625,1228.199951171875,1228.699951171875,209719
2026-07-31 15:05:00+05:30,1229.800048828125,1230.0999755859375,1229.4000244140625,1229.9000244140625,190219
2026-07-31 15:10:00+05:30,1229.800048828125,1230.699951171875,1229.5,1229.9000244140625,261382
2026-07-31 15:15:00+05:30,1229.699951171875,1230.800048828125,1229.5999755859375,1229.9000244140625,325336
2026-07-31 15:20:00+05:30,1229.4000244140625,1229.699951171875,1227.699951171875,1229.5999755859375,186563
2026-07-31 15:25:00+05:30,1229.5,1229.699951171875,1227.0,1229.4000244140625,169801
2026-08-03 09:15:00+05:30,1236.800048828125,1236.9000244140625,1230.9000244140625,1236.9000244140625,0
2026-08-03 09:20:00+05:30,1237.0999755859375,1237.4000244140625,1234.300048828125,1236.300048828125,96695
2026-08-03 09:25:00+05:30,1242.4000244140625,1242.9000244140625,1236.9000244140625,1236.9000244140625,431477
2026-08-03 09:30:00+05:30,1238.4000244140625,1241.9000244140625,1237.699951171875,1241.5,70909
2026-08-03 09:35:00+05:30,1240.5,1240.5999755859375,1238.0999755859375,1238.4000244140625,78107
2026-08-03 09:40:00+05:30,1245.4000244140625,1245.9000244140625,1240.5,1240.9000244140625,213228
2026-08-03 09:45:00+05:30,1243.9000244140625,1246.4000244140625,1243.699951171875,1245.5,194707
2026-08-03 09:50:00+05:30,1245.0999755859375,1245.0999755859375,1243.5999755859375,1244.5,96172
2026-08-03 09:55:00+05:30,1245.0,1245.9000244140625,1243.800048828125,1245.4000244140625,77957
2026-08-03 10:00:00+05:30,1243.300048828125,1245.699951171875,1242.0999755859375,1245.0,110605
2026-08-03 10:05:00+05:30,1241.5,1243.199951171875,1241.199951171875,1242.5,105350
2026-08-03 10:10:00+05:30,1242.4000244140625,1242.5999755859375,1240.5999755859375,1241.4000244140625,150875
2026-08-03 10:15:00+05:30,1242.5,1242.800048828125,1241.0,1242.199951171875,63366
2026-08-03 10:20:00+05:30,1242.0,1242.4000244140625,1241.5,1242.4000244140625,26957
2026-08-03 10:25:00+05:30,1244.0,1244.800048828125,1241.0999755859375,1242.0,99001
2026-08-03 10:30:00+05:30,1243.0999755859375,1244.699951171875,1242.199951171875,1243.5,96637
2026-08-03 10:35:00+05:30,1242.0,1243.0999755859375,1241.5,1243.0,47624
2026-08-03 10:40:00+05:30,1244.5999755859375,1245.0,1241.5,1241.5,71013
2026-08-03 10:45:00+05:30,1245.300048828125,1245.5,1244.5,1244.699951171875,74186
2026-08-03 10:50:00+05:30,1245.4000244140625,1245.5,1245.0,1245.4000244140625,28190
2026-08-03 10:55:00+05:30,1243.699951171875,1245.699951171875,1243.300048828125,1245.4000244140625,85796
2026-08-03 11:00:00+05:30,1244.699951171875,1245.0,1243.800048828125,1244.0,56468
2026-08-03 11:05:00+05:30,1245.199951171875,1245.5,1244.5,1244.800048828125,58917
2026-08-03 11:10:00+05:30,1244.800048828125,1245.9000244140625,1244.5,1245.199951171875,48315
2026-08-03 11:15:00+05:30,1245.5,1245.9000244140625,1244.9000244140625,1244.9000244140625,87630
2026-08-03 11:20:00+05:30,1245.300048828125,1245.9000244140625,1245.0,1245.199951171875,32759
2026-08-03 11:25:00+05:30,1246.0,1246.0,1244.800048828125,1245.5,45720
2026-08-03 11:30:00+05:30,1246.4000244140625,1247.9000244140625,1245.699951171875,1245.699951171875,62694
2026-08-03 11:35:00+05:30,1247.800048828125,1248.0999755859375,1246.199951171875,1246.199951171875,76391
2026-08-03 11:40:00+05:30,1247.300048828125,1247.800048828125,1246.699951171875,1247.0,52297
2026-08-03 11:45:00+05:30,1251.0,1251.0999755859375,1247.0,1247.300048828125,229521
2026-08-03 11:50:00+05:30,1249.199951171875,1253.699951171875,1248.5999755859375,1251.0,127821
2026-08-03 11:55:00+05:30,1249.5999755859375,1249.699951171875,1248.4000244140625,1249.199951171875,45192
2026-08-03 12:00:00+05:30,1249.5,1250.5,1248.5,1249.699951171875,51242
2026-08-03 12:05:00+05:30,1251.0,1251.5999755859375,1249.800048828125,1249.800048828125,62756
2026-08-03 12:10:00+05:30,1250.5,1251.0,1249.5,1251.0,44405
2026-08-03 12:15:00+05:30,1250.0,1251.4000244140625,1249.5999755859375,1251.199951171875,46261
2026-08-03 12:20:00+05:30,1250.699951171875,1250.800048828125,1249.199951171875,1250.0,71728
2026-08-03 12:25:00+05:30,1251.0,1251.0,1250.0,1250.699951171875,48190
2026-08-03 12:30:00+05:30,1250.800048828125,1252.0999755859375,1250.5,1251.0,81808
2026-08-03 12:35:00+05:30,1251.300048828125,1251.5,1250.0,1250.800048828125,103528
2026-08-03 12:40:00+05:30,1253.199951171875,1253.5,1251.199951171875,1251.5,183343
2026-08-03 12:45:00+05:30,1250.5,1254.0,1249.5999755859375,1253.199951171875,167449
2026-08-03 12:50:00+05:30,1250.5999755859375,1251.0999755859375,1250.0,1250.5,54811
2026-08-03 12:55:00+05:30,1250.699951171875,1251.0,1250.0,1250.699951171875,53968
2026-08-03 13:00:00+05:30,1251.4000244140625,1251.5,1250.0,1250.800048828125,49713
2026-08-03 13:05:00+05:30,1250.5,1251.4000244140625,1250.0,1251.4000244140625,56364
2026-08-03 13:10:00+05:30,1251.4000244140625,1251.800048828125,1250.0999755859375,1250.5,54766
2026-08-03 13:15:00+05:30,1251.5999755859375,1251.699951171875,1250.5999755859375,1250.9000244140625,48790
2026-08-03 13:20:00+05:30,1251.0,1251.699951171875,1250.5,1251.699951171875,52195
2026-08-03 13:25:00+05:30,1251.0,1251.300048828125,1250.4000244140625,1251.0,47796
2026-08-03 13:30:00+05:30,1251.800048828125,1251.800048828125,1250.5,1250.9000244140625,50008
2026-08-03 13:35:00+05:30,1252.0,1252.5,1251.4000244140625,1251.800048828125,70652
2026-08-03 13:40:00+05:30,1251.4000244140625,1252.300048828125,1250.0,1252.0,74151
2026-08-03 13:45:00+05:30,1251.300048828125,1252.300048828125,1251.0999755859375,1251.5999755859375,58470
2026-08-03 13:50:00+05:30,1251.9000244140625,1251.9000244140625,1250.5,1251.300048828125,54472
2026-08-03 13:55:00+05:30,1252.699951171875,1253.0,1250.800048828125,1251.9000244140625,73275
2026-08-03 14:00:00+05:30,1252.0,1252.699951171875,1251.5999755859375,1252.699951171875,52698
2026-08-03 14:05:00+05:30,1251.800048828125,1252.5,1251.5,1252.0,50763
2026-08-03 14:10:00+05:30,1251.9000244140625,1252.199951171875,1251.300048828125,1251.9000244140625,56823
2026-08-03 14:15:00+05:30,1251.300048828125,1252.800048828125,1250.300048828125,1251.4000244140625,67130
2026-08-03 14:20:00+05:30,1250.800048828125,1252.199951171875,1250.199951171875,1250.9000244140625,108632
2026-08-03 14:25:00+05:30,1250.0,1251.199951171875,1250.0,1250.800048828125,53295
2026-08-03 14:30:00+05:30,1250.5,1250.5,1250.0,1250.0,53204
2026-08-03 14:35:00+05:30,1252.0999755859375,1252.0999755859375,1250.0,1250.0,78970
2026-08-03 14:40:00+05:30,1252.5,1252.9000244140625,1251.5,1252.0999755859375,60516
2026-08-03 14:45:00+05:30,1253.5999755859375,1253.800048828125,1252.5,1252.800048828125,59626
2026-08-03 14:50:00+05:30,1254.800048828125,1254.9000244140625,1252.9000244140625,1253.4000244140625,232244
2026-08-03 14:55:00+05:30,1254.0,1255.0,1253.0,1254.5999755859375,125981
2026-08-03 15:00:00+05:30,1253.5999755859375,1254.5999755859375,1253.199951171875,1254.0,120276
2026-08-03 15:05:00+05:30,1254.5,1254.699951171875,1252.5999755859375,1253.699951171875,206856
2026-08-03 15:10:00+05:30,1255.0999755859375,1255.0999755859375,1253.5,1254.5999755859375,193095
2026-08-03 15:15:00+05:30,1272.0,1272.0,1253.0,1253.0,202889
2026-08-04 09:15:00+05:30,1260.300048828125,1260.9000244140625,1249.0,1256.800048828125,0
2026-08-04 09:20:00+05:30,1255.800048828125,1261.0,1255.800048828125,1260.4000244140625,160626
2026-08-04 09:25:00+05:30,1254.5999755859375,1256.0999755859375,1254.0,1255.800048828125,61642
2026-08-04 09:30:00+05:30,1252.0999755859375,1254.199951171875,1251.5,1254.199951171875,44772
2026-08-04 09:35:00+05:30,1252.5999755859375,1252.800048828125,1251.800048828125,1252.199951171875,42388
2026-08-04 09:40:00+05:30,1253.5,1254.5999755859375,1252.0999755859375,1252.5999755859375,23122
2026-08-04 09:45:00+05:30,1254.0999755859375,1254.4000244140625,1253.300048828125,1253.5999755859375,21348
2026-08-04 09:50:00+05:30,1253.0999755859375,1254.199951171875,1252.5999755859375,1254.0999755859375,58597
2026-08-04 09:55:00+05:30,1256.4000244140625,1256.5,1253.5,1253.5999755859375,206333
2026-08-04 10:00:00+05:30,1258.0,1259.9000244140625,1256.0,1256.4000244140625,226858
2026-08-04 10:05:00+05:30,1256.800048828125,1258.800048828125,1256.699951171875,1257.800048828125,213385
2026-08-04 10:10:00+05:30,1258.5,1258.9000244140625,1256.4000244140625,1256.4000244140625,73665
2026-08-04 10:15:00+05:30,1258.300048828125,1259.0,1258.0999755859375,1258.9000244140625,24589
2026-08-04 10:20:00+05:30,1257.5999755859375,1258.300048828125,1257.5,1258.300048828125,26136
2026-08-04 10:25:00+05:30,1258.699951171875,1260.0,1257.5999755859375,1257.800048828125,243140
2026-08-04 10:30:00+05:30,1257.699951171875,1259.0,1257.0,1258.5999755859375,278340
2026-08-04 10:35:00+05:30,1257.5,1257.9000244140625,1256.5999755859375,1257.800048828125,84820
2026-08-04 10:40:00+05:30,1258.699951171875,1259.5,1257.5,1257.5,46306
2026-08-04 10:45:00+05:30,1257.0,1259.5999755859375,1256.800048828125,1258.5999755859375,47802
2026-08-04 10:50:00+05:30,1254.0999755859375,1257.699951171875,1254.0999755859375,1257.0,115318
2026-08-04 10:55:00+05:30,1252.9000244140625,1254.5,1252.699951171875,1254.0999755859375,39585
2026-08-04 11:00:00+05:30,1254.0,1254.4000244140625,1252.5999755859375,1252.5999755859375,26867
2026-08-04 11:05:00+05:30,1253.0999755859375,1254.0999755859375,1252.5999755859375,1253.800048828125,21667
2026-08-04 11:10:00+05:30,1253.0,1254.300048828125,1252.5999755859375,1253.0,21190
2026-08-04 11:15:00+05:30,1254.5,1255.199951171875,1253.0,1253.0,46481
2026-08-04 11:20:00+05:30,1254.199951171875,1254.9000244140625,1253.4000244140625,1254.9000244140625,18252
2026-08-04 11:25:00+05:30,1254.0,1254.5,1253.5,1254.199951171875,18060
2026-08-04 11:30:00+05:30,1252.699951171875,1254.0,1252.300048828125,1254.0,23162
2026-08-04 11:35:00+05:30,1252.699951171875,1253.300048828125,1252.0,1252.9000244140625,42951
2026-08-04 11:40:00+05:30,1252.5,1253.0,1251.800048828125,1253.0,34507
2026-08-04 11:45:00+05:30,1251.0999755859375,1253.0,1251.0,1252.0999755859375,55595
2026-08-04 11:50:00+05:30,1252.0,1252.0999755859375,1251.0999755859375,1251.199951171875,18836
2026-08-04 11:55:00+05:30,1251.699951171875,1252.0999755859375,1251.0,1251.5999755859375,82982
2026-08-04 12:00:00+05:30,1250.5,1251.699951171875,1250.0,1251.699951171875,64971
2026-08-04 12:05:00+05:30,1247.699951171875,1250.5999755859375,1247.300048828125,1250.199951171875,80175
2026-08-04 12:10:00+05:30,1249.0,1249.5999755859375,1247.199951171875,1247.5999755859375,40354
2026-08-04 12:15:00+05:30,1252.0,1252.199951171875,1248.4000244140625,1249.0999755859375,77818
2026-08-04 12:20:00+05:30,1252.0999755859375,1252.199951171875,1252.0,1252.0,56974
2026-08-04 12:25:00+05:30,1251.0999755859375,1252.0999755859375,1251.0,1252.0999755859375,171265
2026-08-04 12:30:00+05:30,1250.199951171875,1251.0999755859375,1250.199951171875,1251.0,90515
2026-08-04 12:35:00+05:30,1250.199951171875,1250.699951171875,1250.0,1250.300048828125,57350
2026-08-04 12:40:00+05:30,1248.199951171875,1250.4000244140625,1247.4000244140625,1250.199951171875,146456
2026-08-04 12:45:00+05:30,1248.9000244140625,1249.0,1248.0999755859375,1248.0999755859375,20317
2026-08-04 12:50:00+05:30,1248.300048828125,1249.0,1248.0999755859375,1248.300048828125,18138
2026-08-04 12:55:00+05:30,1248.0999755859375,1248.800048828125,1248.0,1248.300048828125,19789
2026-08-04 13:00:00+05:30,1247.300048828125,1247.9000244140625,1246.4000244140625,1247.699951171875,50312
2026-08-04 13:05:00+05:30,1246.5999755859375,1247.300048828125,1246.5,1247.0999755859375,23378
2026-08-04 13:10:00+05:30,1245.800048828125,1246.699951171875,1245.5999755859375,1246.5,23198
2026-08-04 13:15:00+05:30,1245.9000244140625,1247.0,1245.5999755859375,1245.800048828125,46877
2026-08-04 13:20:00+05:30,1245.699951171875,1246.300048828125,1244.0999755859375,1245.5999755859375,65579
2026-08-04 13:25:00+05:30,1245.9000244140625,1246.300048828125,1245.699951171875,1245.699951171875,41590
2026-08-04 13:30:00+05:30,1246.0,1247.4000244140625,1245.5999755859375,1246.0,61973
2026-08-04 13:35:00+05:30,1246.0999755859375,1246.5,1245.5,1246.0,49246
2026-08-04 13:40:00+05:30,1246.0,1246.4000244140625,1245.5,1246.0999755859375,39638
2026-08-04 13:45:00+05:30,1245.0,1246.0,1245.0,1245.4000244140625,39935
2026-08-04 13:50:00+05:30,1244.699951171875,1246.0,1244.300048828125,1245.0,71630
2026-08-04 13:55:00+05:30,1246.300048828125,1246.300048828125,1244.4000244140625,1244.5999755859375,135815
2026-08-04 14:00:00+05:30,1246.199951171875,1246.5999755859375,1245.4000244140625,1246.0,35041
2026-08-04 14:05:00+05:30,1247.5,1248.199951171875,1246.0,1246.0,54422
2026-08-04 14:10:00+05:30,1247.0999755859375,1248.0,1246.5999755859375,1247.4000244140625,38593
2026-08-04 14:15:00+05:30,1249.199951171875,1249.4000244140625,1246.9000244140625,1246.9000244140625,85642
2026-08-04 14:20:00+05:30,1248.800048828125,1250.0,1248.0,1249.199951171875,67425
2026-08-04 14:25:00+05:30,1248.5,1249.5999755859375,1248.4000244140625,1248.800048828125,42735
2026-08-04 14:30:00+05:30,1249.199951171875,1249.699951171875,1248.0999755859375,1248.5,53459
2026-08-04 14:35:00+05:30,1249.0,1249.5,1248.0999755859375,1248.9000244140625,39343
2026-08-04 14:40:00+05:30,1248.5,1249.4000244140625,1248.0,1248.800048828125,42753
2026-08-04 14:45:00+05:30,1249.4000244140625,1250.300048828125,1248.199951171875,1248.300048828125,57423
2026-08-04 14:50:00+05:30,1249.699951171875,1250.9000244140625,1249.0999755859375,1249.199951171875,129495
2026-08-04 14:55:00+05:30,1249.4000244140625,1250.5999755859375,1248.9000244140625,1249.5999755859375,182735
2026-08-04 15:00:00+05:30,1249.199951171875,1250.0999755859375,1249.0,1249.9000244140625,86042
2026-08-04 15:05:00+05:30,1248.9000244140625,1249.9000244140625,1248.300048828125,1249.4000244140625,189337
2026-08-04 15:10:00+05:30,1261.800048828125,1261.800048828125,1248.0,1248.800048828125,330631
2026-08-05 09:15:00+05:30,1261.199951171875,1262.4000244140625,1253.9000244140625,1256.0,0
2026-08-05 09:20:00+05:30,1258.0,1261.4000244140625,1258.0,1261.199951171875,79277
2026-08-05 09:25:00+05:30,1256.800048828125,1258.699951171875,1256.4000244140625,1257.9000244140625,72589
2026-08-05 09:30:00+05:30,1253.300048828125,1256.9000244140625,1253.0,1256.800048828125,104530
2026-08-05 09:35:00+05:30,1254.800048828125,1254.9000244140625,1252.0999755859375,1253.300048828125,144980
2026-08-05 09:40:00+05:30,1257.0,1257.0,1254.199951171875,1254.800048828125,74093
2026-08-05 09:45:00+05:30,1256.0999755859375,1256.800048828125,1255.9000244140625,1256.800048828125,39066
2026-08-05 09:50:00+05:30,1253.0,1256.4000244140625,1253.0,1256.0999755859375,61369
2026-08-05 09:55:00+05:30,1254.5999755859375,1254.9000244140625,1253.199951171875,1253.199951171875,49280
2026-08-05 10:00:00+05:30,1256.800048828125,1257.5999755859375,1254.5,1255.199951171875,58694
2026-08-05 10:05:00+05:30,1255.0999755859375,1256.800048828125,1254.0,1256.5999755859375,117621
2026-08-05 10:10:00+05:30,1255.0,1256.0999755859375,1255.0,1255.4000244140625,23019
2026-08-05 10:15:00+05:30,1254.699951171875,1255.5,1254.0999755859375,1255.0,29272
2026-08-05 10:20:00+05:30,1253.5,1255.5,1253.4000244140625,1254.699951171875,46846
2026-08-05 10:25:00+05:30,1249.5999755859375,1253.5999755859375,1248.800048828125,1253.5,86661
2026-08-05 10:30:00+05:30,1249.9000244140625,1250.199951171875,1247.4000244140625,1249.199951171875,78164
2026-08-05 10:35:00+05:30,1250.800048828125,1251.5999755859375,1249.5,1250.0999755859375,39290
2026-08-05 10:40:00+05:30,1251.4000244140625,1251.9000244140625,1250.199951171875,1250.800048828125,37261
2026-08-05 10:45:00+05:30,1252.9000244140625,1252.9000244140625,1251.0999755859375,1251.4000244140625,37755
2026-08-05 10:50:00+05:30,1254.5,1254.800048828125,1252.300048828125,1252.9000244140625,43629
2026-08-05 10:55:00+05:30,1256.9000244140625,1257.5999755859375,1254.199951171875,1254.199951171875,94363
2026-08-05 11:00:00+05:30,1255.199951171875,1257.199951171875,1255.199951171875,1256.9000244140625,58862
2026-08-05 11:05:00+05:30,1254.0,1256.5,1253.800048828125,1255.5999755859375,85347
2026-08-05 11:10:00+05:30,1254.9000244140625,1255.0999755859375,1253.0999755859375,1253.9000244140625,36875
2026-08-05 11:15:00+05:30,1255.300048828125,1255.800048828125,1254.5999755859375,1254.9000244140625,29885
2026-08-05 11:20:00+05:30,1253.9000244140625,1255.0999755859375,1253.5999755859375,1255.0,24505
2026-08-05 11:25:00+05:30,1253.5,1254.0,1253.0,1254.0,39456
2026-08-05 11:30:00+05:30,1253.300048828125,1254.0,1253.0999755859375,1253.5999755859375,18089
2026-08-05 11:35:00+05:30,1253.5,1253.5999755859375,1252.9000244140625,1253.0999755859375,29717
2026-08-05 11:40:00+05:30,1253.0,1253.5999755859375,1253.0,1253.5,22036
2026-08-05 11:45:00+05:30,1252.300048828125,1253.5,1252.300048828125,1253.300048828125,20938
2026-08-05 11:50:00+05:30,1252.0,1252.5999755859375,1251.699951171875,1252.4000244140625,16897
2026-08-05 11:55:00+05:30,1252.0,1252.0,1251.0999755859375,1252.0,41924
2026-08-05 12:00:00+05:30,1251.9000244140625,1252.0,1251.5999755859375,1252.0,19888
2026-08-05 12:05:00+05:30,1250.800048828125,1251.800048828125,1250.5,1251.800048828125,19416
2026-08-05 12:10:00+05:30,1250.699951171875,1251.0,1250.0999755859375,1250.800048828125,36500
2026-08-05 12:15:00+05:30,1249.5999755859375,1250.5999755859375,1249.5999755859375,1250.5999755859375,48318
2026-08-05 12:20:00+05:30,1250.9000244140625,1251.0,1249.5,1249.699951171875,56650
2026-08-05 12:25:00+05:30,1251.0,1251.4000244140625,1249.9000244140625,1250.4000244140625,40181
2026-08-05 12:30:00+05:30,1249.4000244140625,1251.0,1249.199951171875,1251.0,28632
2026-08-05 12:35:00+05:30,1249.5,1249.9000244140625,1248.800048828125,1249.199951171875,27258
2026-08-05 12:40:00+05:30,1249.0999755859375,1250.0999755859375,1248.699951171875,1249.5,19443
2026-08-05 12:45:00+05:30,1248.699951171875,1249.5999755859375,1248.5999755859375,1249.199951171875,14724
2026-08-05 12:50:00+05:30,1248.199951171875,1249.0,1248.0,1248.699951171875,27624
2026-08-05 12:55:00+05:30,1247.0999755859375,1248.5999755859375,1247.0999755859375,1248.0,29723
2026-08-05 13:00:00+05:30,1247.5,1247.800048828125,1247.0,1247.0999755859375,26326
2026-08-05 13:05:00+05:30,1247.5999755859375,1248.0999755859375,1246.199951171875,1247.800048828125,68738
2026-08-05 13:10:00+05:30,1246.800048828125,1248.0,1246.5,1247.5999755859375,28224
2026-08-05 13:15:00+05:30,1248.800048828125,1248.800048828125,1246.800048828125,1246.800048828125,26822
2026-08-05 13:20:00+05:30,1248.800048828125,1249.199951171875,1248.300048828125,1248.9000244140625,78726
2026-08-05 13:25:00+05:30,1247.5999755859375,1248.0,1247.0999755859375,1247.9000244140625,79287
2026-08-05 13:30:00+05:30,1247.199951171875,1248.5999755859375,1246.5999755859375,1247.5999755859375,93177
2026-08-05 13:35:00+05:30,1247.199951171875,1248.0,1246.9000244140625,1247.5,34931
2026-08-05 13:40:00+05:30,1246.800048828125,1247.5999755859375,1246.300048828125,1247.199951171875,41765
2026-08-05 13:45:00+05:30,1248.699951171875,1248.699951171875,1246.5,1246.5,56450
2026-08-05 13:50:00+05:30,1248.4000244140625,1248.9000244140625,1247.5,1248.800048828125,50617
2026-08-05 13:55:00+05:30,1249.5,1249.5,1247.800048828125,1248.4000244140625,31770
2026-08-05 14:00:00+05:30,1248.4000244140625,1249.4000244140625,1248.4000244140625,1249.0999755859375,24968
2026-08-05 14:05:00+05:30,1249.199951171875,1249.699951171875,1248.5,1248.800048828125,25562
2026-08-05 14:10:00+05:30,1249.5,1250.699951171875,1249.0,1249.199951171875,34373
2026-08-05 14:15:00+05:30,1249.0,1249.5999755859375,1247.5999755859375,1249.5,26032
2026-08-05 14:20:00+05:30,1248.5,1249.0,1248.4000244140625,1248.5,79796
2026-08-05 14:25:00+05:30,1248.300048828125,1249.0,1247.800048828125,1248.699951171875,46401
2026-08-05 14:30:00+05:30,1248.0,1248.800048828125,1247.5,1248.300048828125,72692
2026-08-05 14:35:00+05:30,1248.9000244140625,1250.199951171875,1247.5,1248.0,79043
2026-08-05 14:40:00+05:30,1249.5,1249.5,1248.5,1249.4000244140625,59221
2026-08-05 14:45:00+05:30,1250.0999755859375,1250.699951171875,1249.300048828125,1249.5,58745
2026-08-05 14:50:00+05:30,1250.699951171875,1251.4000244140625,1249.5999755859375,1250.4000244140625,96991
2026-08-05 14:55:00+05:30,1252.5,1252.5,1250.0,1250.699951171875,143627
2026-08-05 15:00:00+05:30,1252.0999755859375,1253.199951171875,1251.300048828125,1252.0999755859375,129839
2026-08-05 15:05:00+05:30,1253.300048828125,1253.800048828125,1252.0,1252.0999755859375,148236
2026-08-05 15:10:00+05:30,1255.0,1255.0,1252.0,1253.300048828125,141213
2026-08-05 15:15:00+05:30,1253.9000244140625,1255.0,1253.9000244140625,1255.0,124279
2026-08-06 09:15:00+05:30,1257.5,1258.9000244140625,1255.0,1256.9000244140625,0
2026-08-06 09:20:00+05:30,1256.199951171875,1257.300048828125,1255.5999755859375,1257.300048828125,53116
2026-08-06 09:25:00+05:30,1255.5,1258.9000244140625,1255.5,1256.199951171875,54712
2026-08-06 09:30:00+05:30,1254.0999755859375,1256.0,1253.800048828125,1255.699951171875,36179
2026-08-06 09:35:00+05:30,1255.0,1255.300048828125,1253.5999755859375,1254.0999755859375,34515
2026-08-06 09:40:00+05:30,1254.5999755859375,1255.800048828125,1254.5,1255.0,27708
2026-08-06 09:45:00+05:30,1254.5,1255.5,1254.0999755859375,1254.9000244140625,19244
2026-08-06 09:50:00+05:30,1254.4000244140625,1255.199951171875,1252.4000244140625,1254.4000244140625,38901
2026-08-06 09:55:00+05:30,1251.300048828125,1255.300048828125,1251.300048828125,1254.5,36720
2026-08-06 10:00:00+05:30,1249.699951171875,1250.9000244140625,1249.0999755859375,1250.9000244140625,69302
2026-08-06 10:05:00+05:30,1248.699951171875,1249.5999755859375,1248.300048828125,1249.5,38941
2026-08-06 10:10:00+05:30,1249.5,1250.0999755859375,1248.5999755859375,1248.800048828125,34950
2026-08-06 10:15:00+05:30,1249.300048828125,1249.800048828125,1249.0999755859375,1249.5999755859375,43638
2026-08-06 10:20:00+05:30,1253.800048828125,1254.4000244140625,1249.300048828125,1249.300048828125,69573
2026-08-06 10:25:00+05:30,1253.4000244140625,1253.9000244140625,1252.5,1253.9000244140625,66435
2026-08-06 10:30:00+05:30,1254.4000244140625,1256.4000244140625,1253.199951171875,1253.4000244140625,78111
2026-08-06 10:35:00+05:30,1254.199951171875,1254.800048828125,1253.699951171875,1254.5,38798
2026-08-06 10:40:00+05:30,1254.199951171875,1254.4000244140625,1253.5,1254.0999755859375,17734
2026-08-06 10:45:00+05:30,1254.5,1255.0,1253.4000244140625,1254.300048828125,32804
2026-08-06 10:50:00+05:30,1255.199951171875,1255.4000244140625,1254.5,1254.5,31377
2026-08-06 10:55:00+05:30,1255.800048828125,1256.699951171875,1254.800048828125,1255.300048828125,37557
2026-08-06 11:00:00+05:30,1256.199951171875,1256.5,1255.199951171875,1255.800048828125,22270
2026-08-06 11:05:00+05:30,1256.5999755859375,1256.5999755859375,1255.800048828125,1256.199951171875,26020
2026-08-06 11:10:00+05:30,1256.5,1257.199951171875,1255.699951171875,1256.5999755859375,52503
2026-08-06 11:15:00+05:30,1256.699951171875,1257.5,1255.5,1256.5999755859375,24111
2026-08-06 11:20:00+05:30,1257.300048828125,1257.5999755859375,1256.699951171875,1256.699951171875,37220
2026-08-06 11:25:00+05:30,1256.800048828125,1257.5,1255.9000244140625,1257.300048828125,49915
2026-08-06 11:30:00+05:30,1256.4000244140625,1257.199951171875,1256.0,1256.800048828125,38833
2026-08-06 11:35:00+05:30,1256.199951171875,1256.800048828125,1255.699951171875,1256.300048828125,44941
2026-08-06 11:40:00+05:30,1253.9000244140625,1256.4000244140625,1253.9000244140625,1256.0999755859375,46761
2026-08-06 11:45:00+05:30,1254.5999755859375,1255.199951171875,1253.699951171875,1253.800048828125,53343
2026-08-06 11:50:00+05:30,1256.300048828125,1256.4000244140625,1254.800048828125,1254.800048828125,23592
2026-08-06 11:55:00+05:30,1256.5999755859375,1257.5,1255.9000244140625,1256.199951171875,60694
2026-08-06 12:00:00+05:30,1256.4000244140625,1257.4000244140625,1256.0,1256.5999755859375,33608
2026-08-06 12:05:00+05:30,1255.5999755859375,1256.4000244140625,1255.199951171875,1256.0,30431
2026-08-06 12:10:00+05:30,1257.5,1257.5,1255.300048828125,1255.5,83441
2026-08-06 12:15:00+05:30,1257.699951171875,1258.4000244140625,1257.0999755859375,1257.199951171875,58969
2026-08-06 12:20:00+05:30,1258.4000244140625,1258.4000244140625,1257.5999755859375,1257.699951171875,29260
2026-08-06 12:25:00+05:30,1258.300048828125,1258.4000244140625,1258.0,1258.300048828125,16022
2026-08-06 12:30:00+05:30,1258.4000244140625,1258.800048828125,1257.5,1258.199951171875,42448
2026-08-06 12:35:00+05:30,1258.4000244140625,1259.4000244140625,1258.0999755859375,1258.4000244140625,40595
2026-08-06 12:40:00+05:30,1258.5,1258.9000244140625,1258.0,1258.699951171875,26562
2026-08-06 12:45:00+05:30,1258.199951171875,1258.800048828125,1257.9000244140625,1258.4000244140625,27732
2026-08-06 12:50:00+05:30,1257.699951171875,1258.699951171875,1257.199951171875,1258.0999755859375,55708
2026-08-06 12:55:00+05:30,1257.800048828125,1258.0,1257.199951171875,1258.0,52605
2026-08-06 13:00:00+05:30,1257.0,1257.9000244140625,1256.9000244140625,1257.9000244140625,42602
2026-08-06 13:05:00+05:30,1257.0999755859375,1257.699951171875,1256.5,1256.699951171875,46407
2026-08-06 13:10:00+05:30,1256.5,1257.800048828125,1256.4000244140625,1257.199951171875,77554
2026-08-06 13:15:00+05:30,1257.699951171875,1258.300048828125,1255.800048828125,1256.300048828125,141820
2026-08-06 13:20:00+05:30,1255.0,1258.4000244140625,1255.0,1257.800048828125,211911
2026-08-06 13:25:00+05:30,1254.300048828125,1255.5999755859375,1254.0,1255.0,71219
2026-08-06 13:30:00+05:30,1254.699951171875,1255.0999755859375,1253.699951171875,1254.4000244140625,34720
2026-08-06 13:35:00+05:30,1255.699951171875,1256.5999755859375,1254.0999755859375,1255.0,103498
2026-08-06 13:40:00+05:30,1255.5999755859375,1256.300048828125,1255.5999755859375,1255.9000244140625,26040
2026-08-06 13:45:00+05:30,1255.300048828125,1256.0999755859375,1254.5,1255.699951171875,83468
2026-08-06 13:50:00+05:30,1255.5999755859375,1256.5999755859375,1254.800048828125,1255.4000244140625,76652
2026-08-06 13:55:00+05:30,1255.800048828125,1256.5,1254.199951171875,1255.800048828125,128394
2026-08-06 14:00:00+05:30,1255.5999755859375,1256.4000244140625,1255.199951171875,1255.4000244140625,60058
2026-08-06 14:05:00+05:30,1256.5999755859375,1256.9000244140625,1255.5999755859375,1256.0,40708
2026-08-06 14:10:00+05:30,1256.199951171875,1256.800048828125,1255.9000244140625,1256.5999755859375,41216
2026-08-06 14:15:00+05:30,1257.0,1257.300048828125,1256.0,1256.199951171875,46931
2026-08-06 14:20:00+05:30,1256.300048828125,1256.800048828125,1255.199951171875,1256.800048828125,71382
2026-08-06 14:25:00+05:30,1256.0,1256.5,1255.4000244140625,1256.300048828125,47316
2026-08-06 14:30:00+05:30,1255.0999755859375,1257.0999755859375,1253.5,1256.0,300201
2026-08-06 14:35:00+05:30,1253.5999755859375,1255.5,1253.5999755859375,1255.0999755859375,81899
2026-08-06 14:40:00+05:30,1255.0999755859375,1255.5999755859375,1254.0,1254.4000244140625,140954
2026-08-06 14:45:00+05:30,1255.0999755859375,1255.4000244140625,1255.0,1255.0999755859375,39999
2026-08-06 14:50:00+05:30,1255.300048828125,1255.699951171875,1255.0,1255.0999755859375,51335
2026-08-06 14:55:00+05:30,1255.5,1256.0999755859375,1254.0999755859375,1255.5999755859375,110981
2026-08-06 15:00:00+05:30,1254.199951171875,1255.300048828125,1253.800048828125,1255.199951171875,209900
2026-08-06 15:05:00+05:30,1255.5,1257.0,1253.9000244140625,1254.199951171875,202058
2026-08-06 15:10:00+05:30,1256.0,1256.5999755859375,1255.0999755859375,1255.5999755859375,116893
2026-08-06 15:15:00+05:30,1256.0,1256.0,1256.0,1256.0,235833
2026-08-07 09:15:00+05:30,1249.300048828125,1254.300048828125,1248.300048828125,1253.5,0
2026-08-07 09:20:00+05:30,1249.0,1250.5,1248.4000244140625,1249.5,35682
2026-08-07 09:25:00+05:30,1249.0,1249.9000244140625,1248.0,1249.0999755859375,26106
2026-08-07 09:30:00+05:30,1246.300048828125,1249.0,1246.300048828125,1249.0,46995
2026-08-07 09:35:00+05:30,1247.0,1247.0999755859375,1246.5,1246.5,26017
2026-08-07 09:40:00+05:30,1247.9000244140625,1247.9000244140625,1246.300048828125,1247.0,26697
2026-08-07 09:45:00+05:30,1248.4000244140625,1248.4000244140625,1247.199951171875,1247.9000244140625,16777
2026-08-07 09:50:00+05:30,1247.0999755859375,1248.5999755859375,1247.0999755859375,1248.4000244140625,26380
2026-08-07 09:55:00+05:30,1248.5,1248.5999755859375,1247.0,1247.0,27247
2026-08-07 10:00:00+05:30,1246.5,1248.5,1246.5,1248.300048828125,20555
2026-08-07 10:05:00+05:30,1247.5999755859375,1248.0999755859375,1246.5,1246.5999755859375,11846
2026-08-07 10:10:00+05:30,1248.699951171875,1248.800048828125,1247.4000244140625,1247.5,21887
2026-08-07 10:15:00+05:30,1246.5999755859375,1248.800048828125,1246.300048828125,1248.5999755859375,58368
2026-08-07 10:20:00+05:30,1247.199951171875,1247.699951171875,1246.5,1246.5,14719
2026-08-07 10:25:00+05:30,1245.699951171875,1247.5999755859375,1245.4000244140625,1247.0999755859375,59979
2026-08-07 10:30:00+05:30,1245.0999755859375,1246.0999755859375,1244.5,1245.800048828125,56541
2026-08-07 10:35:00+05:30,1245.5999755859375,1245.800048828125,1244.5,1245.0,17843
2026-08-07 10:40:00+05:30,1246.199951171875,1246.300048828125,1245.699951171875,1246.0,10989
2026-08-07 10:45:00+05:30,1246.300048828125,1246.5,1245.800048828125,1246.0999755859375,15982
2026-08-07 10:50:00+05:30,1245.199951171875,1246.199951171875,1245.0,1246.0,14614
2026-08-07 10:55:00+05:30,1245.5999755859375,1246.199951171875,1245.199951171875,1245.4000244140625,20084
2026-08-07 11:00:00+05:30,1245.199951171875,1246.0,1244.5,1245.5999755859375,42954
2026-08-07 11:05:00+05:30,1246.300048828125,1246.5,1245.0,1245.0999755859375,30191
2026-08-07 11:10:00+05:30,1246.4000244140625,1246.9000244140625,1246.300048828125,1246.5999755859375,11567
2026-08-07 11:15:00+05:30,1245.5999755859375,1246.699951171875,1244.9000244140625,1246.4000244140625,24333
2026-08-07 11:20:00+05:30,1245.699951171875,1246.300048828125,1245.5,1245.699951171875,14217
2026-08-07 11:25:00+05:30,1245.5999755859375,1246.0,1245.199951171875,1245.5999755859375,16664
2026-08-07 11:30:00+05:30,1244.800048828125,1245.5999755859375,1244.800048828125,1245.5999755859375,16652
2026-08-07 11:35:00+05:30,1245.199951171875,1245.699951171875,1244.5999755859375,1245.199951171875,14760
2026-08-07 11:40:00+05:30,1245.300048828125,1245.5999755859375,1245.0,1245.199951171875,10477
2026-08-07 11:45:00+05:30,1245.0,1245.5,1244.5999755859375,1245.300048828125,10649
2026-08-07 11:50:00+05:30,1243.800048828125,1244.800048828125,1243.199951171875,1244.800048828125,28678
2026-08-07 11:55:00+05:30,1243.800048828125,1243.800048828125,1243.0999755859375,1243.800048828125,34548
2026-08-07 12:00:00+05:30,1244.0999755859375,1244.5,1243.199951171875,1243.5,32504
2026-08-07 12:05:00+05:30,1242.5999755859375,1244.300048828125,1242.5,1244.300048828125,34855
2026-08-07 12:10:00+05:30,1243.4000244140625,1244.199951171875,1242.199951171875,1242.5,52110
2026-08-07 12:15:00+05:30,1242.699951171875,1243.5999755859375,1242.699951171875,1243.5999755859375,34938
2026-08-07 12:20:00+05:30,1244.199951171875,1244.5,1242.800048828125,1243.0999755859375,53107
2026-08-07 12:25:00+05:30,1246.0999755859375,1246.4000244140625,1243.300048828125,1244.199951171875,132304
2026-08-07 12:30:00+05:30,1246.0999755859375,1246.4000244140625,1246.0,1246.0999755859375,38178
2026-08-07 12:35:00+05:30,1246.0,1246.4000244140625,1246.0,1246.0,22309
2026-08-07 12:40:00+05:30,1246.300048828125,1246.5,1246.0,1246.300048828125,28409
2026-08-07 12:45:00+05:30,1246.9000244140625,1247.300048828125,1246.0,1246.5,23200
2026-08-07 12:50:00+05:30,1246.699951171875,1247.5,1246.699951171875,1247.0999755859375,22081
2026-08-07 12:55:00+05:30,1246.9000244140625,1247.9000244140625,1246.699951171875,1246.800048828125,47303
2026-08-07 13:00:00+05:30,1247.300048828125,1248.0,1246.699951171875,1246.9000244140625,131875
2026-08-07 13:05:00+05:30,1244.0,1247.5,1244.0,1247.5,54524
2026-08-07 13:10:00+05:30,1243.300048828125,1244.300048828125,1243.0999755859375,1243.699951171875,53111
2026-08-07 13:15:00+05:30,1243.699951171875,1244.0999755859375,1243.199951171875,1243.5999755859375,41405
2026-08-07 13:20:00+05:30,1243.699951171875,1244.4000244140625,1243.699951171875,1243.800048828125,40385
2026-08-07 13:25:00+05:30,1244.199951171875,1245.0,1243.800048828125,1243.800048828125,46724
2026-08-07 13:30:00+05:30,1242.0,1244.5,1242.0,1244.199951171875,57006
2026-08-07 13:35:00+05:30,1242.9000244140625,1243.5,1242.0,1242.0,48700
2026-08-07 13:40:00+05:30,1242.4000244140625,1243.5,1242.4000244140625,1243.5,37817
2026-08-07 13:45:00+05:30,1243.5,1244.0999755859375,1242.4000244140625,1242.4000244140625,97039
2026-08-07 13:50:00+05:30,1243.199951171875,1245.0,1243.0999755859375,1243.5999755859375,50576
2026-08-07 13:55:00+05:30,1242.4000244140625,1243.800048828125,1242.0999755859375,1243.5,50253
2026-08-07 14:00:00+05:30,1241.0,1243.300048828125,1240.5,1242.5,75809
2026-08-07 14:05:00+05:30,1240.5,1241.4000244140625,1240.0999755859375,1241.0,53312
2026-08-07 14:10:00+05:30,1240.4000244140625,1241.0,1239.0999755859375,1240.4000244140625,71353
2026-08-07 14:15:00+05:30,1240.4000244140625,1241.0999755859375,1239.800048828125,1240.4000244140625,44110
2026-08-07 14:20:00+05:30,1240.5999755859375,1241.4000244140625,1240.199951171875,1240.800048828125,50656
2026-08-07 14:25:00+05:30,1240.4000244140625,1241.800048828125,1240.4000244140625,1240.699951171875,73475
2026-08-07 14:30:00+05:30,1241.5999755859375,1242.9000244140625,1239.800048828125,1240.5,127998
2026-08-07 14:35:00+05:30,1241.5999755859375,1242.800048828125,1241.4000244140625,1241.800048828125,80503
2026-08-07 14:40:00+05:30,1241.5999755859375,1242.4000244140625,1240.4000244140625,1241.9000244140625,58600
2026-08-07 14:45:00+05:30,1242.300048828125,1242.699951171875,1241.4000244140625,1242.0,55115
2026-08-07 14:50:00+05:30,1242.4000244140625,1242.5999755859375,1242.199951171875,1242.199951171875,51129
2026-08-07 14:55:00+05:30,1243.9000244140625,1243.9000244140625,1242.4000244140625,1242.800048828125,82118
2026-08-07 15:00:00+05:30,1243.5999755859375,1244.800048828125,1243.0,1244.0,105565
2026-08-07 15:05:00+05:30,1245.5,1245.5,1242.9000244140625,1243.9000244140625,154931
2026-08-07 15:10:00+05:30,1243.0,1246.699951171875,1243.0,1246.0,171285
2026-08-07 15:15:00+05:30,1238.0,1242.0,1238.0,1242.0,211649
2026-08-10 09:15:00+05:30,1247.0,1248.0,1237.0999755859375,1237.0999755859375,0
2026-08-10 09:20:00+05:30,1245.5999755859375,1248.5,1244.699951171875,1247.199951171875,53909
2026-08-10 09:25:00+05:30,1244.4000244140625,1245.800048828125,1243.5999755859375,1245.0999755859375,31957
2026-08-10 09:30:00+05:30,1241.4000244140625,1243.699951171875,1240.699951171875,1243.699951171875,42520
2026-08-10 09:35:00+05:30,1241.0999755859375,1241.199951171875,1240.199951171875,1241.0,58080
2026-08-10 09:40:00+05:30,1240.4000244140625,1241.5,1239.0,1241.0,57280
2026-08-10 09:45:00+05:30,1241.800048828125,1243.0,1241.0999755859375,1241.0999755859375,39848
2026-08-10 09:50:00+05:30,1241.5,1242.5999755859375,1240.0999755859375,1241.300048828125,41965
2026-08-10 09:55:00+05:30,1243.9000244140625,1244.800048828125,1241.300048828125,1241.4000244140625,85511
2026-08-10 10:00:00+05:30,1243.800048828125,1245.300048828125,1243.800048828125,1243.9000244140625,106927
2026-08-10 10:05:00+05:30,1240.5999755859375,1243.9000244140625,1240.5,1243.9000244140625,33388
2026-08-10 10:10:00+05:30,1240.5999755859375,1241.300048828125,1239.9000244140625,1240.199951171875,31809
2026-08-10 10:15:00+05:30,1241.4000244140625,1241.699951171875,1240.4000244140625,1240.9000244140625,21395
2026-08-10 10:20:00+05:30,1241.5,1242.0,1241.0,1241.4000244140625,23668
2026-08-10 10:25:00+05:30,1240.800048828125,1241.5999755859375,1240.4000244140625,1241.5999755859375,17897
2026-08-10 10:30:00+05:30,1240.4000244140625,1241.800048828125,1240.0,1240.5999755859375,38220
2026-08-10 10:35:00+05:30,1240.300048828125,1240.9000244140625,1240.0,1240.4000244140625,18201
2026-08-10 10:40:00+05:30,1241.199951171875,1241.9000244140625,1240.199951171875,1240.199951171875,42055
2026-08-10 10:45:00+05:30,1241.0,1242.699951171875,1241.0,1241.5,44748
2026-08-10 10:50:00+05:30,1241.5999755859375,1242.0,1241.0,1241.0,29001
2026-08-10 10:55:00+05:30,1240.5,1241.5999755859375,1240.5,1241.4000244140625,35101
2026-08-10 11:00:00+05:30,1241.5999755859375,1242.4000244140625,1240.9000244140625,1240.9000244140625,35535
2026-08-10 11:05:00+05:30,1240.9000244140625,1241.9000244140625,1240.800048828125,1241.5999755859375,23080
2026-08-10 11:10:00+05:30,1241.5999755859375,1242.5,1240.5999755859375,1240.800048828125,38478
2026-08-10 11:15:00+05:30,1242.4000244140625,1243.4000244140625,1241.300048828125,1241.800048828125,37591
2026-08-10 11:20:00+05:30,1241.5,1243.300048828125,1241.199951171875,1242.699951171875,41382
2026-08-10 11:25:00+05:30,1241.9000244140625,1242.9000244140625,1241.0999755859375,1241.4000244140625,28959
2026-08-10 11:30:00+05:30,1241.800048828125,1242.4000244140625,1241.5999755859375,1242.199951171875,25024
2026-08-10 11:35:00+05:30,1242.4000244140625,1243.0,1241.4000244140625,1241.800048828125,45926
2026-08-10 11:40:00+05:30,1241.9000244140625,1242.9000244140625,1241.699951171875,1242.699951171875,21586
2026-08-10 11:45:00+05:30,1243.199951171875,1244.0,1241.5,1242.0,25023
2026-08-10 11:50:00+05:30,1242.5,1243.800048828125,1242.5,1243.0999755859375,26770
2026-08-10 11:55:00+05:30,1243.300048828125,1244.0999755859375,1242.4000244140625,1242.5,30634
2026-08-10 12:00:00+05:30,1244.4000244140625,1244.9000244140625,1243.0,1243.4000244140625,28977
2026-08-10 12:05:00+05:30,1244.199951171875,1244.800048828125,1243.199951171875,1244.800048828125,27520
2026-08-10 12:10:00+05:30,1244.699951171875,1245.699951171875,1243.4000244140625,1244.5,49504
2026-08-10 12:15:00+05:30,1245.4000244140625,1246.800048828125,1244.199951171875,1244.199951171875,31695
2026-08-10 12:20:00+05:30,1245.0999755859375,1246.5999755859375,1244.9000244140625,1245.699951171875,32311
2026-08-10 12:25:00+05:30,1245.5999755859375,1246.0,1244.5,1245.4000244140625,63607
2026-08-10 12:30:00+05:30,1246.800048828125,1248.0,1245.5999755859375,1245.699951171875,33336
2026-08-10 12:35:00+05:30,1246.199951171875,1247.4000244140625,1246.199951171875,1246.5999755859375,27782
2026-08-10 12:40:00+05:30,1245.0,1247.199951171875,1245.0,1246.199951171875,25697
2026-08-10 12:45:00+05:30,1244.0,1245.5999755859375,1244.0,1245.0999755859375,27875
2026-08-10 12:50:00+05:30,1243.300048828125,1244.5,1242.800048828125,1244.0,23077
2026-08-10 12:55:00+05:30,1243.4000244140625,1244.199951171875,1242.9000244140625,1243.199951171875,21302
2026-08-10 13:00:00+05:30,1243.699951171875,1244.4000244140625,1242.699951171875,1243.5999755859375,18487
2026-08-10 13:05:00+05:30,1242.4000244140625,1243.699951171875,1241.699951171875,1243.699951171875,45242
2026-08-10 13:10:00+05:30,1242.5999755859375,1242.699951171875,1241.5,1242.4000244140625,17414
2026-08-10 13:15:00+05:30,1243.800048828125,1244.300048828125,1242.699951171875,1243.0999755859375,29424
2026-08-10 13:20:00+05:30,1244.199951171875,1244.199951171875,1243.300048828125,1243.300048828125,19763
2026-08-10 13:25:00+05:30,1245.0,1245.4000244140625,1243.9000244140625,1243.9000244140625,22950
2026-08-10 13:30:00+05:30,1246.4000244140625,1246.4000244140625,1244.5999755859375,1245.199951171875,102850
2026-08-10 13:35:00+05:30,1246.5,1247.4000244140625,1245.5999755859375,1246.699951171875,45794
2026-08-10 13:40:00+05:30,1246.5,1247.199951171875,1246.0999755859375,1246.5,25136
2026-08-10 13:45:00+05:30,1245.0,1247.300048828125,1245.0,1246.5,111339
2026-08-10 13:50:00+05:30,1245.300048828125,1246.300048828125,1245.0,1245.0,26809
2026-08-10 13:55:00+05:30,1245.300048828125,1246.0999755859375,1245.0,1245.300048828125,34671
2026-08-10 14:00:00+05:30,1246.5,1246.9000244140625,1245.300048828125,1245.300048828125,40875
2026-08-10 14:05:00+05:30,1246.5,1246.9000244140625,1245.699951171875,1246.5,30542
2026-08-10 14:10:00+05:30,1246.5,1247.0,1246.5,1246.5,26110
2026-08-10 14:15:00+05:30,1247.0,1247.5,1246.4000244140625,1246.800048828125,23182
2026-08-10 14:20:00+05:30,1246.5999755859375,1247.0999755859375,1246.5,1246.5,20231
2026-08-10 14:25:00+05:30,1246.5,1247.0,1246.5,1246.5,24366
2026-08-10 14:30:00+05:30,1246.5,1247.300048828125,1246.300048828125,1246.5999755859375,125824
2026-08-10 14:35:00+05:30,1245.0999755859375,1246.5999755859375,1245.0,1246.5,86908
2026-08-10 14:40:00+05:30,1245.5999755859375,1245.699951171875,1245.0,1245.0999755859375,59597
2026-08-10 14:45:00+05:30,1244.4000244140625,1245.699951171875,1243.800048828125,1245.5,94026
2026-08-10 14:50:00+05:30,1244.5,1245.0,1244.0,1244.699951171875,71147
2026-08-10 14:55:00+05:30,1245.199951171875,1245.5,1244.5,1244.699951171875,94733
2026-08-10 15:00:00+05:30,1248.0,1248.0,1245.0999755859375,1245.199951171875,128191
2026-08-10 15:05:00+05:30,1247.0,1248.0,1246.699951171875,1247.0,131552
2026-08-10 15:10:00+05:30,1246.5999755859375,1247.5999755859375,1245.800048828125,1247.0,160826
2026-08-10 15:15:00+05:30,1247.300048828125,1247.300048828125,1246.5,1246.5,149078
2026-08-11 09:15:00+05:30,1236.5,1243.0,1235.4000244140625,1243.0,0
2026-08-11 09:20:00+05:30,1234.699951171875,1236.5999755859375,1233.699951171875,1236.4000244140625,76803
2026-08-11 09:25:00+05:30,1232.300048828125,1234.5,1232.0,1234.199951171875,141948
2026-08-11 09:30:00+05:30,1229.9000244140625,1231.5,1228.800048828125,1231.5,106389
2026-08-11 09:35:00+05:30,1229.5999755859375,1230.800048828125,1228.5,1230.5,44100
2026-08-11 09:40:00+05:30,1230.300048828125,1230.300048828125,1229.300048828125,1229.699951171875,37908
2026-08-11 09:45:00+05:30,1229.800048828125,1230.9000244140625,1229.699951171875,1230.0999755859375,31935
2026-08-11 09:50:00+05:30,1230.4000244140625,1230.800048828125,1229.5999755859375,1229.800048828125,27837
2026-08-11 09:55:00+05:30,1231.199951171875,1231.9000244140625,1230.199951171875,1230.199951171875,39604
2026-08-11 10:00:00+05:30,1231.0999755859375,1231.699951171875,1230.0999755859375,1231.5,50133
2026-08-11 10:05:00+05:30,1231.0999755859375,1231.5999755859375,1230.699951171875,1231.300048828125,22944
2026-08-11 10:10:00+05:30,1231.5,1232.199951171875,1230.9000244140625,1231.0999755859375,40809
2026-08-11 10:15:00+05:30,1230.199951171875,1231.5,1230.0999755859375,1231.5,28137
2026-08-11 10:20:00+05:30,1228.5999755859375,1230.199951171875,1228.4000244140625,1230.0999755859375,86849
2026-08-11 10:25:00+05:30,1231.0,1231.9000244140625,1228.5,1228.5,88314
2026-08-11 10:30:00+05:30,1231.5999755859375,1231.9000244140625,1230.5999755859375,1231.0,31127
2026-08-11 10:35:00+05:30,1232.199951171875,1232.699951171875,1231.300048828125,1231.699951171875,50284
2026-08-11 10:40:00+05:30,1232.300048828125,1232.699951171875,1232.0,1232.199951171875,49652
2026-08-11 10:45:00+05:30,1232.199951171875,1232.4000244140625,1231.5,1232.4000244140625,35197
2026-08-11 10:50:00+05:30,1232.300048828125,1232.5999755859375,1232.0,1232.0999755859375,36025
2026-08-11 10:55:00+05:30,1232.0999755859375,1232.5,1231.5,1232.300048828125,29482
2026-08-11 11:00:00+05:30,1231.9000244140625,1232.5,1231.5999755859375,1232.0,27194
2026-08-11 11:05:00+05:30,1232.0,1232.4000244140625,1231.800048828125,1231.800048828125,34827
2026-08-11 11:10:00+05:30,1231.800048828125,1232.199951171875,1230.5999755859375,1231.9000244140625,63529
2026-08-11 11:15:00+05:30,1231.4000244140625,1231.5999755859375,1231.0999755859375,1231.5999755859375,21590
2026-08-11 11:20:00+05:30,1231.0999755859375,1231.800048828125,1231.0,1231.0999755859375,20188
2026-08-11 11:25:00+05:30,1231.4000244140625,1232.199951171875,1231.0,1231.0,23371
2026-08-11 11:30:00+05:30,1231.0999755859375,1231.4000244140625,1231.0,1231.4000244140625,13664
2026-08-11 11:35:00+05:30,1231.800048828125,1231.800048828125,1230.9000244140625,1231.0999755859375,20088
2026-08-11 11:40:00+05:30,1232.0,1232.699951171875,1231.699951171875,1231.699951171875,36188
2026-08-11 11:45:00+05:30,1231.5999755859375,1232.5999755859375,1231.300048828125,1232.0999755859375,44864
2026-08-11 11:50:00+05:30,1230.4000244140625,1232.0,1230.0999755859375,1231.699951171875,41300
2026-08-11 11:55:00+05:30,1230.5,1230.699951171875,1230.0999755859375,1230.300048828125,31280
2026-08-11 12:00:00+05:30,1230.5999755859375,1231.0,1229.5,1230.5,66037
2026-08-11 12:05:00+05:30,1230.0999755859375,1230.699951171875,1230.0,1230.199951171875,41204
2026-08-11 12:10:00+05:30,1230.5999755859375,1230.800048828125,1230.0999755859375,1230.199951171875,48727
2026-08-11 12:15:00+05:30,1230.300048828125,1230.5999755859375,1229.9000244140625,1230.5,38807
2026-08-11 12:20:00+05:30,1229.800048828125,1230.9000244140625,1229.699951171875,1230.199951171875,71620
2026-08-11 12:25:00+05:30,1230.0999755859375,1230.800048828125,1229.800048828125,1229.800048828125,47221
2026-08-11 12:30:00+05:30,1229.800048828125,1230.199951171875,1229.4000244140625,1230.0999755859375,26877
2026-08-11 12:35:00+05:30,1228.0,1229.800048828125,1227.300048828125,1229.4000244140625,85691
2026-08-11 12:40:00+05:30,1228.0,1229.699951171875,1226.699951171875,1227.5999755859375,212897
2026-08-11 12:45:00+05:30,1230.0999755859375,1230.9000244140625,1227.199951171875,1228.4000244140625,81711
2026-08-11 12:50:00+05:30,1230.0,1230.699951171875,1229.800048828125,1230.0999755859375,43443
2026-08-11 12:55:00+05:30,1230.0,1230.0999755859375,1229.9000244140625,1230.0999755859375,57830
2026-08-11 13:00:00+05:30,1230.9000244140625,1231.199951171875,1230.0,1230.0,92202
2026-08-11 13:05:00+05:30,1231.300048828125,1232.699951171875,1229.300048828125,1230.9000244140625,379512
2026-08-11 13:10:00+05:30,1229.199951171875,1231.699951171875,1228.800048828125,1231.300048828125,72439
2026-08-11 13:15:00+05:30,1227.0,1229.0,1226.800048828125,1228.800048828125,276358
2026-08-11 13:20:00+05:30,1227.0999755859375,1227.4000244140625,1225.4000244140625,1227.4000244140625,285396
2026-08-11 13:25:00+05:30,1231.0,1231.5,1227.0,1227.4000244140625,117726
2026-08-11 13:30:00+05:30,1231.0999755859375,1232.0,1230.5999755859375,1231.0,73267
2026-08-11 13:35:00+05:30,1229.300048828125,1231.5,1229.0999755859375,1230.9000244140625,48267
2026-08-11 13:40:00+05:30,1230.0999755859375,1230.4000244140625,1229.300048828125,1229.5999755859375,49793
2026-08-11 13:45:00+05:30,1229.699951171875,1231.0,1229.5999755859375,1230.199951171875,40897
2026-08-11 13:50:00+05:30,1229.5,1230.199951171875,1229.0,1229.699951171875,46095
2026-08-11 13:55:00+05:30,1229.199951171875,1230.199951171875,1229.0,1229.5,34222
2026-08-11 14:00:00+05:30,1228.5,1230.0999755859375,1228.0999755859375,1229.4000244140625,59433
2026-08-11 14:05:00+05:30,1229.800048828125,1229.9000244140625,1228.0999755859375,1228.5,105091
2026-08-11 14:10:00+05:30,1229.300048828125,1230.5,1228.699951171875,1229.5999755859375,106569
2026-08-11 14:15:00+05:30,1230.5,1231.199951171875,1229.199951171875,1229.699951171875,65677
2026-08-11 14:20:00+05:30,1230.0,1231.699951171875,1230.0,1230.5,59467
2026-08-11 14:25:00+05:30,1229.800048828125,1231.5999755859375,1229.199951171875,1230.0,220692
2026-08-11 14:30:00+05:30,1229.300048828125,1230.199951171875,1229.0,1229.5999755859375,57633
2026-08-11 14:35:00+05:30,1229.5999755859375,1230.4000244140625,1229.0,1229.199951171875,95237
2026-08-11 14:40:00+05:30,1229.4000244140625,1229.800048828125,1229.199951171875,1229.5,43573
2026-08-11 14:45:00+05:30,1229.199951171875,1229.9000244140625,1229.0,1229.5,47185
2026-08-11 14:50:00+05:30,1230.5999755859375,1231.300048828125,1229.0999755859375,1229.199951171875,109760
2026-08-11 14:55:00+05:30,1231.699951171875,1232.300048828125,1230.300048828125,1230.5,174377
2026-08-11 15:00:00+05:30,1231.0,1232.0,1229.800048828125,1231.800048828125,168452
2026-08-11 15:05:00+05:30,1229.5999755859375,1231.9000244140625,1229.0999755859375,1231.0,177766
2026-08-11 15:10:00+05:30,1229.5,1230.9000244140625,1229.4000244140625,1229.9000244140625,131879
2026-08-11 15:15:00+05:30,1229.800048828125,1230.5,1229.800048828125,1230.5,158570
2026-08-12 09:15:00+05:30,1226.5999755859375,1231.9000244140625,1226.5,1231.9000244140625,0
2026-08-12 09:20:00+05:30,1231.0,1231.800048828125,1226.300048828125,1226.300048828125,171862
2026-08-12 09:25:00+05:30,1232.0999755859375,1234.0999755859375,1231.0,1231.4000244140625,138503
2026-08-12 09:30:00+05:30,1232.699951171875,1233.0,1230.9000244140625,1233.0,107220
2026-08-12 09:35:00+05:30,1232.699951171875,1234.5999755859375,1232.0,1232.699951171875,67042
2026-08-12 09:40:00+05:30,1231.9000244140625,1233.300048828125,1231.699951171875,1232.5999755859375,51601
2026-08-12 09:45:00+05:30,1231.5999755859375,1232.0,1231.0,1232.0,28330
2026-08-12 09:50:00+05:30,1233.4000244140625,1233.4000244140625,1230.9000244140625,1231.300048828125,49182
2026-08-12 09:55:00+05:30,1231.4000244140625,1233.300048828125,1231.199951171875,1233.300048828125,45301
2026-08-12 10:00:00+05:30,1230.5999755859375,1231.800048828125,1230.5,1231.800048828125,40326
2026-08-12 10:05:00+05:30,1230.9000244140625,1231.300048828125,1230.199951171875,1230.5999755859375,52106
2026-08-12 10:10:00+05:30,1231.699951171875,1232.300048828125,1230.5,1230.9000244140625,58848
2026-08-12 10:15:00+05:30,1231.4000244140625,1232.5,1231.0999755859375,1231.699951171875,69219
2026-08-12 10:20:00+05:30,1231.800048828125,1232.199951171875,1231.0,1231.4000244140625,48163
2026-08-12 10:25:00+05:30,1231.300048828125,1232.300048828125,1231.300048828125,1231.9000244140625,30676
2026-08-12 10:30:00+05:30,1232.5999755859375,1234.9000244140625,1231.300048828125,1231.699951171875,96317
2026-08-12 10:35:00+05:30,1231.199951171875,1232.800048828125,1231.199951171875,1232.800048828125,43819
2026-08-12 10:40:00+05:30,1229.9000244140625,1231.4000244140625,1229.5999755859375,1231.300048828125,42794
2026-08-12 10:45:00+05:30,1229.699951171875,1230.0,1228.4000244140625,1229.9000244140625,45517
2026-08-12 10:50:00+05:30,1229.0999755859375,1230.0999755859375,1229.0,1229.699951171875,19976
2026-08-12 10:55:00+05:30,1227.5999755859375,1229.199951171875,1226.300048828125,1229.0999755859375,49739
2026-08-12 11:00:00+05:30,1225.0,1227.4000244140625,1223.800048828125,1227.300048828125,376311
2026-08-12 11:05:00+05:30,1226.300048828125,1226.800048828125,1224.800048828125,1225.0,77527
2026-08-12 11:10:00+05:30,1226.5999755859375,1227.4000244140625,1225.5999755859375,1226.9000244140625,307131
2026-08-12 11:15:00+05:30,1225.699951171875,1226.5999755859375,1224.699951171875,1226.5999755859375,41188
2026-08-12 11:20:00+05:30,1225.0999755859375,1226.9000244140625,1225.0999755859375,1225.699951171875,41718
2026-08-12 11:25:00+05:30,1224.4000244140625,1225.4000244140625,1223.699951171875,1225.0999755859375,37020
2026-08-12 11:30:00+05:30,1224.0,1224.5999755859375,1223.0,1223.5,38278
2026-08-12 11:35:00+05:30,1222.4000244140625,1224.0999755859375,1222.300048828125,1223.699951171875,29597
2026-08-12 11:40:00+05:30,1224.300048828125,1224.4000244140625,1222.199951171875,1222.4000244140625,28556
2026-08-12 11:45:00+05:30,1223.0999755859375,1224.4000244140625,1222.5,1224.300048828125,585251
2026-08-12 11:50:00+05:30,1223.300048828125,1223.699951171875,1222.300048828125,1223.0999755859375,45011
2026-08-12 11:55:00+05:30,1222.5999755859375,1223.300048828125,1222.300048828125,1223.300048828125,43392
2026-08-12 12:00:00+05:30,1222.0999755859375,1222.5999755859375,1222.0,1222.5999755859375,17650
2026-08-12 12:05:00+05:30,1222.699951171875,1223.199951171875,1222.0,1222.0999755859375,28222
2026-08-12 12:10:00+05:30,1221.9000244140625,1223.4000244140625,1221.4000244140625,1222.800048828125,43160
2026-08-12 12:15:00+05:30,1221.9000244140625,1223.4000244140625,1221.800048828125,1221.9000244140625,371422
2026-08-12 12:20:00+05:30,1221.5999755859375,1222.0999755859375,1221.5999755859375,1221.9000244140625,27003
2026-08-12 12:25:00+05:30,1222.5999755859375,1223.0,1221.5,1221.5999755859375,22080
2026-08-12 12:30:00+05:30,1222.5,1223.0,1221.5,1223.0,141517
2026-08-12 12:35:00+05:30,1221.9000244140625,1222.5999755859375,1221.199951171875,1222.5,87032
2026-08-12 12:40:00+05:30,1220.0999755859375,1222.0999755859375,1220.0,1221.9000244140625,97821
2026-08-12 12:45:00+05:30,1219.0,1220.4000244140625,1218.5999755859375,1220.300048828125,100734
2026-08-12 12:50:00+05:30,1218.800048828125,1219.4000244140625,1218.5,1218.800048828125,27186
2026-08-12 12:55:00+05:30,1218.300048828125,1219.300048828125,1217.800048828125,1218.5,199800
2026-08-12 13:00:00+05:30,1219.699951171875,1219.699951171875,1218.0,1218.199951171875,211919
2026-08-12 13:05:00+05:30,1218.5,1219.699951171875,1218.300048828125,1219.5,71927
2026-08-12 13:10:00+05:30,1219.300048828125,1219.4000244140625,1218.5,1218.699951171875,62034
2026-08-12 13:15:00+05:30,1219.5,1220.300048828125,1219.0,1219.5999755859375,99558
2026-08-12 13:20:00+05:30,1219.5999755859375,1220.0,1219.0999755859375,1219.300048828125,70384
2026-08-12 13:25:00+05:30,1219.4000244140625,1219.9000244140625,1218.9000244140625,1219.300048828125,117037
2026-08-12 13:30:00+05:30,1219.5,1220.0,1219.199951171875,1219.4000244140625,64920
2026-08-12 13:35:00+05:30,1220.0,1220.0,1219.0999755859375,1219.5999755859375,52760
2026-08-12 13:40:00+05:30,1219.300048828125,1219.9000244140625,1219.0,1219.9000244140625,62488
2026-08-12 13:45:00+05:30,1218.0,1219.5,1218.0,1219.300048828125,75587
2026-08-12 13:50:00+05:30,1218.300048828125,1218.9000244140625,1218.0,1218.199951171875,179680
2026-08-12 13:55:00+05:30,1218.199951171875,1218.800048828125,1218.0,1218.4000244140625,34877
2026-08-12 14:00:00+05:30,1217.699951171875,1219.0,1217.5999755859375,1218.0999755859375,49034
2026-08-12 14:05:00+05:30,1218.0,1218.800048828125,1217.699951171875,1218.199951171875,51596
2026-08-12 14:10:00+05:30,1218.0,1218.0,1217.5,1218.0,43394
2026-08-12 14:15:00+05:30,1218.0999755859375,1218.300048828125,1217.5,1217.5999755859375,79970
2026-08-12 14:20:00+05:30,1217.4000244140625,1218.5999755859375,1217.300048828125,1218.0999755859375,73319
2026-08-12 14:25:00+05:30,1217.5999755859375,1217.9000244140625,1217.0999755859375,1217.5,52708
2026-08-12 14:30:00+05:30,1220.0999755859375,1220.4000244140625,1217.4000244140625,1217.9000244140625,263571
2026-08-12 14:35:00+05:30,1219.0999755859375,1220.9000244140625,1219.0,1219.9000244140625,89469
2026-08-12 14:40:00+05:30,1219.0999755859375,1220.4000244140625,1219.0,1219.4000244140625,82594
2026-08-12 14:45:00+05:30,1220.0999755859375,1220.9000244140625,1219.4000244140625,1219.5999755859375,87492
2026-08-12 14:50:00+05:30,1222.5,1222.699951171875,1219.9000244140625,1220.300048828125,164815
2026-08-12 14:55:00+05:30,1223.300048828125,1223.5999755859375,1221.0999755859375,1222.699951171875,201761
2026-08-12 15:00:00+05:30,1225.0,1225.9000244140625,1223.300048828125,1223.300048828125,158380
2026-08-12 15:05:00+05:30,1223.699951171875,1225.300048828125,1223.0,1225.0999755859375,163436
2026-08-12 15:10:00+05:30,1225.0,1226.0,1223.5,1223.5999755859375,198771
2026-08-12 15:15:00+05:30,1230.0,1230.0,1225.0,1225.0,134207
2026-08-13 09:15:00+05:30,1223.0,1223.5,1218.199951171875,1222.800048828125,0
2026-08-13 09:20:00+05:30,1222.5,1223.199951171875,1220.800048828125,1223.0,62359
2026-08-13 09:25:00+05:30,1222.5999755859375,1223.0,1221.800048828125,1222.5,28338
2026-08-13 09:30:00+05:30,1222.0,1222.9000244140625,1221.0999755859375,1222.5999755859375,41645
2026-08-13 09:35:00+05:30,1222.5999755859375,1223.0,1221.199951171875,1221.800048828125,20461
2026-08-13 09:40:00+05:30,1223.9000244140625,1224.5,1222.699951171875,1223.0,28870
2026-08-13 09:45:00+05:30,1222.5999755859375,1224.4000244140625,1222.0,1224.300048828125,34536
2026-08-13 09:50:00+05:30,1222.0,1223.199951171875,1221.9000244140625,1222.5999755859375,26986
2026-08-13 09:55:00+05:30,1220.4000244140625,1222.4000244140625,1220.4000244140625,1222.4000244140625,47753
2026-08-13 10:00:00+05:30,1219.5999755859375,1221.5999755859375,1219.4000244140625,1220.5999755859375,80408
2026-08-13 10:05:00+05:30,1219.4000244140625,1220.0,1219.0999755859375,1219.800048828125,47978
2026-08-13 10:10:00+05:30,1218.300048828125,1219.5,1218.0999755859375,1219.5,119081
2026-08-13 10:15:00+05:30,1217.5,1218.199951171875,1217.5,1218.0999755859375,42869
2026-08-13 10:20:00+05:30,1217.0,1218.300048828125,1216.9000244140625,1217.5999755859375,110786
2026-08-13 10:25:00+05:30,1217.5999755859375,1218.300048828125,1217.0,1217.0999755859375,49190
2026-08-13 10:30:00+05:30,1217.699951171875,1218.0,1216.9000244140625,1217.300048828125,60857
2026-08-13 10:35:00+05:30,1216.800048828125,1217.5999755859375,1216.5,1217.5999755859375,42829
2026-08-13 10:40:00+05:30,1216.9000244140625,1217.5,1216.4000244140625,1217.0,62952
2026-08-13 10:45:00+05:30,1217.0999755859375,1217.300048828125,1216.5,1217.300048828125,47849
2026-08-13 10:50:00+05:30,1217.300048828125,1217.9000244140625,1217.0999755859375,1217.0999755859375,44237
2026-08-13 10:55:00+05:30,1217.0,1217.5999755859375,1217.0,1217.5,44787
2026-08-13 11:00:00+05:30,1217.0999755859375,1217.300048828125,1216.5999755859375,1217.0,35333
2026-08-13 11:05:00+05:30,1216.5,1217.0999755859375,1216.5,1217.0999755859375,29931
2026-08-13 11:10:00+05:30,1216.0,1216.5999755859375,1216.0,1216.5,26160
2026-08-13 11:15:00+05:30,1215.5999755859375,1216.0999755859375,1215.5999755859375,1216.0,36830
2026-08-13 11:20:00+05:30,1216.199951171875,1216.5999755859375,1215.5999755859375,1215.5999755859375,83144
2026-08-13 11:25:00+05:30,1216.5999755859375,1216.9000244140625,1216.0,1216.0999755859375,24637
2026-08-13 11:30:00+05:30,1216.5,1217.0,1216.5,1216.699951171875,22649
2026-08-13 11:35:00+05:30,1219.5999755859375,1219.800048828125,1216.800048828125,1216.9000244140625,213843
2026-08-13 11:40:00+05:30,1218.9000244140625,1219.5,1218.5999755859375,1219.5,36643
2026-08-13 11:45:00+05:30,1219.0,1220.5999755859375,1218.5999755859375,1219.199951171875,61404
2026-08-13 11:50:00+05:30,1218.5999755859375,1219.199951171875,1218.5999755859375,1219.0999755859375,29012
2026-08-13 11:55:00+05:30,1220.0,1220.0,1218.199951171875,1218.5999755859375,66213
2026-08-13 12:00:00+05:30,1221.5999755859375,1222.199951171875,1220.0,1220.0,92350
2026-08-13 12:05:00+05:30,1220.800048828125,1221.199951171875,1220.199951171875,1221.0999755859375,44053
2026-08-13 12:10:00+05:30,1221.300048828125,1221.4000244140625,1220.5,1220.5999755859375,45009
2026-08-13 12:15:00+05:30,1220.5999755859375,1221.5,1220.5,1221.300048828125,57783
2026-08-13 12:20:00+05:30,1221.800048828125,1222.0,1220.5999755859375,1220.800048828125,46338
2026-08-13 12:25:00+05:30,1223.0,1223.5999755859375,1221.699951171875,1221.800048828125,80650
2026-08-13 12:30:00+05:30,1222.800048828125,1223.0999755859375,1222.300048828125,1223.0,42504
2026-08-13 12:35:00+05:30,1222.4000244140625,1223.0,1222.199951171875,1222.9000244140625,36916
2026-08-13 12:40:00+05:30,1222.699951171875,1223.4000244140625,1222.300048828125,1222.4000244140625,39979
2026-08-13 12:45:00+05:30,1221.0999755859375,1222.800048828125,1221.0999755859375,1222.5999755859375,33501
2026-08-13 12:50:00+05:30,1221.199951171875,1221.300048828125,1220.800048828125,1221.0999755859375,38907
2026-08-13 12:55:00+05:30,1220.5,1221.5,1220.199951171875,1221.0999755859375,60837
2026-08-13 13:00:00+05:30,1219.800048828125,1220.699951171875,1219.699951171875,1220.5999755859375,32732
2026-08-13 13:05:00+05:30,1219.800048828125,1220.0,1219.5999755859375,1220.0,37651
2026-08-13 13:10:00+05:30,1220.0999755859375,1220.300048828125,1219.800048828125,1219.9000244140625,46357
2026-08-13 13:15:00+05:30,1219.300048828125,1221.199951171875,1219.199951171875,1220.199951171875,158912
2026-08-13 13:20:00+05:30,1219.199951171875,1220.0999755859375,1219.0999755859375,1219.199951171875,37348
2026-08-13 13:25:00+05:30,1218.9000244140625,1219.699951171875,1218.800048828125,1219.199951171875,53955
2026-08-13 13:30:00+05:30,1218.699951171875,1219.4000244140625,1218.300048828125,1219.0,83135
2026-08-13 13:35:00+05:30,1218.699951171875,1219.0999755859375,1218.5999755859375,1218.9000244140625,40477
2026-08-13 13:40:00+05:30,1219.699951171875,1219.9000244140625,1218.699951171875,1218.9000244140625,65562
2026-08-13 13:45:00+05:30,1219.4000244140625,1220.800048828125,1218.800048828125,1219.5,84169
2026-08-13 13:50:00+05:30,1219.699951171875,1219.9000244140625,1218.9000244140625,1219.5,51013
2026-08-13 13:55:00+05:30,1220.0,1220.5999755859375,1219.699951171875,1219.800048828125,61825
2026-08-13 14:00:00+05:30,1218.5999755859375,1220.4000244140625,1218.5999755859375,1220.0999755859375,34678
2026-08-13 14:05:00+05:30,1218.300048828125,1219.0999755859375,1218.300048828125,1218.699951171875,31290
2026-08-13 14:10:00+05:30,1218.0999755859375,1218.5999755859375,1217.5999755859375,1218.300048828125,49220
2026-08-13 14:15:00+05:30,1217.9000244140625,1218.0999755859375,1217.5,1218.0,59042
2026-08-13 14:20:00+05:30,1217.5999755859375,1218.0,1217.5,1217.9000244140625,140052
2026-08-13 14:25:00+05:30,1217.5,1217.9000244140625,1217.0999755859375,1217.5,80962
2026-08-13 14:30:00+05:30,1217.800048828125,1218.4000244140625,1217.5,1217.5,80099
2026-08-13 14:35:00+05:30,1217.699951171875,1218.0,1217.4000244140625,1217.699951171875,88431
2026-08-13 14:40:00+05:30,1218.199951171875,1218.9000244140625,1217.699951171875,1217.800048828125,91698
2026-08-13 14:45:00+05:30,1219.0999755859375,1219.4000244140625,1218.0999755859375,1218.199951171875,64679
2026-08-13 14:50:00+05:30,1219.199951171875,1220.9000244140625,1219.0,1219.0999755859375,320051
2026-08-13 14:55:00+05:30,1218.800048828125,1219.800048828125,1218.5,1219.4000244140625,91329
2026-08-13 15:00:00+05:30,1219.9000244140625,1221.800048828125,1218.5999755859375,1218.699951171875,306875
2026-08-13 15:05:00+05:30,1219.800048828125,1220.300048828125,1218.9000244140625,1219.800048828125,145498
2026-08-13 15:10:00+05:30,1221.5,1221.9000244140625,1219.0,1219.800048828125,139357
2026-08-13 15:15:00+05:30,1221.800048828125,1221.800048828125,1221.5,1221.5,161773
2026-08-14 09:15:00+05:30,1214.699951171875,1217.199951171875,1212.800048828125,1217.199951171875,0
2026-08-14 09:20:00+05:30,1214.300048828125,1215.0,1213.0999755859375,1214.5999755859375,203162
2026-08-14 09:25:00+05:30,1210.300048828125,1213.199951171875,1210.0999755859375,1213.199951171875,183578
2026-08-14 09:30:00+05:30,1209.5999755859375,1210.800048828125,1209.5999755859375,1210.300048828125,142366
2026-08-14 09:35:00+05:30,1211.0,1211.4000244140625,1209.5999755859375,1209.5999755859375,313711
2026-08-14 09:40:00+05:30,1212.0999755859375,1213.800048828125,1210.300048828125,1211.0,161882
2026-08-14 09:45:00+05:30,1212.0,1213.0,1211.199951171875,1212.0,186392
2026-08-14 09:50:00+05:30,1211.800048828125,1212.5,1211.699951171875,1211.699951171875,75978
2026-08-14 09:55:00+05:30,1211.9000244140625,1212.0,1211.5999755859375,1211.800048828125,61130
2026-08-14 10:00:00+05:30,1212.5,1212.5999755859375,1211.5999755859375,1211.800048828125,98031
2026-08-14 10:05:00+05:30,1212.9000244140625,1213.0999755859375,1212.0999755859375,1212.5999755859375,74306
2026-08-14 10:10:00+05:30,1211.5999755859375,1213.800048828125,1211.5,1212.800048828125,95862
2026-08-14 10:15:00+05:30,1210.5,1211.800048828125,1210.4000244140625,1211.699951171875,63660
2026-08-14 10:20:00+05:30,1210.699951171875,1210.9000244140625,1210.4000244140625,1210.5,75840
2026-08-14 10:25:00+05:30,1210.699951171875,1210.9000244140625,1210.300048828125,1210.699951171875,31945
2026-08-14 10:30:00+05:30,1208.800048828125,1211.0999755859375,1208.800048828125,1210.800048828125,91628
2026-08-14 10:35:00+05:30,1209.800048828125,1210.4000244140625,1209.0,1209.300048828125,80108
2026-08-14 10:40:00+05:30,1209.5999755859375,1210.199951171875,1209.5999755859375,1209.800048828125,27350
2026-08-14 10:45:00+05:30,1211.800048828125,1211.800048828125,1209.5999755859375,1209.5999755859375,60242
2026-08-14 10:50:00+05:30,1212.5999755859375,1212.5999755859375,1211.5,1212.0,56510
2026-08-14 10:55:00+05:30,1211.5999755859375,1212.199951171875,1211.4000244140625,1212.0,27090
2026-08-14 11:00:00+05:30,1211.4000244140625,1211.5999755859375,1211.0,1211.5999755859375,23952
2026-08-14 11:05:00+05:30,1211.0999755859375,1211.300048828125,1211.0,1211.300048828125,27607
2026-08-14 11:10:00+05:30,1211.199951171875,1212.300048828125,1211.0999755859375,1211.300048828125,57948
2026-08-14 11:15:00+05:30,1211.300048828125,1211.4000244140625,1211.0999755859375,1211.199951171875,17919
2026-08-14 11:20:00+05:30,1212.300048828125,1212.699951171875,1211.800048828125,1212.699951171875,74631
2026-08-14 11:25:00+05:30,1210.800048828125,1212.4000244140625,1210.800048828125,1212.199951171875,28233
2026-08-14 11:30:00+05:30,1211.5999755859375,1211.800048828125,1210.199951171875,1210.800048828125,51418
2026-08-14 11:35:00+05:30,1210.9000244140625,1212.0999755859375,1210.0,1211.699951171875,40865
2026-08-14 11:40:00+05:30,1210.5,1211.300048828125,1210.5,1210.9000244140625,22439
2026-08-14 11:45:00+05:30,1210.5999755859375,1211.0,1210.199951171875,1210.5,17783
2026-08-14 11:50:00+05:30,1210.5999755859375,1211.4000244140625,1210.199951171875,1210.699951171875,38571
2026-08-14 11:55:00+05:30,1211.0999755859375,1211.199951171875,1210.5,1210.5999755859375,20082
2026-08-14 12:00:00+05:30,1210.9000244140625,1211.5,1210.9000244140625,1211.0999755859375,13652
2026-08-14 12:05:00+05:30,1212.800048828125,1213.4000244140625,1211.199951171875,1211.199951171875,61033
2026-08-14 12:10:00+05:30,1213.199951171875,1213.699951171875,1212.5999755859375,1212.800048828125,37786
2026-08-14 12:15:00+05:30,1214.199951171875,1214.300048828125,1213.0999755859375,1213.4000244140625,43270
2026-08-14 12:20:00+05:30,1214.4000244140625,1214.9000244140625,1214.0,1214.199951171875,33532
2026-08-14 12:25:00+05:30,1214.199951171875,1215.0,1214.0,1214.4000244140625,26857
2026-08-14 12:30:00+05:30,1214.4000244140625,1214.5,1213.300048828125,1214.4000244140625,44940
2026-08-14 12:35:00+05:30,1213.5,1214.699951171875,1213.199951171875,1214.300048828125,32865
2026-08-14 12:40:00+05:30,1212.699951171875,1213.9000244140625,1212.5,1213.5,37846
2026-08-14 12:45:00+05:30,1213.199951171875,1213.5,1212.4000244140625,1212.5999755859375,46391
2026-08-14 12:50:00+05:30,1213.9000244140625,1213.9000244140625,1212.9000244140625,1213.300048828125,27536
2026-08-14 12:55:00+05:30,1214.5999755859375,1214.800048828125,1214.0999755859375,1214.199951171875,32744
2026-08-14 13:00:00+05:30,1214.4000244140625,1215.199951171875,1214.300048828125,1214.5999755859375,48312
2026-08-14 13:05:00+05:30,1214.5,1215.0,1213.800048828125,1214.4000244140625,39658
2026-08-14 13:10:00+05:30,1214.9000244140625,1215.300048828125,1214.4000244140625,1214.5,36249
2026-08-14 13:15:00+05:30,1214.0,1215.199951171875,1213.4000244140625,1214.9000244140625,41452
2026-08-14 13:20:00+05:30,1215.4000244140625,1215.4000244140625,1214.0,1214.0,45974
2026-08-14 13:25:00+05:30,1215.0,1215.699951171875,1214.5,1215.0,42437
2026-08-14 13:30:00+05:30,1214.5,1215.199951171875,1214.300048828125,1214.800048828125,28204
2026-08-14 13:35:00+05:30,1215.199951171875,1215.300048828125,1214.300048828125,1214.300048828125,39822
2026-08-14 13:40:00+05:30,1216.0,1216.300048828125,1215.0,1215.199951171875,45530
2026-08-14 13:45:00+05:30,1216.5,1218.0999755859375,1215.9000244140625,1216.0,79975
2026-08-14 13:50:00+05:30,1216.199951171875,1216.800048828125,1216.0,1216.300048828125,27541
2026-08-14 13:55:00+05:30,1216.699951171875,1217.5,1215.699951171875,1216.5999755859375,55169
2026-08-14 14:00:00+05:30,1217.4000244140625,1217.699951171875,1216.5,1216.5999755859375,46486
2026-08-14 14:05:00+05:30,1216.5999755859375,1217.699951171875,1216.0,1217.300048828125,84558
2026-08-14 14:10:00+05:30,1216.199951171875,1217.0,1216.0,1217.0,46976
2026-08-14 14:15:00+05:30,1216.5,1217.300048828125,1216.199951171875,1216.199951171875,44315
2026-08-14 14:20:00+05:30,1215.0999755859375,1216.5999755859375,1214.5999755859375,1216.5999755859375,87812
2026-08-14 14:25:00+05:30,1215.199951171875,1215.699951171875,1214.5,1215.300048828125,61940
2026-08-14 14:30:00+05:30,1216.0999755859375,1216.300048828125,1214.800048828125,1215.199951171875,56804
2026-08-14 14:35:00+05:30,1215.5,1217.0,1215.0,1216.199951171875,227996
2026-08-14 14:40:00+05:30,1217.199951171875,1218.300048828125,1215.199951171875,1215.5,93308
2026-08-14 14:45:00+05:30,1215.5999755859375,1217.4000244140625,1215.5999755859375,1217.199951171875,76418
2026-08-14 14:50:00+05:30,1216.300048828125,1216.699951171875,1215.5999755859375,1215.699951171875,84285
2026-08-14 14:55:00+05:30,1216.4000244140625,1217.0,1215.5999755859375,1216.4000244140625,134107
2026-08-14 15:00:00+05:30,1217.0999755859375,1217.199951171875,1216.0999755859375,1216.300048828125,114239
2026-08-14 15:05:00+05:30,1217.9000244140625,1218.5999755859375,1216.4000244140625,1216.4000244140625,208985
2026-08-14 15:10:00+05:30,1217.300048828125,1218.4000244140625,1217.0,1218.0,161703
2026-08-14 15:15:00+05:30,1217.4000244140625,1217.4000244140625,1216.0,1216.0,152170
2026-08-17 09:15:00+05:30,1221.0999755859375,1222.5999755859375,1217.9000244140625,1221.5,0
2026-08-17 09:20:00+05:30,1218.699951171875,1220.9000244140625,1217.0999755859375,1220.5,79202
2026-08-17 09:25:00+05:30,1217.5999755859375,1219.5,1217.0,1218.699951171875,56337
2026-08-17 09:30:00+05:30,1214.5999755859375,1217.4000244140625,1214.0,1217.4000244140625,88749
2026-08-17 09:35:00+05:30,1215.699951171875,1216.0999755859375,1214.199951171875,1214.199951171875,91371
2026-08-17 09:40:00+05:30,1222.5,1227.0999755859375,1216.4000244140625,1216.4000244140625,248876
2026-08-17 09:45:00+05:30,1222.9000244140625,1224.199951171875,1221.0999755859375,1222.5,161980
2026-08-17 09:50:00+05:30,1221.5,1222.800048828125,1221.0,1222.0,57143
2026-08-17 09:55:00+05:30,1223.5,1224.0999755859375,1220.5999755859375,1221.5999755859375,111305
2026-08-17 10:00:00+05:30,1225.0999755859375,1227.9000244140625,1222.5999755859375,1223.300048828125,159844
2026-08-17 10:05:00+05:30,1221.800048828125,1225.199951171875,1221.800048828125,1225.0999755859375,66672
2026-08-17 10:10:00+05:30,1220.699951171875,1222.300048828125,1219.5999755859375,1222.0,94882
2026-08-17 10:15:00+05:30,1216.5999755859375,1220.4000244140625,1216.300048828125,1220.4000244140625,100662
2026-08-17 10:20:00+05:30,1215.0,1216.800048828125,1215.0,1216.5,61226
2026-08-17 10:25:00+05:30,1215.199951171875,1215.9000244140625,1214.5,1214.5,44313
2026-08-17 10:30:00+05:30,1215.0,1215.5,1214.699951171875,1215.0,40060
2026-08-17 10:35:00+05:30,1214.699951171875,1215.0999755859375,1214.5,1215.0999755859375,37423
2026-08-17 10:40:00+05:30,1215.199951171875,1216.0999755859375,1214.699951171875,1214.699951171875,61634
2026-08-17 10:45:00+05:30,1216.0,1216.800048828125,1214.800048828125,1215.300048828125,58194
2026-08-17 10:50:00+05:30,1215.699951171875,1216.699951171875,1215.4000244140625,1215.800048828125,59775
2026-08-17 10:55:00+05:30,1217.5999755859375,1218.199951171875,1215.0,1215.800048828125,105906
2026-08-17 11:00:00+05:30,1218.199951171875,1218.199951171875,1217.0,1217.300048828125,37880
2026-08-17 11:05:00+05:30,1217.5999755859375,1218.300048828125,1217.199951171875,1218.199951171875,31530
2026-08-17 11:10:00+05:30,1217.199951171875,1218.199951171875,1217.0,1217.9000244140625,36596
2026-08-17 11:15:00+05:30,1217.0,1217.5999755859375,1216.5999755859375,1217.199951171875,47597
2026-08-17 11:20:00+05:30,1216.300048828125,1217.4000244140625,1216.0,1216.9000244140625,38684
2026-08-17 11:25:00+05:30,1215.9000244140625,1216.800048828125,1215.699951171875,1216.4000244140625,34407
2026-08-17 11:30:00+05:30,1215.5999755859375,1216.699951171875,1215.4000244140625,1215.800048828125,37728
2026-08-17 11:35:00+05:30,1213.9000244140625,1216.0,1213.9000244140625,1215.5999755859375,107662
2026-08-17 11:40:00+05:30,1213.9000244140625,1214.5999755859375,1213.800048828125,1214.0999755859375,59138
2026-08-17 11:45:00+05:30,1214.5999755859375,1215.9000244140625,1213.5999755859375,1213.800048828125,106248
2026-08-17 11:50:00+05:30,1216.0999755859375,1217.5999755859375,1214.300048828125,1214.4000244140625,129482
2026-08-17 11:55:00+05:30,1217.199951171875,1217.199951171875,1214.9000244140625,1215.800048828125,76036
2026-08-17 12:00:00+05:30,1216.5,1217.699951171875,1216.5,1217.0,62341
2026-08-17 12:05:00+05:30,1215.4000244140625,1216.5999755859375,1215.4000244140625,1216.5999755859375,49321
2026-08-17 12:10:00+05:30,1217.0,1217.199951171875,1215.4000244140625,1215.5,70861
2026-08-17 12:15:00+05:30,1219.0999755859375,1219.9000244140625,1216.800048828125,1217.0,73324
2026-08-17 12:20:00+05:30,1219.0,1219.9000244140625,1218.5,1219.199951171875,110834
2026-08-17 12:25:00+05:30,1218.0,1219.199951171875,1218.0,1219.0,44675
2026-08-17 12:30:00+05:30,1221.800048828125,1222.0,1218.0,1218.0,104401
2026-08-17 12:35:00+05:30,1220.5,1222.199951171875,1220.199951171875,1221.699951171875,74689
2026-08-17 12:40:00+05:30,1221.9000244140625,1222.199951171875,1220.5,1220.5,51633
2026-08-17 12:45:00+05:30,1223.5,1224.0999755859375,1221.699951171875,1221.800048828125,69802
2026-08-17 12:50:00+05:30,1225.9000244140625,1226.0,1223.300048828125,1223.300048828125,75499
2026-08-17 12:55:00+05:30,1226.300048828125,1226.9000244140625,1225.800048828125,1225.9000244140625,75277
2026-08-17 13:00:00+05:30,1226.4000244140625,1227.9000244140625,1226.300048828125,1226.300048828125,74836
2026-08-17 13:05:00+05:30,1226.0,1227.9000244140625,1225.9000244140625,1226.4000244140625,58320
2026-08-17 13:10:00+05:30,1228.4000244140625,1228.5999755859375,1225.9000244140625,1226.0,68780
2026-08-17 13:15:00+05:30,1227.4000244140625,1228.800048828125,1227.0999755859375,1228.300048828125,60308
2026-08-17 13:20:00+05:30,1225.800048828125,1228.800048828125,1225.699951171875,1227.5999755859375,104901
2026-08-17 13:25:00+05:30,1228.0,1228.4000244140625,1225.5,1225.699951171875,60874
2026-08-17 13:30:00+05:30,1229.4000244140625,1229.4000244140625,1227.4000244140625,1228.0999755859375,60303
2026-08-17 13:35:00+05:30,1229.9000244140625,1230.0,1228.5999755859375,1229.0999755859375,59436
2026-08-17 13:40:00+05:30,1231.5999755859375,1232.0999755859375,1229.0,1229.9000244140625,135719
2026-08-17 13:45:00+05:30,1229.9000244140625,1231.800048828125,1229.699951171875,1231.5,53137
2026-08-17 13:50:00+05:30,1228.699951171875,1230.0,1228.5999755859375,1230.0,43162
2026-08-17 13:55:00+05:30,1230.199951171875,1230.4000244140625,1227.800048828125,1228.699951171875,66914
2026-08-17 14:00:00+05:30,1229.199951171875,1230.199951171875,1229.0,1230.199951171875,28201
2026-08-17 14:05:00+05:30,1229.0,1229.4000244140625,1228.9000244140625,1229.0,22406
2026-08-17 14:10:00+05:30,1229.699951171875,1229.9000244140625,1228.800048828125,1228.9000244140625,35307
2026-08-17 14:15:00+05:30,1230.800048828125,1231.4000244140625,1229.300048828125,1229.5999755859375,49967
2026-08-17 14:20:00+05:30,1230.5999755859375,1231.0999755859375,1229.5999755859375,1230.5999755859375,73240
2026-08-17 14:25:00+05:30,1230.5999755859375,1231.0999755859375,1229.9000244140625,1230.5999755859375,39053
2026-08-17 14:30:00+05:30,1230.5999755859375,1230.9000244140625,1230.0,1230.4000244140625,35898
2026-08-17 14:35:00+05:30,1232.0999755859375,1232.5,1230.4000244140625,1230.699951171875,62256
2026-08-17 14:40:00+05:30,1234.4000244140625,1234.699951171875,1231.5,1232.0999755859375,105075
2026-08-17 14:45:00+05:30,1234.0,1235.0,1233.0999755859375,1234.5,91062
2026-08-17 14:50:00+05:30,1234.699951171875,1234.699951171875,1233.5,1234.0,88524
2026-08-17 14:55:00+05:30,1234.5999755859375,1235.0,1233.9000244140625,1234.699951171875,90146
2026-08-17 15:00:00+05:30,1232.0,1234.5999755859375,1231.199951171875,1234.5999755859375,156853
2026-08-17 15:05:00+05:30,1232.199951171875,1232.4000244140625,1230.0,1232.199951171875,315643
2026-08-17 15:10:00+05:30,1234.0,1234.699951171875,1231.5999755859375,1232.699951171875,237564
2026-08-17 15:15:00+05:30,1227.300048828125,1234.0,1227.300048828125,1234.0,154154
2026-08-18 09:15:00+05:30,1231.199951171875,1233.699951171875,1223.9000244140625,1223.9000244140625,0
2026-08-18 09:20:00+05:30,1231.0999755859375,1231.0999755859375,1229.300048828125,1231.0,38495
2026-08-18 09:25:00+05:30,1233.300048828125,1233.5999755859375,1230.699951171875,1231.0,40940
2026-08-18 09:30:00+05:30,1232.800048828125,1233.9000244140625,1231.5999755859375,1232.4000244140625,44657
2026-08-18 09:35:00+05:30,1235.5,1235.5,1233.0,1233.4000244140625,63293
2026-08-18 09:40:00+05:30,1235.699951171875,1236.9000244140625,1234.300048828125,1235.800048828125,62373
2026-08-18 09:45:00+05:30,1236.0,1236.0,1234.199951171875,1235.4000244140625,29209
2026-08-18 09:50:00+05:30,1234.0999755859375,1235.699951171875,1233.9000244140625,1235.699951171875,24246
2026-08-18 09:55:00+05:30,1233.199951171875,1235.0,1233.0999755859375,1235.0,36470
2026-08-18 10:00:00+05:30,1233.699951171875,1234.0,1232.0999755859375,1233.5,52685
2026-08-18 10:05:00+05:30,1233.9000244140625,1235.699951171875,1233.9000244140625,1234.0,55854
2026-08-18 10:10:00+05:30,1234.300048828125,1234.300048828125,1233.5,1233.9000244140625,15220
2026-08-18 10:15:00+05:30,1233.4000244140625,1234.300048828125,1232.800048828125,1234.300048828125,28130
2026-08-18 10:20:00+05:30,1234.4000244140625,1234.4000244140625,1233.0999755859375,1233.5,26282
2026-08-18 10:25:00+05:30,1236.800048828125,1237.0,1233.5,1234.5,44367
2026-08-18 10:30:00+05:30,1238.0,1238.0999755859375,1235.699951171875,1236.199951171875,74811
2026-08-18 10:35:00+05:30,1237.300048828125,1238.199951171875,1236.9000244140625,1238.0,29229
2026-08-18 10:40:00+05:30,1235.699951171875,1237.300048828125,1235.0,1237.0,37811
2026-08-18 10:45:00+05:30,1235.5999755859375,1236.0999755859375,1234.5,1235.699951171875,32755
2026-08-18 10:50:00+05:30,1234.9000244140625,1235.9000244140625,1233.300048828125,1235.9000244140625,45324
2026-08-18 10:55:00+05:30,1236.0,1236.300048828125,1234.5999755859375,1235.5999755859375,30500
2026-08-18 11:00:00+05:30,1236.800048828125,1236.800048828125,1235.0,1235.5,36623
2026-08-18 11:05:00+05:30,1238.0999755859375,1238.4000244140625,1236.0,1236.9000244140625,40209
2026-08-18 11:10:00+05:30,1238.5,1238.699951171875,1236.9000244140625,1238.199951171875,39530
2026-08-18 11:15:00+05:30,1236.4000244140625,1239.0,1236.4000244140625,1238.199951171875,66330
2026-08-18 11:20:00+05:30,1237.5999755859375,1237.5999755859375,1236.0,1236.300048828125,44089
2026-08-18 11:25:00+05:30,1236.800048828125,1238.699951171875,1236.699951171875,1237.5999755859375,66299
2026-08-18 11:30:00+05:30,1236.699951171875,1237.0,1236.0,1236.9000244140625,35529
2026-08-18 11:35:00+05:30,1239.5999755859375,1240.0,1236.5,1236.5999755859375,128369
2026-08-18 11:40:00+05:30,1239.5,1239.699951171875,1238.0,1239.0999755859375,70320
2026-08-18 11:45:00+05:30,1239.199951171875,1239.800048828125,1238.9000244140625,1239.5,85058
2026-08-18 11:50:00+05:30,1238.800048828125,1239.5999755859375,1237.5999755859375,1239.0,65817
2026-08-18 11:55:00+05:30,1238.199951171875,1238.800048828125,1237.5999755859375,1238.800048828125,57185
2026-08-18 12:00:00+05:30,1239.5999755859375,1239.5999755859375,1237.9000244140625,1237.9000244140625,76536
2026-08-18 12:05:00+05:30,1239.4000244140625,1240.0,1239.4000244140625,1239.5999755859375,95303
2026-08-18 12:10:00+05:30,1238.5999755859375,1239.699951171875,1237.300048828125,1239.199951171875,94096
2026-08-18 12:15:00+05:30,1239.4000244140625,1239.5999755859375,1238.300048828125,1238.5,47446
2026-08-18 12:20:00+05:30,1239.0,1239.699951171875,1238.5999755859375,1239.5,50792
2026-08-18 12:25:00+05:30,1238.5,1239.5999755859375,1238.199951171875,1239.0,41020
2026-08-18 12:30:00+05:30,1238.5,1238.699951171875,1237.5,1238.4000244140625,35367
2026-08-18 12:35:00+05:30,1237.699951171875,1238.800048828125,1237.300048828125,1238.5,28454
2026-08-18 12:40:00+05:30,1236.5999755859375,1237.699951171875,1235.699951171875,1237.5999755859375,39386
2026-08-18 12:45:00+05:30,1237.699951171875,1238.0,1236.0999755859375,1236.5999755859375,41823
2026-08-18 12:50:00+05:30,1237.4000244140625,1238.0999755859375,1236.699951171875,1237.699951171875,29304
2026-08-18 12:55:00+05:30,1236.800048828125,1237.5,1236.5999755859375,1237.4000244140625,23713
2026-08-18 13:00:00+05:30,1237.199951171875,1237.199951171875,1236.0,1236.5999755859375,34921
2026-08-18 13:05:00+05:30,1237.0,1237.4000244140625,1236.0,1237.199951171875,37758
2026-08-18 13:10:00+05:30,1237.199951171875,1237.5999755859375,1236.800048828125,1237.0,43021
2026-08-18 13:15:00+05:30,1236.4000244140625,1237.199951171875,1236.199951171875,1236.800048828125,35594
2026-08-18 13:20:00+05:30,1236.300048828125,1236.9000244140625,1235.5999755859375,1236.800048828125,48203
2026-08-18 13:25:00+05:30,1236.5,1236.800048828125,1235.800048828125,1236.0999755859375,37713
2026-08-18 13:30:00+05:30,1236.199951171875,1236.699951171875,1236.0,1236.5999755859375,22978
2026-08-18 13:35:00+05:30,1237.5999755859375,1237.699951171875,1235.800048828125,1236.0,48466
2026-08-18 13:40:00+05:30,1237.5999755859375,1238.0,1237.300048828125,1237.5,42323
2026-08-18 13:45:00+05:30,1238.300048828125,1238.4000244140625,1237.300048828125,1237.800048828125,41952
2026-08-18 13:50:00+05:30,1238.0999755859375,1238.5,1237.4000244140625,1238.300048828125,39089
2026-08-18 13:55:00+05:30,1238.4000244140625,1238.4000244140625,1237.699951171875,1238.0999755859375,38647
2026-08-18 14:00:00+05:30,1247.4000244140625,1248.0,1238.300048828125,1238.300048828125,359809
2026-08-18 14:05:00+05:30,1246.0,1249.9000244140625,1246.0,1247.4000244140625,186028
2026-08-18 14:10:00+05:30,1245.9000244140625,1247.9000244140625,1245.699951171875,1245.9000244140625,51675
2026-08-18 14:15:00+05:30,1244.0,1246.0,1243.0999755859375,1245.699951171875,59434
2026-08-18 14:20:00+05:30,1245.4000244140625,1245.5999755859375,1243.5999755859375,1244.0,121562
2026-08-18 14:25:00+05:30,1243.5,1245.4000244140625,1242.800048828125,1245.4000244140625,169715
2026-08-18 14:30:00+05:30,1244.699951171875,1245.0,1243.300048828125,1243.5,69541
2026-08-18 14:35:00+05:30,1244.199951171875,1244.9000244140625,1243.0,1244.5999755859375,59735
2026-08-18 14:40:00+05:30,1246.699951171875,1247.0,1243.699951171875,1244.300048828125,140286
2026-08-18 14:45:00+05:30,1247.0,1247.9000244140625,1245.9000244140625,1246.699951171875,74520
2026-08-18 14:50:00+05:30,1246.699951171875,1247.5999755859375,1246.300048828125,1247.4000244140625,80193
2026-08-18 14:55:00+05:30,1248.300048828125,1248.300048828125,1246.5,1246.699951171875,103757
2026-08-18 15:00:00+05:30,1246.699951171875,1248.9000244140625,1246.699951171875,1248.0999755859375,106609
2026-08-18 15:05:00+05:30,1246.300048828125,1246.699951171875,1245.699951171875,1246.699951171875,152404
2026-08-18 15:10:00+05:30,1246.0999755859375,1246.800048828125,1245.5999755859375,1246.300048828125,188727
2026-08-18 15:15:00+05:30,1243.0,1245.0,1243.0,1245.0,260695
2026-08-19 09:15:00+05:30,1239.699951171875,1242.0,1236.5999755859375,1242.0,0
2026-08-19 09:20:00+05:30,1238.0,1240.300048828125,1237.4000244140625,1239.5,75261
2026-08-19 09:25:00+05:30,1234.5,1238.4000244140625,1234.300048828125,1238.199951171875,60510
2026-08-19 09:30:00+05:30,1231.5,1235.0,1231.0999755859375,1234.699951171875,78470
2026-08-19 09:35:00+05:30,1233.0,1233.0,1229.800048828125,1232.0,53216
2026-08-19 09:40:00+05:30,1234.0,1234.699951171875,1231.9000244140625,1233.199951171875,71282
2026-08-19 09:45:00+05:30,1235.9000244140625,1236.0,1233.699951171875,1234.300048828125,54205
2026-08-19 09:50:00+05:30,1238.0999755859375,1238.5999755859375,1235.699951171875,1235.9000244140625,75052
2026-08-19 09:55:00+05:30,1236.699951171875,1238.9000244140625,1235.0,1238.199951171875,49755
2026-08-19 10:00:00+05:30,1236.5,1237.5999755859375,1236.199951171875,1236.9000244140625,9351
2026-08-19 10:05:00+05:30,1236.4000244140625,1236.699951171875,1236.0999755859375,1236.5999755859375,7852
2026-08-19 10:10:00+05:30,1235.0,1236.9000244140625,1235.0,1236.0999755859375,15773
2026-08-19 10:15:00+05:30,1233.5999755859375,1235.0999755859375,1233.0,1235.0999755859375,27903
2026-08-19 10:20:00+05:30,1234.0,1234.4000244140625,1233.0,1233.5999755859375,12449
2026-08-19 10:25:00+05:30,1234.0999755859375,1234.5,1233.699951171875,1234.199951171875,8689
2026-08-19 10:30:00+05:30,1235.0,1235.699951171875,1233.800048828125,1234.0999755859375,15915
2026-08-19 10:35:00+05:30,1235.0999755859375,1236.0,1234.5999755859375,1235.0,12616
2026-08-19 10:40:00+05:30,1234.5,1235.4000244140625,1234.0999755859375,1235.0,21072
2026-08-19 10:45:00+05:30,1233.5,1234.4000244140625,1233.300048828125,1234.4000244140625,10289
2026-08-19 10:50:00+05:30,1234.5999755859375,1234.699951171875,1233.5,1233.9000244140625,7395
2026-08-19 10:55:00+05:30,1234.4000244140625,1234.9000244140625,1234.0,1234.5999755859375,6780
2026-08-19 11:00:00+05:30,1232.4000244140625,1234.4000244140625,1232.300048828125,1234.4000244140625,27603
2026-08-19 11:05:00+05:30,1231.4000244140625,1232.800048828125,1230.800048828125,1232.4000244140625,29205
2026-08-19 11:10:00+05:30,1231.0,1231.800048828125,1231.0,1231.5,8079
2026-08-19 11:15:00+05:30,1231.5999755859375,1231.800048828125,1230.300048828125,1231.4000244140625,20099
2026-08-19 11:20:00+05:30,1232.300048828125,1232.5999755859375,1231.300048828125,1231.4000244140625,24936
2026-08-19 11:25:00+05:30,1231.4000244140625,1232.199951171875,1231.0999755859375,1232.0999755859375,14639
2026-08-19 11:30:00+05:30,1232.199951171875,1232.800048828125,1231.5999755859375,1232.0999755859375,22245
2026-08-19 11:35:00+05:30,1231.800048828125,1232.300048828125,1231.199951171875,1232.199951171875,27198
2026-08-19 11:40:00+05:30,1231.0999755859375,1231.800048828125,1230.800048828125,1231.300048828125,7561
2026-08-19 11:45:00+05:30,1231.699951171875,1231.800048828125,1230.5999755859375,1231.0999755859375,15027
2026-08-19 11:50:00+05:30,1231.800048828125,1232.800048828125,1231.0,1231.5999755859375,17960
2026-08-19 11:55:00+05:30,1230.699951171875,1232.0,1230.699951171875,1231.9000244140625,10068
2026-08-19 12:00:00+05:30,1227.699951171875,1231.0,1227.4000244140625,1231.0,52957
2026-08-19 12:05:00+05:30,1226.5999755859375,1228.5,1226.4000244140625,1228.0,39105
2026-08-19 12:10:00+05:30,1226.699951171875,1227.300048828125,1226.5,1226.5999755859375,14829
2026-08-19 12:15:00+05:30,1227.300048828125,1227.300048828125,1226.300048828125,1226.5999755859375,11997
2026-08-19 12:20:00+05:30,1227.5999755859375,1227.5999755859375,1226.5999755859375,1227.199951171875,11990
2026-08-19 12:25:00+05:30,1227.5,1227.699951171875,1227.0,1227.699951171875,7444
2026-08-19 12:30:00+05:30,1226.5999755859375,1227.5,1226.300048828125,1227.5,9554
2026-08-19 12:35:00+05:30,1224.699951171875,1227.5,1224.0999755859375,1226.9000244140625,87304
2026-08-19 12:40:00+05:30,1225.4000244140625,1226.199951171875,1225.0,1225.300048828125,17629
2026-08-19 12:45:00+05:30,1224.9000244140625,1225.800048828125,1224.699951171875,1225.800048828125,24843
2026-08-19 12:50:00+05:30,1227.0999755859375,1227.300048828125,1224.800048828125,1224.9000244140625,26896
2026-08-19 12:55:00+05:30,1227.5,1227.5999755859375,1227.0,1227.0999755859375,14832
2026-08-19 13:00:00+05:30,1227.0,1227.5,1226.4000244140625,1227.5,32464
2026-08-19 13:05:00+05:30,1228.9000244140625,1228.9000244140625,1226.5999755859375,1226.800048828125,123403
2026-08-19 13:10:00+05:30,1227.0,1229.0999755859375,1226.9000244140625,1228.800048828125,31305
2026-08-19 13:15:00+05:30,1226.300048828125,1227.9000244140625,1226.300048828125,1227.0,24609
2026-08-19 13:20:00+05:30,1226.0999755859375,1226.5,1225.699951171875,1226.300048828125,24001
2026-08-19 13:25:00+05:30,1226.0,1226.5,1226.0,1226.0,15958
2026-08-19 13:30:00+05:30,1226.300048828125,1226.5,1225.9000244140625,1226.199951171875,12018
2026-08-19 13:35:00+05:30,1227.5,1228.0,1226.300048828125,1226.5,16115
2026-08-19 13:40:00+05:30,1227.4000244140625,1228.0,1227.4000244140625,1227.9000244140625,19820
2026-08-19 13:45:00+05:30,1227.800048828125,1228.0,1227.4000244140625,1227.5999755859375,14169
2026-08-19 13:50:00+05:30,1230.300048828125,1230.800048828125,1227.5,1227.800048828125,278607
2026-08-19 13:55:00+05:30,1230.4000244140625,1230.9000244140625,1230.0,1230.300048828125,18612
2026-08-19 14:00:00+05:30,1234.0,1234.199951171875,1230.199951171875,1230.5,45991
2026-08-19 14:05:00+05:30,1233.9000244140625,1234.4000244140625,1233.5,1234.0,27057
2026-08-19 14:10:00+05:30,1233.699951171875,1234.0,1233.5,1233.9000244140625,30888
2026-08-19 14:15:00+05:30,1231.4000244140625,1234.0,1231.199951171875,1234.0,42140
2026-08-19 14:20:00+05:30,1232.199951171875,1232.800048828125,1231.199951171875,1231.4000244140625,25745
2026-08-19 14:25:00+05:30,1235.5,1236.4000244140625,1232.300048828125,1232.4000244140625,233654
2026-08-19 14:30:00+05:30,1235.300048828125,1236.5,1235.0999755859375,1235.800048828125,29547
2026-08-19 14:35:00+05:30,1235.5,1239.0,1235.0999755859375,1235.5,46583
2026-08-19 14:40:00+05:30,1236.5,1237.0,1235.0999755859375,1235.5,71204
2026-08-19 14:45:00+05:30,1236.0,1237.0999755859375,1235.199951171875,1236.800048828125,21966
2026-08-19 14:50:00+05:30,1237.0,1237.300048828125,1235.800048828125,1236.199951171875,55174
2026-08-19 14:55:00+05:30,1236.9000244140625,1237.300048828125,1236.199951171875,1237.0,48712
2026-08-19 15:00:00+05:30,1236.800048828125,1237.199951171875,1236.699951171875,1237.0,33043
2026-08-19 15:05:00+05:30,1236.4000244140625,1237.0,1236.0,1236.800048828125,48873
2026-08-19 15:10:00+05:30,1235.9000244140625,1236.9000244140625,1235.5999755859375,1236.800048828125,92299
2026-08-19 15:15:00+05:30,1235.0,1236.0,1235.0,1236.0,183252
2026-08-20 09:15:00+05:30,1243.199951171875,1244.800048828125,1237.0,1237.0,0
2026-08-20 09:20:00+05:30,1242.199951171875,1243.5999755859375,1241.199951171875,1243.0999755859375,67058
2026-08-20 09:25:00+05:30,1244.699951171875,1244.699951171875,1242.199951171875,1242.199951171875,53362
2026-08-20 09:30:00+05:30,1244.199951171875,1245.699951171875,1244.0,1245.5,75855
2026-08-20 09:35:00+05:30,1247.300048828125,1247.300048828125,1244.0999755859375,1244.0999755859375,65106
2026-08-20 09:40:00+05:30,1251.0,1251.5999755859375,1247.300048828125,1247.300048828125,92902
2026-08-20 09:45:00+05:30,1250.5,1251.699951171875,1249.5999755859375,1251.5999755859375,98313
2026-08-20 09:50:00+05:30,1251.300048828125,1252.300048828125,1249.800048828125,1250.5,92105
2026-08-20 09:55:00+05:30,1252.300048828125,1253.5,1251.300048828125,1251.300048828125,89759
2026-08-20 10:00:00+05:30,1251.4000244140625,1252.4000244140625,1250.800048828125,1252.199951171875,62250
2026-08-20 10:05:00+05:30,1251.9000244140625,1253.300048828125,1251.0,1251.300048828125,105924
2026-08-20 10:10:00+05:30,1252.5999755859375,1252.9000244140625,1251.9000244140625,1252.0999755859375,52470
2026-08-20 10:15:00+05:30,1251.300048828125,1253.199951171875,1251.0,1253.0,73686
2026-08-20 10:20:00+05:30,1250.0,1251.5999755859375,1249.4000244140625,1251.199951171875,53243
2026-08-20 10:25:00+05:30,1249.5,1251.0,1249.5,1250.0,78845
2026-08-20 10:30:00+05:30,1248.0,1250.0,1248.0,1249.5999755859375,47237
2026-08-20 10:35:00+05:30,1250.9000244140625,1251.699951171875,1247.800048828125,1248.0,113097
2026-08-20 10:40:00+05:30,1252.0,1252.5,1250.5999755859375,1251.0,58036
2026-08-20 10:45:00+05:30,1251.4000244140625,1252.5,1250.5999755859375,1252.5,42148
2026-08-20 10:50:00+05:30,1250.5,1251.4000244140625,1250.0999755859375,1251.4000244140625,32270
2026-08-20 10:55:00+05:30,1250.0,1250.5,1249.800048828125,1250.5,32229
2026-08-20 11:00:00+05:30,1250.0,1250.4000244140625,1249.4000244140625,1249.9000244140625,30956
2026-08-20 11:05:00+05:30,1250.199951171875,1250.5,1249.9000244140625,1250.0,24406
2026-08-20 11:10:00+05:30,1249.699951171875,1250.300048828125,1249.5999755859375,1250.0,28120
2026-08-20 11:15:00+05:30,1249.5999755859375,1250.9000244140625,1249.5,1250.0,27674
2026-08-20 11:20:00+05:30,1249.5999755859375,1250.0999755859375,1249.5,1249.5999755859375,20899
2026-08-20 11:25:00+05:30,1250.0999755859375,1250.4000244140625,1249.5,1249.699951171875,25805
2026-08-20 11:30:00+05:30,1250.9000244140625,1251.0,1249.800048828125,1250.0,31502
2026-08-20 11:35:00+05:30,1250.199951171875,1251.300048828125,1250.0,1250.800048828125,32979
2026-08-20 11:40:00+05:30,1250.0,1250.4000244140625,1249.800048828125,1250.199951171875,17477
2026-08-20 11:45:00+05:30,1250.199951171875,1250.5999755859375,1249.5999755859375,1250.0999755859375,32297
2026-08-20 11:50:00+05:30,1250.300048828125,1250.5,1249.5999755859375,1250.199951171875,29786
2026-08-20 11:55:00+05:30,1250.9000244140625,1251.0999755859375,1250.0,1250.4000244140625,31850
2026-08-20 12:00:00+05:30,1249.9000244140625,1250.9000244140625,1249.9000244140625,1250.9000244140625,25037
2026-08-20 12:05:00+05:30,1250.0,1250.5,1250.0,1250.4000244140625,26211
2026-08-20 12:10:00+05:30,1250.0,1250.300048828125,1249.5,1250.199951171875,24543
2026-08-20 12:15:00+05:30,1249.5999755859375,1250.0999755859375,1249.199951171875,1250.0,98310
2026-08-20 12:20:00+05:30,1249.199951171875,1249.800048828125,1248.800048828125,1249.5999755859375,35913
2026-08-20 12:25:00+05:30,1248.5999755859375,1249.199951171875,1248.0,1248.800048828125,35489
2026-08-20 12:30:00+05:30,1247.800048828125,1248.699951171875,1247.5,1248.5,54178
2026-08-20 12:35:00+05:30,1248.9000244140625,1248.9000244140625,1247.0999755859375,1247.9000244140625,131130
2026-08-20 12:40:00+05:30,1249.300048828125,1249.300048828125,1248.5,1248.800048828125,33695
2026-08-20 12:45:00+05:30,1250.0,1250.0,1248.5,1249.199951171875,44533
2026-08-20 12:50:00+05:30,1249.5,1250.300048828125,1249.0999755859375,1250.0,88936
2026-08-20 12:55:00+05:30,1249.800048828125,1250.300048828125,1248.9000244140625,1249.5,104158
2026-08-20 13:00:00+05:30,1249.199951171875,1250.0,1248.800048828125,1250.0,23061
2026-08-20 13:05:00+05:30,1248.699951171875,1249.5999755859375,1248.0999755859375,1249.199951171875,43686
2026-08-20 13:10:00+05:30,1247.5999755859375,1249.5,1247.4000244140625,1248.699951171875,50485
2026-08-20 13:15:00+05:30,1248.300048828125,1250.0,1247.5,1247.5,51702
2026-08-20 13:20:00+05:30,1249.0999755859375,1249.0999755859375,1247.5999755859375,1248.300048828125,31285
2026-08-20 13:25:00+05:30,1248.4000244140625,1249.199951171875,1248.0,1249.199951171875,24986
2026-08-20 13:30:00+05:30,1247.199951171875,1248.4000244140625,1246.5,1248.4000244140625,29588
2026-08-20 13:35:00+05:30,1246.0,1247.199951171875,1245.9000244140625,1247.0,27534
2026-08-20 13:40:00+05:30,1245.9000244140625,1246.0,1245.699951171875,1246.0,51134
2026-08-20 13:45:00+05:30,1247.0999755859375,1247.9000244140625,1245.9000244140625,1245.9000244140625,113399
2026-08-20 13:50:00+05:30,1246.4000244140625,1247.4000244140625,1246.199951171875,1247.4000244140625,24402
2026-08-20 13:55:00+05:30,1245.5999755859375,1246.800048828125,1245.0999755859375,1246.5,43586
2026-08-20 14:00:00+05:30,1245.5,1245.699951171875,1244.800048828125,1245.5999755859375,23793
2026-08-20 14:05:00+05:30,1245.5,1245.800048828125,1244.5999755859375,1245.300048828125,25965
2026-08-20 14:10:00+05:30,1245.800048828125,1246.4000244140625,1245.199951171875,1245.699951171875,50616
2026-08-20 14:15:00+05:30,1246.0,1246.0,1245.0,1245.9000244140625,36748
2026-08-20 14:20:00+05:30,1247.800048828125,1247.800048828125,1245.4000244140625,1246.0,132160
2026-08-20 14:25:00+05:30,1247.0999755859375,1247.9000244140625,1246.0,1247.9000244140625,38580
2026-08-20 14:30:00+05:30,1248.199951171875,1248.4000244140625,1247.0,1247.300048828125,45826
2026-08-20 14:35:00+05:30,1250.300048828125,1251.4000244140625,1248.0,1248.4000244140625,63933
2026-08-20 14:40:00+05:30,1248.9000244140625,1250.800048828125,1248.9000244140625,1249.9000244140625,27107
2026-08-20 14:45:00+05:30,1249.4000244140625,1249.5999755859375,1248.199951171875,1249.0999755859375,31171
2026-08-20 14:50:00+05:30,1247.800048828125,1249.5,1247.300048828125,1249.5,28817
2026-08-20 14:55:00+05:30,1248.699951171875,1249.0,1247.5,1247.800048828125,147086
2026-08-20 15:00:00+05:30,1248.0999755859375,1248.699951171875,1247.300048828125,1248.699951171875,67303
2026-08-20 15:05:00+05:30,1247.9000244140625,1248.0999755859375,1247.5,1248.0,83797
2026-08-20 15:10:00+05:30,1247.0999755859375,1247.9000244140625,1246.0,1247.5999755859375,112187
2026-08-20 15:15:00+05:30,1251.0,1251.0,1246.0,1246.0,150963
2026-08-21 09:15:00+05:30,1247.5,1250.5999755859375,1246.5,1250.5999755859375,0
2026-08-21 09:20:00+05:30,1247.300048828125,1247.300048828125,1245.4000244140625,1247.300048828125,108338
2026-08-21 09:25:00+05:30,1252.0,1252.300048828125,1247.300048828125,1247.300048828125,130288
2026-08-21 09:30:00+05:30,1250.0999755859375,1252.5,1250.0,1252.5,63015
2026-08-21 09:35:00+05:30,1254.0,1254.4000244140625,1250.0,1250.0,95963
2026-08-21 09:40:00+05:30,1253.0,1256.199951171875,1253.0,1253.800048828125,123159
2026-08-21 09:45:00+05:30,1252.9000244140625,1253.699951171875,1252.0,1253.0999755859375,63329
2026-08-21 09:50:00+05:30,1254.300048828125,1254.300048828125,1252.5999755859375,1252.699951171875,51682
2026-08-21 09:55:00+05:30,1252.4000244140625,1255.0,1252.199951171875,1253.9000244140625,49050
2026-08-21 10:00:00+05:30,1249.699951171875,1252.699951171875,1249.699951171875,1252.699951171875,51462
2026-08-21 10:05:00+05:30,1248.199951171875,1250.4000244140625,1248.0,1250.0,44896
2026-08-21 10:10:00+05:30,1248.5,1249.4000244140625,1247.5999755859375,1248.0,56880
2026-08-21 10:15:00+05:30,1248.5999755859375,1249.0,1248.0,1248.4000244140625,36688
2026-08-21 10:20:00+05:30,1251.0999755859375,1251.0999755859375,1248.0999755859375,1248.5,64225
2026-08-21 10:25:00+05:30,1250.4000244140625,1251.199951171875,1250.0,1251.0999755859375,33776
2026-08-21 10:30:00+05:30,1249.0999755859375,1250.4000244140625,1249.0999755859375,1250.199951171875,47815
2026-08-21 10:35:00+05:30,1249.0,1249.800048828125,1248.5,1249.5,35596
2026-08-21 10:40:00+05:30,1250.199951171875,1250.199951171875,1248.5,1248.9000244140625,46736
2026-08-21 10:45:00+05:30,1250.699951171875,1251.0,1249.699951171875,1250.199951171875,55645
2026-08-21 10:50:00+05:30,1250.9000244140625,1251.300048828125,1249.4000244140625,1250.5,72083
2026-08-21 10:55:00+05:30,1251.300048828125,1252.0,1249.4000244140625,1250.5,74702
2026-08-21 11:00:00+05:30,1251.0999755859375,1252.199951171875,1250.0999755859375,1251.300048828125,45318
2026-08-21 11:05:00+05:30,1248.699951171875,1251.199951171875,1248.699951171875,1251.0,45866
2026-08-21 11:10:00+05:30,1248.699951171875,1249.0999755859375,1248.0999755859375,1248.699951171875,35359
2026-08-21 11:15:00+05:30,1247.699951171875,1249.4000244140625,1247.699951171875,1248.9000244140625,49092
2026-08-21 11:20:00+05:30,1247.800048828125,1248.300048828125,1247.199951171875,1247.699951171875,30349
2026-08-21 11:25:00+05:30,1248.5,1248.9000244140625,1247.5,1248.0999755859375,29123
2026-08-21 11:30:00+05:30,1247.800048828125,1248.800048828125,1247.4000244140625,1248.5,23793
2026-08-21 11:35:00+05:30,1247.699951171875,1248.4000244140625,1247.4000244140625,1248.0,19741
2026-08-21 11:40:00+05:30,1246.800048828125,1247.800048828125,1246.300048828125,1247.800048828125,41170
2026-08-21 11:45:00+05:30,1245.199951171875,1247.0,1245.0999755859375,1247.0,31904
2026-08-21 11:50:00+05:30,1243.5999755859375,1246.5,1243.4000244140625,1245.699951171875,50283
2026-08-21 11:55:00+05:30,1244.199951171875,1244.5999755859375,1243.199951171875,1243.5999755859375,34173
2026-08-21 12:00:00+05:30,1243.300048828125,1245.5999755859375,1243.300048828125,1244.300048828125,32884
2026-08-21 12:05:00+05:30,1242.4000244140625,1244.300048828125,1241.800048828125,1243.0999755859375,40255
2026-08-21 12:10:00+05:30,1242.0999755859375,1242.699951171875,1242.0999755859375,1242.4000244140625,54066
2026-08-21 12:15:00+05:30,1243.0,1244.0999755859375,1241.800048828125,1242.5,86518
2026-08-21 12:20:00+05:30,1242.699951171875,1243.5999755859375,1242.699951171875,1243.0999755859375,32247
2026-08-21 12:25:00+05:30,1242.699951171875,1243.9000244140625,1242.5,1242.9000244140625,31496
2026-08-21 12:30:00+05:30,1243.699951171875,1243.9000244140625,1242.699951171875,1242.800048828125,38959
2026-08-21 12:35:00+05:30,1242.0,1244.300048828125,1240.5,1243.800048828125,67547
2026-08-21 12:40:00+05:30,1242.199951171875,1242.5999755859375,1240.4000244140625,1242.5999755859375,47560
2026-08-21 12:45:00+05:30,1241.800048828125,1242.5,1241.4000244140625,1242.199951171875,46925
2026-08-21 12:50:00+05:30,1241.699951171875,1242.9000244140625,1241.5,1241.9000244140625,42276
2026-08-21 12:55:00+05:30,1241.5,1242.199951171875,1241.0,1241.699951171875,59677
2026-08-21 13:00:00+05:30,1243.5,1243.5999755859375,1241.300048828125,1241.699951171875,47461
2026-08-21 13:05:00+05:30,1243.5,1243.5,1242.9000244140625,1243.199951171875,33320
2026-08-21 13:10:00+05:30,1243.0,1243.800048828125,1242.5,1243.4000244140625,38784
2026-08-21 13:15:00+05:30,1242.0999755859375,1243.5999755859375,1242.0999755859375,1243.0999755859375,37013
2026-08-21 13:20:00+05:30,1243.199951171875,1243.5,1242.0999755859375,1242.199951171875,41797
2026-08-21 13:25:00+05:30,1244.0999755859375,1244.199951171875,1242.5999755859375,1243.4000244140625,29199
2026-08-21 13:30:00+05:30,1242.9000244140625,1244.199951171875,1242.5,1244.199951171875,28593
2026-08-21 13:35:00+05:30,1243.199951171875,1243.5999755859375,1242.0999755859375,1242.9000244140625,43372
2026-08-21 13:40:00+05:30,1243.0,1243.5,1242.199951171875,1243.5,30117
2026-08-21 13:45:00+05:30,1242.5999755859375,1243.300048828125,1242.0,1243.0999755859375,53550
2026-08-21 13:50:00+05:30,1241.4000244140625,1242.699951171875,1241.300048828125,1242.4000244140625,32865
2026-08-21 13:55:00+05:30,1241.5,1242.0,1241.4000244140625,1241.4000244140625,25851
2026-08-21 14:00:00+05:30,1240.800048828125,1241.800048828125,1240.4000244140625,1241.5,53981
2026-08-21 14:05:00+05:30,1240.699951171875,1241.5999755859375,1240.4000244140625,1240.9000244140625,35471
2026-08-21 14:10:00+05:30,1241.0,1241.800048828125,1240.5,1240.800048828125,38115
2026-08-21 14:15:00+05:30,1241.300048828125,1242.199951171875,1240.5999755859375,1241.0,31544
2026-08-21 14:20:00+05:30,1241.199951171875,1242.0999755859375,1240.5999755859375,1241.5,30077
2026-08-21 14:25:00+05:30,1241.0,1241.800048828125,1240.9000244140625,1241.4000244140625,28223
2026-08-21 14:30:00+05:30,1241.4000244140625,1242.0999755859375,1241.300048828125,1241.300048828125,32195
2026-08-21 14:35:00+05:30,1241.0999755859375,1241.9000244140625,1240.800048828125,1241.300048828125,30567
2026-08-21 14:40:00+05:30,1242.199951171875,1242.199951171875,1241.0,1241.300048828125,31623
2026-08-21 14:45:00+05:30,1242.300048828125,1242.800048828125,1241.800048828125,1242.0999755859375,31668
2026-08-21 14:50:00+05:30,1242.5999755859375,1243.199951171875,1242.199951171875,1242.4000244140625,34415
2026-08-21 14:55:00+05:30,1243.4000244140625,1243.800048828125,1242.4000244140625,1242.5,48767
2026-08-21 15:00:00+05:30,1243.5,1243.5999755859375,1243.0999755859375,1243.4000244140625,52137
2026-08-21 15:05:00+05:30,1244.199951171875,1244.5999755859375,1243.0,1243.699951171875,63405
2026-08-21 15:10:00+05:30,1245.800048828125,1245.800048828125,1243.300048828125,1244.5,211338
2026-08-24 09:15:00+05:30,1246.5,1247.5999755859375,1243.699951171875,1246.199951171875,0
2026-08-24 09:20:00+05:30,1246.9000244140625,1247.0999755859375,1245.9000244140625,1246.5,34197
2026-08-24 09:25:00+05:30,1246.9000244140625,1248.5999755859375,1246.4000244140625,1246.9000244140625,19367
2026-08-24 09:30:00+05:30,1245.699951171875,1247.0999755859375,1245.199951171875,1247.0999755859375,22321
2026-08-24 09:35:00+05:30,1243.5,1246.0,1243.199951171875,1246.0,50979
2026-08-24 09:40:00+05:30,1240.4000244140625,1243.4000244140625,1240.4000244140625,1243.4000244140625,47677
2026-08-24 09:45:00+05:30,1241.0,1241.0,1239.5,1240.0,37313
2026-08-24 09:50:00+05:30,1240.300048828125,1241.0,1240.0,1240.9000244140625,25281
2026-08-24 09:55:00+05:30,1239.5,1240.199951171875,1238.9000244140625,1240.0,89702
2026-08-24 10:00:00+05:30,1239.5999755859375,1240.0999755859375,1239.0999755859375,1240.0,19280
2026-08-24 10:05:00+05:30,1239.699951171875,1239.9000244140625,1239.0999755859375,1239.300048828125,15538
2026-08-24 10:10:00+05:30,1238.9000244140625,1239.699951171875,1238.9000244140625,1239.300048828125,21043
2026-08-24 10:15:00+05:30,1240.5999755859375,1240.699951171875,1239.0,1239.0,32218
2026-08-24 10:20:00+05:30,1242.0999755859375,1242.0999755859375,1240.300048828125,1240.300048828125,34388
2026-08-24 10:25:00+05:30,1241.800048828125,1242.0999755859375,1241.0999755859375,1242.0999755859375,31048
2026-08-24 10:30:00+05:30,1240.300048828125,1241.9000244140625,1240.0,1241.800048828125,33849
2026-08-24 10:35:00+05:30,1240.0,1240.9000244140625,1240.0,1240.5,20019
2026-08-24 10:40:00+05:30,1239.800048828125,1240.300048828125,1239.300048828125,1239.800048828125,16472
2026-08-24 10:45:00+05:30,1239.9000244140625,1240.0,1239.300048828125,1239.300048828125,15497
2026-08-24 10:50:00+05:30,1239.9000244140625,1239.9000244140625,1239.0999755859375,1239.4000244140625,17018
2026-08-24 10:55:00+05:30,1238.199951171875,1239.9000244140625,1238.199951171875,1239.9000244140625,23051
2026-08-24 11:00:00+05:30,1237.4000244140625,1238.800048828125,1236.800048828125,1238.199951171875,36891
2026-08-24 11:05:00+05:30,1237.0,1237.5,1236.0,1237.4000244140625,30582
2026-08-24 11:10:00+05:30,1236.5999755859375,1237.0999755859375,1236.199951171875,1236.5,23083
2026-08-24 11:15:00+05:30,1236.300048828125,1236.5,1235.4000244140625,1236.199951171875,14163
2026-08-24 11:20:00+05:30,1235.5,1236.5,1235.0999755859375,1236.300048828125,58033
2026-08-24 11:25:00+05:30,1236.0,1236.699951171875,1235.199951171875,1235.5,26371
2026-08-24 11:30:00+05:30,1235.0,1236.0,1234.9000244140625,1236.0,34092
2026-08-24 11:35:00+05:30,1235.800048828125,1236.199951171875,1235.0,1235.300048828125,44035
2026-08-24 11:40:00+05:30,1234.199951171875,1236.300048828125,1234.199951171875,1235.5,33952
2026-08-24 11:45:00+05:30,1234.800048828125,1235.300048828125,1233.5,1234.300048828125,40141
2026-08-24 11:50:00+05:30,1233.699951171875,1235.0,1233.699951171875,1235.0,19615
2026-08-24 11:55:00+05:30,1232.4000244140625,1233.800048828125,1232.4000244140625,1233.5,34068
2026-08-24 12:00:00+05:30,1233.0,1233.5,1232.699951171875,1232.9000244140625,38393
2026-08-24 12:05:00+05:30,1233.300048828125,1233.5999755859375,1232.5,1233.0,36406
2026-08-24 12:10:00+05:30,1232.800048828125,1233.9000244140625,1232.699951171875,1233.300048828125,23263
2026-08-24 12:15:00+05:30,1233.800048828125,1234.5,1232.699951171875,1232.9000244140625,44114
2026-08-24 12:20:00+05:30,1233.9000244140625,1234.5,1233.300048828125,1234.0,43147
2026-08-24 12:25:00+05:30,1234.0999755859375,1234.800048828125,1233.699951171875,1233.9000244140625,45492
2026-08-24 12:30:00+05:30,1234.199951171875,1234.800048828125,1234.0,1234.0,27073
2026-08-24 12:35:00+05:30,1233.800048828125,1234.5,1233.800048828125,1234.199951171875,29130
2026-08-24 12:40:00+05:30,1232.9000244140625,1234.5,1232.800048828125,1234.0999755859375,28093
2026-08-24 12:45:00+05:30,1234.0999755859375,1234.5999755859375,1232.800048828125,1233.300048828125,37502
2026-08-24 12:50:00+05:30,1233.0,1234.0999755859375,1232.800048828125,1234.0999755859375,21290
2026-08-24 12:55:00+05:30,1233.9000244140625,1234.0999755859375,1232.800048828125,1233.0,23676
2026-08-24 13:00:00+05:30,1233.300048828125,1234.5999755859375,1232.199951171875,1234.0,433327
2026-08-24 13:05:00+05:30,1233.4000244140625,1233.9000244140625,1232.5,1233.300048828125,39989
2026-08-24 13:10:00+05:30,1234.699951171875,1234.699951171875,1232.5,1233.0,48010
2026-08-24 13:15:00+05:30,1235.0,1235.699951171875,1233.699951171875,1234.9000244140625,76217
2026-08-24 13:20:00+05:30,1234.0999755859375,1235.0999755859375,1233.5,1235.0999755859375,54225
2026-08-24 13:25:00+05:30,1234.0999755859375,1234.0999755859375,1233.0999755859375,1234.0999755859375,30440
2026-08-24 13:30:00+05:30,1234.199951171875,1234.4000244140625,1233.9000244140625,1234.0999755859375,31419
2026-08-24 13:35:00+05:30,1233.9000244140625,1235.0,1233.5999755859375,1233.9000244140625,109498
2026-08-24 13:40:00+05:30,1233.800048828125,1235.0999755859375,1233.5999755859375,1234.0,66846
2026-08-24 13:45:00+05:30,1233.0999755859375,1233.800048828125,1233.0,1233.699951171875,27616
2026-08-24 13:50:00+05:30,1232.800048828125,1233.800048828125,1232.699951171875,1233.0999755859375,42701
2026-08-24 13:55:00+05:30,1232.300048828125,1233.0999755859375,1232.300048828125,1232.800048828125,43780
2026-08-24 14:00:00+05:30,1233.5999755859375,1234.199951171875,1232.199951171875,1232.5999755859375,60821
2026-08-24 14:05:00+05:30,1235.5,1235.5,1233.199951171875,1233.5999755859375,289805
2026-08-24 14:10:00+05:30,1236.4000244140625,1237.0999755859375,1235.300048828125,1235.300048828125,60321
2026-08-24 14:15:00+05:30,1235.699951171875,1236.4000244140625,1235.0,1236.4000244140625,53622
2026-08-24 14:20:00+05:30,1235.300048828125,1236.199951171875,1234.9000244140625,1235.4000244140625,49648
2026-08-24 14:25:00+05:30,1235.300048828125,1236.0999755859375,1235.0,1235.300048828125,38871
2026-08-24 14:30:00+05:30,1236.5,1237.0999755859375,1235.0999755859375,1235.300048828125,44433
2026-08-24 14:35:00+05:30,1236.5999755859375,1237.0,1236.0999755859375,1236.5,48090
2026-08-24 14:40:00+05:30,1237.0,1237.4000244140625,1236.0999755859375,1236.9000244140625,44723
2026-08-24 14:45:00+05:30,1236.699951171875,1237.300048828125,1236.300048828125,1236.9000244140625,64309
2026-08-24 14:50:00+05:30,1236.0,1236.4000244140625,1236.0,1236.0,73371
2026-08-24 14:55:00+05:30,1235.300048828125,1236.300048828125,1235.0,1236.0,76555
2026-08-24 15:00:00+05:30,1236.0999755859375,1236.800048828125,1235.0999755859375,1235.4000244140625,86134
2026-08-24 15:05:00+05:30,1236.0,1236.4000244140625,1235.4000244140625,1236.0,98125
2026-08-24 15:10:00+05:30,1235.699951171875,1236.199951171875,1235.5999755859375,1236.0,105494
2026-08-24 15:15:00+05:30,1236.0,1236.0,1236.0,1236.0,112138
2026-08-25 09:15:00+05:30,1237.199951171875,1237.5999755859375,1232.5,1236.0,0
2026-08-25 09:20:00+05:30,1238.300048828125,1239.300048828125,1237.199951171875,1237.199951171875,81141
2026-08-25 09:25:00+05:30,1239.699951171875,1240.300048828125,1238.0,1238.300048828125,65658
2026-08-25 09:30:00+05:30,1239.699951171875,1240.300048828125,1239.0999755859375,1239.5999755859375,40745
2026-08-25 09:35:00+05:30,1238.199951171875,1240.4000244140625,1237.699951171875,1240.4000244140625,16390
2026-08-25 09:40:00+05:30,1235.699951171875,1238.199951171875,1235.199951171875,1238.199951171875,36694
2026-08-25 09:45:00+05:30,1236.699951171875,1237.300048828125,1235.5,1236.300048828125,21662
2026-08-25 09:50:00+05:30,1237.0999755859375,1237.0999755859375,1235.9000244140625,1236.699951171875,20954
2026-08-25 09:55:00+05:30,1235.4000244140625,1237.0999755859375,1235.4000244140625,1237.0,13042
2026-08-25 10:00:00+05:30,1236.4000244140625,1237.0999755859375,1235.5,1236.0999755859375,35249
2026-08-25 10:05:00+05:30,1236.0,1236.5,1235.5,1236.4000244140625,6599
2026-08-25 10:10:00+05:30,1236.9000244140625,1236.9000244140625,1235.5999755859375,1235.699951171875,25452
2026-08-25 10:15:00+05:30,1236.5,1236.5999755859375,1236.0,1236.5,14831
2026-08-25 10:20:00+05:30,1235.199951171875,1236.5,1235.0999755859375,1236.5,14660
2026-08-25 10:25:00+05:30,1235.699951171875,1235.9000244140625,1234.199951171875,1235.300048828125,85924
2026-08-25 10:30:00+05:30,1234.5999755859375,1235.699951171875,1234.0999755859375,1235.699951171875,48650
2026-08-25 10:35:00+05:30,1234.4000244140625,1234.699951171875,1234.0999755859375,1234.300048828125,16964
2026-08-25 10:40:00+05:30,1234.0,1234.5999755859375,1233.5999755859375,1234.4000244140625,20659
2026-08-25 10:45:00+05:30,1234.800048828125,1235.0,1233.699951171875,1234.0,46002
2026-08-25 10:50:00+05:30,1234.9000244140625,1235.699951171875,1234.5,1234.800048828125,65660
2026-08-25 10:55:00+05:30,1235.0999755859375,1235.4000244140625,1234.5,1235.0,14855
2026-08-25 11:00:00+05:30,1233.5,1235.0999755859375,1233.0,1235.0999755859375,20410
2026-08-25 11:05:00+05:30,1233.0,1234.0,1233.0,1233.0999755859375,11330
2026-08-25 11:10:00+05:30,1232.5,1233.5,1232.0,1233.0,44939
2026-08-25 11:15:00+05:30,1232.5999755859375,1233.5,1231.699951171875,1232.5,57844
2026-08-25 11:20:00+05:30,1232.800048828125,1234.0999755859375,1232.199951171875,1232.5999755859375,17431
2026-08-25 11:25:00+05:30,1232.5,1233.5,1231.699951171875,1233.300048828125,27496
2026-08-25 11:30:00+05:30,1232.4000244140625,1233.300048828125,1232.0999755859375,1232.5,16361
2026-08-25 11:35:00+05:30,1233.0,1233.0,1231.4000244140625,1232.300048828125,36903
2026-08-25 11:40:00+05:30,1232.800048828125,1233.800048828125,1231.699951171875,1233.0,73664
2026-08-25 11:45:00+05:30,1230.699951171875,1233.300048828125,1230.0,1232.300048828125,164024
2026-08-25 11:50:00+05:30,1232.800048828125,1233.0,1230.300048828125,1230.5999755859375,59114
2026-08-25 11:55:00+05:30,1233.300048828125,1234.800048828125,1232.800048828125,1233.0,36904
2026-08-25 12:00:00+05:30,1233.5999755859375,1234.0,1232.9000244140625,1233.4000244140625,40108
2026-08-25 12:05:00+05:30,1233.300048828125,1234.5,1233.300048828125,1233.5999755859375,55530
2026-08-25 12:10:00+05:30,1233.199951171875,1234.5999755859375,1233.0999755859375,1233.300048828125,39668
2026-08-25 12:15:00+05:30,1233.4000244140625,1234.300048828125,1233.300048828125,1233.4000244140625,25003
2026-08-25 12:20:00+05:30,1232.800048828125,1233.300048828125,1232.4000244140625,1233.300048828125,31851
2026-08-25 12:25:00+05:30,1232.4000244140625,1233.0,1232.0999755859375,1232.699951171875,7035
2026-08-25 12:30:00+05:30,1233.0,1233.699951171875,1232.199951171875,1232.4000244140625,36048
2026-08-25 12:35:00+05:30,1233.4000244140625,1233.9000244140625,1232.4000244140625,1233.0999755859375,53030
2026-08-25 12:40:00+05:30,1233.9000244140625,1233.9000244140625,1232.4000244140625,1233.5999755859375,18070
2026-08-25 12:45:00+05:30,1233.199951171875,1234.0999755859375,1232.300048828125,1233.5999755859375,25275
2026-08-25 12:50:00+05:30,1231.9000244140625,1233.300048828125,1231.5999755859375,1233.0999755859375,76956
2026-08-25 12:55:00+05:30,1233.0,1233.5999755859375,1231.699951171875,1232.0,76519
2026-08-25 13:00:00+05:30,1231.5,1233.0,1231.0,1233.0,26939
2026-08-25 13:05:00+05:30,1231.0,1231.699951171875,1230.699951171875,1231.300048828125,16583
2026-08-25 13:10:00+05:30,1230.699951171875,1231.9000244140625,1230.5999755859375,1231.0,32016
2026-08-25 13:15:00+05:30,1231.0,1231.5999755859375,1230.800048828125,1230.800048828125,11034
2026-08-25 13:20:00+05:30,1231.0,1231.4000244140625,1231.0,1231.0,9084
2026-08-25 13:25:00+05:30,1230.199951171875,1231.0,1230.0,1231.0,35862
2026-08-25 13:30:00+05:30,1230.699951171875,1231.0999755859375,1230.199951171875,1230.300048828125,12964
2026-08-25 13:35:00+05:30,1231.0,1231.699951171875,1230.300048828125,1230.9000244140625,31840
2026-08-25 13:40:00+05:30,1231.0,1231.5999755859375,1230.800048828125,1231.199951171875,22935
2026-08-25 13:45:00+05:30,1231.0,1231.300048828125,1230.300048828125,1231.0,32164
2026-08-25 13:50:00+05:30,1232.5,1232.5999755859375,1230.4000244140625,1231.0,63876
2026-08-25 13:55:00+05:30,1231.800048828125,1233.0999755859375,1231.4000244140625,1232.800048828125,22312
2026-08-25 14:00:00+05:30,1232.0,1232.300048828125,1230.4000244140625,1231.9000244140625,35076
2026-08-25 14:05:00+05:30,1232.9000244140625,1233.4000244140625,1232.199951171875,1232.300048828125,31953
2026-08-25 14:10:00+05:30,1232.0999755859375,1233.0,1231.800048828125,1232.9000244140625,19811
2026-08-25 14:15:00+05:30,1232.5,1232.9000244140625,1231.5999755859375,1232.300048828125,37598
2026-08-25 14:20:00+05:30,1232.800048828125,1233.199951171875,1232.0,1232.4000244140625,25248
2026-08-25 14:25:00+05:30,1234.199951171875,1234.800048828125,1232.5999755859375,1233.199951171875,52235
2026-08-25 14:30:00+05:30,1235.4000244140625,1236.699951171875,1233.5999755859375,1234.300048828125,87291
2026-08-25 14:35:00+05:30,1234.9000244140625,1236.199951171875,1234.5999755859375,1235.4000244140625,48015
2026-08-25 14:40:00+05:30,1234.4000244140625,1235.0,1233.9000244140625,1234.9000244140625,90519
2026-08-25 14:45:00+05:30,1235.0,1235.0,1233.800048828125,1234.5,92264
2026-08-25 14:50:00+05:30,1234.9000244140625,1235.0,1234.199951171875,1234.699951171875,140828
2026-08-25 14:55:00+05:30,1236.199951171875,1237.4000244140625,1234.800048828125,1234.9000244140625,133670
2026-08-25 15:00:00+05:30,1235.5,1236.800048828125,1235.300048828125,1236.800048828125,78047
2026-08-25 15:05:00+05:30,1234.4000244140625,1236.0,1232.699951171875,1235.5999755859375,161946
2026-08-25 15:10:00+05:30,1235.0,1235.0,1232.5999755859375,1233.699951171875,423078
2026-08-26 09:15:00+05:30,1242.300048828125,1247.9000244140625,1240.0,1240.0,0
2026-08-26 09:20:00+05:30,1244.9000244140625,1246.0,1242.5999755859375,1242.5999755859375,126512
2026-08-26 09:25:00+05:30,1247.199951171875,1248.699951171875,1244.800048828125,1244.9000244140625,60088
2026-08-26 09:30:00+05:30,1245.300048828125,1247.5999755859375,1245.300048828125,1247.5999755859375,39421
2026-08-26 09:35:00+05:30,1244.800048828125,1245.699951171875,1244.300048828125,1245.4000244140625,20020
2026-08-26 09:40:00+05:30,1245.0999755859375,1246.300048828125,1244.800048828125,1244.9000244140625,20590
2026-08-26 09:45:00+05:30,1243.0999755859375,1245.4000244140625,1242.699951171875,1245.0999755859375,23391
2026-08-26 09:50:00+05:30,1243.9000244140625,1244.199951171875,1243.0,1243.300048828125,53335
2026-08-26 09:55:00+05:30,1244.4000244140625,1244.4000244140625,1243.0,1244.0,37872
2026-08-26 10:00:00+05:30,1244.0999755859375,1244.4000244140625,1243.0999755859375,1244.4000244140625,26274
2026-08-26 10:05:00+05:30,1242.5,1244.0999755859375,1242.0,1244.0999755859375,25189
2026-08-26 10:10:00+05:30,1243.4000244140625,1243.9000244140625,1242.5,1242.5999755859375,28894
2026-08-26 10:15:00+05:30,1243.4000244140625,1243.5999755859375,1241.5,1243.4000244140625,21260
2026-08-26 10:20:00+05:30,1242.0,1243.699951171875,1241.9000244140625,1243.300048828125,9500
2026-08-26 10:25:00+05:30,1243.0,1243.199951171875,1241.800048828125,1241.9000244140625,21632
2026-08-26 10:30:00+05:30,1246.0999755859375,1246.0999755859375,1242.5999755859375,1243.0,48139
2026-08-26 10:35:00+05:30,1245.4000244140625,1246.5999755859375,1244.800048828125,1246.300048828125,25243
2026-08-26 10:40:00+05:30,1244.699951171875,1245.300048828125,1244.0,1244.699951171875,10492
2026-08-26 10:45:00+05:30,1245.0999755859375,1245.5999755859375,1243.699951171875,1244.699951171875,8567
2026-08-26 10:50:00+05:30,1246.9000244140625,1247.0,1245.0999755859375,1245.0999755859375,18603
2026-08-26 10:55:00+05:30,1245.699951171875,1247.4000244140625,1245.4000244140625,1246.9000244140625,17808
2026-08-26 11:00:00+05:30,1244.4000244140625,1245.5999755859375,1244.300048828125,1245.5999755859375,9560
2026-08-26 11:05:00+05:30,1244.699951171875,1244.9000244140625,1243.699951171875,1244.4000244140625,5418
2026-08-26 11:10:00+05:30,1252.9000244140625,1254.0999755859375,1244.800048828125,1244.800048828125,213651
2026-08-26 11:15:00+05:30,1251.0,1253.9000244140625,1250.699951171875,1252.9000244140625,30775
2026-08-26 11:20:00+05:30,1251.300048828125,1251.5999755859375,1250.0999755859375,1250.5999755859375,22310
2026-08-26 11:25:00+05:30,1252.4000244140625,1252.5,1251.0999755859375,1251.4000244140625,13228
2026-08-26 11:30:00+05:30,1252.199951171875,1252.699951171875,1251.800048828125,1252.699951171875,19841
2026-08-26 11:35:00+05:30,1253.0999755859375,1253.199951171875,1252.0999755859375,1252.4000244140625,19609
2026-08-26 11:40:00+05:30,1253.199951171875,1253.699951171875,1252.9000244140625,1253.300048828125,12513
2026-08-26 11:45:00+05:30,1251.9000244140625,1253.4000244140625,1251.800048828125,1253.0,14525
2026-08-26 11:50:00+05:30,1251.0,1252.0999755859375,1250.9000244140625,1251.9000244140625,10147
2026-08-26 11:55:00+05:30,1251.300048828125,1251.5999755859375,1250.800048828125,1251.0,6686
2026-08-26 12:00:00+05:30,1252.5,1252.5,1250.199951171875,1251.4000244140625,21824
2026-08-26 12:05:00+05:30,1251.5999755859375,1252.800048828125,1251.5999755859375,1252.0,12085
2026-08-26 12:10:00+05:30,1252.699951171875,1252.699951171875,1251.5999755859375,1251.5999755859375,11637
2026-08-26 12:15:00+05:30,1251.5999755859375,1252.800048828125,1251.5999755859375,1252.800048828125,7495
2026-08-26 12:20:00+05:30,1252.300048828125,1252.4000244140625,1250.800048828125,1251.5999755859375,25233
2026-08-26 12:25:00+05:30,1251.5,1254.4000244140625,1251.5,1252.199951171875,456074
2026-08-26 12:30:00+05:30,1252.9000244140625,1253.0,1250.699951171875,1251.5,45154
2026-08-26 12:35:00+05:30,1254.199951171875,1255.0,1252.5999755859375,1252.9000244140625,38141
2026-08-26 12:40:00+05:30,1255.699951171875,1256.0,1254.0,1254.199951171875,39487
2026-08-26 12:45:00+05:30,1255.0,1255.9000244140625,1254.5,1255.800048828125,16653
2026-08-26 12:50:00+05:30,1254.800048828125,1255.199951171875,1254.199951171875,1255.0,10605
2026-08-26 12:55:00+05:30,1255.5,1255.9000244140625,1254.800048828125,1254.800048828125,11616
2026-08-26 13:00:00+05:30,1255.699951171875,1255.9000244140625,1254.9000244140625,1255.5999755859375,16605
2026-08-26 13:05:00+05:30,1257.5,1257.5,1255.699951171875,1255.699951171875,87431
2026-08-26 13:10:00+05:30,1257.5,1257.5,1256.800048828125,1257.5,24026
2026-08-26 13:15:00+05:30,1255.699951171875,1257.699951171875,1254.5,1257.5999755859375,47780
2026-08-26 13:20:00+05:30,1255.4000244140625,1255.5999755859375,1254.9000244140625,1255.5999755859375,11366
2026-08-26 13:25:00+05:30,1255.5999755859375,1255.5999755859375,1255.0999755859375,1255.300048828125,11248
2026-08-26 13:30:00+05:30,1256.0,1256.0999755859375,1255.300048828125,1255.800048828125,12269
2026-08-26 13:35:00+05:30,1257.0,1257.0,1255.5999755859375,1256.0,24702
2026-08-26 13:40:00+05:30,1255.699951171875,1257.699951171875,1255.699951171875,1256.9000244140625,59792
2026-08-26 13:45:00+05:30,1255.0,1255.4000244140625,1254.699951171875,1255.0,18916
2026-08-26 13:50:00+05:30,1255.5,1256.0,1255.0,1255.0999755859375,27127
2026-08-26 13:55:00+05:30,1254.9000244140625,1255.5999755859375,1254.5999755859375,1255.5,16029
2026-08-26 14:00:00+05:30,1255.699951171875,1255.800048828125,1254.699951171875,1255.0,44709
2026-08-26 14:05:00+05:30,1255.199951171875,1255.800048828125,1254.699951171875,1255.699951171875,15414
2026-08-26 14:10:00+05:30,1255.0999755859375,1256.0,1254.800048828125,1255.4000244140625,24047
2026-08-26 14:15:00+05:30,1255.0,1255.5,1254.699951171875,1255.0999755859375,19305
2026-08-26 14:20:00+05:30,1254.0,1255.300048828125,1253.9000244140625,1255.0,92594
2026-08-26 14:25:00+05:30,1254.0999755859375,1254.5999755859375,1252.800048828125,1254.300048828125,41242
2026-08-26 14:30:00+05:30,1255.199951171875,1255.300048828125,1253.699951171875,1254.0999755859375,88866
2026-08-26 14:35:00+05:30,1253.699951171875,1255.300048828125,1253.199951171875,1255.300048828125,59256
2026-08-26 14:40:00+05:30,1255.199951171875,1255.5,1253.199951171875,1253.300048828125,50442
2026-08-26 14:45:00+05:30,1256.300048828125,1256.5999755859375,1255.199951171875,1255.300048828125,103023
2026-08-26 14:50:00+05:30,1256.699951171875,1257.0999755859375,1256.300048828125,1256.300048828125,40685
2026-08-26 14:55:00+05:30,1256.800048828125,1257.5,1256.300048828125,1256.5999755859375,82960
2026-08-26 15:00:00+05:30,1256.0,1256.9000244140625,1255.199951171875,1256.699951171875,72867
2026-08-26 15:05:00+05:30,1256.300048828125,1256.300048828125,1255.199951171875,1256.0,119081
2026-08-26 15:10:00+05:30,1255.0,1256.5,1255.0,1256.199951171875,229702
2026-08-27 09:15:00+05:30,1252.699951171875,1256.9000244140625,1252.0,1256.300048828125,0
2026-08-27 09:20:00+05:30,1255.300048828125,1255.800048828125,1251.4000244140625,1252.300048828125,109381
2026-08-27 09:25:00+05:30,1255.800048828125,1258.5999755859375,1255.199951171875,1255.699951171875,103479
2026-08-27 09:30:00+05:30,1255.9000244140625,1256.0,1254.0,1255.800048828125,65486
2026-08-27 09:35:00+05:30,1257.0999755859375,1257.9000244140625,1255.800048828125,1255.9000244140625,83739
2026-08-27 09:40:00+05:30,1257.300048828125,1258.0,1256.9000244140625,1257.4000244140625,38308
2026-08-27 09:45:00+05:30,1261.0,1261.0999755859375,1257.4000244140625,1257.4000244140625,108090
2026-08-27 09:50:00+05:30,1260.300048828125,1261.5999755859375,1259.800048828125,1261.0,130113
2026-08-27 09:55:00+05:30,1260.199951171875,1261.300048828125,1259.5999755859375,1260.5,96817
2026-08-27 10:00:00+05:30,1260.9000244140625,1261.4000244140625,1256.300048828125,1260.0999755859375,302762
2026-08-27 10:05:00+05:30,1260.5999755859375,1261.699951171875,1259.5,1260.9000244140625,205359
2026-08-27 10:10:00+05:30,1258.5999755859375,1260.5999755859375,1258.0999755859375,1260.5999755859375,159746
2026-08-27 10:15:00+05:30,1259.0999755859375,1259.199951171875,1258.5999755859375,1258.5999755859375,70369
2026-08-27 10:20:00+05:30,1259.800048828125,1262.5,1258.5999755859375,1259.0999755859375,152841
2026-08-27 10:25:00+05:30,1261.0,1261.5,1259.0,1259.800048828125,67049
2026-08-27 10:30:00+05:30,1260.199951171875,1261.5,1260.199951171875,1260.800048828125,60955
2026-08-27 10:35:00+05:30,1260.5999755859375,1261.5,1259.800048828125,1260.300048828125,81741
2026-08-27 10:40:00+05:30,1259.800048828125,1261.0,1259.4000244140625,1260.5,80203
2026-08-27 10:45:00+05:30,1260.300048828125,1260.699951171875,1259.800048828125,1259.9000244140625,43540
2026-08-27 10:50:00+05:30,1259.5999755859375,1260.300048828125,1259.0,1260.300048828125,196149
2026-08-27 10:55:00+05:30,1259.0,1259.9000244140625,1258.800048828125,1259.800048828125,68361
2026-08-27 11:00:00+05:30,1256.5999755859375,1259.300048828125,1256.4000244140625,1259.0999755859375,70721
2026-08-27 11:05:00+05:30,1258.300048828125,1258.5,1256.5,1256.5,50787
2026-08-27 11:10:00+05:30,1257.9000244140625,1258.800048828125,1257.800048828125,1258.300048828125,41013
2026-08-27 11:15:00+05:30,1257.4000244140625,1258.4000244140625,1256.699951171875,1258.0,66402
2026-08-27 11:20:00+05:30,1256.800048828125,1258.0,1256.5999755859375,1257.300048828125,52527
2026-08-27 11:25:00+05:30,1257.5,1258.5999755859375,1256.5999755859375,1256.800048828125,109274
2026-08-27 11:30:00+05:30,1257.199951171875,1257.800048828125,1256.800048828125,1257.5,23660
2026-08-27 11:35:00+05:30,1257.9000244140625,1258.0,1256.800048828125,1257.300048828125,39822
2026-08-27 11:40:00+05:30,1256.9000244140625,1257.800048828125,1256.199951171875,1257.800048828125,30956
2026-08-27 11:45:00+05:30,1254.800048828125,1257.300048828125,1254.5999755859375,1256.800048828125,70282
2026-08-27 11:50:00+05:30,1255.300048828125,1255.699951171875,1254.0999755859375,1254.800048828125,50708
2026-08-27 11:55:00+05:30,1256.300048828125,1256.5999755859375,1254.4000244140625,1255.0,24417
2026-08-27 12:00:00+05:30,1256.800048828125,1257.800048828125,1256.0,1256.300048828125,76199
2026-08-27 12:05:00+05:30,1257.9000244140625,1257.9000244140625,1256.199951171875,1256.800048828125,76988
2026-08-27 12:10:00+05:30,1258.800048828125,1259.199951171875,1257.0999755859375,1258.0,146625
2026-08-27 12:15:00+05:30,1258.5,1260.300048828125,1258.300048828125,1259.0999755859375,167087
2026-08-27 12:20:00+05:30,1257.800048828125,1259.300048828125,1257.199951171875,1258.699951171875,159011
2026-08-27 12:25:00+05:30,1257.300048828125,1258.5,1257.0999755859375,1258.199951171875,28031
2026-08-27 12:30:00+05:30,1257.199951171875,1257.699951171875,1256.4000244140625,1257.300048828125,26226
2026-08-27 12:35:00+05:30,1258.4000244140625,1258.699951171875,1257.199951171875,1257.300048828125,87588
2026-08-27 12:40:00+05:30,1258.4000244140625,1259.300048828125,1257.4000244140625,1258.4000244140625,63796
2026-08-27 12:45:00+05:30,1259.300048828125,1260.0,1258.199951171875,1258.5,213543
2026-08-27 12:50:00+05:30,1259.9000244140625,1260.0,1258.5,1259.199951171875,168125
2026-08-27 12:55:00+05:30,1259.300048828125,1260.0,1258.9000244140625,1259.5,49277
2026-08-27 13:00:00+05:30,1262.5,1262.9000244140625,1259.5,1260.0,175250
2026-08-27 13:05:00+05:30,1261.800048828125,1263.4000244140625,1260.4000244140625,1262.5,106057
2026-08-27 13:10:00+05:30,1264.9000244140625,1266.0,1261.5,1261.5,313388
2026-08-27 13:15:00+05:30,1265.699951171875,1268.5999755859375,1264.9000244140625,1265.0,104452
2026-08-27 13:20:00+05:30,1263.699951171875,1267.199951171875,1263.5,1266.800048828125,70531
2026-08-27 13:25:00+05:30,1263.699951171875,1264.4000244140625,1263.0,1263.5999755859375,69542
2026-08-27 13:30:00+05:30,1263.0,1263.699951171875,1262.0,1263.699951171875,69598
2026-08-27 13:35:00+05:30,1262.9000244140625,1263.5999755859375,1262.5999755859375,1262.9000244140625,42134
2026-08-27 13:40:00+05:30,1263.199951171875,1264.0999755859375,1262.800048828125,1263.0,51747
2026-08-27 13:45:00+05:30,1262.5999755859375,1263.5,1262.0999755859375,1263.199951171875,52871
2026-08-27 13:50:00+05:30,1262.4000244140625,1262.9000244140625,1262.0,1262.9000244140625,50893
2026-08-27 13:55:00+05:30,1261.0,1262.4000244140625,1260.5999755859375,1262.4000244140625,81896
2026-08-27 14:00:00+05:30,1261.5,1261.5999755859375,1260.9000244140625,1261.0,50354
2026-08-27 14:05:00+05:30,1260.5,1262.0,1260.0999755859375,1261.5,54293
2026-08-27 14:10:00+05:30,1260.4000244140625,1261.0,1260.0999755859375,1260.5,57241
2026-08-27 14:15:00+05:30,1260.5,1260.5999755859375,1259.9000244140625,1260.4000244140625,74046
2026-08-27 14:20:00+05:30,1261.5999755859375,1261.699951171875,1260.5,1260.5999755859375,77859
2026-08-27 14:25:00+05:30,1261.699951171875,1262.300048828125,1261.0999755859375,1261.699951171875,113795
2026-08-27 14:30:00+05:30,1259.800048828125,1261.699951171875,1259.5999755859375,1261.300048828125,130688
2026-08-27 14:35:00+05:30,1260.199951171875,1260.199951171875,1258.800048828125,1259.800048828125,59149
2026-08-27 14:40:00+05:30,1257.5999755859375,1260.4000244140625,1257.300048828125,1260.199951171875,69698
2026-08-27 14:45:00+05:30,1257.800048828125,1258.199951171875,1256.699951171875,1257.5999755859375,73392
2026-08-27 14:50:00+05:30,1256.5999755859375,1258.199951171875,1256.199951171875,1257.5,149801
2026-08-27 14:55:00+05:30,1257.300048828125,1257.4000244140625,1256.0,1256.5999755859375,58092
2026-08-27 15:00:00+05:30,1256.800048828125,1257.800048828125,1256.5,1257.5,62196
2026-08-27 15:05:00+05:30,1255.9000244140625,1257.199951171875,1255.5,1256.699951171875,103739
2026-08-27 15:10:00+05:30,1255.300048828125,1257.4000244140625,1255.0,1256.0,148224
2026-08-27 15:15:00+05:30,1256.0,1256.0,1256.0,1256.0,118485
2026-08-28 09:15:00+05:30,1252.5,1255.9000244140625,1249.5,1255.9000244140625,0
2026-08-28 09:20:00+05:30,1249.800048828125,1252.4000244140625,1248.699951171875,1252.0999755859375,63153
2026-08-28 09:25:00+05:30,1252.0999755859375,1252.9000244140625,1249.800048828125,1249.800048828125,35905
2026-08-28 09:30:00+05:30,1250.4000244140625,1252.0999755859375,1250.0,1252.0999755859375,27313
2026-08-28 09:35:00+05:30,1250.800048828125,1250.800048828125,1249.5999755859375,1250.199951171875,17395
2026-08-28 09:40:00+05:30,1253.5999755859375,1253.9000244140625,1250.800048828125,1250.800048828125,23487
2026-08-28 09:45:00+05:30,1253.4000244140625,1253.9000244140625,1252.0999755859375,1253.4000244140625,19072
2026-08-28 09:50:00+05:30,1253.5999755859375,1253.800048828125,1252.5,1253.4000244140625,21343
2026-08-28 09:55:00+05:30,1254.0,1254.5,1253.5,1253.9000244140625,18868
2026-08-28 10:00:00+05:30,1256.699951171875,1257.5999755859375,1253.300048828125,1254.0,34014
2026-08-28 10:05:00+05:30,1256.699951171875,1257.4000244140625,1255.5999755859375,1256.699951171875,17738
2026-08-28 10:10:00+05:30,1257.0999755859375,1257.5999755859375,1256.0,1256.4000244140625,18230
2026-08-28 10:15:00+05:30,1258.199951171875,1259.800048828125,1257.0999755859375,1257.0999755859375,34800
2026-08-28 10:20:00+05:30,1261.5999755859375,1261.5999755859375,1258.0,1258.199951171875,153120
2026-08-28 10:25:00+05:30,1260.800048828125,1261.699951171875,1259.699951171875,1261.5999755859375,29812
2026-08-28 10:30:00+05:30,1260.199951171875,1260.800048828125,1259.0999755859375,1260.800048828125,31320
2026-08-28 10:35:00+05:30,1261.4000244140625,1261.4000244140625,1258.9000244140625,1260.0,25663
2026-08-28 10:40:00+05:30,1264.300048828125,1264.300048828125,1261.699951171875,1261.699951171875,164562
2026-08-28 10:45:00+05:30,1264.800048828125,1264.9000244140625,1263.4000244140625,1264.5,53861
2026-08-28 10:50:00+05:30,1264.0999755859375,1265.4000244140625,1263.5999755859375,1264.800048828125,43650
2026-08-28 10:55:00+05:30,1264.199951171875,1264.199951171875,1263.0,1264.0999755859375,29349
2026-08-28 11:00:00+05:30,1262.5999755859375,1263.699951171875,1262.0999755859375,1263.699951171875,22275
2026-08-28 11:05:00+05:30,1261.0999755859375,1263.199951171875,1261.0,1262.5999755859375,45855
2026-08-28 11:10:00+05:30,1262.5,1263.5,1260.5,1261.199951171875,53594
2026-08-28 11:15:00+05:30,1260.800048828125,1262.699951171875,1260.4000244140625,1262.199951171875,42660
2026-08-28 11:20:00+05:30,1261.0999755859375,1261.699951171875,1260.5999755859375,1260.800048828125,29702
2026-08-28 11:25:00+05:30,1260.4000244140625,1261.199951171875,1260.300048828125,1261.0999755859375,14990
2026-08-28 11:30:00+05:30,1259.4000244140625,1260.5,1258.5999755859375,1260.199951171875,22762
2026-08-28 11:35:00+05:30,1260.5999755859375,1260.699951171875,1259.199951171875,1259.4000244140625,22111
2026-08-28 11:40:00+05:30,1262.699951171875,1262.699951171875,1259.699951171875,1260.5,47838
2026-08-28 11:45:00+05:30,1263.300048828125,1263.5,1262.0,1262.5,209798
2026-08-28 11:50:00+05:30,1263.4000244140625,1264.5,1262.9000244140625,1263.5,52210
2026-08-28 11:55:00+05:30,1261.300048828125,1263.4000244140625,1260.300048828125,1263.4000244140625,43605
2026-08-28 12:00:00+05:30,1261.300048828125,1261.5999755859375,1260.5,1261.300048828125,22122
2026-08-28 12:05:00+05:30,1261.9000244140625,1263.5999755859375,1261.0,1261.300048828125,44046
2026-08-28 12:10:00+05:30,1262.5,1262.5999755859375,1261.4000244140625,1261.9000244140625,67363
2026-08-28 12:15:00+05:30,1261.5999755859375,1262.9000244140625,1261.0,1262.5,24311
2026-08-28 12:20:00+05:30,1260.5999755859375,1261.5999755859375,1260.0999755859375,1261.5999755859375,42726
2026-08-28 12:25:00+05:30,1261.300048828125,1261.4000244140625,1260.0999755859375,1260.4000244140625,24708
2026-08-28 12:30:00+05:30,1261.199951171875,1261.800048828125,1260.800048828125,1261.5,17771
2026-08-28 12:35:00+05:30,1261.0,1261.300048828125,1260.4000244140625,1261.199951171875,17692
2026-08-28 12:40:00+05:30,1261.699951171875,1262.0999755859375,1260.9000244140625,1261.0,14774
2026-08-28 12:45:00+05:30,1262.4000244140625,1262.699951171875,1261.5999755859375,1261.699951171875,16324
2026-08-28 12:50:00+05:30,1260.300048828125,1262.5999755859375,1259.9000244140625,1262.4000244140625,39290
2026-08-28 12:55:00+05:30,1260.0999755859375,1261.0999755859375,1259.0,1260.0999755859375,85859
2026-08-28 13:00:00+05:30,1259.5,1260.4000244140625,1259.5,1260.0999755859375,56165
2026-08-28 13:05:00+05:30,1260.699951171875,1261.0,1259.699951171875,1259.699951171875,25704
2026-08-28 13:10:00+05:30,1260.5,1260.699951171875,1259.9000244140625,1260.699951171875,38165
2026-08-28 13:15:00+05:30,1260.9000244140625,1261.0,1260.199951171875,1260.5,27255
2026-08-28 13:20:00+05:30,1261.199951171875,1261.199951171875,1260.199951171875,1260.9000244140625,28350
2026-08-28 13:25:00+05:30,1260.300048828125,1261.800048828125,1259.9000244140625,1261.199951171875,33757
2026-08-28 13:30:00+05:30,1260.800048828125,1261.4000244140625,1260.199951171875,1260.300048828125,41019
2026-08-28 13:35:00+05:30,1260.9000244140625,1261.199951171875,1260.4000244140625,1260.800048828125,14567
2026-08-28 13:40:00+05:30,1261.4000244140625,1261.9000244140625,1260.9000244140625,1260.9000244140625,19308
2026-08-28 13:45:00+05:30,1260.5,1261.4000244140625,1260.0999755859375,1261.4000244140625,19551
2026-08-28 13:50:00+05:30,1260.300048828125,1260.5999755859375,1260.0,1260.4000244140625,16471
2026-08-28 13:55:00+05:30,1260.800048828125,1260.800048828125,1259.800048828125,1260.4000244140625,33838
2026-08-28 14:00:00+05:30,1260.5,1261.0,1260.0,1260.699951171875,25151
2026-08-28 14:05:00+05:30,1261.0,1261.4000244140625,1260.300048828125,1260.4000244140625,19259
2026-08-28 14:10:00+05:30,1261.5,1261.800048828125,1260.800048828125,1261.0999755859375,14435
2026-08-28 14:15:00+05:30,1260.300048828125,1261.5,1260.300048828125,1261.300048828125,22704
2026-08-28 14:20:00+05:30,1260.9000244140625,1261.0,1260.300048828125,1260.5,20151
2026-08-28 14:25:00+05:30,1261.0,1261.0999755859375,1260.5999755859375,1260.9000244140625,16296
2026-08-28 14:30:00+05:30,1261.5999755859375,1261.5999755859375,1260.4000244140625,1261.0,26726
2026-08-28 14:35:00+05:30,1261.0,1261.5999755859375,1260.9000244140625,1261.300048828125,15292
2026-08-28 14:40:00+05:30,1260.9000244140625,1261.0,1260.199951171875,1261.0,21101
2026-08-28 14:45:00+05:30,1261.4000244140625,1261.4000244140625,1259.9000244140625,1260.9000244140625,41136
2026-08-28 14:50:00+05:30,1263.0999755859375,1263.199951171875,1260.9000244140625,1261.5,125758
2026-08-28 14:55:00+05:30,1263.5999755859375,1263.5999755859375,1262.800048828125,1263.300048828125,70535
2026-08-28 15:00:00+05:30,1260.9000244140625,1263.199951171875,1260.699951171875,1263.199951171875,91506
2026-08-28 15:05:00+05:30,1262.5,1262.5,1260.699951171875,1260.9000244140625,82413
2026-08-28 15:10:00+05:30,1261.4000244140625,1263.0,1259.0999755859375,1262.300048828125,184812
2026-08-28 15:15:00+05:30,1265.0,1265.0,1262.0,1262.0,82542
2026-08-31 09:15:00+05:30,1257.4000244140625,1258.699951171875,1251.800048828125,1257.199951171875,0
2026-08-31 09:20:00+05:30,1254.800048828125,1258.699951171875,1254.0,1257.4000244140625,105284
2026-08-31 09:25:00+05:30,1256.199951171875,1257.0,1254.9000244140625,1256.4000244140625,90463
2026-08-31 09:30:00+05:30,1254.4000244140625,1257.300048828125,1253.9000244140625,1256.5,112318
2026-08-31 09:35:00+05:30,1255.199951171875,1255.699951171875,1254.0,1254.0,48102
2026-08-31 09:40:00+05:30,1254.9000244140625,1255.300048828125,1253.0999755859375,1255.199951171875,58078
2026-08-31 09:45:00+05:30,1253.5,1255.0999755859375,1253.0,1255.0999755859375,78719
2026-08-31 09:50:00+05:30,1253.199951171875,1254.4000244140625,1253.199951171875,1253.5999755859375,86189
2026-08-31 09:55:00+05:30,1252.5,1252.9000244140625,1252.0999755859375,1252.5,29712
2026-08-31 10:00:00+05:30,1253.0999755859375,1253.199951171875,1251.199951171875,1252.5,28109
2026-08-31 10:05:00+05:30,1252.5,1253.5,1252.5,1253.0,23373
2026-08-31 10:10:00+05:30,1253.699951171875,1253.699951171875,1252.5,1252.5,24359
2026-08-31 10:15:00+05:30,1254.0,1254.0999755859375,1253.300048828125,1253.300048828125,21149
2026-08-31 10:20:00+05:30,1254.0,1254.0999755859375,1253.4000244140625,1254.0,9673
2026-08-31 10:25:00+05:30,1254.4000244140625,1254.5,1253.800048828125,1254.0,13362
2026-08-31 10:30:00+05:30,1254.0999755859375,1254.699951171875,1254.0,1254.4000244140625,11953
2026-08-31 10:35:00+05:30,1252.9000244140625,1254.300048828125,1252.9000244140625,1254.300048828125,14935
2026-08-31 10:40:00+05:30,1252.800048828125,1253.199951171875,1252.5,1252.9000244140625,11957
2026-08-31 10:45:00+05:30,1252.9000244140625,1253.0,1252.5,1252.800048828125,9724
2026-08-31 10:50:00+05:30,1253.9000244140625,1254.9000244140625,1252.300048828125,1252.699951171875,61712
2026-08-31 10:55:00+05:30,1257.300048828125,1258.300048828125,1253.199951171875,1253.9000244140625,88627
2026-08-31 11:00:00+05:30,1259.5999755859375,1259.699951171875,1257.199951171875,1257.300048828125,45358
2026-08-31 11:05:00+05:30,1260.0,1260.5999755859375,1258.800048828125,1259.5999755859375,59951
2026-08-31 11:10:00+05:30,1260.4000244140625,1260.4000244140625,1259.0,1260.0,34338
2026-08-31 11:15:00+05:30,1259.9000244140625,1260.5,1259.5,1260.0999755859375,18242
2026-08-31 11:20:00+05:30,1260.0999755859375,1260.5,1259.699951171875,1259.699951171875,24881
2026-08-31 11:25:00+05:30,1260.5999755859375,1260.9000244140625,1259.9000244140625,1260.0999755859375,18274
2026-08-31 11:30:00+05:30,1261.4000244140625,1261.5,1260.5,1260.5,45420
2026-08-31 11:35:00+05:30,1261.800048828125,1261.9000244140625,1261.300048828125,1261.300048828125,22232
2026-08-31 11:40:00+05:30,1261.800048828125,1262.4000244140625,1261.699951171875,1261.800048828125,31513
2026-08-31 11:45:00+05:30,1262.5999755859375,1262.800048828125,1261.9000244140625,1262.0,27954
2026-08-31 11:50:00+05:30,1263.699951171875,1263.699951171875,1261.9000244140625,1262.5,48321
2026-08-31 11:55:00+05:30,1265.4000244140625,1267.0,1263.5999755859375,1263.5999755859375,114856
2026-08-31 12:00:00+05:30,1263.5999755859375,1265.5,1263.0,1265.5,54976
2026-08-31 12:05:00+05:30,1263.4000244140625,1263.699951171875,1262.9000244140625,1263.5999755859375,24530
2026-08-31 12:10:00+05:30,1261.699951171875,1263.5,1261.199951171875,1263.5,39428
2026-08-31 12:15:00+05:30,1262.5999755859375,1262.800048828125,1261.5,1261.800048828125,32322
2026-08-31 12:20:00+05:30,1263.0,1263.0999755859375,1262.199951171875,1262.5,26982
2026-08-31 12:25:00+05:30,1262.4000244140625,1263.5,1262.300048828125,1263.0999755859375,115721
2026-08-31 12:30:00+05:30,1261.5,1262.699951171875,1261.0999755859375,1262.4000244140625,71517
2026-08-31 12:35:00+05:30,1262.4000244140625,1262.800048828125,1261.5,1261.5,54183
2026-08-31 12:40:00+05:30,1261.800048828125,1262.5,1260.9000244140625,1262.300048828125,61195
2026-08-31 12:45:00+05:30,1261.9000244140625,1262.4000244140625,1261.199951171875,1261.800048828125,40691
2026-08-31 12:50:00+05:30,1261.9000244140625,1262.0,1261.0999755859375,1261.800048828125,33443
2026-08-31 12:55:00+05:30,1263.0999755859375,1264.0,1261.800048828125,1261.800048828125,131070
2026-08-31 13:00:00+05:30,1261.800048828125,1263.4000244140625,1261.699951171875,1263.0,45588
2026-08-31 13:05:00+05:30,1261.199951171875,1262.300048828125,1260.9000244140625,1262.0,43126
2026-08-31 13:10:00+05:30,1261.800048828125,1262.0999755859375,1261.0,1261.199951171875,54512
2026-08-31 13:15:00+05:30,1261.199951171875,1262.300048828125,1260.9000244140625,1261.800048828125,37408
2026-08-31 13:20:00+05:30,1260.9000244140625,1261.699951171875,1260.199951171875,1261.199951171875,38221
2026-08-31 13:25:00+05:30,1263.0999755859375,1263.4000244140625,1260.199951171875,1260.699951171875,94706
2026-08-31 13:30:00+05:30,1262.699951171875,1263.5,1262.199951171875,1263.0999755859375,28165
2026-08-31 13:35:00+05:30,1263.4000244140625,1263.5999755859375,1262.5999755859375,1262.800048828125,33304
2026-08-31 13:40:00+05:30,1262.9000244140625,1263.5,1262.5,1263.4000244140625,27585
2026-08-31 13:45:00+05:30,1263.4000244140625,1263.5,1262.699951171875,1262.9000244140625,27156
2026-08-31 13:50:00+05:30,1263.4000244140625,1263.800048828125,1262.5999755859375,1263.5,28089
2026-08-31 13:55:00+05:30,1261.800048828125,1263.4000244140625,1261.5,1263.4000244140625,36075
2026-08-31 14:00:00+05:30,1262.0,1262.199951171875,1261.199951171875,1261.9000244140625,62095
2026-08-31 14:05:00+05:30,1261.9000244140625,1262.0,1261.5,1262.0,40269
2026-08-31 14:10:00+05:30,1261.5,1262.0,1261.4000244140625,1261.9000244140625,26918
2026-08-31 14:15:00+05:30,1261.5999755859375,1261.9000244140625,1261.5,1261.5,26699
2026-08-31 14:20:00+05:30,1263.300048828125,1263.5,1261.5999755859375,1261.5999755859375,64751
2026-08-31 14:25:00+05:30,1264.0,1265.5,1263.199951171875,1263.300048828125,167574
2026-08-31 14:30:00+05:30,1265.5,1265.5999755859375,1263.699951171875,1264.0999755859375,79395
2026-08-31 14:35:00+05:30,1265.4000244140625,1266.0,1264.699951171875,1265.699951171875,60015
2026-08-31 14:40:00+05:30,1265.5999755859375,1265.699951171875,1265.0,1265.5,57993
2026-08-31 14:45:00+05:30,1264.699951171875,1267.699951171875,1264.0999755859375,1265.699951171875,140582
2026-08-31 14:50:00+05:30,1266.199951171875,1266.5999755859375,1264.5999755859375,1264.5999755859375,106073
2026-08-31 14:55:00+05:30,1266.0999755859375,1266.300048828125,1265.4000244140625,1266.199951171875,110231
2026-08-31 15:00:00+05:30,1264.800048828125,1266.0,1264.800048828125,1266.0,193460
2026-08-31 15:05:00+05:30,1264.0,1264.800048828125,1262.800048828125,1264.699951171875,335004
2026-08-31 15:10:00+05:30,1262.199951171875,1264.300048828125,1262.0999755859375,1264.0999755859375,290445
2026-08-31 15:15:00+05:30,1300.0,1300.0,1260.0,1260.0,1473308
2026-09-01 09:15:00+05:30,1268.699951171875,1271.9000244140625,1265.0999755859375,1267.4000244140625,0
2026-09-01 09:20:00+05:30,1267.300048828125,1270.5999755859375,1267.300048828125,1269.0,109006
2026-09-01 09:25:00+05:30,1268.0999755859375,1269.199951171875,1265.9000244140625,1267.199951171875,177775
2026-09-01 09:30:00+05:30,1269.5,1269.5,1266.300048828125,1267.800048828125,94470
2026-09-01 09:35:00+05:30,1266.5999755859375,1269.800048828125,1266.5999755859375,1269.5,67790
2026-09-01 09:40:00+05:30,1265.5999755859375,1267.0,1264.699951171875,1266.9000244140625,88684
2026-09-01 09:45:00+05:30,1266.699951171875,1267.0999755859375,1265.5,1265.9000244140625,52860
2026-09-01 09:50:00+05:30,1264.800048828125,1266.9000244140625,1264.4000244140625,1266.199951171875,61444
2026-09-01 09:55:00+05:30,1265.199951171875,1265.699951171875,1264.5,1265.0,27815
2026-09-01 10:00:00+05:30,1267.199951171875,1267.699951171875,1264.9000244140625,1265.300048828125,40838
2026-09-01 10:05:00+05:30,1267.4000244140625,1268.5999755859375,1266.699951171875,1267.5,46975
2026-09-01 10:10:00+05:30,1267.4000244140625,1267.5999755859375,1266.5999755859375,1267.5999755859375,35653
2026-09-01 10:15:00+05:30,1268.4000244140625,1268.4000244140625,1267.0,1267.4000244140625,39263
2026-09-01 10:20:00+05:30,1268.800048828125,1269.5,1267.9000244140625,1268.199951171875,28731
2026-09-01 10:25:00+05:30,1268.5999755859375,1269.699951171875,1268.0,1268.699951171875,96918
2026-09-01 10:30:00+05:30,1267.5,1269.5,1266.9000244140625,1268.5,44891
2026-09-01 10:35:00+05:30,1268.0999755859375,1268.5,1267.699951171875,1268.0,18811
2026-09-01 10:40:00+05:30,1268.199951171875,1268.4000244140625,1267.199951171875,1268.0999755859375,43137
2026-09-01 10:45:00+05:30,1268.800048828125,1268.800048828125,1268.199951171875,1268.199951171875,37714
2026-09-01 10:50:00+05:30,1272.0,1272.5999755859375,1268.800048828125,1268.800048828125,69597
2026-09-01 10:55:00+05:30,1272.0,1272.699951171875,1271.4000244140625,1272.0,44185
2026-09-01 11:00:00+05:30,1271.9000244140625,1272.4000244140625,1270.0,1272.0999755859375,70375
2026-09-01 11:05:00+05:30,1271.9000244140625,1272.5,1271.199951171875,1271.800048828125,32880
2026-09-01 11:10:00+05:30,1273.300048828125,1273.300048828125,1271.9000244140625,1271.9000244140625,41565
2026-09-01 11:15:00+05:30,1272.699951171875,1273.4000244140625,1271.9000244140625,1273.199951171875,47821
2026-09-01 11:20:00+05:30,1273.699951171875,1275.0999755859375,1272.5999755859375,1273.300048828125,54192
2026-09-01 11:25:00+05:30,1273.0999755859375,1274.0,1272.0,1273.9000244140625,68015
2026-09-01 11:30:00+05:30,1272.699951171875,1273.9000244140625,1272.5,1273.199951171875,27916
2026-09-01 11:35:00+05:30,1272.5,1272.9000244140625,1272.0,1272.699951171875,17522
2026-09-01 11:40:00+05:30,1272.800048828125,1272.9000244140625,1272.0,1272.5,20718
2026-09-01 11:45:00+05:30,1272.9000244140625,1272.9000244140625,1271.699951171875,1272.800048828125,24687
2026-09-01 11:50:00+05:30,1272.300048828125,1272.699951171875,1271.699951171875,1272.5999755859375,24346
2026-09-01 11:55:00+05:30,1273.0999755859375,1273.699951171875,1272.199951171875,1272.9000244140625,60873
2026-09-01 12:00:00+05:30,1273.199951171875,1273.300048828125,1272.0,1273.0999755859375,28723
2026-09-01 12:05:00+05:30,1271.5,1273.199951171875,1271.199951171875,1273.0999755859375,23874
2026-09-01 12:10:00+05:30,1270.5999755859375,1272.300048828125,1270.5999755859375,1271.300048828125,44449
2026-09-01 12:15:00+05:30,1271.5,1272.0,1270.4000244140625,1271.0,117243
2026-09-01 12:20:00+05:30,1271.699951171875,1272.199951171875,1271.0,1271.5,30485
2026-09-01 12:25:00+05:30,1271.0999755859375,1272.5,1271.0999755859375,1271.699951171875,54647
2026-09-01 12:30:00+05:30,1269.300048828125,1271.0999755859375,1268.699951171875,1271.0999755859375,44502
2026-09-01 12:35:00+05:30,1269.5999755859375,1270.0,1268.699951171875,1269.300048828125,43670
2026-09-01 12:40:00+05:30,1269.5999755859375,1270.5,1269.0999755859375,1269.5999755859375,265728
2026-09-01 12:45:00+05:30,1271.5,1271.800048828125,1269.5999755859375,1269.9000244140625,70924
2026-09-01 12:50:00+05:30,1269.699951171875,1272.0999755859375,1269.300048828125,1271.5,68573
2026-09-01 12:55:00+05:30,1268.800048828125,1269.699951171875,1268.5999755859375,1269.699951171875,25059
2026-09-01 13:00:00+05:30,1269.5999755859375,1270.199951171875,1268.699951171875,1269.0,27685
2026-09-01 13:05:00+05:30,1269.300048828125,1269.5999755859375,1268.699951171875,1269.5999755859375,26791
2026-09-01 13:10:00+05:30,1267.0,1269.4000244140625,1266.5,1269.300048828125,40055
2026-09-01 13:15:00+05:30,1266.300048828125,1267.0999755859375,1265.5,1267.0999755859375,56373
2026-09-01 13:20:00+05:30,1266.5999755859375,1266.5999755859375,1265.9000244140625,1266.300048828125,27246
2026-09-01 13:25:00+05:30,1265.699951171875,1266.5999755859375,1265.0,1266.5999755859375,29571
2026-09-01 13:30:00+05:30,1265.5999755859375,1266.300048828125,1265.4000244140625,1265.699951171875,23739
2026-09-01 13:35:00+05:30,1264.0999755859375,1265.699951171875,1264.0,1265.699951171875,65500
2026-09-01 13:40:00+05:30,1263.9000244140625,1264.4000244140625,1262.300048828125,1264.0999755859375,130180
2026-09-01 13:45:00+05:30,1263.9000244140625,1264.4000244140625,1263.199951171875,1263.9000244140625,34108
2026-09-01 13:50:00+05:30,1262.4000244140625,1264.0,1261.699951171875,1264.0,64656
2026-09-01 13:55:00+05:30,1264.199951171875,1264.4000244140625,1262.0999755859375,1262.300048828125,43847
2026-09-01 14:00:00+05:30,1263.0,1264.0999755859375,1262.0,1264.0999755859375,56155
2026-09-01 14:05:00+05:30,1262.9000244140625,1263.699951171875,1262.0,1263.0999755859375,32527
2026-09-01 14:10:00+05:30,1262.0,1263.300048828125,1261.0999755859375,1262.9000244140625,49001
2026-09-01 14:15:00+05:30,1261.4000244140625,1262.0999755859375,1259.199951171875,1262.0,58955
2026-09-01 14:20:00+05:30,1261.300048828125,1262.0,1260.4000244140625,1261.5999755859375,54208
2026-09-01 14:25:00+05:30,1261.800048828125,1261.800048828125,1260.5,1261.199951171875,40532
2026-09-01 14:30:00+05:30,1261.5,1261.800048828125,1260.5999755859375,1261.800048828125,34299
2026-09-01 14:35:00+05:30,1259.4000244140625,1262.4000244140625,1259.300048828125,1261.800048828125,82354
2026-09-01 14:40:00+05:30,1260.800048828125,1260.9000244140625,1259.300048828125,1260.0,29615
2026-09-01 14:45:00+05:30,1260.699951171875,1261.9000244140625,1259.5,1260.699951171875,148475
2026-09-01 14:50:00+05:30,1260.5999755859375,1260.9000244140625,1259.9000244140625,1260.699951171875,133444
2026-09-01 14:55:00+05:30,1258.5,1261.300048828125,1258.5,1260.5,178814
2026-09-01 15:00:00+05:30,1257.4000244140625,1258.5,1257.199951171875,1258.199951171875,175844
2026-09-01 15:05:00+05:30,1257.5,1259.0,1257.0999755859375,1257.0999755859375,501696
2026-09-01 15:10:00+05:30,1258.0,1258.0999755859375,1255.9000244140625,1257.4000244140625,447783
2026-09-02 09:15:00+05:30,1255.800048828125,1256.5,1250.9000244140625,1254.699951171875,0
2026-09-02 09:20:00+05:30,1255.4000244140625,1260.0,1254.199951171875,1255.800048828125,156470
2026-09-02 09:25:00+05:30,1255.5999755859375,1256.5,1254.699951171875,1255.4000244140625,59590
2026-09-02 09:30:00+05:30,1255.300048828125,1255.5999755859375,1254.4000244140625,1255.5,41133
2026-09-02 09:35:00+05:30,1253.0999755859375,1255.4000244140625,1253.0999755859375,1255.4000244140625,37023
2026-09-02 09:40:00+05:30,1255.9000244140625,1256.0,1253.0999755859375,1253.199951171875,85943
2026-09-02 09:45:00+05:30,1255.199951171875,1255.9000244140625,1254.0999755859375,1255.9000244140625,142020
2026-09-02 09:50:00+05:30,1255.300048828125,1255.699951171875,1253.800048828125,1255.0999755859375,116341
2026-09-02 09:55:00+05:30,1257.4000244140625,1258.300048828125,1254.699951171875,1255.4000244140625,57743
2026-09-02 10:00:00+05:30,1254.300048828125,1257.4000244140625,1252.5,1257.4000244140625,51777
2026-09-02 10:05:00+05:30,1254.699951171875,1256.0999755859375,1254.0,1254.199951171875,108484
2026-09-02 10:10:00+05:30,1259.4000244140625,1259.5999755859375,1254.300048828125,1254.5999755859375,314866
2026-09-02 10:15:00+05:30,1261.699951171875,1262.300048828125,1259.300048828125,1259.4000244140625,109813
2026-09-02 10:20:00+05:30,1264.9000244140625,1266.800048828125,1261.699951171875,1261.699951171875,147738
2026-09-02 10:25:00+05:30,1262.699951171875,1264.5,1262.300048828125,1264.5,62478
2026-09-02 10:30:00+05:30,1263.5,1263.9000244140625,1262.5999755859375,1263.0,48798
2026-09-02 10:35:00+05:30,1264.0,1265.199951171875,1263.5,1263.5,46015
2026-09-02 10:40:00+05:30,1262.0999755859375,1264.699951171875,1261.5,1264.0,39136
2026-09-02 10:45:00+05:30,1261.5999755859375,1262.199951171875,1260.5999755859375,1262.199951171875,25048
2026-09-02 10:50:00+05:30,1260.199951171875,1262.0999755859375,1259.4000244140625,1261.800048828125,45333
2026-09-02 10:55:00+05:30,1259.5,1260.199951171875,1259.0,1260.199951171875,35954
2026-09-02 11:00:00+05:30,1257.4000244140625,1260.0,1257.4000244140625,1259.5999755859375,31956
2026-09-02 11:05:00+05:30,1258.0999755859375,1258.5999755859375,1257.199951171875,1257.5999755859375,41822
2026-09-02 11:10:00+05:30,1258.0999755859375,1258.300048828125,1257.5,1258.0999755859375,31212
2026-09-02 11:15:00+05:30,1258.4000244140625,1259.0999755859375,1257.300048828125,1258.0999755859375,46940
2026-09-02 11:20:00+05:30,1258.9000244140625,1260.5999755859375,1258.199951171875,1258.5,97477
2026-09-02 11:25:00+05:30,1257.5999755859375,1259.0999755859375,1257.5999755859375,1258.9000244140625,46446
2026-09-02 11:30:00+05:30,1256.699951171875,1257.5,1256.0999755859375,1257.5,58119
2026-09-02 11:35:00+05:30,1257.199951171875,1257.4000244140625,1256.300048828125,1257.0999755859375,51547
2026-09-02 11:40:00+05:30,1256.5,1257.199951171875,1256.0,1257.199951171875,60099
2026-09-02 11:45:00+05:30,1256.0,1256.5999755859375,1256.0,1256.4000244140625,56793
2026-09-02 11:50:00+05:30,1255.0,1256.199951171875,1254.5999755859375,1256.0999755859375,123522
2026-09-02 11:55:00+05:30,1254.5999755859375,1255.300048828125,1253.699951171875,1255.0,38544
2026-09-02 12:00:00+05:30,1253.9000244140625,1254.4000244140625,1253.0,1254.4000244140625,58652
2026-09-02 12:05:00+05:30,1253.9000244140625,1254.0,1253.300048828125,1253.9000244140625,36706
2026-09-02 12:10:00+05:30,1255.5999755859375,1256.0999755859375,1253.9000244140625,1254.0,77200
2026-09-02 12:15:00+05:30,1254.800048828125,1256.4000244140625,1254.800048828125,1255.5,51810
2026-09-02 12:20:00+05:30,1254.0,1255.0,1253.0,1254.800048828125,59591
2026-09-02 12:25:00+05:30,1255.300048828125,1255.4000244140625,1254.0,1254.0999755859375,60709
2026-09-02 12:30:00+05:30,1256.199951171875,1256.4000244140625,1254.4000244140625,1255.199951171875,52484
2026-09-02 12:35:00+05:30,1258.699951171875,1259.0,1256.0,1256.0999755859375,90990
2026-09-02 12:40:00+05:30,1260.0,1261.0,1257.5999755859375,1258.699951171875,155602
2026-09-02 12:45:00+05:30,1260.699951171875,1261.0,1258.5999755859375,1260.4000244140625,40427
2026-09-02 12:50:00+05:30,1259.9000244140625,1260.699951171875,1259.0,1260.699951171875,46596
2026-09-02 12:55:00+05:30,1259.199951171875,1259.800048828125,1258.4000244140625,1259.699951171875,42519
2026-09-02 13:00:00+05:30,1258.0,1259.699951171875,1258.0,1259.699951171875,36534
2026-09-02 13:05:00+05:30,1257.0999755859375,1258.0,1257.0,1258.0,49472
2026-09-02 13:10:00+05:30,1256.800048828125,1257.9000244140625,1256.800048828125,1257.0999755859375,52562
2026-09-02 13:15:00+05:30,1257.5,1257.5999755859375,1256.699951171875,1256.800048828125,69675
2026-09-02 13:20:00+05:30,1257.0,1257.699951171875,1256.0,1257.699951171875,55657
2026-09-02 13:25:00+05:30,1256.699951171875,1257.0,1256.5999755859375,1256.800048828125,32205
2026-09-02 13:30:00+05:30,1256.4000244140625,1256.699951171875,1256.300048828125,1256.5999755859375,35541
2026-09-02 13:35:00+05:30,1255.5999755859375,1257.0,1255.5,1256.4000244140625,40675
2026-09-02 13:40:00+05:30,1257.0999755859375,1257.5,1255.199951171875,1255.5,254133
2026-09-02 13:45:00+05:30,1257.5999755859375,1258.9000244140625,1257.199951171875,1257.199951171875,212709
2026-09-02 13:50:00+05:30,1257.0999755859375,1258.0,1257.0,1257.5999755859375,58181
2026-09-02 13:55:00+05:30,1258.0,1258.0,1255.800048828125,1257.199951171875,381950
2026-09-02 14:00:00+05:30,1259.0,1260.5,1258.0,1258.0,169567
2026-09-02 14:05:00+05:30,1259.0,1260.0999755859375,1257.800048828125,1258.9000244140625,136808
2026-09-02 14:10:00+05:30,1259.300048828125,1259.699951171875,1258.5,1258.9000244140625,68820
2026-09-02 14:15:00+05:30,1257.0999755859375,1259.5999755859375,1257.0,1259.300048828125,62330
2026-09-02 14:20:00+05:30,1255.5,1257.199951171875,1254.699951171875,1257.199951171875,63913
2026-09-02 14:25:00+05:30,1257.699951171875,1257.800048828125,1255.5,1255.699951171875,81062
2026-09-02 14:30:00+05:30,1258.0,1258.199951171875,1257.5999755859375,1257.699951171875,104236
2026-09-02 14:35:00+05:30,1257.5999755859375,1258.5,1257.5,1258.0999755859375,107702
2026-09-02 14:40:00+05:30,1255.0,1258.0,1254.9000244140625,1257.699951171875,67101
2026-09-02 14:45:00+05:30,1255.5999755859375,1256.0,1254.9000244140625,1255.0,61839
2026-09-02 14:50:00+05:30,1253.5999755859375,1255.300048828125,1253.4000244140625,1255.300048828125,76795
2026-09-02 14:55:00+05:30,1252.5,1253.699951171875,1252.0999755859375,1253.699951171875,84257
2026-09-02 15:00:00+05:30,1250.199951171875,1252.699951171875,1250.0999755859375,1252.5,83501
2026-09-02 15:05:00+05:30,1251.9000244140625,1252.4000244140625,1250.4000244140625,1250.4000244140625,178670
2026-09-02 15:10:00+05:30,1251.4000244140625,1253.300048828125,1251.4000244140625,1252.300048828125,139418
2026-09-02 15:15:00+05:30,1253.9000244140625,1253.9000244140625,1251.4000244140625,1251.4000244140625,169854
2026-09-03 09:15:00+05:30,1267.9000244140625,1270.9000244140625,1262.699951171875,1263.4000244140625,0
2026-09-03 09:20:00+05:30,1269.800048828125,1272.4000244140625,1266.699951171875,1268.199951171875,120976
2026-09-03 09:25:00+05:30,1267.800048828125,1270.4000244140625,1267.199951171875,1269.9000244140625,66301
2026-09-03 09:30:00+05:30,1274.4000244140625,1274.800048828125,1268.4000244140625,1268.4000244140625,105459
2026-09-03 09:35:00+05:30,1273.300048828125,1274.5,1272.800048828125,1274.5,75226
2026-09-03 09:40:00+05:30,1277.0999755859375,1278.699951171875,1273.4000244140625,1273.4000244140625,166601
2026-09-03 09:45:00+05:30,1278.0999755859375,1278.9000244140625,1276.300048828125,1277.4000244140625,113589
2026-09-03 09:50:00+05:30,1277.0999755859375,1278.199951171875,1276.0999755859375,1278.0,60365
2026-09-03 09:55:00+05:30,1274.699951171875,1277.800048828125,1274.5,1277.199951171875,48900
2026-09-03 10:00:00+05:30,1274.5999755859375,1275.199951171875,1274.300048828125,1274.5,18435
2026-09-03 10:05:00+05:30,1271.300048828125,1274.699951171875,1271.300048828125,1274.4000244140625,53618
2026-09-03 10:10:00+05:30,1271.9000244140625,1272.699951171875,1271.300048828125,1271.300048828125,27384
2026-09-03 10:15:00+05:30,1272.5999755859375,1272.699951171875,1271.5,1271.699951171875,9344
2026-09-03 10:20:00+05:30,1271.0999755859375,1272.699951171875,1271.0,1272.699951171875,14922
2026-09-03 10:25:00+05:30,1268.9000244140625,1270.9000244140625,1268.800048828125,1270.9000244140625,32249
2026-09-03 10:30:00+05:30,1268.300048828125,1269.300048828125,1268.0999755859375,1269.300048828125,13196
2026-09-03 10:35:00+05:30,1267.4000244140625,1269.0999755859375,1266.5,1268.5,57911
2026-09-03 10:40:00+05:30,1266.800048828125,1267.800048828125,1265.5999755859375,1267.4000244140625,25953
2026-09-03 10:45:00+05:30,1265.9000244140625,1266.699951171875,1265.800048828125,1266.699951171875,17751
2026-09-03 10:50:00+05:30,1267.699951171875,1268.5999755859375,1265.800048828125,1265.9000244140625,39043
2026-09-03 10:55:00+05:30,1268.800048828125,1269.0,1267.699951171875,1267.699951171875,22762
2026-09-03 11:00:00+05:30,1269.300048828125,1269.9000244140625,1268.699951171875,1268.800048828125,39925
2026-09-03 11:05:00+05:30,1268.4000244140625,1269.800048828125,1268.4000244140625,1269.0999755859375,16141
2026-09-03 11:10:00+05:30,1268.0999755859375,1268.4000244140625,1266.5999755859375,1268.0,38208
2026-09-03 11:15:00+05:30,1268.800048828125,1268.9000244140625,1267.5999755859375,1268.199951171875,10338
2026-09-03 11:20:00+05:30,1268.9000244140625,1269.5,1268.699951171875,1268.9000244140625,8209
2026-09-03 11:25:00+05:30,1268.800048828125,1269.300048828125,1268.800048828125,1268.9000244140625,8212
2026-09-03 11:30:00+05:30,1271.800048828125,1271.800048828125,1268.5999755859375,1268.800048828125,15059
2026-09-03 11:35:00+05:30,1271.5,1272.4000244140625,1271.5,1271.5,17305
2026-09-03 11:40:00+05:30,1272.0,1272.4000244140625,1271.4000244140625,1271.800048828125,10575
2026-09-03 11:45:00+05:30,1272.9000244140625,1273.4000244140625,1271.5999755859375,1272.0,22299
2026-09-03 11:50:00+05:30,1272.5999755859375,1273.5999755859375,1272.5,1273.0,37191
2026-09-03 11:55:00+05:30,1273.9000244140625,1274.199951171875,1272.0999755859375,1272.5999755859375,16702
2026-09-03 12:00:00+05:30,1272.699951171875,1274.0999755859375,1272.0999755859375,1273.9000244140625,21557
2026-09-03 12:05:00+05:30,1272.699951171875,1273.5999755859375,1272.5999755859375,1273.0,8113
2026-09-03 12:10:00+05:30,1273.699951171875,1274.0,1273.0,1273.0,8135
2026-09-03 12:15:00+05:30,1272.5,1273.800048828125,1272.5,1273.800048828125,13820
2026-09-03 12:20:00+05:30,1272.5999755859375,1273.0,1272.0999755859375,1272.5,16625
2026-09-03 12:25:00+05:30,1272.300048828125,1273.199951171875,1272.300048828125,1272.5999755859375,13467
2026-09-03 12:30:00+05:30,1272.9000244140625,1273.5,1271.800048828125,1271.800048828125,13578
2026-09-03 12:35:00+05:30,1273.5,1273.5,1272.199951171875,1272.800048828125,18516
2026-09-03 12:40:00+05:30,1273.300048828125,1273.699951171875,1272.5,1273.4000244140625,10642
2026-09-03 12:45:00+05:30,1272.4000244140625,1273.5,1272.300048828125,1273.300048828125,16923
2026-09-03 12:50:00+05:30,1273.0,1273.300048828125,1272.199951171875,1272.4000244140625,17826
2026-09-03 12:55:00+05:30,1273.0999755859375,1273.4000244140625,1271.9000244140625,1273.0,9088
2026-09-03 13:00:00+05:30,1272.5999755859375,1273.199951171875,1272.199951171875,1273.199951171875,8600
2026-09-03 13:05:00+05:30,1273.199951171875,1273.5,1272.5999755859375,1272.5999755859375,8071
2026-09-03 13:10:00+05:30,1275.5,1276.0,1273.199951171875,1273.300048828125,46300
2026-09-03 13:15:00+05:30,1274.699951171875,1276.5999755859375,1274.5999755859375,1275.5,39673
2026-09-03 13:20:00+05:30,1273.9000244140625,1275.4000244140625,1273.9000244140625,1274.9000244140625,25693
2026-09-03 13:25:00+05:30,1274.4000244140625,1274.9000244140625,1272.9000244140625,1273.9000244140625,14142
2026-09-03 13:30:00+05:30,1274.5,1275.0,1273.5999755859375,1274.4000244140625,15574
2026-09-03 13:35:00+05:30,1273.4000244140625,1275.9000244140625,1273.199951171875,1274.4000244140625,61460
2026-09-03 13:40:00+05:30,1273.5,1274.4000244140625,1272.0,1273.4000244140625,103234
2026-09-03 13:45:00+05:30,1273.0,1274.4000244140625,1272.5999755859375,1273.5,44390
2026-09-03 13:50:00+05:30,1272.300048828125,1273.699951171875,1272.0,1273.5,74777
2026-09-03 13:55:00+05:30,1274.0,1274.0,1272.0999755859375,1272.300048828125,40078
2026-09-03 14:00:00+05:30,1273.9000244140625,1275.0,1273.5999755859375,1274.0,40006
2026-09-03 14:05:00+05:30,1273.9000244140625,1274.0,1273.4000244140625,1274.0,23082
2026-09-03 14:10:00+05:30,1273.4000244140625,1273.800048828125,1273.199951171875,1273.800048828125,18439
2026-09-03 14:15:00+05:30,1275.5,1275.5999755859375,1272.800048828125,1273.5,57899
2026-09-03 14:20:00+05:30,1274.0,1275.800048828125,1273.800048828125,1275.4000244140625,46598
2026-09-03 14:25:00+05:30,1274.0999755859375,1274.300048828125,1273.800048828125,1274.0,22735
2026-09-03 14:30:00+05:30,1274.199951171875,1274.4000244140625,1273.699951171875,1274.199951171875,63213
2026-09-03 14:35:00+05:30,1273.699951171875,1274.199951171875,1273.4000244140625,1274.0999755859375,33512
2026-09-03 14:40:00+05:30,1272.199951171875,1273.800048828125,1272.0,1273.800048828125,39302
2026-09-03 14:45:00+05:30,1274.300048828125,1275.5,1271.5,1271.800048828125,233629
2026-09-03 14:50:00+05:30,1272.199951171875,1274.5,1271.9000244140625,1274.4000244140625,39490
2026-09-03 14:55:00+05:30,1270.0,1272.5999755859375,1269.9000244140625,1271.800048828125,56810
2026-09-03 15:00:00+05:30,1269.9000244140625,1273.0,1269.300048828125,1269.9000244140625,80135
2026-09-03 15:05:00+05:30,1270.5999755859375,1271.199951171875,1268.5,1269.800048828125,152190
2026-09-03 15:10:00+05:30,1270.0,1273.5,1269.5,1270.0999755859375,147409
2026-09-03 15:15:00+05:30,1267.0,1270.5,1267.0,1270.5,140845
2026-09-04 09:15:00+05:30,1265.0,1269.9000244140625,1262.9000244140625,1269.9000244140625,0
2026-09-04 09:20:00+05:30,1265.800048828125,1266.0,1264.5,1265.300048828125,10818
2026-09-04 09:25:00+05:30,1264.4000244140625,1266.0,1263.0999755859375,1266.0,33962
2026-09-04 09:30:00+05:30,1264.300048828125,1264.5999755859375,1262.300048828125,1264.5,26018
2026-09-04 09:35:00+05:30,1265.300048828125,1265.5,1263.5,1264.0,36025
2026-09-04 09:40:00+05:30,1267.199951171875,1267.199951171875,1265.300048828125,1265.300048828125,45436
2026-09-04 09:45:00+05:30,1268.0,1269.5,1267.300048828125,1267.300048828125,18003
2026-09-04 09:50:00+05:30,1266.800048828125,1269.5,1266.0999755859375,1268.0,19861
2026-09-04 09:55:00+05:30,1264.199951171875,1266.800048828125,1264.199951171875,1266.800048828125,33004
2026-09-04 10:00:00+05:30,1265.5999755859375,1266.0,1264.4000244140625,1264.9000244140625,124235
2026-09-04 10:05:00+05:30,1263.9000244140625,1266.0,1263.699951171875,1265.9000244140625,16360
2026-09-04 10:10:00+05:30,1263.5999755859375,1264.199951171875,1263.300048828125,1263.800048828125,23657
2026-09-04 10:15:00+05:30,1262.9000244140625,1263.9000244140625,1262.5999755859375,1263.5999755859375,87152
2026-09-04 10:20:00+05:30,1264.5999755859375,1265.0999755859375,1262.800048828125,1263.0,22168
2026-09-04 10:25:00+05:30,1265.300048828125,1265.5,1264.300048828125,1264.5999755859375,14672
2026-09-04 10:30:00+05:30,1266.0,1266.800048828125,1265.0999755859375,1265.199951171875,15929
2026-09-04 10:35:00+05:30,1268.4000244140625,1269.0,1266.0,1266.0,28213
2026-09-04 10:40:00+05:30,1267.5999755859375,1269.199951171875,1267.5,1268.5999755859375,27093
2026-09-04 10:45:00+05:30,1267.5,1268.0,1267.0,1267.5,25605
2026-09-04 10:50:00+05:30,1268.0,1268.0999755859375,1267.5,1267.5,14026
2026-09-04 10:55:00+05:30,1267.699951171875,1268.0999755859375,1266.800048828125,1268.0,17079
2026-09-04 11:00:00+05:30,1268.0,1268.199951171875,1267.300048828125,1267.5,44005
2026-09-04 11:05:00+05:30,1267.800048828125,1268.300048828125,1267.699951171875,1268.0,39719
2026-09-04 11:10:00+05:30,1269.0,1270.699951171875,1267.699951171875,1267.699951171875,41310
2026-09-04 11:15:00+05:30,1269.9000244140625,1269.9000244140625,1268.0,1269.300048828125,15220
2026-09-04 11:20:00+05:30,1268.5999755859375,1270.0,1268.5999755859375,1269.5,8550
2026-09-04 11:25:00+05:30,1268.0,1269.0999755859375,1268.0,1268.800048828125,12623
2026-09-04 11:30:00+05:30,1268.0999755859375,1268.9000244140625,1268.0,1268.0,11254
2026-09-04 11:35:00+05:30,1274.300048828125,1276.800048828125,1268.0999755859375,1268.0999755859375,438363
2026-09-04 11:40:00+05:30,1270.5,1273.9000244140625,1270.0,1273.9000244140625,35378
2026-09-04 11:45:00+05:30,1271.199951171875,1271.5,1269.800048828125,1270.0999755859375,15582
2026-09-04 11:50:00+05:30,1274.5,1274.9000244140625,1271.199951171875,1271.199951171875,18306
2026-09-04 11:55:00+05:30,1273.5,1274.5,1273.0999755859375,1274.4000244140625,13998
2026-09-04 12:00:00+05:30,1272.5999755859375,1273.699951171875,1272.4000244140625,1273.5,18887
2026-09-04 12:05:00+05:30,1273.0999755859375,1273.300048828125,1272.0999755859375,1272.699951171875,12621
2026-09-04 12:10:00+05:30,1272.5999755859375,1273.0,1271.699951171875,1272.9000244140625,15780
2026-09-04 12:15:00+05:30,1273.0,1274.0,1272.199951171875,1272.5999755859375,15736
2026-09-04 12:20:00+05:30,1273.699951171875,1274.5,1273.0,1273.300048828125,12398
2026-09-04 12:25:00+05:30,1275.0,1275.699951171875,1273.5999755859375,1274.0999755859375,17406
2026-09-04 12:30:00+05:30,1274.5,1274.800048828125,1273.5999755859375,1274.800048828125,23962
2026-09-04 12:35:00+05:30,1273.699951171875,1274.5999755859375,1273.0999755859375,1274.5,13131
2026-09-04 12:40:00+05:30,1273.199951171875,1273.9000244140625,1273.0999755859375,1273.5,34148
2026-09-04 12:45:00+05:30,1273.5,1273.5999755859375,1273.0,1273.300048828125,16506
2026-09-04 12:50:00+05:30,1273.800048828125,1274.199951171875,1273.0999755859375,1273.5,30701
2026-09-04 12:55:00+05:30,1273.9000244140625,1274.0,1273.0,1273.699951171875,11648
2026-09-04 13:00:00+05:30,1275.5,1276.300048828125,1273.699951171875,1274.0999755859375,50525
2026-09-04 13:05:00+05:30,1275.0,1275.699951171875,1274.300048828125,1275.5999755859375,30847
2026-09-04 13:10:00+05:30,1274.0,1275.5999755859375,1274.0,1275.199951171875,34774
2026-09-04 13:15:00+05:30,1275.0999755859375,1275.300048828125,1273.800048828125,1274.0,31209
2026-09-04 13:20:00+05:30,1275.5999755859375,1276.0,1275.0,1275.0999755859375,49345
2026-09-04 13:25:00+05:30,1275.699951171875,1276.300048828125,1275.0,1275.5999755859375,29271
2026-09-04 13:30:00+05:30,1275.0999755859375,1276.0,1275.0,1275.699951171875,16944
2026-09-04 13:35:00+05:30,1278.9000244140625,1279.4000244140625,1275.0999755859375,1275.0999755859375,215027
2026-09-04 13:40:00+05:30,1278.5,1279.300048828125,1277.5999755859375,1278.9000244140625,90566
2026-09-04 13:45:00+05:30,1278.5,1278.800048828125,1278.0,1278.699951171875,22783
2026-09-04 13:50:00+05:30,1278.5,1278.9000244140625,1278.5,1278.5,12224
2026-09-04 13:55:00+05:30,1279.5,1280.5,1278.5,1278.5999755859375,120340
2026-09-04 14:00:00+05:30,1279.300048828125,1279.5,1278.5999755859375,1279.0999755859375,18083
2026-09-04 14:05:00+05:30,1278.800048828125,1279.5,1278.800048828125,1278.9000244140625,14696
2026-09-04 14:10:00+05:30,1280.300048828125,1280.5999755859375,1278.699951171875,1278.800048828125,59262
2026-09-04 14:15:00+05:30,1278.800048828125,1280.5,1278.800048828125,1280.5,19968
2026-09-04 14:20:00+05:30,1279.0999755859375,1280.199951171875,1278.5999755859375,1279.199951171875,20671
2026-09-04 14:25:00+05:30,1279.5,1279.800048828125,1279.0999755859375,1279.199951171875,18039
2026-09-04 14:30:00+05:30,1280.0999755859375,1280.5,1279.300048828125,1279.699951171875,196289
2026-09-04 14:35:00+05:30,1278.5,1280.4000244140625,1278.5,1280.0999755859375,35966
2026-09-04 14:40:00+05:30,1278.5999755859375,1278.9000244140625,1277.5999755859375,1278.699951171875,54708
2026-09-04 14:45:00+05:30,1279.300048828125,1279.300048828125,1278.5,1278.699951171875,24660
2026-09-04 14:50:00+05:30,1279.4000244140625,1279.800048828125,1278.9000244140625,1279.5,40753
2026-09-04 14:55:00+05:30,1279.0999755859375,1279.800048828125,1278.9000244140625,1279.0,188228
2026-09-04 15:00:00+05:30,1277.9000244140625,1280.0,1277.9000244140625,1279.199951171875,377829
2026-09-04 15:05:00+05:30,1276.0,1279.0999755859375,1276.0,1278.5,155767
2026-09-04 15:10:00+05:30,1273.0,1276.5,1271.0,1276.5,181715
2026-09-04 15:15:00+05:30,1273.0,1273.0,1273.0,1273.0,82333
2026-09-07 09:15:00+05:30,1267.0999755859375,1271.0,1265.300048828125,1271.0,0
2026-09-07 09:20:00+05:30,1268.0,1268.4000244140625,1266.0999755859375,1266.4000244140625,36901
2026-09-07 09:25:00+05:30,1266.199951171875,1268.5,1266.0,1268.0999755859375,35184
2026-09-07 09:30:00+05:30,1266.800048828125,1266.9000244140625,1266.0,1266.0,21109
2026-09-07 09:35:00+05:30,1268.0999755859375,1268.800048828125,1266.9000244140625,1266.9000244140625,15033
2026-09-07 09:40:00+05:30,1267.4000244140625,1268.5,1267.0999755859375,1268.0999755859375,14049
2026-09-07 09:45:00+05:30,1266.699951171875,1268.0999755859375,1266.699951171875,1267.4000244140625,20947
2026-09-07 09:50:00+05:30,1266.0,1266.699951171875,1265.800048828125,1266.699951171875,11262
2026-09-07 09:55:00+05:30,1266.199951171875,1267.5,1266.0,1266.0999755859375,12869
2026-09-07 10:00:00+05:30,1266.5,1267.4000244140625,1265.5,1266.199951171875,53898
2026-09-07 10:05:00+05:30,1266.5,1266.800048828125,1266.300048828125,1266.4000244140625,10186
2026-09-07 10:10:00+05:30,1265.9000244140625,1266.4000244140625,1265.699951171875,1266.4000244140625,6903
2026-09-07 10:15:00+05:30,1265.5,1266.4000244140625,1264.199951171875,1265.9000244140625,32999
2026-09-07 10:20:00+05:30,1265.199951171875,1265.800048828125,1265.199951171875,1265.5,5340
2026-09-07 10:25:00+05:30,1264.800048828125,1265.199951171875,1264.5999755859375,1265.0999755859375,6999
2026-09-07 10:30:00+05:30,1265.699951171875,1265.800048828125,1264.800048828125,1264.800048828125,11502
2026-09-07 10:35:00+05:30,1268.0,1268.199951171875,1265.5,1265.5,26667
2026-09-07 10:40:00+05:30,1268.0999755859375,1268.5,1267.800048828125,1267.9000244140625,14530
2026-09-07 10:45:00+05:30,1267.5999755859375,1268.300048828125,1266.9000244140625,1268.0999755859375,22899
2026-09-07 10:50:00+05:30,1267.699951171875,1268.0,1267.300048828125,1267.800048828125,8586
2026-09-07 10:55:00+05:30,1268.0,1268.0,1267.4000244140625,1267.5999755859375,7314
2026-09-07 11:00:00+05:30,1267.9000244140625,1268.9000244140625,1267.5,1267.800048828125,11822
2026-09-07 11:05:00+05:30,1267.4000244140625,1267.9000244140625,1267.300048828125,1267.800048828125,8902
2026-09-07 11:10:00+05:30,1268.5,1268.5,1267.0999755859375,1267.4000244140625,14493
2026-09-07 11:15:00+05:30,1268.4000244140625,1268.5,1267.4000244140625,1268.4000244140625,10376
2026-09-07 11:20:00+05:30,1268.9000244140625,1269.5,1268.0,1268.4000244140625,14708
2026-09-07 11:25:00+05:30,1268.5,1269.199951171875,1268.199951171875,1268.5,12782
2026-09-07 11:30:00+05:30,1268.5999755859375,1269.300048828125,1268.300048828125,1268.699951171875,16684
2026-09-07 11:35:00+05:30,1266.0999755859375,1268.5999755859375,1266.0,1268.5,22903
2026-09-07 11:40:00+05:30,1267.5999755859375,1267.699951171875,1266.0,1266.4000244140625,11520
2026-09-07 11:45:00+05:30,1268.0999755859375,1268.9000244140625,1267.5999755859375,1267.699951171875,10725
2026-09-07 11:50:00+05:30,1268.300048828125,1268.5999755859375,1267.800048828125,1268.300048828125,15022
2026-09-07 11:55:00+05:30,1269.0,1269.199951171875,1268.199951171875,1268.5,8890
2026-09-07 12:00:00+05:30,1268.5,1269.300048828125,1268.5,1269.0,6226
2026-09-07 12:05:00+05:30,1269.0,1269.199951171875,1268.5,1268.5,9327
2026-09-07 12:10:00+05:30,1268.0,1269.0,1267.5999755859375,1268.699951171875,24470
2026-09-07 12:15:00+05:30,1266.800048828125,1268.800048828125,1266.5999755859375,1268.0999755859375,13922
2026-09-07 12:20:00+05:30,1266.5999755859375,1266.5999755859375,1266.0,1266.4000244140625,5877
2026-09-07 12:25:00+05:30,1264.800048828125,1267.0999755859375,1264.800048828125,1266.5999755859375,34830
2026-09-07 12:30:00+05:30,1265.0,1265.199951171875,1264.0999755859375,1264.5,19992
2026-09-07 12:35:00+05:30,1264.5,1266.0999755859375,1264.0999755859375,1265.0,41314
2026-09-07 12:40:00+05:30,1263.300048828125,1265.4000244140625,1263.0999755859375,1264.5,43844
2026-09-07 12:45:00+05:30,1262.5999755859375,1263.5,1262.0999755859375,1263.5,15606
2026-09-07 12:50:00+05:30,1262.5999755859375,1263.0999755859375,1262.0999755859375,1262.5999755859375,10923
2026-09-07 12:55:00+05:30,1264.0999755859375,1264.300048828125,1262.5999755859375,1262.5999755859375,7377
2026-09-07 13:00:00+05:30,1264.300048828125,1264.5999755859375,1263.699951171875,1264.0999755859375,11634
2026-09-07 13:05:00+05:30,1264.5,1264.5999755859375,1264.0999755859375,1264.0999755859375,6863
2026-09-07 13:10:00+05:30,1264.5,1264.5,1264.0,1264.300048828125,9554
2026-09-07 13:15:00+05:30,1264.4000244140625,1264.800048828125,1264.0999755859375,1264.5,7394
2026-09-07 13:20:00+05:30,1264.0999755859375,1264.699951171875,1263.4000244140625,1264.5,25380
2026-09-07 13:25:00+05:30,1263.5999755859375,1264.5999755859375,1263.5,1264.300048828125,16479
2026-09-07 13:30:00+05:30,1263.800048828125,1264.199951171875,1263.5999755859375,1263.800048828125,5932
2026-09-07 13:35:00+05:30,1263.9000244140625,1264.4000244140625,1263.699951171875,1263.9000244140625,9171
2026-09-07 13:40:00+05:30,1264.300048828125,1264.699951171875,1263.699951171875,1263.800048828125,6510
2026-09-07 13:45:00+05:30,1263.9000244140625,1264.800048828125,1263.9000244140625,1264.300048828125,12171
2026-09-07 13:50:00+05:30,1264.4000244140625,1264.9000244140625,1262.699951171875,1264.0,18494
2026-09-07 13:55:00+05:30,1264.5,1264.9000244140625,1264.0,1264.5,19414
2026-09-07 14:00:00+05:30,1264.800048828125,1265.0,1264.0,1264.199951171875,8193
2026-09-07 14:05:00+05:30,1265.0999755859375,1265.0999755859375,1264.4000244140625,1265.0,11104
2026-09-07 14:10:00+05:30,1265.5,1265.5,1265.0,1265.199951171875,13187
2026-09-07 14:15:00+05:30,1265.199951171875,1265.800048828125,1264.9000244140625,1265.4000244140625,18569
2026-09-07 14:20:00+05:30,1266.5999755859375,1266.800048828125,1265.4000244140625,1265.4000244140625,37543
2026-09-07 14:25:00+05:30,1267.5999755859375,1267.699951171875,1266.4000244140625,1266.5,17970
2026-09-07 14:30:00+05:30,1267.4000244140625,1267.699951171875,1266.9000244140625,1267.699951171875,17994
2026-09-07 14:35:00+05:30,1266.5,1267.4000244140625,1266.0,1267.300048828125,64052
2026-09-07 14:40:00+05:30,1265.0,1266.699951171875,1264.5,1266.5,29054
2026-09-07 14:45:00+05:30,1264.0,1265.199951171875,1263.5999755859375,1264.5999755859375,29815
2026-09-07 14:50:00+05:30,1264.800048828125,1265.5,1264.300048828125,1264.5999755859375,44299
2026-09-07 14:55:00+05:30,1263.9000244140625,1266.0,1263.699951171875,1264.800048828125,53353
2026-09-07 15:00:00+05:30,1264.0999755859375,1264.300048828125,1263.199951171875,1263.699951171875,42568
2026-09-07 15:05:00+05:30,1263.800048828125,1264.4000244140625,1263.800048828125,1264.0999755859375,68252
2026-09-07 15:10:00+05:30,1266.0,1266.0,1262.9000244140625,1264.0,90076
2026-09-07 15:15:00+05:30,1266.0,1266.0,1266.0,1266.0,63646
