Price,Close,High,Low,Open,Volume
Ticker,BHARTIARTL.NS,BHARTIARTL.NS,BHARTIARTL.NS,BHARTIARTL.NS,BHARTIARTL.NS
2002-07-01,14.235882759094238,14.52223684951463,13.704082429133221,13.929073877495986,847376
2002-07-02,14.522235870361328,14.563143718482907,13.7040815051435,13.7040815051435,676474
2002-07-03,14.379057884216309,14.72677284925438,14.297242190918933,14.72677284925438,574661
2002-07-04,14.726774215698242,14.829043841809188,14.419967068841338,14.62450632106323,1148300
2002-07-05,13.990434646606445,14.501780982671903,13.908618955799858,14.338149601058726,903273
2002-07-08,13.908618927001953,14.194972978494254,13.806350179443328,14.01088767456058,572054
2002-07-09,13.724535942077637,14.051797007803879,13.683628092427368,14.031343948716696,657548
2002-07-10,13.683629035949707,14.09270582918341,13.642721183478734,13.99043706374399,840243
2002-07-11,13.335912704467773,13.908620888207954,13.295004853380906,13.908620888207954,1105675
2002-07-12,13.131376266479492,13.58136006843493,13.070013619036494,13.58136006843493,1212941
2002-07-15,13.008651733398438,13.233644050474147,12.947289956267428,13.090467436239782,613201
2002-07-16,12.988195419311523,13.090465029057023,12.66093353386375,12.66093353386375,490166
2002-07-17,12.78365707397461,13.070011135105245,12.70184224632149,12.92683453740887,490399
2002-07-18,12.926836013793945,13.192736181945516,12.885928162426321,13.131375270632066,246819
2002-07-19,12.926836013793945,13.070012627842644,12.885928162426321,13.049559567896818,273717
2002-07-22,12.865473747253418,13.049559071403884,12.681389288840906,13.00865122159267,430722
2002-07-23,12.722295761108398,12.885926276897731,12.497302611508507,12.885926276897731,485732
2002-07-24,12.599574089050293,12.763205494786497,12.476851400486128,12.763205494786497,250128
2002-07-25,12.763205528259277,13.090467474851975,12.742750736750619,12.885928217145295,393443
2002-07-26,12.476850509643555,12.681388886471856,12.333673905585123,12.5177583581568,437573
2002-07-29,12.476850509643555,12.885927263300157,12.374581754098367,12.885927263300157,491284
2002-07-30,12.45639705657959,12.885928646331866,12.41549093515179,12.885928646331866,467602
2002-07-31,12.824564933776855,12.926834550620134,11.985956672875641,12.476849967985489,948395
2002-08-01,12.37458324432373,12.7222982670845,12.231405757285035,12.681390413644873,616734
2002-08-02,12.333674430847168,12.395035340492326,12.190496954953218,12.313219639981497,280372
2002-08-05,12.354126930236816,12.476850475440125,12.313219081835713,12.39503477863792,132945
2002-08-06,12.272310256958008,12.415488580707455,12.231403277549694,12.415488580707455,270422
2002-08-07,12.272310256958008,12.497302539524084,12.190495432403525,12.456394694377915,294814
2002-08-08,12.272310256958008,12.415488580707455,12.21094935497661,12.415488580707455,182438
2002-08-09,12.272310256958008,12.354125947250346,12.21094935497661,12.251857200122778,225134
2002-08-12,12.37458324432373,12.395036305305513,12.190497903845408,12.272312744986632,165155
2002-08-13,12.415489196777344,12.476850101803537,12.272310865923235,12.333673502425222,70647
2002-08-14,12.395033836364746,12.476849526947305,12.333672934165685,12.333672934165685,82282
2002-08-15,12.395033836364746,12.395033836364746,12.395033836364746,12.395033836364746,0
2002-08-16,12.824564933776855,12.988196320726102,12.374581216880099,12.476849967985489,329959
2002-08-19,13.19273567199707,13.295004430725074,12.59957358157042,12.763204980715953,380885
2002-08-20,13.540451049804688,13.74499030456894,13.131375137490119,13.417728362684114,662703
2002-08-21,13.601812362670898,13.806350731707699,13.090466007209951,13.806350731707699,277827
2002-08-22,13.213189125061035,13.704082471394086,13.151828214290136,13.704082471394086,189859
2002-08-23,13.315457344055176,13.49954178837122,13.131373765477019,13.29500342071585,171919
2002-08-26,13.233641624450684,13.499540878463778,13.172278992830835,13.417726056358914,96891
2002-08-27,13.131376266479492,13.31545988011822,13.110921473506457,13.233645036916347,130388
2002-08-28,13.0700101852417,13.213186772532708,12.865471832366904,13.213186772532708,178874
2002-08-29,12.722295761108398,13.131373349188522,12.701841838417499,13.090465503806723,132889
2002-08-30,13.295003890991211,13.458635283493841,12.62002699413161,12.681388766320097,475193
2002-09-02,13.479090690612793,13.847260498514201,13.356367132732984,13.49954375118808,460012
2002-09-03,13.27454948425293,13.397272150425959,13.131372896094758,13.397272150425959,210570
2002-09-04,13.458635330200195,13.744989402335635,13.090466427267431,13.090466427267431,394284
2002-09-05,13.499541282653809,13.704080508384655,13.458634303245494,13.622264818092317,249955
2002-09-06,13.295003890991211,13.704081506509871,13.213188194739894,13.704081506509871,233069
2002-09-09,13.029104232788086,13.458635788486383,12.988197248865443,13.131374722677524,447204
2002-09-10,13.029104232788086,13.029104232788086,13.029104232788086,13.029104232788086,0
2002-09-11,13.049556732177734,13.335909898049481,12.96774104722135,13.335909898049481,85711
2002-09-12,13.295003890991211,14.031343425777214,13.008650685587442,13.090466381838757,563086
2002-09-13,13.929072380065918,14.113157689234976,13.295003356808374,13.47908866597743,2817563
2002-09-16,14.010890007019043,14.460875514696916,13.274552131654168,13.99043694669269,1095474
2002-09-17,14.256335258483887,14.338150957027844,13.908620271147955,14.215427409211909,2655073
2002-09-18,14.031343460083008,14.41996628675108,13.969980822006574,14.276789683699139,432522
2002-09-19,12.84501838684082,14.31769552177985,12.53820956822294,13.744987458502072,7152614
2002-09-20,13.785897254943848,13.969981718028475,12.68138961069811,12.885927999207471,1271550
2002-09-23,13.356365203857422,13.867711556367228,13.295003433779153,13.847258498745692,173040
2002-09-24,12.74275016784668,13.295004407523175,12.681389259012143,13.295004407523175,1048120
2002-09-25,12.947288513183594,13.335911326888734,12.64048052746286,12.68138837432401,752213
2002-09-26,12.824564933776855,13.13137378430669,12.763204029408778,12.885926703882824,336088
2002-09-27,13.090465545654297,13.233642139210438,12.783656704310005,13.049557700141724,298476
2002-09-30,12.804113388061523,13.090467483297632,12.763205536493794,13.090467483297632,205277
2002-10-01,13.110919952392578,13.15182780211646,12.82456587006336,12.885927644649183,404042
2002-10-02,13.110919952392578,13.110919952392578,13.110919952392578,13.110919952392578,0
2002-10-03,13.090465545654297,13.172279505203717,12.783656704310005,13.172279505203717,274210
2002-10-04,13.110919952392578,13.172280861240449,12.988197268958887,13.172280861240449,239927
2002-10-07,13.029104232788086,13.131374722677524,12.885927624713956,13.070012082448681,300287
2002-10-08,13.090465545654297,15.115395241148002,12.804111492804154,13.11091860267272,625859
2002-10-09,12.926836013793945,13.254097093258967,12.906382088110133,13.172281390523716,181819
2002-10-10,12.84501838684082,12.967741048550172,12.804110544358435,12.885925363585406,96323
2002-10-11,12.804113388061523,13.029104840208047,12.742750744971937,13.029104840208047,121059
2002-10-14,12.722295761108398,13.049557658424925,12.6813879157266,13.049557658424925,84089
2002-10-15,12.722295761108398,12.722295761108398,12.722295761108398,12.722295761108398,0
2002-10-16,12.435942649841309,12.885927251602673,12.354126952889088,12.865473327364619,493002
2002-10-17,12.251858711242676,12.476851021558856,12.210950861051014,12.415490112009325,296721
2002-10-18,12.190494537353516,12.354125040186265,12.170040616282199,12.272309355900994,331175
2002-10-21,12.129134178161621,12.272310776496626,12.067772407844664,12.149588101600607,146979
2002-10-22,11.863235473632812,12.14958957066515,11.760966709809976,12.067773867016482,189950
2002-10-23,11.372343063354492,11.904143409342277,11.249620372754697,11.822327705117079,309574
2002-10-24,11.270074844360352,11.454160201919011,11.249621781480835,11.454160201919011,229266
2002-10-25,10.84054183959961,11.249619461864267,10.676911310136505,11.147349839863619,421009
2002-10-28,10.186017036437988,10.840540824475715,9.858756873894828,10.840540824475715,772620
2002-10-29,10.26783275604248,10.411010213849705,9.920117804272074,10.329194523674149,807582
2002-10-30,10.656457901000977,11.045081617656368,9.77694257222052,9.77694257222052,850942
2002-10-31,10.61555004119873,10.840541470462997,10.370102956755016,10.840541470462997,301904
2002-11-01,10.59509563446045,10.738273105557633,10.349649406888924,10.431465104658743,128283
2002-11-04,10.697365760803223,10.922358074535415,10.55418828295857,10.636003984584086,62681
2002-11-05,10.41100788116455,10.574639224852508,10.349646127281567,10.554184441153852,152069
2002-11-06,10.41100788116455,10.41100788116455,10.41100788116455,10.41100788116455,0
2002-11-07,10.288288116455078,10.513279545473905,10.247380269092417,10.390556869123825,149218
2002-11-08,10.186017036437988,10.267832726377167,10.124656134721457,10.267832726377167,158651
2002-11-11,10.042840957641602,10.226925403667572,9.940572205732906,10.226925403667572,678927
2002-11-12,10.001934051513672,10.104202804191207,9.981480127830585,10.06329495682503,81242
2002-11-13,10.042840957641602,10.226925403667572,9.981480052791541,10.226925403667572,166349
2002-11-14,9.756485939025879,10.329194010315609,9.736032883236357,10.329194010315609,399921
2002-11-15,9.408771514892578,9.920117849337036,9.367863669618965,9.81784910189086,1118961
2002-11-18,9.347408294677734,10.02238590534555,9.183777804744365,10.02238590534555,817245
2002-11-19,9.347408294677734,9.347408294677734,9.347408294677734,9.347408294677734,0
2002-11-20,9.347408294677734,9.654216220823312,9.306500455759961,9.592854462446653,674304
2002-11-21,9.10196590423584,9.449680914790548,9.061058052232227,9.32695735877971,697310
2002-11-22,9.183781623840332,9.388320037749228,8.91788142603734,8.91788142603734,485796
2002-11-25,9.470131874084473,9.61330932433288,9.20423262652733,9.22468654799139,875616
2002-11-26,9.838305473327637,9.96102905049421,9.59285918473264,9.613313114260402,990327
2002-11-27,9.797395706176758,9.920119259442261,9.695126944193486,9.89966533389801,490652
2002-11-28,9.879212379455566,9.981482017229668,9.838304524345926,9.920120234565207,308593
2002-11-29,10.206473350524902,10.329196038042818,9.51104161355078,9.92011925866579,1327261
2002-12-02,10.370101928710938,10.59509420140841,10.22692447697939,10.329194085359067,586172
2002-12-03,10.247379302978516,10.574641185287934,10.145109694213755,10.574641185287934,528863
2002-12-04,9.961026191711426,10.165564562549038,9.899664420738771,10.165564562549038,194617
2002-12-05,9.879212379455566,10.145112571930165,9.838304524345926,10.145112571930165,325432
2002-12-06,9.838305473327637,10.165567480033683,9.817852409538025,10.14511355050592,421954
2002-12-09,9.67467212677002,9.981480115912081,9.613310355794027,9.879210497618761,306480
2002-12-10,9.776942253112793,10.001934559311708,9.633764780062062,10.001934559311708,231620
2002-12-11,9.715580940246582,10.001935034206264,9.633765237475819,9.817850568710035,206955
2002-12-12,9.347408294677734,9.817847576494406,9.245139563121025,9.817847576494406,655730
2002-12-13,9.10196590423584,9.490588766794161,9.020150200228615,9.408773062786935,637123
2002-12-16,9.408771514892578,9.511040262338755,9.306501901708543,9.367863669618965,494939
2002-12-17,9.551948547363281,9.695126012412508,9.36786410089503,9.36786410089503,647098
2002-12-18,10.26783275604248,10.329194523674149,9.776941212202704,10.104202241429222,1805559
2002-12-19,10.49282455444336,10.717816807749893,10.226923595572849,10.267831435399081,1655431
2002-12-20,10.124656677246094,10.59509518812888,10.022387925079952,10.59509518812888,767909
2002-12-23,9.6951265335083,10.145111144944519,9.511041211407893,10.145111144944519,444261
2002-12-24,9.817850112915039,10.32919563427906,9.449680333276923,10.32919563427906,673374
2002-12-25,9.817850112915039,9.817850112915039,9.817850112915039,9.817850112915039,0
2002-12-26,9.592857360839844,9.94057323096233,9.511041658284439,9.92011930532348,702938
2002-12-27,9.20423412322998,9.817850135456355,9.020149665857247,9.776942285876205,1651282
2002-12-30,9.265594482421875,9.531494598342722,9.204232717423722,9.30650146001616,954506
2002-12-31,9.326955795288086,9.408771485580424,9.204233125587434,9.34740971786117,758433
2003-01-01,9.265594482421875,9.551947654270954,9.224686639089773,9.551947654270954,186612
2003-01-02,9.265594482421875,9.511039810938852,9.204232717423722,9.408771068346415,609537
2003-01-03,9.224686622619629,9.817848618400419,9.204232700990097,9.490586738065726,593553
2003-01-06,9.081509590148926,9.408771485580424,9.040601745002757,9.306501872715002,298014
2003-01-07,9.040602684020996,9.163326232206403,9.020149625061373,9.06105747445651,373857
2003-01-08,8.856518745422363,9.347411235396176,8.815611759372876,9.347411235396176,429934
2003-01-09,8.795156478881836,8.999694860712445,8.631525946564938,8.631525946564938,392757
2003-01-10,8.488348007202148,8.836062942037108,8.447440164106785,8.815609886227238,500997
2003-01-13,8.733796119689941,8.897426662298919,8.590618637386335,8.651980415516451,824368
2003-01-14,8.692887306213379,8.958787449631993,8.631525534869567,8.87697175450691,1506564
2003-01-15,8.876972198486328,8.979241822507671,8.692887740985862,8.692887740985862,669464
2003-01-16,8.71334171295166,8.85651920158229,8.508803309217374,8.774704359531398,548957
2003-01-17,8.754247665405273,8.979240812955853,8.590617151106342,8.979240812955853,303369
2003-01-20,10.186017036437988,10.226924881407578,8.75424765692947,8.897425114323033,6911047
2003-01-21,9.940573692321777,11.14735103233273,9.572404745211058,10.411012272373267,6954990
2003-01-22,10.26783275604248,10.513278960831297,9.79739426900874,9.79739426900874,1637705
2003-01-23,9.920120239257812,10.431466696894075,9.858759322302392,10.431466696894075,673168
2003-01-24,9.776942253112793,9.94057278514711,9.57240387163541,9.57240387163541,852102
2003-01-27,10.349649429321289,10.799634036554748,9.961026595548194,9.961026595548194,3174689
2003-01-28,11.024627685546875,11.126897320461149,10.431466400258211,10.615551743103904,2481158
2003-01-29,11.883687019348145,12.190494980841741,11.249618040283346,11.249618040283346,5032156
2003-01-30,11.658697128295898,12.272312310975682,11.454158734069305,11.863235522522494,1544540
2003-01-31,11.372343063354492,12.722297854380257,11.126896816416899,12.722297854380257,898966
2003-02-03,12.538212776184082,12.885928660511304,11.249620602723368,11.249620602723368,1939068
2003-02-04,12.088228225708008,12.88592784475967,11.924596824271386,12.88592784475967,1432663
2003-02-05,11.904142379760742,12.947289055458937,11.863234531186235,12.660934981175322,666406
2003-02-06,12.006413459777832,12.108682227900134,11.842782045601295,12.067774374356,358057
2003-02-07,11.72005844116211,12.149589138565368,11.65869666560794,12.108681288195921,398496
2003-02-10,12.21095085144043,12.599573696479432,11.720058381002763,11.720058381002763,1914199
2003-02-11,12.292765617370605,12.374581311470623,12.06777245859556,12.231403846795594,583152
2003-02-12,12.047320365905762,12.538211972616951,11.904142889760946,12.538211972616951,408529
2003-02-13,12.047320365905762,12.047320365905762,12.047320365905762,12.047320365905762,0
2003-02-14,11.57688045501709,12.272310365713338,11.474610841245369,12.272310365713338,413963
2003-02-17,11.658697128295898,11.883689448518952,11.454158734069305,11.740511966543735,1024626
2003-02-18,11.822327613830566,11.863235465627294,11.55642744288983,11.863235465627294,582608
2003-02-19,11.658697128295898,11.904143374515412,11.59733535030652,11.801874610271115,500356
2003-02-20,11.53597354888916,11.86323460813199,11.433703926789567,11.842780683712071,466088
2003-02-21,11.617788314819336,11.842779733918206,11.454156932583263,11.454156932583263,365631
2003-02-24,11.454156875610352,11.842779675012286,11.454156875610352,11.842779675012286,383113
2003-02-25,11.495064735412598,11.556425637785168,11.33143421952264,11.515518658116074,295132
2003-02-26,11.454156875610352,11.535972566321437,11.249618514570498,11.535972566321437,203438
2003-02-27,11.372343063354492,11.49506661969229,11.310981285185592,11.47461269363599,384680
2003-02-28,11.18825912475586,12.967744715811127,11.106443416653716,11.69960470318011,3278435
2003-03-03,11.065535545349121,11.433705365496659,11.04508248409352,11.433705365496659,851215
2003-03-04,11.065535545349121,11.18825910731098,10.92235892213166,11.04508248409352,232983
2003-03-05,11.04508113861084,11.351888274664969,10.96326544060284,11.04508113861084,1318072
2003-03-06,11.04508113861084,11.126895970880904,11.00417328960684,11.04508113861084,199578
2003-03-07,11.085986137390137,11.167801820752427,10.881447794722193,11.004171319765629,676559
2003-03-10,11.065535545349121,11.147351253323695,10.676912663945982,10.676912663945982,297819
2003-03-11,11.065535545349121,11.208713034304624,10.901904995138016,11.208713034304624,260280
2003-03-12,11.065535545349121,11.310981803534798,10.963266776118946,11.18825910731098,697514
2003-03-13,10.98371696472168,11.085986572942568,10.942809121433324,11.045079595392028,201400
2003-03-14,10.98371696472168,10.98371696472168,10.98371696472168,10.98371696472168,0
2003-03-17,11.04508113861084,11.085988121876904,10.840541893590839,10.840541893590839,728331
2003-03-18,11.04508113861084,11.04508113861084,11.04508113861084,11.04508113861084,0
2003-03-19,11.085986137390137,11.188255741593,11.02462437486842,11.045079161446774,865624
2003-03-20,11.863235473632812,11.924597251369313,11.004174048273802,11.004174048273802,502606
2003-03-21,11.78141975402832,12.026865998903912,11.658697064459524,11.760966693881851,710562
2003-03-24,11.331435203552246,11.495065733651991,11.249619505633406,11.495065733651991,112635
2003-03-25,11.53597354888916,11.658696229670738,11.085988077388883,11.249619472748233,300391
2003-03-26,11.96550464630127,12.088228197088178,11.474612174629565,11.699603619596303,781574
2003-03-27,12.170042037963867,12.354126483372337,11.7200574533041,11.7200574533041,634562
2003-03-28,12.190494537353516,12.25185630056747,11.781416981664956,11.781416981664956,369703
2003-03-31,11.53597354888916,12.026865137753406,11.085988077388883,12.026865137753406,476163
2003-04-01,11.904142379760742,12.026865059746331,11.45415777691703,11.63824222976438,212776
2003-04-02,13.254096984863281,13.601813718644365,11.863235244166832,12.170043261176867,1450189
2003-04-03,12.681387901306152,13.499541345060326,12.51775738570289,13.458634365462906,2131291
2003-04-04,13.172279357910156,13.356364660658274,12.558665145034508,12.640479969406929,2104271
2003-04-07,13.376819610595703,13.499542289449007,12.64048094026212,13.335911762398629,757091
2003-04-08,13.213189125061035,13.397274454587672,12.845021063221699,13.397274454587672,353053
2003-04-09,13.724535942077637,14.092704857454148,12.988197245586663,13.192735628100053,700197
2003-04-10,13.826804161071777,14.010888611578766,13.499542242374307,13.704081482646425,779866
2003-04-11,13.683629035949707,14.010890124241465,13.192736537774058,13.295005303213479,363680
2003-04-15,13.254096984863281,13.806352108071726,12.7632053696804,13.806352108071726,525472
2003-04-16,13.417726516723633,13.601811820685695,13.131373330925035,13.131373330925035,607029
2003-04-17,13.683629035949707,14.665414898039014,13.192736537774058,13.417728860626397,1303179
2003-04-18,13.683629035949707,13.683629035949707,13.683629035949707,13.683629035949707,0
2003-04-21,13.847258567810059,14.092703917871539,13.438180964319171,13.908619472456483,723061
2003-04-22,13.785897254943848,14.235882748550013,13.704082418982889,14.031344360040652,836455
2003-04-23,13.66317367553711,14.890404792157932,13.540450131006066,13.908619898861273,3097965
2003-04-24,13.233641624450684,13.744987941991859,12.517756953040607,13.499540878463778,1246907
2003-04-25,12.824564933776855,13.295003439780158,12.722296182671467,13.295003439780158,256206
2003-04-28,13.090465545654297,13.295003041741433,12.681387956266436,12.90638024084772,416329
2003-04-29,13.090465545654297,13.25409519622886,12.988195931872866,13.25409519622886,316983
2003-04-30,13.826804161071777,14.113158231714824,13.233642961496388,13.233642961496388,2067019
2003-05-01,13.826804161071777,13.826804161071777,13.826804161071777,13.826804161071777,0
2003-05-02,13.949527740478516,14.399512338738225,13.74498936542755,13.74498936542755,1596560
2003-05-05,13.806353569030762,14.092706825087577,13.704083930626135,13.929075403640171,739564
2003-05-06,13.847258567810059,13.94952731937936,13.663173256657107,13.663173256657107,2269094
2003-05-07,13.704083442687988,13.908621846476517,13.56090681975743,13.908621846476517,207811
2003-05-08,13.744990348815918,13.806352125442727,13.519998033588939,13.560905884673478,135359
2003-05-09,13.458635330200195,13.66317370580039,12.333673831530172,12.333673831530172,263365
2003-05-12,13.397274017333984,13.499542775773005,13.13137472594976,13.213188693815434,189379
2003-05-13,13.744990348815918,13.949528738500629,13.070012537396998,13.295004852623977,1376952
2003-05-14,14.194973945617676,14.317697489934785,13.704081499825074,13.704081499825074,1577107
2003-05-15,13.908618927001953,14.317696514450038,13.908618927001953,14.317696514450038,214637
2003-05-16,13.990434646606445,14.358604389498234,13.540449212908069,14.174519085183409,490441
2003-05-19,13.929072380065918,14.194973382199,13.908619322562796,14.174519458957993,358663
2003-05-20,14.215426445007324,14.297242138001883,13.949527174250775,14.276789080491127,451265
2003-05-21,14.235882759094238,14.52223684951463,14.13361313189482,14.297243669675911,778008
2003-05-22,14.317695617675781,14.522233965719842,14.113156403893914,14.501780044341656,451116
2003-05-23,14.317695617675781,14.399510437450722,14.215425145047043,14.358603460432155,1921628
2003-05-26,15.279026985168457,15.708557641750605,14.317696921537781,14.317696921537781,1128008
2003-05-27,14.972222328186035,16.281268436268707,14.91086054838084,15.463114835151544,2012413
2003-05-28,15.319933891296387,15.544927033135453,15.094942480932982,15.442657423208605,396956
2003-05-29,16.03582191467285,16.48580653661766,15.54492944241707,15.54492944241707,2077934
2003-05-30,15.585834503173828,16.322174027307454,15.217667338320732,16.322174027307454,673292
2003-06-02,15.99491024017334,16.240355551880278,15.258572573577014,15.85173279831691,657306
2003-06-03,16.95624351501465,17.099419246381263,16.322173625331292,16.322173625331292,2109120
2003-06-04,17.09941864013672,17.303957865516942,16.976696836384296,17.18123433028881,1133904
2003-06-05,17.14032745361328,17.18123530100055,16.81306640599092,17.18123530100055,874320
2003-06-06,16.73125648498535,17.14033159473952,16.506263269996712,16.874432253956442,776062
2003-06-09,16.935792922973633,17.181238318934646,16.77216150468222,17.140330464361792,307326
2003-06-10,16.240354537963867,16.956239971076407,16.117632755509913,16.772154700182362,342670
2003-06-11,16.813068389892578,16.976699798749774,16.322175894797,16.383537673118447,579878
2003-06-12,16.383541107177734,17.058517347239516,16.322179315994596,16.772164053194572,684448
2003-06-13,17.22214698791504,17.99939453007793,16.66989265654241,16.66989265654241,1599667
2003-06-16,16.87442398071289,17.181231028344346,16.772154387677283,17.181231028344346,428523
2003-06-17,16.997148513793945,17.385771259208052,16.956240674121357,17.28350166002658,680902
2003-06-18,16.915332794189453,17.140324180377714,16.628977917162878,17.140324180377714,977170
2003-06-19,16.424442291259766,16.95624253385493,16.199449148383646,16.95624253385493,1087056
2003-06-20,16.01536750793457,16.56762173905051,15.872190036151508,16.424444267267447,303356
2003-06-23,15.094941139221191,16.260811125807745,15.013125458551889,16.19944763383026,849404
2003-06-24,15.156304359436035,15.544928924440857,15.074490393016154,15.463113226545104,414875
2003-06-25,15.442654609680176,15.708553815569607,14.931308384684797,15.135847567273087,673237
2003-06-26,15.626742362976074,15.851735524588932,15.524474475536952,15.524474475536952,771693
2003-06-27,15.74946403503418,16.076726776691398,14.72677143030659,15.831279720448485,831664
2003-06-30,15.974458694458008,16.09718223429168,15.74946553809628,15.87218907792995,719874
2003-07-01,15.99491024017334,16.15853987081946,15.749463196990888,16.15853987081946,225323
2003-07-02,15.872186660766602,16.0971797828643,15.544925669190917,15.9540023415294,376767
2003-07-03,15.99491024017334,16.117633761764566,15.892640638847318,16.03581808070375,398807
2003-07-04,15.688105583190918,15.954004856103953,15.279027114900432,15.954004856103953,417736
2003-07-07,15.135852813720703,15.647199215960944,15.033583186977467,15.340390335731232,1477651
2003-07-08,14.972222328186035,15.340391275541155,14.726775208965256,15.238121642532496,1636351
2003-07-09,14.829045295715332,15.34039174492883,14.76768351403258,15.34039174492883,572888
2003-07-10,15.115395545959473,15.544927932503274,14.74722666039769,15.054035507928976,556453
2003-07-11,15.279026985168457,15.463112294336135,14.951765944790576,14.951765944790576,293740
2003-07-14,15.5244722366333,15.647195761632318,15.299479107468434,15.504018315800131,705263
2003-07-15,15.401752471923828,16.07673029273658,15.299482842789171,15.749467479505677,3713376
2003-07-16,15.5244722366333,15.667647950989924,15.299479107468434,15.54492615746647,1689803
2003-07-17,16.26081657409668,17.24259987665447,15.4631151517716,15.4631151517716,7074847
2003-07-18,16.87442398071289,17.22213886555859,16.05627069937876,16.363077747010216,6907177
2003-07-21,17.09941864013672,17.93802773271992,16.91533506877023,17.508497090897162,8180412
2003-07-22,18.04029655456543,18.408465412634452,16.874426483958615,17.99938871128269,7010302
2003-07-23,17.406227111816406,18.69481901016059,16.99715040114249,18.326650143701634,11611439
2003-07-24,19.28798484802246,19.553884132849216,17.283505458014936,17.59031432297949,8781432
2003-07-25,19.2061710357666,19.43116249401412,18.46983141905647,19.43116249401412,3947678
2003-07-28,19.47206687927246,20.453851705740796,19.124351924912013,20.453851705740796,4608027
2003-07-29,19.022085189819336,19.594793380499684,18.837999857697657,19.594793380499684,1548993
2003-07-30,18.919815063476562,19.431161463340143,18.837999362462238,19.431161463340143,1822265
2003-07-31,20.719755172729492,21.558362640372845,18.899361030011583,19.10390028137627,13612714
2003-08-01,21.660634994506836,21.885626467872797,20.351587083832317,20.80157176204039,6609473
2003-08-04,21.435640335083008,21.82426320378111,21.067471392709855,21.23110280330949,3474614
2003-08-05,22.21288299560547,23.194669591732595,21.517453059838314,21.517453059838314,7784465
2003-08-06,21.210647583007812,22.090164701646096,21.02656397376227,22.090164701646096,5452187
2003-08-07,20.944746017456055,21.762899536513785,20.49476140882671,21.59926987158777,4179523
2003-08-08,20.781118392944336,21.456096294138582,20.26977191785201,21.149289101673666,5352041
2003-08-11,21.25155258178711,21.599269289774803,20.044776260257315,20.044776260257315,4468937
2003-08-12,21.12883186340332,21.783355787435458,20.719756791662824,21.108379668144753,2831828
2003-08-13,20.637937545776367,21.660630244186716,20.494760083185703,21.21064393318749,5381233
2003-08-14,21.80380630493164,22.499237973695493,20.55612216363495,20.88338320874252,4916860
2003-08-15,21.80380630493164,21.80380630493164,21.80380630493164,21.80380630493164,0
2003-08-18,23.317394256591797,23.68556319305207,22.09016389123223,22.274249225200364,5727507
2003-08-19,25.24005699157715,26.05821231996676,23.358302679790324,23.562841944756737,9215193
2003-08-20,24.76961898803711,25.976397216372007,23.726472175469947,25.362781138719075,4831945
2003-08-21,25.219600677490234,25.505953870197683,22.9696760562395,24.83097786900307,5249402
2003-08-22,25.996849060058594,26.140026537381686,25.403686956910285,25.403686956910285,4268130
2003-08-25,25.362775802612305,26.324106705039963,23.82873679696644,26.1809309778422,7119008
2003-08-26,26.14002227783203,26.283198000348516,24.953698264848413,26.18093012182979,3100788
2003-08-27,27.01953887939453,27.183168532500673,26.01730011178194,26.180931496363833,3671213
2003-08-28,27.89905548095703,28.021779025430362,26.99908628443761,27.244531641908434,3058915
2003-08-29,28.34903907775879,28.635394004747457,27.039993177380783,28.18540769090812,2732722
2003-09-01,28.02178192138672,28.92175121091492,27.65361298139355,28.63539797569268,1117270
2003-09-02,27.244529724121094,28.410399851598545,26.99908438392757,28.226314547846613,1908356
2003-09-03,26.38547134399414,28.49221868208925,26.18093382653813,27.837694816983024,5526967
2003-09-04,26.446834564208984,26.590012046287143,26.01730384945051,26.05821170147284,1335971
2003-09-05,26.508195877075195,26.774096910554302,26.344564471857282,26.590011579684152,1311166
2003-09-08,25.792308807373047,26.896817269546123,25.73094876523088,26.75363979777068,1509065
2003-09-09,26.037752151489258,26.692275910998,25.66958156281055,26.099113916269044,2273091
2003-09-10,26.119569778442383,26.590008278563477,25.485499893418037,26.303655086458544,1806301
2003-09-11,25.894577026367188,26.692278308683825,25.79230740921431,26.180931954395234,1447300
2003-09-12,25.199148178100586,26.303658435343987,24.749165275277978,26.180934881041832,2059440
2003-09-15,25.444591522216797,26.221838852995244,24.503714541386877,24.95369910911094,2173323
2003-09-16,25.608226776123047,25.812764302485707,24.585533949881793,25.321871815148945,1761075
2003-09-17,25.85367202758789,28.5126737091036,25.567318799490497,27.039996254297048,2104100
2003-09-18,26.733186721801758,27.121809543738628,25.546862600651504,26.09911681349898,2029800
2003-09-19,26.54909896850586,27.81723866863342,26.201382294758425,27.12180705261421,2171273
2003-09-22,25.792308807373047,26.59001013293177,25.7718548828337,26.59001013293177,588500
2003-09-23,25.812759399414062,26.14002214979312,23.787828057346267,23.787828057346267,636175
2003-09-24,27.408166885375977,27.694521862713174,26.180936462644798,26.180936462644798,2882397
2003-09-25,27.32634735107422,27.612702288313315,26.63091566354082,27.408163047428246,1722305
2003-09-26,30.92622947692871,32.68526022777463,28.635398369239045,31.78529092587783,12749939
2003-09-29,31.437570571899414,33.50341160072658,31.130763458337377,31.335302688362567,5710671
2003-09-30,32.50117111206055,32.68525468764701,31.17167131103847,31.703469846266703,5873579
2003-10-01,31.580747604370117,33.33978159220782,31.417119676550655,32.31708886284007,5555483
2003-10-02,31.580747604370117,31.580747604370117,31.580747604370117,31.580747604370117,0
2003-10-03,30.660327911376953,32.153459239826304,30.087618012191218,31.948919990117112,5225724
2003-10-06,30.68077850341797,31.048949133676995,30.3739713763446,30.680778503417965,3099800
2003-10-07,31.151212692260742,31.683014639835125,30.57850636551642,31.089852660554666,5915709
2003-10-08,31.171672821044922,31.70347138203434,30.74214214856834,31.294396365031325,4503373
2003-10-09,30.783048629760742,31.089855744628327,29.944439514564703,30.68077728283721,4495686
2003-10-10,31.089859008789062,31.335306111633514,30.68078050404831,30.98758765112794,3678308
2003-10-13,32.25572967529297,33.40114610098337,31.458028270035847,31.458028270035847,4030285
2003-10-14,29.596721649169922,32.521623706574864,28.6762986634132,32.419352369687296,5011896
2003-10-15,31.88755226135254,32.317086360341186,29.371731943392106,29.617175547591003,8359861
2003-10-16,31.642120361328125,32.01028763528437,30.885326689158394,31.94892757727588,2100432
2003-10-17,31.948917388916016,32.70571081974788,31.49893107619256,31.662562462637453,4389059
2003-10-20,30.639867782592773,32.31708592244176,30.29215284031715,32.31708592244176,3483311
2003-10-21,29.801267623901367,31.396666904529205,28.75811914341428,31.396666904529205,3850414
2003-10-22,28.921749114990234,30.47624393003349,28.63539590051967,30.06716543582427,3846661
2003-10-23,31.00804901123047,31.4989398442583,29.24901804320593,29.453553870245226,8421981
2003-10-24,31.62164878845215,32.03072717917506,31.13075818253556,31.13075818253556,4470499
2003-10-27,31.253488540649414,33.33978186409124,31.089857148543913,32.11254988625164,5987850
2003-10-28,33.93294143676758,36.38740174922545,31.08985486512625,31.253486245213722,18031781
2003-10-29,35.30335998535156,35.712435099324786,33.40114979707575,33.953404144449216,6740889
2003-10-30,36.73512649536133,37.389652190231665,35.22154275187834,35.466989887454716,8980474
2003-10-31,36.98056411743164,38.166888171241716,35.2624415363006,36.77602489040379,7406158
2003-11-03,35.30335998535156,37.30783808638256,35.09882069688871,37.14420665561228,3608982
2003-11-04,35.42607879638672,36.73512314067972,35.07836032126462,35.7124302987903,4320466
2003-11-05,34.38292694091797,35.876058205818715,33.95339626628568,35.71242681301562,3118456
2003-11-06,34.68973159790039,35.87605564819756,34.19884091743861,34.52610021676265,5921558
2003-11-07,34.853370666503906,35.54880418972823,34.56701568635272,35.01700208373316,1950517
2003-11-10,34.44429397583008,40.90771452627235,34.17839464000869,40.90771452627235,1795329
2003-11-11,35.7737922668457,36.55103796207692,34.97609091492321,34.97609091492321,5737094
2003-11-12,34.7920036315918,36.10104778071454,33.9738467097007,35.753332820386575,6705008
2003-11-13,33.93294143676758,35.32380124160828,33.74885440269346,34.56700784017942,3884848
2003-11-14,34.46473693847656,35.03744325563709,33.54431223762984,33.95339065199529,5440752
2003-11-17,34.44429397583008,34.97609611042524,34.15794244323122,34.97609611042524,2297927
2003-11-18,33.89203643798828,34.567010743106124,33.564773650329904,34.567010743106124,2020129
2003-11-19,33.810218811035156,35.30335000006433,33.66703961813208,35.18062646169805,4265186
2003-11-20,33.585227966308594,34.15793788091692,33.44205221913247,33.76931502748009,2389852
2003-11-21,33.360233306884766,33.95339535846055,32.82843475744528,33.78976397003253,1971539
2003-11-24,33.17615509033203,33.707953725753235,32.82844006517937,33.523870115484684,1046214
2003-11-25,33.64659118652344,34.75109969229631,33.0738812768143,33.953398335248814,1781684
2003-11-26,33.64659118652344,33.64659118652344,33.64659118652344,33.64659118652344,0
2003-11-27,33.339778900146484,33.91248525864982,31.9080078094611,33.23750755769675,4518818
2003-11-28,34.68973159790039,34.976086514891435,33.748854619309824,33.85112596399663,3428124
2003-12-01,33.9124870300293,35.139718962869615,33.81021914518908,34.95563192202507,1266013
2003-12-02,33.50342559814453,35.0374618068607,33.33979414576069,34.66929450194999,966454
2003-12-03,33.21705627441406,33.871578339577134,33.13524058339975,33.54431557551987,1208718
2003-12-04,33.68749237060547,34.68972931983019,32.951154666792284,33.42159312519393,2897785
2003-12-05,34.54655838012695,34.976089055336224,33.135242809731956,34.36247479445203,3491253
2003-12-08,37.0623779296875,37.53281639653104,34.21929147548458,34.48519072566761,9561689
2003-12-09,37.921443939208984,38.821413142589776,36.816935493479896,36.816935493479896,10690372
2003-12-10,35.61015319824219,37.962345434199136,35.28289046525648,37.63508270121343,3373853
2003-12-11,35.732879638671875,36.77602449075066,35.42607253293996,36.16241027928683,2473611
2003-12-12,36.48967742919922,37.22601526413794,34.935182596604335,35.712428281425865,7156429
2003-12-15,36.65330123901367,38.04416451548118,36.34649413091168,37.18510322761503,5106817
2003-12-16,36.81693649291992,37.63509002157116,35.91696726510838,36.67376075086529,6986003
2003-12-17,36.878299713134766,37.63508973007835,36.61239696144736,37.18510685113371,6507036
2003-12-18,38.06462097167969,38.678238719589274,36.93966029493984,37.00102033825489,9892600
2003-12-19,37.61463165283203,38.86231566575901,37.30782456282719,38.616868608574656,4677982
2003-12-22,39.250938415527344,39.925916090862216,37.47145244654472,37.90098652780882,10739603
2003-12-23,40.048648834228516,41.173609576663104,39.68047816398257,39.68047816398257,13302705
2003-12-24,43.95532989501953,44.712119851702646,40.089550567786056,40.64180475739084,24542459
2003-12-25,43.95532989501953,43.95532989501953,43.95532989501953,43.95532989501953,0
2003-12-26,43.56671142578125,45.81663643298696,42.62583426216012,45.40756136264636,12829672
2003-12-29,43.44397735595703,44.87574841315968,43.1985337583105,43.77124010342079,5487367
2003-12-30,43.341712951660156,44.24168211634537,42.95309013938369,43.89396715077967,6743242
2003-12-31,42.9940071105957,44.46668644177433,42.95309925520318,43.73034504470887,4225532
2004-01-01,45.42800521850586,45.77572017649773,43.362167661988735,43.62806692834117,6902785
2004-01-02,44.855308532714844,46.38934788801595,44.40532213146087,46.02117719608088,6018197
2004-01-05,43.8735237121582,45.387107416530164,43.075822273623764,45.387107416530164,4292215
2004-01-06,46.24616241455078,47.04386374111581,44.5484953330226,44.75303111572236,13046248
2004-01-07,45.65299606323242,47.698381402517654,44.712119084197326,47.207490721823945,6109170
2004-01-08,49.76422119140625,50.725550338348896,46.00070990340882,46.00070990340882,8906906
2004-01-09,49.293785095214844,53.36410021782015,48.68016740086,51.54370625232806,8119903
2004-01-12,48.9051628112793,49.98921555516847,47.8415622592788,49.41650916391508,5561308
2004-01-13,48.74153518676758,49.70286446467587,47.22794820391373,48.8847109298949,4322506
2004-01-14,49.90740203857422,57.270790530296466,49.23242426958152,49.66195841044645,8214127
2004-01-15,48.80289077758789,51.95278454262298,46.26661470486896,51.95278454262298,10838800
2004-01-16,46.75751495361328,50.19376434414322,46.22571630785091,49.08925573514975,8597232
2004-01-19,46.00070571899414,47.371116647365916,44.425762513562155,45.407547224830076,8759410
2004-01-20,48.37335968017578,51.134630612859894,47.55520622755309,48.68016679204035,20325159
2004-01-21,50.43920135498047,51.523254087818195,48.741530927464446,49.027882388696135,15758603
2004-01-22,49.96876525878906,53.18001922849456,48.92561685910659,50.93009449895842,9660810
2004-01-23,51.686893463134766,51.95279277379058,49.49833200450671,50.521024857446335,4462987
2004-01-26,51.686893463134766,51.686893463134766,51.686893463134766,51.686893463134766,0
2004-01-27,60.175228118896484,61.89335759073542,52.48458450675124,52.48458450675124,22266008
2004-01-28,57.107154846191406,60.13432501990681,55.6549315274939,59.68434218301681,10913907
2004-01-29,56.738990783691406,57.63896002425998,54.611789501274096,57.63896002425998,7061493
2004-01-30,55.08222198486328,57.94576425502932,54.65269133692866,56.65716884827402,4826027
2004-02-02,55.08222198486328,55.08222198486328,55.08222198486328,55.08222198486328,0
2004-02-03,52.46413040161133,56.20718616970267,52.01414409808524,55.51175625447747,7646293
2004-02-04,53.4868278503418,55.00041481597564,51.80961294997481,52.56640643279173,7009559
2004-02-05,52.50503921508789,54.36634103773264,51.9527850184214,53.97771822718237,5291991
2004-02-06,57.188968658447266,57.67985932465193,52.770935347848656,53.343645165197316,12294673
2004-02-09,56.82080078125,57.88440131571148,54.85723109654443,57.67986208543975,8330489
2004-02-10,56.4935417175293,59.11163348735695,55.83901617785875,57.22987948670715,10562781
2004-02-11,57.92531204223633,58.66165330783082,56.657172214441935,57.434421328125005,6843175
2004-02-12,60.31840896606445,60.66612392298095,58.211660107291685,58.49801849009558,13099773
2004-02-13,62.6501579284668,62.997872914359505,59.92979462055073,60.44114100285219,17150217
2004-02-16,64.83871459960938,65.55460367783647,62.58879332724628,62.58879332724628,11508691
2004-02-17,64.90007781982422,65.45232857618952,62.03653537124631,64.63417853795536,7402738
2004-02-18,64.1023941040039,65.61598152187412,63.40696391901102,65.61598152187412,4456532
2004-02-19,64.34783172607422,65.45234036362115,63.65240164426775,64.20465942599351,7620503
2004-02-20,62.58879852294922,64.83871998208573,61.56610569135917,64.83871998208573,7427162
2004-02-23,61.42293167114258,64.22511109769493,60.89113301597617,63.20241817964975,5088722
2004-02-24,60.80931091308594,62.506981532650386,56.47309256529875,62.506981532650386,8704631
2004-02-25,60.379764556884766,61.36154579901437,59.92978177615461,61.03429000223919,4407966
2004-02-26,58.27303695678711,61.34111569777384,57.72078264489141,61.34111569777384,4715745
2004-02-27,58.2525749206543,59.72525052830899,57.332150068656354,58.29347930585701,5648950
2004-03-01,66.65911102294922,68.60222879672001,58.784378955340834,58.82529027025491,24146721
2004-03-02,66.65911102294922,66.65911102294922,66.65911102294922,66.65911102294922,0
2004-03-03,62.97739791870117,67.45679414579823,61.91380103608191,67.0886201337439,13342265
2004-03-04,62.956966400146484,65.45233499669234,62.17972067092414,63.3251336071718,8350312
2004-03-05,62.9365119934082,64.0614726954817,61.15702567882485,62.609249187153274,8767234
2004-03-08,63.2432975769043,63.816007323916374,62.17970068692654,63.40692893319346,8489775
2004-03-09,63.018333435058594,63.81603140353625,62.28199205391462,62.7933385037885,7372605
2004-03-10,64.1228256225586,65.18642264148475,62.60923885633046,62.997865106108954,11729600
2004-03-11,61.13657760620117,63.4069513573118,60.134336925959126,63.20241555256635,8558446
2004-03-12,61.60700988769531,62.997876843926655,60.35932906963242,60.952491187137454,12170320
2004-03-15,61.791080474853516,63.509209882460844,60.99338273003413,62.1797067151927,9719608
2004-03-16,59.193443298339844,62.13879408240043,57.84348796985277,61.36154854422049,9689131
2004-03-17,59.43889617919922,61.46382937047068,58.82528194951475,60.13432610123515,5364013
2004-03-18,58.00712966918945,59.92979513039738,57.27079184203752,59.92979513039738,5056456
2004-03-19,55.450408935546875,58.84575073683403,54.81633887247804,58.702571503363735,6863001
2004-03-22,54.61178970336914,56.391275997487334,52.505044069711595,56.391275997487334,6694337
2004-03-23,56.47309112548828,57.27079246699621,54.20271411360614,54.816328399103426,4724877
2004-03-24,56.7798957824707,58.06849126632452,56.064013635048404,57.27078995973914,4493338
2004-03-25,59.418434143066406,60.297947495698494,57.08669076032737,57.27077776909415,6946282
2004-03-26,60.07295608520508,60.99338079285743,59.3161627445088,59.95023602293916,5890906
2004-03-29,59.70479965209961,61.77063737206542,58.988910562137775,61.36155888150201,3883091
2004-03-30,62.466068267822266,62.95696246376557,59.397989932032004,60.134331225946966,8359342
2004-03-31,63.73420333862305,64.02056172761608,60.95248362316896,62.997869026133706,5976118
2004-04-01,66.41366577148438,69.29765353155545,63.4069440760324,64.10237404339296,13806179
2004-04-02,70.48396301269531,71.13848845791614,66.74090774316728,67.04771827709006,12070440
2004-04-05,67.53862762451172,72.50891230119463,66.90455422468006,71.17941584750557,10532353
2004-04-06,67.98859405517578,70.89304028307664,67.3545277346771,67.92723056419142,8700077
2004-04-07,68.13178253173828,69.66582153457081,67.7840675785018,68.70448543947903,5189193
2004-04-08,68.41812133789062,70.3612384341227,66.0250214899306,69.54308168016134,6978355
2004-04-09,68.41812133789062,68.41812133789062,68.41812133789062,68.41812133789062,0
2004-04-12,69.0726547241211,70.93395636007668,68.74539198471321,69.54308971759315,4442558
2004-04-13,71.32257843017578,72.34527106747102,69.31810446254649,69.31810446254649,7529758
2004-04-14,71.32257843017578,71.32257843017578,71.32257843017578,71.32257843017578,0
2004-04-15,68.78632354736328,73.14299490413225,67.98862549924675,71.4453308928953,8578103
2004-04-16,69.17494201660156,69.93173558244396,68.52041635405584,69.29766211537672,4237626
2004-04-19,69.48175048828125,71.36350478358577,68.64314124074039,71.17942117820444,4814747
2004-04-20,68.47948455810547,70.36123815895594,67.96813832035477,69.54308140819418,5277361
2004-04-21,67.80452728271484,69.72718583413223,67.41590097820506,68.72495217158232,4792471
2004-04-22,68.70450592041016,70.463540328021,68.13180284194564,68.4181543811779,5625920
2004-04-23,72.38619995117188,77.315573842122,69.48175271007082,69.95218783598781,33288215
2004-04-27,68.09087371826172,75.2701748523388,67.51816386363498,74.86110331065139,13382462
2004-04-28,68.49996185302734,70.36126394881637,67.90679972278583,68.1317946431892,9971601
2004-04-29,69.84989166259766,70.56577362243759,68.27494165468767,68.88856267843792,7961258
2004-04-30,69.4612808227539,71.36349395003273,68.74539870474668,70.3203421347238,7247699
2004-05-03,68.52042388916016,73.1020901790116,66.51594921604084,73.1020901790116,5287395
2004-05-04,68.45906066894531,70.66807095731207,67.9886186113207,69.54311015442873,6660389
2004-05-05,70.7907943725586,71.26122948028183,69.25675510344988,69.33857080817184,7821027
2004-05-06,71.34303283691406,72.34527331481377,71.28167626342027,71.54757552626864,4646244
2004-05-07,68.56131744384766,71.15895365926244,67.84542837574904,71.15895365926244,9256943
2004-05-10,64.63416290283203,69.95216110558215,63.81600613660816,69.95216110558215,9365789
2004-05-11,61.709266662597656,62.793322804553874,58.39574859063805,62.58878704610298,11139931
2004-05-12,62.77287292480469,63.81601779793136,60.277504720687084,61.81154374325087,6447748
2004-05-13,65.43186950683594,68.78629885545085,57.49577549237923,66.02503151201995,15199067
2004-05-14,57.84349822998047,66.65910688214724,55.02086700879219,65.96367690494336,12593822
2004-05-17,55.245849609375,60.50248837262648,46.634778119198025,58.08893603183417,9098922
2004-05-18,59.82752227783203,61.361561488184236,55.716298856305045,56.49354802139361,9663671
2004-05-19,63.32512664794922,64.7773500477261,60.91157402108424,61.36155688309733,12185788
2004-05-20,61.46383285522461,66.22957469571108,60.747943775085496,64.94098266254477,6179704
2004-05-21,60.5229606628418,62.09790429899118,58.98891448961644,62.09790429899118,5390243
2004-05-24,63.181968688964844,63.406956707989885,60.87068342632178,61.36157078431586,3768628
2004-05-25,61.54564666748047,63.40694873203559,60.74794875091569,63.40694873203559,4148486
2004-05-26,63.55011749267578,64.71598934704983,61.770631424490134,63.4069383032887,8980079
2004-05-27,62.85469055175781,63.81601976291225,62.22061719106849,63.81601976291225,5455512
2004-05-28,60.56386184692383,63.20240948973362,59.7252526612853,63.03877809127227,5502273
2004-05-31,56.636722564697266,59.68434872674704,55.90038472899502,59.397990314318626,6768329
2004-06-01,56.636722564697266,59.111638827793875,56.30945976529546,57.352608206912805,6944332
2004-06-02,57.72077941894531,58.600296522202484,56.779902267996746,57.67987156616702,6205078
2004-06-03,56.2685546875,59.23436183286112,54.89814684191808,58.86619462834776,7091229
2004-06-04,54.28453063964844,55.98220124176965,52.157329338550994,55.02086848604313,8838313
2004-06-07,57.47533416748047,58.088951979068085,54.468619011033766,55.5731276089393,7715288
2004-06-08,59.909332275390625,60.54340563380488,57.9866738599803,58.66165160234224,11893995
2004-06-09,61.13657760620117,61.50474482510468,59.11164405042338,60.46159975427524,8665503
2004-06-10,61.300209045410156,61.77064416687863,59.37754339121937,60.42068846247509,8821645
2004-06-11,58.08894348144531,61.30020090161009,57.76168069647268,61.23883739795188,6752759
2004-06-14,56.718544006347656,57.59805767434826,54.141356126065084,57.22989045070231,8684235
2004-06-15,56.207183837890625,57.96621420734174,55.859468894703326,57.066245100577184,5216821
2004-06-16,55.675392150878906,57.10716349517648,55.266317097473866,57.10716349517648,4167482
2004-06-17,55.34813690185547,56.002659113572605,54.81633479118661,55.79811984023843,4260574
2004-06-18,55.470855712890625,56.43218502076236,55.22540860592051,55.71629935690881,5759094
2004-06-21,53.4868278503418,55.798112685262005,53.09820501231598,55.798112685262005,4253822
2004-06-22,54.20271301269531,55.22540577638677,53.589095276709386,54.28452871082677,7357617
2004-06-23,53.32318878173828,54.69359634577908,52.50503537396257,54.69359634577908,4669337
2004-06-24,51.605064392089844,53.91634880999947,50.68463967765447,53.91634880999947,8650202
2004-06-25,54.67314910888672,54.81632484276006,51.27780817660485,52.13686950574807,7067313
2004-06-28,56.04356384277344,56.67763382327213,54.42770886797562,55.041326653757594,5562227
2004-06-29,56.32990646362305,56.65716574802918,55.02085893714467,56.411722150462396,4651859
2004-06-30,55.85947036743164,57.986671389668125,55.266308344137734,56.391268891515054,6096498
2004-07-01,57.02534484863281,57.25033628954061,55.38903779356409,56.4526384182443,4077466
2004-07-02,58.76392364501953,59.29572222937722,56.24809954012716,57.27079232200132,8907949
2004-07-05,60.400230407714844,60.74794539773474,58.743471156790854,59.1934540393042,6980479
2004-07-06,61.11610794067383,61.54563859725598,59.47980100730865,60.502493706399775,6265371
2004-07-07,59.52070236206055,61.97516581455727,59.111623965660776,61.36154475700666,6333567
2004-07-08,60.80931091308594,67.62044558533756,58.1707631848632,59.725254594663184,28856916
2004-07-09,64.6546401977539,65.32961806052634,58.49803065031258,61.36156659228548,14067592
2004-07-12,63.386497497558594,64.38873815148291,54.407256779465264,62.99787809356612,9356578
2004-07-13,62.15926742553711,64.36828448215537,61.48428960679797,62.997876650388996,5928644
2004-07-14,61.238834381103516,68.72494597789762,60.58430884340257,62.95695699166551,5423206
2004-07-15,61.44337844848633,61.95472486241238,59.97070271563241,60.134334122161064,4057997
2004-07-16,61.382015228271484,61.8729024688742,60.584310476223585,61.32065172598245,4528229
2004-07-19,62.07745361328125,63.713760798344715,60.58431871849935,61.97518571282181,5394186
2004-07-20,63.55011749267578,64.12282732432128,61.8524471147252,62.07744199434735,5844375
2004-07-21,64.47054290771484,65.55459908247015,63.40693892424289,64.34781590820893,8348197
2004-07-22,67.31363677978516,68.11134162600828,65.04326311199075,65.86141322685302,11893926
2004-07-23,62.302425384521484,69.84989974668302,58.49801338201443,67.72269888228783,30998045
2004-07-26,61.66836929321289,63.26377193860281,60.95248713133335,60.95248713133335,11969882
2004-07-27,60.74795913696289,61.97519490215623,59.92980888607249,61.77065214500476,7809206
2004-07-28,61.300209045410156,61.954727776405605,60.993398412262344,61.341113436014254,5264596
2004-07-29,61.13657760620117,61.77064414163546,59.31617985516882,61.77064414163546,7005100
2004-07-30,62.3228874206543,62.731958935133406,61.0751999089656,62.07744035642524,6339000
2004-08-02,61.91381072998047,62.58878844420983,60.82975456380863,62.220614374510184,3598959
2004-08-03,61.382015228271484,62.07744516786993,60.993388948311846,62.07744516786993,3323335
2004-08-04,61.60700988769531,62.936513334969874,61.157026982454795,61.60700988769531,4609196
2004-08-05,61.52518081665039,62.056979309653386,60.236588963957395,61.77062787324464,6304867
2004-08-06,60.952491760253906,62.17972039550508,60.54341323986884,62.17972039550508,4625607
2004-08-09,62.24107360839844,62.466061562962096,61.03429736732944,61.27973751305291,5060654
2004-08-10,64.42962646484375,64.79780050811875,62.42515258304532,62.58878395207813,12726102
2004-08-11,64.34783172607422,65.32962025985131,63.89784877771202,64.38874304460057,9181788
2004-08-12,64.87962341308594,65.7795891170212,64.22509786411256,64.3887292513559,7099342
2004-08-13,61.64791488647461,64.63417736240821,60.21614368822628,64.22509888777965,18911039
2004-08-16,61.48429489135742,62.854702840910015,60.78886481855814,61.46384269531144,8290438
2004-08-17,61.791080474853516,62.67060083165194,61.422913350460334,61.77062828481,4435381
2004-08-18,57.84349822998047,61.770637922581855,56.71853756533278,61.770637922581855,17771813
2004-08-19,59.45935821533203,59.86843674481934,55.4708581361151,57.06625747521146,20226484
2004-08-20,58.35483932495117,59.6434312704397,57.434417990867146,58.90709697353365,9558993
2004-08-23,57.107154846191406,58.866185274214175,56.65716854634996,58.08893967380312,6439630
2004-08-24,55.42993927001953,57.884399570420534,55.08222085756602,57.22987751623721,14081266
2004-08-25,55.94129180908203,59.31617379818639,55.286766219285695,59.31617379818639,10774448
2004-08-26,55.900386810302734,58.150311714056706,55.6344875073646,56.45264107337915,19564881
2004-08-27,57.229888916015625,57.270796768985086,55.982204594875,56.20719605473103,7627276
2004-08-30,55.65492630004883,57.475316593774075,55.47084274433419,57.475316593774075,8812657
2004-08-31,57.229888916015625,57.454880375871646,56.002656789883694,56.04356464285316,7225246
2004-09-01,56.06401062011719,57.39351041762907,55.77765569877646,57.27078687991161,4536571
2004-09-02,55.818572998046875,56.65717878671418,55.634489391770266,56.24810372132703,3806511
2004-09-03,54.97996139526367,56.04356206050975,54.816329990925524,55.839022805087055,5691555
2004-09-06,55.26630783081055,56.14582129907957,55.082220797840314,55.634478433799615,3757934
2004-09-07,54.77540969848633,55.757194438566685,54.489054805935474,55.491295198387895,4207495
2004-09-08,55.818572998046875,56.043564457157416,54.71406443448305,55.348134421932805,6373736
2004-09-09,54.345882415771484,56.35035986035007,53.52772899281211,56.268544171759,7521872
2004-09-10,56.7798957824707,57.14806641542203,54.03908034824361,54.61178675877178,8525190
2004-09-13,57.20943069458008,58.00713206026476,55.79811502480068,57.0457992900343,6459041
2004-09-14,59.868438720703125,60.09343365082287,56.55491291135331,57.270798630106995,13271047
2004-09-15,58.64118957519531,61.157016840258564,57.741223913963346,59.929788420068505,9495903
2004-09-16,59.52070236206055,60.03204862608479,58.293467172861234,59.72523809730948,5190258
2004-09-17,61.03429412841797,61.361549947317044,59.5616117768109,59.725243149211686,8085007
2004-09-20,60.56386184692383,61.66837032358615,59.17300188590594,61.27974402076454,6408201
2004-09-21,61.25929641723633,61.5661070438148,60.33887146340503,60.543414189758714,4295011
2004-09-22,61.382015228271484,62.05698604983812,60.54340609196636,61.566098809235406,5354661
2004-09-23,60.50249481201172,61.27974044641585,60.13432764990007,61.11610905749885,4932323
2004-09-24,61.197933197021484,61.36156460851894,58.70256456054144,58.70256456054144,3297382
2004-09-27,59.336631774902344,61.034302296324114,58.7025583905189,60.78885520487602,4445128
2004-09-28,57.966217041015625,60.13432595723453,57.31169496672278,60.13432595723453,5465274
2004-09-29,57.49577713012695,58.088939152206976,57.168514369544475,58.088939152206976,5294548
2004-09-30,59.84797668457031,60.33886392953828,57.57759633871836,57.76167992131925,5794913
2004-10-01,58.498016357421875,60.07295970181351,58.00712222700006,59.725244757573726,3566364
2004-10-04,59.050270080566406,59.90933138980042,58.90709781296276,58.92755000463428,3248089
2004-10-05,60.932037353515625,61.157032288609045,59.11164645435648,59.31618226741992,4154048
2004-10-06,60.952491760253906,62.56834672134689,60.54341323986884,60.952491760253906,7069612
2004-10-07,63.263755798339844,64.3069004855402,61.58653788298905,61.770621424741854,12644738
2004-10-08,64.34783172607422,64.79782160034102,63.059239469920236,63.059239469920236,8167980
2004-10-11,64.1432876586914,65.2477961541359,63.20241056449082,63.406946353093836,5861602
2004-10-12,62.179718017578125,64.42963940479665,61.81155082626332,64.36828282351334,4537161
2004-10-14,60.64568328857422,62.91606396277562,60.17524124197671,62.38425840446881,2677812
2004-10-15,61.66836929321289,62.38425145509243,60.95248713133335,61.32065430876814,2777992
2004-10-18,60.44113540649414,62.916051390639964,60.17522921752304,61.81154303010116,2474922
2004-10-19,61.91381072998047,62.13879868412169,60.46158742001183,60.91157025419712,3431100
2004-10-20,61.17747497558594,62.58879402924919,60.788855605989724,62.17971554080307,2150786
2004-10-21,61.03429412841797,61.627449195992696,60.625215697416,61.361549947317044,1020671
2004-10-22,61.03429412841797,61.03429412841797,61.03429412841797,61.03429412841797,0
2004-10-25,61.62746810913086,62.588804448490045,60.54341859166482,61.32066438614985,4943099
2004-10-26,63.34558868408203,63.50922008251553,61.83200171152394,62.15926450839094,6062087
2004-10-27,64.47054290771484,64.87962136289636,62.997867394964274,63.81601737942441,4138398
2004-10-28,65.49322509765625,67.04771605257872,62.69104678565291,65.1455101978947,12451476
2004-10-29,64.28646850585938,68.2749649666695,63.836478678009954,66.2091340565603,7239670
2004-11-01,64.75691223144531,65.04327069203731,62.85470554736338,64.63419212398075,3695448
2004-11-02,65.02281188964844,65.20689551470487,64.2251138724356,65.0432710125807,4819758
2004-11-03,65.37052154541016,65.63642778843138,64.4501034961224,65.04326564227688,4805395
2004-11-04,65.30915069580078,65.86140140476127,64.3273624231118,65.86140140476127,3407508
2004-11-05,63.77511215209961,65.45232340727333,63.40693808436158,65.45232340727333,3051241
2004-11-08,64.96142578125,65.30914067634,63.65237495182724,63.65237495182724,2970374
2004-11-09,65.32959747314453,65.55459233180062,63.81601080779022,65.4523175341101,1972604
2004-11-10,66.67955780029297,66.9250048666307,64.75689257693213,65.24778670960758,4824189
2004-11-11,67.29318237304688,69.74764648875367,66.78183597085395,67.0068308811442,12121666
2004-11-12,67.39544677734375,68.0704245473481,67.2113631902341,67.78407307027791,970726
2004-11-15,67.39544677734375,67.39544677734375,67.39544677734375,67.39544677734375,0
2004-11-16,66.57728576660156,67.49771057221099,65.45232519348026,67.47725838064041,4933370
2004-11-17,65.98413848876953,67.41590288312678,65.45233296348137,67.41590288312678,4058301
2004-11-18,65.98413848876953,66.88410428374243,65.59551217327862,66.39321007235513,3494374
2004-11-19,65.69776916503906,66.59774173654355,65.4523221000833,66.22956767615855,2821627
2004-11-22,65.96367645263672,66.59774984578912,64.9000793008893,65.67732497160553,2890684
2004-11-23,67.10908508300781,68.70448054566367,66.70000665954386,67.08862596740784,6129390
2004-11-24,67.41590118408203,68.2545103759244,66.47502409892067,67.08863838473832,5345767
2004-11-25,68.56131744384766,68.92948461115915,66.45456847621378,67.70225610285195,7895064
2004-11-26,68.56131744384766,68.56131744384766,68.56131744384766,68.56131744384766,0
2004-11-29,68.97039794921875,69.44083301839983,67.92724606800182,68.64313515714312,5607692
2004-11-30,71.05668640136719,71.38394918672556,69.19538450406897,69.44083159308775,9794743
2004-12-01,75.02474212646484,76.49741782970858,70.99532747909367,71.17941800216497,21539026
2004-12-02,76.31334686279297,77.72465929192575,74.6156759676469,75.2701947630238,12008846
2004-12-03,76.08834075927734,76.86558647639468,75.27018372762545,76.4974192751033,6776919
2004-12-06,73.16343688964844,75.27017899331116,72.48845911246609,75.22927460725332,1931568
2004-12-07,72.85663604736328,73.71569752865608,71.87485446555911,73.18389888326614,1943675
2004-12-08,77.04966735839844,78.542802157003,74.24748828124346,74.24748828124346,17219336
2004-12-09,78.82914733886719,80.95634845003002,76.90648892498918,76.90648892498918,10387229
2004-12-10,76.98831939697266,78.95188949758489,76.0883465931525,78.95188949758489,4589357
2004-12-13,78.21553802490234,79.19731948563235,76.78376675734683,77.3155653371549,2350614
2004-12-14,81.73360443115234,82.59266586122213,79.01324092729666,79.13596794639464,11205621
2004-12-15,86.78569793701172,87.54249140586008,81.89722906763843,82.22449185696783,16792787
2004-12-16,87.29705047607422,89.99696175272227,82.6540283709517,87.5834088999029,21248261
2004-12-17,81.22225952148438,87.41978017579689,80.19956666421385,87.41978017579689,10424290
2004-12-20,79.99502563476562,82.22449480975591,79.46322704595951,81.56996920759227,5653191
2004-12-21,81.42679595947266,81.9790467353116,80.19956046999123,80.19956046999123,3260804
2004-12-22,83.18582916259766,84.84259546255676,81.81542129398682,82.16313630984902,5918316
2004-12-23,85.45619201660156,85.84481134131813,83.47217023414167,83.86078955885824,4699155
2004-12-24,85.43574523925781,87.41976714742607,83.86079487230957,85.90618028202208,3527345
2004-12-27,85.80390930175781,86.35616001802694,83.75852396582265,84.88348451540642,2314564
2004-12-28,86.8879623413086,87.91065497246181,85.90617409096824,86.31525252861005,4969653
2004-12-29,87.23568725585938,87.95156940915547,84.98575905453676,86.88797227558373,2833244
2004-12-30,87.11296844482422,100.22389181710541,85.4562090844294,88.15612040971405,6178661
2004-12-31,88.50382232666016,100.22387698682142,86.92887197799062,100.22387698682142,2679654
2005-01-03,93.39231872558594,94.19001677040957,88.97428386769018,89.38336245192221,4627273
2005-01-04,92.49232482910156,95.11042024753743,89.99695642100835,94.08772748223161,5934092
2005-01-05,86.04937744140625,93.67866301092019,83.47219294934983,92.81960151356805,11066278
2005-01-06,86.39707946777344,89.1378949680606,85.78346519435001,87.95157080735369,12118801
2005-01-07,85.9675521850586,87.54249578002083,81.61088166770783,87.54249578002083,11304796
2005-01-10,83.26763916015625,85.90618681642094,81.89723138548193,85.90618681642094,7152097
2005-01-11,81.40633392333984,83.8607978884529,80.56773169295509,83.3699037102496,4378261
2005-01-12,80.15866088867188,83.02219668398553,79.36095604121196,82.04041515944783,3387851
2005-01-13,84.92440032958984,87.91066280146687,79.4836739391789,81.32451668365192,9331244
2005-01-14,85.76300048828125,90.20148624229694,83.3699001296978,85.08802967961944,17419297
2005-01-17,86.25389099121094,87.7061142834075,85.57891328524184,87.13340445769677,6613412
2005-01-18,87.89020538330078,88.1152002798685,86.35616627028374,87.05160315261028,8330498
2005-01-19,86.70387268066406,87.7470244381209,85.90617491404664,87.7470244381209,1845457
2005-01-20,82.36767578125,86.72434633070043,80.32229015657445,86.51980361269057,4774783
2005-01-24,81.20181274414062,84.59715436495223,80.28138772600785,82.01996985490412,5805259
2005-01-25,83.24718475341797,83.86079902151104,80.69045286477728,81.22225143539771,2868830
2005-01-27,85.74256134033203,86.4175391775795,80.99727121065494,84.67896409733851,15764060
2005-01-28,89.77196502685547,90.61057423531666,85.90618871628246,85.98800441773973,9539957
2005-01-31,94.29225158691406,96.64444742616134,90.40602371560017,90.52874378484054,14172920
2005-02-01,91.06056213378906,94.90588616929021,89.66969523837962,94.90588616929021,8110274
2005-02-02,89.5878677368164,93.26955988785092,88.81062215472377,93.26955988785092,33408274
2005-02-03,89.9355697631836,93.22864211303822,89.5264983030938,93.22864211303822,9020913
2005-02-04,89.34242248535156,91.42871913306863,87.99247397906741,90.61056222692412,8675409
2005-02-07,90.32421875,92.04234147874216,89.58787746943759,89.99695595863892,7655982
2005-02-08,87.97201538085938,90.2423956143743,87.8492953071653,90.2423956143743,5588271
2005-02-09,85.61981964111328,88.56517043690597,85.19028902814759,88.401539067595,8403203
2005-02-10,84.06535339355469,87.2766043816854,82.89948127426206,87.07206857257292,8006164
2005-02-11,85.41529083251953,85.70164923825125,84.31078237331994,84.31078237331994,4015113
2005-02-14,87.9311294555664,89.26062605758403,86.09027948242893,86.09027948242893,8049732
2005-02-15,89.42424011230469,89.99694995900695,87.15386676892238,87.78793319048692,10697682
2005-02-16,87.84930419921875,89.99695765052088,87.17432641082328,89.66969485300748,5126749
2005-02-17,86.06980895996094,88.36064137784702,85.31301555107781,88.36064137784702,5154798
2005-02-18,89.26062774658203,90.20150494654571,85.39485104092999,87.13342621719836,14380211
2005-02-21,87.84930419921875,89.99695765052088,87.54249359507403,89.99695765052088,4651224
2005-02-22,87.9311294555664,88.72882741677698,87.54250310980471,87.70613452634602,2187073
2005-02-23,87.91065979003906,89.1787926273695,87.13340725297424,88.29927913266849,3916990
2005-02-24,87.33793640136719,88.72879602396898,86.13116032576835,88.72879602396898,7955171
2005-02-25,89.81287384033203,90.30376803541024,87.7879404800621,87.9515718784215,8959723
2005-02-28,92.12416076660156,92.45142357071586,86.41753466609386,90.40603797090526,8553715
2005-03-01,91.87872314453125,102.26928361784896,88.99472804305269,102.26928361784896,4755882
2005-03-02,96.4399185180664,98.38302912877396,92.65595133079228,92.65595133079228,23558778
2005-03-03,96.19447326660156,97.31943388523312,94.08772430202758,97.31943388523312,6496730
2005-03-04,96.48081970214844,98.13758571797696,95.35585914223324,96.50127189347893,6328707
2005-03-07,94.23089599609375,98.13758302453125,93.26955991910988,97.56487320167531,6391777
2005-03-08,94.06727600097656,95.51949946166407,93.31048251781496,95.31495675151297,5120058
2005-03-09,94.14909362792969,95.31495870346204,92.86050153861264,94.49680862381348,3188168
2005-03-10,91.40828704833984,94.1695550936246,91.0810242138963,94.1695550936246,6799022
2005-03-11,91.53099822998047,94.087730217575,90.40603754061962,94.087730217575,4673378
2005-03-14,90.63102722167969,95.7240317835405,87.78793698287234,91.63326083932577,8475508
2005-03-15,88.11520385742188,91.9605278923997,87.54249395939004,91.9605278923997,3870985
2005-03-16,85.7834701538086,88.36065440672557,85.49711173065965,88.36065440672557,3156266
2005-03-17,81.26315307617188,85.8652699280393,80.58817538382577,85.8652699280393,5785588
2005-03-18,84.76077270507812,85.45620267894174,81.0586210076463,81.0586210076463,4300838
2005-03-21,86.70387268066406,93.80136459551933,85.66072784910989,93.80136459551933,2083287
2005-03-22,86.43798065185547,87.52203688115067,85.29256784562331,87.52203688115067,2211510
2005-03-23,87.62430572509766,88.56518276667046,86.11072573710894,86.31526151427128,4645790
2005-03-24,86.76525115966797,87.95157538208053,85.90618974701113,87.54249686988588,3541534
2005-03-28,85.90617370605469,87.76747539455818,85.39482739276923,86.9288663326256,2039619
2005-03-29,84.20850372314453,86.51978823717891,83.4926216520897,86.51978823717891,1547859
2005-03-30,82.49038696289062,85.08803002716945,81.50860557054257,85.08803002716945,2577472
2005-03-31,84.84259796142578,86.27436245672034,83.04265931868308,83.04265931868308,1230083
2005-04-01,88.58563995361328,89.40378997032731,83.94261142459123,85.84481765879725,2990744
2005-04-04,88.23793029785156,89.40379535390635,86.7243433258185,87.37886199342186,2070072
2005-04-05,88.74927520751953,92.0423486445893,85.9061916065564,92.0423486445893,1888479
2005-04-06,86.68342590332031,89.54696824717057,85.9675437803093,89.54696824717057,975925
2005-04-07,85.8243637084961,87.44021844263501,85.49710093815357,86.84705640286495,982125
2005-04-08,87.0516128540039,87.31751216545138,85.92664517169763,86.19254448314511,989997
2005-04-11,85.3334732055664,87.13341159359118,84.31078046742256,87.05160282340687,854015
2005-04-12,85.27210235595703,85.86526432183922,84.69939257919783,85.86526432183922,836380
2005-04-13,84.63804626464844,86.8675154050203,84.06534329755168,85.51756676037486,933786
2005-04-15,83.51309204101562,84.51533269961506,81.81542135021385,84.51533269961506,1765744
2005-04-18,83.4312515258789,85.49708881331901,78.74731937288877,84.26986052447789,6864333
2005-04-19,84.8221206665039,86.92886949308752,84.26986995251073,85.08802685387413,4018268
2005-04-20,84.04487609863281,85.82436218638345,83.04264253961244,84.92439650980562,1429702
2005-04-21,84.06535339355469,85.61984493534192,83.53354782323429,85.25167770857769,1016091
2005-04-22,84.78123474121094,85.37439689235472,83.90172107520281,84.41306751839903,1910291
2005-04-25,85.04712677001953,85.86528377935987,83.92216607660437,85.3539373799981,1534054
2005-04-26,84.10625457763672,85.64029386519324,83.86080746051918,85.64029386519324,833994
2005-04-27,82.77674102783203,84.26987574396024,82.01995449943927,84.26987574396024,1777039
2005-04-28,84.863037109375,85.25166339251314,81.48814834442341,82.61311588334277,9916116
2005-04-29,84.43350982666016,85.90618547136026,83.59490064987564,84.88349270472617,3389824
2005-05-02,84.63804626464844,85.86528174964917,84.2698790821,84.67895757710025,1633573
2005-05-03,86.29481506347656,86.683434451123,84.71986454128303,84.965311645751,1640190
2005-05-04,88.4424819946289,88.81064924426205,86.3152803589283,86.3152803589283,2489173
2005-05-05,89.09697723388672,89.56741223353532,88.44245174647739,88.81061887019389,1116970
2005-05-06,89.40377807617188,89.9969400491801,87.13339805688476,89.17878321540935,1386705
2005-05-09,91.162841796875,91.61282474053463,88.17657876003469,89.17881255374414,2852912
2005-05-10,90.5492172241211,91.83780932153286,89.83332810828983,90.81511652111999,2699979
2005-05-11,89.97652435302734,90.16060798381193,87.95159056258672,89.58789796788926,2239429
2005-05-12,89.7514877319336,90.406013160539,88.97424224841559,89.99693476766062,1173842
2005-05-13,88.60608673095703,89.91513083324527,87.95156121686152,89.91513083324527,1397414
2005-05-16,91.01964569091797,91.59235555674863,87.95156751282288,87.95156751282288,1734643
2005-05-17,89.79241943359375,91.63326223090414,88.76972668200906,90.81511218517844,1734914
2005-05-18,87.68567657470703,89.58787593360036,87.17432327754405,89.58787593360036,3548908
2005-05-19,88.81062316894531,89.42423738014145,87.74702612632572,87.95156188809017,1400097
2005-05-20,87.828857421875,89.58788467812566,87.29705188016979,87.95157751555833,873888
2005-05-23,89.71061706542969,89.99696858509361,87.95158277802548,88.36066132462,1024428
2005-05-24,89.97652435302734,90.79468151863115,88.97428355663894,89.58789796788926,1477018
2005-05-25,90.40603637695312,90.77420356213865,89.03562860331404,90.09922577202941,928134
2005-05-26,93.187744140625,94.90587360754257,83.9630581150936,88.3606392731838,3769001
2005-05-27,92.04235076904297,93.39230645671353,90.85602649356909,93.26957943461392,5188740
2005-05-30,90.30376434326172,92.41050639067177,89.64923877658497,92.04233922236774,792295
2005-05-31,91.6128158569336,91.96053086048545,89.99696092976163,90.0378722438933,2176464
2005-06-01,91.01964569091797,92.04233841694966,90.50829932790212,92.00143403234196,1651466
2005-06-02,90.09922790527344,91.91962553268861,89.7106085174661,91.22419553269334,1061550
2005-06-03,90.36512756347656,90.97874879029516,89.48561396302885,90.97874879029516,442177
2005-06-06,89.73107147216797,90.8151279158774,89.38335643047138,89.99697080252979,954235
2005-06-07,90.34467315673828,91.96052803424996,89.50606396480259,91.96052803424996,1395146
2005-06-08,90.50829315185547,90.81510371909035,89.99694682373254,90.40602527141144,928795
2005-06-09,90.32421875,91.63326298954081,89.58787746943759,90.85601732301001,1078755
2005-06-10,90.0378646850586,90.99919391264942,89.17879641945233,90.71284244138285,782910
2005-06-13,90.87648010253906,91.46964224950484,88.99472575890368,90.07878215009721,2065288
2005-06-14,93.04458618164062,93.43320556922842,90.91738486914304,91.46963565968478,5947034
2005-06-15,98.07623291015625,98.99665780530353,93.06503685960212,93.26957264701099,9069086
2005-06-16,96.0308609008789,99.81482198391353,95.0286201639784,98.996671792776,3114214
2005-06-17,95.60131072998047,96.6853669584213,94.70133808401192,95.35586364471632,1769880
2005-06-20,96.2558364868164,98.54666919287878,95.31495938663933,96.50128359024134,3465043
2005-06-21,96.82855224609375,97.25808297156772,94.57863071759279,96.50128942175087,1331233
2005-06-22,97.52395629882812,98.2807496469913,96.1535487814766,97.36032493025759,2910835
2005-06-23,97.52395629882812,98.91482293167773,96.56262720290295,97.76940335168393,3445542
2005-06-24,97.38080596923828,97.72852097425668,95.00815751670997,97.36034684913422,1443514
2005-06-27,98.0148696899414,98.79211538063115,96.93081339133828,97.3398918932549,3593466
2005-06-28,98.7307357788086,99.91705977802071,97.89213364396784,98.58756352090545,5536545
2005-06-29,99.5284423828125,100.2238722731924,97.830772038225,98.17848698341496,5093000
2005-06-30,99.44664764404297,101.00113912953303,98.99666472474935,99.61027905576867,3310202
2005-07-01,100.38750457763672,101.36928592432832,96.13310258153328,101.36928592432832,2555470
2005-07-04,101.30793762207031,101.65565259885777,94.00590925772687,100.63295986103503,2981639
2005-07-05,98.85347747802734,101.55338862628035,98.62848257370506,101.02158311841892,1453260
2005-07-06,99.73297882080078,100.42840871591788,98.2193920338384,98.58756609812015,2831271
2005-07-07,98.56712341308594,101.00112828073055,97.19671568151043,100.63296110684561,1720913
2005-07-08,103.57830810546875,106.33958257416901,98.38302886886053,98.99665003472936,8496794
2005-07-11,104.80554962158203,108.40542650343374,103.49649844570611,103.49649844570611,4722456
2005-07-12,105.72595977783203,107.58725453904982,101.90108852619072,105.5418692874279,6065098
2005-07-13,103.98739624023438,107.38273745646924,103.12833483924769,106.72821184584939,2211384
2005-07-14,103.53740692138672,105.13280953532598,103.0874240549589,103.98738978781454,1390761
2005-07-15,104.76464080810547,105.9100606143161,102.47380812158794,103.49650091418128,1727067
2005-07-18,105.46005249023438,108.32359458272391,104.31463980878006,104.3555441889487,1592592
2005-07-19,104.27374267578125,106.36003949551737,103.9260276934758,105.13281096101619,988607
2005-07-20,102.2283706665039,105.0510020180646,101.65566074815854,105.0510020180646,1400277
2005-07-21,103.82377624511719,104.60102203017551,101.49203888994218,104.31467050701862,1775295
2005-07-22,109.08040618896484,109.22357846939829,102.67835017935901,103.72149515891986,8707103
2005-07-25,109.38719940185547,110.85988185950495,106.40093702936517,106.40093702936517,4391607
2005-07-26,112.6189193725586,114.0916019678002,109.67356803388269,110.04173521974127,9670164
2005-07-27,111.92347717285156,113.72341544469363,111.24849945517293,113.72341544469363,2491379
2005-07-28,124.1859359741211,124.1859359741211,124.1859359741211,124.1859359741211,0
2005-07-29,115.83018493652344,117.40512860792246,110.45082135329325,111.67805000825602,8405504
2005-08-01,117.13920593261719,128.04111706642732,114.9711005610528,115.83016183336159,3350299
2005-08-02,117.09830474853516,118.63233684020128,115.85061718758726,118.1823609268701,2500799
2005-08-03,116.0142593383789,118.14146750978965,114.64385157622466,118.14146750978965,2638218
2005-08-04,116.25970458984375,117.81419582577043,114.3574914653963,116.21878635462524,2834185
2005-08-05,120.10504913330078,123.70492659365328,117.42559669742259,117.42559669742259,9493267
2005-08-08,118.73462677001953,122.72313034148232,118.01875145849124,122.72313034148232,5203215
2005-08-09,119.00052642822266,122.27314046486057,117.40511686965411,120.06412356606377,3951091
2005-08-10,124.1549072265625,124.72761023949703,120.67774320370842,121.23000094763601,5611931
2005-08-11,127.38663482666016,128.42977309635398,122.96859996776465,124.7685318869827,5089414
2005-08-12,127.05931091308594,128.24563477470107,124.97302152425355,126.81385695451534,2947282
2005-08-16,130.27061462402344,131.72283830764337,126.8139094730918,128.4093193091114,3890427
2005-08-17,130.92510986328125,131.90689817219638,128.04112228912484,130.7001149776791,2349788
2005-08-18,130.45465087890625,132.64320812878105,129.06379128916507,132.05004619917347,2310718
2005-08-19,127.89794921875,132.7455139053069,126.81389291519835,130.9046641012308,2916268
2005-08-22,125.32076263427734,129.96379144299505,124.19580196483854,128.81837165433097,2667047
2005-08-23,124.17535400390625,126.83436100357504,123.21402464646378,126.81390188251133,1733840
2005-08-24,127.22297668457031,128.041133681461,123.23447344505965,124.95259621262642,2167441
2005-08-25,128.55247497558594,129.0638283003435,126.48663026052965,128.73656549693246,4006658
2005-08-26,127.30477905273438,129.65698203191468,125.58665637161873,129.2683557464703,1787913
2005-08-29,129.82057189941406,132.31594661951812,123.82760291125818,128.81833849966267,3652490
2005-08-30,129.1660919189453,130.86375553510814,128.5524707199114,130.0865167915927,1124908
2005-08-31,128.9615478515625,130.08652240698717,123.17311293012517,129.6365325848173,1362816
2005-09-01,129.32972717285156,130.74103242465372,128.98200525093895,129.18654103944874,766979
2005-09-02,130.9864501953125,131.82505223680099,123.60260777057806,129.30923226053196,2040959
2005-09-05,130.3728485107422,133.46138561718797,129.77968648907012,132.13188931061458,2276686
2005-09-06,133.07276916503906,133.9727348964451,129.69788728341135,129.69788728341135,2028641
2005-09-08,135.15907287597656,136.18176571930067,133.03187841073034,133.52277263774286,3142259
2005-09-09,135.81356811523438,136.79535634952308,134.25907700351308,136.1817352401414,1606731
2005-09-12,137.2862548828125,137.44988626045753,135.79311336737436,135.81357248400704,861671
2005-09-13,140.395263671875,141.2134207143293,135.0977089423155,137.2044581322073,2719731
2005-09-14,137.92031860351562,141.52019499012658,136.63172672396405,140.7224972339954,1723421
2005-09-15,140.1498260498047,140.9270648655038,137.10219274236633,137.920349799793,1890576
2005-09-16,148.67906188964844,149.4972188638566,139.49528621515483,140.92705053116396,5604379
2005-09-19,147.51319885253906,150.23355524526625,146.8586732643261,149.29268510106542,1730085
2005-09-20,146.77687072753906,149.72223627759533,145.28374268246057,147.63593221668657,1654220
2005-09-21,143.60650634765625,148.0859037810891,137.08173720163103,148.0859037810891,2648646
2005-09-22,137.02035522460938,144.4041847582434,134.40225318995073,144.4041847582434,1901133
2005-09-23,138.75892639160156,142.72698392124028,134.0545484245516,138.6566585098662,3353834
2005-09-26,143.07472229003906,143.77015234439997,139.49530411481163,142.82928209218585,2711567
2005-09-27,141.07022094726562,144.77237947527018,138.96348581269058,143.0747020446956,5804566
2005-09-28,140.76339721679688,142.74741891292265,138.94300689003225,141.9497211817139,2299028
2005-09-29,141.8474884033203,142.72700896272343,139.9043706058164,141.13159925376408,4239710
2005-09-30,142.70652770996094,145.20190286017083,140.96794598144717,142.4815328248395,2959676
2005-10-03,141.90882873535156,143.95421409845855,141.23384408555106,142.70652653363823,1112987
2005-10-04,142.8701629638672,143.74968341068762,142.01110163508682,142.1542739059481,1039982
2005-10-05,141.76565551757812,143.54512775083433,140.7225037257122,143.54512775083433,1460606
2005-10-06,137.9612274169922,141.13157327895183,135.81357421540037,141.09066889697047,1975180
2005-10-07,139.74073791503906,141.94975500181926,136.6317550082545,138.63623629755298,1832020
2005-10-10,143.13607788085938,144.03604369225917,140.31345342862113,140.31345342862113,2126196
2005-10-11,142.99288940429688,144.3632901606078,140.3134375419404,144.3632901606078,1844958
2005-10-13,140.2316131591797,143.50422703135007,139.90435038678203,143.50422703135007,1779052
2005-10-14,134.44320678710938,141.172526433968,133.76822198432356,141.172526433968,3744648
2005-10-17,130.7410430908203,136.22268855129508,127.01845265118313,135.4045314787012,5459273
2005-10-18,132.00917053222656,134.58635454165804,130.49558363427985,131.62054424862822,2636858
2005-10-19,127.93885040283203,132.13190323015596,126.40481817238283,130.90466082362806,3535128
2005-10-20,128.73654174804688,130.45466422309764,126.65023829822385,128.8592548878327,2321252
2005-10-21,135.4453887939453,136.61125355980298,130.90462900809328,131.7227857963284,4092962
2005-10-24,132.438720703125,136.95902294439236,131.82509943593502,135.81360304314842,1801603
2005-10-25,134.8113555908203,136.93854991092454,132.37734374238784,132.95004670892195,1563551
2005-10-26,137.75672912597656,138.65669503339106,134.17731076696774,134.17731076696774,1798527
2005-10-27,127.03889465332031,139.27030448154727,124.82987754003453,138.53397006105473,12831972
2005-10-28,134.32044982910156,135.73176878244166,127.63203606468575,127.63203606468575,15682001
2005-10-31,132.00917053222656,136.99990716072213,128.85926973060597,128.85926973060597,4713317
2005-11-02,134.64772033691406,135.40451379877192,131.08874792468637,132.95004290147347,2186456
2005-11-04,134.64772033691406,134.64772033691406,134.64772033691406,134.64772033691406,0
2005-11-07,138.165771484375,138.5953021505141,133.76819693598017,135.36359259540924,1759533
2005-11-08,139.00440979003906,141.09069995196222,137.85898987980707,139.1271368148018,2143290
2005-11-09,140.47708129882812,142.7679211619995,137.5726340040211,139.00441238145544,3219582
2005-11-10,140.70208740234375,141.94977533826355,138.88169638106518,141.13161817931532,1416751
2005-11-11,144.1383056640625,145.12009406439324,141.54067623442256,142.35883323469815,2327912
2005-11-14,145.89735412597656,147.6154769883655,143.64743264921088,144.4042123298178,2578249
2005-11-16,147.3291015625,147.67682345967816,144.58828617673126,146.0405095643805,2477368
2005-11-17,147.615478515625,148.6995348760735,145.40646140515457,147.47229237440578,2921620
2005-11-18,147.16546630859375,149.31311958239826,145.4268845719687,148.08589111905368,2529395
2005-11-21,144.32237243652344,148.4949516736553,142.7883404337501,147.26772330107562,1716843
2005-11-22,144.36329650878906,146.06097396807078,142.37927449632303,143.3815081360821,2637002
2005-11-23,144.4042205810547,145.8155398277476,142.82928376841187,144.445138824351,2325606
2005-11-24,146.4291534423828,147.69728647477524,144.40421302213903,144.40421302213903,2759085
2005-11-25,148.8631591796875,149.31313514713023,146.51095604028828,146.51095604028828,1178953
2005-11-28,152.1766815185547,154.2220671717805,151.17444781216102,153.1993743451676,1779316
2005-11-29,150.3153839111328,152.9948360252403,148.3927114555299,152.17667900709094,2416595
2005-11-30,146.02008056640625,151.9721614679803,144.71104303195418,151.35854016771796,2285440
2005-12-01,147.65635681152344,148.49495898271823,143.1769598719127,145.22234521082297,2380527
2005-12-02,146.3882293701172,150.33581407693836,145.89733520854128,148.41315566628737,2352240
2005-12-05,142.17471313476562,147.67680223358772,141.56109204927526,143.5860319351304,2216610
2005-12-06,139.6385040283203,143.17701851242256,138.6771744645569,142.17478454956125,2699362
2005-12-07,141.5202178955078,143.0951683982487,139.3521052957716,140.31344843377707,2610848
2005-12-08,143.81101989746094,144.4041818964574,140.9270325153429,143.1360491374054,3075929
2005-12-09,145.42686462402344,145.95867694193754,137.1021519402193,137.1021519402193,1790702
2005-12-12,143.50424194335938,146.4495933491935,141.7656738676183,144.93602018433157,1446244
2005-12-13,144.54739379882812,145.01782888837448,141.99065485653117,145.01782888837448,1962558
2005-12-14,143.15652465820312,145.54961819278117,142.46109470228933,144.40419844406156,1834823
2005-12-15,142.42019653320312,145.01784006350394,141.76568472208794,143.9951471781376,2773458
2005-12-16,143.2178955078125,143.9951342740259,140.76342449180524,140.76342449180524,1291480
2005-12-19,147.00186157226562,147.92228654958276,143.25881200274335,143.25881200274335,2755614
2005-12-20,146.16322326660156,149.0676697775552,145.32460727715977,148.08588152973294,2217357
2005-12-21,145.85646057128906,149.55860587825683,144.6087727209672,146.0405372620425,3757191
2005-12-22,146.14280700683594,147.02232763490582,145.22238198606289,145.6723718612259,1251844
2005-12-23,143.81101989746094,147.22681963368368,142.39971488065294,147.20636051751632,2198599
2005-12-26,136.26356506347656,145.0178093196575,134.99541839745712,145.0178093196575,1665901
2005-12-27,140.92706298828125,142.13384636338665,133.99320799109324,134.99544171571048,2352908
2005-12-28,139.88388061523438,142.54288697549836,133.6045526202375,139.63844048053244,7577871
2005-12-29,140.7838592529297,143.9951093599784,138.26802516533616,139.90433889289253,2243872
2005-12-30,141.3361358642578,142.74745505081097,139.1680369861037,139.8634670189921,2317107
2006-01-02,139.10670471191406,141.5407172994838,136.63178772541485,141.37708585195443,1954278
2006-01-03,141.72474670410156,142.54290366859695,138.67712759463876,140.31344152362956,1404704
2006-01-04,141.1111602783203,143.58607680525324,140.7020748095542,143.58607680525324,894874
2006-01-05,140.08840942382812,142.93149200008517,139.49524751357,142.93149200008517,908577
2006-01-06,142.05203247070312,143.79061457004323,140.72253584569484,141.54069294254953,1574993
2006-01-09,143.7497100830078,145.22237900456258,141.970223592955,142.76792156743198,1921586
2006-01-10,139.57705688476562,143.79055376287727,139.1066219474434,143.79055376287727,856237
2006-01-12,137.08175659179688,140.27254855029548,136.67267110996758,138.2680670892169,1304846
2006-01-13,136.73402404785156,138.59531921299637,136.22268454988085,136.63175614825744,1265121
2006-01-16,136.7953643798828,138.0634972014291,135.09768706029013,137.12262714385716,1066075
2006-01-17,135.4453887939453,138.22710802214092,133.78862995514655,137.81803655392523,1225956
2006-01-18,135.36358642578125,161.54452445247534,132.02960913562913,136.22266157071078,1761290
2006-01-19,141.66334533691406,142.35878895971402,135.81354884495062,136.22263414376252,1481179
2006-01-20,140.8656768798828,142.76787593756637,139.4952624500786,139.4952624500786,1599978
2006-01-23,140.82479858398438,142.3588448157737,132.37735630401906,132.37735630401906,505793
2006-01-24,142.2156219482422,145.529153750334,140.80430310386615,142.35880805534433,3643175
2006-01-25,145.570068359375,149.51765295569578,140.31343270216126,142.6247173241717,4062367
2006-01-27,145.50869750976562,147.2268200145022,144.3019143924839,146.44956752340462,2077138
2006-01-30,146.65414428710938,149.23132852144852,146.24505884958728,147.67683710320304,1791814
2006-01-31,146.14280700683594,148.04502056334152,144.6496789327902,146.85869621228372,882777
2006-02-01,143.6678466796875,146.81774714371218,143.217870793259,146.04049465981882,788147
2006-02-02,148.76089477539062,149.3131386507472,143.1769816985874,143.66787591697712,2103497
2006-02-03,150.15174865722656,153.9766204986636,145.65189209869678,148.90406096801865,3621070
2006-02-06,151.1334991455078,153.34251576034453,148.494951907003,150.94942250782438,1644595
2006-02-07,151.70623779296875,154.40614891798495,149.21086245128257,151.35851587986204,1833110
2006-02-08,152.25848388671875,152.99481819131816,148.290426274185,151.2562364618854,1153936
2006-02-10,148.822265625,152.79032432575926,148.29046694230036,152.58577465011263,2264636
2006-02-13,148.5972442626953,149.2926741863774,146.26550048811063,148.90404791531228,1388147
2006-02-14,150.3358154296875,152.54483225075313,148.474520503961,149.72220811105095,1518634
2006-02-15,149.59950256347656,154.63114424592666,148.45408267853986,151.35852985505878,2354430
2006-02-16,148.57679748535156,150.84717794762076,147.2677462959047,149.72221727611756,1110280
2006-02-17,149.37449645996094,150.7449111654851,148.71997086041551,149.2926876859214,918483
2006-02-20,148.5972442626953,149.72220484076357,146.04050560213577,148.92449318106975,644550
2006-02-21,150.80628967285156,151.35853358206916,148.617717750195,150.04949610457365,719190
2006-02-22,149.51763916015625,152.5652716486261,149.10856766727392,151.35848858173588,829006
2006-02-23,150.4380645751953,151.31758491117515,148.51540638676045,150.41761931153823,2159745
2006-02-24,148.9244842529297,151.52212714107955,148.49495362429423,150.33580313324774,597454
2006-02-27,147.5745849609375,150.29494177032382,146.53143291347448,150.29494177032382,747775
2006-02-28,147.69728088378906,148.57680140638567,145.57008649660716,148.0450028095902,871478
2006-03-01,154.38568115234375,155.44927824753734,146.44957961879302,146.44957961879302,2684017
2006-03-02,162.32179260253906,163.83536571796373,155.85837316487118,155.85837316487118,4888808
2006-03-03,166.9443359375,168.41700443406071,162.56720712426682,162.56720712426682,4409548
2006-03-06,165.57394409179688,169.7669829900599,164.57171045846522,168.1306828978489,3093050
2006-03-07,164.85806274414062,168.47839885774914,163.83536994410147,165.26714817524078,1932995
2006-03-08,160.1741180419922,166.2489247543843,158.31282309616404,165.67620796197062,2637750
2006-03-09,156.4310760498047,160.11277557377701,153.4243612360706,158.72190176680922,2555605
2006-03-10,157.82192993164062,161.50362931393332,156.08334812869057,157.08559559590475,2895086
2006-03-13,159.274169921875,161.78999070745212,158.7628304276475,158.7628304276475,1554168
2006-03-14,158.0469512939453,159.7446151444732,153.77208913313453,153.77208913313453,1197114
2006-03-16,159.96957397460938,160.93090314913513,157.92418862614434,159.49913894593192,1058945
2006-03-17,158.14918518066406,160.930904851423,157.08558811264515,160.56273770109385,1209270
2006-03-20,157.1674346923828,159.233279676904,155.98111033822772,159.00828473873506,604120
2006-03-21,159.54005432128906,159.8468718409636,157.29013305331188,157.29013305331188,1255521
2006-03-22,158.2310028076172,160.54228737182194,157.2901189181806,159.94912535616567,971740
2006-03-23,155.7152099609375,159.131010699711,154.63115352199628,158.0060498682346,1338945
2006-03-24,156.0833740234375,157.45378888587598,153.40392166382898,156.26746456381602,1003211
2006-03-27,160.6036376953125,161.4217945913565,156.67649844610685,156.67649844610685,1827083
2006-03-28,160.2354736328125,163.18083851514484,159.09006780815577,161.58542907426337,1365545
2006-03-29,161.48318481445312,162.54679588123383,159.92869338061408,159.92869338061408,734402
2006-03-30,169.2965545654297,175.45315658617054,161.60590643053067,162.77177150398958,6620697
2006-03-31,168.84657287597656,171.60784770326342,164.65353361147137,169.56246202048976,2103337
2006-04-03,172.48733520507812,173.83729060517987,167.31250847998902,167.63977123466856,1782955
2006-04-04,170.74876403808594,174.67590348360258,167.82385818294466,174.67590348360258,1552125
2006-04-05,171.301025390625,173.59185101158548,169.35790781797328,170.62604070868582,1426651
2006-04-07,167.53753662109375,173.01916807268537,165.47169180346646,172.63054174286316,2489624
2006-04-10,165.38986206054688,168.53974898575117,162.4035926726251,168.130677438932,1715610
2006-04-12,162.21951293945312,168.06932509904982,161.58544645904865,165.67621760615893,1232773
2006-04-13,161.62632751464844,164.44896529349018,159.5604969716896,162.81265153013186,651598
2006-04-17,161.68772888183594,163.630846736503,156.3492834136253,163.22177512575564,1086464
2006-04-18,166.3716583251953,166.86255255673166,162.19907813484883,164.28536823002207,1425515
2006-04-19,168.94882202148438,169.7669789741394,166.0852934649016,168.04885629946713,1244907
2006-04-20,168.7238311767578,169.84879172686934,166.08528381512753,169.84879172686934,616436
2006-04-21,167.9466094970703,171.2396829875635,164.81716741765158,170.6874252437112,1174374
2006-04-24,168.41700744628906,169.35789131530217,165.94209155728743,169.35789131530217,454835
2006-04-25,163.4672088623047,168.90793587001605,137.79762000704852,168.33523286723886,1104903
2006-04-26,168.4579315185547,169.56244689164464,160.35821214039126,163.6717305560475,1828736
2006-04-27,164.08082580566406,172.99870268902652,162.97631036634607,170.99422145412888,3143803
2006-04-28,165.9625701904297,168.13068270076008,153.81298418871165,164.2444474771284,2735463
2006-05-02,167.23068237304688,169.971497497396,166.71934298691707,168.51927424826016,846834
2006-05-03,173.73504638671875,174.02140482184495,166.49438754259998,168.9488448808552,1837153
2006-05-04,173.69410705566406,176.92581641695764,170.58512469213764,175.24859823742727,1558376
2006-05-05,172.11917114257812,175.00317272031467,170.99421050717103,175.00317272031467,927890
2006-05-08,172.61007690429688,174.02139603585272,169.7669933730138,172.1191826910684,1040814
2006-05-09,169.86927795410156,173.81687731583955,166.14667352700192,173.81687731583955,960205
2006-05-10,170.64651489257812,172.79416843052465,169.43973154658542,172.79416843052465,2016041
2006-05-11,169.6442413330078,172.22143903525392,168.39656764171,170.95329237518925,1105886
2006-05-12,169.8488006591797,170.54423060215194,166.39209621064307,169.72607365400623,854291
2006-05-15,164.81715393066406,170.0737900720919,160.76728722682816,168.539757839131,1329571
2006-05-16,164.91943359375,166.90345577490325,157.96511947351033,165.67622713058051,1105473
2006-05-17,170.23744201660156,172.4260139562575,163.22177789216445,163.65130863145262,1660404
2006-05-18,163.79446411132812,169.76698945678712,161.58544712866208,169.35791788110382,1896812
2006-05-19,159.62185668945312,169.93059159908404,149.37447142416573,165.67618976690184,1487750
2006-05-22,147.67684936523438,169.5215675145354,143.1769922897016,167.6398131307479,2181454
2006-05-23,151.21534729003906,157.49467633190503,141.13159163749336,154.22206216338418,1714933
2006-05-24,151.52212524414062,160.3581916950527,143.81101928977088,152.1766507370682,3949613
2006-05-25,161.0945587158203,163.95810140392925,143.17698203556083,149.31313900216233,7159227
2006-05-26,158.8446044921875,162.38311734472305,155.44926389638525,161.0945254787082,1016839
2006-05-29,156.26742553710938,163.5899054510562,154.42657600029935,163.5899054510562,1127822
2006-05-30,153.24026489257812,157.49466722108698,151.35851081564957,157.08559566811383,1350449
2006-05-31,149.9676513671875,152.5652945214864,147.67682573035353,151.35851127367312,1869537
2006-06-01,141.78610229492188,154.18114152279944,139.31118627282598,151.11306346602422,2596550
2006-06-02,149.70175170898438,150.9494393387103,136.63174105214446,142.35882590749344,1866130
2006-06-05,144.11785888671875,151.35851709674134,142.48154490330887,145.26327867510568,1285987
2006-06-06,141.39747619628906,149.27221404031536,134.9954208079282,134.9954208079282,1320430
2006-06-07,144.34286499023438,147.26775741628217,137.04082885599811,139.90437162323929,2239726
2006-06-08,134.3818359375,143.17698620109326,132.54098602360102,142.7679145988083,2757576
2006-06-09,137.57264709472656,139.904391571522,132.9705355123103,136.9999440003427,1627359
2006-06-12,132.60235595703125,138.67714988568983,131.92737115839753,138.67714988568983,1139687
2006-06-13,131.45692443847656,134.17729481149962,125.70939385470002,130.08652354375997,1146658
2006-06-14,133.6455078125,141.54070728226176,131.00695956520872,132.9705367965931,3709173
2006-06-15,139.67935180664062,142.3588032987631,135.05676919009557,137.04079084117413,1800467
2006-06-16,149.66085815429688,152.17667886238212,141.99065516267592,143.17697937491246,1563318
2006-06-19,148.14724731445312,151.35849750801384,145.28370513998735,146.44957004490186,783015
2006-06-20,144.0769500732422,146.4086801131986,141.15204411219403,145.2223559746287,1484972
2006-06-21,150.84716796875,151.7471336760564,139.49528026016353,142.3588226217453,1682946
2006-06-22,149.1904296875,157.08561408909716,147.2677571483625,155.0811327704942,2266855
2006-06-23,151.52212524414062,152.99480760322766,141.94972453958752,145.22233815242032,3720151
2006-06-26,147.615478515625,152.17668502597684,146.06098704556186,149.31314227509915,1224487
2006-06-27,147.67684936523438,151.3585354977879,143.38152809954195,148.4949926045959,2730492
2006-06-28,148.1881866455078,150.13130451318045,143.58607558656323,147.67684712865116,2257615
2006-06-29,147.06321716308594,155.04022396896454,144.60875992364998,144.60875992364998,4624892
2006-06-30,151.3585205078125,153.4039061072668,149.8244882341255,152.70847611159695,1899748
2006-07-03,151.31759643554688,152.13575333925712,147.77908341028143,151.37895993480086,1578206
2006-07-04,149.06768798828125,152.58574219505,147.67682805985575,149.39495077753512,1094999
2006-07-05,151.3585205078125,152.1766775179557,147.26774930890383,150.54036349766926,1624042
2006-07-06,150.15174865722656,151.97213931854964,149.0676923674526,150.1312895378696,1154773
2006-07-07,151.767578125,154.73338808585834,147.67680767578915,152.13574524914017,2530662
2006-07-10,159.3968963623047,160.15368989245928,151.3585259574163,152.38121879396513,3965245
2006-07-11,156.36968994140625,159.1309641852518,155.44926519345773,157.9037358052555,1524386
2006-07-12,156.61517333984375,159.94915109330648,152.99483716494365,152.99483716494365,1338090
2006-07-13,151.8903045654297,157.08559069379052,149.72220601079826,156.84013668833396,2442820
2006-07-14,148.08590698242188,151.35852118584748,146.44959295480527,148.76089171324156,2410665
2006-07-17,145.4064178466797,148.08586926409853,143.58602761199984,148.08586926409853,1581197
2006-07-18,147.43136596679688,149.27221559256984,143.5860491813927,146.85866304287453,1296408
2006-07-19,144.77239990234375,149.66086940230298,141.29523578013547,149.29270217976756,1311512
2006-07-20,149.08811950683594,151.3584997034904,146.65412178244966,147.2268246849278,2497255
2006-07-21,146.3882293701172,148.9040498278633,144.91554688538946,148.9040498278633,753975
2006-07-24,149.41537475585938,150.94942059339266,142.39971260885886,146.04049330581296,1532954
2006-07-25,151.1334991455078,153.32207049604918,149.3335678900439,150.13126564088392,1538271
2006-07-26,156.5128936767578,157.08561052726304,150.13129650624543,152.1766821682031,4830065
2006-07-27,161.85134887695312,163.63083519140653,157.085606770401,157.085606770401,4195270
2006-07-28,157.76052856445312,162.81262751747335,155.9605975420298,161.68766716550792,1509300
2006-07-31,156.6969757080078,165.59440701064864,155.44928802853764,165.59440701064864,1433801
2006-08-01,160.03094482421875,160.7263747664921,154.26295566034614,156.67650826609562,1345458
2006-08-02,160.78775024414062,162.32179636610041,159.54006253802302,160.35821954628108,1734634
2006-08-03,163.28311157226562,165.67620503171895,159.5605078946431,161.99451958983548,2467417
2006-08-04,163.9171905517578,166.90344628814466,163.0172247773161,163.22176056444275,2653570
2006-08-07,160.48094177246094,164.85805739538554,159.54005777808393,164.44898582936506,884564
2006-08-08,165.5330352783203,165.96256594565966,157.9037511535017,160.562743926647,2144382
2006-08-09,165.2671661376953,167.92615939571158,164.0808418066391,166.9443847283412,2520210
2006-08-10,167.33299255371094,167.72161889650127,161.8513609192019,161.8513609192019,2163994
2006-08-11,165.6966552734375,169.76696677415703,163.67171522965901,167.10797418386983,1181447
2006-08-14,168.94882202148438,169.56244319892727,165.06260073703444,166.49436501532585,1488127
2006-08-16,169.2351837158203,171.81236777805137,167.76250117234252,170.5851392510566,1692011
2006-08-17,169.60336303710938,170.91241428063233,166.92391089335518,169.2351958378205,2252342
2006-08-18,167.57843017578125,169.5419931149781,166.31028336863926,166.31028336863926,740778
2006-08-21,167.6807098388672,169.97153573736492,163.63084281200386,169.97153573736492,1404284
2006-08-22,167.47613525390625,171.7714414762532,165.90118502177737,168.13066074527435,1818466
2006-08-23,166.0852813720703,169.72606223153818,165.34893324239175,167.47614116441073,1225818
2006-08-24,169.8896942138672,170.17605259041562,163.71263388979045,164.0398966481871,2883707
2006-08-25,170.81011962890625,171.7714487908629,169.39880070952066,171.7714487908629,1109960
2006-08-28,170.46241760253906,170.99421618589753,168.15113275095473,170.5851446146394,966243
2006-08-29,169.86927795410156,171.60786006524245,168.60114483422595,171.4033242525927,1423116
2006-08-30,169.27609252929688,171.3623963167499,166.98526680910265,169.76698672329715,1015812
2006-08-31,168.15110778808594,170.953286420267,167.10796989551383,169.35789090703602,1626232
2006-09-01,169.03067016601562,169.72610021782958,167.72161884410292,169.35793299649382,431321
2006-09-04,171.23963928222656,171.75097865394537,168.7442643631855,169.3578854610528,1310669
2006-09-05,170.97378540039062,172.13965055867422,169.70563848882173,171.40331612731705,1738058
2006-09-06,174.77816772460938,175.49405676098127,169.9715079406369,171.19875024636187,3022344
2006-09-07,173.4077606201172,177.00763708325923,172.63050811189308,174.67589341039232,1634427
2006-09-08,176.0872039794922,176.68036596501852,173.69409692168404,175.04405226294418,1963554
2006-09-11,172.36463928222656,177.49854869964423,169.501096588457,176.72130990601735,2455294
2006-09-12,173.03956604003906,174.6758796910417,169.35788110298967,173.4486513786919,1376430
2006-09-13,181.26205444335938,182.36655594943016,173.857751277319,173.857751277319,3415513
2006-09-14,179.62574768066406,184.00287719792271,178.97122208722644,182.44838583941197,2587654
2006-09-15,182.4483642578125,183.08243065702453,176.3122083228842,179.99389357275786,2103499
2006-09-18,181.58932495117188,184.49377189103637,180.81207234391474,180.81207234391474,825846
2006-09-19,179.78939819335938,183.26654846341145,177.33494080882951,180.0348383910889,1226244
2006-09-20,189.15725708007812,192.67531158305266,176.31224000169007,178.5826067470599,2610799
2006-09-21,190.44581604003906,193.26844002838243,188.17543583849414,193.26844002838243,2592833
2006-09-22,191.93896484375,194.63887598310913,188.58452811281205,190.50720050102666,2857095
2006-09-25,193.75936889648438,195.29341508938222,190.77311299301,193.4934695879806,2413459
2006-09-26,196.1729278564453,197.993332534688,190.67085098652612,197.993332534688,2078139
2006-09-27,194.82298278808594,198.68875930325854,193.71846729700331,198.40240087005037,1882483
2006-09-28,193.24798583984375,196.35696806238525,191.0389692392369,195.12973969578255,2066610
2006-09-29,191.9594268798828,194.88431911546184,191.12081075850134,194.67978332793717,877594
2006-10-03,191.2230682373047,198.4023764917744,190.22083462193598,198.4023764917744,645156
2006-10-04,188.80950927734375,192.22530926541154,187.35728592112943,191.67305160622698,886867
2006-10-05,188.1549835205078,191.4071521189082,183.26651491588703,187.03002293754187,1212961
2006-10-06,188.318603515625,190.2208165290473,187.0300116247985,190.2208165290473,1497572
2006-10-09,189.9140167236328,191.81621592361134,186.13004973689235,189.46402696786728,1295059
2006-10-10,191.77536010742188,193.473037828075,190.89585334179566,191.03902564043037,896421
2006-10-11,193.41165161132812,194.70024370321372,188.99361762434683,193.0843888084549,1648013
2006-10-12,194.6593475341797,195.1297826387436,190.26175862933533,192.87986116285563,760806
2006-10-13,195.29339599609375,197.17515009222666,194.02524923568285,197.17515009222666,1400527
2006-10-16,198.8523406982422,200.03866467081644,191.10033049685643,194.00477693290995,1512884
2006-10-17,199.40463256835938,199.89552679806147,161.58545627871308,197.23653370193526,1116788
2006-10-18,201.77725219726562,202.49314124456234,197.13423757822085,200.4477558395485,1521516
2006-10-19,200.77500915527344,202.4522273246708,198.504628969326,202.08406018539927,1345695
2006-10-20,203.3726806640625,204.9067129351284,200.44777455222584,200.44777455222584,1835160
2006-10-23,203.78173828125,206.17484563640002,202.90221782562963,204.49762734633183,775456
2006-10-26,205.8680419921875,208.22024512113498,202.10453360804053,202.41135114335125,1492330
2006-10-27,215.70632934570312,217.6085285572971,207.8111325656014,209.4474463676447,3428730
2006-10-30,221.74020385742188,222.94698701934522,215.84950186664486,218.4471448360626,3592658
2006-10-31,216.89263916015625,223.15152212732775,215.58360197260427,221.76066232391312,2448259
2006-11-01,221.3516082763672,222.86518134536837,214.76546202936095,218.63123810189677,1890219
2006-11-02,224.25604248046875,226.6286767652973,220.49253450893937,220.49253450893937,1749063
2006-11-03,223.9697265625,225.40149105182238,220.94255231739766,225.40149105182238,804420
2006-11-06,222.41519165039062,224.7878397739331,221.51522597133152,221.5356712367929,1379594
2006-11-07,222.4561309814453,225.8105679282991,220.08348248515478,223.765182248863,1183724
2006-11-08,222.39474487304688,223.72424127404042,218.8971359936587,221.31068863384957,909505
2006-11-09,220.02210998535156,233.5421112673185,219.51077051229004,224.52196660733037,1772457
2006-11-10,222.5379180908203,223.74468741501855,218.85621891477234,220.90160426773102,877119
2006-11-13,230.71945190429688,233.1330183217226,221.69930807102452,223.35606720442877,2557345
2006-11-14,233.0716552734375,235.81245676606846,231.1694421303152,231.1694421303152,2064433
2006-11-15,236.7124786376953,238.43060158309265,231.128579065154,234.76937461519825,1675974
2006-11-16,236.22157287597656,238.9010110582763,233.80800628154603,237.26469707083308,1697486
2006-11-17,237.61245727539062,239.88282412021698,235.23980867549912,237.67382078770626,1666693
2006-11-20,247.4915771484375,252.76867142580124,234.44204141050832,237.264651328105,3711046
2006-11-21,255.20277404785156,255.9800267828417,248.7189082398949,251.1733657734678,3094472
2006-11-22,261.0730285644531,263.40478673518163,253.62781958250724,257.71859131292865,5391386
2006-11-23,254.46641540527344,264.6728986419232,252.99374656563296,262.6275129408153,2933759
2006-11-24,252.2573699951172,256.9003845104743,250.3551569013204,254.44592761999303,2211060
2006-11-27,257.923095703125,278.1724160718474,252.91192726236915,278.1724160718474,3121716
2006-11-28,256.9004211425781,260.99119244456455,253.6277930195427,257.71856432152913,2102556
2006-11-29,254.18003845214844,258.4548998407464,253.3414223874576,256.9003947163061,1580964
2006-11-30,258.00494384765625,259.76395727255687,250.55973543623296,256.90042836214013,4833008
2006-12-01,259.06854248046875,263.85473010400284,258.16856279061363,260.1730579719061,1435962
2006-12-04,258.22991943359375,261.3593752921661,257.14587694367737,259.7639517564698,875521
2006-12-05,261.5229797363281,263.0365667147919,256.0004304065051,258.9457955898003,2940021
2006-12-06,264.8160095214844,266.6773042601055,257.92304662428774,263.4455950477046,2769269
2006-12-07,260.9501953125,267.4954495797793,258.9457285079003,267.1272686383921,2975676
2006-12-08,259.51849365234375,263.4047287105185,257.92307031196333,262.2184046159558,1222352
2006-12-11,248.24839782714844,259.51847595704214,231.1694266239055,259.51847595704214,3291504
2006-12-12,235.6079559326172,250.76427211983273,229.75815721835957,243.44179070363666,4072055
2006-12-13,244.62808227539062,249.06656120517854,227.59002791296857,249.06656120517854,3447435
2006-12-14,249.70068359375,252.40059504903647,245.85536607097922,248.67797684838175,2546930
2006-12-15,251.9709930419922,254.75271264602094,249.12790993907961,253.21868058114808,3472988
2006-12-18,253.3209228515625,254.44588321770473,244.21895820568113,253.23911410033196,1735488
2006-12-19,247.6961669921875,253.6277596667929,243.40083275669593,253.32096986683783,2665376
2006-12-20,247.368896484375,252.76869045294805,243.80992436878134,247.90069500484682,1977950
2006-12-21,250.25289916992188,251.99149489946407,240.53732470710074,247.49162451442635,2982355
2006-12-22,251.54151916503906,253.62779537216244,247.51211133445926,250.7642665156565,1156513
2006-12-26,255.40721130371094,257.1048884215987,249.53695521861272,251.80734903131267,1578457
2006-12-27,258.2503356933594,264.2637926982067,255.6527064408831,255.67315170711598,1439384
2006-12-28,258.00494384765625,263.15931250857625,256.1436486707046,261.7684524431034,2825679
2006-12-29,257.6980895996094,261.3388706556044,256.9003917802201,261.3388706556044,837356
2007-01-02,259.498046875,260.173045461743,255.26410334896127,255.26410334896127,615821
2007-01-03,262.0343017578125,262.6274637771304,257.8412493888504,260.17300693599685,1730509
2007-01-04,260.8685302734375,263.8547868632682,258.1277277797531,263.83434158979685,1814596
2007-01-05,260.2957458496094,261.8093328776869,255.26410440387747,260.8684626910379,1649861
2007-01-08,254.48681640625,260.2957096787965,253.23915655589516,260.2957096787965,2161240
2007-01-09,254.9368133544922,257.71853306994626,250.02789946882172,254.44593304737006,1482322
2007-01-10,251.0302276611328,255.67324402539128,248.04397105027985,255.2641723313494,2025219
2007-01-11,260.3367004394531,261.40029779088707,249.6802539504648,251.13247767317182,1464605
2007-01-12,271.5453796386719,273.5907652604909,261.0321069617512,263.85471751104154,2427551
2007-01-15,270.5840148925781,284.30855104279675,269.9908528325459,276.12700920836767,1157802
2007-01-16,274.020263671875,275.59521409615843,262.68884859022705,272.24077746953554,1848047
2007-01-17,273.3043518066406,276.1269616444956,271.2794119633026,273.9588495533313,828677
2007-01-18,275.4111633300781,280.2177958799723,273.6725675851662,274.69527422377496,1361253
2007-01-19,280.23828125,282.26319394196247,272.87488177779943,279.39966509367105,1042139
2007-01-22,276.69976806640625,282.26320849442754,275.3089079594009,282.26320849442754,871498
2007-01-23,282.2223205566406,287.1721536105065,277.7224773628748,277.7224773628748,3510112
2007-01-24,281.0563659667969,286.23117870790867,278.2950917391421,286.23117870790867,2234602
2007-01-25,294.9854736328125,301.8988827068215,275.1043354689866,277.17016623264334,5698257
2007-01-29,291.7742614746094,294.0855466685072,282.7541294890651,294.0855466685072,1168698
2007-01-31,290.137939453125,294.0037019158338,288.3993436750527,291.46743594578226,1251336
2007-02-01,299.26031494140625,300.26254850351387,287.58116481990584,294.0854741926773,1399112
2007-02-02,315.2347717285156,318.2415001201916,300.6716202086778,300.6716202086778,5515124
2007-02-05,319.5505676269531,326.15715965084627,313.35304719084235,317.85291776729485,3693214
2007-02-06,315.2552185058594,322.76178918469674,313.5984594037539,319.550525011987,2170667
2007-02-07,316.1960754394531,319.489120249173,313.8438728717592,316.42105644258885,1457009
2007-02-08,313.61895751953125,318.67107214675144,310.89860089115876,318.67107214675144,1207737
2007-02-09,307.6259765625,315.80751878707304,305.9896625768625,314.1712048014355,1119853
2007-02-12,297.0309143066406,314.58032568334454,291.692454674962,314.58032568334454,5285740
2007-02-13,302.8601989746094,314.10983309137947,289.6674888004946,296.17179863105014,4260903
2007-02-14,311.88031005859375,314.37568498237675,291.03783188055087,304.7214757300982,2485794
2007-02-15,324.5412902832031,326.0344319224537,312.57579501351535,312.57579501351535,2173130
2007-02-19,327.2411193847656,332.0886687007518,324.45940028236953,326.85249319645357,2100035
2007-02-20,323.8458251953125,329.9206453892431,322.3527113578174,327.2616250679462,2195408
2007-02-21,330.37066650390625,335.85229795147063,323.94816483936694,324.3981546790208,3748645
2007-02-22,327.5684814453125,339.12490577498755,324.02995415436874,331.35243505836627,6487779
2007-02-23,309.24176025390625,330.5342279804877,305.17143516356407,327.5479728250111,4619659
2007-02-26,299.40350341796875,312.0848877882044,292.18330462315424,307.6259635327696,6128223
2007-02-27,295.8445129394531,305.98963089642285,293.77868232975334,302.30793173582447,3589856
2007-02-28,294.0854797363281,302.7170110996664,274.0816155371941,279.4814374186954,6574038
2007-03-01,298.19671630859375,302.71700379880826,286.3539210148937,302.71700379880826,4022394
2007-03-02,289.0743103027344,302.18521096065837,286.76302564709357,296.98992487599986,3403993
2007-03-05,280.91314697265625,287.15155567549,274.96108273635866,285.45390643353255,4554717
2007-03-06,294.8218688964844,302.3079673963037,278.2746936908099,284.2881234341173,4894205
2007-03-07,295.6809997558594,301.4898950757086,287.0290202973249,297.80819461583314,3950452
2007-03-08,310.2031555175781,312.5348855933897,294.16733413351557,297.8081153759631,2692252
2007-03-09,306.971435546875,313.7621174684152,301.448886511641,312.5348751149367,3262728
2007-03-12,314.743896484375,318.91647603678456,307.2168527516118,308.8531666065603,3533674
2007-03-13,313.0666809082031,315.39841095974396,307.72822225811626,314.9893394003317,2147344
2007-03-14,298.5853576660156,307.298698026705,287.438005570779,294.5354772960305,2353885
2007-03-15,297.8285827636719,306.7260146006011,295.84456059925947,302.7170520309245,1722218
2007-03-16,293.4105224609375,305.1714821121089,289.2174974400113,295.3536539150069,3891133
2007-03-19,300.1193542480469,301.0806695051705,294.5763606089746,298.58532226727726,1780641
2007-03-20,301.7147216796875,306.39865364972,300.6715700564265,301.08064151946024,1415189
2007-03-21,311.5530700683594,314.539325467254,299.5262120042873,304.3533169828926,2665580
2007-03-22,319.24371337890625,320.71638187925066,312.9848306970275,314.58022618966896,2583344
2007-03-23,320.7982177734375,325.21625135176834,319.0800951431762,319.40735791577896,2562737
2007-03-26,315.275634765625,323.0071850859612,256.90033960994515,318.34369841659355,2665214
2007-03-28,309.9576721191406,315.80748357672576,308.03501378923505,315.80748357672576,2779565
2007-03-29,312.330322265625,319.0800855817315,304.21014439883413,306.35778377049917,3562978
2007-03-30,312.49395751953125,314.58026121364065,309.26224794247514,309.26224794247514,1609354
2007-04-02,298.19671630859375,307.07367375891715,296.08996746091196,307.07367375891715,2211386
2007-04-03,300.1398010253906,303.2078927060096,296.53993855360363,298.6262143009591,2267392
2007-04-04,305.78515625,308.4237041486505,302.7579820108457,304.5579137166396,1610696
2007-04-05,305.1919250488281,308.812260614271,302.3079237553445,302.6761047431296,1199393
2007-04-09,311.328125,313.3530376086866,304.7828966847851,306.37829245051927,1855536
2007-04-10,313.18939208984375,314.1302621696682,310.48948114910263,311.7371687347882,1358553
2007-04-11,316.66650390625,319.0595969506517,312.1257440784772,313.35295849445407,1698609
2007-04-12,314.5802917480469,316.9938584577847,310.89859202631146,316.50295038629156,1685933
2007-04-13,319.7142028808594,321.3505168844065,312.9439658115145,312.9439658115145,2035423
2007-04-16,328.243408203125,329.3070052335197,320.307321004881,320.307321004881,2189971
2007-04-17,327.159423828125,332.9478450218918,325.7480908236153,329.30706353399023,2060166
2007-04-18,333.2955627441406,336.179536698675,326.40259876106984,326.40259876106984,1835012
2007-04-19,334.7886962890625,337.0795359947189,323.6822612516694,331.27064180451634,1408192
2007-04-20,345.9360046386719,347.2041374936052,335.97497689599004,335.97497689599004,2016463
2007-04-23,344.3406066894531,355.05841393820424,342.80657457360894,347.77685192667786,2102718
2007-04-24,357.2470397949219,360.8264577055148,341.57937097921814,343.6247566000734,2952584
2007-04-25,352.7881164550781,357.9424853181576,349.90411445896785,352.35859956829694,2728282
2007-04-26,353.1153259277344,359.7423626920602,349.8018075455714,355.89704574741717,4617451
2007-04-27,338.0409240722656,355.81531708744274,332.2729196530454,355.81531708744274,7988535
2007-04-30,331.90472412109375,340.3521661503662,327.2616811731268,336.2613947894069,8672438
2007-05-03,341.681640625,343.6247444293636,334.2159875288435,341.1702873119938,2757447
2007-05-04,333.888671875,345.4655395026061,332.1705493944758,345.22008551864263,3998536
2007-05-07,336.4045104980469,340.7611804336181,334.21595289763866,338.3067235705773,1923453
2007-05-08,333.45916748046875,339.5339603884043,330.94334695330485,337.4885749179705,2821684
2007-05-09,337.7340393066406,338.65446418179204,327.6707291852264,331.39334692387064,3037623
2007-05-10,335.013671875,341.3748093152779,332.9887316756993,339.53395962566145,1811385
2007-05-11,332.96832275390625,334.9318719606944,327.75259063188065,331.35245393067254,3337218
2007-05-14,337.2840576171875,339.5339789875506,333.78644854818816,335.3613990481653,2004812
2007-05-15,341.12933349609375,341.78385901961155,334.21595267230555,337.8976241125789,1899206
2007-05-16,346.99957275390625,348.04272448592496,341.1702345388982,341.98837755026426,1479178
2007-05-17,347.5927734375,353.4425852714402,345.6701149838978,348.24729900088965,1671076
2007-05-18,348.5337219238281,350.5791076809013,342.3975646526085,347.24511587617195,1243935
2007-05-21,348.3291015625,352.6244358845483,345.8746445953386,350.5790504613117,2150422
2007-05-22,351.5199279785156,353.19713242548136,344.44290146756214,347.71550159170306,2282129
2007-05-23,347.7973327636719,354.6698516446254,346.6928450413246,351.3972236060761,2286729
2007-05-24,342.3974914550781,349.71997145407715,340.3521061352662,347.6745861342652,2197960
2007-05-25,341.29302978515625,342.80661682176765,334.42053846372744,337.48860307353004,3217827
2007-05-28,338.89996337890625,346.2428903881193,337.4886302736128,346.2428903881193,968422
2007-05-29,342.0906982421875,346.3450867116364,329.3479503967576,339.94303103732005,3317805
2007-05-30,340.4339294433594,341.98840683880525,338.4294345680678,339.94302143160945,2058029
2007-05-31,347.40875244140625,350.98817050072984,340.35217037106224,341.579385172399,3470860
2007-06-01,344.15655517578125,349.351841855339,341.5793709558965,347.20417448696065,1242211
2007-06-04,338.22491455078125,345.670122212318,337.5090531729915,341.6407147117225,609319
2007-06-05,342.56109619140625,344.4428639130998,333.1114224615283,337.4885374632529,783669
2007-06-06,337.2021789550781,344.40193138876043,335.7090375389973,340.781596056648,866684
2007-06-07,335.97503662109375,343.5838905105176,334.62509475894143,335.44323798404986,1389292
2007-06-08,333.60235595703125,340.6794105291425,325.2162778912975,335.9136408197735,3085680
2007-06-11,331.88421630859375,339.1248880603281,329.818385576295,337.4885741469964,1469227
2007-06-12,329.7366027832031,334.9932252829058,327.26167259988637,332.98875789592074,1395430
2007-06-13,326.62762451171875,330.9433768862003,323.170905854831,329.6752438746272,2958591
2007-06-14,334.5636901855469,336.6295209679373,326.85258319118066,327.2616547535293,1122545
2007-06-15,332.53875732421875,338.71583224518776,330.94336157345066,335.44320426647283,684745
2007-06-18,330.9024963378906,337.07957224828624,329.3275733059577,334.6251147229092,1125911
2007-06-19,332.1092529296875,334.09327505874677,329.04116062172665,330.5343023873922,1944805
2007-06-20,337.46807861328125,341.5792941989598,332.9886820630901,341.5792941989598,3535221
2007-06-21,333.9295654296875,339.08393291797444,333.02961365301513,337.0794659070662,2045640
2007-06-22,337.6931457519531,339.533995636811,332.98876699265855,338.3067808493165,1147445
2007-06-25,340.4339294433594,341.57933529808855,335.8522506172178,337.07949294298027,4543446
2007-06-26,348.8609313964844,349.76088326163824,340.3521268402963,341.5793414846733,2355536
2007-06-27,342.99066162109375,351.35626589195994,340.84299451765776,349.760870291265,1099923
2007-06-28,347.2041320800781,348.94272765268744,341.7838650027456,345.6700999778091,2012209
2007-06-29,341.9679870605469,347.1837188524566,339.73851098277663,347.1837188524566,1509571
2007-07-02,342.3974914550781,346.44734386093353,341.29297617944076,343.62470602479857,1426498
2007-07-03,354.5062255859375,358.92425982538987,342.41800186386894,342.8066281959651,3353881
2007-07-04,351.9290466308594,360.969651048398,350.57910478600206,359.5378727191845,1757484
2007-07-05,348.8404541015625,355.8970351818866,344.6883197619788,355.8970351818866,2095710
2007-07-06,354.3630065917969,360.0287278602999,345.8132838197453,345.8132838197453,2912839
2007-07-09,361.4400939941406,364.03775139370447,351.8267724960171,351.8267724960171,1950872
2007-07-10,356.735595703125,365.6330250457036,352.44028976250223,363.95579319522676,1698527
2007-07-11,357.65606689453125,360.3968683256351,353.64710492740596,356.73564209444436,864696
2007-07-12,360.29461669921875,367.2898341451264,357.4924240455522,362.8513553502606,2552589
2007-07-13,361.1945495605469,365.9194003447888,357.7787774869926,359.9059715216876,2398955
2007-07-16,359.43560791015625,364.896794044808,357.98338435513165,360.3969233882057,959448
2007-07-17,353.7084655761719,362.8104317687153,352.2562422547299,359.98779389096325,1301912
2007-07-18,361.9104309082031,366.328464111855,351.80623175346466,352.6244024673913,1260095
2007-07-19,366.737548828125,368.1693268513665,362.0331709421169,364.0785562452001,2843001
2007-07-20,377.92584228515625,385.7187577360844,369.3965925110589,370.21473560266634,5189406
2007-07-23,384.9414978027344,388.1732072784558,375.4918233797955,375.4918233797955,1595819
2007-07-24,381.4848327636719,391.07768009504537,379.21443848021994,386.6392009748828,1950131
2007-07-25,387.3550720214844,390.6685903309619,377.2099536163268,377.2099536163268,2661976
2007-07-26,378.66217041015625,392.30489739432613,373.5078025287285,392.30489739432613,5113838
2007-07-27,365.1013488769531,372.2601852747279,363.2604988995556,371.8511136583324,2518535
2007-07-30,362.27862548828125,368.9465799242901,353.851630269709,362.44224301504426,2951747
2007-07-31,368.61932373046875,370.21471931106424,357.77878972565287,366.12394862581925,2403595
2007-08-01,352.99261474609375,364.0786039884889,348.18595449798727,364.0786039884889,5095368
2007-08-02,357.4310302734375,360.7650211813547,349.8426514329346,355.0788552928674,1599958
2007-08-03,356.96063232421875,363.2604338211182,355.07889214446766,363.2604338211182,982613
2007-08-06,354.6289367675781,358.76062624246794,347.7768907931355,350.4154385168527,1765058
2007-08-07,358.4537353515625,360.3763935601414,356.12200564390037,359.47641409927064,969936
2007-08-08,362.4627380371094,364.0785789525547,359.1696650004335,360.6832518813332,1020507
2007-08-09,355.8766174316406,367.7603045867768,353.1357880147601,364.89677586038323,1769412
2007-08-10,342.99066162109375,348.94272722535334,337.48855808091844,348.3290922223077,3437378
2007-08-13,348.3699951171875,350.9880971386004,341.5793137768558,347.3063980968912,1105901
2007-08-14,350.2313537597656,352.21537590223244,344.9133676886651,348.5745944296446,843756
2007-08-16,327.7525939941406,339.94307177148795,325.2163001996122,336.2613996562314,4575053
2007-08-17,326.013916015625,330.24785865942124,306.8077515289892,326.8116137483049,7884465
2007-08-20,338.67486572265625,343.58380699087445,329.30700063570174,337.48854171245483,1895250
2007-08-21,332.9068603515625,343.2155945134765,329.30697041852807,342.74515954619966,2478297
2007-08-22,346.73370361328125,348.12456347554405,331.8023984340294,348.12456347554405,2144606
2007-08-23,348.1450500488281,355.4879759222935,345.6701200316923,349.76089101080834,2151217
2007-08-24,354.0766906738281,356.6743201414793,346.20193808832346,352.5221854246537,1798756
2007-08-27,358.74017333984375,360.7855590718512,354.7107653870423,355.8970896656789,1298901
2007-08-28,358.06512451171875,359.94689227346356,353.8925451751682,357.53332599932344,902086
2007-08-29,359.8242492675781,361.9923620563498,345.26109486802875,350.17000962114474,1930054
2007-08-30,361.58319091796875,363.8331120415382,354.30162901636623,363.8331120415382,4756885
2007-08-31,359.8242492675781,363.2400221623429,355.9584588143768,359.8856127797634,2069972
2007-09-03,355.71295166015625,360.3968846383924,351.8062712511499,359.8241955483183,2339511
2007-09-04,351.11077880859375,357.94234979635957,348.53359535281044,356.1219734787736,1817390
2007-09-05,347.26556396484375,354.26078275675144,344.2383896953657,351.80632536906086,2410235
2007-09-06,344.44293212890625,348.5337034259413,336.6704611238165,345.6292563591187,2417700
2007-09-07,346.8360290527344,348.12460734025444,343.62476441278665,347.20418240476187,1945679
2007-09-10,348.1654968261719,350.90632613773334,341.66115930563967,345.6701215314341,1493464
2007-09-11,346.2223205566406,351.39713287130996,343.665582293179,349.7608192745502,1490686
2007-09-12,344.3610534667969,349.71998481830764,333.5000739027558,333.5000739027558,1184245
2007-09-13,343.1952209472656,347.2859919648714,342.39752309215777,344.36107212586205,1563518
2007-09-14,339.3703918457031,347.674661933114,338.69539321122363,345.6701667064461,1804670
2007-09-17,333.1522521972656,342.070153502358,330.1251069685448,341.5178821341333,3479454
2007-09-18,340.5771179199219,342.7247851663081,330.55472617734705,333.3978095353232,1830966
2007-09-19,362.78997802734375,365.7148698672725,345.67008836516567,349.76085896952986,2583930
2007-09-20,365.6534423828125,372.2600321512961,360.8058930856166,364.0784923742653,2580508
2007-09-21,376.8622741699219,378.39630643647797,364.18088905297685,367.3307623608194,3078048
2007-09-24,386.5369873046875,388.82782725875853,380.03267624185486,380.8508195164993,3196641
2007-09-25,394.26849365234375,398.85014498491944,384.57336471554413,394.7593739829858,2420369
2007-09-26,392.284423828125,398.35921608610147,390.70947358292955,395.4138513505088,2153440
2007-09-27,392.7752990722656,402.94086170333014,387.02776963624393,396.39563452272114,2766810
2007-09-28,384.4914855957031,396.19110820205196,380.8507047944421,390.7094778837333,1719943
2007-10-01,385.1255798339844,394.10481902037606,381.8120616642821,382.527950691783,2501663
2007-10-03,397.05023193359375,400.89554909691316,384.53246432954467,392.7140067132289,2873903
2007-10-04,393.3889465332031,409.48613073346894,389.8913377173219,397.00928235365734,2263054
2007-10-05,406.7862243652344,416.03136330957034,390.72995821861383,396.80475108870723,5022308
2007-10-08,403.206787109375,428.6513909375555,398.0319740659114,409.0770439182572,2767234
2007-10-09,424.9493408203125,431.2286705540283,389.07326647208737,389.07326647208737,4987514
2007-10-10,438.0806579589844,484.4290537497022,429.1218632180103,429.1218632180103,17524680
2007-10-11,448.4507751464844,452.05063831353897,432.435398306935,445.89403620276875,8627953
2007-10-12,437.1397399902344,453.23692424600756,431.678582193191,441.7214188932346,6066409
2007-10-15,460.4776306152344,463.89343093181077,437.71248976669534,448.75756090178993,7623379
2007-10-16,453.5641784667969,463.8524689827102,445.9962441649292,463.8524689827102,6959437
2007-10-17,452.255126953125,460.21168752149794,404.9862816944847,425.44013570448965,14053554
2007-10-18,414.9063415527344,454.07547699187364,408.66793206304715,454.07547699187364,12389623
2007-10-19,399.3819580078125,415.21324402049544,382.48707482056557,415.21324402049544,10233675
2007-10-22,380.54388427734375,393.3275204303795,371.646454898006,388.6231429909489,15169670
2007-10-23,410.3451843261719,422.12661639612,387.39595519757285,396.80473910013757,11007585
2007-10-24,407.6249084472656,425.3174914526883,398.8502030927102,413.1679036853989,18347926
2007-10-25,416.8290710449219,422.16752970961875,400.8955315258285,408.52482971456266,27081723
2007-10-26,405.2726745605469,424.17205343358313,403.0432260934462,411.12248692423213,8246107
2007-10-29,407.2158508300781,418.03594235563156,405.0272926595584,413.16791789193735,7941472
2007-10-30,408.89300537109375,419.71309556729926,401.7136965882604,409.07709589447205,6107084
2007-10-31,411.7769470214844,422.1674911464846,407.0316508641045,409.07703618354026,10274420
2007-11-01,384.5733947753906,439.3488177861056,376.4532156410985,415.2132614474393,14084832
2007-11-02,366.1036071777344,378.39636798467535,347.8178609078446,347.8178609078446,19492318
2007-11-05,385.26885986328125,388.62329720560314,361.6242085947389,367.3512947130724,9856104
2007-11-06,375.4100646972656,393.4912728794653,370.4397866702805,388.6232488988079,8708825
2007-11-07,368.1080017089844,394.75937692442017,362.23774444636064,394.75937692442017,10839160
2007-11-08,361.4400939941406,366.12402771762737,348.12462727351306,364.03775139370447,10833426
2007-11-12,341.19073486328125,352.9108043844651,338.3067608902832,350.86541882236276,17654586
2007-11-13,341.27252197265625,352.215309598868,338.73622872852076,343.6246970214632,18223378
2007-11-14,351.5608215332031,363.4240628812577,345.6701190962294,351.80627554829766,14877265
2007-11-15,369.008056640625,377.10779158719544,353.851738837391,353.851738837391,10038461
2007-11-16,373.4669189453125,375.49185926647516,364.11952536531817,365.71492113803396,4690847
2007-11-19,371.6874084472656,385.75968032931894,369.0897791688199,385.75968032931894,2914619
2007-11-20,370.2147521972656,372.4646735036499,363.6695240601828,366.9012337426716,7493187
2007-11-21,368.21026611328125,375.12367492732153,360.3968777411866,370.2147332974057,12983451
2007-11-22,370.8079528808594,374.71463382126194,352.6244900217728,359.9878620537302,4582611
2007-11-23,375.3486328125,378.3962516364719,370.27607395961587,375.532723306694,4693518
2007-11-26,387.3755187988281,389.44134950785013,378.3962791986351,379.62352154570914,4701403
2007-11-27,374.6531982421875,396.1502034693223,372.6691763979441,396.1502034693223,7330157
2007-11-28,372.28057861328125,381.25981846616236,369.8261215536742,376.3509043469483,4762049
2007-11-29,374.20330810546875,380.4417193661285,367.41262524255814,378.39633362919443,9664157
2007-11-30,384.3280029296875,388.582392494935,374.40789056562846,374.7351534324644,5137887
2007-12-03,377.966796875,388.62324187513127,375.20552211981925,384.9415422015569,3716097
2007-12-04,375.06231689453125,383.7142937453789,373.50781176315405,380.44166594438104,3155529
2007-12-05,376.5350036621094,378.3553804547774,371.2783536613243,375.53277000723176,7268153
2007-12-06,384.7983093261719,389.56405072033226,376.3508688381632,377.9871826247192,10396951
2007-12-07,392.20263671875,407.399869611945,387.86643938629936,390.66860451291313,14910029
2007-12-10,398.11376953125,404.7408056805402,390.66856264388235,394.75933322343724,5641428
2007-12-11,423.865234375,426.87196317482835,398.850171628608,400.0774140926149,11088214
2007-12-12,433.1103515625,437.58974892281617,403.75906503692033,409.7111588180235,7349570
2007-12-13,404.2294921875,434.4398097160618,402.12274333696587,434.4398097160618,8689561
2007-12-14,390.3822326660156,408.6679739593457,386.57780646607006,402.0409098595571,6864177
2007-12-17,370.1329650878906,388.6232446610026,365.7353762569729,388.5823264207482,9867630
2007-12-18,372.2601623535156,379.5621983006757,370.2147766938611,372.2601623535156,5124601
2007-12-19,370.54205322265625,378.39633333830056,368.5784762678409,377.98726173195155,7283480
2007-12-20,375.92138671875,380.19622051934965,368.9875323809362,370.54200984380515,5136659
2007-12-24,397.7046813964844,402.9408575462285,376.3508498901478,378.3962350944617,7673238
2007-12-26,402.3067932128906,404.9862587407438,389.0322479764562,392.30487551401643,4526006
2007-12-27,394.9229736328125,407.03163999464186,387.88683834854794,407.03163999464186,8538927
2007-12-28,385.1051940917969,398.31837828215106,382.11891052081,390.6686342343427,5588459
2007-12-31,407.60443115234375,418.6495025174568,392.7140148407143,404.0454584795688,9956733
2008-01-01,395.8229675292969,409.07706877979285,394.00259079507765,409.07706877979285,2945314
2008-01-02,395.2707214355469,402.0000399111942,389.4413548366962,396.8047536126704,5287686
2008-01-03,388.25506591796875,394.69804043121815,384.16432230921384,390.6686326277861,5097441
2008-01-04,387.9482421875,392.26399418656416,384.9415136230068,390.5867897305237,4499385
2008-01-07,383.3256530761719,387.7232136206801,378.3962662932998,384.5324224121686,5724909
2008-01-08,399.21832275390625,401.100062993566,385.3710594238529,391.42540710619244,8578334
2008-01-09,398.50244140625,402.1227773850996,390.2799810726243,402.1227773850996,5854734
2008-01-10,395.7615966796875,400.0773763126125,390.79131919186176,400.0773763126125,6064761
2008-01-11,394.697998046875,402.1227602022248,383.3051920231372,396.8047469857674,5761107
2008-01-14,371.1761169433594,396.8047871444449,369.3557123621204,372.81240329530425,12253051
2008-01-15,350.9063415527344,373.89646337545815,345.67013671641337,372.2601493641078,23642084
2008-01-16,354.0766906738281,358.3515247018277,335.5454932165991,345.6701394933143,17633859
2008-01-17,356.69476318359375,366.6967100867218,346.4883081952468,353.8516797041056,11180714
2008-01-18,357.14471435546875,364.0785682685804,349.76087067416836,353.892559650214,7200791
2008-01-21,339.12493896484375,364.07863985209616,328.1616756552954,363.2604966244291,9506786
2008-01-22,344.62701416015625,368.0876007688478,286.7630783649683,331.3524658250708,13027061
2008-01-23,346.9178771972656,413.5361050849006,331.761559648211,349.7609611041905,7687900
2008-01-24,348.43145751953125,355.488040117998,340.04537826830705,344.0338682265794,6481352
2008-01-25,374.3464660644531,378.3349556321357,345.6701486032219,351.80630557908296,6583824
2008-01-28,355.5289001464844,368.1489213496,345.67012585269936,368.1489213496,5403360
2008-01-29,347.9405517578125,367.3512568813668,345.67015727465576,367.3512568813668,8065841
2008-01-30,351.8062438964844,355.4879429772076,345.7518967596161,351.8062438964844,7348853
2008-01-31,351.33587646484375,366.53308302511726,347.71554018593537,352.6244824724282,11642382
2008-02-01,372.03515625,377.9872223012379,348.2268643414344,352.6244529099822,5664881
2008-02-04,377.578125,386.4550826003973,356.9401806721241,386.4550826003973,6577788
2008-02-05,382.4870910644531,387.1914697756494,372.26016275514644,382.4870910644531,5234634
2008-02-06,367.8625793457031,370.0920555679812,355.95844625250743,368.1898421646028,6120545
2008-02-07,353.6471862792969,375.1237514193177,348.1655544524999,370.21480878841265,4098494
2008-02-08,361.1945495605469,364.07855082903797,347.7154686477953,357.53332349726304,2850477
2008-02-11,346.97918701171875,386.4551204505587,337.48859347449536,360.3969064622259,7647667
2008-02-12,351.3154296875,355.8970814316037,335.44322458475193,335.44322458475193,5362843
2008-02-13,351.3154296875,361.9309844384138,336.2613954807957,361.9309844384138,4123271
2008-02-14,358.80145263671875,368.16931764465227,354.26069239077367,359.9877766369131,4164677
2008-02-15,360.2333068847656,363.9968154369078,349.04503527559706,349.04503527559706,3179953
2008-02-18,359.8854675292969,365.7148049088425,353.09478731592714,364.89666201473295,2702105
2008-02-19,363.5467834472656,365.6944506340619,357.9424256581279,363.66951045263835,3299348
2008-02-20,354.7515869140625,359.57869149302053,351.8062222896568,355.0788496501076,3614756
2008-02-21,355.4674987792969,361.27639194059,348.94271660531314,356.91972206962015,3092424
2008-02-22,348.1654968261719,355.07890590566785,346.44737411563335,351.8062780267308,3509963
2008-02-25,347.7973327636719,355.48799480245526,340.78166930407457,355.48799480245526,7483856
2008-02-26,343.3384094238281,352.31764973783663,340.3521536430078,352.31764973783663,7638677
2008-02-27,344.3406066894531,350.5790445925172,341.3747964902279,346.81553658490856,6024575
2008-02-28,346.14056396484375,347.71551443364115,340.5566788885048,345.17924855117144,5519489
2008-02-29,337.9998474121094,346.8972762370948,329.81830748618347,346.8972762370948,7638600
2008-03-03,324.09130859375,331.2501717493919,319.0801126958849,331.2501717493919,4997354
2008-03-04,313.7212219238281,326.44352535077786,307.2168840760669,324.3981397494436,6484781
2008-03-05,307.2373352050781,312.84169301651895,302.7579380092133,310.89856159640664,7153695
2008-03-07,307.25775146484375,314.86657577740317,298.66713890169433,302.71699119471896,16904813
2008-03-10,329.3887634277344,338.7157366838607,299.9352307434358,306.7872745944791,10229645
2008-03-11,322.41412353515625,325.6253604263911,314.1916627404687,325.6253604263911,7127332
2008-03-12,334.62506103515625,336.5477195832877,324.0913157035903,327.2616619368011,6480848
2008-03-13,319.345947265625,331.76143011835114,310.9803163852695,327.26158843713756,4843782
2008-03-14,307.9941101074219,321.12548398016395,303.187450203747,319.345997829534,8146648
2008-03-17,303.7806091308594,310.7758266574729,288.8902222303121,298.6262412379454,6123170
2008-03-18,310.3053283691406,317.0346452527998,299.1375335440656,299.1375335440656,11204920
2008-03-19,318.1596984863281,325.62535171200864,312.78034908359575,316.9120107868258,7744072
2008-03-24,327.42529296875,330.53427556088974,317.4847101583726,326.8525761715934,5217535
2008-03-25,341.00665283203125,346.2837201353381,330.53427158719813,331.65923219777955,7035249
2008-03-26,328.7752685546875,346.48832352460727,324.9095059600014,341.57938126457145,7086449
2008-03-27,338.3067932128906,340.76125058119504,317.54611807776416,327.73212862285516,9338878
2008-03-28,338.7362060546875,345.6700591497225,327.81386442412264,338.3066893063729,8073277
2008-03-31,337.9998474121094,343.5837586618883,330.14557019136475,337.7748664226251,4628567
2008-04-01,328.52978515625,342.3975215608772,325.25718497896946,339.53396523919133,6424625
2008-04-02,336.71136474609375,343.21570299667496,333.47965474177045,334.216016874891,5289373
2008-04-03,335.3204040527344,339.1248297845196,330.5342178452708,337.07944467024095,4557209
2008-04-04,320.6755065917969,338.6749045657518,318.6505940585517,333.3978094119364,5526255
2008-04-07,334.9522705078125,340.7406904981598,318.3846528777286,323.1708393667966,5005085
2008-04-08,338.89996337890625,341.17033026499706,326.320830976216,335.03417284722923,5173714
2008-04-09,336.2204895019531,339.1249367260612,332.27289027692393,338.8999556510232,3459114
2008-04-10,326.70941162109375,336.220450132526,323.211802659307,336.220450132526,6428921
2008-04-11,329.3479919433594,334.9932410248507,326.4435447707528,328.8980020976454,4370385
2008-04-15,334.09332275390625,344.83157810572374,322.9664133244786,327.773074414193,5995761
2008-04-16,330.3502197265625,344.1156756445402,325.2162963906948,342.80662437283985,6291990
2008-04-17,336.8340148925781,338.71578263060434,330.2274241004095,334.2159405967123,5428072
2008-04-21,350.1290588378906,355.87658879952363,337.48856535333147,339.5339507657978,6221297
2008-04-22,350.1700134277344,355.05848296446874,346.4883411746837,353.8517133844026,5102851
2008-04-23,345.6905212402344,359.92640908206255,342.5201755206605,359.92640908206255,6251069
2008-04-24,344.85198974609375,356.85840384755625,341.72253403959195,346.9791840855002,7150171
2008-04-25,377.3327331542969,384.47112405166695,345.67015889199286,348.53371552146376,18853249
2008-04-28,379.6440124511719,388.62325313081027,372.9146932586343,378.39632468779905,13385640
2008-04-29,368.6602478027344,380.03258051450575,367.4943689967851,376.4122447992634,8271027
2008-04-30,367.4534606933594,375.61455714835677,364.09902415509737,372.26012061009476,9531034
2008-05-02,368.2716064453125,375.4713593459372,363.4853921202209,368.16932471412713,6983329
2008-05-05,365.69439697265625,372.15781514735835,362.19678864721965,371.4419261901413,5885706
2008-05-06,346.2223205566406,400.8136372718069,343.6246640644071,370.2146699750273,19753039
2008-05-07,333.8682861328125,347.7155513225605,326.4435505106412,347.7155513225605,23160308
2008-05-08,339.20672607421875,341.5793745272002,329.38886945141235,331.3524463166967,12010102
2008-05-09,344.3610534667969,351.80626074800205,328.0798067536652,328.0798067536652,14521081
2008-05-12,342.7861022949219,346.36554751058685,335.46364973710075,337.5908438970762,6268762
2008-05-13,335.46368408203125,346.03832016711027,333.45918901531525,344.44292438379136,11809835
2008-05-14,347.2450866699219,347.71552175301093,333.3978226577381,335.4432082427771,8278661
2008-05-15,350.2518615722656,352.3790562123036,343.9316134634281,347.30649596816954,9753022
2008-05-16,348.7177734375,353.7289697648579,343.72705008254417,353.7289697648579,8127355
2008-05-20,339.3703918457031,347.7155524721861,329.3070805805259,347.7155524721861,9909849
2008-05-21,336.4454345703125,339.0839821944428,333.3978153788284,337.0795148922408,4334800
2008-05-22,334.5023193359375,337.4476843866794,331.39333674529433,335.44318944940284,4996455
2008-05-23,342.6634826660156,345.67018410190036,333.39786888987015,335.44325475854185,8013077
2008-05-26,353.2176208496094,357.53337301414547,348.75866870215805,351.806287916811,7757081
2008-05-27,352.9312744140625,357.1038546046372,340.9044142220933,340.9044142220933,6214096
2008-05-28,361.7264099121094,362.72867130698756,344.1361101820981,344.1361101820981,6578534
2008-05-29,351.1722412109375,366.8603273575029,344.8110756796685,364.1195256263223,8958875
2008-05-30,358.3310852050781,359.9469539876718,349.3518447490851,354.260759198018,3323501
2008-06-02,358.9446716308594,363.05591563804086,353.8516669540969,359.9878235088549,4174390
2008-06-03,344.197509765625,355.34486396095724,340.86351783106267,351.80633621308425,10133894
2008-06-04,331.4955749511719,349.760871039598,327.6707034729887,344.44288569257014,10806090
2008-06-05,336.4863586425781,339.9839677002395,317.0756547914817,331.4956078642114,14337715
2008-06-06,328.07977294921875,341.9883700594516,326.0548330257485,340.3520840725603,8743729
2008-06-09,319.6119384765625,331.2297269766741,306.8078257224644,331.2297269766741,13504481
2008-06-10,317.5665588378906,323.10955388503385,310.8986030252645,319.489217544155,10674769
2008-06-11,330.08428955078125,336.62951759359254,311.43036608069747,317.4029050234068,10163914
2008-06-12,335.46368408203125,336.5886447782393,314.58028350547795,327.670740280193,9749708
2008-06-13,333.970458984375,336.8749052609521,328.2229299232335,328.2229299232335,4176831
2008-06-16,343.76788330078125,347.71548173520057,334.62502657894873,347.71548173520057,6685749
2008-06-17,340.5771179199219,343.6042917910649,335.9545483418933,335.9545483418933,3643421
2008-06-18,332.1910400390625,351.76538845477006,329.38884721563363,351.76538845477006,6336113
2008-06-19,329.4502258300781,335.44321034134964,324.60267498390783,335.44321034134964,6715904
2008-06-20,313.2303466796875,330.7797559795395,308.83275786880364,330.7797559795395,7918704
2008-06-23,310.3872375488281,315.39840562224464,300.67163580732927,310.4894915851439,9625644
2008-06-24,307.0942077636719,317.0347642462281,303.1670538172666,317.0347642462281,6642192
2008-06-25,319.0392761230469,322.27098633802234,298.66722629532086,304.7420203642209,6828367
2008-06-26,314.7643127441406,321.94362007490906,308.8531381452422,321.94362007490906,9188355
2008-06-27,305.96917724609375,310.0394748543638,293.92184653939466,310.0394748543638,13935971
2008-06-30,295.0468444824219,309.9986236407418,292.89920489429267,309.9986236407418,4756395
2008-07-01,289.17657470703125,302.65565685350015,281.404104418818,302.65565685350015,10525593
2008-07-02,303.65789794921875,310.4894699703289,282.77450021977097,302.59427320173205,16112067
2008-07-03,289.52423095703125,304.9668870310238,286.0266227234467,304.9668870310238,9836319
2008-07-04,293.3696594238281,296.94907744382476,287.2539476424253,289.52431439248545,7604357
2008-07-07,297.66497802734375,308.44415074260195,275.1248164030291,275.1248164030291,4580809
2008-07-08,290.8742980957031,294.94459668871457,284.3085961569562,294.94459668871457,6542642
2008-07-09,305.3350524902344,309.9576209057433,295.967188681303,296.58079586726416,7879066
2008-07-10,303.43292236328125,310.0395140789241,298.6262621720689,305.37605387000815,8912425
2008-07-11,304.7215576171875,314.8666498527932,300.67167666777925,306.78738863052956,6892702
2008-07-14,301.0193786621094,307.40096152017753,295.04683966256806,295.04683966256806,5014281
2008-07-15,290.4651794433594,301.0807052827665,284.45172238951795,294.0854875911683,5956607
2008-07-16,299.0149230957031,301.4489352259712,286.35398204581253,291.5697144096391,8271407
2008-07-17,306.5829162597656,312.0441036980815,303.22847851294193,310.4895980213988,10672433
2008-07-18,328.52978515625,332.57966562180826,299.853497627321,327.09803469902073,12461243
2008-07-21,326.6684875488281,339.0839727225269,316.31883312508927,329.7979431292566,7583159
2008-07-22,318.34375,335.44316695360726,311.8189677394532,311.8189677394532,11049204
2008-07-23,333.888671875,338.71577657249117,321.1868160554315,327.670679737456,14672957
2008-07-24,327.1184997558594,352.60399742044433,323.41635482490875,341.9884429876169,18834014
2008-07-25,325.97308349609375,335.1568593917243,317.09609742694397,318.9573924677548,6233008
2008-07-28,325.277587890625,333.39776532765524,287.3970566939598,287.3970566939598,6173706
2008-07-29,318.2210388183594,325.6253279980458,312.1462460158417,325.6253279980458,6724905
2008-07-30,331.3115234375,343.50199961963926,321.1254867579567,343.50199961963926,7063035
2008-07-31,326.7298278808594,337.48855309751497,322.39360320688826,337.48855309751497,11328265
2008-08-01,335.5045166015625,337.3658113602415,315.2347546033951,323.1299510831143,10261436
2008-08-04,333.806884765625,337.3658572448598,329.3684056519634,333.3569226666437,4027245
2008-08-05,343.6656188964844,345.73144944914264,317.0346919206725,317.0346919206725,5649410
2008-08-06,355.651611328125,362.810474752975,346.938270367153,347.7155229870215,12155386
2008-08-07,347.44964599609375,354.66987339147715,342.23391378608454,354.66987339147715,9175681
2008-08-08,343.9725036621094,353.83127954014026,340.3930853458187,353.83127954014026,4102500
2008-08-11,345.89508056640625,353.4425411664265,344.48374787613244,353.4425411664265,4369045
2008-08-12,336.7726745605469,350.9881183406064,334.78865265997524,350.9881183406064,6193927
2008-08-13,335.7908935546875,338.7567038371728,332.211475949361,335.42274024242795,3702563
2008-08-14,334.87054443359375,341.3339367754783,331.5569979265074,335.5045971136851,5371107
2008-08-18,330.9842224121094,339.04303624555337,327.62978624156307,339.04303624555337,4005156
2008-08-19,323.9481201171875,333.3569040988701,319.9391580586541,333.3569040988701,5799356
2008-08-20,333.806884765625,335.0341271632837,324.3367644584294,325.6253426575377,5689485
2008-08-21,326.9548645019531,334.09325467743935,325.7480673799197,333.27508385020826,2359164
2008-08-22,331.229736328125,333.97056597310865,323.86636426018225,330.41159311067037,3010636
2008-08-25,334.0113830566406,336.9976660915696,332.1705612221979,332.1705612221979,2996150
2008-08-26,330.861572265625,332.53877688863315,323.6822632611703,323.6822632611703,3880068
2008-08-27,329.24566650390625,332.94781112393537,325.2162591034739,332.94781112393537,4950184
2008-08-28,329.1025085449219,336.6295251179409,325.7685447967036,335.8522725177281,8616660
2008-08-29,342.60205078125,345.1178712961902,330.12520224258657,331.4342256662689,6224717
2008-09-01,333.888671875,342.3974755175029,331.45466041032245,342.3974755175029,3588631
2008-09-02,341.43621826171875,347.1837491382925,329.5934484130763,347.1837491382925,4512966
2008-09-04,337.81585693359375,343.6247508921877,333.41829592915184,343.6247508921877,6555047
2008-09-05,328.6524963378906,337.36583648459964,326.50485690366327,337.36583648459964,7173585
2008-09-08,335.3614196777344,341.17031398115506,332.8251535890365,341.17031398115506,5106415
2008-09-09,342.3565979003906,343.5020037887529,331.76148954449013,337.48857439352787,4889979
2008-09-10,332.1705627441406,341.53842800339254,331.1478562389312,339.1248617058427,6008086
2008-09-11,317.8324890136719,331.3524924850669,316.6870828678041,330.9434208403726,13976428
2008-09-12,318.609619140625,322.7617529138817,304.7623581420093,317.8528396595569,9549990
2008-09-15,312.94390869140625,315.7665463693711,302.71698266542535,312.94390869140625,9621370
2008-09-16,316.66650390625,320.6754375761035,297.9103026496879,310.89850195889267,13255100
2008-09-17,315.0506591796875,318.834639838118,307.3191080468249,318.834639838118,8700845
2008-09-18,311.40985107421875,314.90745921010085,285.94480598095,306.7668372910305,27756252
2008-09-19,329.6546936035156,335.3204141420095,317.70964528486434,325.2162152519582,28706651
2008-09-22,330.861572265625,333.39783832063557,326.8730549504319,333.39783832063557,7899544
2008-09-23,324.2549743652344,328.2434639060614,319.1210511329783,327.26167547210036,7948585
2008-09-24,331.577392578125,333.27504211741206,318.7323643019409,327.26161334170973,6966257
2008-09-25,323.5390319824219,337.4885481488051,318.32330083170143,327.4661573682813,16228427
2008-09-26,317.44384765625,327.20034166942025,313.98715640703995,327.20034166942025,8288634
2008-09-29,306.9100036621094,317.85281755513887,290.1173792565419,317.85281755513887,14631069
2008-09-30,321.06414794921875,326.85259667647523,266.3091995461707,304.7624266584983,15376472
2008-10-01,323.4572448730469,335.0341137487999,307.72821390082163,335.0341137487999,6191785
2008-10-03,309.385009765625,327.138955319143,303.98521482096083,327.138955319143,9322230
2008-10-06,297.705810546875,311.7167182931737,292.14237122371736,311.7167182931737,11935890
2008-10-07,306.0919494628906,314.1712385135928,299.91490159675055,310.89861019114835,11273276
2008-10-08,299.9966735839844,303.5352007921471,288.4198042575354,300.54891742533096,13030039
2008-10-10,283.2041015625,291.54926206053887,265.6137731664296,286.3539750925817,26682432
2008-10-13,302.65570068359375,310.0395457563512,283.1222680982554,306.17378302250296,9696978
2008-10-14,313.5985107421875,321.0641644084408,307.6259988906314,312.9030945625758,12035482
2008-10-15,292.4287414550781,310.36677626959255,284.39039926466916,310.36677626959255,12783592
2008-10-16,298.8921203613281,308.44407592459453,267.2704713545024,290.3015077855554,11997828
2008-10-17,277.0065002441406,314.1711407413474,272.71119422242225,308.85312829828194,11211857
2008-10-20,289.6675109863281,322.1891180371853,276.1270363124249,322.1891180371853,13267381
2008-10-21,296.3149719238281,303.5351985642775,274.8998014278885,293.1650987394995,9671249
2008-10-22,272.5476379394531,292.24471627682374,269.99089875541387,292.24471627682374,11269215
2008-10-23,251.6029052734375,265.77740624545817,248.6779849412463,265.77740624545817,13063970
2008-10-24,219.7152862548828,247.49160681465338,206.58391248162226,247.49160681465338,16792639
2008-10-27,230.9648895263672,241.29409757267516,197.58419981296328,224.74691112298547,17223115
2008-10-29,252.17550659179688,268.3136067117732,235.81242546480397,268.3136067117732,20221249
2008-10-31,267.43414306640625,272.8544104021042,244.25990437773788,261.25706842448807,22309516
2008-11-03,282.87677001953125,286.55844128393966,271.627137362098,282.2631350557881,7743127
2008-11-04,293.287841796875,299.03537288925406,271.03405188813207,291.4061012530784,12132034
2008-11-05,280.3609924316406,305.9896916786464,278.5815337010628,302.79889988089724,9958830
2008-11-06,261.56390380859375,277.3542718380762,253.1369073461522,277.3542718380762,12227634
2008-11-07,265.10235595703125,269.90901543039695,253.6277422581771,259.35482647545564,9885616
2008-11-10,291.1197204589844,296.49906980027333,269.99086628688417,270.3999655618826,6259289
2008-11-11,269.76580810546875,294.26950958748597,266.3500088241503,294.26950958748597,9594041
2008-11-12,258.5162048339844,275.7588206049181,249.57788454441015,265.9000478879676,11050511
2008-11-14,264.87744140625,275.5952505722741,259.4367003382934,261.8093489221087,13859938
2008-11-17,271.79083251953125,275.71795849091626,253.64826129970407,269.8681739216681,8281138
2008-11-18,254.81407165527344,269.99082991587215,251.82781634211796,258.2298714530474,11138144
2008-11-19,250.49839782714844,261.44121665450837,246.32581719928686,259.10945842135857,15758115
2008-11-20,242.19407653808594,245.32353213319692,235.83293901382285,244.34174377219819,11047766
2008-11-21,253.15736389160156,257.92310619897665,237.7147032475928,239.31009910634157,11367460
2008-11-24,260.9093017578125,265.0000717755471,244.23940423928167,251.5823283870692,10251341
2008-11-25,256.8185729980469,272.0362221784302,252.6868840890074,269.94994631046114,9719551
2008-11-26,267.12725830078125,269.4589877285088,255.30493825638425,260.5820319904043,9573619
2008-11-27,267.12725830078125,267.12725830078125,267.12725830078125,267.12725830078125,0
2008-11-28,274.5111389160156,277.2724131454008,257.7185125217975,259.7638977616817,16764083
2008-12-01,266.1864318847656,284.247163748991,263.95695610372667,277.2315013553542,10134249
2008-12-02,274.429443359375,276.1270935851362,254.44601772093262,261.8093909997932,10510375
2008-12-03,271.62713623046875,283.7767206114252,264.468301781244,283.7767206114252,11010844
2008-12-04,280.504150390625,282.26316358820395,267.5773121673484,273.6725502635234,9906181
2008-12-05,271.9543762207031,284.7175944949429,269.9907999164189,278.17234014732884,6616175
2008-12-08,286.8653564453125,293.267413587167,277.3543160084342,281.77235073370366,9709908
2008-12-10,300.9988708496094,302.7169933746116,289.21746716491134,290.85375322406725,12807661
2008-12-11,303.6988220214844,306.68507772092187,292.9196504255696,294.98548124251835,11136720
2008-12-12,295.9673156738281,300.6716948586142,290.4652384939373,300.6716948586142,10487140
2008-12-15,301.6534423828125,306.7260019695852,296.70360980992507,306.7260019695852,5581198
2008-12-16,304.6805725097656,306.7668760381837,296.2740503052081,304.7010177745977,6012427
2008-12-17,290.137939453125,310.0804422502142,287.8266545419789,310.0804422502142,7524115
2008-12-18,290.5061340332031,295.6809761587577,285.5972189475441,295.6809761587577,13057166
2008-12-19,295.23095703125,299.44445545251557,286.39488858936835,294.4946226116959,8182926
2008-12-22,295.3945617675781,299.8535140363542,291.3447087840114,298.99445263356034,5324524
2008-12-23,290.7924499511719,298.09445764725365,286.86529648133484,298.09445764725365,6126916
2008-12-24,282.01776123046875,293.3082865164998,278.23377983011886,290.03565844651314,12617680
2008-12-26,280.79052734375,286.31307699146043,277.51789917393285,286.31307699146043,3905086
2008-12-29,291.2833557128906,293.2673778879622,272.0362683842072,282.22230627110605,3210406
2008-12-30,295.59906005859375,300.2625475265556,288.3993069436072,293.71731994053255,4812284
2008-12-31,292.6946716308594,298.1967762216243,291.0583851865982,296.56046207374595,4301735
2009-01-02,288.3584289550781,295.353646609475,285.94486249909477,295.1695561020198,8615724
2009-01-05,280.48370361328125,292.08104653640856,277.0474579625199,290.5470142359506,12192769
2009-01-06,268.763671875,286.10854606298545,266.41146860643653,286.10854606298545,17544468
2009-01-07,265.9001159667969,273.63169670740996,250.35520111285038,272.4044541936383,16811443
2009-01-09,261.3594055175781,267.53645376411384,248.57573670678184,264.2638529437531,16301687
2009-01-12,255.20277404785156,260.7048790052743,248.78027175600562,258.65949311002703,9123665
2009-01-13,248.3302459716797,257.3094862603745,242.93042355629186,253.64825961195314,10885779
2009-01-14,254.75277709960938,259.76397378917886,249.53704459654907,253.50511694840114,8419957
2009-01-15,246.9393768310547,251.5823917196675,238.90100701303788,251.5823917196675,9480078
2009-01-16,259.66168212890625,261.4002501435999,248.71886532203604,252.3187560660819,7023213
2009-01-19,264.61151123046875,267.4545946048804,257.7185473574287,259.35486131123747,4537967
2009-01-20,252.1346435546875,260.582084276388,249.53698668928922,260.582084276388,6729270
2009-01-21,238.5123748779297,249.00520152690498,226.36278904265447,226.36278904265447,11134576
2009-01-22,253.30050659179688,255.14135627642818,237.26468569118924,239.31007115148924,18118227
2009-01-23,250.82554626464844,255.67309566298383,246.7756945178922,251.5823256891184,7197028
2009-01-27,264.83648681640625,265.85919340529813,251.37784984229262,251.8482848998821,10275290
2009-01-28,266.77960205078125,269.99083848877086,259.84574820780193,266.55459331715673,11667696
2009-01-29,256.6549377441406,272.0362327554368,253.75049100609368,272.0362327554368,14019282
2009-01-30,259.33441162109375,260.17302770254526,250.43698062114754,253.6277719989434,7192976
2009-02-02,251.9095916748047,257.59578472946424,248.33017482697338,257.59578472946424,7424854
2009-02-03,255.6731719970703,260.56164108202205,251.09152044802462,254.8550288394741,5874635
2009-02-04,259.4776306152344,261.80936106472217,256.1641116334311,258.96627722689163,6579151
2009-02-05,257.1662902832031,264.26378957224244,252.80962018868752,264.26378957224244,5033191
2009-02-06,264.6933288574219,265.65467199482504,258.57761737079505,259.76394156404245,4605069
2009-02-09,272.3429870605469,273.6724831175041,261.48198221250175,265.4500528256744,4085372
2009-02-10,271.4430847167969,272.85441762656,265.1228653379762,271.1362948957636,6268449
2009-02-11,275.4929504394531,277.76331688912916,263.85469054167817,265.96143945606786,4992536
2009-02-12,266.24774169921875,275.92239470471355,263.854621171833,274.08154554684995,6403605
2009-02-13,266.6159362792969,272.0362028835753,263.2615001312082,269.49993743460624,7390648
2009-02-16,260.888916015625,266.61600149592005,256.9413446227074,266.61600149592005,7323092
2009-02-17,258.8025817871094,260.66387653259073,255.2640550813843,256.9003688095696,9814436
2009-02-18,262.1571350097656,266.5956154692644,256.2868759361231,256.90048346920366,5833053
2009-02-19,265.2660827636719,266.3501253625746,260.2753312659176,260.66395762874424,5122333
2009-02-20,262.9138488769531,266.4932668103215,258.1276614536501,258.1276614536501,4259833
2009-02-24,260.43896484375,262.62752291745926,256.49136558103623,258.12767974480585,4023137
2009-02-25,262.1161193847656,269.99084342989534,260.31618800088694,262.6274726575124,7779938
2009-02-26,266.800048828125,269.9908400188171,258.2707993505053,262.6274693394634,8792543
2009-02-27,261.1956481933594,264.95915552967887,255.69357328276203,264.95915552967887,7242156
2009-03-02,252.3187255859375,258.8230347566473,250.35514905365832,258.8230347566473,8230395
2009-03-03,245.9167022705078,255.61180378324124,243.13495463794882,255.61180378324124,10934309
2009-03-04,245.7121124267578,248.3097692625443,240.98728918926713,247.0825269767637,7653361
2009-03-05,241.253173828125,248.3097542104813,235.21927220225015,248.3097542104813,9606111
2009-03-06,246.36666870117188,247.69619288654425,233.1944031942396,238.49194385343145,7335492
2009-03-09,240.43505859375,245.73262719651865,238.10332832809559,241.4373200210415,4815861
2009-03-12,224.35830688476562,255.14134097973366,221.3515923776415,255.14134097973366,33009169
2009-03-13,228.12184143066406,233.13303747818574,222.9674731024043,228.5513721246857,32665014
2009-03-16,233.70570373535156,235.95565258258185,228.87861253156126,229.90130521973376,13876996
2009-03-17,233.8079833984375,239.22825044216745,230.9239958611118,235.2192884911978,9378660
2009-03-18,233.0716552734375,236.73288158681757,227.8559238570634,235.1170406858119,20671784
2009-03-19,233.46031188964844,235.58750634610064,231.02629988520175,234.91253544412885,7336575
2009-03-20,232.92848205566406,234.40115068142072,226.21960906523964,233.1739083575486,8864762
2009-03-23,242.66448974609375,245.44620933326726,232.51939966998052,233.99206822704625,12652729
2009-03-24,246.95982360839844,254.32322262043266,243.68722337252757,245.425791382096,10180112
2009-03-25,241.76454162597656,248.30976917267756,238.16465123830466,243.4008277349432,10544301
2009-03-26,254.38455200195312,255.67313003403734,238.75780416845043,242.1736039276558,15475940
2009-03-27,254.38455200195312,260.11163627599853,249.12790273667565,255.71404826664732,9128188
2009-03-30,249.39382934570312,252.97324702075505,238.34875880134362,238.34875880134362,6964763
2009-03-31,255.9800262451172,260.786687244394,251.0711111882833,252.99377004727023,11743064
2009-04-01,251.5210418701172,256.24589349094583,242.9917912529221,256.24589349094583,17640328
2009-04-02,261.2774963378906,265.69552976433204,253.8936527940785,255.6731388645009,10125823
2009-04-06,269.888671875,274.69533315978015,262.64799818801646,264.05930373218894,9043792
2009-04-08,270.9317626953125,274.8998067830047,255.4072667043834,263.854708193068,13215926
2009-04-09,272.4657897949219,282.26317281796537,269.99085975180975,273.26348765089676,7569590
2009-04-13,271.3407897949219,277.96782569989864,266.9227566237341,273.67251952007854,6653381
2009-04-15,280.23828125,281.4450507577694,266.80008829468034,269.9908799573721,9501824
2009-04-16,273.181640625,288.3583984375,272.0362071689106,282.140406299956,9970294
2009-04-17,278.3974304199219,283.08136385155757,273.3453159345021,276.12703599548485,12809279
2009-04-20,281.52679443359375,284.5130496096785,272.5884741691317,278.82688376503745,6874108
2009-04-21,294.3309326171875,301.48979533227737,274.08161449068075,274.08161449068075,13155868
2009-04-22,291.50836181640625,298.5854173945596,285.535849509505,298.5854173945596,10457355
2009-04-23,289.5856628417969,296.58088096105683,281.52684754693183,296.58088096105683,12515265
2009-04-24,306.70550537109375,311.5939736188968,289.01292713719704,289.01292713719704,15447223
2009-04-27,304.2100830078125,309.42581319108353,298.70800835373484,302.71694175945106,7696273
2009-04-28,296.3149719238281,306.76690822374223,291.6719570670507,306.76690822374223,9842727
2009-04-29,307.9327087402344,310.0803756387448,292.08098057364293,308.85313345336607,15083642
2009-04-30,308.4441223144531,308.4441223144531,308.4441223144531,308.4441223144531,0
2009-05-04,310.5917663574219,324.2753840139887,306.9305123264649,313.08711385307396,18471260
2009-05-05,307.1146240234375,324.80720497323205,302.1238732805384,324.80720497323205,8989087
2009-05-06,309.8758239746094,315.398344266119,302.5737901390835,304.7214569272762,10613513
2009-05-07,320.123291015625,321.9027773921065,309.8759173252186,309.8759173252186,9878968
2009-05-08,314.31439208984375,321.8004908391405,309.26227761236794,319.08013429139925,5499788
2009-05-11,306.25555419921875,320.2050717072929,304.76241253028604,314.98934005491355,5763257
2009-05-12,324.72540283203125,326.44352563047954,302.7579597926624,304.3533555764194,7205148
2009-05-13,325.5231628417969,336.2614462330368,319.4892589242842,322.35281593721237,6653070
2009-05-14,312.8008117675781,321.00279982755706,309.01685792294984,321.00279982755706,8471889
2009-05-15,327.2002868652344,331.7206023683847,312.9439519534436,316.99383239583415,9267529
2009-05-18,410.3861083984375,423.8038268130543,359.9878070941699,388.62320304399356,137064
2009-05-19,374.3464660644531,417.2586466549339,364.078619530805,417.2586466549339,26531196
2009-05-20,351.6630859375,373.85550764882464,343.8701706749514,373.85550764882464,25273955
2009-05-21,348.7177734375,359.9878538568588,341.59982790948396,350.9881678992934,8578704
2009-05-22,351.64263916015625,354.1789048348171,345.2201108001712,348.717719513351,9999679
2009-05-25,331.4955749511719,376.350880885573,321.53454735468677,353.85164178513264,26313636
2009-05-26,315.4802551269531,339.53397368737507,309.8758970562344,334.21598787811854,30124836
2009-05-27,314.4984130859375,326.3207345646088,306.80775253828574,326.3207345646088,34801161
2009-05-28,325.5845031738281,330.00253771307325,312.94400699932675,318.2620212848764,39072044
2009-05-29,335.81134033203125,341.98838672217323,326.50483866190314,331.35238877111414,16474570
2009-06-01,329.2252197265625,355.89703924437197,319.0801012842356,355.89703924437197,19007984
2009-06-02,327.42529296875,339.0635254967765,323.1708767822971,323.1708767822971,9095924
2009-06-03,326.62762451171875,335.03414819706677,320.88009386734916,320.88009386734916,11484241
2009-06-04,333.970458984375,335.03405590778544,317.8528322163737,317.8528322163737,7496079
2009-06-05,338.2044372558594,341.5793188597763,329.96153252229254,334.62501989142726,9453061
2009-06-08,332.9273986816406,342.3975472770094,328.836627375088,332.0274190208974,6210100
2009-06-09,332.3546447753906,334.093240394169,324.8889921289089,332.1705819729755,8487294
2009-06-10,341.4157409667969,346.89737201433934,330.3706423951168,332.3751374066394,15876614
2009-06-11,349.5154724121094,354.2198789073287,341.41576610744744,341.41576610744744,14104172
2009-06-12,338.7772216796875,353.278984529753,335.4841481814487,351.76542514032286,9373112
2009-06-15,335.21820068359375,338.7158094804433,331.3933291108677,335.8522532656208,5415445
2009-06-16,331.14788818359375,338.6749046224621,321.8209402581126,329.757028257082,10640730
2009-06-17,328.4684753417969,337.6113619322605,324.8072482737387,329.22528278328855,8028085
2009-06-18,329.24566650390625,333.1523468987358,324.3981160042723,329.9615555675141,5683660
2009-06-19,330.2070007324219,334.17504452374834,323.7026635350149,330.125191965416,6630985
2009-06-22,323.4572448730469,334.54323343155926,321.16640541749376,334.54323343155926,5914575
2009-06-23,321.6982727050781,325.09360052577176,307.21692625361993,322.23007137221833,6648838
2009-06-24,326.56622314453125,328.65249909497294,321.6981997541465,327.17983045894204,5890560
2009-06-25,324.7458190917969,332.57965273183265,322.06635338668843,327.69118407044647,10368684
2009-06-26,331.393310546875,333.5614228526519,325.21623638708826,327.6706932168619,5987520
2009-06-29,330.22747802734375,334.80915727462633,327.32303103622553,334.80915727462633,2783458
2009-06-30,328.1412353515625,332.5797150656981,324.84816171421807,331.35247250200797,5616815
2009-07-01,337.18182373046875,339.45219050424976,327.2821580276617,328.5502910698062,6374370
2009-07-02,328.52978515625,339.2680659553445,325.33899375008843,338.47036810380416,6577782
2009-07-03,335.0545654296875,336.6090705873339,325.9935168764981,330.1252060821266,2958180
2009-07-06,320.2868957519531,338.30673830360206,315.62340811655577,337.07949596683034,6290448
2009-07-07,332.31378173828125,336.9158785480694,320.53234852469234,321.16642886337985,6564826
2009-07-08,324.21405029296875,331.29107729390125,321.20732153657246,329.87977202875277,3931226
2009-07-09,325.50262451171875,330.51379244445457,321.94365223846864,327.30255591431035,3593843
2009-07-10,318.1187744140625,325.6253173838224,313.3530051742185,325.6253173838224,4375374
2009-07-13,313.4962463378906,319.85738431058456,311.38949719249234,317.034746036682,4177876
2009-07-14,316.33929443359375,320.7164097871531,312.2076053823748,319.1619046876017,5208466
2009-07-15,319.20281982421875,324.80717744952113,317.0347074344463,320.7164066735462,4615376
2009-07-16,321.06414794921875,327.26166825570135,301.38754457446015,301.38754457446015,6252951
2009-07-17,337.9998474121094,341.98833565937525,322.3935469827106,322.3935469827106,9635184
2009-07-20,347.32696533203125,348.9428343981935,339.5749659796822,344.0338913841756,5471907
2009-07-21,342.76568603515625,353.6471394636581,338.9817324339414,346.8973754062647,7319435
2009-07-22,336.67041015625,343.501982228134,327.2207359854535,337.5294714445042,12827076
2009-07-23,333.02972412109375,355.8971226565994,325.3799791120535,355.8971226565994,17067160
2009-07-24,341.1493225097656,349.3099946695552,328.1906482411029,344.2249428121953,10702531
2009-07-27,347.34161376953125,351.36042138053165,341.27235557158764,341.27235557158764,6234346
2009-07-28,352.3036804199219,357.7577930141184,340.04213323593234,349.5971197442632,10188768
2009-07-29,348.32586669921875,355.953460085838,340.53428055468044,352.5087512422734,6226819
2009-07-30,347.751708984375,351.68850653147894,339.63202759292983,348.24379826332205,6570965
2009-07-31,336.3513488769531,353.4929081996039,331.3483346143183,351.31945596777064,7394894
2009-08-03,336.6383972167969,342.830656817843,333.3987286564103,342.830656817843,5432710
2009-08-04,328.7237548828125,343.4867933598623,326.42727359069875,342.8306558478298,12170534
2009-08-05,329.2568359375,332.9065831892475,321.83431218918315,331.2662673165258,9926834
2009-08-06,327.4935302734375,328.8878155963251,323.1466260346364,328.06762978931704,9956093
2009-08-07,314.8629150390625,335.4491532772508,301.4531427119662,324.5409017640445,11900405
2009-08-10,305.92303466796875,327.0833992335491,299.4027065650361,320.72709161675215,17644350
2009-08-11,313.6737060546875,318.47168097070823,303.5856113690492,307.5634281779416,12589146
2009-08-12,332.57855224609375,335.77722965936215,305.18490747105585,310.59802822719473,11286303
2009-08-13,338.8118896484375,340.3701956008024,329.70800138687144,332.9886893473937,7835126
2009-08-14,335.2441101074219,339.30393665202337,331.5943625637957,337.0074553659842,3856741
2009-08-17,327.04241943359375,332.98864827113266,323.9667713785243,332.0044420043841,4906786
2009-08-18,337.1304626464844,340.7392187178988,325.52508326174757,325.52508326174757,4575832
2009-08-19,332.53753662109375,340.2881294105133,328.477682465798,334.66996955899634,5346929
2009-08-20,328.1086730957031,337.0074939691975,327.2474959862732,336.18733587330007,4815127
2009-08-21,337.66357421875,339.3859281451509,322.61348686602565,328.8877841041545,3895271
2009-08-24,339.7960510253906,343.36376052357485,337.9096487550122,339.38594425576713,5419603
2009-08-25,334.6700439453125,340.2882050455648,330.77423718108815,336.35137926501756,7160970
2009-08-26,332.4965515136719,338.4837997249527,330.6101768829982,336.2693285468617,4112624
2009-08-27,341.6004943847656,346.070400930662,325.6071875928607,325.6071875928607,6321833
2009-08-28,356.9376525878906,360.2593320179958,338.401805999313,342.830721163402,11711706
2009-08-31,348.2437438964844,358.33183637247805,343.65080951325876,351.07333318124927,4387399
2009-09-01,346.3163757324219,355.5022729386798,336.67938052450944,343.3637569894617,2958827
2009-09-02,338.4017639160156,348.530877013714,336.26933074674974,343.65086435955345,4056317
2009-09-03,332.1274719238281,343.4458023563248,330.6511486348305,341.06731081654965,5618925
2009-09-04,332.16845703125,335.36713428851687,327.28844478668367,333.3167115428188,11568168
2009-09-07,344.963134765625,349.80212834213233,332.1684803808453,336.22833492125375,11764763
2009-09-08,347.751708984375,350.78633822476894,342.9127153587186,347.0135611800332,10710142
2009-09-09,335.73626708984375,348.57191459540957,334.177961017377,348.57191459540957,7100468
2009-09-10,341.6004943847656,347.7517640915101,338.40181636327645,340.37022933467796,8508459
2009-09-11,345.45513916015625,349.3919634718267,337.2124306149934,347.7516200086307,8074699
2009-09-14,343.8968505859375,344.4709778155717,338.44273910584945,339.5499745587729,5593017
2009-09-15,340.86224365234375,346.8494632530119,338.7297830239296,342.83062825819275,7045512
2009-09-16,344.38897705078125,348.9819116987148,342.74863332943363,346.1113310152363,5677853
2009-09-17,354.96923828125,359.89024276784863,346.11140798789563,346.11140798789563,6687321
2009-09-18,363.29388427734375,368.33791698751037,348.6128563758805,352.6726828400906,11148444
2009-09-22,351.48345947265625,367.8048321563762,349.6380761154934,366.6155863382865,7616680
2009-09-23,339.1399230957031,352.6726970356775,335.9002544868019,352.6726970356775,9601413
2009-09-24,343.8968505859375,397.78196677552813,334.7519727773308,352.2625894487024,12303239
2009-09-25,340.0011291503906,344.3480059012973,336.5564207427299,340.37018918158645,9426300
2009-09-29,343.7328796386719,351.03237533493024,341.6414376786287,342.8306835437821,9157580
2009-09-30,343.44580078125,347.5466463295147,341.23132974382986,344.0609192819375,5990275
2009-10-01,356.8555908203125,376.4576528224056,349.3920742961167,349.3920742961167,37656710
2009-10-05,328.2726135253906,360.0541763379387,323.720670551162,352.4265857106983,44017078
2009-10-06,294.7277526855469,328.272665878215,286.4850700937357,328.272665878215,77269674
2009-10-07,294.23565673828125,301.2890933681166,287.1001820901744,288.699506868852,42258326
2009-10-08,273.8954772949219,298.5415723236393,270.7378464241111,295.30190342617595,46199665
2009-10-09,281.5640563964844,288.6995316572595,274.3875898948949,278.0373377787545,31135993
2009-10-12,288.0844421386719,289.51971892056616,282.5072999908805,282.95837031636813,15772589
2009-10-13,288.3714294433594,288.3714294433594,288.3714294433594,288.3714294433594,0
2009-10-14,278.98052978515625,292.8003824857802,273.73145689758354,288.28945743547695,30222975
2009-10-15,266.6369323730469,282.95827419128,265.3656487746582,282.95827419128,24954805
2009-10-16,267.5390930175781,271.3939071642716,264.5865025057026,267.3340535526888,19346671
2009-10-20,269.5486145019531,277.2171985906177,267.45717237891904,275.49481651927806,11806324
2009-10-21,272.8702697753906,278.7754800286173,266.6369907429934,267.08806101399045,18473074
2009-10-22,276.4380187988281,279.34961892027496,271.9680849687336,273.1163396293721,13014264
2009-10-23,271.5169372558594,281.0719217407766,270.1226520844897,279.6776365694069,9479900
2009-10-26,271.1888427734375,275.28968765793144,265.119613450982,272.2960781129283,9631164
2009-10-27,251.7509002685547,271.4759610155116,248.34718350645684,270.6557752523341,15788469
2009-10-28,260.0755920410156,264.42249603566063,250.15154706807616,250.88972258447427,14537011
2009-10-29,255.72869873046875,260.77273112443913,252.2019529605799,255.89271920859272,15888375
2009-10-30,240.1865234375,263.889401608426,237.93106107751566,256.7129355124471,36731565
2009-11-03,246.37881469726562,253.35026994740684,229.64737486343287,239.4893974782802,30481485
2009-11-04,250.6436767578125,255.35964097737312,241.94986832874642,253.4322473880195,12540550
2009-11-05,261.8799743652344,263.5202902827596,248.96229211184786,251.3818025251405,12716777
2009-11-06,262.4951171875,267.0470609333571,258.43529048002847,258.43529048002847,8387848
2009-11-09,252.2429656982422,266.22683587029576,250.2335621460419,265.69372767188185,10095095
2009-11-10,240.6376190185547,256.2618348820012,238.66920643542275,254.2524032889468,12684056
2009-11-11,246.00979614257812,246.87097344021888,236.372797550391,242.23701808758764,14278520
2009-11-12,245.18951416015625,253.84230277348,242.56499204348495,243.59018948628486,11626097
2009-11-13,247.77304077148438,251.6278552967505,243.7952247726737,245.9686766401539,7602198
2009-11-16,248.30621337890625,252.4890694796295,247.1169675272635,250.0695587645539,8652013
2009-11-17,243.5081787109375,251.21778010560152,241.62177653974982,250.06952564597802,8946584
2009-11-18,242.7700653076172,246.87091119302858,241.4167711686362,242.7700653076172,8613135
2009-11-19,240.6376190185547,243.46718086348514,238.91526495127462,243.42618962540416,6371625
2009-11-20,236.8238067626953,240.63760240777378,232.14884802934208,240.63760240777378,12249965
2009-11-23,225.75157165527344,237.84905710492248,225.09543402696917,237.02889895546505,20750998
2009-11-24,231.69775390625,232.51792577296382,225.13640674437957,228.00698744899788,10419025
2009-11-25,231.0826416015625,234.4043205928024,227.43289383514812,232.2718874400896,7273696
2009-11-26,230.01638793945312,235.92159716864873,228.17100484810987,230.87756486395745,12155100
2009-11-27,232.64100646972656,233.2971580332808,224.7263769766398,228.00705147886742,6419252
2009-11-30,245.681640625,248.10112334641983,233.66615394659908,233.748164190818,13076572
2009-12-01,249.78253173828125,251.7099255747206,246.54286266719927,250.06958153141733,9552284
2009-12-02,249.94656372070312,255.48271470633,248.26522835660472,251.05379947219782,9522994
2009-12-03,251.6278533935547,255.0725611508763,250.15153023196078,252.6120595773378,7100896
2009-12-04,254.33438110351562,257.0409408216729,248.18311406621905,250.1514984115594,6980719
2009-12-07,259.5014953613281,263.2742721412645,253.4322373065225,253.4322373065225,13279082
2009-12-08,269.4665832519531,272.5832231212829,258.3532902846427,259.17347621142164,12958937
2009-12-09,271.6400451660156,276.2330087550535,266.6370302570509,266.6370302570509,15171544
2009-12-10,280.82586669921875,282.87628936135235,269.9586349214625,272.37811755511336,23151817
2009-12-11,271.9270324707031,286.07492307102353,270.1636596352815,283.77846981075083,14492380
2009-12-14,262.08502197265625,276.15090358651076,261.22384498054595,275.5768041063307,8341673
2009-12-15,259.87054443359375,265.32468376078054,257.8611407599057,262.4540753448382,7548579
2009-12-16,266.9649963378906,268.60531207367666,259.6654746719305,259.6654746719305,7121866
2009-12-17,265.9808044433594,269.91760130014023,246.05067836169368,246.05067836169368,7003095
2009-12-18,260.69073486328125,265.57071926894764,258.9683808914366,264.09442379932085,4339469
2009-12-21,254.33438110351562,262.33103102918466,253.4732042737308,260.8137168270081,5708111
2009-12-22,264.0534362792969,264.7505650162707,254.2523927787132,255.89273653018162,8390822
2009-12-23,267.5802001953125,268.19531879268135,260.4857435024208,262.905226648512,5566266
2009-12-24,263.3973083496094,271.88604938562787,261.87999379584744,268.85142027810406,4909397
2009-12-29,267.3341369628906,269.83565809560406,264.9146538591982,268.1953140928539,3377250
2009-12-30,267.1290588378906,270.57376686003505,265.8167838252945,269.2205006106957,2812028
2009-12-31,270.4507141113281,271.6399597667002,267.8671833191582,268.7283602498815,4335161
2010-01-04,266.71893310546875,272.3780833909039,265.6116977861182,270.5327282211007,3275801
2010-01-05,270.9428405761719,272.2961067553583,266.9650245078492,269.220486654386,4773358
2010-01-06,268.0722351074219,274.8796406275245,267.45711663490545,273.0752764450393,4893074
2010-01-07,270.1636657714844,273.9364422382948,269.01543911526846,269.3024888363629,4292821
2010-01-08,266.5959777832031,271.845050597249,266.26790899658505,270.450765197083,2946669
2010-01-11,269.7946472167969,271.4760102847593,266.96508497005215,271.4760102847593,3487591
2010-01-12,264.29949951171875,273.8544856815146,262.78218482651965,270.737846056419,7220708
2010-01-13,261.141845703125,264.0534455497626,258.55828684645763,263.68435777828404,4770795
2010-01-14,260.8547058105469,264.58649055538973,260.1575772157767,261.7978928608051,4349517
2010-01-15,260.3216552734375,264.5045110831112,259.17342851348025,260.8137722933055,4890287
2010-01-18,263.0282287597656,264.66857262186477,259.296470773852,259.99359955784274,4348367
2010-01-19,262.9051208496094,267.21100484209745,260.8957175770596,263.2742085226086,4310517
2010-01-20,271.8860778808594,272.5422154740554,263.72540475176964,263.72540475176964,10115597
2010-01-21,264.42254638671875,273.11635603147465,263.43833994928343,270.6558260519635,4388678
2010-01-22,264.21746826171875,270.6557865229723,258.35324950957164,261.38787863883147,9648877
2010-01-25,271.3939514160156,272.0910801559416,261.14183764072436,264.2174578873915,5990411
2010-01-27,264.83258056640625,272.13210346371557,262.4540890220876,270.24570116877555,5597033
2010-01-28,257.2460632324219,268.89246369020265,255.07261095698698,265.73480503880603,8455790
2010-01-29,251.2998504638672,257.4511198942294,249.45446685757392,255.07262793694883,7595735
2010-02-01,255.23660278320312,257.28702555973285,250.15155096478844,250.15155096478844,4288766
2010-02-02,252.3249969482422,258.9273631293538,251.0537409670682,257.9431568875881,5096874
2010-02-03,253.4322967529297,256.50791773855997,251.3818735052271,254.25245494327186,4049198
2010-02-04,249.41343688964844,253.43227273959414,246.46084546670426,251.79192874248932,2861509
2010-02-05,246.09170532226562,249.70046134850534,241.45775187324332,247.69102996490966,4344729
2010-02-08,252.899169921875,254.6625432286615,245.55865467526863,247.77309829072234,5335407
2010-02-09,256.83599853515625,259.5835785901382,251.79196433148465,254.25246678899407,6797505
2010-02-10,258.59930419921875,261.1418440299285,252.77610454325412,258.35324568647627,6011378
2010-02-11,257.9432067871094,260.7317777923123,254.8675859869679,258.7633926998338,3742244
2010-02-15,234.2403106689453,259.99361348165814,233.2561042989772,259.99361348165814,21051251
2010-02-16,222.75794982910156,237.43896603402501,220.91256631421115,234.56838488410904,49980391
2010-02-17,228.9501953125,231.08262834286134,224.23421735439408,224.23421735439408,17899829
2010-02-18,231.2056884765625,233.25611153463979,226.36669450299524,228.82719661831908,7785215
2010-02-19,228.6631622314453,232.84603249084424,224.97240905824637,230.0984667037357,9762722
2010-02-22,227.1048126220703,232.10784034059705,226.36666486131472,230.4675104404823,6283372
2010-02-23,229.7293701171875,230.63156622620858,225.54651390342747,225.54651390342747,4149060
2010-02-24,226.32565307617188,229.64734587743615,225.5465001673762,229.64734587743615,5771589
2010-02-25,226.57168579101562,229.6473197232817,225.95655345019466,227.18680424591722,7132567
2010-02-26,229.11422729492188,231.28766542562025,226.2026275271921,228.0069917823349,7128286
2010-03-02,238.01307678222656,240.14550993191563,229.6473507989825,229.6473507989825,6950115
2010-03-03,239.4483642578125,241.86784700031592,238.09507024312646,240.3095412592162,5656398
2010-03-04,240.8016815185547,241.86789824410852,237.84906212881967,237.84906212881967,3663476
2010-03-05,244.77940368652344,249.12630693707982,240.30949897612933,241.12965682483707,9062775
2010-03-08,240.0635223388672,248.3472249673055,238.66923685771798,244.53342857283687,6942247
2010-03-09,238.915283203125,241.25275596676366,235.42955579235144,239.4893827548488,4200362
2010-03-10,236.20870971679688,241.53979253029777,232.92802200707163,239.48936965468002,5975112
2010-03-11,241.08865356445312,242.40092842553298,236.49571932251104,236.9468172774869,4471626
2010-03-12,245.3125457763672,246.33777100090575,240.30953221788457,240.30953221788457,4487902
2010-03-15,245.64064025878906,247.11696362597,237.84902771435551,237.84902771435551,3477760
2010-03-16,241.785888671875,245.2305974171408,239.94050501950454,244.82051833257992,3042667
2010-03-17,244.45138549804688,247.28097509563858,242.48297292825774,242.77005045208617,3695915
2010-03-18,246.1327362060547,248.92130665680355,243.6722067289563,246.00970695501576,4981590
2010-03-19,255.81069946289062,256.58986613461974,246.0506759939076,246.0506759939076,8505632
2010-03-22,259.4604797363281,262.29006930114133,251.79189682238675,252.2019758267154,7411728
2010-03-23,252.3249969482422,263.2742670875257,250.6026429681122,260.157627874521,6234799
2010-03-25,257.8611145019531,259.1733893274021,248.51119802838406,254.2523587319684,11381437
2010-03-26,254.3754119873047,259.0914035580412,250.15153740849726,258.23022659400465,7975896
2010-03-29,256.05682373046875,258.27126730282697,254.416479729549,255.0726173299169,3102927
2010-03-30,254.9495086669922,259.1733827396028,254.04731280446933,255.48261682980046,3700172
2010-03-31,256.3438720703125,262.2080914260825,251.79192790787658,253.1862133578329,7532934
2010-04-01,247.6909942626953,259.583449283825,246.50174876058233,256.3848004595907,14419348
2010-04-05,259.2143859863281,260.9367397878374,248.10109651186673,251.7918625927686,10741491
2010-04-06,259.54248046875,261.46987393591473,255.72871254208613,260.4036574550083,4129617
2010-04-07,262.7822265625,267.21114205354485,257.2870942755173,259.9936552851473,5770421
2010-04-08,256.63092041015625,263.6843856487095,254.25242857858493,261.63396261362544,6877157
2010-04-09,252.5299835205078,259.583446222365,251.79183593683882,255.89268053218584,6484250
2010-04-12,252.7760772705078,255.81070602744643,250.56163421027156,250.56163421027156,5891860
2010-04-13,251.79188537597656,255.89273077652132,251.0947566546774,251.79188537597656,3395835
2010-04-15,249.49542236328125,255.03157238914304,248.3882145755823,252.61208953411315,4931669
2010-04-16,249.987548828125,251.5048634604741,247.44500884631495,248.92133223866503,4153955
2010-04-19,250.88966369628906,281.8920283219606,244.61536768247444,281.8920283219606,4812139
2010-04-20,249.741455078125,253.43222138070357,248.10111141344132,253.43222138070357,3760929
2010-04-21,250.72569274902344,252.77611564429557,248.92132837729983,250.97175127257196,5619463
2010-04-22,248.59324645996094,250.1515522257478,247.2809714328725,250.1515522257478,4209007
2010-04-23,244.57440185546875,250.06953249408423,243.79523511620957,248.83929553173382,15927170
2010-04-26,243.91827392578125,249.2493842870747,242.77004716155477,246.13274497973916,4766960
2010-04-27,244.65635681152344,247.28090617305645,243.0980514569884,244.4103261377549,3428228
2010-04-28,240.9656982421875,245.7226538668161,239.4893748548339,244.3693875145716,6709386
2010-04-29,243.05712890625,244.82050217973315,239.57140137377198,241.12973511850285,5816167
2010-04-30,244.86148071289062,248.01913928109843,242.31896847085522,245.23056850859408,8104084
2010-05-03,243.5902557373047,245.96874777770336,242.11395990941816,244.41044168645575,3323969
2010-05-04,237.0288543701172,245.230545409329,236.33172562857808,245.230545409329,4732234
2010-05-05,243.01609802246094,245.88667872858414,232.27186739175744,235.55255486033258,9873530
2010-05-06,239.4483642578125,243.5902010031233,238.09507024312646,242.68803276517306,5682148
2010-05-07,235.79861450195312,237.76702722443767,233.91223980512135,236.20872131468667,3387727
2010-05-10,241.4578094482422,244.41042871921013,235.18351085483863,239.48939660093023,3783329
2010-05-11,233.5021209716797,241.5397632276484,233.01000398900152,241.5397632276484,5255746
2010-05-12,214.26918029785156,233.33810503719914,213.12093957971788,232.92802600939777,29314603
2010-05-13,211.93170166015625,223.08601271010275,208.73305179749622,214.47422783098574,30486003
2010-05-14,216.97573852539062,219.6002748252933,208.77404696653355,209.5531998885091,14945387
2010-05-17,218.69808959960938,219.3952322615407,211.726649094375,213.24396367796703,5537427
2010-05-18,219.76429748535156,222.92195578769886,216.81169256977103,218.98514460495133,6000553
2010-05-19,212.99795532226562,218.9851905412538,211.68568002410166,218.57509756761587,5247052
2010-05-20,213.44900512695312,217.79590940830357,212.25975930121623,213.24396561615458,5075402
2010-05-21,218.32899475097656,219.1491665939166,206.682596238987,212.42377136772797,3757974
2010-05-24,218.20599365234375,222.5528841518096,215.95053120773633,219.84633754983355,5489050
2010-05-25,217.01675415039062,221.77373770643018,214.92532603431448,217.83692612314258,5279757
2010-05-26,216.2375946044922,221.1175933933668,213.24397046660863,218.98516021508377,4305026
2010-05-27,213.77703857421875,217.34477546189885,211.27551807524708,215.7864559970361,8180587
2010-05-28,213.81805419921875,218.0009236091134,211.6446161968016,216.52461430810598,5791244
2010-05-31,215.62246704101562,216.89372317432495,213.24397528173344,214.06414724802414,3907631
2010-06-01,210.783447265625,216.52462254956032,209.1431035354035,215.78647481392065,5454164
2010-06-02,221.73268127441406,223.45503507571132,208.60997440450086,210.78342615791638,10798027
2010-06-03,224.2752227783203,227.18682258040138,222.59388775716627,223.41404576322367,6895147
2010-06-04,226.61270141601562,228.33505538705504,219.3952167863342,223.08598323051584,4975708
2010-06-07,220.13336181640625,224.15219695673912,218.16496325336635,218.16496325336635,4627876
2010-06-08,211.89068603515625,222.3888451013098,210.9885038534052,220.62548586290524,5214643
2010-06-09,223.1269989013672,225.46447146633608,212.42378681594317,213.8590911169486,14047214
2010-06-10,233.91224670410156,235.30653214735682,222.34785633323034,225.5465201586479,12899743
2010-06-11,224.31625366210938,239.48937198028526,222.88094930368652,239.48937198028526,11104323
2010-06-14,220.70753479003906,227.84299668126573,217.5088708406406,226.40770605426425,9492508
2010-06-15,221.07656860351562,223.45506009753262,217.38580210978714,219.80529872606508,6886077
2010-06-16,218.28799438476562,223.90615463125968,216.934728085754,223.90615463125968,6180984
2010-06-17,219.06715393066406,221.03556645672913,216.0325248959406,218.24698204480364,5452641
2010-06-18,217.30380249023438,221.4456533031874,216.52463569957862,218.37001903667203,6030460
2010-06-21,217.22177124023438,219.8053022731679,216.81169223916697,218.16497238297794,6940466
2010-06-22,214.88429260253906,219.23118265666818,214.4741997272197,217.34479431077517,5014986
2010-06-23,216.56565856933594,218.08297326479018,213.36700866792407,214.88432336337831,4377083
2010-06-24,215.90953063964844,218.16499313186884,215.04835354676712,215.78650137325917,8286439
2010-06-25,215.74549865722656,218.08297142921145,214.96633180928367,215.62246938946257,5918882
2010-06-28,217.67288208007812,218.78010377977347,216.40161210718213,216.524641369122,5496212
2010-06-29,218.00096130371094,218.98516767456192,216.1965829571508,218.16499569885275,3571629
2010-06-30,215.54042053222656,217.75487766843003,213.69505115699062,216.56563191221113,7007284
2010-07-01,217.3858184814453,218.370024805351,214.14614974636328,215.70446948292005,8278079
2010-07-02,217.0987548828125,218.04194213534046,215.78647986790023,217.7548785043483,2459569
2010-07-05,219.35421752929688,219.7642965292054,215.82748536358608,217.67286863501522,3790109
2010-07-06,222.71690368652344,223.33203607853363,218.98514586900183,219.80530387712145,11519800
2010-07-07,226.4896697998047,229.1552248578692,222.2658090456555,222.2658090456555,10778118
2010-07-08,230.42649841308594,231.6977683572616,227.473893394682,229.03221309567078,6207032
2010-07-09,253.1451873779297,254.6625018905302,231.28766570349796,231.28766570349796,52219871
2010-07-12,250.72569274902344,256.46688241015386,249.61845716489745,252.94016391727538,16195352
2010-07-13,245.9276885986328,251.50482931614488,244.16431567831398,250.06952513049376,10693831
2010-07-14,247.363037109375,252.44809009290483,244.98454503275374,248.51129190130416,11630355
2010-07-15,244.41041564941406,249.7414987776655,243.01613023342188,248.51126164276613,4120377
2010-07-16,244.77940368652344,246.05065946075464,240.30949897612933,240.30949897612933,3389876
2010-07-19,244.0002899169922,248.18317361254324,241.7038363344703,242.77005287746437,5124736
2010-07-20,244.12338256835938,246.66592309960248,242.3600367994355,245.92777512983798,2600132
2010-07-21,241.9498748779297,245.2305626327653,241.2117270760523,244.94351286865813,2393379
2010-07-22,247.77304077148438,248.51121624378376,239.48934004345392,241.3757421862657,3905944
2010-07-23,257.3690185546875,259.58348944626584,247.6910325851497,249.70046399000248,11429835
2010-07-26,262.7822265625,263.9714726459458,253.9654146001957,257.53315285053316,10405199
2010-07-27,264.6275329589844,266.0628371977884,260.116608519132,264.2584729762154,7389473
2010-07-28,264.094482421875,265.3247474342129,261.71599043070887,265.3247474342129,2807219
2010-07-29,259.91162109375,264.0124673645923,258.7633941357786,263.274319479336,3343255
2010-07-30,251.6278533935547,262.3720556324696,250.23356824282158,258.35322065831485,8503156
2010-08-02,260.8547058105469,262.4540302275504,252.6120252700412,252.6120252700412,9071713
2010-08-03,269.384521484375,270.49175699930737,260.2806621722664,262.2900659307608,9834399
2010-08-04,265.03759765625,270.65575728510595,263.72535051159105,269.8355993482143,4303422
2010-08-05,266.2268371582031,269.8355930949407,265.2016397608469,265.3246690028972,4929011
2010-08-06,265.2426452636719,268.0722065994431,262.659086855803,265.7347344349862,2514528
2010-08-09,269.34356689453125,270.4917938024932,260.97782642501176,264.0534748801106,6603816
2010-08-10,266.9649963378906,270.327665813721,265.32465283026835,269.83557664735247,4591762
2010-08-11,262.9872741699219,275.3718525336051,259.0094566873299,263.43837231398004,12509844
2010-08-12,259.91162109375,264.91466354204204,258.5583268275754,260.19867089028145,5817079
2010-08-13,259.9526062011719,264.8325909648824,258.35325359125176,260.8137832502787,3741099
2010-08-16,261.4289245605469,263.39733735056296,256.46690134311746,260.8138059781085,3101836
2010-08-17,259.2554931640625,263.2743293250236,257.77919733834074,260.40372016497423,4343972
2010-08-18,259.3377990722656,262.7111697450434,256.91060924063714,260.9833491394726,4100030
2010-08-19,258.92633056640625,261.51806059438405,257.7744319806541,260.037052106985,3480455
2010-08-20,255.30613708496094,258.18582800350435,253.4960464464473,256.7048472865367,2806623
2010-08-23,261.1067199707031,263.4516109647746,255.55299998160785,256.70487088290986,4312015
2010-08-24,265.919921875,267.7300126812708,260.695311833739,261.4769514523494,6968253
2010-08-25,260.777587890625,267.0306485841993,258.3503987195777,264.7680283050767,4686350
2010-08-26,264.5623779296875,266.4958885761361,258.8852378528959,261.6415373629281,5251096
2010-08-27,260.0782165527344,266.98949703287343,259.17315730510546,264.10980611947485,4548409
2010-08-30,265.5908203125,268.51166078169285,262.5877093176917,263.20478004978014,4584547
2010-08-31,269.3343505859375,270.11599002268946,259.37881167776027,265.755318997602,6308685
2010-09-01,277.8089599609375,279.5779293487136,270.52742004239366,270.69198894031626,8793789
2010-09-02,274.8881530761719,280.64756372254703,274.0653920666823,279.6602337951699,3804773
2010-09-03,279.1253967285156,280.89436609743194,275.6286071797198,275.7931760758878,3897016
2010-09-06,282.5398864746094,283.6506080037089,278.0969167782828,279.7424384095343,4531861
2010-09-07,282.66326904296875,285.7486777203746,280.64748839477943,284.59677918428764,4297798
2010-09-08,289.61572265625,291.014432832012,278.09693133468187,280.5652417707338,6403109
2010-09-09,288.0524597167969,294.51121020231705,286.0778003044166,291.2612603669324,6075974
2010-09-13,286.98291015625,292.04297976736444,285.6253488513064,291.59045004572187,5698570
2010-09-14,293.277099609375,295.7865596307143,283.93865651289036,288.9164273621111,6917596
2010-09-15,293.0713806152344,297.02069984044914,288.0524889248314,291.2612899003339,5198040
2010-09-16,285.9544372558594,296.197939714345,284.35003661296184,292.1663774403919,7141945
2010-09-17,295.251708984375,296.19788953245114,287.229679268999,287.229679268999,9154009
2010-09-20,301.09344482421875,306.89397674705344,295.3751834295135,295.3751834295135,10622651
2010-09-21,300.7642822265625,305.1249816341959,298.7073522233362,301.21681184206824,6546264
2010-09-22,298.4604797363281,308.5394384208319,295.1282596296898,304.3021591835124,5277333
2010-09-23,292.4954528808594,300.22952300518836,291.3435819516961,299.5713030856718,2753259
2010-09-24,302.90350341796875,303.89083323010414,290.4796520368963,292.1663509134532,9082847
2010-09-27,307.0173645019531,309.6913931975847,300.5174641168454,304.5079325654071,7205540
2010-09-28,307.0997009277344,310.14393340855736,304.4256719008203,305.2895821132121,4070115
2010-09-29,298.995361328125,309.9382329446172,297.8434903695403,308.5395225449136,3497950
2010-09-30,301.38140869140625,304.42566900323635,294.22331547113697,294.7992370339278,8294465
2010-10-01,300.3940734863281,304.50793380093677,299.5301633774599,304.50793380093677,4035625
2010-10-04,296.0744934082031,303.3560333674902,293.03026130938485,301.91617390752333,4414660
2010-10-05,290.97332763671875,301.95731943709796,288.58728758225766,296.0744898193799,5686066
2010-10-06,289.6979675292969,295.66306680677866,288.3815558439002,292.9067958861346,3917799
2010-10-07,291.96063232421875,296.6092927692269,290.76761228576606,291.83724047539556,3629608
2010-10-08,290.3561706542969,296.11557940509323,287.6821703935596,293.6883906499808,2592663
2010-10-11,282.08740234375,292.8245553019804,280.4829739187453,291.343574451186,6777705
2010-10-12,278.9608154296875,284.2676949105112,277.7677955795802,281.3879764530247,5190130
2010-10-13,285.99554443359375,286.8183053008799,276.8627650788237,279.33107554066,9103035
2010-10-14,283.8974609375,289.61572131486247,281.75826042682814,287.353101103963,4074495
2010-10-15,274.5179138183594,285.9544363910772,271.7616143683977,285.33736565182477,6206683
2010-10-18,269.25213623046875,275.6286170200536,266.1667548819509,275.6286170200536,7847094
2010-10-19,269.2110290527344,276.0400398569739,265.75538838793625,270.8154296671076,6006847
2010-10-20,264.31549072265625,271.26792024271464,262.2996820521193,267.4008717886128,6109985
2010-10-21,277.3564147949219,278.59058395034566,266.1255841344789,267.154063073995,5318157
2010-10-22,274.35333251953125,281.2234923076524,272.70778276249797,278.8374521249493,3670603
2010-10-25,277.4386901855469,280.9766006100382,274.8469602478424,275.8342620584175,5036992
2010-10-26,270.52740478515625,279.6601840953762,269.99260465203344,278.91969374643526,2595183
2010-10-27,264.8914794921875,270.6920112473525,261.64152905518483,269.86925026987603,4852021
2010-10-28,272.049560546875,276.8627900627804,266.78382922911544,267.3186294131071,12385094
2010-10-29,267.9356994628906,272.9134700109161,263.5750274794826,270.48630852335526,3083767
2010-11-01,275.8754577636719,276.4102579429077,270.1160476442258,270.69199701416443,3512389
2010-11-02,270.89764404296875,276.369064674833,269.66347497850035,275.87541376503106,3343836
2010-11-03,270.1983337402344,274.5590054972752,269.08758424156355,272.3375343599124,2177828
2010-11-04,268.3470764160156,272.9957364726917,267.60655822506016,271.67929683540694,3182032
2010-11-08,269.9103698730469,275.38181949014296,269.4578401943422,272.33755931701853,6053124
2010-11-09,275.25836181640625,276.04000134820694,270.9388115880044,271.9261413344931,6948271
2010-11-10,269.0875244140625,284.3499418202873,267.8533554832736,275.6285445253173,11337057
2010-11-11,260.61297607421875,268.84069495586675,259.99590551608725,267.77109484444935,7845177
2010-11-12,251.39797973632812,259.99595945249837,249.62903819738784,259.173170677661,15715053
2010-11-15,254.77134704589844,256.41689671886945,251.15116562534135,252.71441691967942,10986583
2010-11-16,257.8978576660156,263.12246702851115,255.8820768840969,257.4864772443967,9850158
2010-11-18,267.3597717285156,269.74581182957246,258.5561017246199,263.287032736723,10415307
2010-11-19,270.2394104003906,281.1822789630128,268.1824806383936,268.22362982042375,17594387
2010-11-22,277.2330627441406,279.660224356204,274.8058732720954,274.9292929913498,6280409
2010-11-23,270.81536865234375,273.8596281445043,263.4515593023811,273.16025918658625,8499425
2010-11-24,272.9957275390625,277.60323825880386,271.5147190655938,272.9957275390625,6740358
2010-11-25,275.6285400390625,279.5367090863147,273.695030104943,274.1475596341991,8374470
2010-11-26,274.64129638671875,278.91972580340996,269.910365159207,278.91972580340996,7089599
2010-11-29,278.6728210449219,280.56520980829686,273.98304010868384,275.6285616386063,3571716
2010-11-30,296.3213195800781,298.5839398531781,276.86276851543164,277.27414895418104,14357045
2010-12-01,288.4226989746094,294.4700692159198,283.1980895813771,294.14095930469307,7293186
2010-12-02,284.76141357421875,292.08407542992154,283.23928347702457,291.2613144519708,4692175
2010-12-03,284.3499755859375,292.08401636669083,282.70442610280617,286.736015371484,4375447
2010-12-06,284.1443176269531,289.12208796580404,282.66330899408615,287.8467695591726,2008761
2010-12-07,287.0240478515625,291.8783991456089,284.0620580413047,285.46079634669144,4279168
2010-12-08,286.03668212890625,290.6442212573049,283.9797519830089,286.32467073691834,4719168
2010-12-09,278.4671936035156,287.64109521197395,276.4514125591396,287.14744421375275,3620606
2010-12-10,272.3375549316406,278.0969652242695,267.4009055979668,276.65710568611706,9232424
2010-12-13,273.2013854980469,274.64121675679064,264.9325176853806,273.5304953577543,5454691
2010-12-14,275.75201416015625,277.27414404455965,269.3343847053749,272.33752314702184,3829572
2010-12-15,279.49560546875,281.38796634370647,274.6823770581463,276.0399657318957,4696849
2010-12-16,283.2803649902344,285.0904554252588,279.7835759494128,281.79935657978257,5014784
2010-12-20,275.6285400390625,281.38794852238004,274.4766694863879,281.38794852238004,2716161
2010-12-21,273.8596496582031,277.6855210556782,271.5147310797747,275.62859106371036,2579684
2010-12-22,282.4165344238281,283.03360518334637,274.27108338625953,274.80588361650524,3806784
2010-12-23,282.4576416015625,286.2835414107819,279.78364058435614,283.5683912010103,4486098
2010-12-24,286.8183898925781,289.45127002037697,278.9197773691677,278.9197773691677,2150395
2010-12-27,281.30572509765625,289.6568646169396,280.64750528313306,287.147405056567,1406861
2010-12-28,281.6759338378906,284.92588346508614,280.85317306542584,282.16961258934924,2087889
2010-12-29,291.2612609863281,291.9606021172147,283.0335412772232,283.0335412772232,4157002
2010-12-30,294.099853515625,296.1979049330555,288.8340946578069,292.08404475537446,6336195
2010-12-31,295.2105712890625,296.0333600298328,289.6568796237603,291.63151130965656,3120012
2011-01-03,295.6630859375,300.311745970399,291.87833592965325,296.93837638210533,3283719
2011-01-04,293.2359619140625,297.7200536315166,290.5619331280782,296.40361383410533,3833685
2011-01-05,287.1473693847656,292.9478994371879,285.95434960164613,292.0839895204453,2954082
2011-01-06,290.6030578613281,292.3308779850174,287.27083731706705,287.27083731706705,3224930
2011-01-07,278.50830078125,291.9194805529167,275.13493124568186,291.09669186669373,6786239
2011-01-10,279.001953125,282.9923933005626,275.66973275777525,279.74244344438586,3068961
2011-01-11,278.4671936035156,285.4196239300074,274.80586279843436,280.5652730309124,3709562
2011-01-12,287.22967529296875,288.99864452530073,276.451374595446,279.8658655025312,2132019
2011-01-13,285.2138977050781,291.2612679351498,283.9386072489362,284.8436386081447,3563055
2011-01-14,282.827880859375,289.16321232986667,280.7709507154524,283.9386303806879,2474877
2011-01-17,286.736083984375,289.6157753739524,279.4545431916086,280.153912336782,3716294
2011-01-18,283.3626708984375,289.08093147938814,282.29307060502043,288.0524803741711,2208607
2011-01-19,283.4039001464844,286.65382327304036,281.14125135586573,283.85640204462175,2966214
2011-01-20,279.9893493652344,282.2108487112148,278.09698786160527,278.9197488875339,3853851
2011-01-21,276.4925537109375,279.70138293933167,272.3375716097866,279.70138293933167,3220549
2011-01-24,274.0653076171875,278.0145982497931,273.57162887562794,276.61588824866465,2928676
2011-01-25,277.8912353515625,280.44184436423154,274.0653636225287,276.98620390705014,3866285
2011-01-27,267.9356994628906,279.7424805328332,266.783828575572,279.7424805328332,6439857
2011-01-28,269.25213623046875,273.3659966018125,265.34396609169414,269.78693640714465,4096337
2011-01-31,262.4642639160156,266.2901633725427,255.88209317122136,265.055994169153,4756969
2011-02-01,260.9009704589844,269.74578890107773,255.05929041293928,267.4008703293707,6445397
2011-02-02,265.5908203125,268.0591311008354,250.4929669528614,255.05932937429006,11730023
2011-02-03,279.57794189453125,281.7582918349861,263.65730027005924,263.65730027005924,7437162
2011-02-04,273.5716247558594,282.62213223507416,271.9261032687055,282.2107518632857,7238103
2011-02-07,274.68243408203125,283.2392646972947,273.1603040857595,275.6286147159359,4770975
2011-02-08,274.2298583984375,280.03041665865953,273.24252874010233,275.6285684494185,3653369
2011-02-09,273.2837219238281,277.027323103615,267.11293146067715,268.5527909267396,4358336
2011-02-10,265.42626953125,272.6666605796062,257.69219962733507,271.51476182328963,6903674
2011-02-11,262.3819580078125,265.5084879933773,258.35036887117303,265.5084879933773,3167685
2011-02-14,269.3343505859375,270.2394097084897,259.17312148808463,266.16669937695326,4306568
2011-02-15,270.81536865234375,274.14758884836607,266.08443840046056,267.8122583435814,3129682
2011-02-16,270.1983337402344,273.57167570512104,267.60657562334274,270.69198470632205,2808369
2011-02-17,279.6190185546875,280.7709171278737,267.89453763886996,273.1602681477996,5499423
2011-02-18,272.62548828125,280.81205929557933,269.95148757355065,278.9196981362777,5044655
2011-02-21,272.09063720703125,273.73618651142266,268.9229582785744,271.267876484822,4256319
2011-02-22,271.9262390136719,275.2173114908493,266.04340760848476,269.25220954222993,4981445
2011-02-23,270.03375244140625,277.479832939405,268.10024213474173,270.6919722726083,4760426
2011-02-24,266.9072265625,276.78049633292056,264.52118660014816,268.22366624655314,8685403
2011-02-25,271.3089904785156,273.8184496174504,267.03059026260496,271.51468065351344,4632115
2011-02-28,272.5843200683594,274.80581885507354,267.1128993314109,271.51471985993265,6420348
2011-03-01,277.767822265625,278.8374225291742,265.09713227130555,272.4197930879013,5446370
2011-03-03,271.63812255859375,278.42598246888826,269.12866321431045,276.03997067167205,3517302
2011-03-04,269.00531005859375,274.47673123975557,266.7015405749568,271.9672715347198,3625974
2011-03-07,266.9483642578125,268.3881957227791,262.54651577126504,267.4008660022444,2565177
2011-03-08,275.50518798828125,275.8342979212543,265.75536542641044,266.24901639588046,3472743
2011-03-09,273.5716247558594,277.10956281717705,271.9261032687055,275.09375441945565,1786515
2011-03-10,271.10333251953125,272.6666114672506,269.169822356809,272.3786229000533,980737
2011-03-11,265.3851013183594,272.74891155280073,264.1509321279029,270.6097109586561,3574256
2011-03-14,264.72686767578125,266.57810743505,262.7110868916774,263.3693067109719,3023582
2011-03-15,258.47381591796875,264.06865670956614,254.19538694911694,261.64149542202523,4819267
2011-03-16,263.65728759765625,265.17941756368293,259.21431740762966,259.21431740762966,4186534
2011-03-17,261.51806640625,266.4958363667971,260.2427759565181,262.29967806255206,5273043
2011-03-18,262.1763000488281,266.4135520426625,261.2300915981861,264.85030078765044,4664167
2011-03-21,260.73638916015625,264.2331779543659,259.99589893714113,262.99900900935864,2006096
2011-03-22,268.71734619140625,269.2932955803162,261.80606496441095,261.80606496441095,3750136
2011-03-23,272.0084228515625,272.79006241498183,267.60657407124137,268.3882136346607,2316550
2011-03-24,274.1887512207031,275.1349317445976,268.71730256431783,272.99573130449653,2046780
2011-03-25,279.49560546875,280.56520559111215,273.2425178811323,274.88806724629484,2701811
2011-03-28,286.16009521484375,287.9701859005444,275.21722486314553,280.89436419281515,8030083
2011-03-29,296.6914978027344,300.27055679204165,285.50179133157184,285.50179133157184,9452816
2011-03-30,295.7042541503906,297.5554940174735,291.6315152988168,296.19790511362265,5630729
2011-03-31,294.0587158203125,295.78653604807107,289.1220945581394,294.14098634068677,9325109
2011-04-01,292.3309020996094,296.44476252965154,290.4385129289994,291.7549527242098,4942781
2011-04-04,295.6630859375,297.8434355931036,290.43847660124055,291.6726457198767,2368243
2011-04-05,296.403564453125,298.9130239163655,294.1409443757707,297.43204332100015,2105888
2011-04-06,290.68536376953125,298.78966523453727,288.1759037938736,296.444774169733,4845107
2011-04-07,293.72955322265625,294.758032052891,284.4322338676174,290.6852937747272,7589768
2011-04-08,297.76116943359375,352.47549039331756,293.811850484212,295.6219689326673,6809750
2011-04-11,298.2137145996094,301.3813663296664,295.37514493918746,297.761184963893,4044750
2011-04-13,302.32757568359375,308.53948731594886,290.438496853632,293.15364681597845,8758584
2011-04-15,306.4002990722656,309.36228856717815,302.32758789424344,303.9319884231619,6629599
2011-04-18,303.0268859863281,310.22615453660717,301.34021517647847,306.48252597526977,3912057
2011-04-19,309.7325134277344,311.00780398636545,300.72315327808695,302.78008341974265,5014397
2011-04-20,313.1058349609375,318.00133407120256,308.8685556231438,310.4318345477571,8298620
2011-04-21,309.5679626464844,316.3558235423271,305.330682787632,313.47613257863037,6009147
2011-04-25,308.90972900390625,311.8305690255523,306.7293793193008,308.08694029387885,2384536
2011-04-26,313.9698486328125,314.9983278144923,307.38767659400855,308.5395476463043,6007245
2011-04-27,316.8905944824219,319.4000539597597,314.05202510871226,315.944413977844,5856456
2011-04-28,318.2070617675781,320.75764279150343,314.5045820760917,316.767202363116,4969685
2011-04-29,312.6945495605469,320.0583611246192,309.5268694257266,318.24827013042915,3474612
2011-05-02,315.6976013183594,316.7260802790859,311.8305806035808,311.8305806035808,2567365
2011-05-03,308.0870056152344,315.6153860012828,306.6060246271521,313.2293455982707,3721992
2011-05-04,304.2198791503906,309.69132722545123,300.3940082759223,308.0868992058645,3163786
2011-05-05,294.47015380859375,303.97316691773386,289.78037105134734,296.0745546392299,9934784
2011-05-06,288.7518310546875,297.47323044178955,284.4322805506905,293.72960143167256,7345483
2011-05-09,300.476318359375,301.83387933173196,289.61571914061005,290.27393896356415,4569883
2011-05-10,301.09344482421875,302.4098847142193,298.66625529453245,301.8750844914044,2801287
2011-05-11,301.2990417480469,302.69775173293056,299.11869233808807,301.13450074275414,3230479
2011-05-12,300.8877258300781,301.62821623246873,298.5428349125113,298.5428349125113,2725663
2011-05-13,302.5743408203125,307.88122022443935,298.74846980662255,298.74846980662255,3580151
2011-05-16,305.4129333496094,308.49834219338805,300.0649322150256,302.78005410798244,2523797
2011-05-17,305.00152587890625,307.26414582898957,303.1914354908344,305.16606688692445,1985073
2011-05-18,306.030029296875,308.53948904919923,303.60286792264395,305.41295862105034,2227649
2011-05-19,300.9700012207031,307.59332147923294,299.9004008599438,306.8528310648596,1817420
2011-05-20,307.59332275390625,311.33692403207743,300.5586219982371,301.62822236342885,4732033
2011-05-23,303.1502990722656,308.86855903122813,301.2579381005113,304.5078878154582,3331442
2011-05-24,304.9192810058594,307.51101104980955,302.36867228738316,304.4256022203584,3517512
2011-05-25,304.1376647949219,306.4825556257082,299.1187453444901,302.4921151505198,2306477
2011-05-26,302.2041931152344,307.4699247917543,300.14726276128374,302.1219225874721,5773192
2011-05-27,306.8116760253906,307.92242555576684,303.6028750042813,303.76741604434756,2481609
2011-05-30,305.61865234375,307.6344611504787,301.95732171599127,306.89394289904,3936916
2011-05-31,307.8401184082031,308.9508399464434,303.8085290865112,305.90660818758977,3215081
2011-06-01,313.9698486328125,316.4793088617275,308.5395476463043,308.7452379106434,4608558
2011-06-02,313.5995788574219,317.50772126075725,311.41922889073123,311.8306093689791,2260188
2011-06-03,311.3780517578125,316.4380924781628,310.30845146635494,314.29889189524766,2711559
2011-06-06,312.65325927734375,314.79245929241654,308.9507805681971,312.94124779781424,2818802
2011-06-07,310.8843688964844,314.1754399493901,310.18499993000626,311.83054938644693,2198037
2011-06-08,310.8020935058594,312.0774118413682,305.2484019872616,311.04893290756786,2901623
2011-06-09,309.8147888183594,312.44766835627,309.03317708302455,310.26731847143526,2342963
2011-06-10,307.67559814453125,310.92554848249534,306.27688780945635,310.5964385295377,1977670
2011-06-13,310.67864990234375,312.28307803003156,307.63441824205586,308.7451397443333,2850479
2011-06-14,312.0773620605469,313.0646637899368,310.1849733826076,310.9666127900167,3194917
2011-06-15,309.9793395996094,312.1596893569917,308.62177857971795,310.96666936861146,2573491
2011-06-16,304.1376647949219,312.48880486278125,302.4921151505198,308.5394857162162,5994787
2011-06-17,313.1058349609375,314.25770563277484,303.76736631647833,303.76736631647833,5130753
2011-06-20,320.7575988769531,322.48541878176246,308.99196942324994,312.6532994253484,8848136
2011-06-21,322.197509765625,327.79235076244,319.3589400781313,320.92221922370084,5559217
2011-06-22,314.1343078613281,324.99487818173674,310.6786401912269,323.3493287816825,8541584
2011-06-23,314.42230224609375,318.4950130701009,312.0774115122687,312.7767526697351,3273163
2011-06-24,322.4443054199219,324.3778155649465,315.57414695358153,315.57414695358153,5471448
2011-06-27,325.81768798828125,328.20372780844696,319.23548996025426,320.05827864374584,4959702
2011-06-28,329.3556213378906,333.1815207240889,326.02340076796486,326.4759303962218,10719216
2011-06-29,330.30181884765625,332.35874901424256,328.6562691423912,330.38408936792456,4263304
2011-06-30,324.91265869140625,332.2353198464135,320.67537876845995,330.7543390838226,13125165
2011-07-01,315.491943359375,325.81774391065215,314.58688401018554,324.9126845614627,5799385
2011-07-04,316.1912536621094,319.4823247689424,315.12162560291443,317.1785554921761,4410181
2011-07-05,314.5046081542969,317.91912739200853,311.2135364911797,317.5900174396987,2594353
2011-07-06,315.4507141113281,319.89368348528905,313.1058236689505,313.1058236689505,4248866
2011-07-07,327.4632263183594,328.2037445292214,315.5741757969938,315.5741757969938,8972726
2011-07-08,327.586669921875,337.2542500959636,325.52973974823783,328.9853802111499,6220607
2011-07-11,321.9095458984375,329.02651678267915,320.67537669759577,327.5043868409652,1889284
2011-07-12,318.33050537109375,324.74810760083756,316.97291638096914,318.495046415968,2729874
2011-07-13,324.91265869140625,326.8873182815135,317.91910746808355,318.49502895354726,6051451
2011-07-14,326.270263671875,328.3683432513193,323.8842233109316,325.65319291438425,3835596
2011-07-15,323.3083190917969,327.87470980615063,321.9507299205102,327.6690195426195,1920350
2011-07-18,323.4316711425781,325.40630283127473,321.00448196483455,321.127901669124,1082795
2011-07-19,327.8334655761719,329.93154465997054,321.7449463886571,321.7449463886571,3797711
2011-07-20,325.28289794921875,329.93155803791376,323.92530911642666,329.1087693289551,3221108
2011-07-21,325.0771484375,326.8872667061591,322.73225795670476,323.3493285337615,5572151
2011-07-22,338.2826843261719,339.4345829961583,325.9411039018835,327.1341239000976,11423101
2011-07-25,355.9722900390625,360.5386797590301,336.96626865971183,337.3364999094519,15650804
2011-07-26,349.3489990234375,355.97231933588455,347.4154885201728,353.7919694058259,7871857
2011-07-27,353.4217529296875,355.7666440025109,347.62119331694004,351.2414029082987,5289506
2011-07-28,354.4501953125,356.6716944713427,347.6211846486213,347.6211846486213,4924393
2011-07-29,359.7570495605469,361.4025992132037,350.6242698832855,354.20332993032207,7995295
2011-08-01,363.13043212890625,368.4784338627753,360.2095918404147,368.4784338627753,4307734
2011-08-02,355.7666015625,361.81397203099806,353.7919420209558,360.0038813812384,3038663
2011-08-03,350.70660400390625,355.35526483395313,339.55804227839786,352.14643571924296,15342713
2011-08-04,348.896484375,352.9692236524397,345.35857316528916,348.8553630420851,3936601
2011-08-05,342.1085510253906,346.3458304663869,336.3491418059785,336.4314401745232,5985715
2011-08-08,335.97894287109375,341.3269443415904,325.2417628818957,329.10878361594376,8689189
2011-08-09,335.0738525390625,339.31113199429564,322.65000274428564,323.555061921512,10113344
2011-08-10,334.7447814941406,340.1750814677865,328.4505714274137,338.1593005372573,7288802
2011-08-11,326.72271728515625,334.7858958892302,324.9948972785656,334.04540558068794,7416538
2011-08-12,320.1405944824219,330.1784061064401,316.76722448042074,329.93159454042564,7043295
2011-08-16,325.69427490234375,331.4125351777583,319.0709554147143,323.14366614972755,12588424
2011-08-17,326.97283935546875,330.6846682278573,316.4146769626327,325.0756575491029,5418918
2011-08-18,322.6011047363281,331.7570147171513,321.77623212883094,328.04515780976146,6516533
2011-08-19,316.4559326171875,325.6943221006608,311.13563940428145,319.21921274573253,8120797
2011-08-22,323.9208984375,325.3231512326852,314.35256553114914,315.25991707590333,3679094
2011-08-23,331.2620544433594,333.90160185049365,323.7558624522236,325.5705373293602,9573967
2011-08-24,328.04510498046875,333.36542490945146,326.06544455793227,329.9422586041653,5267076
2011-08-25,331.8394775390625,337.6959526675454,324.0445951691076,331.50953409813934,8509606
2011-08-26,328.8287353515625,336.78860346013647,326.10673685903237,330.2722414065098,6279865
2011-08-29,334.10784912109375,338.7682830590741,332.21066723447564,332.4168784066347,3645172
2011-08-30,333.7778625488281,343.51115151195665,330.8083717783064,335.71626966119,5582539
2011-09-02,337.0361022949219,345.5733513491116,335.3039060250706,343.1400426479371,5725538
2011-09-05,334.5202331542969,337.5722028415848,330.51968659760587,332.0044180393269,2947636
2011-09-06,328.498779296875,334.89140827906147,322.3948403178339,332.49932559433097,4929940
2011-09-07,331.3033142089844,334.72645287914156,328.3338233189225,329.942287077088,4690977
2011-09-08,329.5299072265625,333.48922892343666,326.80788054259665,331.303356894605,3950839
2011-09-09,330.0660705566406,335.71633525346977,326.3129878720614,333.1592942049386,6006553
2011-09-12,318.2293395996094,328.1688681160996,315.548566648519,327.5089812465178,3285687
2011-09-13,314.72369384765625,323.2197163389077,312.95027232627604,321.6112525695241,4165475
2011-09-14,311.25933837890625,316.7446451321577,307.2587912210339,315.91977248349366,6358228
2011-09-15,319.3016052246094,321.61120895309625,307.4236990534579,315.09484795276546,5017504
2011-09-16,318.2293395996094,321.5287739475184,314.80620090287374,320.70390139527257,6904041
2011-09-19,319.0954895019531,321.61130510992837,313.03280234124156,316.74465960346464,3371857
2011-09-20,322.8485412597656,323.7558647394757,318.22933326464715,320.7038950110495,4068649
2011-09-21,324.3745422363281,326.1892172164236,322.9310361748346,325.7767948932934,2724946
2011-09-22,307.5061950683594,320.6213966652884,303.5881275701097,320.6213966652884,5455410
2011-09-23,309.32086181640625,315.25984300953206,297.48418075959125,304.3717387526689,7868621
2011-09-26,314.1875,317.8581307244537,303.5468604791228,310.76436173369103,3952985
2011-09-27,319.71405029296875,321.2400350882917,314.8061804242077,318.8067268542195,5324327
2011-09-28,312.8265686035156,321.5288030444185,310.9293866991473,321.5288030444185,2039546
2011-09-29,309.6507873535156,314.10500902614683,308.1660561061494,310.9705608758556,4224977
2011-09-30,311.79547119140625,320.45647977772734,306.6401362031693,310.84689424590107,3532661
2011-10-03,314.2288513183594,315.8785687989641,306.06277073727256,307.7537416288458,3565880
2011-10-04,305.1141662597656,316.00227272343204,301.3610837676517,312.20793682405434,5282999
2011-10-05,301.9797058105469,308.41358919720403,301.1136077352587,308.41358919720403,4972635
2011-10-07,292.6587829589844,310.06322006339894,287.2147309608237,306.1864061585553,15009037
2011-10-10,299.87628173828125,303.54688482662044,283.37916661093,290.3492038969538,11169676
2011-10-11,309.32086181640625,313.8163371448861,302.72202175457835,302.9282328880229,6990486
2011-10-12,307.8361511230469,311.7542187822583,305.32033602359644,310.1457550752269,4115359
2011-10-13,305.1141662597656,310.88816295808994,301.9797172933701,310.1457971411199,5213981
2011-10-14,316.4559326171875,317.48701646324014,302.8870803580239,302.8870803580239,4098263
2011-10-17,313.4864807128906,319.0954921319198,311.0943973846796,314.641268966649,2744407
2011-10-18,308.57843017578125,312.99139776296283,306.3100802623307,308.94962689494,3313805
2011-10-19,317.36328125,318.8892663353629,306.6401601745426,309.5683980504362,4284200
2011-10-20,321.7350158691406,323.3022263863605,313.4452037338843,314.2700763650093,2774385
2011-10-21,311.79547119140625,323.2609851395485,310.5582042008878,323.2609851395485,3257674
2011-10-24,315.9197692871094,317.40452886746607,311.01189857506546,317.0745853974468,2446054
2011-10-25,320.41522216796875,324.7044590343436,315.01242268030893,318.39433601831723,3540580
2011-10-28,323.30218505859375,337.6134566425453,320.95135561800095,329.28239216500504,4732927
2011-10-31,323.17852783203125,326.3129768533252,320.33276887502086,324.8282172628405,2421868
2011-11-01,325.44683837890625,326.6428798262741,319.0542088354996,319.0542088354996,1820597
2011-11-02,317.1157531738281,326.3953941230556,316.12595087440985,321.73496091361,2944231
2011-11-03,324.498291015625,325.6531071951399,315.9610416219589,316.2909851117429,3647871
2011-11-04,327.7151794433594,330.354698886777,317.610693574296,322.5185914987901,8406519
2011-11-08,327.5914611816406,331.83947244435535,325.94174400235283,327.4677289018769,4424674
2011-11-09,326.0242614746094,332.0044695009006,324.1683329195162,326.31297947175,3521903
2011-11-11,326.31292724609375,329.0349534958735,320.8276213448195,321.6937193365432,3732083
2011-11-14,334.2315673828125,335.46883436383854,327.8801629969412,328.8287399351688,6553674
2011-11-15,331.2620544433594,336.95357155735854,330.0247596136311,334.06655959817135,6318187
2011-11-16,331.2620544433594,339.8405555860094,326.4778887331967,333.9840807243325,7013063
2011-11-17,326.3542175292969,337.2010712808221,323.9621342265743,331.9220034091943,4380305
2011-11-18,327.8801574707031,331.5920142122964,323.0135126468412,323.0135126468412,6292013
2011-11-21,320.41522216796875,326.4779085474613,315.9197462086754,316.74461878873535,10344432
2011-11-22,312.3728332519531,320.70386923172845,307.341231289185,319.21913788934233,7128770
2011-11-23,300.9073486328125,308.4960189341196,292.6587915287366,308.4960189341196,11163073
2011-11-24,312.3728332519531,317.1569986113464,299.5875753144852,302.72202366537493,13372340
2011-11-25,309.4447021484375,315.25995310622136,305.60911227970956,310.1045891781228,5145884
2011-11-28,319.63165283203125,321.52883492450815,311.3418678478995,311.79551571755,6559205
2011-11-29,308.24853515625,323.46712820787894,303.62935575578155,322.35356580641036,7609984
2011-11-30,318.476806640625,320.86888957886924,302.9282675420373,310.1457697603919,52303883
2011-12-01,312.7028503417969,326.3542094343428,309.19720436394124,324.0858584870658,9331900
2011-12-02,322.18865966796875,324.8694326094978,307.09379645856285,314.5174818190749,10460760
2011-12-05,322.1061706542969,328.1276316677361,318.1056237573275,323.42594446165555,5113184
2011-12-07,311.25933837890625,322.51864195064434,310.1458035955474,322.10619166104215,8320600
2011-12-08,302.92828369140625,310.5582086305876,300.3299894576102,310.5582086305876,6636511
2011-12-09,295.875732421875,301.814685990802,290.0605111255038,300.5774191263156,9838610
2011-12-12,282.3481750488281,299.25771631121677,280.8221898769117,298.0616746340537,8782284
2011-12-13,285.2763977050781,289.35942379321756,277.93519025592536,280.1210343689178,6780262
2011-12-14,287.709716796875,291.83399644250403,282.01822652701026,284.7402533275688,5910234
2011-12-15,277.68768310546875,282.2656376726713,273.8520942650084,278.8012456608502,10973531
2011-12-16,277.60516357421875,290.84409623203635,271.78991502710693,278.51248691600335,7910102
2011-12-19,277.4815368652344,283.2555342124655,264.9849650719575,275.5018758438049,12067526
2011-12-20,266.6346130371094,280.2859695666043,263.33517886206425,280.2859695666043,8932351
2011-12-21,281.6882629394531,284.6989796040044,270.3052552813688,273.85212658576427,5158308
2011-12-22,276.49163818359375,282.1006484308273,266.675842320399,279.62608672943225,6559119
2011-12-23,272.7385559082031,278.67753811014614,270.2639939559963,277.1515531190198,3595847
2011-12-26,284.3690490722656,285.0701894419339,274.67701170714076,275.5018564427119,4068563
2011-12-27,283.00799560546875,287.0085420836819,280.61591281265646,284.65771269198336,2796709
2011-12-28,283.5028991699219,285.3588274166699,280.1209860965262,282.67805458493865,2156133
2011-12-29,281.2345275878906,289.3593522780882,277.3989391075299,282.92549796333304,5623529
2011-12-30,283.3379821777344,285.56507963583465,278.924984807851,282.1831660760173,3812196
2012-01-02,284.4102783203125,287.7921917238309,282.30688532053415,284.16281374844715,2178980
2012-01-03,295.8345031738281,297.31923456446725,284.7814128229013,286.6373410264678,2346402
2012-01-04,285.6888427734375,294.47355712375685,284.9877302857683,292.94757191286504,3242474
2012-01-05,284.080322265625,287.70967214946484,282.1831405163844,286.22494064521555,3215175
2012-01-06,272.65606689453125,282.1006665400644,270.80013851671106,282.1006665400644,8772101
2012-01-09,264.32501220703125,272.53231640899037,263.953815384045,272.20237298762567,8372999
2012-01-10,272.4911193847656,275.0069347439941,264.81994101983423,264.81994101983423,9865514
2012-01-11,268.6142883300781,273.852130442,266.5934020330606,273.852130442,6875226
2012-01-12,269.274169921875,272.16118220946294,267.5007482451973,270.5114648923469,4734619
2012-01-13,275.9967346191406,279.21369026605686,270.9238784723794,272.2023988778214,8236860
2012-01-16,280.450927734375,282.7605316604007,276.3266489745969,276.45038124766523,3766280
2012-01-17,284.616455078125,286.6373410226085,280.69838752959686,284.3277650662088,5172743
2012-01-18,284.94647216796875,290.1018078981615,283.33800809048165,286.55493624545585,2394995
2012-01-19,281.0696105957031,284.245284815009,277.3577538419158,279.6261045402219,4665303
2012-01-20,282.3893127441406,286.1424223215673,278.5124988338611,282.2243550133146,3440022
2012-01-23,290.4729309082031,292.4938168610878,280.4921775541977,280.4921775541977,3367453
2012-01-24,294.1848449707031,298.2678710771392,290.55546670789494,292.576380987275,3954176
2012-01-25,296.3706970214844,300.61868061516515,292.0814320912915,296.9480771218754,4730488
2012-01-27,308.99090576171875,309.98073592003345,295.9581839063747,301.8559114590499,5182957
2012-01-30,294.59722900390625,308.4135719612209,292.86503295013534,306.84633365993426,2818227
2012-01-31,301.6497497558594,305.56781763383515,292.823783679421,298.4328221621801,5104196
2012-02-01,298.0203552246094,300.9073671469881,294.10231549658573,300.9073671469881,6292396
2012-02-02,318.2705993652344,326.1892140279744,295.7932757384356,302.72206007701595,28098827
2012-02-03,319.71405029296875,330.7258872735568,318.06436115686637,324.5807226221837,17943219
2012-02-06,320.9100646972656,324.9931175852639,317.77561649942294,324.9931175852639,6714609
2012-02-07,312.4141845703125,322.1062226632706,308.99101721343595,321.69380026451375,6895811
2012-02-08,291.99896240234375,305.1966452034913,289.8543438350017,305.1966452034913,25849826
2012-02-09,288.78204345703125,291.9577179987065,284.08035589625325,290.96788756851424,15203006
2012-02-10,288.6582946777344,294.8034601590588,287.0498307944781,289.5243927633754,9889723
2012-02-13,286.8023681640625,290.3079860060574,283.4204546803935,289.0294655720167,8476202
2012-02-14,282.3893127441406,287.8746181479078,281.3170037021711,287.8746181479078,8190882
2012-02-15,288.3695373535156,291.1740423976858,283.6266252326553,285.4000745681755,11796765
2012-02-16,288.98828125,294.2260960209286,285.4001560840953,291.5865758945645,8826660
2012-02-17,288.3695373535156,293.27743514608113,286.34865140624055,292.82375946206105,10426697
2012-02-21,296.040771484375,297.36051745839376,285.5650870648405,288.6995361228987,9187206
2012-02-22,286.59613037109375,299.0101925528506,280.5746697657362,299.0101925528506,12379451
2012-02-23,279.3786315917969,283.5441639463572,275.21312716777356,280.94586988278104,12869967
2012-02-24,282.5955810546875,286.38991649230223,279.00745676721675,284.575213682177,3965967
2012-02-27,281.2345275878906,286.59610078072035,278.3887692937692,284.32775041120533,3870487
2012-02-28,283.1317138671875,288.61699148655094,279.7910264583622,282.9255027328947,2964510
2012-02-29,288.864501953125,290.6379235761469,283.21423776954134,283.21423776954134,5114844
2012-03-01,285.6475524902344,288.8645082136355,283.7503985397382,287.8746778318612,2324193
2012-03-02,289.0294494628906,290.5554343896104,283.8328612034247,287.79218250427743,4132978
2012-03-05,287.9159240722656,292.7413156414561,284.6989684289334,287.04982600108747,3840271
2012-03-06,276.7802734375,289.5243041772969,275.7904433666927,285.40002618086515,3841064
2012-03-07,271.9136962890625,277.93515704132784,270.2639791014188,277.1515378858799,5000176
2012-03-09,279.5023193359375,280.28593835657114,273.0684373762845,276.16166006227377,5413888
2012-03-12,279.70855712890625,284.4927226409227,277.6876711856035,284.4927226409227,2884585
2012-03-13,279.6673583984375,282.43061030081526,277.3989797659123,280.615935325333,4203990
2012-03-14,278.9662170410156,285.235114518221,278.30633015599005,281.646990054846,4905479
2012-03-15,273.56341552734375,279.1311726728886,272.28489517128753,278.8012571634241,3429106
2012-03-16,270.1815185546875,276.57414865128425,269.72784280598944,274.6769947046877,4878841
2012-03-19,268.2430419921875,273.31589694028264,265.8509595076334,273.02720696129575,5258224
2012-03-20,266.22216796875,269.2741376570887,264.4899719759671,268.07809623680834,5366154
2012-03-21,274.5532531738281,275.50183011519516,265.686033461103,266.88207497170964,6464855
2012-03-22,267.1707763671875,275.33682733997847,266.55211498247866,274.67696841385,4048201
2012-03-23,277.1515808105469,280.45098776630243,264.86122077226696,267.253304082197,8527858
2012-03-26,271.2537536621094,277.8113676612285,269.0678823290697,277.1514809218002,3827163
2012-03-27,279.3786315917969,279.95603958277053,272.20238286462364,275.254352640355,5723670
2012-03-28,278.594970703125,281.1932643773867,276.45035267304223,278.8012097572786,3519817
2012-03-29,273.9758605957031,277.6052387371093,268.0781315898705,275.99674687694414,7029001
2012-03-30,278.71875,279.79105919600437,274.0170908991405,276.2029347645109,4383397
2012-04-02,280.69842529296875,282.8018183214356,278.5950322645019,279.5436371594111,2022608
2012-04-03,277.8114318847656,283.62665369847315,276.780348142097,282.1006687520895,3901123
2012-04-04,272.2848815917969,277.15152614121234,271.4600090676614,276.24417474382415,3796571
2012-04-09,271.99615478515625,274.51196981648593,270.09900110942255,272.03740818570776,2665160
2012-04-10,272.0787353515625,274.3470864556434,270.59397562612304,274.3470864556434,4930749
2012-04-11,265.6035461425781,272.2023869785081,264.98491266967335,272.2023869785081,5161454
2012-04-12,267.2532653808594,270.14024954039473,265.64480158066664,266.4284207440029,2900039
2012-04-13,266.8408508300781,271.460031205905,264.28378210641984,268.53179355707175,2257838
2012-04-16,261.52056884765625,265.6035952120141,259.4171755484322,265.6035952120141,4308696
2012-04-17,265.8510437011719,267.25329650545837,259.9120890047504,261.4380741050828,3755386
2012-04-18,265.14984130859375,269.23289440082,264.4074756365165,268.9029509987263,2092070
2012-04-19,266.96453857421875,268.737959885309,265.19108933259474,266.0984406525947,1457198
2012-04-20,267.5419921875,270.9239059383754,264.24258525607974,266.55216172891147,2477742
2012-04-23,257.7673645019531,269.31535485514144,256.03516874202813,266.0984278525757,3988935
2012-04-24,253.5194854736328,255.45789314641243,238.34211174464585,252.4884015173738,15317269
2012-04-25,258.17987060546875,260.36571454657206,251.58100158521492,251.58100158521492,4544523
2012-04-26,254.30296325683594,261.43798507509763,251.99338761894893,259.8294937047956,6731235
2012-04-27,253.5606231689453,258.17983077041674,249.93127369832337,254.30298883654825,5027621
2012-04-30,256.1177062988281,257.8086488654721,253.31317327064417,253.31317327064417,3450482
2012-05-02,262.262939453125,263.91265697917913,253.68443624818656,257.3550402870676,7512577
2012-05-03,259.8294982910156,261.85041192300184,258.2622882183962,259.8294982910156,1950314
2012-05-04,257.1487121582031,260.2419346043373,255.45776991948418,258.50973897227186,3612635
2012-05-07,260.6956481933594,262.46909766717414,253.8493427902253,255.12789107140247,3084053
2012-05-08,260.1595153808594,263.29396434478707,258.26236139793406,261.4792892457847,2742403
2012-05-09,255.21035766601562,258.34480621663647,254.09679512300124,258.09734166695864,2045925
2012-05-10,255.78773498535156,259.6232953930328,254.34422919259873,255.41653820531818,3164471
2012-05-11,253.39566040039062,257.7673754517703,252.40583021973853,253.31315360410272,1971879
2012-05-14,253.849365234375,255.7052937492988,249.10645232431415,254.05560434095756,2241859
2012-05-15,250.87986755371094,254.63294954581195,240.89911393523857,250.8386141519432,8060721
2012-05-16,245.435791015625,251.4159975069174,243.62111633463974,247.45667682418588,4051033
2012-05-17,246.38442993164062,252.40589133939397,245.2708951479834,247.82793611928415,2934167
2012-05-18,244.61094665527344,246.59057906731942,241.39399161594872,244.11601760436196,3078743
2012-05-21,243.12623596191406,249.9313162565315,241.47654661101427,245.31210786850303,2227203
2012-05-22,243.4561767578125,247.20928702339054,242.3838675192298,247.20928702339054,2618788
2012-05-23,232.69180297851562,244.52847126042084,231.0420858145209,243.373683210893,5562593
2012-05-24,245.6420440673828,248.77649284424075,231.41329228775237,231.41329228775237,4201709
2012-05-25,246.67312622070312,249.89005385581194,244.9821555941424,248.28159003825752,3265783
2012-05-28,249.3951416015625,251.16856309745774,247.45670649496782,247.66294557780543,2315698
2012-05-29,247.4567413330078,251.0861195716444,246.63189660767887,249.93133137007578,2888729
2012-05-30,249.31263732910156,253.23070512369796,246.7968221427196,248.199102681471,3960239
2012-05-31,249.5601043701172,253.97307339307253,247.4567114715949,248.65275293731597,6266388
2012-06-01,248.15789794921875,251.29234721354337,246.75564506598255,247.5392643646993,3502027
2012-06-04,242.9612579345703,248.1578459897706,239.7030770494333,247.45670572968646,20886524
2012-06-05,236.89859008789062,245.60082425164825,235.37260510380406,244.98216281854644,10476966
2012-06-06,245.22959899902344,247.04427382142805,235.33132445134615,240.03301114586336,9941772
2012-06-07,248.6940460205078,249.51889077790582,243.0437812268146,247.4567509538691,3087966
2012-06-08,250.96231079101562,254.0555334293596,244.98210456334513,244.98210456334513,3644528
2012-06-11,250.79737854003906,254.59171378048873,249.02392922431096,254.59171378048873,2115165
2012-06-12,254.67425537109375,255.6228324321871,248.28162468283028,248.28162468283028,1650770
2012-06-13,253.4781494140625,258.5097793845169,252.73578373148646,255.7052464617906,2865283
2012-06-14,252.36456298828125,254.30296984518807,250.54988838849027,251.74592963323406,2676816
2012-06-15,257.1075134277344,257.8911325542075,249.93129280526975,250.3849405758777,2429484
2012-06-18,255.04534912109375,259.6233032269782,253.2306744240838,259.00466983878846,2093745
2012-06-19,259.7883605957031,260.6544587504429,254.3030536619903,254.3030536619903,2559497
2012-06-20,255.99395751953125,261.39675622080773,254.8803950603265,260.530658292656,2673145
2012-06-21,257.06634521484375,259.0047527964587,254.92172643778403,255.95278241500793,2361473
2012-06-22,256.44769287109375,257.6849599532647,252.4058922888129,255.78780592171972,1940490
2012-06-25,254.75668334960938,259.4171167642835,253.56064192706341,258.55101876625145,2068218
2012-06-26,252.4058837890625,256.1177407716598,250.59120870466322,255.08665697403188,2258635
2012-06-27,251.45730590820312,254.05560020064436,249.84881407241997,253.8081356212101,3589018
2012-06-28,250.4261932373047,252.98323382813828,249.3951374927867,252.1583892325239,2628799
2012-06-29,251.62222290039062,253.9318267629286,249.51883017711953,250.75612494325574,5579822
2012-07-02,255.87020874023438,256.9425177315459,251.58094484445618,251.62219824048054,2734478
2012-07-03,262.88153076171875,266.0984864026488,257.35499888639725,257.6849423385301,6949954
2012-07-04,269.68658447265625,270.55268245808946,262.88150493236463,263.9538140638023,5072314
2012-07-05,267.3357849121094,270.8414310129273,266.42846125969834,268.9030234771114,3040875
2012-07-06,265.0262145996094,268.3669033503317,263.37652486261516,267.41829823490554,2057780
2012-07-09,261.27301025390625,264.32497954173283,258.7159700022313,264.32497954173283,1519925
2012-07-10,265.108642578125,267.9956266897182,260.695645638721,262.1391516597862,2490482
2012-07-11,260.4482421875,264.32505709905723,259.5821440506397,263.1290154847959,2591870
2012-07-12,252.65335083007812,260.8194027546774,252.03468937326014,259.74709347024594,3852007
2012-07-13,254.01434326171875,255.5815816689566,252.8183017184706,254.42676560134797,2767466
2012-07-16,263.5826721191406,265.5623328398065,255.7052826421095,258.592294842382,6441229
2012-07-17,267.3769836425781,271.2125445194883,263.99507053382945,266.59336452033097,6572092
2012-07-18,267.7481689453125,269.10919612481024,259.82955422540067,267.62446459311985,4247618
2012-07-19,261.1080322265625,269.60405357707134,260.0357231909501,268.9854201943411,3350900
2012-07-20,259.5408630371094,263.4589309405668,258.4685538322424,261.479270286718,5293352
2012-07-23,250.96231079101562,260.57189415119836,247.41544045032322,260.57189415119836,3707009
2012-07-24,254.50921630859375,255.45782110137574,248.0341080877105,252.73579485840088,2961184
2012-07-25,248.0341033935547,255.62277400897594,246.2606540463892,255.62277400897594,3489272
2012-07-26,247.86911010742188,251.12729038979103,245.80697104175192,249.80751691887724,4312792
2012-07-27,253.6020050048828,257.3550886426137,251.6223436016508,253.2308080178212,4378451
2012-07-30,255.00418090820312,258.83974229279687,254.0556039138935,255.70529331946162,3053459
2012-07-31,247.4979248046875,256.61257933837436,246.21940466948965,256.5301004752561,8820008
2012-08-01,245.39459228515625,250.0550262537564,243.78612837342442,248.28160457542933,4767852
2012-08-02,246.01324462890625,248.6940177158846,244.23979508569215,246.6318781265462,3613842
2012-08-03,244.56971740722656,246.8793213682945,242.34262024981314,245.807012226147,3347571
2012-08-06,244.32232666015625,248.61156403406412,242.92004590118032,246.21948075075662,3396186
2012-08-07,242.34259033203125,246.13695363079657,241.80643576535405,245.80701021049245,4931355
2012-08-08,226.2991943359375,242.54886102565303,224.69071646096972,242.54886102565303,37089348
2012-08-09,211.78172302246094,227.5777138973807,209.76083677411498,227.37150272492946,37229419
2012-08-10,210.83314514160156,217.51447927123445,208.60603376505728,212.8952847878363,13379337
2012-08-13,214.50369262695312,216.02967724220508,211.9878918537876,211.9878918537876,7545768
2012-08-14,215.12237548828125,217.22576847542942,213.9263479374345,216.11221980452967,4964990
2012-08-16,215.28799438476562,217.5650762852318,215.080989488182,216.44724143226637,7206557
2012-08-17,217.1924591064453,219.179753855716,214.62557585841196,215.28800276849427,9890407
2012-08-21,214.0873565673828,218.5173403041299,211.60328354076418,215.70202576417304,15559811
2012-08-22,205.88986206054688,211.89308889181464,205.35164365760906,211.56187541015677,12333644
2012-08-23,206.17962646484375,208.4567080748591,201.6668614150446,204.56497165461934,10399188
2012-08-24,205.31024169921875,207.42171709166547,202.4535429962672,205.35163987890797,6921485
2012-08-27,206.30381774902344,210.15416995783494,205.18598305612477,207.0076567270596,6584318
2012-08-28,206.01402282714844,207.00766304160464,203.19872290521084,206.17962952955781,4620671
2012-08-29,200.63185119628906,206.8420822871704,198.56177416599527,205.97265049520794,6701956
2012-08-30,201.08724975585938,201.91528327528567,197.44391628940534,198.72735773024982,10284093
2012-08-31,205.1859893798828,206.09683325293273,198.85156455352333,198.89296272438332,6760809
2012-09-03,204.39938354492188,206.51084448318923,202.45350127226249,204.19236465109134,5546369
2012-09-04,206.80062866210938,207.21463834955122,199.80376400740082,203.07448539905423,8178551
2012-09-05,213.50775146484375,214.2943729449944,204.9376274273616,204.9790256065223,6808889
2012-09-06,208.74655151367188,213.59051627362706,203.77835017751238,212.88669125576007,15648001
2012-09-07,211.97586059570312,212.72108378395126,210.23699714377594,211.06503069684183,6097758
2012-09-10,216.1573944091797,216.73702489487837,210.44399804859933,210.44399804859933,4420962
2012-09-11,216.6128692626953,217.19248583341889,211.76888972307643,214.45998167896215,3955135
2012-09-12,215.9090118408203,217.19245334796707,213.67332823238527,215.41219170349893,6122223
2012-09-13,209.94715881347656,215.28795711979652,207.79428583121836,214.79113704257827,6689510
2012-09-14,211.23065185546875,215.163786968266,209.98859443140302,214.04595210943478,7590436
2012-09-17,219.2211456298828,221.9122373497118,212.67970111241647,215.4536032030989,9452826
2012-09-18,222.07785034179688,224.39633035943802,219.88356484756702,220.25617645584657,9405233
2012-09-20,222.11924743652344,225.76258117169056,219.55235034649195,220.25617538515928,7192292
2012-09-21,231.2275848388672,232.22122517875454,224.18933414555678,224.39633904494414,11562728
2012-09-24,231.02053833007812,234.33265818079587,226.0523515444911,231.8485717975128,10168554
2012-09-25,228.20529174804688,231.848625834897,226.5906226054602,231.35180563864142,4482301
2012-09-26,219.59375,228.1638730825919,216.94405654358113,226.88041751941907,9012463
2012-09-27,216.44723510742188,223.4027036206533,215.28800203773636,220.58740328138325,5964535
2012-09-28,219.80076599121094,221.08420751831315,217.10966037696662,219.3039318271421,5781818
2012-10-01,219.4695281982422,221.58100320090446,217.44084953967396,219.55233856135825,2748599
2012-10-03,219.6765594482422,223.15430071713456,218.88993800883193,220.67019981078286,3448153
2012-10-04,223.36129760742188,226.34220456907036,221.49822549925784,221.49822549925784,3896945
2012-10-05,220.04916381835938,225.0173371125625,178.689024412864,224.6447255173995,3215936
2012-10-08,223.94094848632812,229.03333109100237,220.2562021107666,221.12563397102926,6777685
2012-10-09,219.6765594482422,225.84539250856923,218.80712763577503,225.67978578147913,4605682
2012-10-10,216.98544311523438,220.67018910954442,216.28163208301183,219.01413593797608,3166031
2012-10-11,221.3325958251953,223.1128715104375,216.94405293945957,217.77207249275622,3026901
2012-10-12,215.57778930664062,222.7402477742385,213.79751371837605,221.0841947388333,3950912
2012-10-15,218.6415252685547,219.01415092620567,212.38989572953244,215.74342851522314,4836463
2012-10-16,221.62245178222656,223.3199174124727,215.37082169636528,215.37082169636528,5531155
2012-10-17,224.02371215820312,225.22437140982856,220.33898010871135,222.94727547215248,5558825
2012-10-18,220.1733856201172,223.40270987672787,217.93770175308276,222.16066639926962,5613056
2012-10-19,221.1670379638672,221.87084904279934,216.28164643690695,217.77209298833213,4471993
2012-10-22,225.1415252685547,225.59696123491693,219.26252223910555,220.25616247747243,3479900
2012-10-23,224.56192016601562,227.4600164650742,223.6096781107659,225.18293479337598,2610262
2012-10-25,223.27850341796875,226.59062406193814,222.32627521662627,224.81036219484724,3685328
2012-10-29,223.40267944335938,224.39633377895169,220.33897616247216,220.7943981456555,3389531
2012-10-30,223.73390197753906,227.29442511525457,222.57464102066888,224.18930990314163,2160230
2012-10-31,223.27850341796875,226.2594105956388,221.08423172751577,223.56831870573677,2174299
2012-11-01,232.8008270263672,233.42185570440645,222.9058644843602,224.23071818736523,4457307
2012-11-02,227.6670379638672,235.16070988240725,227.2944263793848,234.37408854161598,3185959
2012-11-05,226.46640014648438,229.77852036076695,224.43772143334067,228.12245324411444,1504611
2012-11-06,226.67343139648438,229.07472198542175,224.0651358986436,226.38361611260518,2133681
2012-11-07,224.4791717529297,232.6352581259178,223.03010927498235,224.39636137352065,13581248
2012-11-08,229.4058837890625,230.10972279429197,221.6638089407773,221.9122119869005,7712289
2012-11-09,228.370849609375,231.4345666758844,227.66703862920187,228.45365997229194,2626268
2012-11-12,231.8485870361328,234.33267358268648,225.80396335509857,226.54918651526032,3828795
2012-11-15,240.37728881835938,245.1384568684797,236.15433903378195,236.19575122268625,11744545
2012-11-16,249.56846618652344,251.67995556033028,241.90920026258024,241.90920026258024,13159619
2012-11-19,256.2755126953125,257.51757012277227,251.34872321838583,251.47293176493645,9327675
2012-11-20,255.86148071289062,258.75957707493836,252.96338435084292,257.51754779322255,8426669
2012-11-21,254.53665161132812,256.85514574752676,251.30734152158666,255.8615054034416,5267416
2012-11-22,254.8678436279297,257.97297294684626,252.67355822401151,254.45383386221937,5838235
2012-11-23,252.9219512939453,258.34554600130656,251.22450020041947,256.6480949077807,4043569
2012-11-26,256.896484375,257.931536730914,253.95697605898468,254.99202841489867,4285590
2012-11-27,270.5176086425781,274.5335817873736,257.10353551818906,258.75957454428084,12978506
2012-11-29,273.5399475097656,275.1959865719451,269.52400231550024,269.9380120810451,10961665
2012-11-30,279.0462951660156,282.11001180982925,268.94432950130584,276.27240774291306,11038178
2012-12-03,274.202392578125,281.53044442194397,273.53996569399897,279.4603674185617,4346318
2012-12-04,275.2787780761719,276.31380236641064,271.304217510356,273.25008560643795,5032537
2012-12-05,273.5813293457031,275.982619611173,270.4348159009571,273.25011592846437,4389614
2012-12-06,268.8615417480469,276.8934311290165,265.92203352816284,276.8934311290165,5776097
2012-12-07,266.99853515625,273.2501506486748,265.1768471109441,269.0272000708296,5173212
2012-12-10,263.2309875488281,269.9380533198724,261.3265311211573,269.52404349107866,3677246
2012-12-11,260.1672668457031,265.7978671345199,258.3455789562249,263.39657676934,6083673
2012-12-12,258.2627868652344,262.8997469375119,254.7850598015148,262.8997469375119,6887188
2012-12-13,263.14813232421875,264.96979198623376,256.97931435623474,257.93154235705595,6986904
2012-12-14,258.71820068359375,264.34880088760355,255.40606642356153,263.35516060959384,4032024
2012-12-17,248.86463928222656,257.6003694562906,248.0366196796998,255.8615058605468,7937945
2012-12-18,259.5048522949219,260.25007554049654,248.40921584932656,248.4920402395379,7377327
2012-12-19,261.6990661621094,264.01755990211586,259.42198461029733,259.42198461029733,5210100
2012-12-20,262.4029235839844,263.6449808986906,256.1512808954351,259.2564101631786,3384499
2012-12-21,254.49526977539062,260.70550095403183,253.29462452009238,260.043074051933,3786915
2012-12-24,255.5302734375,257.89015155990586,251.2245269632093,253.95700266386618,2180920
2012-12-26,262.8169860839844,264.01763144852515,255.6131138967396,255.8615310171411,3520174
2012-12-27,263.85198974609375,266.25328002940546,261.6577043453388,263.35515559752196,3829434
2012-12-28,264.1832275390625,267.8679596493934,259.9188648812699,262.27874319057236,4906816
2012-12-31,262.56854248046875,265.71508425338914,261.3678972370271,264.14181336692894,1901073
2013-01-01,266.7086181640625,267.45386923104525,262.89967865320693,263.7691101933149,1907995
2013-01-02,265.8392028808594,270.18636084724136,264.969771287583,266.8742551784953,3117675
2013-01-03,271.5941162109375,272.33933949813235,264.39024437130655,267.45396191492307,4080508
2013-01-04,270.7660827636719,273.0845771419818,269.7310581542789,270.890291324409,3642504
2013-01-07,270.6004638671875,274.20239962796245,269.3584064180058,272.9603421787808,3678613
2013-01-08,273.49853515625,275.5271998290469,268.8615753164095,270.60043876110524,3582034
2013-01-09,276.3551940917969,278.6322753997675,274.32650177226805,274.8647480089897,5683351
2013-01-10,273.29156494140625,276.52087516604706,270.64185724649195,276.18966170418275,2808174
2013-01-11,269.27557373046875,274.1195382487632,268.19913717084773,273.0845138791443,3081315
2013-01-14,272.17364501953125,273.2500814803418,267.702278469527,270.3519854733934,3629642
2013-01-15,285.83624267578125,290.3076104923317,270.1864412988303,272.00812939901476,10145407
2013-01-16,283.9317626953125,288.65154769778127,282.1928989635686,285.6706264270564,4544189
2013-01-17,292.7088623046875,295.60695874808243,280.12278017892794,282.4412741564709,8244694
2013-01-18,288.8584899902344,292.626017912865,285.8775693657715,291.38398868120447,5941208
2013-01-21,294.40631103515625,297.2630232994083,285.5049888579512,287.5336535469468,5710906
2013-01-22,291.17706298828125,293.86815509337055,288.9827771033428,293.6611501651368,5712140
2013-01-23,304.1770935058594,305.1707338666496,290.01776743118177,290.63881018045527,9453028
2013-01-24,299.6643981933594,306.04022332859773,297.7599134669047,305.5020048698708,5379301
2013-01-25,298.5051574707031,306.86829231714285,295.7726808227618,298.09114755665473,5253508
2013-01-28,295.896728515625,300.4095074515593,294.36487009097186,296.26935409380087,3187540
2013-01-29,289.39678955078125,301.0720302283865,288.4031490635328,295.8968228620573,4969870
2013-01-30,285.3393859863281,292.25345609934965,283.6419346135872,292.04645120209085,3826717
2013-01-31,281.19921875,287.6992787630312,279.377558916904,284.1387274061972,4743578
2013-02-01,272.75335693359375,287.16110101502454,270.5176589715549,278.59096287794114,17723635
2013-02-04,274.1195068359375,277.1418393325747,271.4284157452716,274.9061420895291,4477981
2013-02-05,268.90301513671875,275.8998825556969,267.3297720952869,272.87757699769463,6984046
2013-02-06,270.4348449707031,273.9539844023908,268.6545971949701,271.1386840722596,4258648
2013-02-07,265.0526123046875,270.6832119217985,261.78189057809226,270.43479486867824,3664561
2013-02-08,266.4603271484375,269.2756276431144,262.69277039740456,264.8042597874367,4097563
2013-02-11,261.8232421875,265.7978023912762,260.53980096929513,265.05257936257783,2525668
2013-02-12,266.87432861328125,267.8679689987334,260.0430825061018,260.0430825061018,2750476
2013-02-13,269.8966369628906,273.53998508384205,267.37113779289626,267.867972010232,3380578
2013-02-14,258.0971374511719,270.3520052002166,256.8551082310127,270.2692088598145,4873234
2013-02-15,262.19598388671875,263.52083787495366,253.91567449830183,258.09721335586073,3411604
2013-02-18,259.753173828125,262.89968673485794,258.3455240550613,261.65765766111673,2790086
2013-02-19,254.6608428955078,260.8296614040462,252.21814037713474,260.7882772496274,5057227
2013-02-20,251.72129821777344,257.84873169460207,250.93466293990255,257.7659073215328,8055927
2013-02-21,245.26272583007812,254.86788867484705,241.37098848368018,250.81053057006542,8843988
2013-02-22,256.3996887207031,257.76592648337635,245.2212854435953,246.17351346230956,7111174
2013-02-25,254.20538330078125,258.17994381933346,252.9633541672643,254.61939301195355,4017917
2013-02-26,258.17999267578125,277.8871222144272,250.56211161170117,258.26278902607544,11939183
2013-02-27,266.4189147949219,269.0272103727101,261.11952728085583,262.4857653291049,10651675
2013-02-28,267.37115478515625,271.4285129863795,262.6927818108443,270.2692798023372,10650518
2013-03-01,257.60028076171875,270.18633139967477,254.95057408508075,267.82645391456737,8427935
2013-03-04,261.6990661621094,263.43792945760373,254.4123995887025,257.5175286381093,4000021
2013-03-05,266.7086181640625,268.2404764050182,256.35823601086383,261.6576496176463,6147752
2013-03-06,265.3424377441406,270.72464883778053,264.01758405721114,267.66093169626726,5266181
2013-03-07,265.1767883300781,266.0462199633236,261.8232703215658,264.14176402290093,5579844
2013-03-08,267.37115478515625,269.8966541156539,265.3839019036623,267.495363347384,3345446
2013-03-11,266.0876770019531,270.3106273555217,264.14180854603563,267.5367393142934,4047760
2013-03-12,260.45709228515625,265.79789183238785,259.918873914539,265.79789183238785,2719091
2013-03-13,262.7341613769531,265.2596603937607,257.43477428778476,259.33923057059263,4611608
2013-03-14,260.4984436035156,262.8583497353726,255.86148376138283,261.32649117256955,5960918
2013-03-15,256.9379577636719,262.69276724070295,254.3710744135028,258.5940251047722,6735913
2013-03-18,254.6194610595703,256.9793675124162,249.3614858540029,252.5493839124352,5817743
2013-03-19,242.94422912597656,258.26278751479083,235.16072736880892,256.689516678177,17744473
2013-03-20,231.89002990722656,246.2563617094329,228.20529754845447,240.95697418605778,23077903
2013-03-21,246.6703643798828,251.39014921774984,235.9887652465325,235.9887652465325,12231265
2013-03-22,243.482421875,248.2021778128621,239.17664764269077,248.2021778128621,7059864
2013-03-25,238.9696807861328,246.33914511621015,238.14166116721987,245.92513530675367,5721358
2013-03-26,245.84228515625,246.75312896817766,236.361333619339,237.56197862686122,7365237
2013-03-28,241.57794189453125,245.84230400951967,239.0938553528221,245.5525027917007,4956778
2013-04-01,243.15118408203125,244.18623649459107,238.4728402635652,238.4728402635652,1611104
2013-04-02,241.61941528320312,244.26909518106143,240.37735767873315,243.4410754701152,3001840
2013-04-03,232.5110321044922,242.53018943885382,231.51739180026655,240.50152467483844,6268041
2013-04-04,226.54917907714844,235.61612131052286,225.26573767467235,232.67661291870218,7232391
2013-04-05,223.77529907226562,231.51738846451732,220.71158185455738,226.0523808890402,4795154
2013-04-08,232.34542846679688,235.49194211952798,223.4440918234142,223.56830036784447,4399187
2013-04-09,229.364501953125,233.91867962125195,226.88041523889046,233.50465582286438,4871185
2013-04-10,233.21485900878906,234.29129567077487,227.21163297998677,231.10338385973472,3875709
2013-04-11,227.87405395507812,232.88363954203055,224.9345452886684,232.38681939881758,4592096
2013-04-12,226.46640014648438,230.52374355374934,224.39632326017994,226.05237635781003,2235706
2013-04-15,231.5587615966797,234.99509004672782,224.27209496340558,224.3963034909674,3361243
2013-04-16,235.98875427246094,236.7753897151996,230.52376042557458,233.3390747299341,3446789
2013-04-17,236.85818481445312,238.88687768436438,234.74672363064542,235.98875302393307,3440184
2013-04-18,248.1194305419922,250.0652991521591,235.5747589942271,235.98876881970116,6751606
2013-04-22,249.03024291992188,252.54935402698337,247.5811806769877,249.2372478063346,3617448
2013-04-23,247.953857421875,254.82648835917885,245.51115439766278,248.98888206735418,6475297
2013-04-25,251.59716796875,256.52395798726275,247.2085963524235,250.06530912297754,5591278
2013-04-26,263.68634033203125,265.7978291576735,255.9442520220649,257.51752260400093,7871847
2013-04-29,263.4794006347656,268.4061904210458,259.132241422768,265.54947778514776,3679145
2013-04-30,263.9347839355469,268.3233547012086,259.91883877827024,268.2819425098177,3790188
2013-05-02,262.2787170410156,268.9443695390856,250.9761047397047,255.03346209131826,13188695
2013-05-03,263.06536865234375,274.4921901953211,261.7405149016137,269.9380264557212,8632202
2013-05-06,265.38385009765625,267.7437282051579,263.3965695660524,266.66729159338365,5561415
2013-05-07,274.2437744140625,275.5686281711042,264.0590102233852,266.8328982439009,6640496
2013-05-08,268.4475402832031,274.07816847873795,267.3297195129671,274.07816847873795,4053323
2013-05-09,269.1099853515625,271.42847947141837,266.6258985278831,266.6258985278831,3679327
2013-05-10,268.48895263671875,270.7660344087792,267.1640989428556,269.1099672914503,2559143
2013-05-13,258.1385192871094,268.9443236373222,256.8550780286415,266.5430337817194,3260879
2013-05-14,262.6927490234375,264.05901499936544,258.4283864300982,260.4156671016043,2737174
2013-05-15,267.1640930175781,268.7787479068965,261.0780710296619,261.0780710296619,3669284
2013-05-16,266.2118225097656,271.46982413795126,265.4251872671637,265.92202133113955,2848840
2013-05-17,261.2851257324219,267.8679831187744,258.88383501717936,266.95713904125154,2969012
2013-05-20,254.8678436279297,264.8042181952003,254.03982409650902,264.72142184966714,4133045
2013-05-21,252.09400939941406,257.5176057753787,250.68635907369918,254.20547086896107,3532737
2013-05-22,258.3869934082031,259.91885203517654,253.37740774443495,253.9570102252036,4259201
2013-05-23,249.41551208496094,256.5594522115518,248.46019454360143,256.0610489045604,7114423
2013-05-24,247.96180725097656,253.1121063540439,244.76363242932754,253.1121063540439,3215243
2013-05-27,256.8086853027344,258.2624062494323,249.20783042756318,249.20783042756318,3515446
2013-05-28,261.5021057128906,263.6619004642947,257.5147663612023,258.01319784425715,2858211
2013-05-29,261.6681823730469,262.6650170265287,257.18244049646995,262.4573466564094,2289709
2013-05-30,262.00048828125,265.0740550889466,254.4412072510715,254.4412072510715,2848487
2013-05-31,250.82772827148438,262.9558440752674,246.71578077734205,260.8375663886977,3290263
2013-06-03,252.03221130371094,256.22719284185973,247.87874696942913,251.11843902402165,1784790
2013-06-04,252.69671630859375,256.2687144323213,251.32608614422648,253.56897130360747,1453418
2013-06-05,251.24301147460938,254.19197017367503,249.29088745063137,253.9427544728574,4573757
2013-06-06,245.13743591308594,251.2014786617134,242.81148822201715,250.8276832200497,6559786
2013-06-07,239.48867797851562,246.63264527831814,238.15959329480964,243.47601641417685,4529987
2013-06-10,235.70907592773438,242.06388000114285,233.4246734630991,241.316260956304,4940861
2013-06-11,231.5140838623047,235.25219320454343,227.81749172259833,233.88154889316132,9030024
2013-06-12,230.72491455078125,234.0061517619116,228.10823384784328,229.4788781299669,5786891
2013-06-13,238.9903106689453,239.94560009804343,228.60665042518121,228.60665042518121,5118975
2013-06-14,240.44403076171875,242.85304105558652,238.49187845198298,240.90088874585075,2862901
2013-06-17,245.8850860595703,249.20784076793927,240.44405377687286,240.44405377687286,4389186
2013-06-18,242.52076721191406,250.4123266124735,240.61016019700088,248.46020239544012,3783624
2013-06-19,248.83401489257812,250.6615311654233,242.5622736025212,242.5622736025212,3808832
2013-06-20,239.9040985107422,245.05436957405237,238.07655393660025,245.05436957405237,7898653
2013-06-21,242.52076721191406,245.51124340473717,237.45353081113996,239.90408647910095,6272944
2013-06-24,235.45989990234375,241.73162806241953,233.92311631523546,240.07023659957426,5307277
2013-06-25,245.3035888671875,246.84037239325005,232.71860177640255,236.33210345238658,4755952
2013-06-26,230.68341064453125,244.2237018805307,229.64504449335163,243.39302021086252,10110244
2013-06-27,233.2169952392578,237.49506709862922,230.93257878722272,237.49506709862922,6356748
2013-06-28,242.35458374023438,244.30670771337853,233.67384698160083,234.46301126151803,4512772
2013-07-01,246.0096435546875,250.03849933887562,241.8561799236219,242.35458318294965,3514414
2013-07-02,251.57530212402344,253.90122168591367,242.56227240509986,244.9297654234234,5586795
2013-07-03,244.6805419921875,254.7319233184365,234.91989356995794,250.86919239957314,4859432
2013-07-04,250.16310119628906,252.1983159950948,243.47604722359767,243.47604722359767,3413730
2013-07-05,245.76046752929688,254.27506653451033,243.22684924232104,253.02901599279195,2146899
2013-07-08,243.8914031982422,255.60417690489632,240.98398946926815,243.5591249325149,5044558
2013-07-09,242.2715301513672,246.71572684711379,240.98396256350026,244.72205747534247,2830695
2013-07-10,240.98397827148438,244.2236701156472,240.1948139110288,244.2236701156472,3123772
2013-07-11,249.24932861328125,250.03849287096998,243.39295685880577,243.39295685880577,2979503
2013-07-12,253.776611328125,254.98111629194213,246.54958154522208,250.03848859515026,3779448
2013-07-15,261.2113952636719,262.6235710403064,250.91079584618137,252.61370459417918,3822989
2013-07-16,266.7354431152344,268.77062980969856,256.1025672782679,257.5147428040933,4192610
2013-07-17,262.5404357910156,272.0103518949118,259.25919860543985,269.97513705635356,6912776
2013-07-18,268.8536682128906,269.9751107183498,261.4605129983159,261.4605129983159,3838679
2013-07-19,274.0039978027344,277.36829722935835,264.49256531677895,268.8952166098128,6293753
2013-07-22,279.1958312988281,280.1926660314285,270.8473579934155,273.21485103141055,3923614
2013-07-23,274.2117004394531,280.27574356041407,273.17332032268587,279.48657917218065,3129509
2013-07-24,280.2757263183594,281.60483928452754,271.6365201664504,271.6365201664504,4830763
2013-07-25,280.02655029296875,283.1000889938794,276.7868302721505,279.943459633015,5327831
2013-07-26,280.1095886230469,282.3939908825064,275.00080737382467,280.6910544233713,2934628
2013-07-29,277.45135498046875,288.0842298017922,275.374623155189,279.94342754516805,5566137
2013-07-30,266.7354431152344,277.32677362301763,263.495751284491,276.20533101691996,3557068
2013-07-31,286.1736755371094,289.0811175029589,260.25605422605963,260.837548244867,15423344
2013-08-01,285.1352844238281,294.0652232490862,281.81250209768467,288.87337938051,14825967
2013-08-02,286.79669189453125,290.24408260806115,281.68793788870425,285.0937832686516,7003400
2013-08-05,279.40350341796875,287.751976775149,278.28206082081635,285.8829151559566,3784135
2013-08-06,268.2306823730469,280.69107457076,264.2018261670655,280.69107457076,5974287
2013-08-07,271.01348876953125,276.2053042616398,266.2370140162822,269.9751087942002,4690771
2013-08-08,280.19268798828125,282.51863587995126,269.14447066308213,271.5534810902651,4966485
2013-08-12,283.9307861328125,286.1321259604735,276.5791476406244,284.2630643733686,5109950
2013-08-13,287.7519836425781,290.28557368657295,277.119107636664,280.77416843276075,4174860
2013-08-14,285.1768798828125,292.23778723151975,283.4324257149091,287.41976560051194,3284156
2013-08-16,278.822021484375,289.08110223221394,275.62387487034545,288.0842674504252,9362242
2013-08-19,263.8279724121094,278.2404855978288,255.68717114044452,278.19894027764053,8009204
2013-08-20,264.5340881347656,268.93676764952073,250.32924302884192,258.34543774620454,7301715
2013-08-21,248.16944885253906,269.60132438563585,244.63899617175542,269.14443830296733,5402958
2013-08-22,260.00689697265625,263.32965201393085,245.71895747214595,247.54650227944725,5759879
2013-08-23,256.64251708984375,260.79595257271984,252.15674713659172,260.0068164266008,6355217
2013-08-26,255.064208984375,262.9142507753748,253.36127245300702,256.76711738755876,2872961
2013-08-27,244.14056396484375,254.81498449785704,241.8146444886101,253.36126372907353,6931145
2013-08-28,239.07333374023438,243.39295031532865,231.9293806096053,243.39295031532865,4976641
2013-08-29,248.6679229736328,249.95549078908334,240.90091449056254,243.7252939972191,9465005
2013-08-30,248.46018981933594,251.03532479996855,240.98394430571162,250.869171634151,6036400
2013-09-02,249.45703125,252.36447296959508,245.13744212811247,252.36447296959508,2835899
2013-09-03,236.74740600585938,255.77027113684483,235.08602894161922,254.19197066106702,5196862
2013-09-04,246.8818817138672,248.54324474018824,233.00930073398382,236.91356291502356,3793874
2013-09-05,246.05120849609375,256.68405598703225,244.2236641004331,251.69991048366637,8318190
2013-09-06,260.6297912597656,263.9940901283365,248.0032490126426,251.6583088581245,10362269
2013-09-10,281.06488037109375,291.9054259604327,267.1507681920292,269.1444375683134,13540881
2013-09-11,278.3652038574219,286.4644348936767,273.50563710747895,281.314163299809,6307373
2013-09-12,272.96563720703125,282.3524625104759,269.60133754131607,281.43869030054975,3496522
2013-09-13,270.59814453125,275.99763032296124,262.8311659279283,268.39680488994395,5393254
2013-09-16,278.9051513671875,282.18638910393537,271.63657394255824,273.2979654791755,3984483
2013-09-17,280.19268798828125,283.1001017567287,274.3778323231996,279.69425651883,3677563
2013-09-18,280.4418640136719,282.6847209240635,277.0775364558103,282.43550522462573,2487066
2013-09-19,294.31439208984375,298.0109977404023,284.9691131008321,286.58895883363044,9473616
2013-09-20,285.9244079589844,294.31442592910474,283.3492728663375,294.31442592910474,11382598
2013-09-23,278.4067077636719,282.6847802367896,274.1701806252384,282.35250194388175,5865483
2013-09-24,274.3777770996094,279.1127344654648,272.96560176736847,278.19896237417555,6043060
2013-09-25,279.1127624511719,281.5217726350406,270.05821566192935,274.1285889010036,3677757
2013-09-26,278.074462890625,281.77104176337326,273.46411157051296,280.35886588084236,5735740
2013-09-27,270.224365234375,281.18951991145997,268.7706443009862,281.18951991145997,5590554
2013-09-30,264.70025634765625,267.98152198354285,259.2177068518176,267.3169654152858,6173039
2013-10-01,267.9815368652344,269.3937126191553,256.6841027056776,265.24024790099037,4654219
2013-10-03,269.39361572265625,270.63963781301817,258.34540129594535,267.31688411054034,6084930
2013-10-04,272.7579040527344,275.9560779233365,264.40943261061835,264.40943261061835,4172051
2013-10-07,268.5214538574219,270.55664064009517,265.3232790890614,268.5214538574219,2690157
2013-10-08,275.873046875,277.9497788542857,268.3137660980749,275.12542786296666,4468155
2013-10-09,277.57598876953125,278.3236077959935,268.4383510074087,277.20216519220764,5809880
2013-10-10,276.5376281738281,279.3619794185913,273.38099865743476,275.1669978834704,3673190
2013-10-11,277.90826416015625,280.4418822608044,275.5823164464909,278.8220082372435,2296597
2013-10-14,276.7037658691406,281.18950822070434,275.78999364131244,279.86039520865796,1859046
2013-10-15,281.68792724609375,285.7583290404489,277.4514003800605,279.1127917377756,4620627
2013-10-17,289.62103271484375,290.74244716182034,282.020178528757,283.266228959845,6505452
2013-10-18,296.3497009277344,298.21876294556904,289.7041627133172,290.74251487423044,5157142
2013-10-21,293.1929931640625,298.6755698775127,290.7424377095928,294.5221060798302,2595830
2013-10-22,292.5284423828125,295.64352622743223,290.3271025893772,291.15781224194393,3184462
2013-10-23,288.9565734863281,294.81294778863423,287.0044487188927,292.1962663180472,2669052
2013-10-24,290.45172119140625,296.39118432071325,288.95648314091443,289.91177255494057,3339071
2013-10-25,285.3429870605469,289.9948547148469,284.0969365153341,289.2472356389939,2612230
2013-10-28,281.9371032714844,289.3302586117707,280.02649644717076,285.75828879192875,2300715
2013-10-29,283.432373046875,286.50593993884235,279.2789088352736,284.0138670375187,2519191
2013-10-30,299.0494079589844,302.7875315357115,277.61752945581543,282.8509193401457,21918676
2013-10-31,304.947265625,307.77161634809823,295.8096570351901,297.26337772108957,11596552
2013-11-01,305.0303649902344,310.5129134238804,300.95996383030933,303.20282071750324,5959996
2013-11-05,298.7171325683594,303.6182160955131,295.7266561806385,299.5478423313166,5977214
2013-11-06,295.3943786621094,302.99520565003394,293.0684306992994,299.2986273606854,5858839
2013-11-07,289.28875732421875,297.8033556573225,288.0842522093051,294.06523245542706,3727390
2013-11-08,285.7582702636719,293.19297044806166,284.80298097754644,287.46117847494685,3403437
2013-11-11,283.26617431640625,287.83497813541044,282.02012412568746,283.26617431640625,4793478
2013-11-12,280.56646728515625,285.71676611280253,279.15429175011286,283.05856823234825,2929093
2013-11-13,276.2053527832031,282.43554934511417,272.5918370896035,282.2694242716597,3578940
2013-11-14,282.35247802734375,286.3398172044921,278.32362164721656,278.32362164721656,3268860
2013-11-18,286.79669189453125,288.2504129034791,283.10011356406955,284.42922670045755,4041879
2013-11-19,292.0715637207031,294.0236878551938,287.4612136354925,287.8350372078817,5518304
2013-11-20,286.09051513671875,293.2759987995409,284.0137836407221,292.4868346428631,4265438
2013-11-21,281.3140563964844,285.7167357229626,279.6111481209428,283.22466316902137,2478236
2013-11-22,279.0296630859375,288.16730024525555,278.2820441087952,282.1032296472204,3655653
2013-11-25,279.23736572265625,283.847687504637,274.12858440156424,281.9786540982084,3516569
2013-11-26,271.6780090332031,282.89234813030356,269.97507285114386,279.11270853042805,6876493
2013-11-27,267.3999938964844,273.63018983423524,264.61716010532416,272.46723005200147,7019318
2013-11-28,268.81219482421875,271.4704210101707,266.90158772101904,271.3873303457194,6444942
2013-11-29,271.6365051269531,273.8793901652279,268.8952168180522,271.55344260321255,6981001
2013-12-02,276.28839111328125,278.78046364035725,272.4672057375829,272.4672057375829,3836570
2013-12-03,274.9593505859375,276.9114750477416,273.79636247340665,275.7900322707259,2866368
2013-12-04,275.9976501464844,279.7357732727331,273.380969583747,273.380969583747,4480939
2013-12-05,278.5728454589844,282.43554875469084,277.45140276685606,280.77418551087067,9374944
2013-12-06,276.122314453125,279.11281919115646,274.9593544524298,278.94666597494876,4762438
2013-12-09,279.40350341796875,285.7583072975858,277.94978257455585,285.7583072975858,5918717
2013-12-10,278.48974609375,283.4739200540578,276.6622297057303,279.9434670148631,3421539
2013-12-11,272.5503234863281,281.31413849561284,271.0550571645464,281.31413849561284,3164053
2013-12-12,268.81219482421875,272.8825966394109,262.12511215530026,271.67809141492484,4530513
2013-12-13,266.52777099609375,273.83786429651263,265.4063283972735,270.2243489111244,5027068
2013-12-16,260.29754638671875,268.72908136023386,258.76076318022945,266.5277417331988,4972532
2013-12-17,271.9272766113281,273.6717586265233,260.962149947927,260.962149947927,4711304
2013-12-18,272.2594909667969,275.7899432438722,268.81212933392953,272.42564412703274,3996392
2013-12-19,268.7706298828125,273.7963208188427,264.6587111635823,270.8889072362194,3503368
2013-12-20,272.3841552734375,274.0455465793217,265.7801635088036,269.1444633231028,3807279
2013-12-23,272.6748962402344,274.33625929551624,270.5150736376369,272.3841352030129,2997246
2013-12-24,270.5151062011719,275.7069507584532,269.35214629684526,273.29794028448663,2657958
2013-12-26,273.75482177734375,275.54082118373407,269.1029536329507,271.34583922499337,5657339
2013-12-27,273.464111328125,275.3746904476096,272.3426685551032,275.3746904476096,2806661
2013-12-30,273.8378601074219,277.20215972423176,273.29791148072854,273.58864439412207,3614597
2013-12-31,274.3362121582031,276.8698297616313,270.84730533649184,273.71320111952014,2339127
2014-01-01,280.56646728515625,281.6048473678504,274.2947539722772,274.9593104744371,1883623
2014-01-02,273.0486755371094,281.6048185300861,271.2211594074093,280.77413705154487,5276461
2014-01-03,273.5885925292969,275.7068694344098,269.1859418219991,272.4671782884056,4701341
2014-01-06,273.5885925292969,274.668489577965,270.59811704934805,272.8825189797119,2704888
2014-01-07,275.54071044921875,277.8666576507567,271.2211223459696,274.5439040624523,4110547
2014-01-08,276.122314453125,277.45142767002784,272.218065474615,276.62074597355837,6305970
2014-01-09,273.7963562011719,276.62073574676674,271.8442317840878,276.1223042447606,3730440
2014-01-10,274.5854797363281,276.7452742479561,271.63652088293327,271.63652088293327,3787879
2014-01-13,274.9593505859375,277.2852705546207,273.3395044236866,274.12864077295984,2555309
2014-01-14,272.4256896972656,275.7899893768711,270.80584378695073,274.95930782127937,2474603
2014-01-15,275.3746337890625,276.7868092345308,273.46402693449755,274.0455208690492,2800811
2014-01-16,262.1250915527344,276.579153110504,260.4637003170968,276.579153110504,10508913
2014-01-17,258.26239013671875,264.61716594318216,254.3996590065128,262.49891671708934,6504517
2014-01-20,256.3101806640625,259.84063275754096,255.1472211156104,258.4284575457853,5217898
2014-01-21,253.27822875976562,258.3454652743576,251.40916703317635,258.3454652743576,7842351
2014-01-22,257.3071594238281,259.0100965734202,253.52751767652896,253.52751767652896,5951157
2014-01-23,261.37750244140625,262.4158826305837,254.52429445431179,256.6840892437203,5278619
2014-01-24,260.13140869140625,261.46052161156,255.645666649979,260.0068289673023,5058323
2014-01-27,254.93963623046875,259.30077115928185,252.40601781273256,255.7703178823615,5568181
2014-01-28,254.19203186035156,257.0994459387838,250.99385668434326,254.93965101605187,5757925
2014-01-29,250.7861328125,261.46052539880503,249.9969684887048,257.51473190801266,8611443
2014-01-30,256.393310546875,258.0546735480396,249.29088808107406,250.86918855781704,9410790
2014-01-31,261.6681823730469,262.7065623518254,256.7670997562314,257.5147187142972,3675441
2014-02-03,254.0673828125,260.08990854672595,252.36447435200878,260.08990854672595,4028120
2014-02-04,262.70660400390625,263.9111092184814,248.75097289886313,251.61684133780105,7637040
2014-02-05,261.0867919921875,263.9111720278012,258.67780911790015,263.24661532862075,5097413
2014-02-06,261.75128173828125,265.3647969293913,259.59145918640456,261.2528503308546,7592592
2014-02-07,262.1250915527344,264.3679767528913,255.39649220863322,261.46053505847937,9224604
2014-02-10,255.02268981933594,261.5021021125271,253.6105141837694,261.5021021125271,10467267
2014-02-11,253.0290069580078,255.06422183253787,248.87554280483445,253.3612852153891,11167787
2014-02-12,255.81187438964844,256.2687605694207,250.57851224648857,253.4444090757969,7256213
2014-02-13,251.6168212890625,257.5978296816765,250.1215832550013,255.39648983097356,3673969
2014-02-14,253.69358825683594,263.74497136433695,250.86923685726865,252.5306283064813,14159920
2014-02-17,253.07052612304688,258.26236984181674,251.69989603317583,258.2208245158699,3867756
2014-02-18,251.07687377929688,256.3933257075744,248.7509541888601,255.0226673967461,7408301
2014-02-19,251.32611083984375,253.94279169745036,250.32927601863355,250.86922469743237,2544886
2014-02-20,246.63262939453125,252.53054602130308,246.00961835215062,252.53054602130308,4785876
2014-02-21,239.36415100097656,247.8787501838505,237.6612142874894,247.1311029663075,6257760
2014-02-24,234.91990661621094,242.5622782244789,234.17228758708242,240.8178244471174,7194628
2014-02-25,238.4918670654297,240.40247395439476,235.7505927146837,235.7505927146837,5895280
2014-02-26,239.40565490722656,242.4792217591087,236.8305195060203,238.61649052911358,8052633
2014-02-28,238.90721130371094,242.8530044008084,235.33522766750121,240.90085238571876,5039929
2014-03-03,238.11807250976562,241.64852526413605,236.8305048886323,241.23315637148121,3743907
2014-03-04,238.69955444335938,241.64851310214124,237.45350408447558,239.65484377920018,4211396
2014-03-05,234.8783721923828,241.2331619827,234.17228443790313,241.2331619827,8474738
2014-03-06,237.45350646972656,237.99345506742412,235.5013824528059,235.91672320054514,8311773
2014-03-07,250.7861328125,253.9843073069225,238.86568981345602,239.23951337573286,14249287
2014-03-10,253.48590087890625,257.4316947586705,249.9554759297908,250.82770286623608,10134303
2014-03-11,251.741455078125,254.8150221199981,248.21103001580616,254.8150221199981,4448609
2014-03-12,249.3323974609375,255.02264432041102,247.62948918686826,253.36125324315924,4115516
2014-03-13,249.95542907714844,252.4890187485365,247.5464191205981,250.038491596434,2283999
2014-03-14,245.0543670654297,251.11843848192007,241.19166380748956,249.70626286156772,4199008
2014-03-18,245.13743591308594,248.3771276723649,243.97444800345937,247.13107723438912,3444084
2014-03-19,248.95860290527344,250.78611903244735,245.55275821723416,246.67420071426048,5211552
2014-03-20,245.46971130371094,252.6136512224596,245.05434241042033,248.41867011542539,3582627
2014-03-21,242.9361114501953,249.20782498062502,242.18849239137867,248.62635911720434,5050188
2014-03-24,244.1820831298828,247.3387400331931,242.72839064503125,245.05430987206583,5319891
2014-03-25,244.9297332763672,246.21730074488167,240.52705418719577,244.22363155791567,7649439
2014-03-26,248.00332641601562,248.7924908267973,245.05436730472567,246.30041785481183,7887921
2014-03-27,258.0963439941406,262.0836846375556,248.83412263414488,250.45396922245848,14322728
2014-03-28,263.66192626953125,265.73865868641025,257.1825132529755,258.34550140846954,5662000
2014-03-31,263.9526062011719,271.8026762245635,262.37430563330105,265.4063270393088,6532401
2014-04-01,261.95892333984375,266.9846134196322,259.1760899625537,264.160262848406,3162658
2014-04-02,270.6812744140625,272.88261460319416,265.0325715252492,265.82170786398865,6702502
2014-04-03,266.4031066894531,273.0486420882418,265.3647549684762,273.0486420882418,4881760
2014-04-04,262.6650085449219,267.48299983962056,261.6681459021987,267.23378417893974,2500822
2014-04-07,263.70343017578125,265.5724918701406,260.83753370255124,262.6650500663879,3700298
2014-04-09,265.90478515625,266.6524042506051,263.41268400414975,264.2849109689286,4273679
2014-04-10,265.6140441894531,269.76750891978656,262.7066301294956,266.6524244361313,7003435
2014-04-11,267.69073486328125,269.102910401401,262.6235266835052,264.1603100820745,5656050
2014-04-15,270.1828308105469,274.4609031205777,266.3201274469578,266.3201274469578,7037546
2014-04-16,268.89520263671875,274.1285632791126,267.0676865698942,270.80580935108446,2618016
2014-04-17,270.4319763183594,271.5534187389437,266.6523364744013,269.9750902856635,2780516
2014-04-21,278.1159362792969,279.4450492668122,270.2658943409924,270.80584297614746,2331487
2014-04-22,278.48974609375,280.48341567787315,275.45772451467917,279.1127854189049,4003481
2014-04-23,281.43865966796875,283.68154461978,277.90823532735646,278.48970109930764,10125384
2014-04-24,281.43865966796875,281.43865966796875,281.43865966796875,281.43865966796875,0
2014-04-25,283.8476867675781,287.0043440201011,280.234171560469,281.81250018673046,5253995
2014-04-28,280.4833679199219,285.3013878637612,278.11590327200065,282.7262528522105,2061766
2014-04-29,278.28204345703125,283.76462011414475,274.6685283024875,283.22467151368534,4881096
2014-04-30,272.5087585449219,285.42603705422613,268.6045101380302,281.85406690291154,6630619
2014-05-02,270.4735412597656,275.4161692051377,267.5660998198139,272.508727765186,4679457
2014-05-05,266.0708312988281,272.1349010486312,264.65865606660697,269.9750788156643,2753659
2014-05-06,261.58514404296875,268.31377154421295,260.2975763778776,267.27539146940126,4024013
2014-05-07,258.34539794921875,262.49886111964463,253.56892374168268,261.25281091724526,6526369
2014-05-08,255.8533477783203,261.91738990442207,255.02263819555446,259.17610172483944,4040554
2014-05-09,257.0578918457031,260.6713792250605,255.4380177578986,255.8533866765221,4855275
2014-05-12,263.7864990234375,265.5724982276925,257.63936513733796,257.63936513733796,3154170
2014-05-13,265.1571044921875,270.5981641308006,261.3774641642285,266.77697847521097,5869623
2014-05-14,268.4798889160156,269.9751269276134,266.2370318986189,267.89839496564576,3047032
2014-05-15,266.9846496582031,270.80583532526,264.5340941406825,270.30740390493116,3376603
2014-05-16,274.7516174316406,287.41967900134375,270.80582407344684,270.80582407344684,15301025
2014-05-19,280.9402770996094,286.00751314823725,276.0391942324725,276.53759752057806,5477382
2014-05-20,288.7072448730469,290.6593688776547,281.06487390139046,282.43550398592134,8561464
2014-05-21,281.85406494140625,290.7009417903695,278.8635606620242,289.0810958537737,3802119
2014-05-22,276.28839111328125,282.8508647072178,274.71006257349677,282.35243332489347,4212270
2014-05-23,285.4675598144531,289.08110349432997,277.119114188826,277.119114188826,7182794
2014-05-26,282.02020263671875,289.95333574069883,279.2789139565387,286.6305530592119,6913231
2014-05-27,279.0296630859375,282.4355078735262,276.6206811054492,282.4355078735262,4371841
2014-05-28,283.7646484375,285.7583179896593,277.65906004617483,280.35880331794107,6017145
2014-05-29,280.400390625,289.7872176780829,278.69748187438364,284.2631224445462,8026940
2014-05-30,285.8414001464844,288.1673481170228,281.6048731534301,281.6048731534301,4834916
2014-06-02,300.3785095214844,303.20286069770896,283.47391966696637,286.58900377574207,6886379
2014-06-03,299.2155456542969,304.1581742105632,295.352814408108,302.95366903729445,6487420
2014-06-04,293.982177734375,300.0462206702556,291.28240639009124,299.0493859147303,6266080
2014-06-05,295.0621032714844,299.0494145471647,291.157854534671,294.0652684205173,8150401
2014-06-06,295.64349365234375,304.98880041287026,291.90539907631387,298.8832131224773,7173403
2014-06-09,296.05889892578125,301.9568165836749,293.64988872026504,298.50942633114033,9484266
2014-06-10,300.3369140625,304.4488318905697,295.93423524945405,301.1675954408805,9441767
2014-06-11,295.1866760253906,303.20284295659184,290.95012138075845,301.5414517359698,5407848
2014-06-12,284.096923828125,292.9438007323101,282.1447996260795,291.5731705091538,6972595
2014-06-13,276.8698425292969,285.3429224357397,273.50554338581566,284.42915036765675,6868987
2014-06-16,276.32989501953125,278.61429707016384,272.4256473106152,276.20528717994324,5279321
2014-06-17,280.9818115234375,282.6016573071516,276.6206774410601,276.6206774410601,4378378
2014-06-18,282.6432189941406,286.50595041576514,279.40352691676975,279.94347559633155,6554028
2014-06-19,280.89874267578125,286.42286502770855,279.44504995427184,281.48023664129596,4779752
2014-06-20,281.39715576171875,282.3108997871603,276.86986844810133,279.19581603030184,3061729
2014-06-23,283.72308349609375,285.4675370286653,279.9434154234014,279.9434154234014,4876509
2014-06-24,283.2247314453125,286.92130990640504,281.3972148822916,284.927668259559,3514105
2014-06-25,279.9434814453125,281.35565710814757,275.83156232826144,280.77419121227814,6295558
2014-06-26,281.1479797363281,283.2662572422193,278.4066910167813,278.69745208570356,4760973
2014-06-27,275.54071044921875,282.3523989039191,273.42246171711713,282.3523989039191,6976862
2014-06-30,279.8603515625,280.7741236478191,275.78995062996165,275.78995062996165,5137323
2014-07-01,278.69744873046875,283.889265038136,277.99134686094345,280.15114154483103,2348339
2014-07-02,280.89874267578125,282.3524635254755,279.1542889074221,280.5249472272385,3235504
2014-07-03,279.9019470214844,284.2630816131588,279.11278263628,282.4355371151726,4085387
2014-07-04,281.8125305175781,286.755159178096,280.3172923841154,283.47392184819586,4634232
2014-07-07,286.1321105957031,288.1672971297082,281.77094837452194,282.89239089220234,6165692
2014-07-08,282.8924560546875,288.5411590137746,280.6080532954041,286.1736937117256,4422166
2014-07-09,283.6815490722656,286.4228373185152,280.8156529791617,283.1416004880181,2913994
2014-07-10,277.4928894042969,287.0043213529826,273.2978805933246,285.75827105549325,6605423
2014-07-11,278.69744873046875,279.86040860759596,274.41937656619194,276.62071658176455,4222483
2014-07-14,275.873046875,278.28205709609875,271.3042421462083,276.66221121532914,3951757
2014-07-15,277.90826416015625,278.7389457080873,273.75480016413184,276.7037590387455,2791094
2014-07-16,279.2789001464844,280.35879743252116,274.1286013089499,276.6207022609266,4598577
2014-07-17,279.61114501953125,282.2693707159477,278.69740103252445,279.90190603519045,1603948
2014-07-18,279.3204040527344,281.6463514698209,277.5344051985917,278.7804554897905,2182944
2014-07-21,280.1095886230469,282.4355080807107,277.53442533524213,279.94343544568056,1682610
2014-07-22,294.18988037109375,296.39122051480507,282.435560535995,282.435560535995,10834823
2014-07-23,294.3559265136719,296.30805038563847,290.53474128748223,294.18980147818485,5618523
2014-07-24,294.5635986328125,295.72658640089617,291.6977307921757,294.0651953951916,2281668
2014-07-25,294.72979736328125,297.3049327241086,291.697775889227,295.3112632090379,3469073
2014-07-28,294.0237121582031,296.5573304608803,291.73930959105144,296.14198965379575,3800382
2014-07-30,309.9729919433594,310.9283094888155,297.38802007396447,297.38802007396447,12472425
2014-07-31,309.7653503417969,311.6759574820857,307.3978851790925,310.6791226430029,9190997
2014-08-01,315.7048034667969,321.5611763060021,307.39787488091946,307.7716703529357,9349848
2014-08-04,313.0881042480469,321.1458166268602,309.8483842879312,317.78151693551905,7246998
2014-08-05,311.3020324707031,315.8293190408664,310.2636807649922,315.37243303908224,3432741
2014-08-06,305.4042053222656,313.503463507713,303.49362637384104,311.5097938959934,5823989
2014-08-07,303.8674011230469,308.14547299170636,301.74915191721664,304.8642358609254,7882178
2014-08-08,310.6790466308594,311.80048906647374,300.08771773318534,302.2475119586792,5987141
2014-08-11,312.7142639160156,315.6632226701203,309.34996440491824,313.12960467300826,4623445
2014-08-12,307.31475830078125,315.24786189132294,306.35944086655144,315.24786189132294,3758284
2014-08-13,306.193359375,314.00185623131193,303.7843490409919,308.8515854340946,5088251
2014-08-14,303.3690185546875,307.3148124470983,301.7076272113272,305.65342110373797,3085046
2014-08-18,312.58966064453125,312.7558138266735,301.54144445441557,303.11977310793947,2941081
2014-08-19,313.2957458496094,319.15211780647456,311.8005079304486,311.8005079304486,5532857
2014-08-20,311.13592529296875,320.6058115305072,310.3052157525797,316.0785247007002,4836047
2014-08-21,311.1192626953125,314.38889730276077,308.8556476684951,312.3768297533398,2560698
2014-08-22,306.0889892578125,312.20907767679466,305.41829074776604,310.2389114490907,3123067
2014-08-25,309.4424743652344,310.5323524207925,306.0051513656214,307.5980675318403,3003476
2014-08-26,309.86163330078125,314.9757023495998,306.13089057631754,308.771755317555,2818960
2014-08-27,309.3586730957031,313.2151759563599,306.4662888531711,309.77785263504796,3472892
2014-08-28,310.0293273925781,312.8797819184157,308.646001044709,308.646001044709,4787890
2014-09-01,315.0595703125,316.90397724445774,310.0712601853702,310.1970197197559,3447961
2014-09-02,328.3057556152344,330.7370303984563,315.10143311402084,317.40694838940016,6636891
2014-09-03,339.12078857421875,342.80963065623797,327.2997619329424,327.2997619329424,13661124
2014-09-04,339.12078857421875,342.0131725672826,333.9228889254512,340.2944968607835,6719459
2014-09-05,336.2702941894531,341.8035424651948,331.5754048211229,340.0010367484776,3055188
2014-09-08,338.49200439453125,341.6358789179954,336.64756924076937,338.9531131829717,3569223
2014-09-09,340.462158203125,344.5282501544225,335.0965985416046,335.18042875784244,3943462
2014-09-10,341.84552001953125,345.24091409920896,338.40819662982153,341.1748213879704,5147073
2014-09-11,340.4202575683594,346.87572413721153,337.1086940606359,341.8454849170367,7838854
2014-09-12,347.08526611328125,348.4266630540181,340.5459702212651,341.17473939167866,4618781
2014-09-15,345.03125,347.50445421963184,342.1807956239801,344.1928910852244,3619408
2014-09-16,345.66009521484375,350.06153690034927,343.27072087974346,344.98939663532326,4342129
2014-09-17,347.3786926269531,350.6902557415526,345.45045577924196,348.7620188938414,4378000
2014-09-18,348.6781921386719,351.27715609497983,344.8636190074443,347.0433750824315,3643270
2014-09-19,347.88177490234375,352.1155276781993,343.0192244760893,348.34285532842864,3862700
2014-09-22,348.0494384765625,350.52264301798283,343.2288173130872,347.50449943342585,2386534
2014-09-23,340.7974853515625,348.04938054290767,339.91719716777897,347.9236210326312,2182556
2014-09-24,337.9889831542969,342.4742833511387,331.32395520592434,339.6238002590616,3474338
2014-09-25,340.58795166015625,350.4387837239234,334.80318356470497,338.0309168989518,6393950
2014-09-26,339.5818786621094,342.68385223575916,336.6475655252307,339.5399493588397,4018112
2014-09-29,338.07281494140625,341.1328591553312,335.012742339328,338.5758246305933,2435380
2014-09-30,339.7076416015625,342.8515161219586,336.1864885124049,338.0728245799042,4148252
2014-10-01,338.0308837890625,341.5520367585624,336.7733169907469,338.7015822964104,4642350
2014-10-07,338.19854736328125,340.00105316704105,335.34809287465197,335.34809287465197,5427769
2014-10-08,335.09661865234375,340.79752790910743,332.9168341822681,335.3481093161505,6679826
2014-10-09,339.4980163574219,342.01312138836,334.593537417164,334.593537417164,3174456
2014-10-10,328.8927307128906,337.02491657278324,327.3836445166285,336.06079788361575,2947378
2014-10-13,328.26385498046875,329.9406012511987,318.580684300714,328.38961449929263,4680304
2014-10-14,334.0067138671875,335.59963001991133,329.14416357548953,329.14416357548953,2715018
2014-10-15,334.0067138671875,334.0067138671875,334.0067138671875,334.0067138671875,0
2014-10-16,325.41339111328125,337.2344164952326,322.01799775574005,334.0066835658441,4298043
2014-10-17,331.95269775390625,335.34809121954044,326.96438822934806,326.96438822934806,5080864
2014-10-20,336.7733154296875,338.15664174023783,333.9647902828207,335.34808820521795,3650660
2014-10-21,344.2767333984375,347.9236459045539,338.45006492677663,338.61775374851646,4542123
2014-10-22,343.2706604003906,347.9236203304707,341.384324526354,347.0014312372237,2854861
2014-10-27,347.5464172363281,349.4746542826325,344.6121039736492,344.6540332787165,2755722
2014-10-28,341.8035888671875,347.9236778536971,335.47388173721595,347.9236778536971,3408381
2014-10-29,339.623779296875,344.98936747958226,338.1147218145655,344.5701879998467,2572044
2014-10-30,341.6358947753906,343.73182068436944,336.563754643425,340.04300698193384,6382703
2014-10-31,334.42596435546875,347.0853514156765,332.07851913225295,345.576265292387,16904947
2014-11-03,331.7850341796875,338.5758210466732,329.89869818593525,336.56372553491707,5739253
2014-11-05,322.39532470703125,334.7612909193831,320.71857823298825,334.50977185123753,11873813
2014-11-07,327.6769714355469,328.76684926932893,317.7422830412844,323.9462292226431,8290910
2014-11-10,328.01239013671875,331.32395363638386,323.5270899611246,328.64115939215225,3727030
2014-11-11,322.77252197265625,329.8148276202423,321.0538748612914,328.7249496879399,4608206
2014-11-12,324.7007751464844,326.16790317650754,321.5149716807371,322.227571046261,3122243
2014-11-13,327.7189025878906,328.59919079550247,315.227207255185,326.33560471370856,5146041
2014-11-14,325.5810852050781,330.5693946516597,324.44927793817453,324.91038670529474,2872915
2014-11-17,329.647216796875,331.1562744089556,322.9402593798812,325.12001557247686,2310461
2014-11-18,334.9289245605469,339.03694599605245,327.80278810153055,330.3178934171743,8324287
2014-11-19,336.81524658203125,341.88738630560636,331.44968690679707,336.35413780931475,6340864
2014-11-20,333.46173095703125,339.4141585116532,329.5213987868832,337.4439924265792,3294101
2014-11-21,336.6475830078125,337.27638064874304,330.94667365107773,334.00671808037015,3186377
2014-11-24,334.8869323730469,338.8691935367774,332.07840762086477,336.1864282849861,2850647
2014-11-25,338.3662109375,341.8873636769653,334.0905295235994,340.2944477290399,6439812
2014-11-26,329.77294921875,338.03089287578325,328.2638633425744,337.36019435040606,4162084
2014-11-27,323.1078796386719,330.4855347184543,321.4311333959593,330.4855347184543,5302552
2014-11-28,320.50897216796875,327.2159293348014,317.8681072512505,323.61094589011185,6057648
2014-12-01,316.736328125,323.19176681193585,315.3111006645555,322.5629975056639,3176480
2014-12-02,322.22760009765625,323.4432376078797,316.19134184929453,316.61052132423634,3677823
2014-12-03,317.2392578125,324.74267183731286,316.06554972610354,324.4492519127514,7485703
2014-12-04,310.1131896972656,320.7604801616715,308.60413205995627,318.58072393263427,5866566
2014-12-05,308.3525695800781,315.01762525148564,306.04705414115074,312.7120814244055,4821637
2014-12-08,309.9874267578125,314.3050382490762,307.2627315014447,307.68191101963106,4263114
2014-12-09,296.9088439941406,312.08333471570245,295.6093762075379,307.0111947069618,6530448
2014-12-10,296.1962585449219,303.19666497151326,292.2978546270495,301.8133383775646,5831543
2014-12-11,287.81256103515625,299.7174196366993,286.72268281255407,295.6932560754113,5011388
2014-12-12,291.71087646484375,294.47750022366364,289.27960190067313,289.27960190067313,4315126
2014-12-15,293.3876647949219,294.6452031652985,285.8842503209932,288.8185349066909,3772552
2014-12-16,293.4715270996094,294.8967544414421,285.88428158229135,290.9144923901533,3775593
2014-12-17,286.7645568847656,292.9684756961964,285.12973986577737,289.32159147822864,6079742
2014-12-18,291.92047119140625,292.7588299983965,288.0220402849746,288.52507827968765,5392525
2014-12-19,287.64483642578125,292.4654571173512,281.52471963103005,292.21393807955445,5594541
2014-12-22,292.423583984375,293.13621193229795,288.3994205474224,289.1958787279955,3422665
2014-12-23,297.7890930175781,298.8789709134692,292.63312346758545,293.42955304586275,5122234
2014-12-24,296.0285339355469,299.6335170621373,293.8487780165923,299.6335170621373,6101722
2014-12-26,297.0345764160156,299.04664348115693,292.96845620859455,298.4598035983938,1285099
2014-12-29,294.4355773925781,301.3521227473941,293.4295297865442,295.94463460755463,1342543
2014-12-30,293.22003173828125,296.78311457487837,290.99834612902225,296.28007642054774,1135504
2014-12-31,295.69317626953125,296.3638747467549,293.2619013866336,293.2619013866336,2422916
2015-01-01,304.2445068359375,305.9212528502361,294.81285663624976,297.1183717603545,2460188
2015-01-02,306.04705810546875,307.6818750682678,303.49002359989186,304.9990810442982,2795887
2015-01-05,299.2562255859375,307.053088171799,298.1244467619234,307.053088171799,1605267
2015-01-06,296.9088439941406,298.5436610535591,292.0881946488957,298.5436610535591,3916948
2015-01-07,297.6214599609375,300.13659384060986,293.8488159177417,295.0644251624363,4899318
2015-01-08,302.7774658203125,304.2865234722568,296.0704798379888,298.9209630745549,7096620
2015-01-09,298.2921447753906,305.9213195117666,296.7411579227165,303.90922385616426,3831782
2015-01-12,292.5492858886719,298.20829388222387,290.99829914350914,298.20829388222387,2276975
2015-01-13,290.32757568359375,295.3578140415489,288.650857952426,293.34571869836685,1604173
2015-01-14,289.9084167480469,291.9205122334891,288.94429830682975,290.8725635774167,3415213
2015-01-15,292.8846435546875,295.60936695660433,287.8125037046767,290.1599485409246,4966049
2015-01-16,287.43524169921875,295.1063167254385,284.29133894581037,290.91446531299584,9779165
2015-01-19,293.8068542480469,295.3578410014698,286.63878877329984,288.3155350456697,3385131
2015-01-20,297.5376281738281,299.29820484746654,291.7947893311207,293.80688506903783,2891041
2015-01-21,309.3586730957031,310.1970321743928,297.20229612575537,297.6214756651002,5052826
2015-01-22,310.1970520019531,313.5086159955027,302.7774941944548,313.0056061937684,2502844
2015-01-23,322.0179748535156,325.0780187489657,311.8736964153246,312.67015436278643,6269436
2015-01-27,330.48553466796875,331.1562331649513,319.92207592272257,320.8442934531118,5268554
2015-01-28,313.2151184082031,331.7431004588208,311.53837217074056,330.06635422135827,4490563
2015-01-29,315.0595703125,318.9999032451869,304.37035054759707,314.22121126747106,7542171
2015-01-30,313.2989501953125,319.251378077062,306.9692721508361,319.251378077062,5409140
2015-02-02,301.2264404296875,313.0055369276009,298.8789956353633,310.19698335730095,4157252
2015-02-03,311.4964904785156,313.5504870035552,301.89714961338,301.93905052930666,4242370
2015-02-04,309.31671142578125,316.31711687545743,306.00514799036023,314.38885145278533,5535031
2015-02-05,305.75360107421875,311.78985850794675,301.85517002944147,310.19694265235825,8259274
2015-02-06,308.7298889160156,310.197017233055,300.9749542590384,305.9213350390013,3318996
2015-02-09,298.543701171875,306.5920564128351,296.1543550245795,306.00518800950556,3030260
2015-02-10,298.5855712890625,303.32236172247246,295.9446781917027,297.87294348428304,6847286
2015-02-11,298.543701171875,302.3582748231206,291.7529129700043,299.2563007297707,3489433
2015-02-12,295.69317626953125,301.68750487600846,292.84272193540687,300.9749054865533,4361948
2015-02-13,297.6214599609375,298.8790269007737,292.842768043504,296.61541208669985,3377769
2015-02-16,302.9450988769531,306.3824217849778,295.1063345587001,295.9446935365895,2355833
2015-02-18,295.1063232421875,304.78949397336703,293.84878482357647,304.3703145004967,3408770
2015-02-19,299.046630859375,300.471857981599,293.5972413885629,297.5795028262377,3057263
2015-02-20,292.8846435546875,300.80723794035083,291.96245437441985,297.62143414237715,4072136
2015-02-23,291.16595458984375,294.18406912993936,289.4053783120714,291.75282281181785,2410807
2015-02-24,286.7645568847656,293.30382496071866,285.12973986577737,290.15995044545724,7390936
2015-02-25,292.25592041015625,293.8488367543576,288.9443565681952,290.8306929176301,2882686
2015-02-26,292.8846435546875,295.60936695660433,290.28570806281425,293.4295825574401,4571845
2015-02-27,297.7890930175781,300.2203678278431,291.2078679549498,292.5911941684546,3711112
2015-03-02,292.6331481933594,304.328386106877,289.6569341836763,298.71130734443943,4619840
2015-03-03,292.80084228515625,293.93264970591025,288.1478814559735,293.4296115686166,2293482
2015-03-04,294.4775695800781,300.47189881253706,292.8427525166802,295.10633882258,3694564
2015-03-05,291.6689758300781,295.0224681060939,288.44127145108274,294.6032886686297,3879220
2015-03-09,287.938232421875,290.70485644300214,284.2913202298506,290.70485644300214,3823862
2015-03-10,308.4783935546875,320.5090113302271,285.6747250458666,286.764603234683,12896222
2015-03-11,326.5871887207031,330.31793202019065,303.6996623808107,310.1970303672777,14318713
2015-03-12,333.5036926269531,335.26426916221504,324.49122020960334,326.5032874012212,18411651
2015-03-13,335.5576477050781,337.61167233479705,326.4613461916746,334.46776983092747,12653947
2015-03-16,325.62298583984375,335.26425547485815,323.7785791610955,335.26425547485815,15605904
2015-03-17,324.0719909667969,328.97647007052086,317.7423130732523,328.8088096440074,13158523
2015-03-18,320.467041015625,327.21592744883617,319.83827176902713,323.5270854148541,4777244
2015-03-19,320.21551513671875,322.7306488458134,318.37110835311654,321.09580341845555,4636137
2015-03-20,318.7902526855469,325.11995878807255,316.5685675741428,319.4190502375536,7256601
2015-03-23,321.3055114746094,326.8806626898721,316.9040404459336,321.93428088377914,3546841
2015-03-24,330.192138671875,332.4138240557626,319.92209912855503,320.0897879590405,8101985
2015-03-25,331.15625,333.2102748969872,324.4073637736142,324.4492930773644,11374656
2015-03-26,335.0547180175781,338.28245150009286,326.96443385122006,326.96443385122006,12656646
2015-03-27,315.64642333984375,339.1207877297735,311.11922226271656,336.1865028265905,9357286
2015-03-30,326.4613952636719,329.39568010528626,316.56860592454365,318.58070155841597,5166621
2015-03-31,329.7309875488281,331.74308292745155,322.7725123222022,326.16790553103476,6709861
2015-04-01,337.2763671875,339.4141939168738,329.52143316016287,329.7310229027229,6096908
2015-04-06,336.01873779296875,342.9772124703419,334.0485718691343,337.2763044023828,4825167
2015-04-07,339.3303527832031,343.731794011703,332.1622872984814,337.0248373010438,4691848
2015-04-08,351.40289306640625,354.50486653778796,341.21668441785016,341.21668441785016,6392808
2015-04-09,341.38433837890625,352.5346652661651,339.749521458578,351.4447873192796,5176227
2015-04-10,345.3666076660156,347.0014530107409,336.6056545956081,341.21668551562817,5103339
2015-04-13,356.89422607421875,357.98410408411104,342.05505664196875,342.9772742141026,4307880
2015-04-15,348.0494384765625,356.307382736522,343.01922755712354,356.307382736522,3883730
2015-04-16,350.4388122558594,354.5887635629581,347.46259774122575,348.88782522794054,3429760
2015-04-17,340.33642578125,356.0558558501978,338.61777846485114,352.07362218623786,6165372
2015-04-20,337.2763671875,341.71970947318806,334.300153099732,338.53390564286,3642501
2015-04-21,333.92291259765625,343.6899433328023,330.31792887123777,333.377973527246,4315761
2015-04-22,334.8450927734375,336.43798049768986,327.97044700645245,332.8329971750778,4659581
2015-04-23,335.2223815917969,337.77941649423894,332.8330355359557,336.85722719648567,6374398
2015-04-24,334.635498046875,338.03089157594434,331.11434499626176,335.34809748475186,8213565
2015-04-27,327.80279541015625,338.4500852260946,322.05995681084875,334.46782322580657,16825758
2015-04-28,335.9768981933594,343.3126243204571,321.43114868556023,326.1260383884784,5756976
2015-04-29,324.7426452636719,337.44395701143804,321.85029038871676,330.31782209117813,12480808
2015-04-30,319.50286865234375,325.2876072001731,311.70603478868236,324.82652686325974,9124401
2015-05-04,329.3956604003906,330.4017081571436,313.21512285262395,313.21512285262395,5025010
2015-05-05,324.4912109375,328.64113311256375,320.676609627996,328.64113311256375,2710648
2015-05-06,327.132080078125,339.53994585658677,323.6109270607133,329.7310155383466,15076384
2015-05-07,330.02447509765625,335.7673140915265,323.066026833473,326.8806002640445,8782001
2015-05-08,333.6294860839844,335.34813349058703,330.40175264498066,332.83302795412783,6371723
2015-05-11,332.1622619628906,337.65358075406033,330.90469525574554,332.83296042161453,4799566
2015-05-12,328.26385498046875,334.8031512422389,326.08409902259643,332.4138055490445,6930590
2015-05-13,320.71856689453125,335.34811903852085,319.16758000939353,331.99465459714753,6440531
2015-05-14,323.61090087890625,328.8087997669658,319.3351910852733,320.25740856785126,5484794
2015-05-15,328.6411437988281,331.1562490893811,324.4492921851884,325.2876511526547,4322623
2015-05-18,333.2102966308594,335.18046304885155,328.6411661383784,330.3179125754428,4866514
2015-05-19,333.6713562011719,339.5399541699301,331.24008111646435,334.425913341795,6042689
2015-05-20,335.8092041015625,338.5758283932202,332.7072305506689,333.0425798099048,5645720
2015-05-21,332.37188720703125,337.61171592733206,329.89871121578307,336.1864886472515,2829064
2015-05-22,331.0724182128906,334.2582220263526,327.5093358319255,331.5754279147408,3589617
2015-05-25,335.2643127441406,342.8934881847309,328.89270430142085,331.0724606021159,5979086
2015-05-26,335.8092041015625,341.1747638611831,333.8390378491093,337.0248416177734,6978361
2015-05-27,342.6838073730469,346.3307194709952,335.47381338456114,335.47381338456114,5615442
2015-05-28,337.8631896972656,346.0373027884128,335.30618361456504,345.40853359314076,8018965
2015-05-29,356.8104248046875,364.6910905581129,337.27639248432905,337.65364269397037,75197864
2015-06-01,349.2650451660156,352.911957695523,343.8994854345334,348.7201061711343,4727277
2015-06-02,350.52264404296875,355.8882042652705,346.03734376539467,352.4089802403133,4759119
2015-06-03,352.7023620605469,354.63059896768357,343.06109236040413,350.5645070313576,4054895
2015-06-04,349.097412109375,355.8043693967604,347.08531640671265,352.53470678289517,3630919
2015-06-05,348.42669677734375,354.0856766350868,346.91761087887846,349.60040502001283,5527337
2015-06-08,344.19293212890625,350.35495037413057,342.0970062038838,349.8938415607576,3158812
2015-06-09,342.01318359375,345.4085774224786,337.7375014246786,345.4085774224786,3013310
2015-06-10,347.965576171875,350.89986087300167,342.1389076840578,343.5641349261083,3796042
2015-06-11,344.19293212890625,350.18728992644355,342.9772945246301,349.68425180707095,3434353
2015-06-12,347.7560119628906,353.24733159755186,341.6778239896626,344.65403821185316,2529220
2015-06-15,346.7918395996094,350.774101372309,345.0731924037995,350.2710916819743,2604882
2015-06-16,347.33673095703125,348.1750897201437,343.01912087307835,346.2887541149935,4285319
2015-06-17,354.0437927246094,355.88819959115233,347.7140856394007,348.42671351292626,4864718
2015-06-18,357.52294921875,363.3915463825425,347.00142065492633,350.52257327557174,6872461
2015-06-19,363.8526916503906,366.61931589991025,357.5649144266012,357.5649144266012,3747410
2015-06-22,355.8882141113281,365.5294851213643,355.049855061828,364.6072674563886,4135774
2015-06-23,360.7507019042969,364.02033569372014,359.0739557091495,359.6188946740534,5811630
2015-06-24,356.2654724121094,361.672961782408,354.9240752988329,359.66086611249335,2864319
2015-06-25,357.7325744628906,360.0800192391851,354.21142149252546,356.72652670162154,4373706
2015-06-26,350.3968505859375,359.19973306247886,349.8099822914503,357.4810858696887,2623558
2015-06-29,347.0014953613281,348.76207205068766,340.37836812266,346.2888674688938,3194613
2015-06-30,352.15740966796875,353.79222656303847,347.0852701691322,350.06148402061353,5214359
2015-07-01,355.8462829589844,359.1997759159152,352.3670588558058,355.21751367511865,3142082
2015-07-02,363.14007568359375,367.33192730283696,356.7265387318101,358.8224645414317,4975741
2015-07-03,364.7749328613281,367.03854774674875,362.5951765925211,363.8108142636877,3975749
2015-07-06,363.09820556640625,367.3738877675449,360.2896516847381,360.91842096451114,2229083
2015-07-07,362.0502014160156,365.6132838456928,361.0441536104072,363.0143199174991,1311090
2015-07-08,360.7507019042969,363.01428797663175,354.79827420263786,359.5769937617697,3088205
2015-07-09,363.76885986328125,371.31417546635885,360.75071658915834,362.4693637665493,6238280
2015-07-10,351.5286560058594,365.52946719590864,350.14535796438923,365.52946719590864,5725932
2015-07-13,355.2174987792969,357.90029303234024,351.7382748220174,353.79227142940647,2771223
2015-07-14,354.0437927246094,356.7265586064476,352.95391464946323,355.2175010236538,1532422
2015-07-15,354.5887145996094,357.8164193627954,352.57661899450204,353.7922565407351,2387269
2015-07-16,356.01397705078125,357.4811337895931,351.61253522250274,356.642746343919,2347739
2015-07-17,357.0199890136719,360.49921281792376,353.9180153920643,356.30736117599264,3436416
2015-07-20,360.0381164550781,362.59515115478644,356.39120369742625,356.39120369742625,2266929
2015-07-21,373.2843322753906,379.32059028339967,363.76885069811635,368.8828911874515,6657689
2015-07-22,368.3798828125,376.2186465843764,367.0803867439325,370.97881817333007,3125401
2015-07-23,362.93048095703125,369.84702751734574,361.1699044366547,369.7212963843078,2619973
2015-07-24,363.76885986328125,367.9606829395556,360.6249570708841,363.39158130845846,2156436
2015-07-27,350.3968505859375,363.6850045176324,349.1812130825983,362.1759470611263,2565851
2015-07-28,343.7318115234375,356.30736664215425,342.9772827584192,351.27715594992947,3535491
2015-07-29,350.14532470703125,352.07358998659004,338.7854079263269,344.57017537685033,3834817
2015-07-30,349.5584411621094,357.1037847441146,345.9115288825604,350.14530941950915,3646699
2015-07-31,351.1094665527344,357.27148457661116,347.0853036830852,351.0675656363956,3222836
2015-08-03,351.1933288574219,354.63062344110756,349.9776912840205,352.11551807259036,1546763
2015-08-04,346.4565734863281,357.1457936857105,343.0611510843726,354.4629992115208,5116932
2015-08-05,350.0614318847656,358.57089272002594,348.5523463394798,357.14566576314047,6127568
2015-08-06,347.92364501953125,353.7922427787373,347.08528607742466,352.07359559215746,4021215
2015-08-07,345.0731506347656,349.6003508524014,343.81558397891956,348.7619920072707,4145596
2015-08-10,343.8995056152344,348.3009471353124,342.47427828435934,345.9954315004218,2977050
2015-08-11,339.4141540527344,345.4085108280078,337.6535777114863,344.5701519562329,3210336
2015-08-12,334.2582092285156,340.12680692889677,328.05426227702264,338.7015797087096,4155754
2015-08-13,324.41119384765625,349.66096392577026,317.9617466429149,341.4410824724413,7871377
2015-08-14,333.09478759765625,334.52802367899903,323.14663446658636,328.79516499495054,3612439
2015-08-17,328.9637756347656,336.08764885726134,325.6336700718127,333.853552337183,1642969
2015-08-18,325.0435485839844,333.6006586776488,323.9475679775005,332.25175068594285,1956234
2015-08-19,322.51434326171875,325.76014937616264,314.378760210328,325.4229223961281,4410748
2015-08-20,320.364501953125,330.48128230992194,314.80027132953137,328.79514749260477,4434974
2015-08-21,311.55450439453125,315.22183704030795,302.2386413311974,315.22183704030795,6592108
2015-08-24,293.6393737792969,309.1096223137294,284.9136648793953,301.1848025167093,7423096
2015-08-25,293.6815490722656,309.82622363957523,280.3189615265577,295.5362832690363,8827955
2015-08-26,285.9674987792969,295.83135291191684,283.6912379242812,295.07259929357826,7620596
2015-08-27,292.7963562011719,295.9999986435679,288.6653323094858,292.9649554389822,8545234
2015-08-28,305.6108703613281,307.5920680542087,296.3371717443283,300.88972144926237,6812371
2015-08-31,298.69781494140625,308.56166967625103,295.07261730885455,307.7185878455388,8370962
2015-09-01,291.1944580078125,298.9506493135053,289.29755998176637,295.91563530951544,4459476
2015-09-02,289.3819274902344,294.90399457084965,286.4311841385451,293.38648736244926,7030063
2015-09-03,292.33258056640625,293.3442613407515,289.38186638489316,289.38186638489316,3675760
2015-09-04,295.07257080078125,297.3066959067244,288.5388232413601,290.85724795295425,5305451
2015-09-07,292.6276550292969,294.9882435964162,289.2554141948017,294.9882435964162,2898337
2015-09-08,293.17572021484375,294.60892793178897,285.9675175469003,294.2295653712774,3089268
2015-09-09,298.8663635253906,308.30869001808554,293.38646101653165,295.07256729796137,6374276
2015-09-10,295.451904296875,297.1801743380559,291.70027283155474,297.1801743380559,3357167
2015-09-11,293.9765625,298.4026482171641,291.95320087298103,296.5900784050088,3354447
2015-09-14,298.5712890625,299.28787849491033,291.8267785568897,294.9882562591331,2811019
2015-09-15,295.9156188964844,298.44480660856226,294.22948423939806,298.44480660856226,2361340
2015-09-16,303.0816955566406,305.27365662696286,296.3371845841299,296.3371845841299,2974270
2015-09-18,300.8898010253906,305.9903423230985,297.77045794452954,303.54545334334864,6783352
2015-09-21,297.0115966796875,302.66012632101723,296.2528432274347,298.4448039888546,2792725
2015-09-22,289.8455505371094,299.2878766041538,286.8948361305164,299.2878766041538,4558449
2015-09-23,284.8714599609375,289.1711104983088,283.4804167026845,286.6418942244068,4087837
2015-09-24,280.6983337402344,285.4616468770286,279.9395801901328,284.8714925393466,9967481
2015-09-28,276.1879577636719,282.76384112915855,272.64708870622286,279.9817256487189,5295350
2015-09-29,272.0147705078125,275.5135040372815,266.0711770267743,273.99596833482525,7126332
2015-09-30,284.8293151855469,285.58806862423336,273.99591814449894,278.2112404012928,7251836
2015-10-01,286.17822265625,287.0212756881226,282.93241709875605,286.13605858581536,5093796
2015-10-05,291.91107177734375,292.9227526131366,286.00961450877116,288.2437394527589,5969834
2015-10-06,294.1030578613281,295.5784294417303,291.3631065381014,294.22952154503196,4610836
2015-10-07,288.8760070800781,294.18730964967665,286.9369737040829,294.10301005661216,3635620
2015-10-08,287.9486999511719,291.44740481353256,284.0706040394328,289.5926707375982,4770259
2015-10-09,293.04925537109375,294.14523595260164,289.3819225573828,290.01421245892004,5548083
2015-10-12,294.65106201171875,296.8430231735986,293.0492552192328,293.3864822092996,2441453
2015-10-13,291.2366943359375,296.50583462333935,289.0447328898859,296.0000083462167,2590061
2015-10-14,291.9532165527344,295.1990224353432,288.2437485844147,292.922761893025,3464048
2015-10-15,296.1264343261719,297.9390044231285,290.0142129594382,293.38648286767346,5514188
2015-10-16,294.7774963378906,297.1380850332141,287.48499551961703,292.71199907142346,4598180
2015-10-19,306.62255859375,308.26652936465945,291.7003294265258,297.60175857126137,4334115
2015-10-20,305.0628662109375,309.40465243547976,303.08166860837156,305.9059478494813,2588064
2015-10-21,313.1984558105469,315.1374893853234,306.7911722329559,306.91763590906834,4434717
2015-10-23,302.7444763183594,315.89630017064815,300.55251519201386,315.30614581082136,4452331
2015-10-26,296.9273376464844,307.92930702774237,292.4169232938314,307.718543737053,7353435
2015-10-27,297.3066711425781,299.0349699235504,293.47073966035407,296.2949903177148,2855148
2015-10-28,302.07000732421875,303.29245151420065,295.91565084527235,297.01163135393114,3806874
2015-10-29,299.6251220703125,302.6180007358311,294.22951907590505,300.55250337828693,4560952
2015-10-30,294.2716979980469,304.26198686552476,290.4779015158052,297.60177525580076,3988476
2015-11-02,295.19903564453125,296.5057794521367,289.7191330490546,292.96491052979593,2857066
2015-11-03,293.09136962890625,298.2762092488085,291.6159980853008,295.9577845643464,1670964
2015-11-04,292.03753662109375,295.32547794027465,289.33972104816297,294.2294975005477,2412413
2015-11-05,283.7333679199219,291.70032277607277,281.66784207396034,289.46619772278274,3467567
2015-11-06,285.9674987792969,288.4545514894543,267.33577113466924,280.74052306471805,3373067
2015-11-09,282.6373596191406,285.4616389996392,270.4129464544275,281.62570727832644,3630757
2015-11-10,279.6023254394531,283.01673034923965,276.14575645719736,280.44537851200647,2421896
2015-11-13,281.4992370605469,283.2696714365086,274.0381085273773,274.0381085273773,2780378
2015-11-16,283.0589599609375,286.051839027416,278.6328732110123,283.01679587870564,2697681
2015-11-17,282.00506591796875,284.66071750732567,279.0543514454962,283.69120070814114,2173068
2015-11-18,281.5414123535156,288.4545516299393,280.2768325047052,283.2697114461762,2486993
2015-11-19,286.2625732421875,287.4850174844192,280.06605242224595,282.5530764375471,1983013
2015-11-20,287.78009033203125,290.3092785126657,281.58356929798884,285.4195013747884,2315668
2015-11-23,285.7988586425781,291.86891526753044,284.07058834525253,287.99081957004626,2146374
2015-11-24,287.9486999511719,291.44740481353256,282.5530683890258,286.2204010112569,2882252
2015-11-26,288.4544982910156,291.40521260639105,286.68406399236954,288.32803462009747,8126680
2015-11-27,288.49664306640625,290.6464396869047,286.0938905738874,289.92985032910593,1460049
2015-11-30,281.87860107421875,290.01418356120365,280.909084279045,289.1711304431579,7110699
2015-12-01,272.09906005859375,283.22752157872577,271.0030795372333,283.22752157872577,9058372
2015-12-02,272.2254943847656,274.4596192631919,266.78772789389353,274.2488559969747,6804758
2015-12-03,269.4012756347656,275.26056935089633,268.5160583931408,271.4667730161879,4408535
2015-12-04,270.8766174316406,271.8882983527347,267.37791255824203,268.09453058251546,2941586
2015-12-07,269.8649597167969,273.15290123495134,268.6425155297231,270.87661207076263,2685214
2015-12-08,267.96807861328125,270.1600397645871,265.64965377292185,269.78064869742656,4590607
2015-12-09,262.0666198730469,267.6729864250459,259.7481950390225,267.4622231262353,5188413
2015-12-10,263.5841369628906,265.10167273738807,260.0854318144373,264.63798204371136,2341048
2015-12-11,260.9706115722656,265.56529667352385,259.24231273969934,265.56529667352385,2355955
2015-12-14,258.1042175292969,262.19307680565623,256.41808263515196,258.8208070173664,3826300
2015-12-15,260.675537109375,261.34999105663707,256.79744118617145,258.10421355093354,2623471
2015-12-16,270.07568359375,271.42459126501547,260.9705853598103,262.1930293685068,4587498
2015-12-17,271.80401611328125,273.4058514774745,269.82281822137975,270.62373590347636,4000133
2015-12-18,268.979736328125,272.647068805242,268.09451912837625,271.71968753041733,4544383
2015-12-21,270.5394287109375,272.52062654732595,267.25145846264553,269.316984455814,3305363
2015-12-22,272.4783935546875,275.9349621481009,269.94920607444135,270.6236598754537,3705221
2015-12-23,280.1925048828125,280.61406004700297,273.32152967364084,274.83906546108585,3980119
2015-12-24,285.3351745605469,286.43115504943245,277.0731568185227,280.1081709270963,2858615
2015-12-28,279.6866149902344,284.95578214572265,278.2112436191612,284.3234638169182,3336594
2015-12-29,282.6373596191406,283.4804412992937,278.6328286900608,280.65616191879514,2788729
2015-12-30,280.8248291015625,286.09396901710784,279.93961176873586,285.7989060885356,1726114
2015-12-31,286.97906494140625,288.1172091870005,280.2767202056689,281.5834636113745,3275719
2016-01-01,287.0634765625,290.0141910994629,284.6607237288256,286.59978591668005,1387248
2016-01-04,275.5135192871094,285.7567359733414,270.6237420191036,284.95584682025475,3498169
2016-01-05,272.6892395019531,277.1574901520431,270.623741951854,275.6821184464813,2351113
2016-01-06,271.6354064941406,280.3189513319659,269.48558091333257,274.7547489440118,2678635
2016-01-07,271.7618713378906,274.6704219574626,266.9142298777218,270.539427090091,3135368
2016-01-08,273.0264892578125,273.9538707295263,268.51610269843815,273.40588037272585,1999282
2016-01-11,270.7501525878906,273.15287666991486,265.31238607559595,270.6236889182414,2795794
2016-01-12,265.9025573730469,274.3753677676242,264.3850501714035,271.4667885085506,3262399
2016-01-13,260.1697082519531,271.93045958434476,254.64764159414494,270.6237157801027,5044083
2016-01-14,260.296142578125,263.03609355980115,253.3408692182841,258.73647158537784,3633282
2016-01-15,258.06201171875,262.78316011175826,255.53282406009905,262.78316011175826,3572695
2016-01-18,253.130126953125,260.2540000964615,247.73449559131987,259.49524657298406,4574694
2016-01-19,261.6029357910156,263.37337038333806,251.5704826168915,254.4368978094984,3707778
2016-01-20,261.0128173828125,264.59585114092306,255.27998620752584,260.0854644262883,5629713
2016-01-21,260.7598876953125,264.21645733560973,255.99657412494574,263.8792303329683,3422136
2016-01-22,251.82337951660156,262.36168737725006,245.79548626140226,262.27738776567094,5904068
2016-01-25,250.81166076660156,253.72023957850158,246.63850233012187,252.79288689656403,3479687
2016-01-27,251.06460571289062,252.49781318282788,246.00622976571285,250.81167835139988,5644966
2016-01-28,245.66900634765625,249.42063855982747,243.09765426097843,248.11389475176213,7080505
2016-01-29,244.40438842773438,250.64307287446624,237.99710477562866,243.98286186719423,7373584
2016-02-01,250.05294799804688,251.2332567630336,245.5003978046482,246.34347957208288,4425387
2016-02-02,254.7740936279297,256.2916006507581,249.29416274999664,250.05291626141084,4808715
2016-02-03,252.75076293945312,254.43689792028215,249.67358444138316,253.509516544049,5232930
2016-02-04,256.50238037109375,257.809124199354,254.26825522104508,256.12301786462183,3411138
2016-02-05,258.9894104003906,260.08539084163795,254.6476241618463,254.68975968829142,2647351
2016-02-08,262.1930236816406,264.300684735503,257.6404746634138,259.9588989679523,2753109
2016-02-09,263.2469177246094,264.6801253809812,258.8208310582978,260.50696610906175,3145945
2016-02-10,262.4459533691406,265.5231599951159,260.0853932646645,262.1930545667999,10180024
2016-02-11,260.2540588378906,265.98691845376095,256.67105369347286,257.13471588956276,6520711
2016-02-12,273.6165771484375,278.21126221121625,259.2423105686035,263.4576331558508,4049410
2016-02-15,268.853271484375,278.126970003992,266.7877456625127,276.98882545293367,5615585
2016-02-16,265.8182678222656,273.91168744920896,264.51152387432944,271.7618902566971,2910959
2016-02-17,269.4012756347656,271.1295460409448,260.16971216620357,264.3007354761552,3974587
2016-02-18,270.7923278808594,272.3941632021859,266.45054113843014,272.3098635924076,2569038
2016-02-19,274.88116455078125,276.48299973984933,267.0406734523936,270.20217975556795,5961801
2016-02-22,277.4524841308594,282.3422601826022,271.4667277291883,273.57438883607387,3455165
2016-02-23,270.8766174316406,280.74049927553136,268.17883018916325,280.74049927553136,5437598
2016-02-24,273.11077880859375,274.45968688239975,267.79947467831556,268.2210013146023,2523354
2016-02-25,271.930419921875,274.37530796222796,268.09448867440517,273.9537814477745,9556967
2016-02-26,268.0523681640625,273.8694978124602,267.25145052818607,273.8694978124602,7064596
2016-02-29,265.98687744140625,271.7618717044171,263.9213514578269,267.25145722194105,3988625
2016-03-01,270.3707580566406,271.7196657858543,261.56072229215306,266.0289720083977,4830530
2016-03-02,275.13409423828125,276.31437432905227,270.62370861047526,271.4667617400109,3289694
2016-03-03,281.0777587890625,282.38450275825653,273.1529382632709,276.86243540339063,3265002
2016-03-04,277.5790100097656,283.8176951357757,275.76641134555763,279.89743489227584,2167900
2016-03-08,279.475830078125,281.58349106761506,275.47127134338376,277.7896955771128,2393678
2016-03-09,282.0893859863281,283.1432310118071,276.7780824222784,277.4104008564088,3430173
2016-03-10,283.5225830078125,285.5459448277573,279.0543613393176,279.93957856715514,1837525
2016-03-11,284.3235168457031,285.6302607237798,281.5835654002023,282.4266185997077,3018179
2016-03-14,287.27423095703125,288.32804734936695,279.7288028183286,282.5530535874725,2633043
2016-03-15,289.0867919921875,290.4356997706774,283.2696628813303,286.64190378045066,2309456
2016-03-16,285.3774108886719,290.6887154705142,282.76389413669534,287.6958361324707,4361912
2016-03-17,287.27423095703125,296.505765323471,284.99794187421764,287.73789304139575,7155690
2016-03-18,290.2671203613281,293.59722596134606,286.6840873988235,291.5317000795488,3951904
2016-03-21,298.1497497558594,299.287865693608,289.33971383701817,290.857220785419,2813415
2016-03-22,295.8313293457031,300.7211062155931,290.56218997041884,299.2035990998021,4425316
2016-03-23,301.9856872558594,304.68350281565995,296.7586838822981,296.7586838822981,5116641
2016-03-28,294.9040222167969,304.3463504425832,292.41696931983216,302.5759156844427,4630593
2016-03-29,298.8663635253906,301.6063147798201,291.74246171676776,292.5433793287106,4073263
2016-03-30,298.2762145996094,302.87092852217944,295.9999539501986,299.28789551504974,4229163
2016-03-31,295.7470397949219,300.6789809096042,292.1640351748541,298.02332909311616,7926944
2016-04-01,282.8060607910156,295.2412690143006,280.0661088502097,295.2412690143006,4517171
2016-04-04,293.8080139160156,295.83134734447026,282.8903149015917,282.8903149015917,3434762
2016-04-05,278.6328430175781,292.12186512258387,277.4103987835372,292.12186512258387,5289842
2016-04-06,282.00506591796875,286.2625526947659,279.5180420811818,281.1198487215164,3037097
2016-04-07,279.2651672363281,283.52262626655306,277.57903212911043,283.3540270293867,2415746
2016-04-08,282.0893859863281,284.44997486383056,274.50182170073174,279.8552893427594,2319546
2016-04-11,293.5971984863281,295.07254135285535,287.48497811226144,287.86434057338414,4524262
2016-04-12,295.1568603515625,297.18019335809765,290.140620538332,293.55502531815677,3089585
2016-04-13,296.1264343261719,307.29703200815004,294.7353622838592,295.95780655720597,6614377
2016-04-18,302.99737548828125,306.0323895200504,296.92731887763773,299.33004307730585,2828391
2016-04-20,300.678955078125,307.1705383339201,298.52912965309054,306.8754754509175,3250868
2016-04-21,301.1847839355469,302.6601554579681,295.91564478663753,301.6906386504825,2218219
2016-04-22,297.68609619140625,301.7749554840999,294.8618166640426,295.9156616822583,1460160
2016-04-25,302.6180114746094,306.87549857052926,298.6977799091087,298.6977799091087,3431082
2016-04-26,303.84039306640625,306.706807559923,299.62507091779884,301.3533695560469,2605766
2016-04-27,314.50518798828125,321.54478968760543,305.31578951540433,307.7185136318824,8618572
2016-04-28,314.21014404296875,324.5798231621727,312.3553814792852,323.27307939019994,10016684
2016-04-29,306.5381774902344,314.1257680120536,303.92466203505484,313.4934497705027,5411248
2016-05-02,301.6484375,307.2969669908579,300.46815755539313,306.03235890605595,1745061
2016-05-03,310.5428466796875,312.3554168259839,301.8171373068813,301.8171373068813,4349238
2016-05-04,304.72564697265625,311.30155831236885,302.9130770707938,308.51944307430216,1883272
2016-05-05,298.78204345703125,308.56159624562764,296.46361893174907,305.61085336101087,2375047
2016-05-06,302.7444763183594,307.2548622586639,298.7820806596413,300.9740417859868,3196077
2016-05-09,309.23602294921875,310.16337554955544,301.98565859394995,303.71392868097416,2070741
2016-05-10,310.9643249511719,311.34371597236213,303.7982879990059,309.82618043470575,2932396
2016-05-11,302.57586669921875,318.21471404666084,300.97403144065186,307.2970157742304,5316307
2016-05-12,305.2737121582031,306.4961566001159,299.87810810812107,306.0324658554055,3224321
2016-05-13,299.20355224609375,305.18930871195107,297.60171722695895,305.18930871195107,4006032
2016-05-16,297.98114013671875,300.25742924487,289.0446685512387,299.2878838966027,2996171
2016-05-17,296.0842590332031,302.66017083165036,293.89229794942315,300.13098276981907,2749594
2016-05-18,296.1264343261719,297.2645789885898,292.75416441793664,295.07258927468274,2421651
2016-05-19,290.6886291503906,297.4331395429392,289.5083491095036,296.12639582854564,2741126
2016-05-20,288.285888671875,292.1218489248433,286.0517921688774,291.61599420936767,4199413
2016-05-23,291.5738525390625,294.0187408200765,287.90652011754145,292.2904419747499,1842701
2016-05-24,290.98370361328125,292.5012392086967,288.15945279853236,291.61599345889266,2293594
2016-05-25,296.4636535644531,297.18024305927156,292.54339346703324,292.6276930757576,2157455
2016-05-26,297.4753723144531,300.1310244300648,293.17572061070075,296.75875418145733,5273432
2016-05-27,296.1264343261719,301.4799021003297,294.693226751949,297.55964190039475,3075870
2016-05-30,300.0466613769531,301.1426704906505,296.9694829748282,297.68610102450253,2845695
2016-05-31,296.2528991699219,300.9740485127301,292.6698659468558,300.889748901473,24281872
2016-06-01,306.2431640625,307.17051672116116,297.01160171809977,298.0654180454655,3081625
2016-06-02,308.73028564453125,310.2477930560931,303.3346815334461,304.64142561268613,2604662
2016-06-03,301.9435119628906,308.3086596076133,299.5829519828838,307.7185053390599,3677399
2016-06-06,294.0187683105469,302.7023417822066,292.71202444609236,300.9740427752857,5264582
2016-06-07,294.3559265136719,296.84294997340527,292.7962556376097,294.0186996067638,4463323
2016-06-08,297.3066711425781,302.02784832527374,296.4214539892107,299.7937234054219,2654000
2016-06-09,296.1264343261719,300.4682211278591,294.9039900528251,299.70943898817495,1549979
2016-06-10,295.9999694824219,298.065466951222,293.04925473454915,294.8196892926944,2180603
2016-06-13,288.66534423828125,295.494184594016,287.94875462730835,293.63942161878975,2180335
2016-06-14,288.8760070800781,290.4356780137319,284.40775753532927,289.3396976625864,3358585
2016-06-15,296.67437744140625,297.47529498564063,292.54335459750075,293.38643621404884,3259569
2016-06-16,292.1218566894531,296.7165420435499,287.69577054692564,296.37934362041125,2614007
2016-06-17,300.9740295410156,302.57586478947235,290.3935868554803,293.3864655168754,5592177
2016-06-20,307.2969970703125,308.5616052788994,298.2761975017257,300.13096001393376,3205939
2016-06-21,305.3580017089844,307.4656632889276,303.6297026561079,305.4001372413759,1615514
2016-06-22,306.0745544433594,309.4046599103636,304.2198204691219,306.8333079534063,2399688
2016-06-23,307.54998779296875,308.3509055385349,305.1893986391831,307.4656881742541,1405739
2016-06-24,300.0045166015625,303.50322149116784,293.9765951239526,300.97403345027027,2445195
2016-06-27,296.0421142578125,301.77494415854767,294.861805597939,298.4448385594517,2697253
2016-06-28,301.05828857421875,302.2385970867854,296.590067496111,297.05372953986625,3541398
2016-06-29,300.2995910644531,303.75616055720724,298.6556202019148,302.23865338365005,2469054
2016-06-30,309.23602294921875,311.93380970586384,299.66723427245563,301.81705941101666,4076692
2016-07-01,310.5428466796875,314.33664329294555,305.73736906642006,308.3930209862788,2907785
2016-07-04,314.7581787109375,316.90797591737356,311.00654607290096,312.39758964488254,1855655
2016-07-05,308.4773254394531,315.3061651598826,306.5382915693438,315.3061651598826,1559936
2016-07-07,306.3274841308594,313.0298306432866,305.73732981983295,307.71852748536503,2606039
2016-07-08,299.3300476074219,305.4001043099307,297.6017487409087,304.1355246265902,1746867
2016-07-11,303.3767395019531,308.4772793530652,301.8592324783991,308.4772793530652,2437511
2016-07-12,306.28533935546875,307.2970202893588,303.5032239240479,305.52658579182804,1333227
2016-07-13,306.62255859375,308.51945672852446,302.7444627186149,308.4772926521781,1609500
2016-07-14,309.36248779296875,309.99480615748956,305.06286564974977,306.53823710415895,1097465
2016-07-15,319.43719482421875,320.32241216131627,308.0558045925853,308.0558045925853,2814751
2016-07-18,305.73736572265625,320.3645331619896,304.3884577373963,320.111634325085,3592796
2016-07-19,307.1283874511719,310.41632871603804,301.4798575989867,302.7023016918889,3552577
2016-07-20,306.3695983886719,309.36247671656514,304.64132819743776,307.04405225527626,2845114
2016-07-21,310.12127685546875,311.6809479447766,305.6108627905002,308.4772776175782,2198453
2016-07-22,309.69976806640625,311.76529416766874,306.95981650536453,310.2477583786146,2559958
2016-07-25,313.57781982421875,314.29443780998946,306.1167198210709,306.8754733343482,1850765
2016-07-26,311.8073425292969,314.4208582121081,309.2781549841032,311.93380618862176,1862583
2016-07-27,314.0837097167969,318.0461054784185,310.5849760923221,312.52403844090605,2593217
2016-07-28,313.53570556640625,321.8820518728682,306.5382671737694,321.8820518728682,8216550
2016-07-29,305.2315368652344,313.53571946226424,303.8826288916259,313.53571946226424,4178023
2016-08-01,306.8755187988281,309.4047070668273,305.2736833857332,306.41182809782117,1775282
2016-08-02,301.6484375,307.5498943172388,299.83583923944104,305.10500628782995,3557285
2016-08-03,302.53369140625,303.8404351730463,297.8125425062709,302.78661876340595,2491473
2016-08-04,308.77239990234375,310.88006143255467,297.6439378877556,303.33463258345745,3301158
2016-08-05,306.8755187988281,313.19850374238086,303.1238862041332,309.57333484315234,4259304
2016-08-08,296.3793029785156,307.6341980412654,294.4824050993921,306.03236301548014,5372323
2016-08-09,294.60888671875,299.330064399977,290.646491146622,297.51746582897465,5734542
2016-08-10,292.0796813964844,297.9389748007674,290.85723724467823,295.91564160410303,1704178
2016-08-11,293.1460876464844,293.4846435598437,289.4643028360535,293.0614558330458,2758046
2016-08-12,294.3733825683594,295.38905042339485,291.24174718023534,291.3687092445658,2615030
2016-08-16,289.8453063964844,297.37814269562494,287.51774429664187,294.9659487480612,4152972
2016-08-17,292.5536193847656,295.81221659929287,290.73390635451767,290.73390635451767,3575486
2016-08-18,298.901611328125,299.5364217941608,293.5693753711126,294.88126923489534,2093475
2016-08-19,297.42041015625,300.4673853078539,293.9502185361585,299.6210096900996,1895295
2016-08-22,296.4047546386719,298.77461793152645,292.9345628731778,297.0818666250908,983587
2016-08-23,299.4093933105469,300.8059187069336,291.7495971021761,294.54267655455794,2546554
2016-08-24,298.4360656738281,303.3027825926066,296.2354375719477,299.620997221295,1809971
2016-08-25,292.84991455078125,299.6210053741107,291.2417665086806,297.293443799204,3583163
2016-08-26,291.1147766113281,294.6272980898293,289.0834696202076,294.1194498473437,1250748
2016-08-29,289.97222900390625,294.33109815346774,283.75125884077755,290.73397284888193,2828305
2016-08-30,280.87347412109375,291.24171681829955,278.2496872638212,290.0990870180527,4487274
2016-08-31,280.7042541503906,285.1477833317763,278.33436236711503,281.21207377414487,7103241
2016-09-01,263.0993957519531,281.29669990540776,255.18567521306463,279.30769437493126,39290697
2016-09-02,269.9128112792969,271.64789263916737,259.41760531726624,260.8141307216,17010250
2016-09-06,272.1134338378906,273.2137336222016,264.6229005958852,269.9128342692688,7841855
2016-09-07,270.9708251953125,272.87519917526976,267.5429634952347,269.5742995618042,3788590
2016-09-08,274.5679016113281,276.9377930190323,269.9974110834155,270.9707485927992,3819474
2016-09-09,272.62127685546875,276.55698692875256,269.44733930703734,273.80623723216354,3280689
2016-09-12,269.1933898925781,272.49431787860414,265.8501603211021,269.0664278170066,3494956
2016-09-14,270.7168884277344,273.5945997537063,268.38929829389497,268.38929829389497,2224288
2016-09-15,273.129150390625,275.0758261524485,268.22010207351735,270.0398443957743,2301243
2016-09-16,273.8908386230469,276.3453622824074,271.77487093944677,272.6212465490427,3584872
2016-09-19,274.3563232421875,275.07573669076237,271.73250758485034,273.3829856778301,1697274
2016-09-20,270.16668701171875,274.22935818132373,268.897123765922,274.22935818132373,3040194
2016-09-21,272.40960693359375,273.3829731128208,269.8281216340708,271.18234530986024,1845538
2016-09-22,276.7685241699219,277.5725981195087,273.0867390256525,273.8908129752393,1642721
2016-09-23,276.7262268066406,279.30768367736135,274.2293730987142,275.92215284479926,2369838
2016-09-26,271.14007568359375,278.2073919174803,270.0820775648559,275.92216068999636,2391218
2016-09-27,266.4426574707031,272.4520050341448,265.80787571191513,272.4520050341448,2490305
2016-09-28,272.3250732421875,273.76392925125714,263.31105089436204,265.3846887328288,3263576
2016-09-29,267.20440673828125,273.975498281666,265.85018269768165,272.9598302512163,6941546
2016-09-30,265.7655029296875,267.8814704466099,260.7718241752879,267.2466887894156,6355157
2016-10-03,269.7435302734375,270.84383001013015,265.7655191239164,265.7655191239164,1672721
2016-10-04,274.2293701171875,274.9487835891969,267.54291168755526,268.7278431671278,2908344
2016-10-05,272.2826843261719,276.0491302174451,271.3516769088989,272.53660846706885,1439691
2016-10-06,272.7904968261719,275.2873216854529,270.08204943749536,275.03342623746886,1741337
2016-10-07,270.37835693359375,274.6102924805076,268.4739830715214,273.0444746085728,1477152
2016-10-10,267.3736572265625,270.7591881385795,266.6118848282402,269.2357006611523,2687189
2016-10-13,259.62921142578125,265.68088866845346,258.57124192719374,264.876814653761,3440146
2016-10-14,258.4866027832031,260.60257061470634,255.94744711732173,260.60257061470634,5431236
2016-10-17,255.0164337158203,258.86748304305536,250.7421679043826,258.48659680515647,3779712
2016-10-18,259.54461669921875,260.68724684871796,251.41930088205086,255.6089065507293,5102965
2016-10-19,259.7984619140625,261.91442923017905,257.30160844401075,259.54453781143906,5073975
2016-10-20,261.61822509765625,262.80318536423425,258.14803344772486,259.9254451879811,5290430
2016-10-21,262.1683654785156,263.56491960070673,258.6558723704769,263.56491960070673,2362713
2016-10-24,259.54461669921875,260.68724684871796,257.0054608800314,259.2906925194158,2185144
2016-10-25,263.9034729003906,264.41129251993436,255.3549419179271,256.8784580957772,4024793
2016-10-26,268.8971862792969,273.29838574328926,266.4426623752663,266.61192605021387,6538988
2016-10-27,273.4676513671875,275.62592063983357,265.42696842144477,266.2310424479411,5615716
2016-10-28,269.8704833984375,273.34067480814565,269.362663790494,273.34067480814565,1566275
2016-11-01,268.68560791015625,271.4363577343938,267.66993982283435,269.1511260326306,2398681
2016-11-02,262.0414123535156,267.11975207175317,261.2373669752874,267.0351202413519,2221637
2016-11-03,261.4913024902344,266.90819901879553,258.4019966010487,261.53363274171943,2989059
2016-11-04,259.58685302734375,262.84545031686537,257.34395220168005,262.1683384473646,2376146
2016-11-07,258.6558532714844,263.9880879051547,257.0477053694532,263.9880879051547,1847168
2016-11-08,258.0633850097656,259.6292027429974,254.76248589303276,259.5022406754909,1527704
2016-11-09,254.76248168945312,258.1480125754594,239.5698369652727,243.7594561556178,5669889
2016-11-10,261.23736572265625,265.8501587025417,256.6668743279633,258.14803166152103,3190980
2016-11-11,255.10108947753906,260.6449192827665,252.51960338193143,257.3016892995203,1886129
2016-11-15,256.15899658203125,258.0633701658704,248.8377566070187,256.45525094237536,3114405
2016-11-16,262.0837097167969,263.52256529153885,256.7091449366568,258.1903307510939,2746958
2016-11-17,251.50390625,267.11975445079196,249.81112632884447,263.5649309461708,4236589
2016-11-18,257.090087890625,257.682568079164,249.89580842813731,252.56192628714277,3641254
2016-11-21,253.4928741455078,258.61351473189103,251.75779289706668,257.64017716958523,1826207
2016-11-22,257.2593078613281,258.52889986118606,249.68414342324925,254.7624827630725,3327374
2016-11-23,254.38157653808594,260.89877101286635,253.19664511521964,258.52887950752745,1970256
2016-11-24,255.94744873046875,257.89415290433493,252.56191737449313,254.76251705481914,4795418
2016-11-25,254.76248168945312,258.99441679166733,252.7734762037576,256.3706009789138,2099139
2016-11-28,269.82818603515625,271.8595220336684,254.76251569522196,254.76251569522196,4886483
2016-11-29,274.94879150390625,275.9221577875968,268.1353994757236,271.52093036893325,4516337
2016-11-30,274.7372131347656,276.59928532381207,274.0601011859506,275.07576910917317,4993485
2016-12-01,269.3203430175781,274.9065021994084,265.38463344410457,274.22939025860416,7124295
2016-12-02,269.6589050292969,271.9441363860012,266.0194497606446,266.61190122741397,1836012
2016-12-05,276.55694580078125,278.1650937901639,268.7278570675406,268.7278570675406,2481220
2016-12-06,278.3343505859375,280.95816639983565,274.8641592150707,276.6839010540835,3142493
2016-12-07,277.7419128417969,283.4973649492661,275.1604555356582,279.05383527855156,2899591
2016-12-08,281.3813781738281,282.693271862848,277.9535167523336,279.984823994205,2061325
2016-12-09,281.00042724609375,285.6132478778477,278.5459040951796,282.82016882130387,2646396
2016-12-12,278.5882568359375,279.3076702812643,276.3876576013756,278.88448252994186,775144
2016-12-13,279.30767822265625,280.11175216879457,275.92214745621146,275.92214745621146,1063869
2016-12-14,273.0444641113281,279.09611279541457,272.11342800934085,277.699587302044,1481398
2016-12-15,269.5319519042969,272.83287996417243,268.727877847429,271.52095759365693,3073256
2016-12-16,262.59149169921875,270.50521055707605,261.06800452281516,269.9973910514758,4401700
2016-12-19,258.5711975097656,263.64950754985205,257.3862374833685,262.7184716233407,4126010
2016-12-20,256.0744323730469,259.6292563588975,253.15439019620817,258.9944745498856,3596096
2016-12-21,255.35499572753906,259.29070608189,253.91613973275153,257.3863319529857,2651665
2016-12-22,247.35659790039062,254.72016892256576,245.66384667106243,253.49290708553656,3156188
2016-12-23,250.14967346191406,251.50389735092136,246.42558642675397,250.0227113898684,2047449
2016-12-26,250.61520385742188,251.37694766762743,244.35193239189178,249.2609799016736,2719536
2016-12-27,253.5775909423828,254.59325908413376,246.4256410160963,250.53061517674624,2548216
2016-12-28,253.4928741455078,256.53987754965567,251.20764308710193,253.06968639316673,2899350
2016-12-29,256.455322265625,257.6825843094326,251.80016962180568,255.10109812630412,3551526
2016-12-30,258.6981201171875,259.92538166934156,254.00069642272533,255.01636412032906,1955045
2017-01-02,263.2263488769531,264.072724423852,256.5398903457061,256.5398903457061,1643255
2017-01-03,257.6824951171875,265.7231480069485,253.91604978603416,264.03039707832846,3286354
2017-01-04,265.680908203125,266.78120802640154,253.19669524420863,255.9474448023999,5776206
2017-01-05,271.77490234375,273.38305057934036,262.42232467471484,265.04611229533606,4268281
2017-01-06,270.63226318359375,279.3077285334785,269.40500125303794,270.1244435080177,2656936
2017-01-09,269.1087646484375,272.02880647921637,267.62757860999966,271.3516944993369,2635116
2017-01-10,270.928466796875,271.69021049721,268.34698133602353,269.99743079668383,1058176
2017-01-11,273.1714172363281,274.77956540859515,269.82818746837364,271.77489164219094,2609766
2017-01-12,272.36737060546875,275.37204435858706,270.8438542754228,273.76389619343087,1680284
2017-01-13,271.01318359375,275.07582748925597,267.4583594378262,272.8752275183729,2614161
2017-01-16,269.6589050292969,273.7215767651407,268.5586052657418,270.84383662244613,1871694
2017-01-17,269.57427978515625,270.67457957559066,268.3893195034491,269.9128357714139,2050997
2017-01-18,265.680908203125,269.82818333405584,263.43797830967213,269.151100000942,3670155
2017-01-19,268.3893127441406,273.04446460284674,263.22636990825333,265.7655254114319,2526854
2017-01-20,271.3093566894531,277.19174177350226,265.8078578308219,265.8078578308219,3784887
2017-01-23,270.547607421875,272.53661301970465,266.95045378431365,271.69023741538905,1985278
2017-01-24,267.8814697265625,269.9974372377973,266.31565204867223,269.15106169714653,2393587
2017-01-25,263.5225830078125,266.3579927678292,258.1480178663475,258.1480178663475,14931206
2017-01-27,274.0177917480469,277.614945290581,262.6338796769186,262.6338796769186,3540993
2017-01-30,292.5536193847656,313.12084179319925,272.6212072516335,273.4676113988334,23241046
2017-01-31,294.7119445800781,298.7745874241503,290.3530473599404,295.4313867395416,11732135
2017-02-01,292.088134765625,296.1507772949416,287.8985015195972,292.84987844864645,4103983
2017-02-02,299.028564453125,304.53009258928813,291.3687667760133,292.0035485633965,6964972
2017-02-03,299.45172119140625,306.3921045201397,298.0975259176437,299.02853337712975,2662623
2017-02-06,300.6789855957031,302.1178413721986,298.47838601513484,299.6210160510496,1504449
2017-02-07,298.901611328125,303.6836973209829,296.9126054069805,299.7903173209604,4062008
2017-02-08,298.09747314453125,301.18677803337346,293.6116143242798,300.4673359487798,4888372
2017-02-09,300.6789855957031,302.1601716178292,296.9125681613587,297.97056636562337,2043938
2017-02-10,302.62567138671875,305.0378647303936,300.50970376571695,302.16015335136865,2203893
2017-02-13,303.04888916015625,304.6993389090899,299.07087766381187,299.15550949871846,3669035
2017-02-14,312.27447509765625,313.07854910306816,300.46737513588073,302.5833427682433,4739203
2017-02-15,309.1851501464844,315.2791285155147,304.7839515076313,313.07852919608814,3974478
2017-02-16,309.5237121582031,312.2321597795637,304.95322112696135,305.79959667883236,4049974
2017-02-17,312.7400207519531,315.02528089970116,306.6460414573118,310.6240529327404,2551827
2017-02-20,317.69134521484375,320.780650259951,313.2901179879173,313.2901179879173,3876138
2017-02-21,307.1115417480469,319.84964951294353,304.27613185111016,314.9406021639382,7028108
2017-02-22,305.54571533203125,315.279149266882,303.9375673176142,307.15383468683865,7531248
2017-02-23,309.9892578125,339.40121209674123,307.8309598393554,314.0095993615353,39500561
2017-02-27,301.05987548828125,311.004932627007,298.39375781180235,310.62404639053364,10077345
2017-02-28,309.05816650390625,315.786954714162,301.65229510846547,302.16011466225564,13488220
2017-03-01,307.02685546875,312.1898265323573,305.9265557980681,311.9359024053975,3826413
2017-03-02,302.0331726074219,309.77762909764726,298.0974919910391,308.08484937358645,4657721
2017-03-03,301.4407958984375,305.9689577052626,299.0285734465276,302.0332474539679,4021692
2017-03-06,305.96893310546875,308.08490094987565,302.32947758416486,304.69934093497966,3302817
2017-03-07,305.6303405761719,306.7729705270879,301.60999928633385,305.5457087508175,3171320
2017-03-08,305.29180908203125,308.16952065158057,303.42976547696014,304.8686212617348,3024515
2017-03-09,304.86859130859375,306.3074469520018,301.8639179562404,304.572336935804,1304223
2017-03-10,308.84661865234375,310.20084254370164,304.6570135656139,305.41875733960023,2319807
2017-03-14,305.6303405761719,312.9939112337946,303.5143729846576,309.77764393384604,5921380
2017-03-15,307.4077453613281,309.904599100751,301.4830305050975,304.6992977334265,7389777
2017-03-16,305.2494201660156,309.43905329667575,303.9375267114033,308.08482960432525,2670827
2017-03-17,293.56927490234375,307.23841614553965,291.1570819357812,305.6726272908201,6378625
2017-03-20,295.7276306152344,298.18215430119346,287.13679771437756,292.84991911989147,4737850
2017-03-21,296.15081787109375,297.7589659352794,292.04584454044374,295.38907408370443,2511084
2017-03-22,286.2480163574219,294.96580903383546,275.75281242267187,293.6962172809081,8955493
2017-03-23,286.50201416015625,289.2104333185837,284.00516024545135,286.7559096483895,4762081
2017-03-24,288.1947937011719,294.288772624846,286.2480896693868,288.9565374841799,5308761
2017-03-27,286.67132568359375,289.3374437022742,283.6666516311309,287.77162562848264,3212610
2017-03-28,288.40643310546875,290.73399506616676,286.58669086035684,288.53336653965414,2316105
2017-03-29,291.87652587890625,293.1884480905958,288.7872207634603,289.8875204303422,9825597
2017-03-30,297.2510986328125,298.266766504266,289.63363258632427,291.876533560391,4345156
2017-03-31,296.27777099609375,298.18214473684793,292.00350547535066,296.2354407526689,5787371
2017-04-03,289.29510498046875,292.849928549129,284.59765136199303,292.849928549129,7333921
2017-04-05,291.5803527832031,293.9079145999848,287.00986098706875,290.2684589944083,4693744
2017-04-06,289.29510498046875,290.310772951459,285.7402814118085,290.310772951459,2412374
2017-04-07,291.74957275390625,296.6162891037382,289.25271922195776,291.1994229576541,6347228
2017-04-10,292.59600830078125,294.8812397713332,289.50670276000085,294.79660793752277,1532435
2017-04-11,296.4047546386719,301.10220829709885,290.1838133406082,290.3107754205132,2327556
2017-04-12,296.9125671386719,299.5363831876752,292.299774084493,293.69629961054767,2529238
2017-04-13,287.9831848144531,299.1978341678943,287.1368091619421,296.23546206488237,6554985
2017-04-17,288.8718566894531,290.56463645470745,286.4173331947365,290.14144867829594,2089233
2017-04-18,286.75592041015625,290.60699837840855,284.6399526378059,287.7715883800378,6170878
2017-04-19,287.729248046875,289.2527354667332,281.63524104822704,287.2637300409162,2779410
2017-04-20,290.0991516113281,290.98785750726427,286.1211402027781,289.4643698741199,2097176
2017-04-21,290.1414489746094,292.8498966017823,288.0254814307826,289.46433706781613,1500170
2017-04-24,291.7073059082031,293.2307935735769,286.6289945838824,291.15715599239525,1487606
2017-04-25,299.57867431640625,304.53005184240783,288.95653439316095,290.3107582860711,4747068
2017-04-26,302.62567138671875,304.69930876464895,297.9282181093651,299.5786676950168,3272330
2017-04-27,302.9219055175781,306.3497668536339,299.4094123526394,299.8326001566643,4978376
2017-04-28,300.89056396484375,302.92189977720153,296.65865734517945,300.7213003102854,2985691
2017-05-02,294.2041320800781,301.2714484804785,293.44235966002645,300.8905622704527,2436068
2017-05-03,293.1460876464844,296.23539244363513,291.0301203528898,294.62727334988205,2616848
2017-05-04,292.84991455078125,297.4204058719604,290.9032105345336,293.4423660108309,1345900
2017-05-05,291.79193115234375,295.38908497726266,290.43770718721606,293.230786950389,1708526
2017-05-08,297.3357238769531,300.67895313247965,291.41103774733807,291.7918952784491,2955948
2017-05-09,292.215087890625,297.0818333300283,290.81856248740706,296.23542911205845,3126657
2017-05-10,315.4907531738281,321.96561836109083,284.80923579242415,284.80923579242415,27085852
2017-05-11,309.77764892578125,313.8826221071236,306.77297547060414,313.1631799309951,8059693
2017-05-12,309.015869140625,313.41706753218836,305.9688657975077,306.6036474133048,4070508
2017-05-15,308.2118835449219,313.1209315634205,305.88432162713224,309.77770157356764,4132180
2017-05-16,316.844970703125,319.63805030916325,309.3121361454033,309.69299370191175,6500818
2017-05-17,318.19921875,322.3888241473305,314.17887702183276,314.17887702183276,5842838
2017-05-18,313.79803466796875,322.98131998593664,311.9782925082677,316.29486019680024,3683713
2017-05-19,315.4907531738281,321.20387457310886,311.5973737444453,315.7023470782892,6026064
2017-05-22,315.32147216796875,320.4421131573008,314.3481345290699,316.5487339420965,3037325
2017-05-23,314.77130126953125,318.45308634575537,314.00955757438265,314.8982633286572,6451328
2017-05-24,311.7666320800781,315.7023126655833,309.48137230562327,311.470377718437,7704006
2017-05-25,313.7556457519531,318.5377306485319,305.33410587610075,310.6240103694773,15733429
2017-05-26,316.210205078125,322.0079584851452,311.89363770738623,312.3168255292919,3171630
2017-05-29,315.7869873046875,320.69603435625146,311.38575985932283,317.14121113403047,2214859
2017-05-30,313.7556457519531,318.9186168408363,312.613015834648,317.2258370854969,2172819
2017-05-31,314.47509765625,319.0032585651744,311.5127258275556,316.54873500864886,17087943
2017-06-01,310.53936767578125,316.04086586353714,309.65066191778936,313.1631547100022,2467620
2017-06-02,315.9139404296875,322.7696625471849,312.993898962765,313.8402745023447,5747881
2017-06-05,315.1944885253906,319.7649793486174,314.30578277253005,315.87160039991363,2588187
2017-06-06,312.3168029785156,315.2791461775716,310.62402315350823,313.1631785612147,3666864
2017-06-07,315.53314208984375,317.60677993490776,314.0096542305974,316.08329207566135,4307736
2017-06-08,311.2164611816406,316.8026195191287,310.37005705376356,315.6599897092776,3858535
2017-06-09,311.3011474609375,314.09422711835106,309.989253791749,311.25881721627576,3205017
2017-06-12,309.10052490234375,314.68668380099473,307.7039708478768,310.5393805387104,2462371
2017-06-13,307.4077453613281,311.8936045801382,306.4767093243349,308.08485726830355,1257634
2017-06-14,309.35443115234375,311.9359168033,306.01123040456577,307.66167998676787,2338631
2017-06-15,309.1851501464844,313.58634878533746,308.46570801380614,309.35441378969824,2823152
2017-06-16,308.8042907714844,311.0472205262585,305.20716577459945,309.77765711310275,4962261
2017-06-19,311.0472106933594,312.1052088304871,307.4500858101876,308.0848674966986,1888109
2017-06-20,310.28546142578125,313.8826149046633,309.56604792577014,312.1052032863185,2553936
2017-06-21,310.8779296875,311.63967340071434,308.50803806669387,310.11618597428566,2945763
2017-06-22,309.9468688964844,312.2744300906592,306.81523381278595,311.25876233435656,7013343
2017-06-23,309.9468688964844,311.93587417189167,307.4500440727285,309.6929447925074,5681037
2017-06-27,314.39044189453125,318.15685911139775,308.9312448443512,308.9312448443512,4226917
2017-06-28,319.2572021484375,323.02361953814454,311.0472267450147,317.31049808589063,4209925
2017-06-29,323.7007141113281,327.0016132657154,319.68037278606687,319.7226743693123,4698010
2017-06-30,321.3731994628906,324.92802327348693,315.3638517202527,323.70076130746617,3628132
2017-07-03,323.3621520996094,325.13956371251555,318.91862306734384,322.8543038332883,1687712
2017-07-04,321.0345764160156,324.92795542702817,320.0189085879766,324.92795542702817,1836644
2017-07-05,318.4954528808594,320.3575252483216,315.9986274075276,319.087933057744,2338530
2017-07-06,322.7273864746094,324.0393089046088,316.50644496764147,318.707044667595,2399488
2017-07-07,326.6207275390625,328.01728164000906,324.16620396128604,325.0126082023592,4849963
2017-07-10,343.37921142578125,347.14562869142594,330.2178874582824,331.82603548565936,2101702
2017-07-11,334.7037658691406,346.0876787983886,333.01098591801633,342.0673371618227,6175288
2017-07-12,336.10028076171875,340.5015084951169,333.8573509800345,336.6927608907327,2894251
2017-07-13,342.08233642578125,343.56726168196394,338.3064107216237,341.31866960978965,2879273
2017-07-14,345.34918212890625,346.70682487880464,341.27628261117485,343.694565801954,2424013
2017-07-17,346.57952880859375,347.8947343969518,344.45821927731987,347.47047823708954,2517635
2017-07-18,346.4522705078125,364.86523623184775,344.6703715258725,344.6703715258725,4039652
2017-07-19,357.4406433105469,358.7558489050014,345.5612983875626,347.89473600958405,5104135
2017-07-20,356.2102966308594,360.1983506735369,353.07075494382775,358.07704105245847,3406260
2017-07-21,348.9978332519531,353.8344284733176,341.6156721837521,353.8344284733176,12143745
2017-07-24,356.42242431640625,358.5012968245641,344.5430789590257,345.3491829351553,5425590
2017-07-25,362.9985046386719,366.22289201888094,355.23449541903915,358.6286025202937,7134553
2017-07-26,361.6833190917969,364.90770665191286,357.8649555728286,364.86526953629226,5764897
2017-07-27,353.0283508300781,362.10756605113716,349.12514191174773,361.4711817249213,15443045
2017-07-28,350.69488525390625,352.56162970281565,346.36742045926724,350.48275716189136,1940125
2017-07-31,355.489013671875,357.6103231469269,347.8947251765499,352.1373441266537,2953735
2017-08-01,353.8768005371094,358.925494191394,351.0766700007036,356.50721139120867,2448373
2017-08-02,352.858642578125,358.62859581033604,350.22820244087694,357.1012620093308,2195053
2017-08-03,359.9438171386719,360.7074840723264,350.65250259191424,352.94350339287786,2812811
2017-08-04,357.14361572265625,359.22251673955276,349.2523539827399,359.22251673955276,3004061
2017-08-07,354.2162780761719,358.5861512905553,353.36773696828,357.10125463268236,1299253
2017-08-08,354.5132141113281,360.6225772740095,351.3736726817937,354.2586489327276,1994391
2017-08-09,353.0283508300781,355.48907136980597,349.5918352437593,355.48907136980597,1360936
2017-08-10,353.1980285644531,356.8042347162335,349.84635887371724,352.22220490191154,1661135
2017-08-11,351.7554931640625,354.68287756304534,347.89469360529563,349.59174677772285,2538665
2017-08-14,346.6644287109375,351.67071539347893,343.7794518926572,350.44035509756816,2234285
2017-08-16,345.985595703125,348.82816404302446,342.5915172728181,345.3492113846861,4181433
2017-08-17,353.2828674316406,356.3799718713352,344.4582186483757,348.74327481187066,3282886
2017-08-18,357.2285461425781,358.41646924488896,350.2282039387731,351.2464360544532,3062360
2017-08-21,355.65875244140625,361.3014227309095,354.2586725975384,359.3073957399129,2075746
2017-08-22,358.16192626953125,360.6226468522078,353.4526132166191,358.67105672496336,3456653
2017-08-23,366.4774169921875,368.2593158416874,359.94376872271295,359.9862058313058,4754764
2017-08-24,367.3683776855469,368.5563007109975,363.1681668886301,367.4107860634781,2773039
2017-08-28,368.5987243652344,371.78067426423195,365.03492668701523,368.2593136943582,2806489
2017-08-29,363.2530212402344,369.5320754392833,362.61660828644153,369.5320754392833,2102533
2017-08-30,364.0166931152344,366.30769358486435,362.7438959219096,366.1380026161342,2389197
2017-08-31,362.9136657714844,366.39258969884366,359.9014064385996,366.39258969884366,7912495
2017-09-01,358.54376220703125,365.2471022799041,357.3982474523084,364.8652544510078,1996184
2017-09-04,353.32537841796875,360.5802579439793,351.0343487087188,358.9256126064239,1409182
2017-09-05,344.9249267578125,352.0525224794553,337.6276113260543,351.37370110292136,7204076
2017-09-06,341.5308532714844,344.1188564310906,340.72474921653054,340.72474921653054,2064288
2017-09-07,337.11846923828125,345.7309892799247,335.2092879371906,341.6156244036437,2642421
2017-09-08,342.37933349609375,343.5248193366355,336.524506776154,337.62758424154174,2013742
2017-09-11,341.9126892089844,345.6886153963004,338.13676302166834,345.3492046866559,1612161
2017-09-12,343.8218688964844,345.3492027151826,337.7124761577606,345.3492027151826,2583110
2017-09-13,340.8096008300781,345.9431696939625,339.23982993900836,345.6886044867715,1877714
2017-09-14,338.4761047363281,344.9248781730888,336.8638970111581,344.9248781730888,1667328
2017-09-15,336.0154724121094,341.91270868767606,333.76687992410876,339.4095509699482,5339372
2017-09-18,336.5670166015625,340.47022568085816,335.33665628095946,338.5610438915109,1309340
2017-09-19,334.9971923828125,338.56099016216433,331.43339460346067,338.56099016216433,1103781
2017-09-20,336.73663330078125,338.47612370510234,314.8023092192579,314.8023092192579,11779464
2017-09-21,339.4944152832031,341.44603426598763,330.7122016905948,332.62138355541725,6557075
2017-09-22,335.4638977050781,340.2156186708401,331.9849452879482,337.712461220721,5273742
2017-09-25,330.712158203125,336.77911374759935,328.7181310965547,336.77911374759935,3002284
2017-09-26,328.6756591796875,332.9607152618122,325.0270160560717,328.59081369587363,4203146
2017-09-27,327.48779296875,330.9243086124477,326.0877416813054,329.1848465989609,2714173
2017-09-28,324.17852783203125,329.9909179823626,320.3177276141809,328.80296619288674,16167139
2017-09-29,330.4576110839844,332.4940754144246,321.71783528011997,324.0936816003336,5337179
2017-10-03,326.3846130371094,333.3849247450968,324.9845334563371,332.6212580337474,1842563
2017-10-04,320.0207214355469,327.99682879718574,319.129772050174,327.53016428310184,3138906
2017-10-05,320.4874572753906,322.99058606927525,316.626656937688,319.68135326435726,3371352
2017-10-06,324.390625,325.4512653552481,320.91167291725566,320.91167291725566,1065853
2017-10-09,321.5480651855469,323.7966572733563,320.3601422115179,322.77842526763345,1192143
2017-10-10,326.3422546386719,328.8454121541828,318.19642653316316,321.9723526305557,1502210
2017-10-11,342.4217224121094,344.8400340090731,327.5301487436712,327.69983969856696,7774168
2017-10-12,339.6216735839844,343.48247415511,335.76090174482545,342.1248312611743,4023386
2017-10-13,365.6288757324219,370.8048813074789,357.05879216273865,364.86520890193003,45960026
2017-10-16,384.63580322265625,388.4541659808559,366.73194111267566,366.73194111267566,21145098
2017-10-17,395.3696594238281,398.2546358724017,386.16316257603336,386.9268581641529,18843801
2017-10-18,391.9755554199219,397.95766517837063,388.19962948984573,397.10912409608466,9015866
2017-10-19,401.9881286621094,405.42464366933905,393.2907340095963,394.5635311795147,2646228
2017-10-23,422.0133361816406,425.44985171481767,403.04883071236674,403.04883071236674,29564820
2017-10-24,426.0013732910156,428.2499655962107,418.87377729384775,418.87377729384775,17646810
2017-10-25,437.6260986328125,439.5352799955187,419.0858524663193,426.72257791714406,10080877
2017-10-26,433.8502197265625,440.6808420073445,426.3407760556429,434.1047849308552,11031934
2017-10-27,411.7886047363281,434.18962408821824,409.83698608515914,434.10477859867973,8904315
2017-10-30,418.2373352050781,422.31026305886866,412.42494570454016,416.20087127818283,7211306
2017-10-31,421.885986328125,427.1468372080827,412.9764923910843,415.77662316157733,12690735
2017-11-01,457.43914794921875,462.1908684989026,432.74710123070565,439.95954190396543,35708310
2017-11-02,460.9181213378906,465.45771402426,450.2266993266487,462.4030179164818,10951971
2017-11-03,459.26348876953125,479.24622477776325,455.9118190015866,460.91813383023407,18131291
2017-11-06,451.8813171386719,462.1060165277827,447.2992876188302,458.1179628427972,8295950
2017-11-07,436.4382019042969,455.3178598631345,434.5290204269346,454.7238839920547,7054590
2017-11-08,420.27386474609375,431.8986455620572,409.9218812661421,420.8678119351959,50336608
2017-11-09,427.8681640625,431.05011437803563,420.2738744479695,426.17111048596354,10980638
2017-11-10,427.1893310546875,434.23208165747485,421.3769406700496,430.2015902969177,10487687
2017-11-13,422.5648193359375,429.98941697676815,421.4193047317934,426.8074383501372,7079805
2017-11-14,422.6921691894531,428.4197143896033,419.8496295128817,424.049812087145,6449030
2017-11-15,413.0189208984375,423.41333985254255,410.26119856051764,422.56479885165913,9690914
2017-11-16,415.6918029785156,419.93442213359634,408.2672050911428,414.9281361277152,10682218
2017-11-17,418.7464904785156,429.310630495486,416.6676179109013,420.0192877789102,11712737
2017-11-20,418.0252380371094,421.4617532102899,414.9281335435,419.2980065365287,5804375
2017-11-21,427.0195617675781,432.11072176823524,419.5949929397342,420.27381427315515,10087242
2017-11-22,423.4982604980469,430.6258567643191,420.401155688434,428.0802907737885,3621523
2017-11-23,421.1647644042969,430.2015410975089,418.7464526253503,426.80743442458146,5918577
2017-11-24,421.5466003417969,425.32255494124286,420.01926664374975,421.71632004822607,3900017
2017-11-27,422.5648193359375,424.09218171878376,416.6251469696654,420.7829204992521,3499938
2017-11-28,417.4737243652344,422.5224477528059,415.9463905813504,422.5224477528059,3346897
2017-11-29,420.65570068359375,421.92849807058656,415.7766967087266,417.47375031406153,5898170
2017-11-30,421.2496643066406,423.7528218927865,416.4555059692807,417.7707117004572,14879534
2017-12-01,410.8127746582031,423.32847454797616,408.8611561738692,423.32847454797616,6127500
2017-12-04,410.9400634765625,417.47371207566243,409.4127297376401,411.5340393670163,3040197
2017-12-05,416.32818603515625,417.4312635644701,404.6185606486368,412.085566892274,4264268
2017-12-06,410.2188720703125,418.32226354471277,406.4429457487548,412.8068752318644,8331495
2017-12-07,436.7352294921875,439.95961697464605,410.855255403322,411.53407684509926,6949368
2017-12-08,445.6022644042969,450.438859427238,437.0745889986834,437.11702610830935,14197096
2017-12-11,452.0085754394531,456.50575952195186,444.92341738612026,450.39639634607914,12378453
2017-12-12,444.49920654296875,453.02685359397174,441.69907548282856,452.3480322016975,3625294
2017-12-13,438.9837951660156,452.2631921218216,436.31094667644277,448.02057273532836,7920791
2017-12-14,441.4869384765625,445.4749925266901,433.59564713367376,439.4504743408516,3350247
2017-12-15,439.492919921875,449.5903378417796,436.77763435526197,447.8508759831459,6986672
2017-12-18,446.53564453125,451.2449571924897,420.10413338940026,428.589372109195,10462828
2017-12-19,455.31787109375,458.372538547304,441.40206164724435,446.95991524294556,6870721
2017-12-20,448.78424072265625,458.92409590935904,446.7053681363495,458.20286612715665,7494558
2017-12-21,444.7113342285156,451.2025458287044,442.92943525842185,448.4448231506339,5651594
2017-12-22,448.48724365234375,457.311892685026,444.15977898980736,447.0871925413915,9484716
2017-12-26,460.7059631347656,463.6333477232053,445.6870775017291,450.56608054775637,6436620
2017-12-27,453.6632385253906,464.56675977443604,450.22669466523433,462.0211940769579,6700159
2017-12-28,450.8631591796875,456.12401087959137,449.80248992417467,453.5360077773847,8699172
2017-12-29,449.420654296875,456.88766099666077,442.9294425892516,451.24496167666297,7502053
2018-01-01,447.93572998046875,456.5906597904595,445.8144202742595,450.5661413741037,4807939
2018-01-02,438.304931640625,452.1783031714146,434.31687784555885,452.1783031714146,5242199
2018-01-03,439.7050476074219,445.89925688555695,436.777633950128,440.51112286879356,6333269
2018-01-04,443.7779235839844,447.34172133105227,436.56548260348103,440.38384554161456,5953924
2018-01-05,458.2028503417969,460.32415996713837,440.00201318172765,445.47499258974796,8008838
2018-01-08,438.1352844238281,453.2389888093448,436.31094831192956,453.2389888093448,12287843
2018-01-09,432.5774230957031,442.12330158556466,428.2499298314296,439.53529879511626,7541257
2018-01-10,429.6923828125,439.11100666895277,427.9104841079776,436.98969731918993,6667296
2018-01-11,436.77764892578125,438.43226534864596,426.97720426330403,431.0501040171276,5905519
2018-01-12,432.365234375,438.9837276448732,428.0802072675503,437.83821311640355,4847824
2018-01-15,428.0802917480469,434.40178399098096,426.34080105931645,432.5774765384645,2834570
2018-01-16,421.9284362792969,435.84421634114835,416.96455880214637,431.05005856565924,6420450
2018-01-17,424.17706298828125,426.9771940724377,417.0070299283659,420.01928910793197,6824337
2018-01-18,420.0193176269531,431.72894444124455,418.32226401648336,425.11044972639576,7912892
2018-01-19,422.4800109863281,424.4740380757976,410.2612545093694,410.6855394336529,9966300
2018-01-22,416.3706359863281,422.989101366336,414.0796066378915,420.5283810382929,4532165
2018-01-23,417.55859375,423.24370175083175,414.7584624980123,419.17080185010093,6150836
2018-01-24,389.89666748046875,413.23107224176596,386.2055871852186,413.1462267564868,29348889
2018-01-25,384.126708984375,393.2907395555596,377.1263675490511,393.2907395555596,20580178
2018-01-29,373.85955810546875,378.7809695075973,369.1502460393699,376.74453430849485,27139736
2018-01-30,376.2850646972656,385.25236103098706,373.4240550049815,376.2850646972656,10679523
2018-01-31,375.64447021484375,380.89676783261547,372.69806499870117,377.9076501948269,7069368
2018-02-01,374.40618896484375,381.7508469885657,367.3177476759313,375.8153520879285,8096718
2018-02-02,360.6990051269531,376.1996250123179,355.1051232457948,373.8937612967003,6668088
2018-02-05,375.94342041015625,381.5373020413143,351.176576506513,356.77045813767114,15080352
2018-02-06,375.04669189453125,382.39132023795423,357.4536844055694,358.69202660419313,9331070
2018-02-07,367.4458312988281,383.8004971844443,364.75564251959315,380.00007452029,10982569
2018-02-08,367.0615539550781,372.3565358518859,362.9622019375365,370.6484725112436,6173490
2018-02-09,360.82708740234375,370.6057163401716,358.43579900769197,362.1081419862124,5393964
2018-02-12,362.4497985839844,368.08639316741835,359.84500559575247,367.0615551596697,3987231
2018-02-14,371.3316650390625,374.49157471047016,364.0724037123052,364.0724037123052,10468199
2018-02-15,366.3356018066406,375.1747894846369,364.4140342386648,375.1747894846369,4583095
2018-02-16,358.4358215332031,371.45978571285997,357.3255876526485,371.45978571285997,4403814
2018-02-19,353.8667907714844,358.6920515474101,344.34437758265625,358.56394318438674,6457099
2018-02-20,357.0694580078125,360.57095208519485,354.5073482617898,354.5073482617898,8022411
2018-02-21,358.39312744140625,360.8270994216333,356.4288475364919,358.69202765630786,4731875
2018-02-22,355.361328125,358.0515168294395,353.0127520616813,357.6671917637919,10769504
2018-02-23,363.4319152832031,365.6950955468845,356.2153658956228,357.8380332644999,7504250
2018-02-26,361.3822326660156,367.2323313023074,359.41798159075756,367.2323313023074,4071745
2018-02-27,367.6593322753906,369.4955038707044,362.36435069773023,363.64540535558996,5188255
2018-02-28,365.99395751953125,370.2214173710504,363.73077749244425,367.23229967104885,25920217
2018-03-01,365.3107604980469,372.86892234044086,363.60269724010965,366.4209943861147,5837005
2018-03-05,359.930419921875,364.75568104756206,356.64240142716324,364.62757267525274,3863655
2018-03-06,353.4824523925781,365.2253320226546,350.6641554976872,361.85191823319144,4204736
2018-03-07,344.3443603515625,355.5321238631225,334.1387223495472,350.7068633286542,12064643
2018-03-08,342.7216491699219,353.6532234867207,337.34127239138746,351.43275603875946,8664079
2018-03-09,343.44757080078125,348.8706597463403,339.51904053023793,345.7961464796004,5093353
2018-03-12,360.0157775878906,362.5351744992582,345.02759123347073,345.8816084002446,8387164
2018-03-13,364.0723876953125,367.06150537542624,358.8201189215327,361.25409078583874,5712773
2018-03-14,360.9125061035156,363.73080323117216,357.4536961026898,363.73080323117216,4194515
2018-03-15,359.07635498046875,362.36434412018093,356.3434538497697,360.9124976240882,3636202
2018-03-16,355.91644287109375,364.4567299284171,353.26893768903943,354.6353882451495,8030364
2018-03-19,341.31256103515625,360.0584863532136,338.793164149401,356.98397253102553,6000592
2018-03-20,341.95306396484375,344.600569131036,335.37705685091873,340.7574341945931,8280683
2018-03-21,357.1548156738281,358.820166587388,343.4903667786854,344.17356319691237,9266412
2018-03-22,354.934326171875,358.9055406657978,351.94520827673693,353.56787558191076,5382163
2018-03-23,352.4576416015625,357.79530668385036,346.05242615179793,352.414929176252,5696201
2018-03-26,359.97308349609375,361.25410920858786,347.2480487914586,351.8598049768394,4884776
2018-03-27,352.8846435546875,360.74170537872175,348.6145000016965,360.40009273774785,6746611
2018-03-28,340.5011901855469,352.7565027918392,337.68289338602017,351.0057562416668,11413279
2018-04-02,337.4267272949219,343.10603416614737,333.49819615475195,341.1844665638683,5533293
2018-04-03,343.4903259277344,345.0275682930644,334.1387055488561,334.1387055488561,5059176
2018-04-04,337.384033203125,345.71081624568166,335.5905740197045,345.0275909454867,4025117
2018-04-05,336.4018859863281,342.3800635999962,334.05328109437426,339.98880412187435,9747139
2018-04-06,328.75836181640625,338.6223876816736,327.17840686740647,336.6581076430388,9425575
2018-04-09,324.787109375,330.2528829066861,321.6699119891834,327.0075771611507,13296149
2018-04-10,329.270751953125,330.25287747031456,319.83373509896387,325.42761689828654,13281396
2018-04-11,329.0572509765625,333.75440323827695,327.3919001475945,331.3631146816646,7693575
2018-04-12,324.7016906738281,329.22802186244223,323.8476446417089,327.9469961918087,4967973
2018-04-13,322.7374267578125,329.8258674743285,320.94396759570395,327.0502827992474,7738347
2018-04-16,321.6698913574219,324.7870885433029,319.83371984983313,321.96879156535067,4140008
2018-04-17,326.28167724609375,327.47730710546887,319.53484885157536,321.9688209975186,6356203
2018-04-18,328.1605224609375,334.6511339318475,326.5378551340272,327.6908014495495,6360948
2018-04-19,337.6402893066406,339.3056403257451,329.1853969192232,332.0036943816957,3848720
2018-04-20,343.31951904296875,344.7713655397036,334.30951092727923,336.1029700655026,7492919
2018-04-23,344.04547119140625,347.16266860185124,338.92128135399753,342.89252486319356,4195101
2018-04-24,346.9491271972656,348.9560904911998,338.70774083090606,343.23410080688865,6982218
2018-04-25,358.56390380859375,365.0118312502459,351.8597885873946,353.95214783802606,22192116
2018-04-26,349.4685363769531,358.69204927247256,346.2659429951466,358.69204927247256,13874130
2018-04-27,349.084228515625,351.646308918923,342.46550875778627,346.9491566931491,5013031
2018-04-30,349.7674560546875,352.9273658424142,345.1983832391752,347.58967179282126,3633132
2018-05-02,348.8280029296875,352.6284254717506,346.735643585845,352.6284254717506,6754394
2018-05-03,345.3691711425781,348.4436557861927,340.7574152587935,346.99180938929413,4124205
2018-05-04,338.8358154296875,357.28283719720946,336.4872397503843,350.8776229122843,15994662
2018-05-07,340.1169128417969,345.49729005096304,337.7683079472908,342.89249737389923,6553080
2018-05-08,342.59356689453125,344.1308381756132,338.87856933768876,342.8497835944388,3955811
2018-05-09,343.703857421875,349.72474792815916,339.2201804842836,344.34437030508843,9019801
2018-05-10,351.9451904296875,353.3116409503594,344.9421748887896,345.7534795818703,9023511
2018-05-11,330.1674499511719,343.917321549847,325.81191080094965,341.7395375155547,25555353
2018-05-14,327.2210693359375,336.487294134888,323.07903414413636,329.65507024372016,9823967
2018-05-15,326.1961975097656,331.4911784276121,323.12171298340166,327.09292698301533,7078344
2018-05-16,320.5596618652344,327.05027302766655,319.40671560450795,327.05027302766655,6766242
2018-05-17,313.9409484863281,323.63415299558875,312.10477691804635,322.1823064945164,9999816
2018-05-18,308.603271484375,314.3252618713971,303.2228937585945,314.3252618713971,12433574
2018-05-21,307.4502868652344,315.3500605990717,303.3509643590017,308.60323306819714,5482372
2018-05-22,309.0302734375,316.930047984896,300.27648171454365,304.84552565684976,7236788
2018-05-23,304.7173767089844,312.4036162908886,302.53959292234737,308.9875194494953,6604278
2018-05-24,317.6132507324219,319.3213138805835,304.80282049875535,306.5962795747341,4997302
2018-05-25,321.9260559082031,324.53084841844844,313.42848208270357,317.9548418900688,4145304
2018-05-28,320.38885498046875,325.21411559683685,316.67382824910226,322.4812143916849,6609989
2018-05-29,323.8049621582031,325.9827173724934,317.05813439949276,321.07206111618467,3858054
2018-05-30,320.9439392089844,323.59144421120516,318.55265089822166,323.59144421120516,3737750
2018-05-31,319.0650634765625,327.263736803365,317.0581003338505,321.20013495665023,11979616
2018-06-01,327.6907958984375,329.56965099379596,318.1683831461293,319.87644637753027,4548210
2018-06-04,317.9548645019531,330.29557379932237,316.0760094914213,327.9469978065667,3958335
2018-06-05,311.1225891113281,317.91209925881,305.35788776778554,317.1861906128231,5535807
2018-06-06,324.3173522949219,326.1535237160818,309.2437426443141,309.2437426443141,5566018
2018-06-07,324.48822021484375,329.8685979963415,320.26075987340505,324.2747159141526,4036551
2018-06-08,322.43853759765625,327.4773026107907,317.9121771119736,324.1038884598321,4298662
2018-06-11,332.04632568359375,334.60843491452096,322.6093091408258,322.6093091408258,6040503
2018-06-12,325.0860290527344,335.9748932599495,324.1466158891987,333.02851648359143,6132581
2018-06-13,320.81585693359375,327.00756802456823,318.808893496927,319.40672285278947,7432828
2018-06-14,321.54180908203125,327.94702474802824,318.97972859930564,318.97972859930564,5218952
2018-06-15,323.036376953125,324.7444113762828,316.1614400774673,323.42067313098875,6339567
2018-06-18,316.7592468261719,325.2995347844215,314.3252745903157,322.780166609391,3120256
2018-06-19,317.0154113769531,321.0293379594399,315.30734828280043,316.8446195267192,3962117
2018-06-20,317.6132507324219,321.54178151401175,316.3749085648002,318.1256552176886,2785850
2018-06-21,314.88037109375,320.26074868732167,310.69562332596126,320.21806517969424,4261882
2018-06-22,319.87646484375,321.5418157461184,312.83070722227075,316.80195084973906,3404583
2018-06-25,319.5348205566406,322.780126103314,317.5278571868797,317.69864904379546,3337617
2018-06-26,324.7016906738281,326.87944588125055,318.72348412244764,319.4067093807976,4792013
2018-06-27,320.81585693359375,325.85462173767803,318.6381016343176,325.59843394376395,3786049
2018-06-28,322.7801513671875,325.7265569356904,314.75226834144087,319.1505204808182,6498784
2018-06-29,326.1961975097656,327.34914366633285,320.5169204853044,320.5169204853044,3820380
2018-07-02,314.32525634765625,325.72655341266545,312.19018448200814,325.4703366916453,4872211
2018-07-03,316.6311340332031,319.9191231512899,312.65989071857075,319.9191231512899,3092637
2018-07-04,313.7701110839844,317.61324587903084,309.75618443591344,316.7165163547442,4355428
2018-07-05,310.3539733886719,313.2149826273562,307.151380456542,311.72042383590247,7104382
2018-07-06,309.37188720703125,312.06207602178637,307.3649237025345,309.1583829123712,8008826
2018-07-09,309.2437438964844,312.91608675367405,308.816735355424,312.5744741371532,5248262
2018-07-10,314.1117248535156,315.8197879818035,309.5853647931436,309.5853647931436,1879352
2018-07-11,309.1583557128906,315.05116626583316,308.2189137643452,315.05116626583316,2085140
2018-07-12,309.2864990234375,311.7204711782486,307.7492564960164,311.7204711782486,2299214
2018-07-13,306.5535583496094,311.59232280323596,305.18710787031483,310.86641406008744,5311215
2018-07-16,296.6895751953125,307.2368265442365,294.4691073151952,304.0342330892007,3618410
2018-07-17,292.5475158691406,299.50784810122013,290.3697316757066,296.3479384127868,5420158
2018-07-18,287.6368408203125,294.7252809473675,282.68347232385565,293.87123494411065,5322210
2018-07-19,294.639892578125,296.7749644730271,288.32010174717306,289.5157315977064,5027938
2018-07-20,294.9814758300781,296.94575565837636,290.66864896172706,292.9318289932685,4212334
2018-07-23,306.5535583496094,307.45028786185105,294.6398579960088,295.0668954595605,4145242
2018-07-24,304.7173767089844,312.95873311205344,303.39360990310587,308.64590687352006,4350541
2018-07-25,300.8742980957031,303.8633869994512,293.35884895287074,303.2655865697203,5175174
2018-07-26,305.443359375,307.4503229008039,300.9169988760753,301.51482825848973,3816677
2018-07-27,311.4642333984375,319.3212944843635,300.31915456681674,307.3648820918525,9016962
2018-07-30,327.30645751953125,332.13171745175373,303.43634562130455,306.59625496214494,7476176
2018-07-31,333.5836486816406,335.24899969686976,323.42069286813677,326.2389903240509,8096298
2018-08-01,328.3740234375,340.7574458019189,326.7940685524409,333.0711756672133,9444961
2018-08-02,320.6374816894531,330.73800200422994,317.3709367556906,329.57751012677005,6186750
2018-08-03,321.9268798828125,323.98996982619923,318.40244183976534,322.18477340264104,3647704
2018-08-06,331.59759521484375,333.2738448755288,322.09881803000775,322.22773568207367,4039536
2018-08-07,328.2880554199219,332.50019006071,326.01006393962194,331.59759185965686,2430919
2018-08-08,331.2107849121094,333.44578466196873,320.9813181991018,326.74075630476733,3321970
2018-08-09,315.5227355957031,332.07035967085886,313.3306989063008,332.07035967085886,12249927
2018-08-10,317.88671875,322.18480871600815,313.84652233208703,316.51132530365754,4489796
2018-08-13,318.18756103515625,323.001437883795,312.04128275984203,317.113053145135,4235777
2018-08-14,315.4797668457031,320.3795985136881,312.90091879694046,318.18756166304735,3215464
2018-08-16,319.77783203125,321.49707363405014,313.93243968934996,315.09290230207216,3012465
2018-08-17,319.2620544433594,322.3566600302065,314.7490637061917,319.8208042914078,3362891
2018-08-20,318.53143310546875,321.36817489707505,315.7376832757144,320.12172818724235,2837782
2018-08-21,316.5543212890625,318.40248078691275,312.1272844927189,312.9009360392172,3451323
2018-08-23,317.97265625,323.8610409292683,316.4253532609268,320.0357463071792,4746745
2018-08-24,317.1559753417969,318.7462701012759,313.76048427238146,318.05857349676506,2318341
2018-08-27,325.92413330078125,329.92133756887426,315.8236136266222,318.05861331729216,6589318
2018-08-28,323.9040222167969,331.55461120893426,322.70053850261206,328.6748777938721,4072000
2018-08-29,322.2707214355469,328.7608474973972,320.42253309497556,324.9355240590496,4481303
2018-08-30,329.319580078125,330.95283766583145,322.9154091548763,324.3337943020194,7796683
2018-08-31,329.9643249511719,331.8125134200058,323.2163340142272,326.5258415458116,8709625
2018-09-03,329.92132568359375,332.8870139165572,327.04162136457586,332.6721123469363,4176986
2018-09-04,325.2364501953125,329.62049495035365,322.95845845096915,328.6319418316689,3202349
2018-09-05,319.8208312988281,324.8066175071297,314.83504509052653,322.3566872517684,6639329
2018-09-06,320.0357360839844,322.0988260752604,316.42534315306204,321.45409226072326,2611929
2018-09-07,334.9071044921875,336.36845259761014,317.0270497942412,321.41112321813,5463110
2018-09-10,333.8755798339844,341.6981078788181,328.5459741296585,334.649260443602,5613805
2018-09-11,325.53729248046875,337.3140619039457,324.46278459536006,333.96156237325965,5815679
2018-09-12,323.8180236816406,328.5029533488172,319.60591819504975,327.42841644593005,4065958
2018-09-14,329.7493896484375,333.703630606332,320.6374241100594,324.93551337331945,3596796
2018-09-17,328.4170227050781,336.1106038725623,324.1618958430012,326.7837358069835,3424364
2018-09-18,321.23919677734375,330.7809663370397,320.2506437198214,326.8267249993284,2955053
2018-09-19,318.1015930175781,326.99862858650647,309.72031539292067,321.92688751942,2182182
2018-09-21,318.4884338378906,326.52586387846907,307.0985040785091,313.67458584876636,6106651
2018-09-24,306.19586181640625,320.5514780169925,301.29605971638927,318.40243332699316,7884016
2018-09-25,309.89227294921875,312.60009717534376,295.7085925497358,308.77477297405653,6854558
2018-09-26,310.5799255371094,313.76051537131735,307.01252451678636,312.0412736896344,4398347
2018-09-27,306.7116394042969,312.42808471428646,304.8634511311781,310.75183514703923,4483893
2018-09-28,291.0235900878906,308.6027871438487,288.10089408865105,306.7116360456852,12408231
2018-10-01,280.880126953125,292.2700553351528,276.53904552035857,291.4104490827811,10867591
2018-10-03,273.7453308105469,281.3529577178392,271.94013416552406,280.2354578049798,7389608
2018-10-04,266.6104736328125,272.88569843876775,259.73353607428544,271.0805019658091,8969681
2018-10-05,256.681884765625,271.5532883177413,250.9224471989126,265.1921089102134,7954131
2018-10-08,253.75917053222656,256.8538052122361,250.14877795935803,256.8538052122361,10015308
2018-10-09,248.4295654296875,255.22054827172477,246.71032374038276,254.66179836115347,9499251
2018-10-10,253.67324829101562,261.1519278968024,244.3034173585449,248.42956835382108,11334821
2018-10-11,245.29196166992188,253.4153457114456,242.62714439216552,248.3865675290045,5194191
2018-10-12,249.33216857910156,251.52420541450547,244.69023048054578,247.56996400518923,9995231
2018-10-15,250.23477172851562,251.8680586742382,244.17447728240288,249.33217344472763,2892892
2018-10-16,252.72763061523438,254.3609173387488,248.6014800682607,251.3522373970368,3341220
2018-10-17,247.999755859375,256.46698821376685,244.69021933165578,254.87669333081223,4302545
2018-10-19,246.96823120117188,252.03997263998102,244.64724751278763,246.71033765632396,4139025
2018-10-22,245.6358184814453,249.28917436388178,237.98521471363202,248.81640836347916,7247010
2018-10-23,245.76475524902344,249.8049512666382,243.27184759761633,243.3148395539139,7364748
2018-10-24,271.5103454589844,282.59941947174474,246.40950071977304,249.2892054700524,13531404
2018-10-25,254.06005859375,266.82538094250526,251.13736225157587,263.90268460033116,16981629
2018-10-26,256.1231384277344,263.04306781628134,246.71031594536603,255.39244981750835,8719999
2018-10-29,252.81358337402344,260.9369667573681,249.2891455577424,257.1116725923917,6271130
2018-10-30,251.52420043945312,255.47844177055597,248.73042177931885,253.11449536341138,5334354
2018-10-31,251.30931091308594,253.5872735142518,239.74744274580127,251.782076931079,8163543
2018-11-01,252.29786682128906,256.16615357327214,247.01122378431148,251.86806365054065,5268238
2018-11-02,259.6475830078125,264.59037736306055,252.29785030328304,252.64169863889467,4910534
2018-11-05,262.81134033203125,264.7182747017373,258.304035576263,260.7310322829628,4841471
2018-11-06,264.41497802734375,266.9286769199419,262.551364567142,263.504846681767,2943744
2018-11-07,265.455078125,267.83875357427416,263.4614421152979,267.83875357427416,307017
2018-11-09,259.8209533691406,262.98476683571863,250.24289948869463,251.19638154034178,9425801
2018-11-12,256.7437744140625,264.37154078441563,254.83684015911047,260.9043902618251,6792319
2018-11-13,257.9139709472656,263.5047805747158,251.62972529233733,256.570449650482,4317488
2018-11-14,261.1644592285156,270.2657705136703,258.30404291738876,260.03760365700106,5418605
2018-11-15,263.85150146484375,265.8451080526663,258.3040425350903,261.1644588419836,4493893
2018-11-16,288.425048828125,291.9355798463027,261.7711996490757,262.5513078695991,25046229
2018-11-19,291.9788818359375,293.75582260668546,276.5066533313937,285.52129205335876,13062401
2018-11-20,287.73162841796875,294.2325690799901,284.5678155763804,288.7284316883365,11910774
2018-11-21,288.3817138671875,294.2325692719887,286.17138288745014,286.9081696642115,9406787
2018-11-22,284.17779541015625,294.5359562835396,278.58698547508595,287.6882971483286,9903933
2018-11-26,289.98529052734375,293.7558379987858,284.3511300244442,284.3511300244442,6623860
2018-11-27,284.4378356933594,291.15547245886285,280.92733366180164,289.42191150045005,7734474
2018-11-28,272.2593688964844,288.4683843873581,269.5723263506551,287.7749483721996,10180878
2018-11-29,274.9465026855469,279.10709036253337,270.43916757237884,278.2403098237392,9217365
2018-11-30,271.7393798828125,281.10073926284656,269.3123531748821,276.5067317604741,6595578
2018-12-03,277.15673828125,278.2402430452516,272.6060828436451,274.33967285571987,3368628
2018-12-04,276.1165771484375,280.40721598641505,268.9222007968976,278.24023586488,7156660
2018-12-05,271.1325988769531,278.11028188088153,268.87894603609755,277.11347840904966,5027352
2018-12-06,263.5047607421875,269.5723108506768,261.7711708039699,269.5723108506768,6566491
2018-12-07,263.4614562988281,266.7986138476883,259.127495366728,264.37158750755816,5298884
2018-12-10,255.6603240966797,261.467828940276,252.10647171615557,258.6940847700039,5748768
2018-12-11,251.58639526367188,255.18356885122242,244.43534014416556,249.63611017203797,9994368
2018-12-12,264.84832763671875,269.5723573646623,252.66990391402112,254.83688437306358,10299827
2018-12-13,262.7247009277344,271.17592774916113,261.38117948497074,267.4053799465161,7666679
2018-12-14,276.723388671875,288.9885141231276,264.5449647468426,264.5449647468426,22730782
2018-12-17,273.2128601074219,280.14719114583227,271.13255199073444,276.7233617102396,6809035
2018-12-18,275.4665222167969,277.980220608291,270.09240740220434,272.34605993235806,6272518
2018-12-19,279.71380615234375,280.84063239883324,275.6832127702481,276.940061945263,5789644
2018-12-20,274.38299560546875,278.7169555180037,272.1726648968695,274.7730349742818,5987582
2018-12-21,266.8852844238281,281.4907344385669,264.8916776692878,277.37346864267494,12363968
2018-12-24,267.9254150390625,270.6991591676313,263.72147743829254,268.53217890482375,5225655
2018-12-26,277.7635498046875,279.97388111833203,262.29131866082946,267.14534217734627,8367166
2018-12-27,274.5130615234375,280.58061287051083,272.17273664201616,280.1472226351236,8764732
2018-12-28,274.38299560546875,278.2402146445271,272.60605501801433,274.6863628201615,5184819
2018-12-31,270.8725280761719,278.1536070742642,269.65902958509815,276.5066890108677,4210832
2019-01-01,276.9400634765625,279.10704381268926,271.56594872090227,273.86295198627346,6117146
2019-01-02,271.0025634765625,278.24029204512976,267.9254516696857,274.686439232157,6218991
2019-01-03,271.7393798828125,273.47297038847705,266.9286772360513,270.87256995470295,6230813
2019-01-04,279.49713134765625,281.4474167160403,270.82920942174945,270.82920942174945,11361086
2019-01-07,281.66412353515625,284.2211435862499,279.1937463122402,281.18738252631886,5511088
2019-01-08,285.39129638671875,287.55827677344695,280.1905551987907,280.6239454060265,7194973
2019-01-09,289.9419250488281,292.8890134020666,283.70103033899693,288.8150988755632,8018192
2019-01-10,292.36895751953125,293.53913447547467,288.1216692224178,291.71887225536136,5748158
2019-01-11,290.4620361328125,292.3689706033766,285.17459356607986,292.23894767461456,5922578
2019-01-14,287.42822265625,290.20196664249664,284.43778358989607,289.59520280786876,3674704
2019-01-15,292.7590026855469,294.14587475677536,283.0076061293612,286.0413667722629,5706902
2019-01-16,289.4652099609375,299.25995774172105,287.25490817400646,291.89223620103616,7705383
2019-01-17,287.8183288574219,291.8922438543496,286.21476157555884,288.64178787929336,4569576
2019-01-18,269.7023620605469,288.16503080084004,263.76483424330934,286.4747914402016,16359865
2019-01-21,269.875732421875,273.47293593677813,265.23840408516105,269.3123192473313,8621248
2019-01-22,264.2415771484375,270.5257936855994,261.3811607667712,270.4391215165909,8770625
2019-01-23,263.2447509765625,266.4518854639845,262.03125252884155,265.93182308654673,5617992
2019-01-24,261.46783447265625,266.7985984809618,255.27026071752599,265.84511656461916,10389592
2019-01-25,266.53857421875,270.4391450191426,261.7712229518483,263.5048132354173,6040052
2019-01-28,264.5016174316406,268.1421423627284,255.44365586759642,266.971994599558,4546062
2019-01-29,266.8419494628906,268.4021659177047,261.51115609960374,264.3715725004618,3210022
2019-01-30,263.2447509765625,271.219236434269,260.12431801083756,267.8387576045507,6553462
2019-01-31,265.5851135253906,269.0956153991147,262.76801839352504,263.9381954682831,9493241
2019-02-01,270.3091125488281,278.1536046365876,264.37158438103654,264.4582859050713,9243929
2019-02-04,265.7151184082031,269.3556429707264,261.9445709183686,268.7055283341702,3895812
2019-02-05,267.14532470703125,270.13576412682454,253.8400749827334,256.0503768012811,14678663
2019-02-06,267.6220703125,269.13896542933657,260.90443386729504,266.10517519566343,5202682
2019-02-07,269.7023620605469,272.5194276616109,264.5449424597157,267.4920309886055,3852519
2019-02-08,271.52264404296875,272.3460737280096,265.3250699205601,267.83876843938526,3413931
2019-02-11,270.6125183105469,273.42958417296103,269.57236414198996,273.03951535329566,3303611
2019-02-12,269.7890319824219,273.55957945577916,268.40215989789306,270.1790714121032,2226134
2019-02-14,260.7310485839844,268.61886175027513,257.0038517759541,267.8387535207384,8573394
2019-02-15,264.02484130859375,265.2816904319083,257.7406250425679,260.9044085545348,6727458
2019-02-18,262.24798583984375,266.23522914961296,260.0810051421311,266.018534014897,4440252
2019-02-19,263.2447509765625,271.73932816225584,261.381167219407,263.41812466940775,7593977
2019-02-20,267.8387145996094,269.4422815858472,264.32821340155033,264.8482756954855,6216966
2019-02-21,268.6188659667969,269.5723479015022,262.6380165461015,265.151714964371,5805770
2019-02-22,272.0426940917969,274.33969739443654,267.0152972823702,268.0121006220189,6199607
2019-02-25,274.9897766113281,277.37345203190375,270.0924028417021,272.17271099620206,4154758
2019-02-26,273.4295654296875,277.8068769201529,271.65265385763547,273.6462605311305,5562215
2019-02-27,277.50347900390625,281.9241118837209,272.4760822325508,276.4633249115001,4527145
2019-02-28,275.6832580566406,283.39772806220014,273.8629954593671,281.620786881186,7687680
2019-03-01,266.6685791015625,275.46652351319676,261.8578773968683,275.46652351319676,29577827
2019-03-05,266.8419494628906,268.01209712872696,263.1580740745563,266.97197239254984,11396759
2019-03-06,268.1854553222656,271.52261248886515,267.23197346022386,269.5289766001996,7093395
2019-03-07,266.6685791015625,270.61250039844106,266.10516596637257,268.7055365403684,6466583
2019-03-08,267.5787048339844,270.43912121243363,266.66857368404817,268.4888359839206,4441514
2019-03-11,289.335205078125,292.1956217018954,267.57872778264175,267.8821244256732,17059011
2019-03-12,304.93743896484375,306.8443732890031,285.4779389152737,288.4683779955652,30070085
2019-03-13,292.7590026855469,309.05472017193426,291.6755272239918,302.07703840765805,13993813
2019-03-14,296.7896423339844,299.8667542162299,289.9853331910133,292.1089630377129,6931287
2019-03-15,292.7156982421875,298.913242812675,287.0815374639224,298.1764853262271,11536718
2019-03-18,286.6048278808594,297.8731506714534,285.43468005652164,292.9757761938435,5844953
2019-03-19,291.8922424316406,294.23259655075776,287.77497669290085,287.77497669290085,5639437
2019-03-20,289.508544921875,294.62261363578745,288.07832210198626,292.2389382865201,3309504
2019-03-22,287.3848876953125,301.1235253592625,285.43460271579124,291.24210690015997,9113700
2019-03-25,283.4410095214844,290.2886686793449,280.1472028741089,288.5550785095291,5253505
2019-03-26,284.13446044921875,287.25492291808257,282.7909390038032,284.7845457904423,4247229
2019-03-27,279.54046630859375,288.64180825235616,277.72020378995165,286.9082179130418,5951916
2019-03-28,285.998046875,288.64176810592716,275.42316195129143,279.62712894586684,13616927
2019-04-01,295.40277099609375,298.9999746731331,288.8151569580978,289.4219209236285,7080411
2019-04-02,308.9680480957031,311.1783793386614,297.3097160059459,297.3097160059459,22251488
2019-04-03,303.3772277832031,314.6455200352041,301.2102473751049,308.57799837296847,12250809
2019-04-04,309.27142333984375,311.611748008241,305.1108070175175,305.1108070175175,12168154
2019-04-05,309.1414489746094,311.82849209198025,306.45437650668566,310.83168861462195,3728070
2019-04-08,307.6678771972656,315.3389663720737,305.5875688936854,310.6582873642932,5656181
2019-04-09,304.76409912109375,312.91195834787874,296.0095053400461,310.7882993563115,10073980
2019-04-10,294.7093200683594,307.1911407226967,292.9757591404534,304.0706782214747,4759411
2019-04-11,300.2134094238281,304.4606975784019,292.2389247889998,296.1828163500387,18189273
2019-04-12,296.3995056152344,303.6805834590201,293.84248610182254,300.7768166025017,8349759
2019-04-15,301.38360595703125,302.5104321906712,290.2019864379294,298.95657980351166,10210051
2019-04-16,302.29376220703125,304.3307197486307,295.3594305429235,301.64367686836346,9519380
2019-04-18,300.7334899902344,303.7672503597056,288.3383439837052,302.94379147281296,16138821
2019-04-22,302.8571472167969,310.7882815330204,291.76219997529,298.17646864229766,15339393
2019-04-23,298.7869567871094,307.18884526998096,296.61566178890536,306.8112504424391,11627154
2019-04-24,306.3392028808594,308.03848231694775,297.9373144710441,298.7869541890883,7161510
2019-04-25,310.1153564453125,314.26910496423875,303.03509394924055,304.73437338460576,11517967
2019-04-26,307.2360534667969,316.91243128243724,304.2623436572306,311.53141860295955,5000316
2019-04-30,302.37420654296875,308.51043673990876,296.47398407089014,305.867126741026,6139942
2019-05-02,306.0559997558594,310.9649966314768,303.60153066860056,304.82876521222994,7925814
2019-05-03,312.9002380371094,315.1659242681704,306.29199142160616,306.29199142160616,9901409
2019-05-06,314.7882995605469,317.5731969874303,308.22727798888553,312.9002374881579,14870120
2019-05-07,306.7640075683594,321.77417154222155,303.4598989291197,320.9717275480771,17735230
2019-05-08,306.3392028808594,309.1241298066098,302.1854543601653,306.6696313714543,4864438
2019-05-09,297.79571533203125,307.94407945048187,295.1052089692805,303.271119431432,7998137
2019-05-10,305.96160888671875,310.02096604999923,297.55969110355795,301.0526120030889,7855974
2019-05-13,300.8166198730469,309.0297259953659,297.0404953205608,303.5071262270241,6620278
2019-05-14,317.7619934082031,320.6885070865416,297.5596597877221,298.3148787093574,10954653
2019-05-15,312.71142578125,319.08366463365974,310.30415250621206,317.19560255903417,7782551
2019-05-16,307.00006103515625,314.64676055673175,303.0823198965564,313.4194965418576,4591691
2019-05-17,310.0681457519531,312.19221559279197,304.12072671716555,305.58396895963375,4117918
2019-05-20,321.0661926269531,322.81263855165383,312.4754620169949,313.4667182261762,7858379
2019-05-21,312.1449890136719,321.06611668280857,310.16250641479303,320.9716959777883,4316609
2019-05-22,316.3931884765625,319.0364991113569,310.2569861539562,312.4754475611395,6791987
2019-05-23,319.8388977050781,329.4680499311765,315.4963371315112,318.6588588563724,5449864
2019-05-24,333.4330139160156,336.0762950529949,320.9717391685289,321.01896420266655,9756740
2019-05-27,329.9400329589844,332.20571906546274,326.96632361304984,330.128845026282,4004333
2019-05-28,326.25830078125,332.01693676356354,322.576568191259,329.23201013090016,8643505
2019-05-29,319.8388977050781,325.8335420173827,318.94206230995184,324.5590824504507,4581547
2019-05-30,327.2967529296875,329.98725885702856,320.5468902716788,320.9717100865797,14152211
2019-05-31,329.2792663574219,332.6777664928214,325.1727135640521,329.4680490922944,11028688
2019-06-03,333.0081481933594,335.84024102514206,329.3264157718237,331.82810951344993,5214139
2019-06-04,332.6777648925781,336.0290986786885,330.17607081150544,331.35613900207983,6749428
2019-06-06,333.9994201660156,336.02909871127514,328.9960320033851,333.0553890939041,10510811
2019-06-07,337.1147766113281,341.6933453346456,332.11138799710767,333.9994503117412,5879853
2019-06-10,343.109375,344.2422182025285,333.8578466381428,334.94346480471336,5992522
2019-06-11,342.9205322265625,346.41345289244936,338.20037709713375,342.68452447009105,5668149
2019-06-12,339.7579650878906,342.11807168645373,337.1146844402181,342.11807168645373,2868026
2019-06-13,343.3925476074219,344.5253907081586,337.0675338663106,337.0675338663106,3839377
2019-06-14,333.5274353027344,342.63737707717326,331.96977215028045,342.25975287338076,5170880
2019-06-17,324.7478942871094,335.69870175557327,322.95422349823343,335.69870175557327,7087101
2019-06-18,325.83355712890625,327.9104314690597,322.1045989733948,326.069564909593,4977568
2019-06-19,322.01019287109375,328.524019060295,315.59075804962885,327.10797244095124,4008250
2019-06-20,329.04327392578125,330.4121249207099,320.2165359876218,320.26373167353984,3563847
2019-06-21,324.5590515136719,330.31765815677863,323.5205998154657,328.05197204300765,9764198
2019-06-24,325.78631591796875,329.0432583504089,324.27587793678305,325.8335409522023,3310679
2019-06-25,329.0904541015625,332.30017150042715,325.2671047630312,326.1167444717159,2848907
2019-06-26,326.2111511230469,332.30018706965984,323.37905776213904,330.4121248290546,4732848
2019-06-27,329.1376953125,331.21456983724744,321.8214241103854,327.81603988296433,13137225
2019-06-28,327.2496032714844,330.4121251377837,323.3318623783475,328.9016577335576,8737050
2019-07-01,328.9960632324219,330.2705229110766,325.8335705808773,327.5800164898403,3469130
2019-07-02,333.8105773925781,334.6602170195866,327.9103837343161,329.4680172497692,3816212
2019-07-03,333.4330139160156,336.54831058997513,330.1760714901927,333.14978111338786,8473243
2019-07-04,342.448486328125,344.572555947899,333.2441552918923,333.57455438141676,8565250
2019-07-05,344.3838195800781,350.37846434096247,340.32449150688046,342.4485615934951,6878479
2019-07-08,336.45391845703125,344.0061963820753,334.61305199688826,341.74051006950714,3543845
2019-07-09,342.02374267578125,342.92057814056056,334.2826520063977,336.0763229359563,3931858
2019-07-10,338.48358154296875,344.4781961855271,333.85781776213145,342.590134128132,5299464
2019-07-11,340.5604248046875,342.11808760105686,336.35945188714044,338.2003474468827,3513505
2019-07-12,336.17071533203125,340.6076672439652,334.32984887010076,340.6076672439652,4750306
2019-07-15,330.978515625,339.28601255909285,329.60966469718585,337.586762495501,3524295
2019-07-16,331.1200866699219,335.0850225088904,330.0816350201314,331.3560944061635,3651688
2019-07-17,326.8719787597656,333.62184236033715,325.5031277652904,330.931336057289,4765414
2019-07-18,323.33184814453125,331.54492440738966,319.65011519376895,328.52401908247566,3711155
2019-07-19,320.924560546875,326.6359723284221,317.29002310856765,324.2758945180476,2517348
2019-07-22,323.3790283203125,324.2758636730584,316.8179774108947,320.0276946679174,3120156
2019-07-23,324.3702697753906,328.99603379413514,318.51727122633116,323.7566378349583,3682410
2019-07-24,319.933349609375,325.45594956997286,316.95963968054906,324.7479261917336,4840787
2019-07-25,320.0277099609375,324.22868348522053,315.8267657872042,316.2515856430738,7600173
2019-07-26,316.1571960449219,319.9333500850313,309.83218131980357,319.08371028965996,5089100
2019-07-29,315.82672119140625,317.6203917293391,309.73768636798366,315.9683375735493,5072884
2019-07-30,326.3999328613281,328.8072354746563,316.3931569558904,318.1396319763549,12960949
2019-07-31,318.7060546875,333.9522270611432,314.08029065821586,323.99267569302435,11065547
2019-08-01,305.7728271484375,319.7917371729066,303.17674139592185,316.251620237658,9957404
2019-08-02,324.3230895996094,335.08508548562827,308.88813378764917,313.4194773050116,28586783
2019-08-05,337.6811828613281,341.4101117950637,320.0749313727603,321.06618756631747,15513355
2019-08-06,347.8294982910156,354.3905192158906,334.2825779456563,334.2825779456563,17339262
2019-08-07,345.6110534667969,352.0776838889607,342.2125240137515,347.4047242351166,12759435
2019-08-08,351.3224792480469,357.5531021577237,344.95023993225567,345.5166468556124,16351434
2019-08-09,350.37841796875,352.8328868926599,343.77017144554696,351.1808325994961,7844936
2019-08-13,331.9697265625,344.5725877643977,326.7775559014053,340.9852757232056,14292351
2019-08-14,340.9852600097656,343.486953862319,327.8631588660187,335.13223267723214,7813907
2019-08-16,341.315673828125,344.5725867395985,335.1322471242276,339.85243160718704,5827109
2019-08-19,340.7964782714844,345.7526413879353,339.66363511761426,343.10936026260464,4606667
2019-08-20,338.0115661621094,342.0708937170024,337.3979342529944,340.3244480534414,5364922
2019-08-21,335.0378723144531,340.04126048244166,333.3858179364889,337.96435690091295,4122882
2019-08-22,333.0081481933594,337.20909176394616,331.35609404148613,335.1322178171964,3171984
2019-08-23,336.45391845703125,338.86119182004154,330.8841233931217,334.1882321444631,4676421
2019-08-26,340.466064453125,342.3541560246088,327.48560733365866,337.91717458475506,5024254
2019-08-27,328.8072204589844,347.5934782387017,325.4558869661962,342.2124957290434,32805677
2019-08-28,326.4471435546875,329.9400644056921,321.4437553718852,329.9400644056921,5628194
2019-08-29,324.27587890625,330.17607314812983,322.0573882609734,323.19023142552425,6040518
2019-08-30,327.3912048339844,330.03451557085083,319.7917304913217,325.691954610679,4855098
2019-09-03,317.9980163574219,326.5887457350691,316.72358620064784,326.16392589929495,4305439
2019-09-04,326.3527526855469,327.9104157034086,316.34597630466527,317.19561601450795,5241168
2019-09-05,328.2408142089844,329.79847722385034,321.86857509851876,325.691924434908,3325608
2019-09-06,329.7040710449219,334.1882482020399,325.78633016843753,330.6009064763455,6392799
2019-09-09,336.5010681152344,337.39790338089995,329.9872428704481,331.3088685798883,3782198
2019-09-11,335.2266845703125,341.693315034832,331.54492229248626,341.5045029500012,4900745
2019-09-12,328.0992126464844,338.3419972402603,327.3439936220032,338.3419972402603,5639186
2019-09-13,323.8510437011719,330.1288618172024,321.82136523794594,328.1464083861129,5012583
2019-09-16,324.7478942871094,326.0695495368653,319.46130263863535,323.8038632088693,5104088
2019-09-17,320.83013916015625,329.2792521515209,313.93868911813564,329.2792521515209,8486044
2019-09-18,316.8179931640625,324.8894823895667,315.8739620827684,322.4822090023767,7631530
2019-09-19,318.7060546875,323.37904375119393,315.9683821675673,319.46130303146043,11891538
2019-09-20,336.45391845703125,344.66702400245345,316.29877876242017,320.68853498656495,15819981
2019-09-23,328.5240173339844,341.9765188481602,325.6919241101787,336.0762952813489,5854791
2019-09-24,329.1376953125,332.30021746511983,326.0695938908777,328.5240632879541,4811334
2019-09-25,322.5294189453125,331.30893186992824,319.08369360603416,329.5152903465027,4697149
2019-09-26,324.7950744628906,327.62716756238655,321.39654513316657,321.9629813633947,4958745
2019-09-27,329.5625,335.0379042260699,320.2637460831791,324.74792345816815,3416220
2019-09-30,346.50787353515625,353.9185346971866,324.983883967788,333.24418479316256,19984719
2019-10-01,331.30889892578125,349.906404121959,327.43838344645036,349.29277221278664,7344343
2019-10-03,325.5975646972656,335.6987334074995,322.1990348848355,331.3089473890154,5037665
2019-10-04,320.4997253417969,329.18484648923777,315.54356217705754,328.8072516679684,4794009
2019-10-07,322.4350280761719,327.34399579369295,318.2340543514763,319.0836941037486,3566103
2019-10-09,339.2859802246094,340.65483102196987,320.0276777033497,323.8982223493535,8848384
2019-10-10,356.1370544433594,363.4533248434302,341.7405214190087,342.5901611520764,48555442
2019-10-11,361.4708251953125,363.7837071611835,351.7472818020815,353.9657430516736,11113337
2019-10-14,371.5248107910156,374.7817239366667,358.96914440504105,362.9340808714619,10930620
2019-10-15,362.1788330078125,370.01431394711017,360.1963502572905,368.17344758967823,8746356
2019-10-16,363.6893005371094,365.15254274782643,356.231414389226,359.7715600643544,9079900
2019-10-17,364.2557067871094,365.8133697074853,357.8362723823884,363.4532921617932,4877679
2019-10-18,362.03729248046875,364.77496517738626,359.2051697086257,363.40611415365174,4053714
2019-10-22,353.163330078125,374.3096963531168,346.64947464573345,360.4323751410602,11570680
2019-10-23,340.1828308105469,356.8450488734039,335.1322472072861,352.5968799026328,13588127
2019-10-24,351.5112609863281,355.2873850841059,307.28324312803727,334.14101969523523,74062675
2019-10-25,354.154541015625,357.2226711872224,342.3068988602784,349.1983488003048,28275934
2019-10-27,352.2193298339844,354.4850163260638,345.13906688387397,351.1808779623847,2033141
2019-10-29,339.7579650878906,345.1861721088785,333.3385314928436,342.6844784857607,36912144
2019-10-30,347.35748291015625,350.567200129071,340.46603296075375,343.911757935455,17185921
2019-10-31,353.304931640625,355.7122344331611,343.39257571085676,346.17747333417566,13034332
2019-11-01,352.1720886230469,355.3346104292783,343.0149810513721,343.0149810513721,13938891
2019-11-04,356.8450622558594,360.3379830558111,353.0689086568325,357.0810700213892,7763797
2019-11-05,362.4620666503906,363.9253383324418,353.58816259072296,355.90104465047625,6766429
2019-11-06,350.6616516113281,363.8309207604369,349.52880841403964,363.45332592837445,8335534
2019-11-07,350.94482421875,354.48496990549137,348.3959345865812,353.8241423192923,4906572
2019-11-08,348.4903259277344,354.815369002011,346.083052689377,349.2927699075521,6094415
2019-11-11,350.7088623046875,353.02174448343044,347.6407610789504,350.47285451809233,2826663
2019-11-13,347.97113037109375,352.50250296520187,345.65824839088214,351.27526845035976,6544841
2019-11-14,342.2125244140625,346.5550849396087,330.695310157394,337.8699638885162,21487581
2019-11-15,371.0527648925781,376.1977398061016,337.25631359633087,337.8227498169436,56210391
2019-11-18,386.2989501953125,397.013750401333,370.1559710325035,373.8377041521108,43462375
2019-11-19,414.7615661621094,420.7089556274657,397.86334072002774,403.00831557081796,63965674
2019-11-20,412.8262939453125,427.6004501552888,408.86135770917264,423.21066473070186,56689066
2019-11-21,402.44195556640625,417.73529485895676,398.571410382326,417.73529485895676,22595291
2019-11-22,397.1081237792969,405.887665655616,393.66239859655514,399.3266144279627,17090583
2019-11-25,426.13720703125,430.1493685678336,397.7689608661471,397.7689608661471,34112216
2019-11-26,408.1533203125,421.98341565404775,405.8404384755363,420.0953536402892,23906748
2019-11-27,409.09735107421875,412.54307598748215,402.53630035968274,409.23893811483737,13586924
2019-11-28,412.2126770019531,419.05693163770104,404.5188120100965,409.0973803284555,22352772
2019-11-29,417.6880798339844,424.48513877188674,410.7966295291178,414.9976030194621,20386454
2019-12-02,432.9342346191406,458.4231605821211,429.5829009688783,444.7818475731816,56782244
2019-12-03,433.40625,439.0232405191782,420.33137322574464,436.8991706939002,24319749
2019-12-04,435.57757568359375,438.78729338100163,429.25256101549724,435.05836441357104,16851755
2019-12-05,422.3138122558594,437.6543747275528,420.4257502533241,437.371171297282,17642464
2019-12-06,419.9537658691406,427.0812239372576,418.0657037267095,426.6092084016499,11629491
2019-12-09,420.8977966308594,426.32600463690676,416.98005594797587,422.54985100427183,8012971
2019-12-10,421.98345947265625,425.75958389228475,418.44334282925456,420.5202171301603,7274085
2019-12-11,417.9713134765625,423.91870337100113,415.94163492780626,419.62336785560376,6931352
2019-12-12,414.1007385253906,419.0097056240306,412.07106012337545,418.1128702987088,7527779
2019-12-13,403.85797119140625,416.0360127365166,402.15872118416587,415.3751851363263,13320154
2019-12-16,398.2409362792969,406.92605676847984,396.9193104791974,406.31245422396677,7093336
2019-12-17,415.3280029296875,416.79124522366,394.22883212326406,400.97866603973495,23423482
2019-12-18,413.7703552246094,422.0778524600614,409.8526143840144,421.9834610894293,17986000
2019-12-19,424.29632568359375,431.2349716555267,406.17086457595207,411.5990725767353,14236801
2019-12-20,428.4029235839844,434.63354691018213,420.7562535041806,424.72119028438783,21689127
2019-12-23,429.34686279296875,433.45341510919155,421.46418660925616,423.918655382906,10630886
2019-12-24,431.5654296875,434.2559360304129,427.0812524493119,429.06373544154525,6974012
2019-12-26,422.5026550292969,430.95176832529205,421.0394127411083,429.81892517133826,5997570
2019-12-27,429.630126953125,431.4709934688933,423.87151963073563,423.87151963073563,5997611
2019-12-30,434.7278747558594,438.69281068894026,429.63006644127404,434.2558592721723,12141748
2019-12-31,430.2909240722656,436.6159672165426,429.0636895989865,434.25588963310264,5212590
2020-01-01,427.93084716796875,434.72790583972085,424.57951351372674,430.5269325138728,5154996
2020-01-02,429.7245178222656,433.6894540383654,428.1196591930647,428.6860660737011,4933053
2020-01-03,429.630126953125,433.5006720748392,426.2316267321299,430.19656322365773,5154587
2020-01-06,424.4851379394531,431.8486037657992,419.7649532389636,428.4972699869022,7538915
2020-01-07,420.1897888183594,429.8189413133177,418.30172660771274,426.70364453586086,4353883
2020-01-08,433.1702880859375,434.96395897955693,415.70565341752973,417.8297234676074,14118818
2020-01-09,434.3503112792969,448.36922006321123,429.8189385227245,442.185792883049,18180867
2020-01-10,431.4237976074219,439.8729111726456,428.7805163976685,438.78726366748157,37724966
2020-01-13,442.6578063964844,443.97946166949697,428.8277097661354,433.31185746668143,15206224
2020-01-14,443.0826110839844,446.1979370707375,440.4865256620562,442.6577912357409,8238486
2020-01-15,441.66656494140625,445.5843055950835,438.97605880014805,443.2242279363741,10875259
2020-01-16,447.3779602050781,450.2572489746482,441.80816539138016,442.9409791462255,16290593
2020-01-17,472.0644836425781,475.60460009453107,448.5108149271613,448.5108149271613,61915666
2020-01-20,480.2303771972656,484.0065308670146,466.58909287349843,471.0732405025476,45298836
2020-01-21,483.10968017578125,486.1777810879943,476.17100499805235,481.4576258384358,65202963
2020-01-22,485.7057800292969,494.43812620216164,478.34231414023327,485.94178779880406,20285793
2020-01-23,494.3436584472656,496.56214901159154,483.67608416675705,486.17777817424945,15772863
2020-01-24,494.91015625,497.8366409374622,485.37539512150886,491.37001025305955,23824625
2020-01-27,485.61138916015625,494.7684964965437,483.2512821121124,491.98359894339063,11856786
2020-01-28,463.7569274902344,485.6113447628463,458.89515613766685,485.56411973277426,31674769
2020-01-29,462.81292724609375,473.3389146046724,460.92486513527575,465.5034333643387,20037283
2020-01-30,462.38812255859375,465.314636536625,453.2309858002878,464.46499681868534,15337903
2020-01-31,468.6659240722656,471.4508213719926,459.744795966902,465.5977939941738,18356252
2020-02-03,481.5048522949219,484.6201490886266,468.2883580503637,468.2883580503637,15212799
2020-02-04,489.8595275878906,493.35244844011146,475.27421223922755,485.2337635740645,14646591
2020-02-05,503.5008544921875,507.4186248810998,486.93305487026686,489.00992928396926,30647706
2020-02-06,516.1980590820312,521.862245151891,504.20883001350444,505.10566534467506,17180298
2020-02-07,509.2593994140625,518.274948156235,508.12652701084875,518.1804980968138,8967847
2020-02-10,508.55133056640625,513.2243483662667,506.09686182288414,509.9673769993334,8570467
2020-02-11,504.3975830078125,514.1683797138846,502.9343408961137,509.3065791996941,6622800
2020-02-12,509.40106201171875,511.9971769573789,505.0585305746659,506.0025617001601,5160923
2020-02-13,509.73138427734375,512.3746943582476,501.990295441034,509.4953471946141,5729055
2020-02-14,533.3795776367188,535.7868511180919,504.35047399842944,514.4044464983372,37517890
2020-02-17,533.23779296875,536.8723294374577,525.3551175746612,533.3321843157635,23354434
2020-02-18,517.56689453125,537.0139797537968,507.22969068988664,531.821809344127,21865560
2020-02-19,512.9883422851562,522.6174938317628,508.5985569869715,518.3693542761968,22088140
2020-02-20,515.0653076171875,521.1071185623467,508.4570310356834,513.2716367380008,16010058
2020-02-24,500.2438659667969,511.7138838816537,497.6005556462392,511.66668820104684,9834434
2020-02-25,505.29449462890625,507.84341381588035,501.2351374243367,503.1704540075284,9804202
2020-02-26,505.9552917480469,509.2122045230506,491.18113636134404,502.8871616899909,18965240
2020-02-27,501.89593505859375,505.8608417235198,497.5061498783187,504.7752236988079,11381143
2020-02-28,494.2021179199219,498.8278822124062,484.76177723821985,495.5237732465035,16934165
2020-03-02,489.34027099609375,506.0024883882936,483.2040402188745,504.11442641085597,10096159
2020-03-03,491.6531982421875,503.5008117263651,485.37537984660054,494.67410355548157,10563605
2020-03-04,487.8298645019531,502.9816165871286,479.0031560488424,495.61815047848637,18066379
2020-03-05,497.41180419921875,500.9991457596635,487.73545634339206,493.54128853732766,14344961
2020-03-06,490.09552001953125,494.3436597296946,482.82644573926,488.7738648139276,9503868
2020-03-09,468.4771728515625,483.3457216250324,463.5681758292307,481.45765939362053,15664232
2020-03-11,466.1642761230469,480.04156830921403,459.74484125720227,459.74484125720227,21401999
2020-03-12,438.9288330078125,454.55259886771114,433.5006254145914,451.7205058715334,14471096
2020-03-13,464.32342529296875,480.56082509246534,396.49453705542567,428.40290037333426,24254296
2020-03-16,438.7872314453125,465.36180474931683,430.6213512901726,445.8202978441389,14936276
2020-03-17,429.2524719238281,454.0805685622897,419.4817044447318,438.97601437409025,12629709
2020-03-18,401.73388671875,452.00371403013605,384.6468491516152,434.2558782374172,29342689
2020-03-19,419.859375,426.3732011393295,341.5045024907214,393.1431841208387,24017236
2020-03-20,436.757568359375,445.584305767237,412.212672647667,420.0953789916805,19758966
2020-03-23,384.5524597167969,420.7561840905409,377.1417693012762,393.09596386787604,14907385
2020-03-24,381.4371337890625,413.34549356307286,377.75540109785163,387.9037638389537,12947855
2020-03-25,405.0852355957031,413.72316136764215,382.9004457462466,383.79725182286717,14093189
2020-03-26,444.3570556640625,465.83382031420086,396.7305081904807,402.6307314830733,22302573
2020-03-27,423.8243103027344,448.22761912288826,413.01511933116154,444.35707412576863,16378409
2020-03-30,406.9260559082031,424.1547098093574,404.0467672116818,419.00970560898327,10210726
2020-03-31,416.224853515625,421.9834608851645,400.27065734797,416.3192448862115,17059457
2020-04-01,397.7689514160156,415.3752015024665,389.3198673784029,415.3752015024665,9646905
2020-04-03,400.22344970703125,407.82292338039696,392.3407725798155,407.82292338039696,14419445
2020-04-07,443.8850402832031,458.56477564644473,408.90854970153373,408.90854970153373,15553539
2020-04-08,435.8135681152344,463.61540818395923,427.6476870952535,447.8028280451705,13639333
2020-04-09,461.34967041015625,464.74819971262696,444.64025668591967,444.64025668591967,11962829
2020-04-13,483.5345153808594,491.74759164614073,463.5209625651195,463.5209625651195,24416550
2020-04-15,481.9296569824219,505.9553419030874,476.7846523729984,504.06727974207314,26277115
2020-04-16,472.44207763671875,484.2897201730859,469.51556376450293,472.0172577931093,17401120
2020-04-17,474.3301696777344,483.8177351823401,470.318037452574,482.4016885146364,16430317
2020-04-20,462.860107421875,479.28631767699295,459.6503902007978,479.28631767699295,11688508
2020-04-21,472.4892883300781,475.604614381821,452.33414841339965,456.9127167724629,15781695
2020-04-22,473.3388977050781,488.1130536360653,464.5121900418142,487.1217975828374,18447565
2020-04-23,468.24114990234375,478.9087246446483,463.5681608103361,473.7637493606302,12767355
2020-04-24,466.5890808105469,471.07322832366526,457.3375236367041,467.2026833862232,12161869
2020-04-27,466.4002685546875,474.8965774005946,463.61537107221034,470.1763927748467,10074370
2020-04-28,458.4703369140625,469.60995547319175,457.00709474361054,469.60995547319175,11729091
2020-04-29,468.24114990234375,470.50683624685354,459.79203646985303,463.473769442044,8371711
2020-04-30,485.5169677734375,487.07463079185885,467.48592722852857,474.9437844825617,20170888
2020-05-04,502.6984558105469,509.77868929470554,471.92290592020134,474.33017943470503,34658164
2020-05-05,498.4974060058594,522.7119020451277,496.6093439202919,507.8905794527645,30498970
2020-05-06,515.4428100585938,520.5878436359309,500.3855095742065,501.9903388112777,26074684
2020-05-07,498.4974060058594,514.8292252275542,495.0989059920573,514.8292252275542,15823732
2020-05-08,500.3855285644531,515.2540468914971,498.73344488318276,509.77864334352336,13847608
2020-05-11,506.1912841796875,517.8029478223705,502.32076876619,503.217604098746,14490804
2020-05-12,528.5177612304688,532.4354726491785,500.8103136872596,503.17045011669694,23041211
2020-05-13,524.8359985351562,537.8636503388221,518.5581510422536,536.5892495284046,21509772
2020-05-14,509.63714599609375,531.0194940450514,505.1529683872015,520.2575264848176,13428330
2020-05-15,523.089599609375,525.732910380553,509.2123061123486,513.082822190705,14758117
2020-05-18,507.9377746582031,527.7152895571725,505.2472685784648,525.7328361094062,21991328
2020-05-19,565.2879638671875,569.7249457536593,525.8273185950077,527.2433654032442,73259076
2020-05-20,560.8037109375,577.7491333703891,555.6587356887741,571.1409158198733,36412918
2020-05-21,561.2756958007812,570.6688690911336,552.6378295136034,557.4523760113387,20673544
2020-05-22,560.0013427734375,563.9662499448174,554.148314685804,563.5886257615667,11630640
2020-05-26,527.951416015625,544.188787904847,526.3465277521383,539.9878431873477,77933211
2020-05-27,531.5858154296875,533.8986971420367,522.8534997359907,529.60330346118,22948762
2020-05-28,531.2554931640625,536.2116860242628,524.8832535868197,533.0491640792036,16574283
2020-05-29,521.6735229492188,532.4354894706644,513.366025602569,526.7713027437037,55206200
2020-06-01,527.7625122070312,530.2170400022663,519.3606237645959,527.7153165226345,40024637
2020-06-02,526.86572265625,540.2710592246623,524.9776603116522,531.4914871407356,32573015
2020-06-03,520.7766723632812,536.4948311640869,518.5109859981912,536.2116570566383,29783799
2020-06-04,540.4125366210938,552.637802392635,518.7941567212679,521.3902125677043,30007267
2020-06-05,551.6466064453125,556.9804234416818,535.6924685449866,551.3162366392775,48771843
2020-06-08,552.40185546875,560.4733745024616,546.784864346455,555.0923618133205,20813563
2020-06-09,536.0228271484375,558.5380455288723,534.0403735492488,547.540041959951,15219451
2020-06-10,535.3619995117188,543.7638877061614,531.5386795796259,539.0437323948001,19489440
2020-06-11,520.9654541015625,541.6870598407203,516.1037115886913,538.0997182111221,27803048
2020-06-12,528.7537231445312,530.5473939022874,509.77865184024074,509.77865184024074,19224358
2020-06-15,519.8798217773438,532.1994800214176,518.2749924453507,524.8832099083082,13838935
2020-06-16,514.4044189453125,527.9985367609877,506.9465617705497,526.7712728925856,19430678
2020-06-17,531.9161376953125,533.8514538133844,510.7225800532577,516.2451782633399,20916747
2020-06-18,529.509033203125,540.8374659671954,526.9601725193999,532.6715552393676,19692591
2020-06-19,540.4597778320312,545.8407900961308,529.6033619380266,530.4530016324737,41924711
2020-06-22,548.5313110351562,555.09233295113,538.4773388813004,543.5751184844935,12954502
2020-06-23,546.4072265625,551.8826304887227,542.206282246919,548.5313259135696,9944839
2020-06-24,526.15771484375,549.4281824231763,523.9392240366342,548.4840925745048,12619809
2020-06-25,527.71533203125,532.1523135059468,519.2190519703304,522.9007850702826,15881470
2020-06-26,529.0369262695312,534.7011123229914,525.9687961400263,528.6593021257482,11317405
2020-06-29,535.3619995117188,537.1084745872519,520.3518351802719,527.6209095804272,13162970
2020-06-30,528.5177612304688,544.7079355376321,526.2048791865883,539.9877800809577,13182057
2020-07-01,528.8009643554688,542.8198428852093,527.0544893242029,542.8198428852093,13894655
2020-07-02,527.196044921875,535.2675626492313,526.3936009768199,533.1906592681053,13795692
2020-07-03,548.908935546875,550.7970566225246,529.2258089808212,530.3586816262109,21005887
2020-07-06,544.3302612304688,556.3195489080215,542.8670190437678,554.7146609798953,16114629
2020-07-07,535.4092407226562,549.9945864462195,534.3708182060753,546.596027372168,12759442
2020-07-08,529.8865966796875,541.8758264095219,527.7153017527046,539.9877642820927,9581306
2020-07-09,536.8252563476562,538.3356943480376,528.9425791535631,532.4354706982638,8611659
2020-07-10,542.5365600585938,546.595916629544,533.9930858195983,537.2499984716313,13532330
2020-07-13,553.9594116210938,556.0363150473871,538.0996672976127,542.3478068091421,16660491
2020-07-14,556.36669921875,563.3997354980786,546.1710830211742,551.7881316104747,32935464
2020-07-15,532.0579223632812,555.989187523266,528.3289348748392,555.989187523266,20062926
2020-07-16,531.2554931640625,534.5124064833706,522.3343342754812,534.2291736595207,11528871
2020-07-17,535.0316162109375,541.7814799669527,530.3114605009774,531.5859201529976,12189475
2020-07-20,543.5279541015625,549.9001936477999,535.8340592189621,539.0437768355282,9789671
2020-07-21,535.9755859375,551.1273368612826,534.653930749934,547.5399954523317,12005925
2020-07-22,537.2972412109375,543.2918558869756,531.3026265348994,536.211623132201,11034525
2020-07-23,535.4563598632812,543.5278778091829,532.4354254183281,538.0996701649783,9718786
2020-07-24,528.1400756835938,535.6451278577256,524.3167560780689,533.3795004626688,9960443
2020-07-27,528.1873168945312,532.1994782629048,513.6964224668833,526.9601117332675,10895560
2020-07-28,533.001953125,542.1118945011376,524.222440250372,527.2433163464258,14210206
2020-07-29,534.5123901367188,537.2972877985105,528.8953991274541,533.6155547065755,9979767
2020-07-30,521.767822265625,547.9647693075439,512.6578824629252,543.7638256894437,45326361
2020-07-31,523.797607421875,527.9985516616431,515.7260887345753,520.0686200281592,13917435
2020-08-03,516.7173461914062,525.3552723079096,515.8205107284605,523.4672100072033,9392745
2020-08-04,518.2749633789062,522.3815158966229,515.3012245965828,517.3309323657136,12035116
2020-08-05,527.6680297851562,529.1312718522645,515.9620345472003,521.1070089707506,12920232
2020-08-06,526.1049194335938,532.168426428233,523.5942122089396,532.168426428233,10620956
2020-08-07,531.315673828125,533.7789566891931,523.025710475967,526.7680293831608,7346008
2020-08-10,529.46826171875,535.2949429225578,525.6312120229165,534.6317127826005,9594610
2020-08-11,522.1256713867188,531.0314410121757,521.2729806619179,528.6628883943357,8290695
2020-08-12,518.9044189453125,531.7420269296065,516.6779618500152,521.0835108802727,12613101
2020-08-13,507.2037658691406,519.4729347890706,496.6874026942286,505.9247885315834,37464752
2020-08-14,500.8086242675781,514.3094032503676,497.3978614681263,514.3094032503676,18550546
2020-08-17,493.9871520996094,504.5036025111154,490.8606684749475,502.65612554237765,19369462
2020-08-18,498.6295166015625,501.2823189368882,492.8028362778809,494.6029479402884,13771669
2020-08-19,507.6774597167969,511.51456833867354,499.3874953200512,501.18760726100373,17395288
2020-08-20,497.9189147949219,505.5457066797852,495.2187473371483,503.08242392218415,13690809
2020-08-21,492.89764404296875,501.94553893832534,488.87107498963474,501.94553893832534,22244899
2020-08-24,499.1980285644531,504.4088447493516,481.48118873271187,490.6712089877618,29714401
2020-08-25,500.85601806640625,507.48796558161604,498.345310983037,506.3984490205425,19881871
2020-08-26,487.449951171875,500.61914565722026,485.08139842960543,500.61914565722026,26386996
2020-08-27,484.27606201171875,491.2396540480382,481.2916738407095,487.35520996387163,22268191
2020-08-28,495.9294128417969,501.70872874991557,485.1761360996355,485.1761360996355,22217757
2020-08-31,486.1235046386719,494.83984272258743,481.8127449398817,491.2396193244424,190329697
2020-09-01,517.5307006835938,526.2470103220488,487.1657418991735,490.2922256994346,75732733
2020-09-02,521.6045532226562,529.6102663101618,516.4411030450857,521.0834775803569,35680638
2020-09-03,509.7143859863281,523.8310296583044,507.4879289505052,521.6045726224814,25084656
2020-09-04,495.6451110839844,509.7143896993774,492.1870420633246,503.55615312061747,28610361
2020-09-07,488.3500061035156,500.24016441008,483.4707756820687,497.397901125186,16450037
2020-09-08,471.9122009277344,489.67640529309995,468.02775678167365,488.87107969230755,33745174
2020-09-09,477.7388610839844,480.0126835256497,465.28023227498505,467.3171994396414,32068518
2020-09-10,471.2016296386719,481.291706008173,465.37497785096724,481.291706008173,21400064
2020-09-11,465.8012390136719,476.03340902995717,462.8642163401294,473.04902119921667,15888599
2020-09-14,449.1739807128906,471.10684840710195,443.67891513518975,469.92257211120875,53032505
2020-09-15,460.0220031738281,462.0115756388024,445.3369176743296,450.1687828057548,31436333
2020-09-16,456.4217834472656,464.90123744495037,455.2848722621479,461.3957735641488,13379581
2020-09-17,453.8163757324219,456.99025401995783,449.07924088249325,454.76379681121824,13750507
2020-09-18,468.548828125,471.4858511528448,450.3109133841305,457.6060616069101,55830089
2020-09-21,443.1578063964844,469.92256828980214,436.99956970791857,469.92256828980214,23162880
2020-09-22,446.1895751953125,453.3426273072022,436.762700901956,443.8683878550536,18950065
2020-09-23,410.9927978515625,442.44727254284805,401.61328774940137,442.44727254284805,86810146
2020-09-24,397.2550964355469,410.7085101259166,394.27070847139476,402.8922573367537,36458719
2020-09-25,416.5352478027344,421.55660341081966,399.9553189364576,402.6554574037912,34232784
2020-09-28,420.32489013671875,424.1146037729433,411.22963043048253,422.5513472662,21445626
2020-09-29,412.6981201171875,421.17757367300914,406.9188341673084,420.65649799830123,18187111
2020-09-30,398.8183898925781,417.2457950518048,396.165587253414,414.9719726342206,27686374
2020-10-01,409.6190185546875,411.7507159570528,401.37641991840565,403.6028771011107,13593932
2020-10-05,402.13433837890625,414.4982359489315,400.7605719822368,409.6190058195024,15282146
2020-10-06,404.3133850097656,407.39250303896137,400.8552868253688,404.55024024278066,11078299
2020-10-07,400.2395324707031,409.05057248752354,398.9604962798993,405.30825315701736,10393534
2020-10-08,402.13433837890625,412.6033938724069,397.06561815063554,403.6028645529694,17018635
2020-10-09,402.84490966796875,412.1296889906446,401.04479788826904,405.4977121761464,20948615
2020-10-12,393.228515625,407.9609649006569,390.1967625945273,405.4976821323663,14326607
2020-10-13,393.4653625488281,405.0239630759711,391.38103054346334,399.00782230012396,28303313
2020-10-14,391.5232238769531,397.44463537366806,389.6757467890443,394.5076122078788,14374547
2020-10-15,378.2118835449219,393.6549000915655,374.2327091378463,391.66532761600115,28378188
2020-10-16,380.5330505371094,385.886020561535,377.4065670488051,383.1858529693145,23786283
2020-10-19,376.7907409667969,383.3753525950251,373.28527719934226,382.3331717690543,17237471
2020-10-20,383.7069396972656,391.47582766577676,376.0801766688411,376.79074245738155,26395238
2020-10-21,396.9709167480469,398.10782796797344,382.3331958374733,384.3701630005061,23929199
2020-10-22,408.00836181640625,409.6189833844266,396.0234451004852,396.9708660868567,27014551
2020-10-23,411.56121826171875,414.59297151368946,404.8345111314171,412.03492878684085,18512271
2020-10-26,411.2296142578125,416.34569948236367,405.497693595807,411.5138346689665,11956996
2020-10-27,410.56640625,415.8246163131844,405.0239757807921,411.22960683468443,13021129
2020-10-28,428.0937805175781,462.34318110015136,418.7616360404117,422.5513496984503,125905730
2020-10-29,427.0989685058594,433.0677443283547,421.60390318001004,424.1619457530874,25537340
2020-10-30,410.94537353515625,430.9834284464382,407.866255191257,430.9834284464382,23483928
2020-11-02,433.3520202636719,435.8153328354398,412.1297166002969,412.1297166002969,28703578
2020-11-03,430.6991882324219,436.4784743118444,423.9251159415414,433.92043158527684,16337850
2020-11-04,429.2306823730469,431.59923494805616,423.6408865136468,429.1833172127358,10191499
2020-11-05,433.2572326660156,437.61538718739905,428.8043478216234,432.973012241043,9407770
2020-11-06,426.2463073730469,436.1468927863007,425.15676137286584,432.9730145652213,12195207
2020-11-09,446.9949035644531,449.789801606494,428.7569890919184,432.3098180972382,24953555
2020-11-10,441.8788146972656,449.22135737575326,440.5524134295248,449.0792324342287,9800899
2020-11-11,453.4374084472656,456.04281648824286,439.6523783370255,443.34733243206324,16032885
2020-11-12,454.6216735839844,457.795551883507,450.07405827977647,451.779410336861,14785276
2020-11-13,450.7372131347656,452.8689399487863,445.28954210857484,451.92151890075314,8428163
2020-11-14,456.1849060058594,461.3957511390496,453.81635342529364,461.3957511390496,4014491
2020-11-17,459.0745544433594,468.9277742177535,455.94804153542697,465.09069555000826,19050384
2020-11-18,453.2478942871094,459.5009203832068,446.33169701688894,458.5061047101297,10504589
2020-11-19,443.915771484375,456.13754412632636,442.447245309105,450.9740641164187,11541941
2020-11-20,458.2692565917969,460.40095400000695,440.8840328219913,445.76326311649524,12090462
2020-11-23,452.15838623046875,461.15891588294625,450.1214191404541,461.15891588294625,10193531
2020-11-24,449.3160705566406,455.94804718636755,446.4264423221106,453.2478795920464,9346208
2020-11-25,439.6997375488281,452.77420165271934,434.5362867008732,451.44782979610954,14497115
2020-11-26,443.7736511230469,444.9579274340621,435.9100328531488,444.0578715465013,11535113
2020-11-27,438.8944091796875,447.80020803822754,437.7101329004034,443.6789089127516,18491882
2020-12-01,454.2427062988281,457.1323346037534,436.2890126379209,443.1578152352422,18534936
2020-12-02,459.4061584472656,462.2484216005506,449.12659291337127,455.71120456561675,20948620
2020-12-03,454.6690368652344,463.43271072911733,449.07921162617254,461.4904740793588,20094168
2020-12-04,467.7908935546875,471.62794301620295,457.9850383015937,461.25364690064265,31622330
2020-12-07,482.19171142578125,483.6602376021415,468.5961723759378,471.8174156934466,22541162
2020-12-08,477.12298583984375,489.10790309655204,473.38066688362545,486.9762057810291,19661141
2020-12-09,476.6019592285156,480.24954823969875,472.8596398870465,478.35470598639273,11826802
2020-12-10,478.591552734375,482.0022569471308,468.12249645082386,475.1334244454249,13441906
2020-12-11,477.88092041015625,481.765364332694,471.15421337861585,481.765364332694,14019094
2020-12-14,476.6019592285156,485.08141365919823,474.80184730549547,480.3442785699847,14147649
2020-12-15,477.69146728515625,480.1547502360121,471.9121811990005,479.2546943461411,13320211
2020-12-16,489.060546875,491.52385926930543,475.7018629907158,477.69146486180244,17707777
2020-12-17,488.01837158203125,495.0292987643494,485.0813488084895,489.8184538084492,20023766
2020-12-18,483.8023376464844,487.8289065593113,478.4967621003208,486.8814855106334,11000487
2020-12-21,465.0907287597656,484.32342971937624,454.9059226859251,480.81796582947,15539470
2020-12-22,473.99652099609375,478.44940589946236,460.022001354489,468.0277447128834,21632475
2020-12-23,480.5337219238281,482.712784411887,472.196393255862,473.996505003706,13326963
2020-12-24,490.102783203125,495.5030896705861,483.61290117054335,492.66082620939073,21241048
2020-12-28,494.1766052246094,499.292690377362,489.43950025204,492.75547373283854,13124256
2020-12-29,492.89764404296875,497.3505290183273,488.0184136896387,495.5030520177486,11457626
2020-12-30,489.0132141113281,495.8820466090118,486.3130462765253,495.8820466090118,10691466
2020-12-31,482.90228271484375,491.192246363129,479.681039360585,489.9132397272609,15816475
2021-01-01,488.06573486328125,489.25001110871534,481.48112359153447,485.3182021914964,10377082
2021-01-04,489.9132080078125,493.13445115351175,484.70236311120095,489.81844823532475,13489114
2021-01-05,486.9762268066406,489.7237596920977,484.2286939211836,486.9762268066406,10689423
2021-01-06,497.68212890625,503.7930005884534,486.12352725814935,487.9236390409816,30837593
2021-01-07,516.5831909179688,525.2994990606829,499.38740041560754,504.0298337944748,39444841
2021-01-08,511.84613037109375,520.8466302313046,509.05117350615825,520.4202848730529,14538362
2021-01-11,518.3833618164062,525.2048288273674,513.030391564107,513.030391564107,19892197
2021-01-12,536.0054931640625,539.0846413805072,516.3464157868981,520.1361593270988,25857074
2021-01-13,547.8482666015625,570.0653555129238,537.1897501000664,557.0856514969854,85239439
2021-01-14,550.0272827148438,554.0537922537037,540.0793039334459,552.0642200621783,16974338
2021-01-15,570.9654541015625,578.5448821457502,562.5807593253976,577.5026717605421,57451072
2021-01-18,556.0908203125,571.2969802890028,553.2959224886246,570.9653652674904,21359539
2021-01-19,561.1596069335938,566.0388079591307,555.6645409504252,560.0226662585094,11034273
2021-01-20,564.8071899414062,570.8233315789031,558.033087861806,561.1596010456135,13333007
2021-01-21,550.7852172851562,572.2917681761338,544.2006354648004,568.691544822769,17380638
2021-01-22,546.5217895507812,554.7643870703942,542.6373165698735,553.201101282121,12662954
2021-01-25,550.216796875,556.9435333327002,539.6056459679079,548.5587806128111,12503932
2021-01-27,540.7899169921875,551.1642425612439,532.7842030213201,549.5062262248904,15567653
2021-01-28,540.8846435546875,545.5743832213226,533.163121453763,536.7159795274688,15201598
2021-01-29,524.4942016601562,548.0850554231005,521.6519386398337,548.0850554231005,25521965
2021-02-01,548.700927734375,550.5484046137518,520.3255444828796,529.610294039554,14212955
2021-02-02,567.8389282226562,573.8077048472064,548.7957165690422,554.1486282268736,21711996
2021-02-03,576.8394165039062,589.7717544404824,567.9335883764095,577.3604921646617,30641248
2021-02-04,569.0231323242188,590.2454323249136,564.3333927246892,582.5712754908469,51976676
2021-02-05,550.54833984375,574.0444608418343,545.953330765789,572.0548298052695,35465208
2021-02-08,565.8966674804688,571.912808702834,553.9591153564908,558.0330493558663,21646080
2021-02-09,567.4598388671875,575.7972256018252,563.7175202692838,567.4124737114555,20927436
2021-02-10,559.1698608398438,575.797209784751,549.7430168704408,573.144407665324,31642664
2021-02-11,566.6546020507812,571.8180523273207,558.0330239292172,560.8752868936303,19253595
2021-02-12,555.4276733398438,566.4178056449708,553.8644461392962,566.4178056449708,15905053
2021-02-15,562.4860229492188,571.2970630355825,558.9805294160656,560.9701020095324,17972742
2021-02-16,562.7228393554688,569.9706521273284,561.8227834045595,563.7176256355483,15064854
2021-02-17,562.6280517578125,567.3177916933428,559.0278283206329,565.5650451345168,16436661
2021-02-18,558.0804443359375,566.5598689103999,554.432855496939,565.61244782847,22193564
2021-02-19,550.7852172851562,564.6649761295643,545.2427867791254,558.9804501475496,19465126
2021-02-22,540.3162231445312,554.1486183892738,538.1371899529686,551.4011443178206,20227667
2021-02-23,535.8159790039062,546.6639560605963,534.3474233363445,544.769113935618,23764401
2021-02-24,542.826904296875,543.9164208404493,535.4843616384496,538.231894490143,8888950
2021-02-25,548.700927734375,553.7222827029236,546.7112964637374,549.4114640431175,16230241
2021-02-26,527.0521850585938,555.1433133338363,522.7413671822877,544.2952798281789,198547005
2021-03-01,504.21929931640625,529.7049939756292,493.60814915858504,528.6628426962425,55091122
2021-03-02,512.7461547851562,515.3988981814111,501.04542909940363,512.0829247521767,30622757
2021-03-03,517.5780639648438,521.7940938185565,511.6092873744908,519.899251588209,24669015
2021-03-04,511.23028564453125,517.2937923090011,509.7144237063872,511.60926585704067,17678275
2021-03-05,504.7877502441406,510.18808520152476,496.82940219402434,506.8721117566336,16658703
2021-03-08,498.0611572265625,507.2985428404024,497.16110124819363,503.08251285663675,15293359
2021-03-09,494.3187561035156,504.0299107535431,487.26046301210414,502.22979887983223,20181762
2021-03-10,498.20318603515625,502.60867609332337,489.2026569122273,492.8502455034668,19013738
2021-03-12,496.6399230957031,504.740426191473,494.12927495653116,502.65612342112536,11624491
2021-03-15,495.36090087890625,500.05064059784155,489.2500002410736,500.05064059784155,10875944
2021-03-16,501.4718017578125,505.6878312387687,496.45044672659185,496.45044672659185,13252045
2021-03-17,495.4083251953125,503.0824831411755,491.71337116802556,500.9981213994753,8482758
2021-03-18,499.4822692871094,504.21937482268606,488.25528203827605,501.9929175473963,12465338
2021-03-19,502.0876159667969,506.6352605566945,497.87158641688336,500.24013903414425,49597558
2021-03-22,500.24017333984375,505.9247589230019,495.50306778045865,505.0247029755291,13581706
2021-03-23,501.4244384765625,504.4561622236744,494.69770199884147,501.85078383348315,15239339
2021-03-24,496.11883544921875,505.40364410398325,494.0818978898321,500.2401346406236,10801499
2021-03-25,481.0548095703125,496.1188456312768,473.2859215473503,495.88201982271625,17572322
2021-03-26,495.02935791015625,497.30318036418964,483.755005424877,485.1761370946609,11148490
2021-03-30,494.0819091796875,500.14541574755117,489.1079191575229,500.0506854239065,10691124
2021-03-31,490.102783203125,498.2506227987881,489.1079674269472,494.88728359423004,7712521
2021-04-01,493.418701171875,496.35572408826647,487.4972901779777,492.61337560914603,7111516
2021-04-05,500.47705078125,501.1875871488565,487.5446820982925,493.4187282534763,9376649
2021-04-06,504.21929931640625,509.57226900833365,496.9714876939987,500.7138063978858,13115141
2021-04-07,513.1251831054688,518.146538910715,507.1090409550897,508.7670574715777,21391503
2021-04-08,514.4515991210938,519.7098398257249,512.0830461103192,518.0518232622318,11367448
2021-04-09,516.5831909179688,520.8465852201558,508.2932280966619,511.1354909647866,11641539
2021-04-12,494.9819641113281,510.5197401630575,491.2396450395315,509.2880692224044,9869735
2021-04-13,507.96160888671875,511.6091972108725,495.59771249195046,498.7242251857802,6657701
2021-04-15,510.99346923828125,517.4359562338573,502.3718901645824,511.6092752750116,9989813
2021-04-16,512.31982421875,515.541067425224,509.71438699331577,511.65659416665534,6273393
2021-04-19,498.77166748046875,506.8721708611145,495.73994354209117,504.2667333946599,7368743
2021-04-20,502.3244934082031,508.7669799985888,498.25055940076936,501.18755282125153,7369109
2021-04-22,502.9402770996094,505.3561947358795,498.392632777284,502.1349515835565,6675147
2021-04-23,495.1240539550781,504.4561689473746,491.8080802885247,501.1875604420113,7123670
2021-04-26,499.81378173828125,500.7138376025398,495.26619616885387,495.26619616885387,5929161
2021-04-27,506.2088623046875,510.23543078927304,498.58212956515297,499.7190111378977,9875033
2021-04-28,515.6831665039062,519.1886596017422,507.4405683375541,507.7721833659172,12195400
2021-04-29,512.4146118164062,521.0835562386178,510.7565954127208,520.7993063399615,8846896
2021-04-30,508.5301208496094,518.2412163838624,505.45103179292283,505.45103179292283,8331737
2021-05-03,529.46826171875,532.9263311791647,501.2349705787666,502.1350265459247,14556346
2021-05-04,523.4047241210938,536.1949086642288,517.9570234708485,536.1949086642288,14196229
2021-05-05,530.5103149414062,535.2474197271725,524.8731543551557,527.6206869132775,12095639
2021-05-06,529.37353515625,534.7264469199664,523.5468539109646,530.5104169587021,9169742
2021-05-07,538.6109008789062,542.7795655208238,527.6207689378793,531.694703251732,12894499
2021-05-10,542.4478759765625,546.6639052036047,539.1792677238693,541.9268003318592,8365615
2021-05-11,538.5161743164062,544.6270463739676,534.3948748097031,535.7686413119375,8033470
2021-05-12,532.2158203125,539.2267488123744,528.8524810216488,538.1372321311986,6815070
2021-05-14,530.9367065429688,539.4161307397969,526.9101376681441,534.3474105036407,7697716
2021-05-17,520.751953125,534.3000989164399,517.104364082709,534.3000989164399,13677009
2021-05-18,508.1512145996094,523.8310869722051,506.44583303887515,518.7149422900025,34968901
2021-05-19,500.4296569824219,512.1303245476555,498.53481489470266,509.61967645499504,19583966
2021-05-20,493.276611328125,503.08249643809904,492.66080527793235,503.08249643809904,14036583
2021-05-21,503.0350341796875,505.2614913009368,494.5556099664761,495.7399157243803,10492773
2021-05-24,499.103271484375,504.9773174887543,498.3453110606184,503.0824753412565,6386039
2021-05-25,498.4400329589844,502.8929472774593,496.92417104899204,502.0402565431222,9412913
2021-05-26,498.1084899902344,502.89296056702614,497.3978947222108,501.18757905328505,6908901
2021-05-27,492.4712829589844,499.29272042113723,491.42910212874165,498.4400296923883,22783169
2021-05-28,496.07147216796875,500.71384705699404,493.03971894182644,494.7924360874679,10248988
2021-05-31,506.7774353027344,507.81958671380045,497.4926261935726,497.8716064099315,12803471
2021-06-01,504.88250732421875,510.0933819257378,502.41922441695476,509.19332605179477,8435896
2021-06-02,501.6612854003906,506.4931800116272,500.2401537881196,502.0402656127083,10567595
2021-06-03,504.0772705078125,505.3562477417065,500.7138726157132,502.1350042515135,6290021
2021-06-04,504.69305419921875,507.63004766746667,503.2719226263351,505.87735996590123,4878809
2021-06-07,508.24591064453125,512.5566705079441,504.9773021482043,505.92472319317176,9674473
2021-06-08,518.0517578125,519.1886984611738,505.92474436467865,509.80915902921856,12822963
2021-06-09,511.6092224121094,522.504622765043,507.20367354762567,520.9887020437344,12674395
2021-06-10,516.488525390625,519.0465387280478,511.9408806664358,515.3042195910762,7018193
2021-06-11,512.4146118164062,520.8466715044215,511.6566513612536,516.820102318254,7777365
2021-06-14,510.99346923828125,512.4146008774323,501.4718342352639,512.4146008774323,5714387
2021-06-15,513.977783203125,515.0673586031548,510.0933688437649,512.5566516878549,7264778
2021-06-16,508.5301208496094,515.209492490027,506.7774330884361,515.209492490027,10045600
2021-06-17,500.85601806640625,512.7935707232988,499.3400972191291,511.1355543885495,10214732
2021-06-18,510.42498779296875,513.4094055807442,491.71339108254745,503.4614248373553,15000348
2021-06-21,511.23028564453125,513.4093776825403,504.9773183297535,506.872160480407,5742834
2021-06-22,508.1985778808594,520.1361309379757,507.3458871036517,519.2360749966894,9114558
2021-06-23,505.97210693359375,510.85130782077357,504.6930708023537,509.7144260898229,4767421
2021-06-24,500.95074462890625,507.2985011214958,499.67170851558274,506.87215575038795,6419922
2021-06-25,506.9669189453125,507.72487941240286,501.5192180038563,503.36669509447904,5504204
2021-06-28,503.27197265625,508.76703884908443,502.5613773432223,508.76703884908443,5265796
2021-06-29,497.3505554199219,504.2667532485105,496.45049945330226,503.319332116479,8713975
2021-06-30,498.013671875,502.51395121314795,496.7820598859527,499.2927079361406,5760552
2021-07-01,495.17144775390625,503.0824905442403,494.5556417109281,501.1875894275856,6575188
2021-07-02,497.39788818359375,504.9773156579999,492.6607828320233,497.9663290434035,13309063
2021-07-05,496.403076171875,500.7138359267495,495.7872701817188,500.24012541619305,6373586
2021-07-06,498.4400329589844,499.9559537808693,493.70292767032544,495.97674999126025,10494366
2021-07-07,501.7560729980469,502.7034940697988,495.6925074445622,495.6925074445622,6669192
2021-07-08,497.68212890625,504.78778680277816,496.0241126077806,502.134984289984,5400962
2021-07-09,508.0563659667969,509.2406716703924,495.5030082857514,497.87156078105346,7303645
2021-07-12,501.80340576171875,510.61444472488824,500.85598475113665,510.61444472488824,8932790
2021-07-13,502.182373046875,507.34582331308343,500.4296265487606,505.49834649872247,8138019
2021-07-14,502.182373046875,503.46135013998014,498.96112991127416,501.1875279906214,6666859
2021-07-15,497.82421875,504.50359011775873,497.3978733898498,504.50359011775873,6886797
2021-07-16,512.6988525390625,514.830579706039,498.2980148774375,499.2928012513926,11251138
2021-07-19,510.1407470703125,516.062157991559,501.4718033667881,510.6618227480699,9130551
2021-07-20,498.1084899902344,508.5774870636375,495.50305255667377,508.24593092299443,7646460
2021-07-22,517.9569702148438,519.1886410534117,496.118804696575,503.17715579957917,20220601
2021-07-23,519.4728393554688,531.1735652078161,504.74038988941095,518.9043985418841,33200836
2021-07-26,515.4462890625,524.7310976043565,513.5988121685397,516.3463449293981,5214592
2021-07-27,512.1303100585938,517.1042998540797,507.961645801172,517.1042998540797,5835018
2021-07-28,538.0423583984375,540.6951608451559,509.5723034481073,511.1355304728391,32532037
2021-07-29,537.3318481445312,546.3797724336318,535.2949105063661,543.9164305085326,15844335
2021-07-30,532.1210327148438,538.6108847596049,528.4734438983423,536.1475428322648,10125413
2021-08-02,535.43701171875,539.9846564932078,530.55775189085,536.2423373148694,6372299
2021-08-03,549.6956787109375,551.4010600017303,532.5473122251547,538.1371076651019,21680353
2021-08-04,544.2006225585938,556.0434436521499,540.3161494334964,544.7690633609363,21816567
2021-08-05,567.2230834960938,586.4558134097305,547.1376628496702,547.1376628496702,72423461
2021-08-06,575.939453125,584.5136676042615,557.5594120112829,563.2439389451299,29055626
2021-08-09,567.7442016601562,580.4870806198905,566.1336093092049,577.929008230154,10078649
2021-08-10,589.487548828125,594.9826146259046,566.9388447745902,570.5390684230517,34514358
2021-08-11,588.20849609375,596.1668438814672,581.4343950413605,589.4874731420022,18731287
2021-08-12,590.3875732421875,595.8826387467972,584.5609516174618,590.2454777621377,8430316
2021-08-13,603.556884765625,605.2148423452427,585.6031889202503,590.387659903126,21079044
2021-08-16,600.714599609375,610.1414457342092,598.7723332741981,605.1674553509608,10506327
2021-08-17,593.4193725585938,604.4568690382999,590.2454943649722,600.7145499965994,11311229
2021-08-18,590.1981201171875,600.6671755876376,588.2085477235955,592.9930180650966,7136872
2021-08-20,581.4345092773438,599.7198197397695,575.0867522978397,586.9295754492251,12770173
2021-08-23,589.9139404296875,597.3512141221274,575.6551991180235,585.8873710909104,12790616
2021-08-24,587.4978637695312,594.935135453943,584.6082359367598,594.935135453943,5885050
2021-08-25,580.2501831054688,589.6297227494076,578.8764166105404,589.6297227494076,8127668
2021-08-26,556.0435180664062,579.3501242885195,553.5801760734447,577.9289926365319,26316897
2021-08-27,563.8597412109375,573.5708364319478,554.290741473897,557.8435998682812,16444274
2021-08-30,587.8295288085938,592.140288348073,559.0751667572366,564.6649622848759,40506274
2021-08-31,629.1372680664062,632.974376511243,592.14036247644,593.1351487322477,60781970
2021-09-01,631.3637084960938,637.9009845537123,619.6156754810343,632.8796293330511,30796359
2021-09-02,631.4584350585938,638.327207657755,629.1371888713787,634.7270433070394,18951106
2021-09-03,623.8316650390625,634.3954504973922,619.6156356699336,632.8795886697243,7920313
2021-09-06,620.18408203125,630.7478675839429,619.047200378316,629.4688315404746,10223448
2021-09-07,635.2955932617188,644.7224394551025,613.9311347145932,623.3580398198746,28185127
2021-09-08,632.7374877929688,647.8489189242109,630.0373200231464,642.3538530583047,20876941
2021-09-09,650.0753784179688,652.0175857606828,631.9795884750104,632.7374899996408,19784500
2021-09-13,656.8494873046875,660.354921808447,649.7911353095876,655.6178163104503,19704664
2021-09-14,657.7021484375,662.9129642504721,652.8702539177755,658.4600499358877,11694600
2021-09-15,687.3564453125,696.3095793489097,659.5495633236357,660.3548299079007,56796797
2021-09-16,680.8192749023438,698.2518925822944,677.7874922533515,696.3570505186334,45001991
2021-09-17,689.8670654296875,696.1200906945912,683.093023456574,683.093023456574,26649321
2021-09-20,686.8353881835938,695.1253513307726,682.4298393265013,686.8827533420691,14330899
2021-09-21,688.446044921875,701.8047293104755,684.0405545631917,684.8932453195547,14216876
2021-09-22,688.5408325195312,693.5621878080127,686.0301254193434,688.7776583335711,16348622
2021-09-23,688.588134765625,701.1888575423541,685.1773720599407,694.841101539565,26497345
2021-09-24,700.5256958007812,713.4106686129757,689.7250256372063,690.719811802401,72175065
2021-09-27,697.4142456054688,706.439017381331,693.1673461626154,705.5703026095307,11282248
2021-09-28,671.9326171875,701.5163410798086,662.1356880344796,699.199866731194,21944239
2021-09-29,669.9539794921875,677.5791818844202,665.1762246981606,672.7531193353859,16729859
2021-09-30,664.355712890625,685.1077804200011,662.9078942257848,671.594806214826,13911568
2021-10-01,652.3870849609375,663.4387198154268,644.4240826580547,663.4387198154268,14952128
2021-10-04,657.69580078125,662.3288088559877,646.4028030971499,651.5184174070039,8917898
2021-10-05,674.9248657226562,678.9787701557833,656.7306329858466,660.5914831294156,25598885
2021-10-06,667.3479614257812,683.3222168860977,664.2592695723066,681.1987375548402,10406502
2021-10-07,668.4096069335938,677.7721792751863,667.2513402366735,671.5465473271449,8121590
2021-10-08,671.30517578125,675.2142739369233,664.9347979654775,670.9673750303701,6297352
2021-10-11,666.8170166015625,671.8361332675845,661.1705471722217,668.9887446762158,8792050
2021-10-12,662.4735717773438,674.1044294610559,660.398400262114,666.9618334397792,8579567
2021-10-13,665.900146484375,672.5600775789604,659.3366541659117,665.0314316446086,7062149
2021-10-14,661.9426879882812,669.8574418793204,658.1300870194137,668.8922294270446,9820591
2021-10-18,656.9234619140625,677.5307796810758,656.006557366806,675.6486039306068,8574445
2021-10-19,657.4061279296875,674.6834530826833,651.9527133341637,674.6834530826833,7328862
2021-10-20,683.8047485351562,689.0651679896392,657.6957644403905,659.6261892741903,21217306
2021-10-21,671.8359985351562,687.5689469829008,665.2243179541222,686.2176851323512,8908979
2021-10-22,670.3400268554688,680.7643092272144,660.4465995332678,674.2008765421813,6587256
2021-10-25,667.0582885742188,679.5095525189389,651.5183919748349,668.8922157608305,9540441
2021-10-26,671.9808959960938,685.156010131173,665.031354816504,670.8226293141803,10953878
2021-10-27,677.9169311523438,689.7890912497796,669.8574308730231,675.0696015944287,11878571
2021-10-28,665.75537109375,681.4883242244952,660.591507401748,678.3031345213958,8884507
2021-10-29,661.50830078125,676.6138985431535,653.4970495708917,668.1200411284135,8602343
2021-11-01,687.7138061523438,697.6554816729406,665.6104195547626,665.9482792277242,17121001
2021-11-02,689.1134033203125,697.9450614146972,684.866445204444,687.7138335608633,7725455
2021-11-03,674.780029296875,707.0181500803122,671.7878941377437,700.502965762166,23261507
2021-11-04,676.7103881835938,680.2816858359886,674.8765199758539,679.509527700525,1064714
2021-11-08,684.3356323242188,690.0304093878659,679.509570037024,682.839564797567,7565546
2021-11-09,688.3894653320312,691.5264054947295,680.6195176344946,686.9416467954013,5278131
2021-11-10,709.8655395507812,712.3268196248295,682.7430331583084,692.5399635241397,15180490
2021-11-11,703.2537841796875,712.9059089085434,699.0551334873928,709.431167570913,7421118
2021-11-12,717.6353759765625,719.0831944889565,700.020250742437,707.5006463898054,9207508
2021-11-15,711.8923950195312,720.0484515954502,710.5893818421238,714.2571771858353,5454742
2021-11-16,704.8946533203125,716.2358998148444,701.7577128005483,715.5602393051317,4639931
2021-11-17,695.001220703125,706.8733221900633,691.3334251340074,699.3446767772654,8002927
2021-11-18,689.49951171875,698.2829806363773,683.3704360337699,695.5320897204606,4469597
2021-11-22,716.2841186523438,729.6523461160489,707.597206807641,714.257196120003,36884348
2021-11-23,732.499755859375,734.5266784506578,710.1068151150315,719.083279166544,18240414
2021-11-24,732.499755859375,754.6030857376269,729.9419192881865,737.4223158164291,21653712
2021-11-25,738.5323486328125,741.7657868585246,726.6119392223022,732.6445171895966,8483653
2021-11-26,713.0506591796875,736.4570598363473,707.5971855650295,736.4570598363473,11142921
2021-11-29,713.6297607421875,728.7353582900415,701.8059089023822,725.839721104783,15885643
2021-11-30,702.9159545898438,724.1023792843362,697.5107885278196,714.25720068175,14272616
2021-12-01,697.1246948242188,711.7476870654548,693.2638450086467,707.5007287035685,10488561
2021-12-02,707.06640625,710.1068491947351,689.3065315680668,698.717353458471,11507427
2021-12-03,693.3604125976562,709.0934243119145,691.3817386500535,704.6051623840239,11024093
2021-12-06,673.3322143554688,696.786925162539,669.7126674916487,693.0225728594079,8804487
2021-12-07,674.5386962890625,681.1504369105755,669.9539371571949,677.9169398599123,10238693
2021-12-08,690.271728515625,693.9877729982151,677.8687128026648,680.4747982805864,8296393
2021-12-09,689.1134033203125,698.7655273001141,686.2660149638931,691.8642350898001,9069515
2021-12-10,685.9764404296875,693.8911936147778,682.4051428924274,686.2659923571653,4251339
2021-12-13,678.6408081054688,693.4086048076645,674.056049251204,690.1268591156456,9896899
2021-12-14,667.5408935546875,681.7295280693617,664.4522609057418,676.6139139686674,9275631
2021-12-15,661.6049194335938,670.7261893344411,660.3018472123895,667.68574639686,7674319
2021-12-16,657.69580078125,665.9001067782272,654.027946264851,665.9001067782272,9633006
2021-12-17,642.8796997070312,661.8461467096172,638.1018866006199,657.3096367003792,13850460
2021-12-20,635.3511352539062,638.1502751000721,622.658567171732,636.2198500784119,11812939
2021-12-21,643.7966918945312,647.5610439426292,636.2680467102269,640.8528057604503,8084499
2021-12-22,660.9292602539062,662.1357758805107,643.7967383561233,643.7967383561233,8522226
2021-12-23,655.137939453125,665.0313668997468,652.0009990432205,665.0313668997468,5602466
2021-12-24,653.4970703125,659.095290678634,649.250170926281,658.371381349085,3756020
2021-12-27,652.2423095703125,654.7518383620229,645.389324777024,651.4701513968548,3658572
2021-12-28,656.3926391601562,659.7226335110971,651.5665774665856,656.1995849100363,3892590
2021-12-29,653.3040771484375,659.7227640355616,651.5184575332905,656.2962713375808,3847574
2021-12-30,655.7169799804688,661.942611359323,650.7461717738241,653.9313607152259,5701612
2021-12-31,660.0123291015625,669.9540065720412,656.3445331984217,656.8271394728323,4598628
2022-01-03,667.2513427734375,668.5061071532501,659.3365890449321,663.8730992598466,2939833
2022-01-04,673.1873168945312,678.7855363396986,666.3825820986,668.1682012529775,6473875
2022-01-05,675.6487426757812,678.3030770220075,667.6857396371024,676.5174574811224,4586105
2022-01-06,685.68701171875,695.4356348042656,675.6487777418265,677.5792028210889,21642414
2022-01-07,680.1852416992188,690.2717238273206,677.0483011610753,689.0652082357269,4315015
2022-01-10,680.4265747070312,686.6038994602093,679.1718102190339,680.8609321214641,3565324
2022-01-11,678.978759765625,684.8665325797101,670.4365936065574,678.5444023487407,10642484
2022-01-12,704.798095703125,707.2111266669731,679.702573679105,683.3221201248771,12366953
2022-01-13,706.3424682617188,710.0585715894093,700.8890531958333,703.6398851491487,5829874
2022-01-14,695.5320434570312,705.4737784720896,693.4568721096099,704.5568148944427,5344096
2022-01-17,703.2537841796875,709.1898644526916,694.5186230824517,694.952980477629,4340924
2022-01-18,689.49951171875,705.2807711183615,687.7621410366363,701.70947315897,4312058
2022-01-19,679.2200317382812,690.1269209442521,677.289606784591,689.1617084674069,5879490
2022-01-20,690.5130615234375,694.6152147402734,680.716130864353,681.4400402555593,4812496
2022-01-21,671.0639038085938,689.1616358422667,665.369127230576,684.9146778269429,6704622
2022-01-24,665.900146484375,682.4052571447579,653.7866821311417,666.2861961483509,11091633
2022-01-25,687.08642578125,695.3872877974513,658.4196645303779,660.2052839118747,14128764
2022-01-27,682.6465454101562,691.0921548443575,677.0965734962525,681.9226360300818,8937312
2022-01-28,690.8990478515625,727.7701745794794,677.2413272699181,690.0303920088811,21450677
2022-01-31,703.9293823242188,709.4311047145871,694.5185615473926,702.6746180030196,10745370
2022-02-01,697.8968505859375,709.4311511523578,693.3120914458373,707.5007262512629,4814511
2022-02-02,699.8272094726562,706.2941440636796,695.4355050193114,700.8406706677532,3286577
2022-02-03,696.545654296875,703.6399429137564,693.5052112256982,700.7443052885969,3651578
2022-02-04,695.1460571289062,698.0899434835819,691.5747590819032,696.0147130353258,3284198
2022-02-07,681.922607421875,695.0494733984303,675.166120157964,693.0225507840145,6833983
2022-02-08,684.2391357421875,689.8373562219462,676.6139337514157,686.459112615484,7167684
2022-02-09,694.3255615234375,700.8407456470843,677.7239542934375,682.501708854597,10185173
2022-02-10,698.862060546875,701.661200208248,683.9495164566629,697.8003504198122,6074014
2022-02-11,690.271728515625,700.1651564338888,686.1695754763448,696.5938584761366,5646980
2022-02-14,665.7069702148438,679.5094950506834,661.1704603831224,679.5094950506834,7441445
2022-02-15,686.796875,688.2929424453821,662.7148137127098,671.7878338845269,4650249
2022-02-16,696.6903686523438,702.8677521987897,683.3704479742086,692.4434690120708,5433910
2022-02-17,692.0573120117188,702.1920425223507,690.1268871525508,699.2481563944978,5107708
2022-02-18,687.7621459960938,694.5186334067307,686.6038792290342,687.2795397524768,4099366
2022-02-21,685.2525024414062,691.6228802265355,678.544264995137,683.4185754577464,4307430
2022-02-22,674.9248657226562,678.0618064643061,663.5836184259223,670.05055419878,9148804
2022-02-23,679.8956909179688,684.2873958966022,675.166126225967,675.745230146178,4124469
2022-02-24,647.5610961914062,664.5970616370249,622.9964260421344,658.274931482149,14139461
2022-02-25,664.693603515625,670.9674846884714,653.9314607082151,653.9314607082151,6452099
2022-02-28,662.618408203125,665.9966520905408,643.2659085733085,657.3097392371859,8301523
2022-03-02,650.7944946289062,660.2053160195356,642.8314919137583,660.2053160195356,10220908
2022-03-03,648.6710815429688,656.1514787950653,645.3410864677203,651.5184703438885,6517030
2022-03-04,630.95947265625,644.7137518630003,627.3881743429945,641.8663629816789,7094874
2022-03-07,651.9044799804688,655.7170218394705,616.7707249772586,617.7359373794139,12615451
2022-03-08,659.2400512695312,662.9560953437039,644.3757571490647,651.5183522795513,8462985
2022-03-09,667.4443969726562,673.718277782956,650.8427313537925,658.2748788652951,9896395
2022-03-10,673.4769897460938,682.8878111721409,666.5756971355686,675.6004689271701,5989327
2022-03-11,670.6777954101562,677.9651959731568,667.4443575176676,672.4634736515881,3353880
2022-03-14,676.0347900390625,680.3299380991718,664.2109381125772,664.2109381125772,4016137
2022-03-15,678.6408081054688,684.8181909686022,671.3052175034007,674.6834608697011,6006439
2022-03-16,687.231201171875,690.6094444360626,680.4747146434999,685.3007764494821,3843706
2022-03-17,697.7521362304688,702.6264475480507,690.1269339548804,694.9529964300895,8168953
2022-03-21,683.5634765625,699.1516224582317,682.2121555525405,696.8833967399712,6317305
2022-03-22,694.2290649414062,695.9181867539157,681.2951943551475,683.8530309502764,3000133
2022-03-23,680.4265747070312,694.8082058434414,678.5443985190869,694.2291018987955,7974713
2022-03-24,681.7777709960938,684.1908020520889,673.5734654057105,673.7182708338266,3597143
2022-03-25,684.6734008789062,689.596019527179,681.2951574369483,687.5207892766488,2930336
2022-03-28,707.5490112304688,711.3616123872436,685.3973725766008,690.3682405155712,7960258
2022-03-29,728.6871337890625,736.4570820466257,711.3615589362557,714.6433047539068,15833573
2022-03-30,723.4267578125,743.1171160795594,718.697193069248,736.2158232441419,9938988
2022-03-31,728.6871337890625,732.5962323373379,713.9676442724032,726.8049577734065,7371181
2022-04-01,732.1136474609375,739.9801525376349,723.1854322479993,733.3684118706475,5920139
2022-04-04,741.090087890625,748.0396291307339,729.8936473290375,731.4862124826328,5783224
2022-04-05,739.931884765625,746.8814266027639,734.5267182877926,741.0901515571309,3990794
2022-04-06,748.6670532226562,753.5413642660012,736.4570922825723,737.4223047233096,7490027
2022-04-07,735.8779907226562,750.7904758499493,733.127099910673,748.0396439498584,5818505
2022-04-08,735.5883178710938,741.6208951365104,731.2448622399937,741.6208951365104,5583587
2022-04-11,731.6792602539062,738.5805525938877,729.7005865832477,730.6657989993631,4927865
2022-04-12,715.849853515625,733.513229973118,714.3537270543173,733.513229973118,3904026
2022-04-13,714.8846435546875,730.1832377268371,712.278558088419,716.1876568318745,6343030
2022-04-18,704.1224365234375,714.4019720127641,698.2346645257627,711.0237286572712,8950327
2022-04-19,698.3311767578125,713.2919690725963,691.9124906838105,713.2919690725963,9957060
2022-04-20,713.6297607421875,718.6006281416369,698.7655252049944,704.6532972502642,6632292
2022-04-21,710.1550903320312,718.021595699312,704.6051185081656,718.021595699312,6111830
2022-04-22,713.0506591796875,715.1258894006007,703.6398382971129,705.5702630935385,5182247
2022-04-25,713.6297607421875,717.1528095490077,703.7846414418203,704.5567995755114,3571031
2022-04-26,729.9901733398438,732.4997610885636,713.3885072085266,719.0832842999547,4987848
2022-04-27,726.3223876953125,735.0575488147842,720.4346151604803,723.909356506956,4571399
2022-04-28,721.3515625,728.0598013823328,718.6972280359897,724.8746118079,6101866
2022-04-29,713.2919921875,734.5266658385488,709.9619974916617,725.8397538903924,7219115
2022-05-02,715.5601806640625,717.1045558328268,704.9428443903497,708.4658931732008,3938533
2022-05-04,697.26953125,713.6298359411713,692.0573602025448,711.3616101384596,6785271
2022-05-05,693.9395141601562,707.5972352058784,689.4030037879235,700.7442502625586,4836692
2022-05-06,685.5421752929688,698.7173494282994,683.1291440529371,686.5073877889814,5912312
2022-05-09,686.7486572265625,695.4355692645654,679.9439212458387,681.5364864390037,4819274
2022-05-10,694.615234375,703.1573418679361,685.4457151605245,686.2661222623233,6746893
2022-05-11,697.7037353515625,709.431089165793,691.9607689021115,694.6151029091943,6919703
2022-05-12,680.8609008789062,697.6555625338483,676.8552455579057,690.3682201572793,6754953
2022-05-13,665.900146484375,688.1965323114745,660.9292784015176,688.1965323114745,11938252
2022-05-16,669.0852661132812,673.7182739800495,656.0066495110898,661.990919428391,5412233
2022-05-17,682.4534301757812,685.3008185988165,666.8169771803033,670.8226322903909,4847812
2022-05-18,671.9326171875,701.8542007575712,665.2243794111871,695.9181210974632,18992703
2022-05-19,650.7944946289062,668.8922280724242,644.617111382095,661.1705284698565,7322668
2022-05-20,663.9696044921875,667.4443454154961,659.2400403742354,664.5487083421099,5577407
2022-05-23,661.990966796875,669.760974518957,655.958388697057,658.081867970572,3788601
2022-05-24,654.6070556640625,665.2726408072119,652.3387711970205,665.2726408072119,4053608
2022-05-25,664.2591552734375,665.9000280612418,655.9100448281281,657.5509176159325,4188088
2022-05-26,669.5195922851562,671.3052116269571,652.3870725060355,665.9965435263845,5780597
2022-05-27,660.5913696289062,675.6486590369751,652.4835621557074,672.8012707629418,7131633
2022-05-30,674.7317504882812,679.2682607795963,659.2401024688658,663.5353096480034,4675033
2022-05-31,675.841796875,682.0191214601576,668.506146608263,673.2357113711842,44593174
2022-06-01,670.48486328125,681.6330554846562,667.2031173310667,677.1447939515957,3749781
2022-06-02,671.7396240234375,672.7048364844492,659.2883597116298,664.9348879556841,3466993
2022-06-03,662.618408203125,676.420935732187,661.4118925290479,672.8013887099557,6673615
2022-06-06,659.19189453125,665.8035766504065,652.966262068396,658.4679851497995,6407024
2022-06-07,661.4600830078125,663.3422590756732,649.877533558692,654.5588493081806,8349903
2022-06-08,640.2254028320312,663.8731077288397,637.4745709292002,658.7574935539494,13904149
2022-06-09,652.8214111328125,655.7653562084009,632.3106467544236,637.0402112817266,6774925
2022-06-10,649.92578125,652.9179751995354,644.761918194487,644.761918194487,3221484
2022-06-13,647.9471435546875,649.9258174097893,635.1098290060925,637.1367517041194,5982102
2022-06-14,658.3231201171875,665.4174667603588,645.8236074798876,645.8236074798876,8878530
2022-06-15,658.3713989257812,661.1705386395236,650.0705952901009,658.2266524031423,6005970
2022-06-16,631.4420166015625,660.1088390582455,627.3881124005951,659.3366219442369,9525587
2022-06-17,621.2589721679688,638.7292926872934,615.8054986543154,633.179321500362,11085830
2022-06-20,618.6046752929688,624.9268049816776,612.1377401737531,622.5137738858427,3883001
2022-06-21,631.5385131835938,635.2546165746231,618.218592756695,619.7629091582302,3515991
2022-06-22,620.48681640625,627.7259099736181,619.1355542874778,626.0367881412321,4348884
2022-06-23,637.2332763671875,641.4801758340067,625.2163694862313,625.6024780340755,4336533
2022-06-24,647.8505859375,652.194041813093,639.0671175974996,639.0671175974996,5621332
2022-06-27,660.1571044921875,663.1009908496795,647.850645055021,651.5184407911698,5284297
2022-06-28,657.4544677734375,661.0740143722521,652.7731521585026,659.2400871974296,3216376
2022-06-29,663.8731079101562,665.1278723063184,651.518400396134,653.4488252861966,5011798
2022-06-30,661.1222534179688,667.5408806109858,655.3792277838762,665.8035100516688,6505666
2022-07-01,650.0223999023438,661.9427512626442,642.8315546631466,661.0257875629522,4488771
2022-07-04,658.1783447265625,661.6530857257939,642.8796931740993,647.174900042516,4229588
2022-07-05,660.6397094726562,665.3209665475324,656.3927508946213,659.5296915294279,3494504
2022-07-06,669.8092041015625,670.7744165697795,660.3983825364469,660.6879344945331,4697006
2022-07-07,662.9078369140625,672.2704085862994,661.6048237931153,667.9269529672924,3485283
2022-07-08,670.9674072265625,672.3669180432645,662.7631020246272,664.0661151684145,2732170
2022-07-11,637.5711059570312,657.3097133911717,636.0267895196957,651.51843838332,18687521
2022-07-12,639.935791015625,643.7001427628246,637.0401539522059,640.1770941042432,7416645
2022-07-13,621.1141967773438,646.6923260929609,618.7011657098327,646.6923260929609,12030163
2022-07-14,619.32861328125,629.5115931945136,606.8773486858013,627.3881139495362,11379990
2022-07-15,629.12548828125,634.6272112485979,620.8729332861758,626.3746562535237,5567877
2022-07-18,639.9840698242188,646.6923077843599,626.5676528158262,634.1445465885439,8982417
2022-07-19,649.491455078125,653.4488023993918,640.0323263186067,651.5183775769416,7836419
2022-07-20,647.3197631835938,656.3444761661204,644.954980862087,656.3444761661204,4458819
2022-07-21,654.7518920898438,656.2962674753802,647.8506578903905,648.1402098652106,3550107
2022-07-22,655.2344360351562,658.1783810828838,651.7114460047561,656.0549019496624,2415220
2022-07-25,654.8001098632812,662.6665555057306,653.014431592132,656.3444261247014,2913348
2022-07-26,660.3018798828125,661.5083955666445,646.9337096707135,658.8540610622141,5016687
2022-07-27,651.4219360351562,660.157097327095,646.4028192818984,660.157097327095,6237523
2022-07-28,643.6519165039062,655.7653802156542,641.0941387878623,655.1862173825144,7374170
2022-07-29,654.3657836914062,656.9718690546599,647.6575454693675,649.3949160742393,7669970
2022-08-01,673.2711181640625,676.5189283288264,656.4017486091443,657.274324652026,8812526
2022-08-02,665.8543090820312,678.942592909021,660.3766554290518,678.6517539920574,6236599
2022-08-03,672.0107421875,675.5978544222158,666.0482776049458,667.0177801924349,5237250
2022-08-04,673.1256103515625,677.197532906723,659.9403993073412,676.9066939757273,6352142
2022-08-05,682.1905517578125,688.3468698112746,675.1131351939966,676.7128382088306,5811092
2022-08-08,682.869140625,688.2014049873479,677.6823253238499,686.3593855300555,5918607
2022-08-10,693.436767578125,696.1028998547273,684.4688681022807,692.1279626754729,12201239
2022-08-11,688.1528930664062,697.4601529818234,684.1779563102965,696.8784159518815,7142902
2022-08-12,688.0560302734375,690.770625810294,685.099059078402,688.2014201640981,4540159
2022-08-16,682.6267700195312,694.1638748492326,679.1365842624125,693.194372230728,6679663
2022-08-17,700.9019775390625,702.5501439373328,680.8817234362083,685.4383978877505,8812954
2022-08-18,710.8392944335938,713.5538897882575,698.9144246862827,702.8893615441395,10354897
2022-08-19,709.9667358398438,715.1050877394601,703.8588813488378,707.9308040674225,13743828
2022-08-22,705.4100952148438,712.0027604873383,702.3077341145463,709.5304814232803,8118490
2022-08-23,715.1051025390625,719.9526155963331,700.5141000714267,702.889393304238,8229797
2022-08-24,716.2200317382812,731.1988584499926,696.1028531818422,700.8049170303566,14922081
2022-08-25,718.4014892578125,731.0534874565508,712.8268488216014,722.0855876243851,9849958
2022-08-26,708.5609741210938,718.8862008096377,705.797915292537,718.8862008096377,5928897
2022-08-29,698.62353515625,702.7924435873202,693.2912709687097,695.8120131797917,5878942
2022-08-30,704.4406127929688,707.8338721208225,690.0919851842216,699.9809242030022,8894800
2022-09-01,712.6328735351562,723.2489388285817,704.3436381487461,704.3436381487461,11869518
2022-09-02,712.5844116210938,718.3045006355765,697.7025703676197,702.8893856126434,5693707
2022-09-05,717.8197631835938,719.3224804091459,710.8877957843207,712.5844253685315,3660135
2022-09-06,738.0338134765625,741.6694480257081,717.8197090528085,717.8197090528085,10166270
2022-09-07,730.1323852539062,738.6640554829893,665.2726967414533,732.4592151661549,126794211
2022-09-08,746.3230590820312,752.3339867906219,733.9619014382421,735.8524432655696,10648073
2022-09-09,742.3966064453125,751.1705930282332,739.6335477401842,749.4255002053236,4627905
2022-09-12,745.6929321289062,747.8743129311342,741.1847214681385,743.6084779150585,2654087
2022-09-13,760.3323974609375,764.8406081220737,746.5169857123645,750.3949960277535,8335652
2022-09-14,759.4598999023438,764.3559357701447,752.091703211664,752.3340788814068,6645392
2022-09-15,761.156494140625,766.537281097308,758.1510596452887,763.9680754481936,5485310
2022-09-16,755.872802734375,763.9681265992714,752.7703822636892,763.9681265992714,20211162
2022-09-19,758.8781127929688,762.028996046341,748.6498728360004,749.9102143026015,5760313
2022-09-20,767.9915161132812,772.6451168061222,761.0595487828951,762.7077150544984,7936714
2022-09-21,756.4059448242188,772.693576765711,755.2425298625958,767.9915127974243,9966193
2022-09-22,760.18701171875,770.5607020111631,752.6733661068906,767.0705161061205,7721133
2022-09-23,747.8258056640625,763.9680475981654,745.2566592823497,763.9680475981654,9271829
2022-09-26,732.02294921875,747.6319770717967,730.2293930220814,746.4685620806155,13144297
2022-09-27,737.4036254882812,741.6694604334732,734.1073522794878,735.7069960036296,5965026
2022-09-28,738.227783203125,747.4865214065508,731.9744794577766,732.4592307686759,5546932
2022-09-29,741.3302001953125,745.5475129122497,736.1433256870603,740.6515365282639,5413233
2022-09-30,775.505126953125,784.3275766426499,738.2277414200952,742.5905029712595,7469164
2022-10-03,778.849853515625,790.6777965156913,773.7115018113412,778.8983759823436,12619046
2022-10-04,784.0368041992188,791.8412886900959,782.8733891854943,788.2056537557979,5772140
2022-10-06,764.5497436523438,790.9686900884585,762.6592608793967,785.8303380292107,6503205
2022-10-07,768.9124755859375,772.4996469809495,760.7686893858001,767.8460464131937,6025982
2022-10-10,768.1853637695312,770.5606569814813,755.9211913465936,761.0110800120254,3519416
2022-10-11,756.5028686523438,773.1783252447213,752.334019297685,773.1783252447213,3699862
2022-10-12,751.8977661132812,757.5208696316345,745.7414479737794,756.5029036869427,5984299
2022-10-13,745.4506225585938,755.2425758025818,744.2387442277167,751.3645651437752,2842056
2022-10-14,742.5905151367188,756.163551296034,739.7789339770782,756.163551296034,3608210
2022-10-17,742.6390380859375,747.4865513893706,736.6765730532163,737.7915247825046,4566333
2022-10-18,759.2659912109375,761.6412252618128,745.2082033933408,746.3715591840784,4391263
2022-10-19,759.5083618164062,764.5982504751646,755.727278000403,763.9195868192483,5219180
2022-10-20,768.7186889648438,769.7851182299205,754.5639145107759,758.15108621637,4756732
2022-10-21,773.1298217773438,778.3651000528855,765.6646402936423,765.9070159315953,4807736
2022-10-24,777.6380004882812,782.8733381216878,775.6020687273686,775.6020687273686,522406
2022-10-25,777.8319091796875,781.7583827993933,774.3417235563361,781.5645296221171,3184277
2022-10-27,792.1805419921875,797.1250407015173,779.6739940953365,781.9038382158224,8159181
2022-10-28,791.9381713867188,799.2579633210171,786.557443816972,794.0226256363355,3905093
2022-10-31,806.6260986328125,808.3711913383762,794.99206836407,797.9005759312556,5487233
2022-11-01,810.0679321289062,815.7880214669889,796.0101436213687,802.748198913179,10488759
2022-11-02,785.1516723632812,804.6871738065153,782.6309892232644,804.6871738065153,11729925
2022-11-03,793.683349609375,799.2579897170575,779.6740248083631,785.0547525558121,5897840
2022-11-04,791.5018920898438,796.7371702669699,784.5214620132704,790.8232284815851,3768226
2022-11-07,797.6098022460938,798.9186070888798,784.3276047681758,792.0836255817054,7171570
2022-11-09,794.0711059570312,800.3244096662162,789.611417592047,799.0640680999157,3969171
2022-11-10,800.5667724609375,805.3658221687489,792.6168393011152,794.7982201525074,4425290
2022-11-11,801.6817016601562,811.376727394715,798.6762081781984,805.4142628984649,4325441
2022-11-14,796.834228515625,805.4627663452762,792.0836419993747,793.053144621161,10406576
2022-11-15,809.7770385742188,813.1702976403783,797.5613296055412,797.5613296055412,6229710
2022-11-16,815.545654296875,818.3087132248764,802.7966705722445,811.9584825987046,3445345
2022-11-17,820.3447265625,823.4956103117197,812.831080698976,816.127354347757,4545534
2022-11-18,811.7644653320312,825.8707154616649,805.753537746138,824.0286961389444,7405949
2022-11-21,825.2406616210938,826.7918421805173,809.5347069685124,811.4737122546646,5527122
2022-11-22,821.7504272460938,834.3054984713065,819.326670607008,827.3735899877693,7601660
2022-11-23,817.5330810546875,825.8707798839393,815.9333780685696,825.8707798839393,4596816
2022-11-24,822.4775390625,825.0467447220254,812.2008347718881,820.1992315332943,3455310
2022-11-25,821.023193359375,833.7721752905809,815.9333050799847,826.0161550553197,2991065
2022-11-28,811.8615112304688,826.5494403029468,810.5526471995839,814.6245700060977,3668846
2022-11-29,810.3587036132812,819.0357634939478,809.5346500940592,813.412660393911,2680296
2022-11-30,822.8653564453125,826.0162399898749,807.2078653159127,809.340782934673,6874390
2022-12-01,822.7199096679688,827.1796572784522,815.9333912454349,826.9857449173451,4506664
2022-12-02,822.7684326171875,825.9677794692086,813.5096351392058,825.4345648561625,3505272
2022-12-05,818.3571166992188,825.6283861610899,815.2062332657413,825.0467082736371,3311316
2022-12-06,807.9349365234375,819.2296650423339,804.3962876757237,819.132738455612,5567349
2022-12-07,808.565185546875,815.933381793632,806.6261803057554,812.0069080151135,3771882
2022-12-08,807.2078247070312,814.5760798217273,801.0999702857476,807.5956494086569,4822179
2022-12-09,809.437744140625,811.0858512210834,798.8216788394028,804.9779966778608,4615843
2022-12-12,803.135986328125,811.4252218143943,800.2274784961888,807.2078499538409,3149823
2022-12-13,812.4916381835938,814.3821800792405,796.9311333632568,796.9311333632568,3832999
2022-12-14,803.9115600585938,816.3211813850431,802.8935941730876,815.01237655707,7491333
2022-12-15,801.1483764648438,805.6565868114424,799.2093714424335,803.7175817890321,2996482
2022-12-16,797.6582641601562,807.3048268650276,794.8952054196182,799.839645010184,4309644
2022-12-19,814.77001953125,819.2781711768815,796.9311477848175,797.6098114485801,6397169
2022-12-20,803.669189453125,814.1398056638297,796.931134570608,814.1398056638297,2828863
2022-12-21,789.1751098632812,807.6441224055543,787.5754069170345,807.5956591107042,5079337
2022-12-22,791.69580078125,799.5488073582989,784.8123559795246,794.0226306945407,3626834
2022-12-23,783.9883422851562,793.0047051033788,780.4496339400292,789.1751577977439,2804496
2022-12-26,786.2666015625,790.3385242808026,776.7170247074708,780.4980493093831,6023206
2022-12-27,789.9507446289062,794.4589556051742,780.4496305268073,790.1446569929788,1782053
2022-12-28,779.2862548828125,789.0782676125497,777.0079472176686,788.2056915170167,2907741
2022-12-29,795.7192993164062,799.5973099131356,736.918939973999,782.4371011878591,6110313
2022-12-30,781.5160522460938,799.6457633980757,780.4011597174627,799.5488368038452,3113243
2023-01-02,788.6903686523438,791.3080375188825,781.0312744083493,781.6614747706849,1626846
2023-01-03,792.665283203125,793.828698130152,783.8428334228406,785.6363895206073,1717603
2023-01-04,787.042236328125,795.4284578870157,781.6130451790569,793.9742039177569,2970216
2023-01-05,782.4855346679688,799.8396550965302,779.2377245864681,799.8396550965302,5297349
2023-01-06,771.7240600585938,787.47847711381,767.8460497065405,782.921803115399,3199618
2023-01-09,794.410400390625,796.4463320434561,776.6199933793855,778.219696230709,4340729
2023-01-10,768.670166015625,800.9061296998407,766.1979460490285,800.9061296998407,8392344
2023-01-11,742.20263671875,755.8726576512522,728.7265872972611,751.3644472979695,28389020
2023-01-12,733.8165893554688,745.8383868734246,730.5687199298997,741.6695372569259,12732671
2023-01-13,740.9907836914062,742.5904865609781,729.065914216496,733.9134269439993,12279288
2023-01-16,735.9979248046875,744.6749257633419,731.635163090786,743.0268186770844,5779293
2023-01-17,742.34814453125,745.4505646520488,735.6100897002358,735.9979144054889,6594428
2023-01-18,752.8671875,756.211983106179,742.6389475119656,744.7718649400898,5800899
2023-01-19,748.4559936523438,752.8187552733742,742.2996759232751,752.3340039821486,4169463
2023-01-20,741.1362915039062,752.1885858946541,735.173826706846,752.1885858946541,6289718
2023-01-23,749.1347045898438,752.3340514791685,740.5545706892169,744.481103735031,2685320
2023-01-24,751.9947509765625,753.8367704995612,737.7915135443511,749.4255452953789,5012125
2023-01-25,752.8187255859375,756.6967357628129,744.5779539600773,751.3160084771462,6560514
2023-01-27,750.8796997070312,755.1455344529768,742.4450159711201,751.3159876745976,6745926
2023-01-30,746.7109375,751.3160749927421,739.7305067288842,748.0682056778247,5420851
2023-01-31,746.807861328125,755.2425460130842,744.9658418420958,751.3645355072404,8537557
2023-02-01,745.6444091796875,760.7202216087921,733.5256269529096,752.2855373442065,4472974
2023-02-02,754.0305786132812,757.1814617768854,741.7178848776804,741.7663481685269,2841909
2023-02-03,768.7186889648438,770.7061575990759,754.6609002818036,756.1151542834974,5493687
2023-02-06,765.179931640625,770.415269381531,755.0486175750946,765.616219647991,2407975
2023-02-07,761.93212890625,771.5786325878756,759.120547652853,769.6881498273519,4126502
2023-02-08,751.46142578125,757.1815146704078,741.6694733967503,754.273006931597,9951783
2023-02-09,743.2691650390625,751.4614143733536,738.0822908126801,746.5169749619331,5913945
2023-02-10,748.4075317382812,749.6194099685804,737.7914666061125,745.4990239855633,2954992
2023-02-13,745.15966796875,755.82419647255,743.3176485496116,747.4864978572577,3705892
2023-02-14,751.5584106445312,753.885181328552,742.8328874385353,745.5474828234302,3502010
2023-02-15,761.4473876953125,763.1440172943005,748.6499411710541,751.3645366946861,3602838
2023-02-16,760.5263061523438,766.3917848914007,756.7936857374958,765.5677313728419,3399428
2023-02-17,753.109619140625,763.4348456549831,746.8078521461091,761.9805917331718,3093216
2023-02-20,755.387939453125,769.5911163806722,753.4004118762373,757.4238711492783,3381774
2023-02-21,755.2909545898438,763.9680143027769,754.4184377934881,759.168964814731,2769616
2023-02-22,748.6015014648438,757.8117767210191,743.1237877745673,753.3035656892874,3261898
2023-02-23,739.6820678710938,753.7883197696543,738.6155794385544,750.3950604523633,4062194
2023-02-24,734.0103759765625,752.1400859666156,731.974444238244,752.043159378597,4357223
2023-02-27,729.9385375976562,731.3927915103834,715.9292130703031,730.0354641890075,6719439
2023-02-28,719.6134033203125,734.0104952308818,717.0927198848848,731.9745631617864,10562614
2023-03-01,727.3208618164062,730.4717452640741,718.4014260682596,719.7587533767521,3744982
2023-03-02,717.52880859375,728.8720001845849,713.3599594925,728.0964099847284,4910541
2023-03-03,741.0877685546875,742.5420223711812,720.8736050011814,722.2793955252065,5759333
2023-03-06,743.220703125,752.2371250520329,741.7664491591876,743.3176888936347,4597345
2023-03-08,743.1721801757812,746.4200492763146,737.5006138338476,740.6999604670856,3546995
2023-03-09,749.8133544921875,770.7545875407789,746.7109342547587,770.7545875407789,5240056
2023-03-10,750.1526489257812,755.1940743623575,744.7719212431948,749.4255219639792,4113931
2023-03-13,741.9603881835938,754.0791716674945,739.8759929286113,753.7398693994443,3447889
2023-03-14,748.2620239257812,753.061073175681,740.6999161972583,740.6999161972583,3753502
2023-03-15,733.57421875,742.2027570066934,729.5507590009611,734.883023684689,8101060
2023-03-16,723.2005615234375,735.8525601095433,720.8252680387951,727.1270356813669,7465693
2023-03-17,734.1558227539062,736.288740247365,716.6078498676474,727.1269291058827,9306857
2023-03-20,731.780517578125,736.6280303590794,725.9635022409798,731.9259666310496,3566109
2023-03-21,733.864990234375,742.6389767542296,732.119897424009,736.821961270515,5332221
2023-03-22,733.6226806640625,739.9244480056649,730.180958027629,737.7915303014502,2680654
2023-03-23,740.263671875,742.4450526468511,733.7679928529618,734.8829444725153,2454948
2023-03-24,739.197265625,743.6084905988889,735.7070207776568,740.2636948103384,2336818
2023-03-27,738.5186767578125,746.2262350057222,736.191846623963,739.7305551246616,2258853
2023-03-28,725.6242065429688,742.2511400269615,720.146493381721,742.2511400269615,4166723
2023-03-29,720.922119140625,731.877546003227,716.316981730259,728.096462144166,4891868
2023-03-31,726.157470703125,730.0354812275742,719.4194155821455,729.2114276606266,5796532
2023-04-03,737.3551635742188,738.6640275404999,729.1143917762091,731.9744361761487,2120667
2023-04-05,740.1668090820312,744.5780342994468,732.944002513518,744.5780342994468,3197932
2023-04-06,742.5905151367188,745.2566472394413,735.9493869402373,739.3426459800661,1777379
2023-04-10,746.274658203125,752.6248886694224,743.0753113213163,745.4990679247692,1701065
2023-04-11,750.5404663085938,752.3340224606845,744.7234506710112,752.3340224606845,3485481
2023-04-12,747.5834350585938,750.9282308806487,741.7664194284957,750.3950162826383,3794841
2023-04-13,743.656982421875,747.6319787193585,742.1058018793781,746.5170270224893,4292170
2023-04-17,736.482666015625,764.9375433569343,731.3442549506595,764.9375433569343,9083437
2023-04-18,736.5796508789062,741.6695398780695,729.5992198453044,741.6695398780695,4051481
2023-04-19,741.3302001953125,743.4630586149741,732.9439788838241,738.1307942183325,3429794
2023-04-20,748.7468872070312,750.1526778888742,739.3426996365507,740.7000270204845,2355441
2023-04-21,741.8634643554688,751.6069544781593,741.1363373437194,746.1292406534825,4524208
2023-04-24,737.0643310546875,743.9962981204891,732.6046428887988,741.8633806253393,5271105
2023-04-25,749.0377197265625,753.303555033315,738.5186396996495,741.6210599978563,5773233
2023-04-26,749.86181640625,756.1151201661215,743.7054392392857,756.1151201661215,5057352
2023-04-27,762.5137939453125,765.1314627967837,747.8258059042053,748.4560062629133,4129769
2023-04-28,774.92333984375,777.5894717305458,763.1923832113433,765.761529343468,6572656
2023-05-02,766.1010131835938,782.1947336578447,764.5013101263129,775.8445030744277,6301210
2023-05-03,755.5333251953125,770.2697757864532,753.4973935103067,770.2697757864532,3908267
2023-05-04,765.0344848632812,768.5247297588819,750.0557168977118,755.5333711326754,2457671
2023-05-05,763.289306640625,766.8280144361645,756.4543258483542,765.034399306393,1438467
2023-05-08,769.5426635742188,771.0453807203085,761.2534284501517,765.8101023558274,2489174
2023-05-09,769.397216796875,774.0023540098479,766.3917824957996,772.5966226206699,2486331
2023-05-10,771.7725219726562,773.2267758520748,764.0165012824242,772.6935612643697,2737334
2023-05-11,764.5497436523438,770.3182960850698,759.799216311197,770.3182960850698,4808171
2023-05-12,767.797607421875,769.4942369973248,760.5748011087828,763.4833089524111,2576010
2023-05-15,772.7420043945312,778.0258051866215,765.4707351871797,768.8155308573095,7569060
2023-05-16,763.337890625,776.8140011792301,760.0900804050127,776.4261764483006,4846217
2023-05-17,768.0884399414062,773.3237776856066,759.993116847242,763.9680538640936,6529233
2023-05-18,774.9718627929688,778.5105708755359,770.4152480110216,773.6145946867207,11383252
2023-05-19,781.1766967773438,783.6973797930737,769.0579146368326,774.9718566519057,3432240
2023-05-22,777.3956298828125,779.4800841255307,775.1173224606489,776.5715763489428,9996762
2023-05-23,775.5535888671875,784.2791119539954,773.6145837367858,784.2791119539954,6516636
2023-05-24,776.95947265625,778.4137266785611,770.7546318248902,778.4137266785611,9104329
2023-05-25,797.6098022460938,800.3243976960805,773.5176270898219,775.2142566427815,9570396
2023-05-26,793.004638671875,804.0569324615277,788.5934138147607,802.6512010745422,6150206
2023-05-29,796.2039184570312,804.1053874055817,793.0530353702911,804.1053874055817,3684829
2023-05-30,793.489501953125,801.1485378300658,788.0117879920147,796.2040976965186,5148256
2023-05-31,823.9802856445312,861.6454380872003,793.0531289511447,794.0226315537745,47342125
2023-06-01,802.6996459960938,812.3946714705952,797.9005965514676,812.3946714705952,9713155
2023-06-02,810.9889526367188,813.7035481748123,801.7302143248082,807.401781059285,6834131
2023-06-05,809.0499267578125,815.6909959562494,806.7716192974345,812.9279371916426,5298053
2023-06-06,804.1539916992188,812.6856032568468,800.9546447618266,809.0499682885043,2722174
2023-06-07,818.5025634765625,821.6534469012576,802.0210194089267,803.6207223555764,4110739
2023-06-08,810.504150390625,823.4955085281051,809.0983598261323,821.847342320553,4050621
2023-06-09,808.0804443359375,814.1882990870511,803.669219192008,812.9764207962053,3332436
2023-06-12,810.843505859375,817.3876486516508,806.3838174037664,809.389251905536,1569715
2023-06-13,808.904541015625,818.2602655890751,807.3533603901685,812.5401760819271,3224345
2023-06-14,802.6996459960938,808.5166612807947,794.0225863616671,806.626119478519,5108720
2023-06-15,804.3963012695312,808.3712381721482,799.0640370874277,801.7786324726594,3865201
2023-06-16,812.2493286132812,814.3822463312792,795.7677831518149,797.415949532711,4907797
2023-06-19,802.8936157226562,814.3821980615268,802.2634153522778,814.3821980615268,3017364
2023-06-20,805.8505249023438,808.2742812578166,801.6331533395776,802.8450315173139,2691557
2023-06-21,813.4127197265625,815.1093493565047,805.075020643202,806.6262012067938,3022724
2023-06-22,817.0968017578125,817.7754654310934,809.2438541528682,811.1828594058168,4380046
2023-06-23,828.7307739257812,836.4383310890227,815.6909526988021,818.2601581444627,7667340
2023-06-26,825.9677124023438,831.2029906877177,820.5384625977553,831.2029906877177,4431992
2023-06-27,838.5227661132812,844.7760101244608,827.5673401298056,830.3789211505406,5533649
2023-06-28,845.6001586914062,846.957426793673,837.2624010328767,842.982489901243,6272649
2023-06-30,851.950439453125,856.0708256467817,840.6072468028977,853.162317745377,5217511
2023-07-03,852.3381958007812,857.1857085809171,847.9269118318657,853.1622493039084,3333167
2023-07-04,838.76513671875,847.1512980912058,827.276496244694,847.1512980912058,7397493
2023-07-05,840.219482421875,844.4367952152777,836.7292374310897,841.528287309829,4284477
2023-07-06,843.1279296875,851.1263258522197,837.1170019471442,837.9895187517784,6365222
2023-07-07,843.903564453125,856.6524883571523,836.1960068164162,838.6197633579131,18763997
2023-07-10,858.3976440429688,862.4695077109405,838.6197669110601,840.5587721524729,4310681
2023-07-11,864.6994018554688,865.911280118427,859.2701517331698,862.857323226275,3353977
2023-07-12,862.8088989257812,868.3835391873391,856.1677702403734,862.8088989257812,3033186
2023-07-13,858.0582275390625,866.0566236464394,856.3131347685646,864.166081822675,4228714
2023-07-14,859.4639892578125,863.0996237301383,852.8229206245261,858.0097354688822,3860080
2023-07-17,851.3201904296875,869.3045105981304,849.2842586845293,858.9792844685993,5614592
2023-07-18,848.7510986328125,853.3562361761226,836.8262279869901,850.3022791884293,4731911
2023-07-19,844.1943969726562,850.2537882802407,840.752674544697,848.7510710707083,6641825
2023-07-20,857.8643798828125,859.6579952554796,841.5282842102112,844.4367921049469,3779959
2023-07-21,858.9793090820312,864.6993981280341,848.1208680579838,851.3202148236536,7001587
2023-07-24,861.063720703125,865.377959747964,853.9378413963733,858.0097639754114,4125577
2023-07-25,856.7009887695312,867.4139805723717,852.2897046385892,860.9183013736554,3652262
2023-07-26,862.2756958007812,869.1591410677927,856.3616940271372,859.4641143966517,2845581
2023-07-27,867.8502197265625,873.9096105832419,861.0637019670814,862.2270576725728,3445446
2023-07-28,867.8017578125,872.455417654135,863.3905327957872,872.455417654135,2314339
2023-07-31,862.7603759765625,870.4194109108225,858.2521652768063,866.7353129143912,4424817
2023-08-01,864.45703125,870.0316712921554,861.0637720939054,867.2200900361795,2087412
2023-08-02,851.3201904296875,863.4874951276884,845.987926248449,856.264689083808,3328903
2023-08-03,845.115478515625,855.1498073528916,838.7167254708315,848.3148254511487,4642067
2023-08-04,862.51806640625,865.7174133542032,839.7832171610844,842.4978127783252,7066276
2023-08-07,864.214599609375,873.0855124670898,857.1371836318807,858.155208651753,4086452
2023-08-08,858.3976440429688,867.0261818630096,853.5985942357231,864.7963376701335,3282856
2023-08-09,856.74951171875,870.0801732819558,851.9989250194544,858.0098533408857,3185159
2023-08-10,848.120849609375,856.943358638016,841.7221562172219,855.1012800568323,3439922
2023-08-11,847.8773803710938,850.9453655365079,842.4719364827722,849.2896284543091,2812690
2023-08-14,844.468505859375,847.9260376390342,835.2646101195944,847.8286658209527,2665905
2023-08-16,834.631591796875,851.2375294234035,830.9792568594177,847.3417054901156,3962408
2023-08-17,834.3881225585938,837.4560483113703,827.8626054267071,834.8751005617859,3013019
2023-08-18,833.9498291015625,839.5500761291058,830.0540050824019,834.3881211928294,4929835
2023-08-21,849.2409057617188,851.2375035777961,831.8557563199429,833.365435604699,3220142
2023-08-22,854.79248046875,857.0325673096432,843.6406727280962,848.3156494929071,3333869
2023-08-23,845.5399169921875,854.1594037305159,844.2250407375834,854.1594037305159,1860153
2023-08-24,846.8060302734375,851.9192991175547,841.6927614293203,850.2635620789201,2842728
2023-08-25,850.75048828125,853.136692152374,838.6734112063066,846.8059787307047,3124339
2023-08-28,847.6825561523438,852.9419421775066,843.2997542798929,851.2862051365809,3094455
2023-08-29,832.9271240234375,847.3416599121427,826.4016073970726,847.3416599121427,14064286
2023-08-30,835.4107055664062,840.134368086054,834.1445747365004,837.4559892573654,3261665
2023-08-31,834.0958862304688,837.1151258497277,824.9893625739633,833.2193021110438,12528190
2023-09-01,843.3971557617188,844.9554614831179,830.540925500741,830.9305316538671,4427899
2023-09-04,842.7640991210938,846.8060402235877,837.3099694015035,843.2023912019934,3102649
2023-09-05,843.3484497070312,845.1989302762921,836.0437803520641,840.6213255914024,2216754
2023-09-06,857.3734741210938,859.4188174342554,843.2511118046698,844.5659881014648,4235096
2023-09-07,852.503662109375,860.6849161647449,850.4096924081529,857.3734420362485,4532834
2023-09-08,862.7788696289062,867.4539058271677,855.2794562391008,858.8343598514836,3741470
2023-09-11,867.5999755859375,869.0609095567643,860.5874806368574,864.8729107295051,2733894
2023-09-12,867.21044921875,873.1515570613575,861.9510630220874,871.5932512341166,4106031
2023-09-13,891.3157958984375,894.0915465293764,862.4866646131653,864.9215544457617,5222561
2023-09-14,891.1210327148438,896.6238483155203,886.3973105608121,896.3316734116396,5513106
2023-09-15,911.7689208984375,923.9920566447039,886.2999480632333,888.8322098509059,14003428
2023-09-18,896.2343139648438,911.4280036319391,894.0915988975468,905.1947209627322,2977375
2023-09-20,886.981689453125,895.3576867872904,881.2353256094291,887.2738643470045,5241903
2023-09-21,894.0428466796875,896.1855615880683,879.8230546117438,886.4946883163486,4896202
2023-09-22,887.6635131835938,898.3282837190831,880.2614119912647,894.0429130298404,6112928
2023-09-25,886.6895751953125,889.562697868085,878.5570068452753,888.2478810329368,5278045
2023-09-26,888.9296264648438,896.9647632241839,884.3520215128359,886.2999334544942,5355047
2023-09-27,896.282958984375,897.0621118517843,883.8163347691661,891.1210043615408,4713145
2023-09-28,901.5423583984375,907.7269549679048,894.6759213221188,901.8832192063088,7386917
2023-09-29,902.2728271484375,912.0123867703094,897.7925940550438,907.726956758464,5608557
2023-10-03,901.201416015625,904.0745979169683,892.1923236043867,894.3350385534674,4338272
2023-10-04,900.1787719726562,901.8345089495174,894.3837222764186,894.3837222764186,5603669
2023-10-05,904.6589965820312,905.3894635737631,895.4551600426539,900.9579757130341,7063132
2023-10-06,901.9319458007812,904.9999309922357,900.2275227934304,904.9999309922357,2420855
2023-10-09,900.4710083007812,903.8798543022572,892.6793602974075,894.0916083871303,2248103
2023-10-10,923.651123046875,929.2026839810675,897.062136877964,900.4709827828386,7897875
2023-10-11,930.7122802734375,931.8810393003275,923.3102388457227,923.7972168197974,5645289
2023-10-12,925.5990600585938,931.8810881425253,922.3363312395065,930.7123290543776,5544735
2023-10-13,929.3487548828125,931.0531777503863,921.6544793024011,921.6544793024011,4421671
2023-10-16,921.8980102539062,933.7802849607709,919.2683172493909,933.0011320749472,1881721
2023-10-17,928.8131713867188,935.2412572653051,921.3623841426489,921.8980480582716,3863410
2023-10-18,928.033935546875,933.9264168063335,925.8912799385872,928.1800527226927,2334392
2023-10-19,918.3917846679688,926.5242931583757,916.8334194641325,921.1675353766442,4306963
2023-10-20,920.5831909179688,922.8232777505742,912.5967401079557,913.3758929916157,3125104
2023-10-23,914.8368530273438,924.3816098768477,912.5967661308616,917.0769399238259,2180066
2023-10-25,898.57177734375,915.1777746174395,895.0655595394459,900.5196893340426,6365249
2023-10-26,881.9171752929688,900.5197114795118,876.6091030997748,897.6465887796198,6595332
2023-10-27,890.7800903320312,894.481170507782,882.8423849869006,887.0303836933224,3508393
2023-10-30,902.1267700195312,907.6783312626092,886.6408454118229,890.9749616211362,3686768
2023-10-31,890.5853881835938,899.4970498963005,888.6374761879565,896.3316929033899,5697563
2023-11-01,889.6600952148438,890.7314230066676,872.1288877050039,879.482243410298,4821458
2023-11-02,899.7892456054688,901.8345889155006,892.5333208104419,896.0395387054137,6611573
2023-11-03,906.509521484375,909.3827034926146,898.1822098078761,900.9092746420058,3895154
2023-11-06,914.739501953125,916.2004359768644,905.779094718412,909.8697218739937,2760800
2023-11-07,912.742919921875,914.4960288918131,908.1653146785776,911.6715326184539,3616946
2023-11-08,912.353271484375,917.2717373331833,910.0644986914863,917.2717373331833,1808553
2023-11-09,908.06787109375,912.8889652798705,906.3147621475856,912.3533013582032,3914416
2023-11-10,911.1358032226562,912.5967371668936,904.8050894642947,904.8050894642947,1345614
2023-11-13,910.6488037109375,915.8107583027553,909.4800446940695,913.570671530331,1656368
2023-11-15,925.2581787109375,927.8878717395428,911.8175981093002,923.3102667557565,4816316
2023-11-16,924.8198852539062,929.056629417445,918.68397449334,924.2842213561406,5310736
2023-11-17,922.6284790039062,929.1539958956386,921.3623481313145,924.089412959717,3249469
2023-11-20,936.361328125,939.1857648756039,917.4178719155799,924.2842498700766,4646962
2023-11-21,945.5651245117188,950.9218823173476,935.9716820380419,941.8154178260005,5704644
2023-11-22,944.4938354492188,950.8732353901588,940.7928145208957,948.9253233809827,3309732
2023-11-23,951.214111328125,955.4507959724109,938.601369767411,944.7372804212422,2749555
2023-11-24,947.8052978515625,951.7011218214473,945.711268689527,949.6070926594117,2322104
2023-11-28,959.2492065429688,962.2684461077989,945.9059985894081,948.68174917496,5096984
2023-11-29,969.4757690429688,980.8710060149546,965.1416532092849,969.9627470142691,5647918
2023-11-30,988.2730712890625,991.6819169655184,966.8460413227681,969.0861280210432,9934052
2023-12-01,988.2730712890625,995.918601385179,981.9423578899301,988.56524617222,5544950
2023-12-04,1005.9991455078125,1016.8100329999928,998.4996132017866,1009.0183852375408,5164902
2023-12-05,1004.2460327148438,1018.7092558951329,995.4804284975636,1011.7455654354088,4266159
2023-12-06,997.7691040039062,1008.0443866122897,987.0556482294245,1002.2980228524142,4121251
2023-12-07,973.9559936523438,993.1429386164061,972.0080816650391,988.565333557129,13805235
2023-12-08,974.1994018554688,977.8517365287585,965.4824845461071,972.6897820796194,6630766
2023-12-11,974.7838134765625,978.4361483815986,966.213012788522,970.1575225968501,6195119
2023-12-12,969.3296508789062,974.7837803736535,961.2945143606937,973.2254746453123,7119331
2023-12-13,973.8585815429688,975.9038652668033,965.6773277565226,967.3330647663454,4153219
2023-12-14,979.0205078125,984.8642433631768,973.128086354678,979.7996606634798,6541673
2023-12-15,966.7000122070312,984.5233950496307,962.5120133121887,973.6151354478703,10119597
2023-12-18,964.4598999023438,972.7872115619983,956.5708803185773,969.086190762769,5750263
2023-12-19,962.706787109375,971.9593687924065,960.2232112835669,969.5244788758192,3912964
2023-12-20,946.2468872070312,967.7713492755003,943.7633114344723,967.0408823161857,3990591
2023-12-21,952.4315795898438,955.9864832605945,934.997743715264,942.7893915795579,4294277
2023-12-22,963.778076171875,972.9332856686277,950.1426931868274,956.3273489938053,4605120
2023-12-26,973.8098754882812,976.3908826470671,963.8755719195391,969.0862127020765,2460643
2023-12-27,994.6038208007812,997.3796309054401,972.0080310358865,973.95594292173,4791379
2023-12-28,1009.7000122070312,1014.8132805718024,995.5777114070222,997.2334482904389,5288328
2023-12-29,1005.3173217773438,1016.0795829853465,997.7205364167932,1006.2426512992488,4631749
2024-01-01,986.6660766601562,1005.0738086978541,980.7736549717309,1005.0738086978541,3804406
2024-01-02,995.0908813476562,998.7431569911356,989.5393201232077,990.9028823346716,6865791
2024-01-03,1008.2392578125,1009.9924262631365,994.7499902659945,1005.0739006424371,3604276
2024-01-04,1020.6085205078125,1031.2246647310706,1000.7885396019556,1008.2879532773239,4664043
2024-01-05,1019.3423461914062,1035.948343879691,1011.8915588642936,1026.354900866207,4008221
2024-01-08,1021.7285766601562,1031.4193911832901,1018.0274963497017,1022.653787292214,4489695
2024-01-09,1036.776123046875,1040.087597100681,1020.7545950052714,1029.4714533213216,3371125
2024-01-10,1035.02294921875,1045.346977488517,1027.815770240984,1039.1622620410842,3111573
2024-01-11,1035.1690673828125,1045.9313282876392,1029.812309607599,1037.9935634425103,2604325
2024-01-12,1048.3173828125,1050.4601570732514,1024.2119748939601,1030.5426880846878,3394013
2024-01-15,1073.6890869140625,1075.9291143141684,1046.564436882113,1049.9732827828525,3312897
2024-01-16,1067.3583984375,1087.908846148748,1064.5339022744688,1078.1692862011316,5025540
2024-01-17,1056.9857177734375,1080.068426735059,1050.7037493154712,1063.5599205792155,4568700
2024-01-18,1058.739013671875,1067.4558731084185,1047.1975389090353,1047.1975389090353,4407330
2024-01-19,1095.700439453125,1106.754815664053,1061.4172377040122,1062.5859372829862,11753391
2024-01-23,1127.841064453125,1142.0121720163006,1105.440076126336,1115.179636268418,18194595
2024-01-24,1158.9588623046875,1162.903431551066,1110.4071808376661,1110.4071808376661,9546592
2024-01-25,1130.3245849609375,1169.3801933828981,1126.91573925768,1155.111715446756,11424697
2024-01-29,1131.8829345703125,1139.2849760349768,1127.840993587094,1127.840993587094,4015858
2024-01-30,1128.47412109375,1150.095896314162,1124.4809253501203,1131.8829670270381,3902023
2024-01-31,1140.210205078125,1144.4470086551455,1116.3482838433536,1128.8149678000045,5981966
2024-02-01,1121.218017578125,1139.7231802236747,1119.0266167385205,1134.7074023036857,3606209
2024-02-02,1120.8284912109375,1144.5929199294526,1115.4717337899262,1124.9190584123605,4969983
2024-02-05,1084.5487060546875,1129.4480520010127,1081.0911148426662,1124.2860378601854,7809331
2024-02-06,1104.5147705078125,1125.9904274400494,1093.752509919659,1095.7004217806023,9863065
2024-02-07,1104.7581787109375,1118.3448153911254,1102.3232890627967,1109.1409800775912,2770694
2024-02-08,1112.40380859375,1116.6404931847862,1087.1295804355839,1114.5952094744005,6519392
2024-02-09,1091.0740966796875,1116.1047157464723,1087.178273080742,1116.1047157464723,4203171
2024-02-12,1089.5645751953125,1099.5963699711601,1082.3573956068903,1093.655261901001,3887976
2024-02-13,1088.736572265625,1095.7003806855353,1075.0525632903903,1082.0649981703375,3211554
2024-02-14,1086.7886962890625,1091.9507102534951,1075.9290639355402,1081.0910778999728,4653070
2024-02-15,1091.512451171875,1101.9824782632727,1080.5068196104696,1093.0708758983699,5056712
2024-02-16,1090.8306884765625,1097.6971256345778,1087.7627033870003,1094.7265123639788,3091952
2024-02-19,1112.4525146484375,1115.1796390514723,1089.2236874298242,1091.8534400094181,4711035
2024-02-20,1114.15673828125,1121.607524253322,1105.4398810488005,1115.179439472138,5397418
2024-02-21,1110.21240234375,1128.9610542319738,1103.1024764089161,1124.9191132934343,4570259
2024-02-22,1105.975830078125,1109.0924418533402,1069.0628723405234,1107.9723686278003,8642368
2024-02-23,1096.4310302734375,1102.3721384380674,1086.2532370425372,1097.6484753436944,6709844
2024-02-26,1081.1397705078125,1096.5769474041383,1075.588150665588,1088.9800439952412,3186134
2024-02-27,1098.1353759765625,1101.5442219330307,1072.6177766588735,1084.0130141569084,7149094
2024-02-28,1099.352783203125,1122.6303542846065,1094.2395144440407,1103.881702167964,5302711
2024-02-29,1094.093505859375,1108.3132404224596,1070.3776998012384,1089.7107036308896,13818650
2024-03-01,1099.3040771484375,1111.0402943714844,1088.2984458081996,1098.6223555126314,5927490
2024-03-04,1103.9791259765625,1119.318932976237,1102.5181919765935,1102.5181919765935,5855090
2024-03-05,1138.4571533203125,1149.0245517814026,1103.540855690301,1103.540855690301,5375008
2024-03-06,1162.6112060546875,1165.4357021756023,1127.207929951227,1143.3755754449699,5464839
2024-03-07,1168.454833984375,1181.9928446371614,1158.4717861092452,1178.3405100486991,8903981
2024-03-11,1165.4356689453125,1186.5705844485385,1155.1117596273702,1155.1117596273702,6679208
2024-03-12,1172.886474609375,1176.5388094898276,1166.60450617144,1168.7471617448618,4249548
2024-03-13,1138.3109130859375,1180.4345040942515,1121.7049180915394,1180.4345040942515,7528096
2024-03-14,1163.48779296875,1168.4549447015017,1133.246531045428,1143.3755781509958,8569080
2024-03-15,1188.226318359375,1190.953442712055,1156.9136092243868,1159.0076383997182,10115416
2024-03-18,1193.3883056640625,1198.5015745411251,1183.551255187682,1193.0960713146433,4141080
2024-03-19,1196.3587646484375,1208.0949813753457,1182.966870366786,1184.525176104975,7703719
2024-03-20,1199.718994140625,1206.7314294672847,1191.7812293211134,1196.26140294043,6596032
2024-03-21,1189.0054931640625,1210.5298962763454,1182.4799168444927,1205.7574882554325,9952250
2024-03-22,1203.906982421875,1212.575214561218,1190.1742266616934,1194.9952612836244,7840007
2024-03-26,1181.5059814453125,1201.8616853069343,1178.4867416704947,1193.0960814432694,10898138
2024-03-27,1192.9013671875,1196.261467861563,1179.0224940614855,1179.0224940614855,5779169
2024-03-28,1196.6021728515625,1206.2443598616192,1188.5184103655909,1194.9951218680364,10518377
2024-04-01,1185.645263671875,1199.8163704408694,1176.5387992275982,1196.0179184201083,5461473
2024-04-02,1176.7823486328125,1195.774490820555,1171.8638232277463,1193.0961117940785,3625577
2024-04-03,1193.77783203125,1208.289800335749,1158.4719267240346,1163.877430127516,9532291
2024-04-04,1175.418701171875,1200.8876727542518,1170.013317045236,1199.8649714618873,7327626
2024-04-05,1159.9815673828125,1179.8015477156234,1157.9849100756255,1174.4935352030195,4227519
2024-04-08,1173.3245849609375,1179.0223218935434,1152.2871620201602,1157.0595695448187,4827733
2024-04-09,1173.0811767578125,1183.3077140613948,1167.0914428785984,1183.3077140613948,3372798
2024-04-10,1197.3814697265625,1198.647541127975,1177.2692555637361,1181.6520573424636,6442196
2024-04-12,1193.6318359375,1199.7676874675049,1187.7880998759063,1194.1674404084774,7877073
2024-04-15,1192.6578369140625,1202.8356292978308,1178.8275907324091,1179.0710797261943,4281602
2024-04-16,1184.7686767578125,1201.812906011378,1180.483365658374,1192.0247199747096,5235632
2024-04-18,1232.7847900390625,1248.4654576451017,1184.1357360648326,1188.2263036521085,19939924
2024-04-19,1255.42919921875,1262.7338687254532,1220.7076463853323,1246.6635958107058,13103862
2024-04-22,1263.756591796875,1271.4021222341269,1254.6987538959859,1270.0385601244834,7894656
2024-04-23,1307.3897705078125,1315.8145134133665,1268.1880427765852,1275.882318705781,12074766
2024-04-24,1301.5947265625,1318.7363271250476,1298.8189759446304,1316.7884152681422,6277492
2024-04-25,1303.8348388671875,1308.802109539023,1289.8585941609256,1296.3354252856163,8512627
2024-04-26,1291.465576171875,1310.6524606294493,1287.5697524126838,1303.1530474494486,5289771
2024-04-29,1297.74755859375,1310.9447092785167,1285.6218545673419,1290.0046563442759,3195888
2024-04-30,1287.862060546875,1300.0365104919558,1285.5731688443097,1288.689899364918,5272565
2024-05-02,1270.0872802734375,1285.5244580124624,1259.909369452641,1280.9955391518947,7995432
2024-05-03,1244.13134765625,1276.3692656506628,1225.382695718993,1271.9864638990962,11290875
2024-05-06,1249.97509765625,1264.633063458771,1240.0406755708013,1241.7938438479712,5555467
2024-05-07,1252.653564453125,1260.7373281202838,1237.898106906504,1252.8483081015418,5767030
2024-05-08,1255.0396728515625,1265.5584451663512,1241.501660726953,1242.913968256028,2682816
2024-05-09,1242.2320556640625,1261.565176178905,1236.972788702863,1249.5854705648264,4809145
2024-05-10,1267.2628173828125,1274.421369889411,1238.6284884653103,1241.842590680244,5532513
2024-05-13,1252.458740234375,1268.9673666863177,1248.0273115228179,1267.2629435916142,3703942
2024-05-14,1250.8516845703125,1266.0453737387672,1247.345348008193,1256.9389093085642,3262908
2024-05-15,1275.784912109375,1283.9174204462504,1247.150583638478,1248.1732849339446,6891004
2024-05-16,1310.068115234375,1321.5120975653526,1286.8880351241648,1293.4134923862373,11932181
2024-05-17,1309.43505859375,1324.5801215101071,1304.3705350973612,1318.346779513014,6614017
2024-05-21,1309.2891845703125,1327.2586263971161,1300.9618126655278,1320.684422964219,5422220
2024-05-22,1312.7952880859375,1315.8145278431066,1294.9232196466014,1307.1950412057763,3026723
2024-05-23,1338.26416015625,1341.4295168506565,1309.288971953605,1315.5709399906789,7147341
2024-05-24,1352.337890625,1361.3469835225737,1338.264274141451,1339.6764627689502,5622368
2024-05-27,1348.2958984375,1370.356024529577,1342.1113019202255,1359.6425090570644,6553974
2024-05-28,1335.34228515625,1350.8280888638621,1331.300344390291,1348.7341787903242,2068963
2024-05-29,1341.2347412109375,1354.0422859822663,1320.1973160575162,1320.1973160575162,4445083
2024-05-30,1341.283447265625,1350.3411661777993,1327.988924899303,1342.8904983457046,7100303
2024-05-31,1336.998046875,1351.8508752959387,1303.1530771945002,1344.0592275997085,24825643
2024-06-03,1354.8701171875,1383.4557009409755,1348.929009587754,1378.439922841316,6017122
2024-06-04,1265.8504638671875,1360.6164226043009,1187.3010138955774,1354.8700588880947,19924421
2024-06-05,1309.337646484375,1313.6230764062013,1246.5174882428921,1291.1247179304962,12175520
2024-06-06,1334.9041748046875,1340.4070504156812,1294.3876257965053,1323.6063080943948,10279789
2024-06-07,1388.130615234375,1393.39000075423,1327.6479789837895,1334.9039027190506,12280748
2024-06-10,1388.909912109375,1399.2338212677698,1384.0401324222921,1384.0401324222921,5318477
2024-06-11,1390.07861328125,1397.237165651298,1376.1997411570546,1388.861168358075,4416792
2024-06-12,1400.938232421875,1410.1420683969143,1385.0627032185396,1387.8871991916067,4876138
2024-06-13,1388.6177978515625,1418.0312221486088,1383.4557833804304,1411.2622753546652,7990376
2024-06-14,1390.2247314453125,1396.6528168660566,1383.9426443025695,1396.6528168660566,3978442
2024-06-18,1391.1500244140625,1406.3924595439912,1381.0696036242239,1406.3924595439912,8671131
2024-06-19,1356.087646484375,1397.4321510453508,1352.1431959211286,1396.6041933119077,8640918
2024-06-20,1345.1793212890625,1370.307314158704,1340.4069132239758,1369.3333581817928,8742855
2024-06-21,1379.17041015625,1386.8645672692987,1337.0954405734203,1348.8802841285958,43929578
2024-06-24,1382.82275390625,1386.718577843001,1353.1657228530653,1365.486289831263,6195831
2024-06-25,1378.098876953125,1396.652784725056,1373.1317255555452,1396.652784725056,6353748
2024-06-26,1421.48876953125,1441.4061220000974,1372.255246606662,1378.0989825554032,9579826
2024-06-27,1437.3642578125,1450.220428968199,1402.5453321337807,1425.8715298921716,19675528
2024-06-28,1406.441162109375,1496.2398547362907,1399.2338641732695,1496.2398547362907,29145832
2024-07-01,1416.1319580078125,1428.5986417833064,1411.505667223399,1412.236134189359,6011806
2024-07-02,1381.994873046875,1435.0268506691887,1380.095706328558,1423.9237280538828,7792632
2024-07-03,1382.871337890625,1395.0945326731442,1371.7682162337367,1390.7603573419824,8261388
2024-07-04,1385.988037109375,1403.567870353912,1374.73879853411,1381.0695120944865,9570938
2024-07-05,1392.4647216796875,1396.2631735197538,1379.949411972083,1385.4522866604134,4881198
2024-07-08,1397.77294921875,1401.3765387902226,1386.085477452533,1393.7310081213777,3261797
2024-07-09,1398.16259765625,1404.1037055387903,1390.9552994043142,1398.6008303042868,2897480
2024-07-10,1407.4151611328125,1411.0187507655528,1389.0073690098313,1403.4705917882047,3416762
2024-07-11,1400.5,1413.0640563339296,1390.8091852363468,1412.2362175018927,4178558
2024-07-12,1395.92236328125,1409.898607364941,1384.4296355317363,1404.4444778311965,6342135
2024-07-15,1400.1590576171875,1402.4965756882227,1388.909937667686,1395.9223729896842,3324806
2024-07-16,1428.306396484375,1434.9293444813864,1407.3663436208128,1414.1840352508098,6967651
2024-07-18,1445.009765625,1447.2497929701105,1421.0504730891105,1427.8194193693778,6470342
2024-07-19,1423.6800537109375,1441.454749096759,1414.1352382212883,1441.454749096759,3858596
2024-07-22,1427.2352294921875,1433.6633156892003,1411.3110717408474,1412.2362824384109,3560584
2024-07-23,1427.527099609375,1431.715157490447,1391.2472427273892,1431.715157490447,2936143
2024-07-24,1417.30078125,1437.1695082357905,1399.136596224604,1427.8195540339827,4529339
2024-07-25,1411.408203125,1416.1318654178092,1402.5938547556086,1407.3662623994044,4277756
2024-07-26,1474.9588623046875,1480.4129916536117,1411.408238814294,1412.4795665431911,9564987
2024-07-29,1442.7696533203125,1485.2828552167043,1438.5817139812525,1485.2828552167043,4589313
2024-07-30,1432.0560302734375,1446.2271361401113,1425.9201794531516,1445.740158191306,4263689
2024-07-31,1452.7042236328125,1464.976046335472,1434.7834081682183,1439.3609541403532,5634305
2024-08-01,1466.2906494140625,1471.6474070173686,1446.3245528926489,1446.3245528926489,4531379
2024-08-02,1454.8955078125,1465.9498845389678,1444.9610853634856,1455.1876232753134,3335905
2024-08-05,1427.527099609375,1449.246363500534,1413.6969735356352,1443.4026281638382,5111901
2024-08-06,1405.9542236328125,1454.0189281905457,1393.828400164758,1444.474111886535,8249573
2024-08-07,1412.0263671875,1424.9052860027007,1393.2711465147477,1422.065049527484,5700734
2024-08-08,1421.8692626953125,1436.2661548508695,1400.5186508262825,1405.415569185815,5986360
2024-08-09,1433.91552734375,1451.446517969499,1427.255790491473,1434.7969965083105,3615910
2024-08-12,1428.5289306640625,1447.0393050762789,1415.2093372827228,1435.776393395482,4028226
2024-08-13,1429.606201171875,1447.920746327499,1420.4489883708943,1437.7351329192459,4495208
2024-08-14,1441.3587646484375,1449.5856106185206,1423.1422539991775,1423.1422539991775,5891784
2024-08-16,1452.964599609375,1460.2609596682103,1437.8330511321242,1449.487739979176,7176426
2024-08-19,1439.3511962890625,1458.400160343048,1434.1115177044917,1456.3434786014188,4404075
2024-08-20,1419.2738037109375,1454.1398368411508,1416.6784131946285,1449.4877646236089,10046892
2024-08-21,1433.2789306640625,1436.3640130204067,1417.8536384360075,1423.0444195151686,6175510
2024-08-22,1455.706787109375,1468.9774826849505,1434.7969712008999,1443.3175606828124,6781325
2024-08-23,1475.686279296875,1478.8692760831466,1448.8511440188054,1462.2197544318794,6238112
2024-08-26,1482.34619140625,1489.3486889558953,1473.9724132635838,1477.889947916776,4307432
2024-08-27,1491.3564453125,1494.8822025235036,1471.034234680266,1486.7043729990971,3965066
2024-08-28,1524.263671875,1532.2456722824425,1490.279108109249,1496.4491531781878,6225319
2024-08-29,1533.616943359375,1539.2972970264957,1514.0781670208744,1532.7354741280556,8036748
2024-08-30,1556.28955078125,1575.240599449903,1529.4053993434138,1543.5085470341537,37820442
2024-09-02,1538.954345703125,1571.9106266778504,1533.2249757409188,1571.9106266778504,4890314
2024-09-03,1528.4261474609375,1546.4468310879597,1526.4673801004715,1546.4468310879597,4546295
2024-09-04,1529.6993408203125,1533.7147898587623,1510.2095823513482,1525.8797206896243,5213811
2024-09-05,1515.3023681640625,1530.7766779895196,1509.7199290600413,1526.8591433049655,5652812
2024-09-06,1507.516357421875,1523.529256976365,1498.6528871318862,1520.7870543536687,5497805
2024-09-09,1510.84619140625,1514.861640406891,1491.8461249392576,1491.8461249392576,3912508
2024-09-10,1545.3204345703125,1553.302435054624,1513.2946377345995,1513.2946377345995,6163457
2024-09-11,1545.271484375,1565.9364543236159,1541.990453688051,1545.90798806897,5994914
2024-09-12,1612.7999267578125,1618.7252452985024,1557.3178224761496,1563.2431410168394,12204496
2024-09-13,1600.7535400390625,1620.782007177514,1597.4237313112744,1616.9623870768355,5609618
2024-09-16,1601.73291015625,1618.8721236843983,1596.4932316455206,1600.7535265260701,3762063
2024-09-17,1627.49072265625,1631.7021200233282,1604.7200536014839,1615.9829651769596,4223072
2024-09-18,1620.781982421875,1636.5010178466666,1613.877280054815,1621.0757257767227,3171195
2024-09-19,1630.5267333984375,1676.4108303273815,1613.7302810479948,1613.7302810479948,8498240
2024-09-20,1676.4599609375,1687.869804357462,1631.6531590021177,1636.5500772464218,21646275
2024-09-23,1714.362060546875,1718.0837662344907,1683.560492607718,1683.560492607718,5001827
2024-09-24,1720.4342041015625,1731.1095091235463,1710.1016594247126,1715.8800465057552,7579205
2024-09-25,1724.1070556640625,1730.4730495895321,1709.0245230683695,1719.3570687227157,4017103
2024-09-26,1734.5863037109375,1742.3234582118184,1710.1507302382015,1733.5090056407637,7417423
2024-09-27,1698.8388671875,1727.0940617756617,1686.9883488508633,1719.014146607,7116861
2024-09-30,1674.3052978515625,1697.2717956784875,1669.0654998965256,1678.6635070934378,6907288
2024-10-01,1663.678955078125,1687.3310940886556,1661.0346670499255,1669.849119882148,3649090
2024-10-03,1638.949462890625,1660.0552276177916,1630.6737191643795,1630.6737191643795,7200276
2024-10-04,1607.0706787109375,1651.9263788050805,1596.5423043193828,1635.6197364369107,8576527
2024-10-07,1627.7845458984375,1635.570597628558,1608.5885318641795,1616.9623093920654,5387707
2024-10-08,1623.2794189453125,1644.8748767291975,1617.941825755662,1628.3232687656362,5224335
2024-10-09,1643.503662109375,1669.4573285652077,1626.8052427822563,1632.3876817078933,3414614
2024-10-10,1643.503662109375,1663.9237870893628,1630.6737603381684,1651.8284230480383,5047657
2024-10-11,1652.612060546875,1655.4032801494823,1624.454779491234,1643.5037444187114,2367678
2024-10-14,1660.6429443359375,1674.7951102478792,1644.7279595317334,1651.2408849161884,2069815
2024-10-15,1681.8465576171875,1697.0270040536798,1664.9031728053133,1672.7872589373453,5891334
2024-10-16,1698.2021484375,1706.3310801535117,1681.6995586587009,1684.539795014516,3299887
2024-10-17,1666.0784912109375,1702.1197371736191,1659.467651688099,1700.9445246354699,4373392
2024-10-18,1672.640380859375,1680.7202961560074,1650.4573167706142,1674.7460796655953,4154915
2024-10-21,1657.6558837890625,1673.7176803855682,1627.7356647532665,1670.38787153984,3836168
2024-10-22,1657.3619384765625,1677.5862342322007,1652.5629348060213,1657.1170925704498,3070057
2024-10-23,1651.044921875,1666.2742651336275,1645.4623636188348,1655.1582851764588,2764757
2024-10-24,1643.846435546875,1658.0965154413911,1623.2304814964168,1652.2202135555979,3669575
2024-10-25,1631.653076171875,1650.016518655802,1621.7123087298432,1646.4417446081984,3434386
2024-10-28,1629.0577392578125,1643.2588019120608,1611.7226968047826,1623.964992196376,2811651
2024-10-29,1603.348876953125,1633.562837277717,1576.8076051498447,1616.4726411800116,6990747
2024-10-30,1599.67626953125,1616.9624149586525,1584.4469254229866,1594.24076197634,4622628
2024-10-31,1579.35400390625,1605.0139265182734,1569.119492884427,1600.3128373142442,4921681
2024-11-01,1583.1246337890625,1592.8205557157842,1572.2534993182333,1586.6014935253534,279441
2024-11-04,1558.4442138671875,1590.372096553199,1540.6194794782016,1585.769041276362,6094029
2024-11-05,1545.8592529296875,1561.0397002496277,1533.7148711630005,1550.6092399545469,6473278
2024-11-06,1565.838623046875,1577.5422098100612,1534.2044834191904,1550.364313598837,6631728
2024-11-07,1543.312744140625,1575.387557444631,1537.2895110140255,1563.0472282862656,5160994
2024-11-08,1537.534423828125,1546.936483004981,1526.71218661938,1538.6117219378443,3096384
2024-11-11,1528.377197265625,1548.9931512908813,1519.8075903593187,1528.8178720850538,3664301
2024-11-12,1523.5782470703125,1562.1169710021709,1518.1426198199647,1536.457166384607,4479934
2024-11-13,1518.4853515625,1540.0808091401138,1514.469902457352,1527.7405989044787,5816699
2024-11-14,1518.5343017578125,1535.6735150959369,1504.871948089745,1518.044609948152,5139154
2024-11-18,1505.3126220703125,1536.6038808689812,1497.918227927031,1536.6038808689812,4816078
2024-11-19,1494.0496826171875,1525.8796496345974,1487.9775521153313,1505.3125940233479,6238241
2024-11-21,1493.7069091796875,1510.2585157944457,1479.8486074428033,1506.2919644255667,7356679
2024-11-22,1536.94677734375,1542.5292162095182,1488.858945500254,1501.3951037772642,7640321
2024-11-25,1546.201904296875,1576.0731049816286,1530.3359373284065,1549.3358840882354,12155641
2024-11-26,1544.73291015625,1571.763875828849,1533.71484375,1557.2200520833335,4030593
2024-11-27,1545.1246337890625,1551.0988501218922,1522.109118096646,1536.799872793933,4982785
2024-11-28,1528.230224609375,1555.750880421554,1524.8512793880643,1538.6116670709862,6714728
2024-11-29,1593.6041259765625,1614.9057203101715,1519.1709687648715,1519.1709687648715,10775801
2024-12-02,1609.71484375,1612.2612171719022,1583.8590930771338,1593.6040315246044,3790108
2024-12-03,1587.1402587890625,1618.8232966936391,1579.8927956995556,1618.8232966936391,9131055
2024-12-04,1551.4415283203125,1596.8849510212226,1549.7766240309302,1596.1504133252606,8772014
2024-12-05,1582.04736328125,1588.6093055023152,1552.6658536296206,1567.0138480869002,10324005
2024-12-06,1564.908203125,1591.155733804408,1561.92115460658,1584.6428083636251,4296866
2024-12-09,1569.51123046875,1572.792141606452,1556.289551915358,1562.9983056409765,4264409
2024-12-10,1546.10400390625,1578.6194928635823,1537.6813285309088,1577.346365866492,14645786
2024-12-11,1553.3023681640625,1555.261135337031,1538.807443262631,1555.261135337031,3853182
2024-12-12,1577.3463134765625,1584.5447590654203,1545.9570211024627,1545.9570211024627,13120939
2024-12-13,1647.078369140625,1650.261365840317,1573.6736161491926,1584.6426646466664,12900707
2024-12-16,1628.2742919921875,1652.220173778838,1625.9237473837254,1647.0784097525554,4375126
2024-12-17,1581.9984130859375,1624.4546692062916,1575.3385566321442,1616.4726687729897,6182486
2024-12-18,1568.874755859375,1589.539727793647,1563.1942826397521,1587.9727378014427,3905144
2024-12-19,1567.3076171875,1576.5627443522937,1552.7636751375935,1553.6941612863984,5865855
2024-12-20,1545.5653076171875,1588.8541364962953,1540.9622523031237,1576.8076698307793,9738879
2024-12-23,1554.183837890625,1574.310098868295,1545.8100604015522,1553.3023687517234,4363599
2024-12-24,1551.2457275390625,1565.8385672740658,1542.5291894782622,1557.2199436637693,3610076
2024-12-26,1566.524169921875,1573.722615938572,1548.503486600974,1551.2458086805107,3400479
2024-12-27,1566.866943359375,1594.877292461064,1563.3902030568186,1566.524182984992,2559578
2024-12-30,1554.183837890625,1579.7947425976101,1548.5033652654029,1571.9106569019648,4438130
2024-12-31,1555.016357421875,1564.2714848972985,1531.1193729562094,1550.3642851826976,2249626
2025-01-01,1562.802490234375,1573.4288988044955,1551.3927660061897,1560.158202120047,1405565
2025-01-02,1576.5137939453125,1586.2097158702666,1555.6529941923711,1566.915906027072,3728040
2025-01-03,1565.8875732421875,1583.6634109492913,1560.4520655490544,1581.7046435888099,3669685
2025-01-06,1555.701904296875,1576.660738227019,1534.7920873704866,1563.2432301014803,4584188
2025-01-07,1558.0523681640625,1569.9519027538083,1551.3926314503917,1561.1374503989834,2830856
2025-01-08,1566.230224609375,1580.186441081448,1545.3204084022998,1565.7895498054065,3674564
2025-01-09,1573.9185791015625,1586.7973787551834,1559.5705843851574,1567.0138763872626,4684859
2025-01-10,1582.5860595703125,1591.4984268499386,1558.9829375813024,1574.84890484597,4145892
2025-01-13,1564.271484375,1581.4106978820362,1545.5652809723395,1547.4261337781222,3705039
2025-01-14,1567.1116943359375,1599.7252164512684,1545.957032218217,1571.6168350423754,7284572
2025-01-15,1574.3101806640625,1580.5782598563335,1560.1581349201829,1574.89790648964,2960985
2025-01-16,1596.5911865234375,1601.2922758887987,1567.552556796279,1585.6711544133693,5299325
2025-01-17,1593.9468994140625,1605.209811452933,1589.5396729640697,1596.493273007769,2678801
2025-01-20,1607.3155517578125,1611.086155018398,1584.740710092469,1604.2304692523621,3933044
2025-01-21,1592.624755859375,1622.5448548131687,1586.895385383429,1619.900566763861,7958844
2025-01-22,1598.1092529296875,1607.168551590389,1589.0989712724024,1593.9468724639598,3262136
2025-01-23,1602.271728515625,1611.4779591794445,1583.8592671879856,1591.008815998553,2457080
2025-01-24,1610.8902587890625,1627.6376951212437,1600.3618846597449,1600.3618846597449,3620058
2025-01-27,1569.5601806640625,1613.2406666273066,1560.8436424511233,1605.1607516842503,6622807
2025-01-28,1584.9854736328125,1596.6891797430176,1564.075657043929,1574.5061166137216,5216471
2025-01-29,1567.4544677734375,1593.3592362705992,1560.3050390752305,1586.601465377702,5009227
2025-01-30,1606.9237060546875,1611.037069517956,1562.3127334666256,1573.5756453176868,4283637
2025-01-31,1592.7716064453125,1605.3076448713791,1541.7946419255927,1605.3076448713791,8340866
2025-02-01,1589.7845458984375,1610.1067570965847,1576.024157482561,1593.457234669187,2741589
2025-02-03,1618.2845458984375,1626.7562383593265,1574.9468195002435,1586.503594361229,4146970
2025-02-04,1627.1968994140625,1633.9057729850488,1595.4649651491256,1627.8825396936547,6385876
2025-02-05,1626.217529296875,1640.6634380941864,1615.1015488110334,1635.5706909498217,3920893
2025-02-06,1586.3565673828125,1632.926304834808,1579.990574057924,1631.5551439002536,5229162
2025-02-07,1642.1815185546875,1672.3465824915468,1601.292251580089,1601.3412685835613,14873255
2025-02-10,1658.1455078125,1664.9521762409597,1643.4547533162563,1663.8258611521812,6782878
2025-02-11,1661.7691650390625,1671.4650868333297,1651.4366199780725,1670.828463566607,8965266
2025-02-12,1676.26416015625,1678.369739393697,1649.771784188566,1668.8697656618085,7148192
2025-02-13,1679.2510986328125,1692.766640150242,1668.7717419218989,1674.7459579782233,5356002
2025-02-14,1681.6507568359375,1688.555339888717,1670.093981856629,1678.663588859265,5125863
2025-02-17,1641.0062255859375,1681.5037132090663,1631.8979103578247,1676.4598637989536,4906462
2025-02-18,1634.493408203125,1660.985664378593,1621.6635062140265,1657.1171467569811,7529598
2025-02-19,1611.281982421875,1638.949571380284,1604.671142582255,1635.570745505947,7776555
2025-02-20,1609.616943359375,1615.7871078484175,1593.7019598914164,1606.0421693158396,5524503
2025-02-21,1605.45458984375,1624.5035533216353,1595.611736697941,1609.6169702047907,5447583
2025-02-24,1568.2869873046875,1603.7896423701136,1565.0549736427845,1593.4570976951254,4673190
2025-02-25,1607.560302734375,1615.1505258127734,1564.0756459615916,1564.0756459615916,6286808
2025-02-27,1616.3748779296875,1621.859402723816,1604.8671194864478,1609.5191920486086,7568745
2025-02-28,1537.8282470703125,1614.4650220513863,1527.3488892394184,1608.0990279635016,13640211
2025-03-03,1562.9005126953125,1569.7071813990185,1540.3256712184098,1546.4468191727033,6993525
2025-03-04,1542.8720703125,1557.7097571092486,1535.673624110218,1556.2406815759798,5219668
2025-03-05,1584.8875732421875,1592.5757108948412,1544.5859126010873,1545.467381786604,6295425
2025-03-06,1593.3592529296875,1598.1092396285444,1557.6606478532499,1584.642714704449,5174009
2025-03-07,1597.0809326171875,1608.5397935019837,1582.2922628352603,1595.416028168622,3035558
2025-03-10,1597.32568359375,1620.7819932654293,1593.0653887138053,1606.1891532670866,3778450
2025-03-11,1628.6658935546875,1641.838674575503,1590.567967537595,1596.3952520780103,6078564
2025-03-12,1608.9803466796875,1681.2589052292008,1600.3128256047398,1655.1583080000062,9907628
2025-03-13,1598.84375,1622.7407340944999,1596.0035136084095,1616.766517959291,8317331
2025-03-17,1605.356689453125,1614.4159879653216,1578.9622290826883,1578.9622290826883,6405522
2025-03-18,1605.356689453125,1605.356689453125,1605.356689453125,1605.356689453125,0
2025-03-19,1603.3978271484375,1608.1968305270643,1593.9467518366469,1601.2921285732214,6283464
2025-03-20,1670.0938720703125,1674.4031837905209,1612.1633086299164,1625.7767644842215,12074465
2025-03-21,1690.2203369140625,1695.7048613976497,1657.1171219983034,1674.4032671875652,14715349
2025-03-24,1683.3646240234375,1704.1275090711138,1679.4959869689217,1704.1275090711138,4120999
2025-03-25,1694.8233642578125,1704.6172005147198,1670.9263798802256,1689.4367543165135,4857399
2025-03-26,1702.70751953125,1728.61216966309,1690.5631381679254,1703.295125819835,7142394
2025-03-27,1689.142822265625,1710.395517805376,1677.9289280319506,1704.0784219460495,6222339
2025-03-28,1697.6636962890625,1709.7590608367752,1625.776910204237,1697.5657818317122,4133264
2025-04-01,1688.6043701171875,1728.612168926364,1673.2279748426943,1679.6429856706595,6773056
2025-04-02,1718.426513671875,1724.1069866147252,1681.552695654231,1684.5398635826323,6431226
2025-04-03,1710.00390625,1718.7693423695034,1699.6713605986702,1711.962673611111,2341989
2025-04-04,1707.50634765625,1734.292585669951,1704.1275219428298,1718.3285846256867,7817334
2025-04-07,1651.87744140625,1738.161116236426,1634.9830736051072,1694.333698317519,14870388
2025-04-08,1684.9315185546875,1706.380042658806,1671.611925906969,1685.2252618936348,7206935
2025-04-09,1680.181640625,1691.2486039536727,1676.3130035396634,1684.1970896124594,5600666
2025-04-11,1720.38525390625,1730.5708675296646,1696.6352009704297,1723.7151821461289,8340002
2025-04-15,1761.71533203125,1782.4782172903078,1744.380169944084,1770.9214425655305,10313411
2025-04-16,1785.0245361328125,1788.8441561064058,1757.112103365754,1765.2410351158712,6180958
2025-04-17,1850.153564453125,1858.5762396371617,1788.0606193088586,1796.1895511403925,10894325
2025-04-21,1844.5711669921875,1865.040308929045,1830.0762413340394,1859.2619215563914,3501123
2025-04-22,1814.0142822265625,1849.0762634330401,1798.9318702122537,1849.0762634330401,6155127
2025-04-23,1842.8082275390625,1847.0196249997905,1798.2462720538554,1828.5092503490482,6855027
2025-04-24,1807.5504150390625,1839.0866398565374,1801.5761987690448,1835.8546260356482,5180688
2025-04-25,1779.73583984375,1823.3184102823932,1768.7667912851523,1808.6276562019516,4570083
2025-04-28,1784.2412109375,1800.9886477190944,1776.0143642305343,1798.1484111763282,3301891
2025-04-29,1786.199951171875,1809.7051588045153,1780.1277008012419,1786.1019171638043,4684155
2025-04-30,1826.060791015625,1838.2051720240217,1789.3339046315616,1799.127741000645,9139821
2025-05-02,1810.0968017578125,1844.767006641983,1794.3287490111354,1813.8185074238856,3866806
2025-05-05,1827.5299072265625,1834.875284667184,1811.0762139381034,1829.4886745440615,3548839
2025-05-06,1861.808349609375,1872.5815699385191,1843.7876662389815,1849.3702248690129,8597920
2025-05-07,1857.6949462890625,1877.4784481033216,1846.6278632753329,1861.808309777994,5554616
2025-05-08,1836.246337890625,1866.509315079921,1824.0040428750249,1857.8906915674736,5500724
2025-05-09,1810.292724609375,1832.5246851767095,1798.638035508037,1816.7566326530948,3686209
2025-05-12,1832.23095703125,1844.5711669541938,1815.7772640982137,1830.3701042090893,3936019
2025-05-13,1783.0657958984375,1844.8648784525835,1779.1482614157194,1831.4473706707397,8817763
2025-05-14,1796.385498046875,1832.1330023671208,1782.6741265267808,1792.2721344123156,7401614
2025-05-15,1828.705078125,1831.3494856755672,1787.3751364890218,1811.7618129469204,8788351
2025-05-16,1776.601806640625,1796.1894781581623,1772.7821867839734,1796.1894781581623,100662047
2025-05-19,1780.813232421875,1790.9987261315525,1771.7049171985607,1784.4369038893187,5799804
2025-05-20,1771.6070556640625,1787.2771935976427,1762.4008257173512,1772.4885248335593,12512596
2025-05-21,1784.9266357421875,1788.8441701964914,1768.0812854101466,1775.622491413216,6849562
2025-05-22,1793.6431884765625,1798.83384993875,1778.8545197014028,1782.380276828366,6496923
2025-05-23,1793.9368896484375,1803.8287596367545,1783.9472247646597,1787.375067359596,3460945
2025-05-26,1809.3133544921875,1811.8597280370739,1793.1535244853703,1796.189589848645,3254715
2025-05-27,1805.78759765625,1819.3030201141573,1795.895727279977,1805.9834265621762,5847725
2025-05-28,1817.8338623046875,1828.5091673747042,1807.0606427861435,1809.900879115401,3713699
2025-05-29,1825.1793212890625,1828.5092495642944,1812.3494195601106,1819.6947968347397,5786774
2025-05-30,1817.9317626953125,1828.5091532350082,1805.0039471944938,1815.7771666297294,16712960
2025-06-02,1815.8751220703125,1820.6741256559856,1793.7410764598912,1805.983371549025,3199499
2025-06-03,1803.339111328125,1830.9576816519302,1794.2307958204526,1828.5092225964984,5596977
2025-06-04,1836.736083984375,1845.7463655607316,1811.8597158666082,1816.7566340175993,5892170
2025-06-05,1840.06591796875,1850.0555826635211,1830.0761337203191,1845.158664763406,8999675
2025-06-06,1831.643310546875,1843.1021713352804,1828.8031935177623,1833.5041634496422,4644174
2025-06-09,1826.6484375,1836.3443596295779,1810.5865215903727,1835.3649759711088,3649505
2025-06-10,1818.813232421875,1836.9318287506421,1812.1534957737676,1828.1173764825933,7925901
2025-06-11,1821.849365234375,1828.0195298724475,1809.70510396843,1819.5968546367014,8907265
2025-06-12,1806.17919921875,1844.1793309710038,1793.838989688041,1833.30819684999,7346031
2025-06-13,1802.4576416015625,1806.5710049919535,1777.581273695314,1777.581273695314,4613000
2025-06-16,1822.9267578125,1831.447347382601,1800.8906266274153,1804.1225208023632,5722187
2025-06-17,1816.560791015625,1840.2618268610227,1809.509157200723,1840.2618268610227,6561555
2025-06-18,1827.4320068359375,1832.4268396232678,1805.1020114231221,1809.5092379214143,5069427
2025-06-19,1838.3031005859375,1840.2618678747876,1825.66902766212,1833.406182363812,4712312
2025-06-20,1896.772216796875,1908.8186831936525,1835.3649113929732,1841.2412131370274,16228526
2025-06-23,1896.3804931640625,1908.8186169357662,1887.3700924037444,1890.210328725515,2946463
2025-06-24,1893.7362060546875,1922.5301093411883,1889.3289796196211,1910.6795910598546,6837210
2025-06-25,1925.076416015625,1929.3857278464209,1898.045452064144,1901.9629865369286,4152765
2025-06-26,1972.7725830078125,1976.7880321617974,1925.7621666403675,1929.3858384138896,9413241
2025-06-27,1985.3084716796875,1996.9631604305985,1967.1898750794098,1968.5610360301632,6405854
2025-06-30,1968.1693115234375,1982.174545201148,1958.963081525383,1976.3961578951812,5597484
2025-07-01,1977.767333984375,1988.9323313203035,1965.5250385620116,1967.5817202822354,3769165
2025-07-02,1991.3807373046875,2003.6230324006106,1976.6899831895798,1995.0044088316156,6513288
2025-07-03,1977.66943359375,2002.7416308862903,1971.4013543821982,1999.7055655106897,5558647
2025-07-04,1975.6126708984375,1994.5148233556847,1963.7621525245636,1985.2106785867777,2178315
2025-07-07,1991.9683837890625,1994.0250654959825,1969.1486974479224,1976.3961602018137,4165432
2025-07-08,1988.148681640625,1993.0455995757004,1973.26209893946,1984.2311472925646,3624619
2025-07-09,1978.06103515625,1998.6280910271873,1957.2981503841977,1993.0456522551126,2937734
2025-07-10,1923.9991455078125,1986.7776124227605,1921.844549338382,1986.7776124227605,5695845
2025-07-11,1882.27734375,1918.7103654420487,1874.736018381942,1901.9629299796338,13103980
2025-07-14,1881.2979736328125,1887.7618814562495,1861.02466146163,1875.5195865051714,5269381
2025-07-15,1894.32373046875,1902.9423540574337,1883.5505107597269,1885.1176201785156,4163140
2025-07-16,1896.67431640625,1903.9217791883793,1889.0351958145457,1903.9217791883793,4211258
2025-07-17,1890.112548828125,1904.8033037241096,1887.8599185892729,1903.6279716002293,6256455
2025-07-18,1877.372802734375,1892.186370351953,1868.287196150176,1891.297532184274,4643961
2025-07-21,1885.4708251953125,1896.03790902182,1869.0771679217364,1871.2498968225996,5109654
2025-07-22,1883.100830078125,1887.5449005198893,1859.5965870759885,1885.4709045378984,4513541
2025-07-23,1919.640869140625,1924.776190951675,1883.5945217985336,1896.1366273100134,5194282
2025-07-24,1912.0364990234375,1945.9102380372574,1909.6663041284937,1919.640869288336,4150685
2025-07-25,1913.814208984375,1928.4301900794749,1901.0745166840238,1912.0365326436295,3896884
2025-07-28,1866.805908203125,1906.0124370549743,1861.5717325640553,1906.0124370549743,3575044
2025-07-29,1894.4578857421875,1899.6919407829134,1856.6338604698753,1856.6338604698753,3748040
2025-07-30,1908.580078125,1915.098023938185,1898.2105805189387,1909.9627019164334,5044683
2025-07-31,1890.507568359375,1902.5558885995397,1872.039914861235,1889.2236775971553,4674966
2025-08-01,1860.9791259765625,1895.840315741839,1854.6586464148972,1890.2112083270038,5192594
2025-08-04,1890.8037109375,1896.0378862849125,1855.1524163208508,1868.4846269252325,3074380
2025-08-05,1907.7900390625,1913.5178795305437,1888.3348146343578,1896.1366510069379,5167672
2025-08-06,1905.716064453125,1940.3799094341891,1897.7167619779266,1906.0123840294045,5461349
2025-08-07,1898.704345703125,1909.2714297675527,1885.3721346386885,1904.1359872478954,4268534
2025-08-08,1835.499755859375,1870.262333439792,1832.932094923232,1862.8555496510396,93801105
2025-08-11,1834.314697265625,1842.8077851336448,1822.7600423581562,1839.8450716527227,5266532
2025-08-12,1827.302978515625,1841.820226449231,1824.1426784493622,1834.3147096906787,4645011
2025-08-13,1844.1904296875,1849.227018551301,1828.784343523411,1829.9693807079097,6697206
2025-08-14,1850.5108642578125,1859.5964705928338,1843.597866225869,1849.7207591186288,3958631
2025-08-18,1868.781005859375,1888.828628628729,1847.0544397398173,1868.9784718755761,7146376
2025-08-19,1885.964599609375,1907.7900187292848,1876.3852075604461,1877.4715117278834,5706265
2025-08-20,1904.4322509765625,1927.7389062654595,1902.0620560795467,1912.9253388505097,6962619
2025-08-21,1905.9136962890625,1916.7769795648605,1903.7409673020275,1906.0124292991263,3376913
2025-08-22,1909.2713623046875,1923.4922904951002,1893.5689568285607,1909.962613891984,3271920
2025-08-25,1906.70361328125,1915.9868064073212,1889.4211177737689,1915.8880734007598,2451388
2025-08-26,1881.0267333984375,1901.8645812412458,1872.6323785689278,1898.2104956306462,5984656
2025-08-28,1857.7200927734375,1876.1877458749298,1854.8561122867761,1869.472213737456,5494113
2025-08-29,1865.324462890625,1876.483944712588,1849.2270046952606,1849.2270046952606,4339042
2025-09-01,1876.977783203125,1881.1256545409544,1860.7815915454387,1865.5219814877794,3421488
2025-09-02,1863.7442626953125,1893.6677173497806,1854.6586561579597,1880.8292921474092,4423049
2025-09-03,1860.4853515625,1868.5833869365088,1846.7580881867443,1867.4970827599643,3803044
2025-09-04,1857.0289306640625,1879.8418015446011,1853.276111838205,1875.397731091777,5205333
2025-09-05,1871.74365234375,1886.952151639917,1852.3871613247754,1863.5467635620546,2620140
2025-09-08,1864.238037109375,1875.3976394781234,1860.682805031415,1874.4100683146278,2547552
2025-09-09,1870.1634521484375,1880.335483288737,1859.5964889877582,1868.4846294024633,4517793
2025-09-10,1867.8922119140625,1881.3231562681335,1859.5965896340658,1880.3355850574942,3566139
2025-09-11,1889.2236328125,1892.1863462983536,1858.7076597975863,1860.5840691159176,4718266
2025-09-12,1878.952880859375,1901.0744991418314,1877.9653096909897,1901.0744991418314,3192824
2025-09-15,1880.829345703125,1889.2237008821623,1874.8051855087938,1880.3355601043581,3553258
2025-09-16,1915.394287109375,1917.8632150381059,1878.8541537641588,1879.6442589226012,5427586
2025-09-17,1917.1719970703125,1925.8625512000215,1908.5800553957365,1914.0116969342262,4234637
2025-09-18,1916.974365234375,1925.566306706066,1896.630423335774,1920.3321313076867,5080814
2025-09-19,1938.009765625,1952.2308151523634,1903.8398258870736,1906.2099003473625,11287603
2025-09-22,1931.88671875,1941.5649646587653,1919.8383984214852,1929.7141103475217,4469137
2025-09-23,1914.604248046875,1930.701706919165,1906.111159789467,1925.7638508912387,4348633
2025-09-24,1907.0986328125,1913.2216463037748,1894.9515799410397,1902.0620440339374,5237977
2025-09-25,1911.542724609375,1925.7637735089886,1904.8273130131136,1906.0123501909477,7133365
2025-09-26,1892.7789306640625,1920.5296571686774,1888.1373942628345,1907.0987130100048,3239306
2025-09-29,1878.557861328125,1904.0372461419377,1873.9163249763105,1904.0372461419377,5072608
2025-09-30,1855.0537109375,1883.8907408973337,1851.893410859755,1872.4349394291717,5945625
2025-10-01,1844.387939453125,1853.6711327956514,1832.833404694242,1844.7829920417032,5675393
2025-10-03,1873.126220703125,1876.6815734160555,1825.1302851629223,1828.1917317296138,5828332
2025-10-06,1879.4466552734375,1883.2982069178736,1864.0405692488132,1869.0771580670203,2809218
2025-10-07,1905.0247802734375,1921.8134901047742,1876.3852164435102,1876.3852164435102,5713060
2025-10-08,1919.3446044921875,1938.2071900783988,1903.642198487338,1905.024822261605,4957406
2025-10-09,1917.86328125,1924.578813669242,1907.2963175714692,1920.8259948667612,3945737
2025-10-10,1915.789306640625,1923.3935563086916,1911.3452364455711,1912.9253261820775,2512581
2025-10-13,1930.6029052734375,1941.4661881486695,1911.9377860408238,1913.8141953753518,3672419
2025-10-14,1922.406005859375,1939.5897682426169,1915.0979551270627,1939.5897682426169,4454239
2025-10-15,1944.0338134765625,1951.4405971194756,1927.3438368905747,1932.874211233326,3447352
2025-10-16,1942.947509765625,1962.2051472416201,1937.6146014308795,1937.9109209979117,3700674
2025-10-17,1986.9931640625,2009.016049042492,1945.8114951160508,1949.0704075960111,6743801
2025-10-20,2026.0023193359375,2031.4339609427361,1994.5975069153783,2000.819253704416,7387180
2025-10-21,2018.1016845703125,2032.9152521105889,2013.1638287235537,2026.2985734971805,240850
2025-10-23,1982.9442138671875,2041.3096470077273,1978.6976095346013,2038.248079880311,8790128
2025-10-24,2004.0782470703125,2007.7322122210348,1981.9566284915368,1983.0429326806875,3236799
2025-10-27,2054.246826171875,2067.973968584839,2004.7694155812908,2004.7694155812908,5796831
2025-10-28,2064.22119140625,2076.4672184599,2045.9511249374389,2065.998867716355,9891522
2025-10-29,2074.4921875,2084.170192507201,2055.7283344436864,2057.110837700071,2742750
2025-10-30,2040.618408203125,2062.0486549107854,2033.0141582237939,2044.2723734029337,4222189
2025-10-31,2028.9649658203125,2048.0251375948988,2026.1997183270773,2030.4463225731627,4659723
2025-11-03,2048.22265625,2055.135654607642,2021.75570003092,2029.458803564971,2979629
2025-11-04,2087.0341796875,2109.0570647665995,2077.355934102712,2080.8124331611193,12263078
2025-11-06,2068.86279296875,2096.90995947568,2054.6418642513268,2088.7130703636412,9546299
2025-11-07,1976.327392578125,2022.5457719154097,1970.7970180936684,2022.5457719154097,70392750
2025-11-10,1994.6962890625,2003.584429555406,1967.4392284417588,1970.2044759274668,7457061
2025-11-11,2016.9166259765625,2031.3350202322856,1992.3260800101352,1994.9924739178298,14825625
2025-11-12,2048.025146484375,2053.950573521495,2029.359906653702,2034.396616077751,8210277
2025-11-13,2065.801513671875,2080.812547903464,2053.160553911391,2073.800695841544,5958875
2025-11-14,2074.5908203125,2081.7012848981435,2056.0244330954692,2064.0238564457277,6312655
2025-11-17,2085.94775390625,2095.625999486105,2074.7881515878325,2085.75028789569,5998770
2025-11-18,2122.488037109375,2132.1662833746614,2084.0716127444325,2095.626147902284,10972556
2025-11-19,2132.956298828125,2139.276657985165,2120.0190198303203,2128.2159089072215,7419461
2025-11-20,2131.474853515625,2142.338136126123,2123.179111222048,2126.339531775546,7452899
2025-11-21,2135.820068359375,2147.4734560986562,2121.8954598702126,2123.3768165886067,6720938
2025-11-24,2125.35205078125,2138.8817278396996,2113.7972749931514,2135.227762664242,9686848
2025-11-25,2134.73388671875,2143.720639488166,2112.118362800138,2132.166105295353,7102592
2025-11-26,2100.366455078125,2108.3656370532426,2071.4305709903592,2077.849783725252,43174047
2025-11-27,2089.3056640625,2110.340737102211,2077.652276033199,2105.501734810856,4444877
2025-11-28,2075.479736328125,2103.032876444822,2070.3441731883636,2091.675807612178,6263457
2025-12-01,2063.7275390625,2092.663424153835,2057.209713646303,2088.4168196683736,5058900
2025-12-02,2077.849853515625,2088.5156709469375,2061.1599962868277,2063.8263903680922,6591396
2025-12-03,2060.073486328125,2083.6763411431734,2055.728269568397,2073.9983364413933,4357641
2025-12-04,2077.65234375,2082.2938801798505,2048.3215272611046,2068.764202928744,4611819
2025-12-05,2082.590087890625,2085.65141378975,2064.02370206231,2066.5914834930163,2938290
2025-12-08,2060.27099609375,2088.120455805432,2053.061678088443,2088.120455805432,4327091
2025-12-09,2063.7275390625,2074.294502940563,2054.543078455864,2060.863678954721,5139229
2025-12-10,2041.3095703125,2070.837851302198,2036.5691805636764,2046.247426070392,3987451
2025-12-11,2027.68115234375,2043.4822916429123,2012.670118230796,2040.3221120043302,3254850
2025-12-12,2057.505615234375,2061.1598213348784,2025.1134747493904,2027.5824025977115,2706420
2025-12-15,2043.97607421875,2053.0616810810616,2035.8780385611733,2044.3712473643945,3233614
2025-12-16,2075.87451171875,2080.417435351493,2044.371089167985,2044.371089167985,5756692
2025-12-17,2081.800048828125,2101.551472441295,2070.344126689988,2091.280828604945,6412516
2025-12-18,2065.9990234375,2090.2933722588573,2062.1475920638436,2072.9120220818895,3760341
2025-12-19,2071.6279296875,2088.712958610383,2056.123111029228,2087.6265339151837,10127415
2025-12-22,2120.907958984375,2124.9568561517053,2075.578297236128,2091.6757556638554,7670853
2025-12-23,2096.5146484375,2137.1039181875285,2092.8606834899415,2130.1909203006003,4110853
2025-12-24,2097.304931640625,2110.637142983157,2084.76282548779,2084.76282548779,3145464
2025-12-26,2079.232177734375,2096.6135262076054,2075.6770663009197,2096.6135262076054,1297870
2025-12-29,2055.728271484375,2086.441590619533,2053.55542199624,2079.232272760599,2371034
2025-12-30,2073.701904296875,2076.66461768302,2045.8524466883603,2051.1852343409278,6983390
2025-12-31,2079.429931640625,2094.6384310672643,2064.1225786554564,2069.9491520589277,2991434
2026-01-01,2084.170166015625,2097.502377228279,2080.8125203749382,2088.5156239634994,2097756
2026-01-02,2080.121337890625,2098.5888717406915,2071.9244484291626,2081.800160766766,2927138
2026-01-05,2078.83740234375,2085.8492543951065,2070.4430470373736,2075.973542269958,2642580
2026-01-06,2079.133544921875,2095.4284685411026,2061.5547306144313,2080.614901614532,9119265
2026-01-07,2058.2958984375,2077.6523908854297,2051.185433840431,2069.554355063594,4171371
2026-01-08,2040.618408203125,2065.998939690308,2029.4588054797239,2062.0486549107854,5534929
2026-01-09,2001.905517578125,2058.0983419068393,1998.0539658602852,2044.4698113831362,4165409
2026-01-12,2018.595458984375,2023.3358487922794,1976.426218507662,1998.350250124698,4689135
2026-01-13,2001.7080078125,2024.422023933682,1989.8571538954727,2021.5581640128967,7388496
2026-01-14,1997.3626708984375,2008.7197392372914,1983.7341406705648,1990.054620204551,4842964
2026-01-15,1997.3626708984375,1997.3626708984375,1997.3626708984375,1997.3626708984375,0
2026-01-16,1991.3385009765625,2004.473125005689,1963.9827076522358,1994.893733023803,7310676
2026-01-19,1985.01806640625,1997.8564917113652,1971.4883894982622,1997.8564917113652,4272071
2026-01-20,1971.1920166015625,1992.918581914806,1952.5268977445612,1992.918581914806,6076838
2026-01-21,1971.290771484375,1982.154054261563,1942.552474793529,1952.4281864091545,7952295
2026-01-22,1977.31494140625,1993.807452219183,1965.2666213958255,1983.8330075478484,6722567
2026-01-23,1960.032470703125,1986.6968925356227,1955.4896673904352,1984.030498573622,4340925
2026-01-27,1948.873046875,1978.895235722646,1938.3059626126596,1947.5891560827586,10510891
2026-01-28,1933.3680419921875,1970.2044950583875,1914.9005092321872,1970.2044950583875,9426909
2026-01-29,1943.44140625,1946.0090672827064,1914.9005742000345,1939.5898544243773,6065044
2026-01-30,1944.2313232421875,1949.4654986888927,1901.6670297269297,1901.6670297269297,7683747
2026-02-02,1940.972412109375,1945.317749391463,1902.5558692783113,1912.0365284508803,5326225
2026-02-03,1972.4759521484375,2024.5209047467765,1955.4896556401525,2024.5209047467765,6915795
2026-02-04,2000.6217041015625,2009.3122579774831,1973.5622302075833,1983.0428892327334,7464725
2026-02-05,1967.6368408203125,1997.7577617747622,1960.3287899863135,1986.9932118148427,7708690
2026-02-06,2013.0650634765625,2024.2245451796375,1963.7852388045374,1969.2168801489804,13870403
2026-02-09,2012.8675537109375,2029.656263961574,2003.4856273944054,2025.7059791967183,7570161
2026-02-10,1986.302001953125,2031.4339575530587,1983.438021363694,2026.4961015551173,9077763
2026-02-11,1987.0919189453125,1995.8813264331036,1971.8832988786914,1987.8820240993398,7423601
2026-02-12,1989.462158203125,2001.8067980529831,1984.1292496773617,1994.1036945654223,7437690
2026-02-13,1979.783935546875,1999.041573938394,1967.2418295336483,1988.8696629147487,4808543
2026-02-16,2004.177001953125,2006.942128959951,1970.2045288241784,1985.0180967100746,3455964
2026-02-17,1995.1900634765625,2013.1638103736861,1989.1657829559306,2002.7943131900101,4471158
2026-02-18,1996.6715087890625,2003.3869206454656,1989.9559763795341,1994.9925654101178,2182669
2026-02-19,1963.884033203125,2006.7446467170569,1950.2556231901685,2006.7446467170569,4712417
2026-02-20,1952.8232421875,1968.9205798155008,1946.5027626325084,1956.4772072700266,5180301
2026-02-23,1972.4759521484375,1975.6361316809398,1959.2424743189804,1969.2169190561328,3728878
2026-02-24,1916.8756103515625,1972.475914555702,1897.914292411682,1972.475914555702,10006761
2026-02-25,1889.6187744140625,1937.417245015064,1880.335580943736,1930.7017125761574,8285195
2026-02-26,1905.6173095703125,1910.9502180102677,1880.8292972612687,1890.2112233962027,10795028
2026-02-27,1855.942626953125,1891.1988710006594,1846.8568994707498,1886.2610149406055,13754648
2026-03-02,1849.9183349609375,1872.3362736702609,1824.932855779622,1827.1054642116926,11785758
2026-03-04,1882.2119140625,1896.1366434270433,1792.7379903114106,1837.9686774946206,20565585
2026-03-05,1883.2982177734375,1905.1235164802192,1873.6199721037467,1895.1490717919385,11398717
2026-03-06,1847.5482177734375,1878.4591234760856,1843.894132063681,1876.385248101966,10896859
2026-03-09,1843.4990234375,1849.1282513425515,1795.5030895031166,1808.2427814898845,8073518
2026-03-10,1827.4017333984375,1857.6213873596932,1823.5501816904166,1857.4239213451783,11741600
2026-03-11,1784.5411376953125,1824.7352368477207,1777.134353781248,1818.1185581057389,9548404
2026-03-12,1778.9119873046875,1795.206911523239,1768.7399560864042,1775.554221233877,12922735
2026-03-13,1780.98583984375,1793.4292122498375,1754.5188847456875,1758.9629549302274,8970772
2026-03-16,1766.5673828125,1782.467254770144,1748.8898345017506,1775.6529894874043,14261268
2026-03-17,1804.2926025390625,1811.6993866217351,1768.8387719527107,1774.6654662083718,7181491
2026-03-18,1832.339599609375,1845.770543606319,1804.09508784673,1804.09508784673,6428092
2026-03-19,1804.2926025390625,1838.1663432984026,1793.7256388023666,1803.897549944028,7145082
2026-03-20,1823.1551513671875,1837.771253213415,1811.2055640682022,1811.2055640682022,7691633
2026-03-23,1773.5791015625,1807.2552546004413,1769.727549860104,1804.2925410683094,6874051
2026-03-24,1779.7020263671875,1804.0951072151279,1758.8642982636834,1793.7256096678125,7535860
2026-03-25,1812.0943603515625,1826.2165557226956,1787.6025471628632,1791.4540988288527,12473682
2026-03-27,1820.9825439453125,1833.8209694335987,1795.7994785644432,1817.032259179686,24490425
2026-03-30,1760.2469482421875,1801.8236720590414,1752.4451115750994,1795.404459196129,14240129
2026-04-01,1759.7530517578125,1794.713094488286,1754.4201434509405,1788.4913480380824,10694662
2026-04-02,1767.4560546875,1777.035567259756,1725.1880814226272,1743.0630952863276,10857093
2026-04-06,1770.5177001953125,1791.7504810506462,1741.4830827290216,1789.577752073109,8183498
2026-04-07,1807.5516357421875,1817.1310282677834,1749.9761859187568,1765.8760583054745,10057628
2026-04-08,1838.4625244140625,1848.2395034185392,1817.3284765934955,1840.8327194080457,11587604
2026-04-09,1836.2899169921875,1846.6594146125253,1823.155171785176,1846.6594146125253,10113053
2026-04-10,1846.758056640625,1851.3008598351064,1836.783612103083,1844.7829143340575,5857988
2026-04-13,1847.64697265625,1870.1635235681833,1815.1558562332882,1815.1558562332882,10371983
2026-04-15,1832.6357421875,1867.398319138862,1830.561866874802,1857.127555027025,11049107
2026-04-16,1817.7235107421875,1841.7215389139549,1800.5397479015621,1840.338915135399,15871247
2026-04-17,1823.9451904296875,1828.389260627552,1806.958894230423,1814.266944888646,7344787
2026-04-20,1823.1551513671875,1841.8202709853854,1816.3408860395123,1841.8202709853854,9243641
2026-04-21,1831.944580078125,1845.6718438993087,1807.2553000231637,1807.2553000231637,10485373
2026-04-22,1806.2677001953125,1834.808531597159,1802.6137350263361,1827.2041611288694,5687058
2026-04-23,1818.3160400390625,1823.056430006809,1789.577742311552,1799.1572552561386,7489947
2026-04-24,1791.9478759765625,1827.6979038701402,1784.8374118213812,1822.0687964600484,6306448
2026-04-27,1797.478271484375,1805.675160458021,1791.4541114275748,1793.5279867844245,4413769
2026-04-28,1820.8837890625,1828.981824513503,1790.071495928887,1803.304973845387,10558455
2026-04-29,1864.6331787109375,1876.7803528231393,1822.4639362375847,1825.03159727464,7713013
2026-04-30,1863.349365234375,1882.310683817584,1836.8824091819024,1836.8824091819024,12709188
2026-05-01,1863.349365234375,1863.349365234375,1863.349365234375,1863.349365234375,0
2026-05-04,1804.3912353515625,1871.7436605351234,1799.0583269975498,1849.9182415409805,10707858
2026-05-05,1783.65234375,1823.0564592606802,1778.6157546741522,1805.280177426069,11407461
2026-05-06,1810.9091796875,1818.6122829219387,1791.2566101348034,1794.416789611275,5507749
2026-05-07,1803.8974609375,1820.9824902664523,1798.5645525504826,1812.1930828114023,7914845
2026-05-08,1811.6993408203125,1817.9210875137167,1792.6391687081764,1797.379558622496,4839183
2026-05-11,1737.9278564453125,1797.1821288020824,1734.1750376414666,1791.4541675863443,15803791
2026-05-12,1734.965087890625,1754.4201918104775,1729.7309124435978,1729.7309124435978,11945399
2026-05-13,1766.9622802734375,1775.652954747063,1718.8676127570984,1718.8676127570984,9825413
2026-05-14,1860.09033203125,1865.7194395798856,1774.9617438728374,1797.3795616123573,21279151
2026-05-15,1881.7181396484375,1899.0006351989316,1857.0288602905885,1859.7939872467946,15807294
2026-05-18,1914.01171875,1929.5166589230141,1866.904620727789,1881.1256701194588,13888648
2026-05-19,1889.7174072265625,1917.8631851758478,1884.0882998579534,1904.432241563304,8962228
2026-05-20,1881.224365234375,1890.2112388633832,1874.1137804052098,1890.2112388633832,5778742
2026-05-21,1861.8680419921875,1891.4951781578525,1857.423971567338,1887.248573752857,6419014
2026-05-22,1848.1407470703125,1873.0274928100464,1846.0668716841888,1867.7934378406026,5099120
2026-05-25,1851.49853515625,1868.9784971860931,1839.9438797770422,1868.9784971860931,5903841
2026-05-26,1823.9451904296875,1850.7083446217582,1821.8713151146414,1850.7083446217582,5803034
2026-05-27,1829.1793212890625,1846.1656181947292,1817.5260535063592,1817.5260535063592,8653155
2026-05-28,1829.1793212890625,1829.1793212890625,1829.1793212890625,1829.1793212890625,0
2026-05-29,1806.2677001953125,1836.8824069782838,1795.8982027365641,1836.8824069782838,52886264
2026-06-01,1788.0963134765625,1819.1060719295247,1781.4796349432352,1807.255218040733,6391656
2026-06-02,1791.651611328125,1802.3174284409706,1755.3090637330802,1762.8145806943191,10791294
2026-06-03,1801.4285888671875,1812.686924576928,1782.4672701846632,1807.1565500072857,5832363
2026-06-04,1796.293212890625,1807.057762680342,1776.0480040446246,1792.4416612434447,6735759
2026-06-05,1775.8504638671875,1805.0826675045578,1768.443679949568,1802.2186869457869,3926715
2026-06-08,1790.7628173828125,1797.478228881691,1748.9885094496947,1753.0375270605523,6324919
2026-06-09,1776.6405029296875,1814.1682067158622,1766.9622574162158,1814.1682067158622,10377475
2026-06-10,1753.1363525390625,1785.232416658435,1748.9886017048862,1776.6405954077302,7999362
2026-06-11,1760.4443359375,1773.6778136690402,1746.61833961714,1750.9636768570203,5020731
2026-06-12,1799.8485107421875,1802.3174387404622,1761.8270195687587,1761.8270195687587,5910557
2026-06-15,1818.3160400390625,1833.9197131758635,1793.4292940912053,1818.118574020875,5307277
2026-06-16,1829.9693603515625,1836.0922533252306,1814.365687794883,1817.3284012762938,5957732
2026-06-17,1852.38720703125,1854.6586689578253,1818.6123210254714,1829.9693895521034,7653632
2026-06-18,1851.49853515625,1855.448819958757,1838.6601095481026,1855.448819958757,4262944
2026-06-19,1887.051025390625,1893.6677039576514,1843.9928262662233,1851.0046779619659,15918432
2026-06-22,1892.7789306640625,1900.5807672252354,1877.372844112846,1891.9889460389197,3798060
2026-06-23,1877.96533203125,1903.74091572211,1873.1262091379713,1883.890759112051,5155908
2026-06-24,1853.9674072265625,1870.5585305646887,1849.6220699642718,1867.694550058648,8957457
2026-06-25,1827.6978759765625,1865.521899178507,1825.031482097343,1861.5716145852227,8521503
2026-06-26,1827.6978759765625,1827.6978759765625,1827.6978759765625,1827.6978759765625,0
2026-06-29,1818.21728515625,1826.809226800286,1810.316715673802,1814.2670004150261,10940130
2026-06-30,1828.9818115234375,1853.276038257023,1820.2911369839348,1829.9693826959665,7233634
2026-07-01,1847.7457275390625,1863.546866844581,1822.661394780927,1822.661394780927,4307333
2026-07-02,1851.6959228515625,1860.3865972707272,1827.2041098907312,1837.6724606170815,5282404
2026-07-03,1886.656005859375,1889.2236668160383,1861.5716737837074,1866.5095296823379,5087043
2026-07-06,1901.7657470703125,1908.6787452356762,1891.7913023994834,1892.9764601311326,2740217
2026-07-07,1901.8646240234375,1932.1830109860744,1893.1739494302603,1899.5931620913436,5767438
2026-07-08,1864.6331787109375,1900.284475304649,1851.7947529725336,1887.2485835453665,6188780
2026-07-09,1907.0986328125,1941.564890223635,1875.2001568461908,1878.360336320119,11145066
2026-07-10,1896.53173828125,1906.0123975990975,1882.310689027917,1906.0123975990975,6420887
2026-07-13,1878.1629638671875,1893.1739979457682,1873.1262542846123,1890.2112843339596,7862506
2026-07-14,1912.431640625,1916.9744440624643,1861.5717235105217,1861.5717235105217,6964062
2026-07-15,1894.4578857421875,1929.417809863854,1892.7789423662703,1929.417809863854,5763065
2026-07-16,1897.914306640625,1911.9377689145142,1893.1739168435556,1904.037199621479,4644787
2026-07-17,1885.075927734375,1901.2719987394955,1879.0516470583107,1894.1615344227657,4715613
2026-07-20,1915.98681640625,1918.3570113416981,1877.570273509941,1877.570273509941,6437294
2026-07-21,1924.1837158203125,1927.7389479661829,1914.6042030195495,1922.208573455593,5061312
2026-07-22,1924.7762451171875,1931.6892434321287,1915.3943188326245,1918.2582993880105,6589708
2026-07-23,1907.0,1924.6775487092787,1901.864677946781,1923.7887105126877,5612121
2026-07-24,1898.199951171875,1905.0,1878.0,1900.199951171875,4483600
2026-07-27,1905.300048828125,1917.0,1890.0,1892.0,5230299
2026-07-28,1901.800048828125,1908.4000244140625,1892.4000244140625,1901.0,6309089
2026-07-29,1950.199951171875,1957.0,1913.0999755859375,1915.199951171875,6315728
2026-07-30,1956.800048828125,1963.199951171875,1943.9000244140625,1954.0,5356472
2026-07-31,1972.0,1976.4000244140625,1947.4000244140625,1969.0,6529385
2026-08-03,1970.5,1987.4000244140625,1943.0,1987.4000244140625,4361200
2026-08-04,1970.0999755859375,1980.0,1936.0,1980.0,4977391
2026-08-05,1978.0,2031.0,1951.800048828125,2020.0,14286999
2026-08-06,1948.0,1970.0,1944.300048828125,1969.0,5391645
2026-08-07,1959.9000244140625,1961.0,1938.300048828125,1938.300048828125,3019876
2026-08-10,1943.0,1959.0,1935.0,1955.0,3671000
2026-08-11,1915.199951171875,1938.300048828125,1914.4000244140625,1934.800048828125,6798617
2026-08-12,1945.0,1945.0,1901.300048828125,1908.5999755859375,10871157
2026-08-13,1939.0999755859375,1970.0,1930.5,1965.0,13019222
2026-08-14,1992.0999755859375,2005.800048828125,1932.0,1939.0999755859375,12282580
2026-08-17,1969.300048828125,1993.199951171875,1969.300048828125,1984.199951171875,5537411
2026-08-18,1934.199951171875,1959.699951171875,1923.199951171875,1956.699951171875,6710275
2026-08-19,1922.0,1941.800048828125,1922.0,1924.800048828125,6252338
2026-08-20,1941.699951171875,1952.199951171875,1933.0,1944.0,4390604
2026-08-21,1946.0,1954.9000244140625,1940.5,1950.0,3016258
2026-08-24,1935.0,1952.5,1932.5,1950.0,2277098
2026-08-25,1947.0,1947.0,1923.4000244140625,1926.0,3820206
2026-08-26,1902.0999755859375,1942.9000244140625,1902.0999755859375,1933.5,4552921
2026-08-27,1878.300048828125,1915.0,1878.300048828125,1915.0,8757645
2026-08-28,1882.4000244140625,1894.300048828125,1867.5999755859375,1875.699951171875,6106300
2026-08-31,1811.9000244140625,1895.5,1811.9000244140625,1880.0,16921326
2026-09-01,1877.199951171875,1877.199951171875,1848.5,1852.0,9900740
2026-09-02,1862.800048828125,1873.0,1854.9000244140625,1869.0,4125938
2026-09-03,1869.0,1869.0,1855.5999755859375,1855.5999755859375,3700992
2026-09-04,1840.0,1870.699951171875,1840.0,1868.0999755859375,3614328
2026-09-07,,,,,5971244
