Price,Close,High,Low,Open,Volume
Ticker,ICICIBANK.NS,ICICIBANK.NS,ICICIBANK.NS,ICICIBANK.NS,ICICIBANK.NS
2002-07-01,17.83577537536621,18.32619422261622,17.61637679308287,18.042267521576743,2047540
2002-07-02,18.98438835144043,19.616769818378106,17.913208403465244,18.06807749992376,5546354
2002-07-03,19.93941307067871,20.003942533352568,18.913405038956455,18.971480607654556,5745267
2002-07-04,19.442543029785156,20.442739612588,19.190880410485047,20.0039438408795,3896601
2002-07-05,19.642587661743164,19.77809781698766,19.126355855637897,19.229601946085044,3261038
2002-07-08,19.33929443359375,19.79744912076655,19.28767140838749,19.79099658108302,2092667
2002-07-09,19.229595184326172,19.6490332946816,19.11344405035046,19.448993726313372,1026800
2002-07-10,19.158615112304688,19.358653332805442,19.100538189705343,19.33284181849543,1513611
2002-07-11,19.016651153564453,19.223143268553784,18.842423093074927,19.223143268553784,1454750
2002-07-12,19.016651153564453,19.455446897916786,18.93276407031731,19.35865338054826,475040
2002-07-15,18.719818115234375,19.100538291809475,18.584308002849713,19.087633211520032,535634
2002-07-16,18.558502197265625,18.71337133159354,18.38427408267934,18.58431371965361,1400542
2002-07-17,18.687557220458984,18.803709732049324,18.45525355114763,18.584311145209494,1242741
2002-07-18,18.706912994384766,18.835970566344884,18.58430796255538,18.726271968646056,1076009
2002-07-19,18.784351348876953,19.35865732215801,18.068079986831556,18.455254135138055,4412276
2002-07-22,18.64883041381836,18.71335985715568,18.21003480227813,18.584302324349732,1842252
2002-07-23,18.73917579650879,18.81661033450966,18.532683695173123,18.700457850573848,2576926
2002-07-24,18.27457046508789,18.616572704951754,18.151965428728307,18.46815615324642,1909121
2002-07-25,18.035816192626953,18.9456732884188,17.900306051036246,18.713369608319276,2055350
2002-07-26,17.719619750976562,17.842223416465107,17.46150463331284,17.680901806392523,1349804
2002-07-29,18.300382614135742,18.58430929277072,17.422789708122075,17.87449191924868,1999052
2002-07-30,17.803508758544922,18.82951680111154,17.422788580191728,18.82951680111154,3601317
2002-07-31,18.145511627197266,18.32619086819065,17.33244691951269,17.616373568582244,1734975
2002-08-01,18.681102752685547,18.82306677873636,18.164872392263117,18.313288959351887,2501174
2002-08-02,18.151966094970703,18.713366912813417,16.79040691817199,18.713366912813417,987239
2002-08-05,17.693809509277344,18.197133347915862,17.526033993818462,18.06807577982021,1550274
2002-08-06,17.597013473510742,17.75833507204955,17.416332904063996,17.674448003273636,1488140
2002-08-07,17.655092239379883,18.003548363543725,17.493770611537304,17.809961327037342,1053602
2002-08-08,17.51958465576172,17.745435779672945,17.44215010075238,17.693812743000056,881501
2002-08-09,17.506677627563477,17.551848121591867,17.377620040246118,17.48731865099856,1368873
2002-08-12,17.33890151977539,17.66799866943687,17.196937512521767,17.42278860376938,467516
2002-08-13,17.332447052001953,17.551845595803673,17.03561532082206,17.42278802705827,710748
2002-08-14,17.07433319091797,17.551846907907453,16.977539668655766,17.37116629815695,573578
2002-08-15,17.07433319091797,17.07433319091797,17.07433319091797,17.07433319091797,0
2002-08-16,17.31954002380371,17.409879634828744,17.10014150468192,17.10014150468192,416421
2002-08-19,17.5389404296875,17.616374976531617,17.30018424871877,17.30018424871877,297099
2002-08-20,17.422786712646484,17.809959389673573,17.39052266136147,17.80350685019036,533890
2002-08-21,17.461505889892578,17.519581457078957,17.39697642889844,17.422787942522284,326172
2002-08-22,17.345352172851562,17.422786708237386,17.10014213386198,17.422786708237386,1088593
2002-08-23,17.984188079833984,18.197132721392915,17.293729775827288,17.293729775827288,1992430
2002-08-26,17.984188079833984,18.455249202566392,17.880942028912198,18.1842276419622,1476348
2002-08-27,18.035816192626953,18.261667331191063,17.7454369309699,18.15842125114683,2143086
2002-08-28,17.971284866333008,18.4423460734624,17.887399127266058,17.91966453936166,1792769
2002-08-29,17.92611312866211,18.068075776607554,17.764790153169432,17.97128226208576,680449
2002-08-30,18.532682418823242,18.6423810016356,18.068073868946676,18.197131423393248,2018241
2002-09-02,18.358457565307617,18.777894351524314,18.229399988481774,18.584308663220128,559938
2002-09-03,18.11969757080078,18.39071912224512,17.971281039149574,18.21003853923855,311476
2002-09-04,17.990644454956055,18.055173927473646,17.797058745141875,17.835775345556993,225780
2002-09-05,18.087440490722656,18.1971391199324,17.874495774287386,18.184234035963957,611853
2002-09-06,18.44234275817871,18.59721318833729,17.93901758330311,18.100340553173165,1450828
2002-09-09,18.2423038482666,18.51977658387607,17.551844217367684,18.50687150494956,1168799
2002-09-10,18.2423038482666,18.2423038482666,18.2423038482666,18.2423038482666,0
2002-09-11,18.584312438964844,18.764993083229616,18.39072535746073,18.435897210863708,997804
2002-09-12,18.584312438964844,18.842427645057374,18.39717789914569,18.726276479250448,1523280
2002-09-13,18.493967056274414,18.79080014985722,16.971086347427327,16.971086347427327,699270
2002-09-16,18.42298698425293,18.577857441304143,18.197135870311918,18.57140354660296,1936346
2002-09-17,18.552045822143555,18.584311236219026,18.268119113817036,18.274573008953734,862224
2002-09-18,18.629478454589844,18.713365537911873,18.274569793167828,18.442343959811883,792280
2002-09-19,18.86178207397461,19.03600878065648,18.487514438489896,18.58430795589256,1652959
2002-09-20,18.17777442932129,18.552040673123244,17.745431268624028,18.068074488876128,1619717
2002-09-23,17.809961318969727,18.18422895757361,17.809961318969727,18.074530358999876,989037
2002-09-24,17.913211822509766,18.06808094852772,17.04852519197481,17.487321049025674,1344084
2002-09-25,17.680906295776367,17.93902147897848,17.616376823041186,17.93902147897848,775428
2002-09-26,17.467958450317383,18.558495917605477,17.06787931174409,17.745432560566368,13899418
2002-09-27,17.809961318969727,18.326191610927417,17.422788600001457,17.422788600001457,6507935
2002-09-30,18.106792449951172,18.26166152074167,17.66799674937809,17.8099593873349,4397541
2002-10-01,18.694002151489258,18.790795646098992,17.822863407739217,17.971278565089523,4019493
2002-10-02,18.694002151489258,18.694002151489258,18.694002151489258,18.694002151489258,0
2002-10-03,18.339099884033203,18.713367560165125,18.203589757273907,18.64883809026545,1520359
2002-10-04,18.500423431396484,18.610122044228323,18.068078813351434,18.326193992878864,1157744
2002-10-07,18.481060028076172,18.58430607515874,18.22939744984517,18.58430607515874,653697
2002-10-08,17.87449073791504,18.45525049185667,17.822867708847742,18.45525049185667,947045
2002-10-09,17.642189025878906,18.113248878883233,17.558300579119003,18.055173303333497,1084429
2002-10-10,17.435699462890625,17.745437716738543,17.4227930253789,17.745437716738543,1559904
2002-10-11,17.797056198120117,17.990641880229322,17.571205107435123,17.74543316904178,1045808
2002-10-14,17.88739776611328,18.132606485391168,17.680904289117844,17.88739776611328,772557
2002-10-15,17.88739776611328,17.88739776611328,17.88739776611328,17.88739776611328,0
2002-10-16,17.7712459564209,18.197135299886327,17.590565341705734,18.132607185851228,597047
2002-10-17,17.642189025878906,17.939020798364766,17.474413486228354,17.835774729001116,849447
2002-10-18,16.71942138671875,17.680901181432795,16.46776017129371,17.67444864218652,2893610
2002-10-21,16.906557083129883,17.093691580793752,16.69361242454037,17.035616010972817,1704857
2002-10-22,16.39678382873535,17.26792295874302,16.261272334649266,17.26792295874302,1989900
2002-10-23,16.777498245239258,16.90010326974533,16.422589605080695,16.583912575796692,1178892
2002-10-24,15.945079803466797,16.9065584699745,15.83537984118853,16.9065584699745,4033650
2002-10-25,16.325801849365234,16.64844517005638,15.938627698344847,16.13221477385504,2631502
2002-10-28,16.977540969848633,17.151769052499958,16.39032860468707,16.487122134367727,2282071
2002-10-29,17.422786712646484,17.616372374225545,16.91300901609358,16.91300901609358,3791089
2002-10-30,17.08724021911621,17.538941082245046,16.925917225120212,17.538941082245046,1469253
2002-10-31,17.409883499145508,17.58411157449218,17.29373235149387,17.29373235149387,3392702
2002-11-01,16.964632034301758,17.629278801454113,16.61617594815372,17.42278670710534,3001944
2002-11-04,16.97109031677246,17.267923479781167,16.913014734051426,17.267923479781167,302703
2002-11-05,16.796857833862305,17.0936909194524,16.777498860047935,16.842028321472807,245668
2002-11-06,16.796857833862305,16.796857833862305,16.796857833862305,16.796857833862305,0
2002-11-07,16.067684173583984,16.854937503532774,15.919268960458645,16.854937503532774,5331199
2002-11-08,15.609528541564941,16.2354574263809,15.48692215600814,16.2354574263809,2175250
2002-11-11,15.615983963012695,15.938627275136902,15.36432131307943,15.667607001262116,3679362
2002-11-12,15.112658500671387,15.745041389362779,14.880354831046466,15.628888877615651,4989457
2002-11-13,14.267329216003418,15.2288078397649,14.118912661890073,15.106204155285257,12575590
2002-11-14,15.286882400512695,15.448204010614695,14.35121408340937,14.389930674131508,14070727
2002-11-15,15.493375778198242,15.71922686337259,15.409487342590948,15.486921884319091,5213956
2002-11-18,15.848282814025879,16.112851819973255,15.486920302338463,15.486920302338463,4537467
2002-11-19,15.848282814025879,15.848282814025879,15.848282814025879,15.848282814025879,0
2002-11-20,15.538549423217773,15.848287653064714,15.377226413103811,15.745041576449067,4295401
2002-11-21,15.577263832092285,15.732132925213739,15.409488304276133,15.62888686313277,1248516
2002-11-22,16.693614959716797,16.861390508296555,16.067684615485028,16.132214089206265,6090150
2002-11-25,17.7712459564209,18.21004173501487,16.777500544683686,16.777500544683686,12502385
2002-11-26,17.616371154785156,18.029356668895332,17.429238045643032,17.809958156832703,4722470
2002-11-27,17.40342903137207,18.022906714439287,17.17757930175371,17.551845573709727,2740875
2002-11-28,17.20339012145996,17.91320745282669,17.048521033220215,17.74543328416819,1870709
2002-11-29,17.18402862548828,17.455050167074425,17.10014155346808,17.409879684498584,1766886
2002-12-02,17.26791763305664,17.3776162196913,16.777497555202693,17.03561402695849,2183874
2002-12-03,16.91946029663086,17.487313514017675,16.816214257105983,17.409878984374018,2092068
2002-12-04,17.02271270751953,17.164676741935825,16.84203207072476,17.035619144225272,2566971
2002-12-05,17.409883499145508,17.480865508193293,16.842030134501638,16.842030134501638,3355841
2002-12-06,17.384071350097656,17.726073567167482,17.293730375474084,17.480863510791266,2194098
2002-12-09,17.545392990112305,17.68090309832012,17.22274839252282,17.53893909629741,1747531
2002-12-10,17.255014419555664,17.52603602083676,17.184032410426187,17.293732371396914,570207
2002-12-11,17.693809509277344,17.75833761639064,17.164672803150633,17.48086350651772,2570139
2002-12-12,18.293922424316406,18.6294733738289,17.93901385968755,17.93901385968755,6828162
2002-12-13,19.294124603271484,19.41672963076709,18.448797198345645,18.455249738248295,8575836
2002-12-16,19.003746032714844,19.803904387463305,18.919858943670604,19.61676987992029,6126620
2002-12-17,18.481060028076172,19.165065766932663,18.33264349692774,18.797250708799297,6566763
2002-12-18,18.397174835205078,18.79080147434207,18.21004168042127,18.771442498641896,9296743
2002-12-19,18.164873123168945,18.377819170813545,17.874493872214565,18.32619477882478,3616827
2002-12-20,18.055171966552734,18.326192201631706,17.984189960653325,18.1971346244824,3730600
2002-12-23,18.371366500854492,18.481065117622652,18.145515372196428,18.326194650479675,5826947
2002-12-24,18.358457565307617,19.048915939793154,18.15196544238627,18.326192155699292,7527487
2002-12-25,18.358457565307617,18.358457565307617,18.358457565307617,18.358457565307617,0
2002-12-26,18.11969757080078,18.56494716575441,18.06807454708462,18.442342145961284,1602975
2002-12-27,18.50687026977539,18.648832897836968,18.197130795915225,18.197130795915225,2648536
2002-12-30,18.461702346801758,18.571400941030934,18.068075749371566,18.571400941030934,1238473
2002-12-31,18.132604598999023,18.57140031499307,18.061622600591555,18.261662162526683,1614277
2003-01-01,18.11969757080078,18.326189665665435,18.061622007587342,18.255209023457436,900300
2003-01-02,17.932567596435547,18.300382720386445,17.88094456365674,18.197135300959626,1764713
2003-01-03,17.648637771606445,18.055169420773076,17.5905622085452,18.055169420773076,1132725
2003-01-06,17.19048500061035,17.797056271723967,17.100144022415083,17.797056271723967,2542210
2003-01-07,17.1195011138916,17.48731481867279,16.990443554857066,17.384070125314125,2473146
2003-01-08,17.17757797241211,17.364711093908227,17.003348575972094,17.280822665419485,3183895
2003-01-09,17.293729782104492,17.538938476198233,17.19693627086293,17.20984405803636,6647888
2003-01-10,17.919662475585938,18.119700711759968,17.306638624224654,17.4873178846821,6306778
2003-01-13,18.268115997314453,18.49396708796634,18.080982855400197,18.1906814537083,4698743
2003-01-14,18.139060974121094,18.35200701436986,17.83577529723561,18.326194142337314,3988171
2003-01-15,18.339099884033203,18.442345952777284,17.93902069071526,17.93902069071526,2662077
2003-01-16,18.6165714263916,18.900498075695133,18.358456290661117,18.429438291454264,5400004
2003-01-17,18.655292510986328,19.03601138481331,18.539140003439467,18.623027098192082,4759150
2003-01-20,18.54559326171875,19.029559579788174,18.45525362246103,18.635934254845807,2125343
2003-01-21,19.31993865966797,19.41027829180285,18.661744302369893,18.661744302369893,6415101
2003-01-22,19.352205276489258,19.85553059908656,18.9908439924238,19.48771541954645,8055201
2003-01-23,18.54559326171875,19.44254523625129,18.345553651682554,19.44254523625129,4237282
2003-01-24,19.081178665161133,19.410274424369696,18.6359290723455,18.6359290723455,8504309
2003-01-27,18.900501251220703,19.100540853488297,18.590763036304146,18.971483263939735,2693878
2003-01-28,19.19733238220215,19.384465529065835,18.71336613339614,18.97148128557679,4638232
2003-01-29,19.274761199951172,19.487705798751907,19.11343961624569,19.442536675945117,3065832
2003-01-30,19.352205276489258,20.126552239070353,19.100542615190605,19.242506653722455,8952740
2003-01-31,19.345748901367188,19.810356174528508,19.22959640614229,19.35865398202043,10383917
2003-02-03,19.04245948791504,19.448991109878225,18.84887248550633,19.448991109878225,2738719
2003-02-04,19.074726104736328,19.616767889030253,18.984386484288535,19.294124646742205,4287519
2003-02-05,18.629478454589844,19.1005382538625,18.55849645153162,18.874687164424024,4859585
2003-02-06,18.9908390045166,19.352200193671237,18.655289328873014,18.77789300264869,4950247
2003-02-07,18.539140701293945,18.971483981092227,18.51978172366254,18.971483981092227,4639624
2003-02-10,18.268115997314453,18.590760605941306,17.997095771627478,18.584308065774735,3769375
2003-02-11,18.539140701293945,18.64883931808969,18.32619465508715,18.39072412923539,1546413
2003-02-12,18.81015968322754,18.939217259518866,18.584308586250422,18.590761126597705,4489534
2003-02-13,18.81015968322754,18.81015968322754,18.81015968322754,18.81015968322754,0
2003-02-14,19.04891586303711,19.171520898994917,17.4227890477147,18.616572643945343,6719603
2003-02-17,18.965028762817383,19.45544755241517,18.913405732333405,19.22959645558048,1602694
2003-02-18,19.081178665161133,19.229593842230717,18.8940441896869,19.16506573982985,3832460
2003-02-19,19.352205276489258,19.42318729575518,19.003749075634293,19.100542615190605,3501080
2003-02-20,19.281219482421875,19.745826756689898,19.152161906236312,19.674846105189697,5362995
2003-02-21,19.326391220092773,19.358655277754554,18.842424939689103,19.22959769323819,2539014
2003-02-24,19.313478469848633,19.35864894812744,19.197327358696025,19.35864894812744,1427151
2003-02-25,19.210237503051758,19.294124583306555,19.100537555474965,19.152160582380848,1335752
2003-02-26,19.229595184326172,19.39091680545646,18.971480048970083,19.20378367079056,3109232
2003-02-27,19.352205276489258,19.384469338384893,18.971485013738658,18.971485013738658,2800622
2003-02-28,19.2683162689209,19.74582867014592,19.0102010915373,19.500619928566138,4993648
2003-03-03,19.326391220092773,19.629676882173534,19.22959769323819,19.423184746947353,3708820
2003-03-04,19.33929443359375,19.46189810305686,19.1715189247389,19.46189810305686,3219722
2003-03-05,18.8940486907959,19.28767535391651,18.78435007825966,19.04246525709156,1471167
2003-03-06,18.493967056274414,19.0295563204331,18.390720998309806,18.842423178839525,1731048
2003-03-07,18.203590393066406,18.422987619875794,18.132608379858365,18.422987619875794,1329575
2003-03-10,18.30683135986328,18.448795346687326,17.951922746672082,18.261660877340276,2879503
2003-03-11,18.36490821838379,18.422983783519907,17.809960018128194,17.809960018128194,3869860
2003-03-12,18.22294807434082,18.37781717185392,17.97128409854554,18.326192785480355,2579203
2003-03-13,17.84222984313965,18.3326500972164,17.668003091362827,18.151969449771606,3817781
2003-03-14,17.84222984313965,17.84222984313965,17.84222984313965,17.84222984313965,0
2003-03-17,17.422786712646484,17.93256440919939,17.345352177241068,17.809959389673573,2771505
2003-03-18,17.422786712646484,17.422786712646484,17.422786712646484,17.422786712646484,0
2003-03-19,17.75834083557129,17.964832981956636,17.616376807996712,17.81641776714415,6287693
2003-03-20,17.977739334106445,18.080985406817085,17.61637672574991,17.61637672574991,3206164
2003-03-21,18.016456604003906,18.100343696427764,17.874492582484223,18.00355016847064,5061958
2003-03-24,17.667999267578125,18.068077080541737,17.59056472114622,18.068077080541737,2027300
2003-03-25,17.51958465576172,17.64864224744395,17.338904027406596,17.53894227911207,1258686
2003-03-26,17.44215202331543,17.842229924694315,17.390528980952382,17.61637877588862,5958804
2003-03-27,17.15176773071289,17.622828907051137,17.035616587142616,17.422789322158813,7888320
2003-03-28,17.332447052001953,17.44859954080735,17.106597322099297,17.171125429537465,9501250
2003-03-31,17.261463165283203,17.409879691596387,17.048518538580147,17.293728569347056,3394105
2003-04-01,17.351804733276367,17.551844288398424,16.925914111205827,17.16467161100201,4690125
2003-04-02,17.21629524230957,17.422787344209198,17.164672216834663,17.422787344209198,1640721
2003-04-03,17.40342903137207,17.538939139916902,17.267918922827242,17.42278800512678,2175585
2003-04-04,17.597013473510742,17.79705301386543,17.358255991340176,17.422785443077018,3618824
2003-04-07,17.92611312866211,18.0100002094421,17.809960640462144,17.809960640462144,3363662
2003-04-08,17.674448013305664,17.9390156516785,17.584107051596582,17.874487553773893,3175117
2003-04-09,17.08078384399414,17.351804030256584,16.919460886213347,17.26146306558983,3297481
2003-04-10,17.351804733276367,17.43569316211398,16.925914111205827,17.03561405186987,3927214
2003-04-11,16.91301155090332,17.358259857748084,16.719424506441754,17.358259857748084,3600448
2003-04-15,17.28727912902832,17.390525191255307,16.074136543992065,16.77750000444612,7903076
2003-04-16,17.371170043945312,17.422793086434204,17.10660228965711,17.16467787398975,3069077
2003-04-17,17.21629524230957,17.422787344209198,16.938821141914694,17.345352805996836,4074295
2003-04-18,17.21629524230957,17.21629524230957,17.21629524230957,17.21629524230957,0
2003-04-21,17.1195011138916,17.280822724217533,17.061425550793302,17.10014214156918,1048217
2003-04-22,17.08724021911621,17.35180792554321,17.01625821006751,17.125956817044184,4022562
2003-04-23,16.835573196411133,17.16467028524671,16.77749628388566,17.100140833730247,1769383
2003-04-24,16.80331039428711,17.14531258647907,16.693610453956964,16.842026984974424,4846011
2003-04-25,17.042072296142578,17.409886124326523,16.519387991288667,16.893655714991365,9345182
2003-04-28,16.790409088134766,17.377621498160895,16.70006809249873,17.22275238038715,5755062
2003-04-29,16.777498245239258,16.971085268550844,16.603271548901652,16.906555809490644,6263119
2003-04-30,15.63533878326416,16.777499315125226,15.364318557988046,16.777499315125226,17082367
2003-05-01,15.63533878326416,15.63533878326416,15.63533878326416,15.63533878326416,0
2003-05-02,15.706324577331543,15.925723180436302,15.532097827833876,15.874100138984526,10198771
2003-05-05,15.590167999267578,15.990245754707251,15.486920598334319,15.874094628694397,9249476
2003-05-06,15.590167999267578,15.7708485816301,15.506279570626115,15.57726156645006,7935367
2003-05-07,15.63533878326416,15.77730278992811,15.396582612641089,15.6159811627938,13608886
2003-05-08,16.13865852355957,16.23545200858494,15.674051420080179,15.674051420080179,7444090
2003-05-09,16.112855911254883,16.299989077030826,16.003155945089627,16.132213534222913,4830534
2003-05-12,16.42904281616211,16.467760760763525,16.132209753781133,16.132209753781133,3612119
2003-05-13,16.280628204345703,16.50002675725839,16.183834685299836,16.42904475303348,3314162
2003-05-14,16.435495376586914,16.583911907966563,16.241909714939993,16.32579678985803,1970985
2003-05-15,16.906557083129883,17.022709576640874,16.454856251156095,16.77749950915607,7792268
2003-05-16,17.474409103393555,17.56475006836255,16.848478949466845,17.409879649291568,9677525
2003-05-19,17.816415786743164,18.00354893513659,17.51958268237435,17.55184673819339,7863020
2003-05-20,17.597013473510742,17.7454299940235,17.506672511852937,17.693806974181573,3487297
2003-05-21,17.913211822509766,18.06162840674433,17.590568486907088,17.590568486907088,3783213
2003-05-22,16.97109031677246,18.05517553282517,16.829126276932797,17.87449488912796,5077017
2003-05-23,16.97109031677246,17.24856450091768,16.867844234659767,17.164677397668473,2947004
2003-05-26,17.784151077270508,17.874492061763807,16.938823575218287,17.15822214193829,5503206
2003-05-27,17.56475257873535,17.990641891975123,17.358259108418086,17.990641891975123,3704767
2003-05-28,17.738981246948242,17.809961899002282,17.41633662703228,17.41633662703228,3897316
2003-05-29,17.642189025878906,18.197135971773882,17.358260981259622,18.197135971773882,4787684
2003-05-30,17.803508758544922,18.313286509740806,17.642187130958845,17.693810160095918,5830517
2003-06-02,17.7712459564209,18.119700750722686,17.429242348879576,17.809962554068118,5152092
2003-06-03,17.732524871826172,18.03581047426493,17.603467312689354,17.745431304674337,4049782
2003-06-04,18.268115997314453,18.577855525608168,17.829320250212927,17.939018848521034,7439910
2003-06-05,18.2423038482666,18.700457165929866,18.13905644750976,18.57139960732001,4573547
2003-06-06,18.293922424316406,18.442338930087562,18.197128933259677,18.197128933259677,1642481
2003-06-09,18.12615203857422,18.487513216038685,18.042263606975354,18.390719705036307,2431572
2003-06-10,17.648637771606445,18.713363648363714,17.506673779824556,17.939016940781627,8849544
2003-06-11,17.738981246948242,17.932566935802495,17.50022371374015,17.74543378734058,3099536
2003-06-12,17.797056198120117,18.003548314433463,17.693810139963446,17.91966258451755,2849390
2003-06-13,18.42298698425293,18.513327971377034,17.900304099481108,17.939020698341974,6920485
2003-06-16,18.255210876464844,18.48751450676771,18.10679432974851,18.32619152587778,4506128
2003-06-17,18.57785415649414,18.63592972145154,18.132604548170065,18.326190215984397,5252516
2003-06-18,18.44234275817871,18.71336431861996,18.339096707318998,18.58430675504532,3144267
2003-06-19,18.539140701293945,19.036012101371135,18.455253603383632,18.455253603383632,6826402
2003-06-20,18.371366500854492,18.803709780544075,18.326194650479675,18.70046235115898,2715223
2003-06-23,18.151966094970703,18.681101502045113,18.074531546091336,18.45525174988219,5128667
2003-06-24,18.11324691772461,18.358456982848498,18.0680764288014,18.158417406647814,1583202
2003-06-25,18.255210876464844,18.35845693437723,17.100143911233644,18.197133953487295,4551805
2003-06-26,18.268115997314453,18.539137576870537,18.19713399387487,18.31973902638522,5928466
2003-06-27,19.003746032714844,19.190880540257858,18.14551345894873,18.32619271818131,9965131
2003-06-30,19.378015518188477,19.68775374123615,18.74563263586482,18.74563263586482,10816360
2003-07-01,19.139253616333008,19.616765891217025,18.926307635931188,19.48770833667149,6647723
2003-07-02,18.726276397705078,19.42318745112015,18.62948285737452,19.22960037045903,6240047
2003-07-03,18.81015968322754,19.229596467707076,18.584308586250422,18.777894273752846,10895324
2003-07-04,19.190879821777344,19.836167701553535,19.061822245822103,19.229596417629345,20574356
2003-07-07,19.37156105041504,19.681299242657776,19.100539455268056,19.37156105041504,8259377
2003-07-08,19.106990814208984,19.642581430843695,19.036008811075664,19.487710990430497,3933061
2003-07-09,19.423187255859375,19.597415355928987,18.861786352229185,19.22960017714438,6850442
2003-07-10,19.37156105041504,19.939414402860052,19.255408551389422,19.552241662556636,5187710
2003-07-11,19.93941307067871,20.37175762746844,19.3586533220904,19.3586533220904,14792838
2003-07-14,20.662141799926758,20.739576361458877,20.003947349969042,20.003947349969042,11410745
2003-07-15,20.6234188079834,21.539728239374107,20.326585717633478,21.113838931843112,16671275
2003-07-16,21.062219619750977,21.152559258491543,19.552243741232406,20.145910026681825,8718825
2003-07-17,20.64278221130371,21.675244355103196,20.526629695501885,20.726670665887568,9015820
2003-07-18,20.410480499267578,20.894446879624628,20.165270361108725,20.520179130295194,6428229
2003-07-21,19.84907341003418,20.778287922922615,19.700656864647225,20.64923035168811,6345339
2003-07-22,19.378015518188477,19.810358792993185,19.10054135490761,19.616771726653727,5612453
2003-07-23,19.358654022216797,19.8684331403304,19.10699141026458,19.8684331403304,3671596
2003-07-24,19.9716739654541,20.120090487641484,19.429632250997855,19.48770781050809,8204168
2003-07-25,20.60405921936035,20.894439760964687,20.003941870342345,20.13299943754348,14085203
2003-07-28,20.52662467956543,20.87508078795194,20.39111457246803,20.713759167413652,8424647
2003-07-29,20.565343856811523,20.649230942044994,20.197528752875613,20.558891316532595,3558423
2003-07-30,20.907346725463867,21.100933770651192,20.591155995785027,20.649231567793553,9541207
2003-07-31,20.539531707763672,21.133196534088484,20.404021596743757,21.03640301741608,8674979
2003-08-01,20.984783172607422,21.036404851615384,20.455645054812624,20.649232105036614,7454832
2003-08-04,20.971250534057617,21.052429491464114,20.727713661838127,20.971250534057617,6364594
2003-08-05,20.531532287597656,21.343323366824457,20.436824203612197,21.01184152453345,7825851
2003-08-06,19.909156799316406,20.68712211140754,19.780623103718074,20.294756466774878,5375645
2003-08-07,20.254169464111328,20.29475823400827,19.855039226885406,20.159459968790724,7327380
2003-08-08,20.775068283081055,21.02537114850972,20.308289603755668,20.61947491686036,14617614
2003-08-11,20.84271812438965,21.133609761328962,20.70065387560322,21.05919535758417,5708681
2003-08-12,21.512447357177734,21.580097209885352,20.903604360156617,21.032138086765286,17765715
2003-08-13,21.485383987426758,21.877749658924227,21.309495536248825,21.607153133524804,9958613
2003-08-14,21.059194564819336,21.7830406408988,20.99154472232435,21.7830406408988,8478651
2003-08-15,21.059194564819336,21.059194564819336,21.059194564819336,21.059194564819336,0
2003-08-18,21.309499740600586,21.708631468483958,20.984785265391917,21.20126252842229,10672678
2003-08-19,21.295969009399414,21.79657335193396,21.20802548278415,21.60715576111974,10024998
2003-08-20,21.194494247436523,21.47185677507148,21.05919597273779,21.377147273113998,10681324
2003-08-21,24.130468368530273,24.52283262315969,21.627449783169574,21.627449783169574,76284219
2003-08-22,24.340181350708008,25.097851636518232,23.690748257819745,24.326652233844005,38293557
2003-08-25,23.54868507385254,25.24668005185684,23.000726043172723,24.556658199594825,14310395
2003-08-26,24.617544174194336,24.867847047179712,23.460742150008222,23.812519083969466,13126003
2003-08-27,24.800199508666992,25.28727621003702,24.394306042423842,25.28727621003702,14036291
2003-08-28,24.854318618774414,25.368450658149918,24.63783853432726,25.165502530568784,19776311
2003-08-29,24.313121795654297,25.165501630054937,23.947815746814953,24.624308534986824,17857416
2003-09-01,24.9422607421875,25.023441128743045,23.93428750138528,24.5025416912534,11511830
2003-09-02,25.381982803344727,25.50375339761965,24.624312352778947,25.030208656347565,9325717
2003-09-03,24.847551345825195,26.099062913080065,24.63783865809435,25.476689409017737,13131184
2003-09-04,24.570188522338867,25.09785248459814,24.015466325437266,24.989613868682053,8785744
2003-09-05,24.746074676513672,24.827255054877526,24.360474975968565,24.489007263259175,5340241
2003-09-08,24.631074905395508,25.084325930021457,24.51607171906952,24.75961004909854,4125440
2003-09-09,24.52959632873535,24.996376386261023,24.441654234655314,24.75960549778065,6584275
2003-09-10,24.752840042114258,24.867843203130224,24.353708418816797,24.489005253421567,6878278
2003-09-11,25.064023971557617,25.672868245105093,24.65136606998267,24.65136606998267,8704448
2003-09-12,24.915199279785156,25.2263859901666,24.556657823156687,25.06402523807785,7199764
2003-09-15,24.77313804626465,25.300802038544237,24.083116120873925,24.083116120873925,9191737
2003-09-16,24.793432235717773,25.219622173775242,24.225180877423547,24.793432235717773,7947296
2003-09-17,25.354923248291016,25.699932817485738,24.63107563479405,24.962556084884763,11513870
2003-09-18,24.915199279785156,25.490215115627834,24.509303076909667,25.165499288796724,7852773
2003-09-19,25.2669734954834,25.57139564951915,24.48900671472755,25.043731717993136,9271069
2003-09-22,25.22638702392578,26.173473471657513,25.03020347267341,25.63904496326333,6772304
2003-09-23,26.017879486083984,26.20729847429134,24.867844956179997,25.2872702826335,6792214
2003-09-24,26.518484115600586,26.924377470257017,25.85552052240718,26.180236341601574,7423696
2003-09-25,25.828468322753906,27.059683467768924,25.70669773310989,27.059683467768924,6349040
2003-09-26,27.621173858642578,27.736179903436742,25.774352322858114,25.774352322858114,17821600
2003-09-29,27.452037811279297,28.135294989695375,27.330270104606416,27.702340620482676,8878639
2003-09-30,27.668519973754883,27.736171235120135,27.107033239666844,27.61440066786664,5694007
2003-10-01,27.654996871948242,27.925593460244556,27.397929403398273,27.68882250998799,6408336
2003-10-02,27.654996871948242,27.654996871948242,27.654996871948242,27.654996871948242,0
2003-10-03,28.41265869140625,28.602077665031757,27.695578659837604,27.695578659837604,14585334
2003-10-06,28.798263549804688,28.92679583621606,28.3517771492043,28.41942841026916,6975248
2003-10-07,30.665388107299805,31.321584485233625,29.170340878449238,29.170340878449238,16983439
2003-10-08,30.171545028686523,30.8345087653165,29.582997124226324,30.71274101644163,6636492
2003-10-09,30.746564865112305,31.118635522658625,30.5774423550774,30.5774423550774,5334868
2003-10-10,30.239192962646484,31.111866464354915,29.995654653111835,31.111866464354915,4586851
2003-10-13,30.854793548583984,31.118625487533617,30.03623950141868,30.374484412411366,5713185
2003-10-14,30.72626495361328,31.9168896807972,30.50978773048893,31.389225739763283,9484535
2003-10-15,30.360960006713867,31.050981889563577,29.292102969960663,31.050981889563577,6650710
2003-10-16,30.475963592529297,30.983333883247834,30.124189507059622,30.71273734108908,9363178
2003-10-17,29.894180297851562,30.76009207087196,29.76564800491196,30.712737321190684,9334479
2003-10-20,29.43416404724121,30.36095673696642,29.122977351808498,30.03624092573395,4820431
2003-10-21,28.683258056640625,29.697995765433273,28.419428920707443,29.481518538953416,4884869
2003-10-22,29.339460372924805,29.603292376663752,28.41266466088153,28.879444796523305,7979851
2003-10-23,29.555936813354492,30.30684260987816,29.089156690504403,29.495052943186835,8909857
2003-10-24,30.327136993408203,30.4286110589423,29.393579564637587,29.833298622836256,5981778
2003-10-27,31.226869583129883,31.632765818710904,30.45567014193405,30.780385994929496,11487102
2003-10-28,30.800676345825195,31.152453234593835,30.442134899017002,31.152453234593835,4049545
2003-10-29,30.7330322265625,31.07804460556168,30.19183912094959,30.604499928482003,4105475
2003-10-30,31.06450843811035,31.389224257462747,30.442135031681698,30.442135031681698,4022931
2003-10-31,33.41870880126953,33.824605107187786,31.118636357971894,31.172755676182735,15710596
2003-11-03,35.13022994995117,35.63759740423409,33.41870291007232,33.811070026938125,18138477
2003-11-04,34.906986236572266,36.30056201985594,34.23049627972366,35.17758562571989,15849146
2003-11-05,33.12104797363281,34.8258076079517,32.74221281474788,34.717568991127436,10926157
2003-11-06,32.532501220703125,33.81783554786463,32.214549918383796,33.01281045365317,7500751
2003-11-07,32.87751007080078,33.89224782567685,32.50543946605711,32.74221321744314,8566371
2003-11-10,32.53926086425781,33.01280546673202,31.65982007718484,32.47161244638237,2136640
2003-11-11,33.587825775146484,33.94636439467516,32.748975132815,32.748975132815,8570023
2003-11-12,33.696067810058594,34.216967235342395,33.48635512815664,33.82460010730725,4170991
2003-11-13,33.655479431152344,34.36579506111117,33.52694712697813,33.689305066359395,6241367
2003-11-14,33.22929763793945,33.8246102283918,32.47162706827284,33.41871386101894,4284252
2003-11-17,32.904571533203125,33.21575827374291,32.505439849871046,33.093990536548546,3194240
2003-11-18,31.984535217285156,33.14133410680409,31.79511626161782,33.14133410680409,4846820
2003-11-19,30.807443618774414,32.065716698558305,29.77917402743072,30.848030966848686,11090458
2003-11-20,30.76009750366211,31.497471436629684,30.577443031392328,31.023929533527646,3995568
2003-11-21,31.38922882080078,31.79512507333667,29.900946346400563,29.900946346400563,6017731
2003-11-24,31.984535217285156,33.14809866398181,31.60570014462324,32.23483518755202,4099947
2003-11-25,32.6407356262207,32.8098580939547,31.186276158627457,31.186276158627457,3906820
2003-11-26,32.6407356262207,32.6407356262207,32.6407356262207,32.6407356262207,0
2003-11-27,34.020782470703125,34.50109168670976,32.48514532348789,32.48514532348789,8577107
2003-11-28,33.83812713623047,34.23049136845457,32.80985755328771,33.82459518164316,7600686
2003-12-01,34.568748474121094,35.36700917431925,34.15609042267962,34.15609042267962,7411299
2003-12-02,35.77289581298828,35.914960057658526,34.392852072022016,34.96110621202969,7270175
2003-12-03,38.92534637451172,39.344771698578455,35.854072262672034,35.98937194471782,21271640
2003-12-04,36.42232894897461,39.223006732521796,36.19908715462575,39.223006732521796,10560044
2003-12-05,35.20464324951172,36.92293202482398,35.0422853220493,36.6658674353469,10994131
2003-12-08,35.29258728027344,35.96231264926367,34.50109133982494,35.3128809561798,4951523
2003-12-09,36.17878341674805,36.273492898070735,35.4481743118928,35.4481743118928,5878020
2003-12-10,37.01087951660156,37.20706309030411,35.92172869967063,36.496744624878716,10788514
2003-12-11,38.48563003540039,38.69534271192764,37.24088309377454,37.24088309377454,12997699
2003-12-12,37.95796585083008,39.22300646163474,37.342356942254526,38.790051993482,5850509
2003-12-15,37.29499816894531,38.343561432550764,37.20705607626018,38.018845616467736,2775910
2003-12-16,38.24208450317383,38.56003573729434,37.20705327224581,37.20705327224581,4835165
2003-12-17,38.24885940551758,38.49239487768269,37.88355051992301,38.49239487768269,8731651
2003-12-18,37.863250732421875,38.69533675159388,37.74824757371922,38.22179216265655,4580900
2003-12-19,37.836204528808594,38.26239451046128,37.49119210435581,38.26239451046128,3721635
2003-12-22,38.10003662109375,38.41122056933324,37.85649827173905,38.41122056933324,7322634
2003-12-23,38.05268096923828,39.20271573541394,37.883555621303955,38.28945191446821,7044592
2003-12-24,38.39091873168945,38.68181177712332,38.03914182152305,38.68181177712332,7311953
2003-12-25,38.39091873168945,38.39091873168945,38.39091873168945,38.39091873168945,0
2003-12-26,38.72239685058594,39.23653164936084,38.29620698384896,38.93887406298103,4722767
2003-12-29,40.88717269897461,41.293068900345155,38.90505211553971,38.90505211553971,9334099
2003-12-30,40.427154541015625,41.94249779986462,39.777722932368775,41.94249779986462,11149066
2003-12-31,39.97391128540039,40.77893633559066,39.513895754431665,40.54216543087078,7162622
2004-01-01,40.96159744262695,41.3336681211898,40.18363328478808,40.30540104470349,8115838
2004-01-02,41.475730895996094,41.868098079430766,40.93453771747299,41.26601818448416,9644101
2004-01-05,42.375457763671875,43.05871508938874,41.33365895915189,41.61778745420645,11267069
2004-01-06,42.2672233581543,42.923419675986885,41.82073973384324,42.48370061099283,9597362
2004-01-07,41.137481689453125,42.34840023886458,40.60981768433614,42.30781288360451,6361212
2004-01-08,40.914249420166016,41.60426868455153,40.467762860142464,41.401323344912754,14656961
2004-01-09,41.14423751831055,42.950470959023534,40.99540873124929,41.644840341691484,22090194
2004-01-12,41.27278137207031,42.1319258692436,41.063068667531276,41.28631333008888,7218871
2004-01-13,41.86132049560547,41.962794546723195,41.002176178903724,41.64484327686718,5043577
2004-01-14,41.67866134643555,42.26720903295396,41.130703840735954,41.87484485483258,10130466
2004-01-15,40.55569076538086,42.456633739104255,40.35950723039216,41.97632173854439,18452522
2004-01-16,38.330047607421875,40.4407040926315,37.07177118913549,40.18363659267978,22669933
2004-01-19,40.60304641723633,40.927762237713345,38.43150688395726,38.96593535999317,14090510
2004-01-20,40.04832458496094,41.46895854053074,39.513896066800015,40.99541388867414,8708716
2004-01-21,39.885963439941406,40.630104570079666,39.23653180025852,39.7709631139215,14093876
2004-01-22,39.22300720214844,40.48804499816307,38.56680809012646,39.507132867569496,13003490
2004-01-23,39.737144470214844,40.061860347137845,37.626488431541695,38.96594213351749,8043365
2004-01-26,39.737144470214844,39.737144470214844,39.737144470214844,39.737144470214844,0
2004-01-27,41.33366394042969,41.8072086505826,39.3109527927606,40.1024488295016,6632950
2004-01-28,39.730369567871094,41.807199579250394,39.39888919429083,41.53660306625904,6596331
2004-01-29,38.918582916259766,40.04155923815556,38.01884837930997,39.8453756871796,13284012
2004-01-30,39.91979217529297,40.23774346179596,39.23653485337447,39.37183170283304,8317177
2004-02-02,39.91979217529297,39.91979217529297,39.91979217529297,39.91979217529297,0
2004-02-03,39.9536247253418,40.99542086579368,37.88355588664422,39.91303452800631,12099598
2004-02-04,40.914249420166016,41.13072672005345,39.23654750736408,40.9548367848892,6049653
2004-02-05,41.475730895996094,42.07780795226881,40.08215775163063,40.887182959517986,8627971
2004-02-06,43.47137451171875,43.93815175283722,41.73955387718962,41.9019117955511,15174830
2004-02-09,44.91907501220703,45.514387490222816,42.619002655081886,44.03963399522382,16082225
2004-02-10,47.117671966552734,47.66562967260545,44.37788059761543,45.52791532437636,49321948
2004-02-11,43.038429260253906,45.73086602480229,42.6528266379013,45.73086602480229,39416910
2004-02-12,43.139896392822266,43.511966996866974,41.67190765300694,43.295486922289236,60684530
2004-02-13,42.131927490234375,43.430793964149494,41.89515653789625,43.430793964149494,16194981
2004-02-16,41.88162612915039,42.75429975238786,41.63132322597598,42.084574275579705,10988829
2004-02-17,42.727237701416016,43.43078875275033,42.077803123049236,43.43078875275033,21466615
2004-02-18,42.936946868896484,43.43078519230256,42.61899558423641,43.26842727068933,11650578
2004-02-19,42.04397201538086,43.05870961770699,41.550133749121485,42.75428748540725,11821320
2004-02-20,40.143035888671875,41.68543764622645,39.66949121551558,41.68543764622645,10549539
2004-02-23,38.154144287109375,40.68422233042136,37.903841454305336,39.6424264909422,8543166
2004-02-24,37.17999267578125,38.42473939810664,36.32761300230753,38.42473939810664,12233023
2004-02-25,37.13264083862305,38.41120751242915,36.88910257205293,37.200289253186384,8520572
2004-02-26,36.22614288330078,38.26238564268582,35.86760426086326,37.274706194722214,10903662
2004-02-27,36.65909194946289,36.922921019109815,35.87436078129809,36.48996667492857,6844997
2004-03-01,38.11355972290039,38.29621132707108,36.67939660879609,37.031173538170144,7957543
2004-03-02,38.11355972290039,38.11355972290039,38.11355972290039,38.11355972290039,0
2004-03-03,37.51148223876953,38.411216874854865,37.295004988463916,38.28944913122636,7317431
2004-03-04,39.087711334228516,39.28389491501587,37.61972527410479,37.829437973933,9057966
2004-03-05,39.534183502197266,39.669480320985876,38.69533300648611,39.24329051605814,4938752
2004-03-08,41.17130661010742,41.46896426274991,39.764204416299094,39.777733535417276,7141953
2004-03-09,40.88717269897461,41.65837491384401,40.19038630164885,41.55013630530162,6171176
2004-03-10,39.135066986083984,41.12395540025488,38.93888340080229,41.12395540025488,5269467
2004-03-11,37.89707946777344,39.04034942950883,37.74825066955761,39.04034942950883,5221546
2004-03-12,38.154144287109375,39.10123063972506,37.17999402585694,38.19473163404541,3969537
2004-03-15,37.64677810668945,39.83861146221779,37.22735276725605,39.23653452593758,6086184
2004-03-16,38.282676696777344,39.236530449219785,35.996134081788604,37.274703642891495,7114651
2004-03-17,38.93211364746094,39.20947758919377,37.54530529349049,38.6682816619475,7669854
2004-03-18,38.14738464355469,39.507131907904636,37.626485237374666,38.94564514955998,6927915
2004-03-19,37.56560516357422,38.42474962325043,37.12588325599672,38.17444673292769,5493092
2004-03-22,37.410003662109375,37.680600171831095,36.80115938623071,37.61294891539587,3844742
2004-03-23,36.956756591796875,37.450594918753005,35.854073925409324,37.08529172150219,3609837
2004-03-24,37.410003662109375,37.73471947377544,36.679391666524204,37.1664653840233,3215206
2004-03-25,36.46968078613281,37.7414858628683,36.300558314185196,37.61295074034341,6610862
2004-03-26,38.566810607910156,38.95241319740149,36.95676033429172,36.96352489359176,14836420
2004-03-29,40.56923294067383,40.704532659071724,38.790059953188816,38.790059953188816,11176638
2004-03-30,40.25126266479492,41.536596611429914,40.00095986467282,40.954813489239925,9273467
2004-03-31,40.088924407958984,40.55570461334792,39.91980188566057,40.35952101137126,5290010
2004-04-01,40.71805191040039,40.988648442937205,40.115972141666845,40.413629746793994,7079281
2004-04-02,40.43393325805664,41.516319575512426,40.203924036591935,41.198368239925564,10389885
2004-04-05,40.02802658081055,40.98188034000818,39.84537216297484,40.58951327275996,5145305
2004-04-06,39.42594909667969,40.24450316938946,39.25005923944235,40.04831963878152,5349828
2004-04-07,39.1621208190918,39.71007843817347,38.95240815325281,39.574778753672426,7834953
2004-04-08,39.561248779296875,40.07538359511389,38.69533990101409,39.10123326837254,16597905
2004-04-09,39.561248779296875,39.561248779296875,39.561248779296875,39.561248779296875,0
2004-04-12,39.459781646728516,40.04832954546741,39.27036546572823,39.628904149338176,4614137
2004-04-13,39.459781646728516,39.64243610693897,38.92535306237166,39.628904149338176,3461502
2004-04-14,39.459781646728516,39.459781646728516,39.459781646728516,39.459781646728516,0
2004-04-15,39.10800552368164,39.77773094042552,38.97947038442295,39.73714358571879,4626468
2004-04-16,38.918582916259766,39.37183104464427,38.79681518604801,39.37183104464427,2982243
2004-04-19,40.55569076538086,40.72481322993146,39.64242718586914,39.64242718586914,14650916
2004-04-20,41.570438385009766,41.92897991280223,40.26480742164323,40.927771162014594,13446515
2004-04-21,40.2445068359375,41.590724925662876,39.98067486471763,41.5366056197376,11674762
2004-04-22,40.4542236328125,40.995416747337174,39.6762567565123,39.872440325030084,25627992
2004-04-23,43.20753860473633,44.01256356480109,40.81952195580152,40.81952195580152,83568947
2004-04-27,42.253684997558594,43.55931278833258,40.630103117714846,42.064266023418824,52380636
2004-04-28,42.970767974853516,43.14665784536806,41.55013692617485,42.416045807453,22785658
2004-04-29,43.12636947631836,43.539030319987006,42.422818377412426,42.422818377412426,20169627
2004-04-30,42.61899948120117,43.26843122703636,42.375461157176176,42.849005848182735,13869757
2004-05-03,42.59193801879883,43.20078240399257,42.010154708772475,42.55134782538453,13350183
2004-05-04,41.523075103759766,43.01812478274392,41.34042351691908,42.476931741727256,8143822
2004-05-05,40.846580505371094,41.671901983985066,38.560037883186745,38.560037883186745,6831269
2004-05-06,41.110408782958984,41.73954667251658,40.880402481316644,41.38776982411701,4211856
2004-05-07,40.96835708618164,41.76661761201263,40.57598996279152,41.23895363403338,5845070
2004-05-10,40.43393325805664,40.82629758846591,39.39889885814997,40.58952380735134,4862577
2004-05-11,38.28944778442383,39.60184319724433,37.897083491714426,39.1012374445158,10611243
2004-05-12,38.50593185424805,38.96594749586474,37.95120953116752,37.95120953116752,3948994
2004-05-13,38.52622985839844,39.37184249600938,37.87003059101552,37.87003059101552,6713861
2004-05-14,35.81348419189453,38.81710698290807,35.563181346419015,38.15414621864767,21080878
2004-05-17,32.03188705444336,38.45855984002889,29.089148560926837,35.17757645625572,17013755
2004-05-18,34.683738708496094,35.71877282694072,30.44213386756228,32.06571574091096,10089376
2004-05-19,35.74583053588867,36.80115831234464,35.164047347295586,35.164047347295586,18523538
2004-05-20,35.556419372558594,36.97028593733476,34.5755044325304,35.590242165842525,10404933
2004-05-21,36.14496612548828,36.46291740493577,34.62285815147897,35.36023760322608,9489826
2004-05-24,36.165260314941406,36.882343262842056,34.90698429617611,34.90698429617611,4767768
2004-05-25,34.98139953613281,35.94878248905776,31.81541586618938,31.81541586618938,4884572
2004-05-26,35.51582336425781,35.98936794072405,34.92051107456888,35.306113564228916,3819156
2004-05-27,35.84730911254883,41.25924551085739,28.62237450338137,28.62237450338137,6407659
2004-05-28,33.29018020629883,35.42113037322591,32.78281260585984,35.31289172470498,4223653
2004-05-31,31.17275047302246,32.80986170464944,29.90094528801253,32.53926515876152,5574547
2004-06-01,32.03188705444336,32.40395756919477,30.983326759178656,30.983326759178656,3547505
2004-06-02,35.38730239868164,35.85407972804779,32.7422176184623,32.7422176184623,12530963
2004-06-03,35.89466094970703,36.92292770328511,35.258758431904944,36.12466727702333,15518695
2004-06-04,36.30731964111328,36.53056139776281,34.974630820178255,35.17757890392253,6371541
2004-06-07,36.30731964111328,37.07175439529892,35.86760068544931,36.51703228249264,6474286
2004-06-08,36.5576286315918,36.801164102213306,35.59701018931043,36.12467132188152,4354152
2004-06-09,36.84175109863281,37.20705711155926,36.266732427149954,36.53056438989277,5578468
2004-06-10,36.1990852355957,37.00411026753417,35.98937256991924,36.80116216027653,5252731
2004-06-11,35.13022994995117,36.32761929945065,34.940810950267895,35.85407463891588,4117740
2004-06-14,34.007259368896484,35.22494544040694,33.72989538095064,35.22494544040694,7192339
2004-06-15,34.17637252807617,34.85286523568144,33.45928963350649,33.82459563883988,8330349
2004-06-16,34.81228256225586,35.380533947710774,34.37256348481072,34.60933442230464,5248677
2004-06-17,35.556419372558594,35.759367486955696,34.50109144863237,34.906984838753196,5417852
2004-06-18,34.99493408203125,35.65113041651376,34.6363925584174,35.58348198295366,5159159
2004-06-21,34.643150329589844,34.90697943102609,34.50108610378554,34.63638293330808,5205139
2004-06-22,34.14255142211914,34.90698632429547,33.98019349142664,34.90698632429547,7043025
2004-06-23,34.30491256713867,35.17758901021884,34.095199865510196,34.10873182334095,10997497
2004-06-24,34.38608932495117,35.69171731377168,32.64750402080486,34.09519626177947,12604240
2004-06-25,33.90578079223633,34.636390067219004,33.445765232031775,34.636390067219004,7008809
2004-06-28,34.21696853637695,34.50109421611986,33.215759840066966,34.16284638543453,7126520
2004-06-29,33.66223907470703,34.419909347842434,33.24281374955305,34.10195807481753,4857204
2004-06-30,33.08046340942383,34.14932064203737,32.89104721709962,33.554008148245174,5813720
2004-07-01,33.52695083618164,33.6622477146309,32.75574840979458,33.22929316171492,9397580
2004-07-02,33.127811431884766,33.54723676781435,32.89104052994945,33.2834047932352,6252460
2004-07-05,31.84247589111328,32.532497731965236,31.13216037561131,32.48514298577535,11676890
2004-07-06,32.68132019042969,33.31722260354609,31.862763386194977,31.930411793914928,14806852
2004-07-07,33.24958038330078,33.68930224953182,32.48514550413074,32.74221292965892,9161273
2004-07-08,32.261905670166016,33.540475478036754,31.86953852996849,33.148108337839226,15798101
2004-07-09,33.06016159057617,33.26987424954792,31.79512107854314,32.33631412147888,4742001
2004-07-12,32.64750289916992,33.95989824043886,32.36337724329659,33.148105785932145,4692132
2004-07-13,32.04542922973633,32.97222211433741,31.8357165360518,32.60691604022005,2965803
2004-07-14,31.713943481445312,32.43779101396392,31.592175745784147,32.33631695468847,2994530
2004-07-15,32.261905670166016,32.39720253055072,31.659825841565972,31.937189798834428,4597681
2004-07-16,33.17516326904297,33.39840503440462,32.26866425312518,32.32278355499082,5171639
2004-07-19,34.230491638183594,34.50108815196575,33.14810274438186,33.51340874765605,5211057
2004-07-20,35.394065856933594,35.50230448626952,33.84489941006046,34.36579603956854,7221747
2004-07-21,35.54289245605469,36.111143805144536,34.99493194551822,35.583479810508564,5932162
2004-07-22,35.51582336425781,36.39526126435732,35.32640723687506,35.7187714454109,3335640
2004-07-23,35.360225677490234,35.854063865890964,34.78520713113929,35.854063865890964,7861128
2004-07-26,34.81904602050781,35.096407144954355,33.95990157131618,34.77169126677202,5503740
2004-07-27,35.00170135498047,35.44818786390732,34.70404652103651,35.44818786390732,2785876
2004-07-28,34.97463607788086,35.52935827407798,34.778452522279586,35.1978778680901,2171477
2004-07-29,35.79996109008789,35.98938012024672,34.79875513793766,34.79875513793766,4864288
2004-07-30,36.192325592041016,36.79440259848301,35.948787262525045,35.98937745722332,4870701
2004-08-02,37.32883071899414,37.477659538629084,36.124673882077886,36.124673882077886,6372718
2004-08-03,37.004112243652344,37.97825980410317,36.834989758130476,37.73472433332718,4049320
2004-08-04,36.66587448120117,37.044709718078565,36.33439116509371,36.69969728175113,1924802
2004-08-05,37.76177978515625,37.87001839500622,36.90940002291941,37.612950986944234,3591665
2004-08-06,36.87558364868164,37.82267023034637,36.54410036449159,37.76855091600343,2889650
2004-08-09,37.49118423461914,37.612951964195794,36.39526615240934,37.071758900884774,2545048
2004-08-10,37.2341194152832,37.61295458600763,37.01087761594049,37.28823872538669,1975721
2004-08-11,37.53178024291992,38.24886329198774,37.00411621471493,37.20706435458973,7946730
2004-08-12,37.4776611328125,37.748257707898354,36.6794005266408,37.227358236355435,4094354
2004-08-13,37.22735595703125,37.34235913956721,36.8552853342348,37.34235913956721,3523965
2004-08-16,37.26117706298828,37.46412516688084,36.395265342291566,36.84175173858985,3343301
2004-08-17,37.49118423461914,37.84296114510795,36.96352028822257,37.7482516493602,3082629
2004-08-18,36.88911056518555,37.376184365192,36.81469757690936,37.220590990911305,1650286
2004-08-19,37.04470443725586,37.27471080290346,36.70645660925655,36.97028860930617,1399541
2004-08-20,36.23966979980469,37.12587223388944,35.975837869055354,37.0446947067904,1228909
2004-08-23,36.17878341674805,36.530560273658246,35.59700309130376,36.395260609101136,1362031
2004-08-24,35.85407257080078,36.32761720402081,35.488769387351546,36.14496561229619,1952351
2004-08-25,36.097618103027344,36.46292419839723,35.71878288822586,35.71878288822586,2443848
2004-08-26,37.06499099731445,37.23411345950169,36.25996603345859,36.39526286773917,5625147
2004-08-27,36.361446380615234,37.36265505024621,36.300562510769375,37.34235853451524,2542628
2004-08-30,36.774105072021484,36.93646299514998,36.54409588525109,36.78763418928052,1041612
2004-08-31,36.503509521484375,36.78763518498109,36.144968033702085,36.686161125445096,1987084
2004-09-01,36.6523323059082,36.93646078337432,36.27349717462657,36.93646078337432,2106225
2004-09-02,36.52013397216797,36.986287697951134,36.457516525383696,36.84713846498621,2392230
2004-09-03,36.589717864990234,37.01412868018219,36.24184177488277,36.69408127592272,2620403
2004-09-06,36.805397033691406,37.00020948709545,36.73582240869034,37.00020948709545,1432882
2004-09-07,36.59667205810547,37.000211326070186,36.46447997208317,37.000211326070186,1566867
2004-09-08,36.93063735961914,37.0141292574678,36.457526336814375,36.6245072130104,2452796
2004-09-09,37.18806457519531,37.334173925953685,36.874974360499266,37.014126540197864,4037544
2004-09-10,37.42462921142578,37.50811819752602,36.75670272511608,37.29243418080653,2693608
2004-09-13,36.909767150878906,37.64030814514745,36.75670061240797,37.431581312641754,2365341
2004-09-14,37.26459884643555,37.570728966878754,36.7358246572595,37.01412609379925,3537341
2004-09-15,36.84715270996094,37.41767004077798,36.6732146417607,37.292435098794066,1946934
2004-09-16,37.021080017089844,37.11152907084348,36.45752002247295,36.728864264233074,1426089
2004-09-17,38.294315338134766,38.60740557060859,37.36200473166932,37.36200473166932,12780614
2004-09-20,38.82309341430664,39.25446144329911,38.26649044770395,38.5447919310053,8710361
2004-09-21,40.2076416015625,40.35375096763352,38.7535167906467,39.24054509138206,11397683
2004-09-22,41.09820556640625,41.32780389302282,40.353747378193795,40.353747378193795,8423569
2004-09-23,40.17284393310547,41.17472892721011,39.95020282330444,41.17472892721011,3375669
2004-09-24,40.666839599609375,40.840777645926124,39.05964539517975,39.05964539517975,3605382
2004-09-27,41.09124755859375,41.42520928496385,40.548559023367076,40.74336857066577,5494192
2004-09-28,40.576393127441406,41.119081735157295,40.08936481488865,40.659885029936824,2153222
2004-09-29,40.20068359375,40.66684036942435,39.65799501048795,40.66684036942435,2953676
2004-09-30,39.831932067871094,40.6181362366027,39.58841938838423,40.36766346614368,3239725
2004-10-01,40.25635528564453,40.91036463941002,40.00588535752286,40.21460932445687,4238470
2004-10-04,40.55551528930664,40.875559746976336,40.29808536949526,40.52768368631306,4162449
2004-10-05,41.46695327758789,41.60610545990246,40.632048942203866,40.632048942203866,7493084
2004-10-06,41.16777420043945,42.14878774352813,40.93121873711334,41.731334178128456,5751311
2004-10-07,41.000797271728516,41.38346210337022,40.659878384511586,40.91034821205832,2467146
2004-10-08,41.23735809326172,41.39738180134441,40.63205203903635,40.63205203903635,4790335
2004-10-11,39.82497024536133,41.11907405584613,39.53275448020385,40.77119800592051,2907003
2004-10-12,40.25635528564453,40.701637752973866,39.42145065940204,39.93630778237604,4580636
2004-10-14,40.25635528564453,40.72946936693302,39.8110728183152,40.56248844168452,1265016
2004-10-15,39.9989128112793,40.63204748136965,39.79714317600274,40.63204748136965,1176362
2004-10-18,40.952091217041016,41.15386083436077,40.15197283758402,40.63204386525822,4132227
2004-10-19,41.28605651855469,41.45303737936426,40.972966309723866,41.32780246363234,2905232
2004-10-20,40.38157653808594,41.32780139145878,40.24938153535311,40.771198536533575,1296075
2004-10-21,40.43724822998047,41.74526384826483,39.82498199735582,41.74526384826483,2900518
2004-10-22,40.43724822998047,40.43724822998047,40.43724822998047,40.43724822998047,0
2004-10-25,39.70669937133789,40.63205286043515,39.58842161069036,40.35375138846997,1166165
2004-10-26,39.92238235473633,40.131109183240596,38.55870371727662,39.657995233264344,3791089
2004-10-27,40.36766052246094,40.56247298744535,39.51884187238853,40.20067966083189,3271757
2004-10-28,41.04254913330078,41.299976168781676,40.63205263969385,40.63205263969385,4912253
2004-10-29,41.613059997558594,41.731337739315,41.04949997177762,41.11907459878122,4459823
2004-11-01,41.23040771484375,41.85658830690516,41.13300145570062,41.62002983191444,1848726
2004-11-02,41.29302215576172,41.74526171490569,41.18865873142055,41.397385580102885,2528768
2004-11-03,42.82366943359375,42.96282159896687,41.355627664585946,41.60610039445725,9709887
2004-11-04,43.01153564453125,43.46377518782815,42.468847024774355,42.8236803194992,6314649
2004-11-05,44.375213623046875,44.52827724595273,42.52450660917078,42.64974154409428,7937473
2004-11-08,44.0203742980957,44.667426281891295,43.561177622886575,44.667426281891295,4108962
2004-11-09,44.173439025878906,44.38912301167015,43.5820473577577,44.0412440142159,4151565
2004-11-10,44.11778259277344,44.48653313611538,43.554219560269296,44.31954933426127,1734678
2004-11-11,43.93688201904297,44.792660818493424,43.83252152790385,44.368252923990696,1738775
2004-11-12,43.83252716064453,44.45870478545301,43.70728930008155,44.110828651615144,716496
2004-11-15,43.83252716064453,43.83252716064453,43.83252716064453,43.83252716064453,0
2004-11-16,44.47957229614258,44.56306419566437,43.69337101990225,43.86035189944448,3249972
2004-11-17,46.58074188232422,46.740765555353235,44.52826573323492,44.52826573323492,11008129
2004-11-18,46.017189025878906,46.893839318415104,45.43971169562833,46.754687134432636,3961204
2004-11-19,45.32838821411133,46.74076979932609,45.22402481268159,46.05892910461853,2893528
2004-11-22,44.92485427856445,45.85020476039336,43.98558653483124,44.806573609634114,5285725
2004-11-23,45.25881576538086,45.69714090468921,44.973557150172475,45.363179171835334,3192398
2004-11-24,45.44667053222656,46.19808593036383,45.19620067918166,45.6414830130404,3618488
2004-11-25,44.27779769897461,45.697136382909086,43.762937888811635,45.08487034709356,7266902
2004-11-26,44.27779769897461,44.27779769897461,44.27779769897461,44.27779769897461,0
2004-11-29,46.76860427856445,47.03299140031795,43.71424241426994,44.31954846587601,8065574
2004-11-30,47.276512145996094,48.11141663215561,46.70599189082751,47.17214872028845,7688714
2004-12-01,47.276512145996094,47.70092010177198,46.476393522071355,47.32521527262644,4602339
2004-12-02,47.902687072753906,48.07662513259987,47.38086997371451,47.72874901290794,7116208
2004-12-03,49.25244903564453,49.941246988869366,47.38086766197344,48.16011468648577,12173700
2004-12-06,49.711647033691406,51.0683685412193,49.39855970080146,50.108226268352965,7433745
2004-12-07,50.77614974975586,51.00575101962943,49.95516259372863,50.30303870523179,8728159
2004-12-08,49.82992172241211,51.19359731835422,49.482045652365784,51.033573625452654,3561915
2004-12-09,50.664833068847656,50.90138860935781,48.87674633116506,49.91341757375445,4498653
2004-12-10,50.05951690673828,51.207511436266,49.857750188355354,50.09430568139102,3423183
2004-12-13,50.17083740234375,50.48393053471779,49.71860084958454,50.101265692151166,2626833
2004-12-14,50.53959274291992,50.650913328891065,49.96907546969315,50.37261478346454,2717005
2004-12-15,50.76918411254883,51.30491250344807,50.17779252000989,50.79005270403737,4490321
2004-12-16,50.92921447753906,51.2423017810026,50.303034031609684,51.10315251713018,4215029
2004-12-17,50.08735275268555,51.27709033981665,49.76034526911595,51.068363525389785,2939849
2004-12-20,50.636993408203125,51.054447019365924,50.16388242968636,50.24041422929907,2517845
2004-12-21,50.92921447753906,51.200558753541564,50.24737666166163,50.92921447753906,2328397
2004-12-22,50.226505279541016,51.20751611598847,49.98994976488715,50.65091318768447,2928062
2004-12-23,50.70656967163086,50.929210813409625,49.91340549491734,50.23345286609956,3946580
2004-12-24,51.66671371459961,52.571198598197654,50.81093779202888,51.054453402151644,5894124
2004-12-27,52.042423248291016,52.32072179198097,51.27709349463968,51.97284569286721,4025290
2004-12-28,51.94501495361328,52.84949394336775,51.638881896449526,52.84949394336775,2841663
2004-12-29,51.597129821777344,52.59205478436742,51.360574358762946,51.91717716556193,3797480
2004-12-30,50.54655456542969,52.12591725768001,50.25433582762035,51.485822406670714,10895016
2004-12-31,51.67366409301758,51.93109399833042,50.80397399034064,51.20750739526194,3603556
2005-01-03,51.67366409301758,52.18156381366111,51.506686162464334,52.18156381366111,2267419
2005-01-04,52.028507232666016,52.45987521662246,51.22142863610109,51.70149973948821,2077157
2005-01-05,50.337825775146484,52.73817553422551,48.01400490425802,52.19548695022467,4766338
2005-01-06,49.17592239379883,50.42827766296196,48.84195767992012,50.09431586858491,3660211
2005-01-07,49.91340637207031,50.365648753819244,48.70279733199933,48.70279733199933,1519688
2005-01-10,48.54973220825195,50.358695948178344,48.18793887636646,50.09430593070338,1843187
2005-01-11,48.807167053222656,49.25940365452233,47.60351210867429,48.67497203116452,2191728
2005-01-12,48.020965576171875,49.259406449827594,47.39478796718322,48.70280640144998,2200940
2005-01-13,49.266361236572266,49.662940443545494,48.31317912165394,48.70280115721551,2235513
2005-01-14,48.86281967163086,49.9412395159936,48.37579144899933,49.9412395159936,2872100
2005-01-17,48.995018005371094,50.06648081578331,48.2923057241983,50.06648081578331,4465725
2005-01-18,48.84195327758789,49.65598909232425,48.51494868513029,49.39855913754873,2533333
2005-01-19,48.92544937133789,49.927337669528505,48.737594038145176,49.39856337102517,1929471
2005-01-20,48.17402267456055,49.12024753438611,45.25185620652523,48.84194610502565,2201600
2005-01-24,47.10951614379883,48.84194203216554,46.768594366697904,48.70279278883925,2427375
2005-01-25,47.805274963378906,48.243600105026374,45.91978230497518,47.17214026961097,3148557
2005-01-27,46.963409423828125,48.27838765538215,46.69902234339665,48.27838765538215,7532200
2005-01-28,48.431461334228516,48.57757070583083,47.172146044231894,47.867898283477594,3267225
2005-01-31,50.219547271728516,50.49785166692728,48.320140065032014,48.7028049590535,3675474
2005-02-01,50.34477615356445,51.2075120842604,49.83687638641327,50.511759938409824,2774871
2005-02-02,50.9361686706543,51.48581731277132,50.23345642235401,50.23345642235401,4093534
2005-02-03,51.43711853027344,51.66671395890101,50.581342603656246,51.40928984298575,2650224
2005-02-04,50.88745880126953,52.00762453109662,50.52566842801541,51.6945372695307,2168468
2005-02-07,50.247371673583984,51.54146962543584,49.989941765623676,50.9292094217751,2236866
2005-02-08,50.48393249511719,50.85963726175292,49.81600901731877,50.511761180274874,1965249
2005-02-09,50.9918327331543,51.3466689086128,50.386526711020345,50.790060166441386,2327149
2005-02-10,52.139827728271484,52.66860195021619,50.866598212261216,50.998787388495565,3926015
2005-02-11,52.167659759521484,52.82862903909233,51.79890921479284,52.35551215806169,3041681
2005-02-14,52.9886474609375,53.50350148269213,52.59902252003993,52.70338300692193,4967369
2005-02-15,53.315650939941406,53.85137941313233,52.995603538605806,53.155627239273606,4506172
2005-02-16,52.26506805419922,53.69832141920116,51.91023183926099,53.57308648192956,2415759
2005-02-17,52.334632873535156,52.87732136226264,51.13793533016177,51.972836655049086,2129451
2005-02-18,53.12083053588867,53.57307288481299,52.320712151946374,52.320712151946374,3925014
2005-02-21,52.38334274291992,53.573080349822874,52.077209687406175,53.15562671403162,2429674
2005-02-22,52.13286590576172,52.38334158510168,51.55538858364775,52.38334158510168,1925143
2005-02-23,52.007633209228516,52.32072052303701,51.144897234508996,52.32072052303701,4294471
2005-02-24,51.40232849121094,52.536408779904214,50.95704614951574,52.04242331714845,10142115
2005-02-25,51.158817291259766,52.599030773637786,51.0753312242548,52.042427798588996,2244841
2005-02-28,53.00257110595703,53.34348715007577,50.82485645151036,52.04242876651421,3607714
2005-03-01,51.798912048339844,53.155633621462556,51.35362966936656,53.0860560601218,2138114
2005-03-02,54.19926071166992,55.22897461774147,51.84760834816527,52.181570088431904,7119931
2005-03-03,55.24288558959961,55.64642485742477,54.13663994703015,54.20621165596413,8063907
2005-03-04,55.34029006958008,56.1473627406844,54.700195333634454,55.521188185087006,8016294
2005-03-07,55.56294631958008,56.21695557473122,54.978514629084536,55.24289886456972,5550187
2005-03-08,55.51424026489258,56.02214011088776,55.24289595164827,55.903865264013874,5600419
2005-03-09,54.33840560913086,55.31246206636129,53.900077575826316,55.10373526559749,4792188
2005-03-10,54.5540885925293,54.804564265714575,53.35043669914715,54.28274432583015,3743751
2005-03-11,54.33840560913086,55.52118886712509,54.12967880836706,54.96458601142226,1739941
2005-03-14,53.46176528930664,54.67933754624131,48.70280561184346,51.01271227034428,1528648
2005-03-15,53.239112854003906,53.79571569522438,52.35550255912791,53.6565664446697,2785634
2005-03-16,55.79254150390625,56.74572367252169,53.43393472392952,53.5730839990041,9908849
2005-03-17,55.855159759521484,56.35609949247517,55.24289359813047,55.660347268260445,4517826
2005-03-18,57.476253509521484,58.1372226560893,55.02720105194731,56.04996057908818,9175534
2005-03-21,56.83616638183594,57.94937219299034,56.54395350578442,57.74760546440686,4536889
2005-03-22,54.99937438964844,56.77354945225072,54.54713780906529,56.77354945225072,4381613
2005-03-23,54.303627014160156,55.52815352622378,53.71223527431636,53.71223527431636,4130181
2005-03-24,54.317543029785156,54.95763791326664,52.45988168833636,54.547144312426354,4650101
2005-03-28,55.361175537109375,55.6603485332005,54.79761248572606,54.79761248572606,3341041
2005-03-29,54.24797058105469,55.38204511752111,53.61482995882127,54.83936233118304,4047642
2005-03-30,53.294776916503906,54.19926175628582,52.1815710941596,54.12968420276337,4885028
2005-03-31,54.6584587097168,56.69701797720001,54.101855795677146,54.1296844816285,13530341
2005-04-01,56.502201080322266,56.69701354475678,54.68628312041925,54.68628312041925,5076428
2005-04-04,58.21376037597656,59.139113771959416,56.63439785681035,56.63439785681035,44472626
2005-04-05,59.20171356201172,59.765276372389714,56.98225692442486,58.1650398978599,16897738
2005-04-06,59.17390823364258,59.695722396400555,58.24159465740563,58.832986377465794,15469613
2005-04-07,56.87094497680664,59.20867676171352,56.35608519169568,59.20867676171352,1778122
2005-04-08,56.209983825683594,57.87283221674054,55.68120968029666,57.024010715961566,2175690
2005-04-11,54.9019660949707,56.495242792839186,54.693239303559814,56.20998420701136,1514304
2005-04-12,56.82920837402344,57.74760164777716,54.40798443503451,54.97850164566946,7440856
2005-04-13,57.33014678955078,57.865881053423706,56.94748196064237,57.33014678955078,3210614
2005-04-15,56.091697692871094,57.05183966528662,53.37130127669477,57.05183966528662,4316983
2005-04-18,53.82353973388672,54.9645798391963,53.57306993669733,54.9645798391963,2318079
2005-04-19,53.40610122680664,56.21695050369211,52.98169330209991,54.96459532588344,1919181
2005-04-20,52.640769958496094,54.67237504814292,52.063298428417426,53.573083522916974,3439122
2005-04-21,53.357383728027344,53.712219837756514,50.99877753806519,52.18156067782821,2414555
2005-04-22,55.166358947753906,55.521195132997775,53.232160156525396,53.85138053843961,3346112
2005-04-25,56.78746795654297,57.197967377526275,54.289711846370565,54.93676095289895,2967981
2005-04-26,56.314369201660156,56.63441669856735,55.66035986089383,56.356112242515984,1848220
2005-04-27,53.42001724243164,55.79949247854743,53.030392288306054,54.289707459315636,2891515
2005-04-28,52.75904083251953,53.851372063516955,51.207507156884596,53.851372063516955,8120128
2005-04-29,50.08735275268555,53.1556258306562,49.54466420297614,52.863407122658124,5968341
2005-05-02,50.14301300048828,52.03546294237812,49.7533880341273,51.20751572786365,3939974
2005-05-03,50.43521499633789,51.332733629287276,50.122121941075875,50.99181773580286,2398616
2005-05-04,51.110103607177734,51.34666493183006,50.511757722238634,50.650906977503226,1893083
2005-05-05,52.418128967285156,52.91211443818281,51.83369734392825,51.83369734392825,3786260
2005-05-06,52.55727767944336,53.71222644195923,52.18156709382825,52.45987144758026,6351158
2005-05-09,53.19736099243164,53.42000795536942,52.2511391352028,53.1556179713191,2955771
2005-05-10,54.5540885925293,55.138525990959515,53.03038931591216,53.29477349210528,5960438
2005-05-11,54.71412658691406,54.95764223325051,53.43394255832451,54.442782249283056,2481154
2005-05-12,54.50538635253906,54.93675431779288,54.011400927732446,54.46364332583793,1672066
2005-05-13,54.574974060058594,54.96459907112725,53.60787746330358,54.96459907112725,1751865
2005-05-16,55.39595413208008,55.660338299760895,54.56104692634796,54.82543109402878,1342176
2005-05-17,55.17332077026367,56.07779981136559,54.83935900867206,55.6603461496254,1357378
2005-05-18,54.359275817871094,54.95762165164193,54.129674603167494,54.95762165164193,1382309
2005-05-19,54.783695220947266,57.719779326853654,54.01836546211869,55.03416507976311,3630973
2005-05-20,55.305511474609375,55.52119254090228,53.57307949753689,54.261877401734246,1789067
2005-05-23,56.01518630981445,56.216953063698675,54.825442705764665,55.63252139930784,1278420
2005-05-24,55.56294631958008,55.938656994115604,54.867194029037606,55.660352574496564,1636921
2005-05-25,55.298553466796875,55.521194632196064,54.895014164884905,55.25680459890796,1716940
2005-05-26,55.660335540771484,57.02401101427012,54.686279128700335,57.02401101427012,3822489
2005-05-27,55.528160095214844,55.938659570988264,55.24290140939156,55.660355138548844,1556654
2005-05-30,54.227088928222656,55.65338786259715,53.753977926684904,55.65338786259715,1012187
2005-05-31,54.5540885925293,54.97850229934201,53.92095391656533,54.241001299800324,2203206
2005-06-01,55.57686233520508,55.79950354199095,54.686297508061585,54.81849254927932,1529385
2005-06-02,54.56800842285156,56.07779334775588,54.547133990469746,55.93864408954862,1130981
2005-06-03,54.686283111572266,55.10373672414953,54.40798459585545,54.616705563142034,744606
2005-06-06,54.783695220947266,55.93864995038065,54.54713970550978,55.312469464338356,1100379
2005-06-07,56.40480422973633,56.70398306659453,54.992425305673734,55.29855839513153,3635676
2005-06-08,58.3877067565918,58.582519254951926,56.530039608519694,56.530039608519694,5146553
2005-06-09,57.55975341796875,58.38770060983419,56.63439998717767,58.38770060983419,2370516
2005-06-10,56.8570442199707,58.165062586149276,56.564825487419284,58.025913311173596,2027041
2005-06-13,58.96516799926758,59.139106013988,56.09866204275319,57.608446813247134,4993901
2005-06-14,60.384521484375,60.669780132215955,59.13912055511648,59.41741911149661,6914886
2005-06-15,60.3149528503418,60.87851597695398,59.194786689608094,60.391484672720296,4964311
2005-06-16,58.03287124633789,59.96707023115881,57.74761258698349,59.765303477689464,2794704
2005-06-17,57.88675308227539,59.556567590448466,57.68498635943879,58.9860445193548,2850892
2005-06-20,56.37697219848633,58.84689952549433,56.02213600585911,58.443360211545674,4386426
2005-06-21,58.19289779663086,58.42945334230766,56.42568253762993,56.773558683566606,2519049
2005-06-22,58.54076385498047,59.06953807484877,57.78934847295734,58.44335761666243,3453890
2005-06-23,58.22071075439453,58.652078693711616,55.95951057783003,58.58250698672618,2790837
2005-06-24,58.21376037597656,58.65208259565147,57.3371100976245,58.12331423137747,1690111
2005-06-27,58.1302604675293,58.575542716467304,57.61540067756919,58.165049238040346,2963999
2005-06-28,58.1441650390625,59.55654917930504,57.643225512671414,59.55654917930504,3124401
2005-06-29,58.018959045410156,58.72167142114891,57.68499724853461,58.72167142114891,2845315
2005-06-30,59.24348068237305,59.54961376367315,57.608460616638254,58.436407867129944,4743398
2005-07-01,58.6172981262207,59.73050387294854,58.33203367955725,59.41741074236741,2373640
2005-07-04,59.73050308227539,60.03663611832367,58.582508576345816,58.9999621855933,3242998
2005-07-05,60.12010955810547,60.73932975169999,59.14605328718122,59.834851014056326,3965665
2005-07-06,60.1062126159668,61.04548039210578,59.86965710894696,60.22449328897795,3367303
2005-07-07,58.7216682434082,60.391477137423735,58.02591599731917,60.32190541621665,2103832
2005-07-08,59.03474044799805,59.55656033775696,58.31115969897485,59.006911766651356,1649912
2005-07-11,62.94489288330078,63.299729077453605,59.466126014968324,59.466126014968324,7796849
2005-07-12,65.12954711914062,65.36610258304124,59.83485742556578,59.83485742556578,9664204
2005-07-13,64.53816986083984,65.10868713666815,63.31364340957346,65.10868713666815,4304509
2005-07-14,62.0612907409668,64.00939816236242,61.78298634419431,63.87024888347765,2223188
2005-07-15,61.40728759765625,61.78299243941128,59.21565850374141,59.21565850374141,1884355
2005-07-18,61.734283447265625,62.4509101188058,61.504682173110744,61.78298657090445,1718018
2005-07-19,61.32378387451172,62.28392607050663,59.83486746163545,62.06128490960947,1122891
2005-07-20,61.309871673583984,62.339585618954025,61.094184756991375,62.19348209620083,1671059
2005-07-21,61.05938720703125,61.78297382076612,60.40537813813685,61.504669480406015,1282248
2005-07-22,63.28581237792969,63.59194543915456,60.28015081536186,61.08722941668219,5268351
2005-07-25,68.65701293945312,69.44321685592597,63.32058094187341,63.591925139682566,14956606
2005-07-26,70.86256408691406,71.80183168227067,66.17318036073289,68.74051334510798,17188110
2005-07-27,73.49945831298828,75.09969479387519,68.26043261873762,68.26043261873762,13345502
2005-07-28,80.84942626953125,80.84942626953125,80.84942626953125,80.84942626953125,0
2005-07-29,74.36918640136719,77.2148186994958,71.24524970079659,72.77590931671993,20739768
2005-08-01,74.9188232421875,76.51906028960052,73.05420199689878,74.09783612325566,8027338
2005-08-02,72.41410827636719,74.44571334829101,71.80184797341948,74.41788466156672,4864508
2005-08-03,72.7271957397461,73.72212084370149,72.37235957530642,72.50455458539223,3937516
2005-08-04,72.60697174072266,73.56884291173034,72.21091133068501,73.56884291173034,3615865
2005-08-05,70.74687194824219,73.69613152820821,70.30837256611696,72.21089494049576,5891347
2005-08-08,67.62789154052734,71.84314245272805,67.18939200570951,71.4329376142633,5544676
2005-08-09,68.2643814086914,69.96887017850926,67.37323851819862,68.25023703716377,6343788
2005-08-10,69.88402557373047,70.01840605953538,69.0565349965432,69.26871252419639,3123747
2005-08-11,71.70875549316406,73.10205091713247,70.01841032527723,70.01841032527723,7661208
2005-08-12,72.5291519165039,73.55467543739516,71.79360290662756,72.14016085018646,8279920
2005-08-16,71.39756774902344,72.74135500237554,70.5983658059672,72.74135500237554,2300584
2005-08-17,71.2773208618164,72.06944752790574,69.31822076223645,71.39755697042959,3626155
2005-08-18,71.8006820678711,72.42307018292021,71.00855551678411,71.99871518952608,2552676
2005-08-19,70.47105407714844,71.99872999326116,70.01841024060158,71.85727434268965,2181624
2005-08-22,69.5303955078125,72.09773933298546,68.89386295077618,72.09773933298546,1431402
2005-08-23,67.96028137207031,70.28008359015574,67.47227370954809,70.28008359015574,1726301
2005-08-24,69.06360626220703,70.01132695917042,66.48211810079806,67.61372756084396,3373683
2005-08-25,68.53315734863281,70.01131869254546,67.37325333739196,69.59403886633662,3926862
2005-08-26,68.12297058105469,69.16970809041696,67.51472664554029,69.02118913697035,1831929
2005-08-29,66.192138671875,68.15123851818338,65.06759851505117,67.65616164170605,2171587
2005-08-30,67.48644256591797,67.89665334456801,66.5952991057715,66.5952991057715,2452230
2005-08-31,68.15125274658203,68.45537171714821,67.62081185342693,67.62788107476979,2321682
2005-09-01,68.44122314453125,70.05377119580356,68.06637637030303,68.21490123581239,2865648
2005-09-02,68.10880279541016,69.2969896278637,67.68444781144841,69.2969896278637,2236399
2005-09-05,68.53315734863281,69.16261466548897,68.08758283761361,69.16261466548897,1079430
2005-09-06,69.02825164794922,74.26195055700089,68.05223613141936,68.05223613141936,2634203
2005-09-08,71.46827697753906,71.70167403231645,68.6038893348547,69.0282443787043,4781045
2005-09-09,72.642333984375,73.399096808076,70.31546206426269,71.70168237081165,6247169
2005-09-12,73.05252838134766,73.2717751003912,71.99871604069173,72.6423177581461,3539112
2005-09-13,73.34249114990234,73.75270170731767,71.6592217369503,72.70595875436794,4610402
2005-09-14,74.5802001953125,74.96919129904016,72.43721748255697,72.43721748255697,6125124
2005-09-15,75.41474914550781,75.67643487525224,74.2619204651501,74.94088595747148,3572547
2005-09-16,77.2536392211914,77.79822441790334,74.54484574284561,75.52793034639663,5015252
2005-09-19,78.56206512451172,78.98642017040338,76.52516209133852,77.23242247966918,4320250
2005-09-20,82.36711120605469,83.17338229963131,76.68783776723387,77.7982337617416,11115406
2005-09-21,81.54668426513672,83.14508184949925,78.08112221046393,81.19305112324764,11793078
2005-09-22,81.07280731201172,82.39537450309447,79.707801064569,81.05158778383174,7640226
2005-09-23,81.27084350585938,82.60755512141155,77.5365269228431,80.344336547179,4914899
2005-09-26,81.4547348022461,82.84096077521691,81.06574369825154,81.33450464168527,3120997
2005-09-27,83.50579833984375,83.95136703328775,78.58328756341147,78.58328756341147,6772480
2005-09-28,84.78592681884766,85.12540968253236,83.47042849624418,84.09281671409978,7000097
2005-09-29,84.7222671508789,85.42245235421512,83.03192219307871,84.1918203975898,7187004
2005-09-30,85.11125946044922,86.9854872706986,83.52700026984651,84.7293375553223,4617712
2005-10-03,83.93721771240234,86.85111381167425,83.1238714867478,85.49318234042528,3118247
2005-10-04,83.50579833984375,84.58789967374211,82.32468042172798,83.80991731392047,2825509
2005-10-05,79.50977325439453,84.58080159749642,79.00055202844479,83.59771711420684,10156085
2005-10-06,75.60572814941406,79.70781692713278,75.26624530863597,79.49563940970478,13943968
2005-10-07,74.96210479736328,76.65951851261968,73.71733473950859,75.60570638481911,11104060
2005-10-10,75.16724395751953,79.07130038470282,74.65094740360392,75.08237174625724,6405294
2005-10-11,76.17859649658203,76.35541007839032,73.72441400938821,75.79667464887133,5659164
2005-10-13,74.35389709472656,78.01041795464971,73.20107380351007,76.35543655689904,14522700
2005-10-14,71.60973358154297,77.75579477304937,71.04392882729118,77.75579477304937,19069726
2005-10-17,70.7751693725586,72.81914168779143,70.0891344320979,72.81914168779143,10714555
2005-10-18,70.2518081665039,72.41601079426452,69.50918379861129,71.29147041048506,5546101
2005-10-19,70.38617706298828,71.24903154325459,68.0380858375109,70.15985516018405,8462129
2005-10-20,70.28716278076172,73.5263973461098,69.52332485000385,71.24903386681497,10867417
2005-10-21,71.65216827392578,71.97750675665294,69.77086519921095,70.0184066394455,7739671
2005-10-24,70.38617706298828,73.55468963778132,69.79208355201061,71.7158197258466,5321228
2005-10-25,71.28439331054688,71.85019805054839,66.1284920527204,69.79208145393865,4147797
2005-10-26,72.25333404541016,72.79791925648988,70.72565826930905,71.29146301313656,4893894
2005-10-27,67.88249206542969,72.49380234002638,67.0620707123641,72.49380234002638,7405183
2005-10-28,68.67460632324219,69.3111387886282,66.83573673508239,68.18659869333284,6118073
2005-10-31,70.52763366699219,70.72566088299975,68.81606906007059,68.88679688148791,3964900
2005-11-02,70.64786529541016,71.39048369344724,70.38617947341854,71.22074522829813,2836245
2005-11-04,70.64786529541016,70.64786529541016,70.64786529541016,70.64786529541016,0
2005-11-07,70.6620101928711,71.56729784175222,70.0184083679073,70.72566285971217,3068169
2005-11-08,71.39047241210938,72.1401658481786,70.584201475109,71.56729194135187,6120983
2005-11-09,71.5036392211914,72.69183212918053,71.00856230525717,72.1401717721356,7314554
2005-11-10,71.24195861816406,72.28162674658583,70.89540653237945,71.71582197185526,5244481
2005-11-11,72.8615951538086,73.2576556007552,71.29147993942922,71.43293561062126,8131590
2005-11-14,74.53068542480469,75.23793970076785,73.25762060543235,73.25762060543235,6549878
2005-11-16,75.40770721435547,75.81791793918657,74.26195318321247,74.54485856408708,4060666
2005-11-17,77.14755249023438,77.37387439644617,75.37941037212956,75.67646009985772,7133610
2005-11-18,76.19274139404297,77.93966363046631,75.11064036657554,75.3793953508204,4906544
2005-11-21,73.89417266845703,76.5180940902142,73.55468981343995,76.5180940902142,3658215
2005-11-22,73.547607421875,74.89846948830971,72.96058318796918,73.55468257745453,5096327
2005-11-23,74.67215728759766,74.79946262026725,72.84743169124297,72.96059264645305,5232980
2005-11-24,76.22103118896484,76.9070719366701,74.01439004507661,74.61555860981707,12057974
2005-11-25,77.04853057861328,78.50547849089787,76.13616786058324,77.0909696427977,5417775
2005-11-28,76.24226379394531,77.09097389807944,75.83912827514173,76.94951825703457,4758330
2005-11-29,75.94520568847656,76.51101038360802,75.28038442975544,76.14323881565585,2517900
2005-11-30,76.10787963867188,78.33574058681285,75.76132758010635,76.51101513803323,4928572
2005-12-01,76.46153259277344,77.06270143399428,75.9593803546276,76.38373552908179,4395578
2005-12-02,76.9778060913086,78.64693146140371,76.66661201847054,77.06267234573723,7011680
2005-12-05,75.35820007324219,77.64264488440003,75.06115624464702,76.6666293184319,4567997
2005-12-06,74.95503234863281,75.81788657752064,74.26192246516281,75.06112404840196,6823663
2005-12-07,76.73026275634766,76.94950947809997,74.12048601296384,74.96919008473813,11556143
2005-12-08,76.4120101928711,77.30315352059067,75.54916155762065,76.94952625230319,5751586
2005-12-09,77.69921112060547,77.92553302169668,75.98057732933981,76.34127971405822,5942937
2005-12-12,79.44613647460938,80.06144953592765,77.92553577691793,77.92553577691793,8327126
2005-12-13,79.55223083496094,80.59896821519605,78.95813135232407,79.49564738805232,5947128
2005-12-14,80.85356903076172,81.284999212301,79.4956376969071,79.4956376969071,6701964
2005-12-15,79.55928039550781,81.26376950523155,79.0854230804762,81.0233032702455,5384505
2005-12-16,82.96826934814453,84.02208176097794,78.85910548591308,79.89170430224611,14435905
2005-12-19,82.72779846191406,82.92583158841418,80.70504594181463,81.98518017307171,25206769
2005-12-20,81.34158325195312,83.01778395752908,80.95966725944751,82.74902298306907,11407082
2005-12-21,81.34866333007812,83.58359378237382,80.5565366070966,81.19306329978356,15856588
2005-12-22,81.12940216064453,82.41661166081435,80.70505305499982,82.01347615235501,7822760
2005-12-23,82.1902847290039,83.88062963409057,80.76870077011621,82.04175988013606,12707497
2005-12-26,79.14908599853516,82.60756700900413,77.86895169535555,82.32466761428088,11381793
2005-12-27,81.78716278076172,82.04177345779631,76.54638875341604,79.14202162151416,15354262
2005-12-28,81.53961181640625,82.97534615677941,80.94551832742668,81.33450945443875,16197670
2005-12-29,81.17183685302734,82.38124331324974,80.81113449390489,81.47595577312538,15161883
2005-12-30,82.756103515625,83.52701070711218,81.19306366208735,81.19306366208735,11976888
2006-01-02,84.44645690917969,86.27117683945377,83.13095838477982,83.13095838477982,56324939
2006-01-03,85.79022216796875,86.0731215573742,81.27792289359851,84.44643522945954,25631985
2006-01-04,86.80867767333984,87.84127061857426,86.00240663214403,86.42676168609987,28841323
2006-01-05,85.514404296875,87.40277668965967,84.09282011861305,87.40277668965967,12662963
2006-01-06,84.89199829101562,86.24992951659696,84.11401611775136,85.69119999453363,3684637
2006-01-09,83.62603759765625,85.39418005596879,83.03901912115091,85.01226399157724,6832584
2006-01-10,82.78438568115234,84.16353663755179,82.33881702975687,84.01501771077584,5573777
2006-01-12,81.73057556152344,83.03192951393542,81.47596489623726,82.74902415820213,4564934
2006-01-13,82.6075668334961,83.72503190489897,81.75886271559608,81.90031241265717,4631814
2006-01-16,81.09404754638672,82.74902277869072,79.91999894619042,82.74902277869072,3915494
2006-01-17,79.83512878417969,82.59343080094919,79.36834058184962,81.30622121461208,4780369
2006-01-18,79.09249877929688,80.20289457969544,77.09096577322448,79.21273487440621,10644320
2006-01-19,80.56359100341797,81.24963179655411,79.63708395556806,79.63708395556806,8697727
2006-01-20,81.97103881835938,82.74902109844147,80.6414020957334,82.74902109844147,11771523
2006-01-23,80.72627258300781,81.893246064217,79.92000150685377,81.47596614846601,5793199
2006-01-24,81.06575012207031,81.75886613124628,80.64140101315894,81.23549451406181,9388269
2006-01-25,84.45349884033203,85.69827506474584,81.08695952970281,81.20012046505562,33462792
2006-01-27,87.63617706298828,87.89786290376782,85.01225536925293,85.62049332171257,15378374
2006-01-30,86.94306945800781,87.69983231007468,74.97628387178861,85.01225786645037,6409738
2006-01-31,86.1792221069336,87.67153404872029,86.00240848656176,87.67153404872029,3051284
2006-02-01,83.48456573486328,87.68567100731754,83.2582438450929,87.68567100731754,4793129
2006-02-02,82.03469848632812,86.00240697931781,81.49010732185734,86.00240697931781,7019892
2006-02-03,80.76162719726562,82.0417614880249,80.0755863780878,82.03469226776879,3851045
2006-02-06,86.03776550292969,86.61771460611656,82.04176257036615,82.04176257036615,31145774
2006-02-07,88.93753051757812,89.82159868341309,85.153704522522,85.77609278485457,26305323
2006-02-08,87.57251739501953,89.11433762400429,85.86095276672731,87.8554168131534,15208583
2006-02-10,85.40831756591797,88.12418668009715,84.48181623929992,88.12418668009715,6663134
2006-02-13,86.21458435058594,86.85111099739949,85.58512098901772,85.64877958923289,2404468
2006-02-14,84.37571716308594,86.42676468315284,83.95843725095718,86.21458714881716,3471842
2006-02-15,84.63033294677734,85.71950943940908,72.39479271651405,72.39479271651405,2762991
2006-02-16,84.5595932006836,85.13954227056384,81.4759531642247,81.4759531642247,1714861
2006-02-17,83.01778411865234,85.47196119125836,82.74902314367071,85.01224815518721,5439241
2006-02-20,83.70382690429688,84.14939557323316,80.84650830414004,83.73918488054314,3399918
2006-02-21,83.93013763427734,84.74347781918502,83.45627433773352,84.14938436124842,2612780
2006-02-22,84.06452178955078,84.44644371984052,82.89754833597392,83.88063894860936,3175155
2006-02-23,83.2299575805664,85.1536937011166,82.48026407246807,84.44643925832713,4755921
2006-02-24,83.99378967285156,84.30497780747716,82.49440276005605,83.17336840283896,3429019
2006-02-27,84.38985443115234,84.63032070033212,83.8381940754614,83.99379408648375,1474269
2006-02-28,87.02792358398438,87.55837036409386,84.38985780249658,84.38985780249658,8610684
2006-03-01,87.21180725097656,87.69981493621759,79.21273817757935,84.87079132851599,6383509
2006-03-02,87.75640106201172,88.95166320187703,86.04483653337635,87.6998176203592,10600375
2006-03-03,86.5399169921875,88.25147553787433,86.15092587402836,87.69981519082924,2557016
2006-03-06,86.75916290283203,87.54422028754075,86.32066350458211,86.99255994572742,2491681
2006-03-07,84.99807739257812,86.80865209132085,84.47470591789828,86.5681858810856,5499109
2006-03-08,83.675537109375,85.29515450518929,83.45629034036365,84.16354487521438,3338764
2006-03-09,85.11832427978516,85.50731538523583,82.04175934313588,84.3049781619277,4149381
2006-03-10,86.90061950683594,87.13401656828594,84.1635371119488,85.39416321297504,5792638
2006-03-13,85.60633087158203,87.40983668381419,85.04052617401504,86.992556832271,2788115
2006-03-14,85.8468017578125,90.52883959249823,85.15369170783912,85.57804673779293,5572149
2006-03-16,86.39845275878906,86.74501071403472,85.38707951357742,86.74501071403472,3476638
2006-03-17,85.74071502685547,86.6389274260484,85.57804579834335,85.71949549493068,1955629
2006-03-20,85.7548599243164,86.14385104394653,85.30929129992077,85.74071554812502,1416112
2006-03-21,84.61618041992188,86.14385623817401,84.16353661237069,86.14385623817401,4343823
2006-03-22,83.84525299072266,84.5878711867242,83.18750103644011,84.30496590773048,2467459
2006-03-23,83.80992889404297,85.42247728556163,83.52702348068462,84.57376698102179,2460348
2006-03-24,84.67985534667969,84.87081932581589,83.17339866571412,83.4563040875762,2191150
2006-03-27,84.7222671508789,86.28530085172697,84.58788667358876,84.87079200437852,2584329
2006-03-28,83.82405853271484,85.43660664064375,83.4562869020086,85.15370127703838,2302861
2006-03-29,84.65861511230469,85.05467545568075,83.45627783479607,84.02208256500009,2020623
2006-03-30,83.27238464355469,85.54975375511611,82.62170775453714,85.05467093280572,3223192
2006-03-31,83.32191467285156,84.72935460270538,83.17338978739336,84.16354975491326,2313729
2006-04-03,85.43661499023438,86.56114952679447,83.73919451378413,84.72935447986853,4453779
2006-04-04,86.81573486328125,88.83141204913011,86.56112425781247,86.56112425781247,6043884
2006-04-05,87.96856689453125,88.40706628042042,86.28529716453298,86.9925574935176,5787578
2006-04-07,84.82836151123047,88.12417956704833,84.47473426366304,87.69275527470153,4346633
2006-04-10,84.51009368896484,86.14385528473328,83.18752025579327,84.58789072961406,2637255
2006-04-12,82.40245819091797,84.72932956900651,82.04175585216717,83.76746457971502,3715563
2006-04-13,79.68659973144531,82.66415428319581,79.24810030730679,82.66415428319581,5578006
2006-04-17,82.14078521728516,82.72780951978996,80.061448982164,80.62725375098371,2368751
2006-04-18,82.96119689941406,84.16353420465104,82.46611997489312,82.72779984602639,3976390
2006-04-19,83.1804428100586,84.12109423211375,82.62170733280787,84.12109423211375,3323903
2006-04-20,83.26532745361328,83.45628545457959,82.32467589085253,82.89048067271607,1504860
2006-04-21,83.68258666992188,84.58787409699673,82.7490045591015,83.73916416634776,2596473
2006-04-24,80.49286651611328,83.88062537436286,67.89662685102553,83.88062537436286,5397584
2006-04-25,79.18443298339844,81.49716578233766,78.7883726986375,80.76869192904,7109971
2006-04-26,80.27361297607422,80.61309578011992,79.21273143925626,79.21273143925626,2768062
2006-04-27,80.08267211914062,81.7376533682288,79.39663120928246,80.34435794940681,3150796
2006-04-28,81.58911895751953,81.90031304187148,73.69613558076287,77.939674009465,2842856
2006-05-02,87.97564697265625,88.52730732978637,84.8849375028547,84.8849375028547,8920813
2006-05-03,91.81605529785156,92.28284348830731,87.00671181447419,88.52731249552777,11488642
2006-05-04,93.34371948242188,94.036829492968,84.87078748371927,87.00670095271501,12653646
2006-05-05,90.27420806884766,94.04388824631472,89.90643656453335,93.37199194837125,6129673
2006-05-08,89.75794982910156,92.43845506841976,89.3477450317701,91.79485317890673,3909999
2006-05-09,90.40861511230469,90.81175063545392,89.04360852313704,90.81175063545392,4833625
2006-05-10,93.4639663696289,94.77239552766034,89.970121005129,90.5288506455435,13780811
2006-05-11,93.71858215332031,95.47964919802357,91.8019150810575,93.074974379589,5255305
2006-05-12,89.97010803222656,92.66475707090937,89.41137253684263,92.66475707090937,4299960
2006-05-15,87.6008071899414,90.52884766072576,86.43383372133063,90.52884766072576,2900359
2006-05-16,87.50179290771484,88.41415573381443,84.44644702353607,86.99257156145212,3132288
2006-05-17,88.55559539794922,89.92060190382507,87.70689127198749,88.4070705436342,5821035
2006-05-18,83.98670959472656,88.5485167882476,82.18320387305239,88.5485167882476,5036185
2006-05-19,78.56913757324219,87.48764531742187,77.79823042544126,84.87079898613008,4054176
2006-05-22,78.24378967285156,83.73917343000633,69.59404394608949,82.7490137132235,6576795
2006-05-23,81.66693115234375,83.45629301782819,74.26195409212194,79.19860942262619,4294323
2006-05-24,80.47167205810547,86.68845625164124,78.12358042201159,81.66693444533793,8891932
2006-05-25,79.06422424316406,80.91016351500583,77.23242934937231,78.94398812643759,14364663
2006-05-26,79.74319458007812,82.01348906587356,79.36127260866824,80.91016815929878,3508323
2006-05-29,80.52822875976562,81.24963347433685,79.37540574443832,80.2028962452818,1697663
2006-05-30,80.61311340332031,81.32037385134927,79.24103751228814,81.24964602588612,2842136
2006-05-31,76.03009796142578,80.44338168483715,74.9692101680924,80.44338168483715,7296789
2006-06-01,75.57744598388672,77.93968169880144,75.13187137779164,76.66662241880731,4351248
2006-06-02,78.07405090332031,78.36402544220233,74.96919129375777,75.25209661260031,3278225
2006-06-05,76.11495208740234,78.78838156876508,74.96919235572312,78.22257685859836,3347795
2006-06-06,76.76563262939453,78.33574151652776,72.37356927770647,75.25210124819512,3471418
2006-06-07,75.42890930175781,76.90707666510613,74.1204863147754,74.13463069021704,2481330
2006-06-08,70.56297302246094,75.18843243112501,69.34649161539022,75.18843243112501,6604609
2006-06-09,70.7751693725586,72.28162567587614,67.75518754508192,70.15985631818289,9293328
2006-06-12,67.0761947631836,71.43289899515854,65.77484717822792,71.00854407017064,5718999
2006-06-13,65.01810455322266,65.90217865414687,61.531334248233456,65.77487331317349,3489068
2006-06-14,63.82283401489258,67.89663407763192,62.39417482084602,65.77486481916219,5132039
2006-06-15,68.25733184814453,68.83728092545466,65.19491130334853,65.64047990914864,4313083
2006-06-16,71.67337799072266,74.24779080995376,69.31114267184098,69.31114267184098,4637831
2006-06-19,70.86711120605469,72.09773721892007,69.73549582599374,70.44275618047351,2675838
2006-06-20,69.37480163574219,69.9759702854665,68.05222823213528,69.7354980771499,2640302
2006-06-21,69.93352508544922,70.71150727737107,69.06360148611107,69.97596414697449,2101368
2006-06-22,72.45845031738281,73.76687960317787,70.71152746455185,70.71152746455185,3860010
2006-06-23,71.86434173583984,72.11188316206363,69.02824290706694,71.99872221515184,4443021
2006-06-26,69.41722869873047,72.56452137354279,68.82313525697958,71.71581136915601,3908701
2006-06-27,70.52763366699219,71.55315146434025,68.03808676661545,70.72566088299975,5083622
2006-06-28,69.15554809570312,71.58143626137065,68.6038877386409,70.30130193901176,7386923
2006-06-29,67.76225280761719,71.0085622875355,65.87388062314761,69.73549718596483,35283220
2006-06-30,69.01410675048828,71.43292598852707,67.18938107061186,69.93353881171284,6215121
2006-07-03,69.183837890625,73.32129063091507,68.60388877203741,70.58420833673352,2698173
2006-07-04,69.36065673828125,70.58420762563163,69.03531827297878,70.07498039521322,2212468
2006-07-05,70.71150207519531,71.24901797588403,69.02823250167842,69.59403715094743,3133883
2006-07-06,69.86972045898438,71.22956037511513,69.35888230749383,71.0856639201303,3979981
2006-07-07,71.79792785644531,72.52461343789241,68.6393683381097,70.68272018030089,36123329
2006-07-10,70.94175720214844,71.66125151063383,70.07837248545198,71.37345257959882,2956860
2006-07-11,70.2150650024414,71.22954965094718,69.7905672031351,70.58200664370118,1666175
2006-07-12,70.26542663574219,71.37344301248851,66.90540792737407,69.79056419948047,2535753
2006-07-13,71.33747863769531,71.66125319750674,69.38766393016675,70.22227058486726,4197754
2006-07-14,69.92008209228516,70.79786190222164,67.99184794155836,69.38766342046513,1766127
2006-07-17,68.67535400390625,71.94903233019718,68.38036362106311,71.94903233019718,1676587
2006-07-18,68.00623321533203,68.78328365663971,67.26515839376894,68.63938721586541,1755897
2006-07-19,67.30831909179688,69.34447357977866,66.92698846186819,68.50986713195555,2275185
2006-07-20,70.80506896972656,71.21517782867062,68.66817834065361,68.66817834065361,3411996
2006-07-21,69.75457763671875,70.71149989762245,68.79765537581507,70.71149989762245,1651039
2006-07-24,74.08592987060547,74.53920576057442,69.21497720897652,69.93446543225595,11686092
2006-07-25,78.05030822753906,78.42444736717896,74.81979711787473,74.81979711787473,16150211
2006-07-26,77.77690887451172,78.98565455203092,76.31633992288363,78.4244518487045,8596362
2006-07-27,78.2229995727539,79.43173931008998,77.1437611949139,77.84886038139395,13933392
2006-07-28,78.07190704345703,78.55396706243621,76.59694890609791,76.59694890609791,5693831
2006-07-31,79.69795989990234,81.73412096966364,78.35970658804229,78.4100712521652,7875329
2006-08-01,79.09357452392578,79.71953091421881,77.97836666757945,79.71953091421881,3499545
2006-08-02,78.85614013671875,79.48929406418617,77.85605062953145,79.1439390232594,2697601
2006-08-03,80.2375717163086,81.42473088122323,79.18711144632451,79.4317371952675,5078667
2006-08-04,78.71223449707031,80.84192668588004,77.99274642226003,80.23755694456752,3687887
2006-08-07,81.71251678466797,82.16579866412134,76.98546710632893,79.431730425473,9098556
2006-08-08,85.69849395751953,86.26689419655747,82.00750928761067,82.02189832631748,27269462
2006-08-09,84.94303894042969,87.14468285377812,84.32428002118392,85.11571949913326,22971404
2006-08-10,86.23091125488281,87.05832619675664,84.03646529355768,85.18764867433741,18868982
2006-08-11,84.1084213256836,86.62663586982173,83.74867725340718,86.3388430272819,2737784
2006-08-14,82.99320220947266,84.95021998312738,82.74138499771941,84.10841600887659,2402438
2006-08-16,85.0005874633789,85.74885366215935,83.46087587578332,84.18036399881137,3475763
2006-08-17,85.11571502685547,86.33884979909193,84.75597092636328,85.33156269479154,3639988
2006-08-18,84.66242218017578,85.61934450378253,83.20905088824347,85.1876492236557,2659954
2006-08-21,85.5689926147461,85.90715618195289,83.79905015574457,85.18766192836995,2504865
2006-08-22,85.64093780517578,87.022357979511,85.2596071457222,86.05104654204384,10093451
2006-08-23,84.98619842529297,86.05104157195623,84.34584699148402,85.33155344892995,2452884
2006-08-24,84.77754211425781,85.18045932681201,83.46087571183726,84.89985799326978,3681562
2006-08-25,84.74877166748047,93.24595516591245,84.33866291818664,88.06562331699449,2970583
2006-08-28,84.57611083984375,85.18767835613343,84.194786118136,85.18767835613343,1591029
2006-08-29,85.66254425048828,85.92155908369992,84.8782961725239,85.18767567199389,3442532
2006-08-30,85.46107482910156,86.19495211023509,85.02937946927995,85.77045428963224,1836774
2006-08-31,85.97190856933594,86.72017485275543,85.47545953453836,85.76325240102163,19990437
2006-09-01,87.72028350830078,88.05124958072548,84.68403268990272,85.60497966075243,9413695
2006-09-04,89.61253356933594,89.93630207096153,88.51171462560487,88.92901490809916,6017148
2006-09-05,88.23110961914062,89.91471179661401,87.92173017050007,89.91471179661401,1484835
2006-09-06,87.84257507324219,89.20241470273562,87.23100772071169,89.00095608529905,3578580
2006-09-07,87.36053466796875,87.8497862104459,86.62665131604874,87.8497862104459,2158926
2006-09-08,87.25980377197266,89.05853045988749,86.49714235204466,87.49004049819196,2612945
2006-09-11,85.87117767333984,87.59076145453558,85.33875303048521,87.38930282878479,3521853
2006-09-12,87.02235412597656,87.41807380661407,84.19476020923373,85.33874609873297,7810198
2006-09-13,90.90760803222656,91.30332774911763,87.072726755422,87.072726755422,10547366
2006-09-14,93.5841064453125,94.25323596920731,90.90760042613962,91.3752713390466,8227593
2006-09-15,93.04450225830078,93.51936473201711,92.23867374934495,92.82865458148355,3872346
2006-09-18,92.62001037597656,93.89350390109875,91.71345249056188,92.82866052704196,4446684
2006-09-19,93.06609344482422,94.10935022318426,92.25306735650265,92.39696380210331,3611426
2006-09-20,93.70642852783203,94.39713863560682,91.30332615155325,91.51917381500832,3338824
2006-09-21,95.46197509765625,96.37573034267871,94.05896840391485,95.69221178390083,4742067
2006-09-22,94.23884582519531,95.40442439937122,92.16671553053249,95.40442439937122,2230189
2006-09-25,94.7784652709961,104.23976229042208,82.97882570827213,82.97882570827213,5763840
2006-09-26,97.59890747070312,97.85072480459125,91.51920713964107,91.51920713964107,6092229
2006-09-27,99.03784942626953,99.86526447251954,95.15260351647396,95.15260351647396,5421861
2006-09-28,101.9949722290039,102.58495311930834,97.90106954318087,99.30407656171245,14413206
2006-09-29,100.67110443115234,114.42056669293196,99.90844903200744,114.42056669293196,4789752
2006-10-03,100.40486907958984,101.87982091583447,99.50550894019715,100.7286435603336,4182777
2006-10-04,100.016357421875,100.44085521059203,97.21754137068807,97.21754137068807,3915950
2006-10-05,101.57044982910156,102.13885003899092,100.15305411162427,100.15305411162427,5169428
2006-10-06,101.08122253417969,102.0093731232886,100.72867590314839,100.72867590314839,4521654
2006-10-09,100.52720642089844,101.3042568871108,100.05234392438096,100.311358733717,2125854
2006-10-10,100.08110046386719,101.00924471514863,99.62782464509445,100.59913600923898,2170201
2006-10-11,98.85797882080078,101.1603519446102,98.21044185185151,101.1603519446102,3273600
2006-10-12,99.34723663330078,99.7789259344077,96.74268159609063,99.1457780031953,3099123
2006-10-13,99.99476623535156,101.33301927331598,99.57746600454576,101.30424119633696,3173835
2006-10-16,103.64978790283203,103.9951369250788,99.90843839551682,101.23229644147509,8957861
2006-10-17,104.51317596435547,104.96645182816857,102.59933112113667,104.25414910862659,7381533
2006-10-18,107.13931274414062,107.47027876091559,103.60661341110539,103.60661341110539,8141787
2006-10-19,106.73639678955078,107.49186060633846,105.78667188356692,107.49186060633846,3038629
2006-10-20,106.70042419433594,107.34797325307305,104.51318145601904,107.20407077859642,3453538
2006-10-23,103.68575286865234,106.729188365399,103.46270164699922,106.48456868235593,2707012
2006-10-26,109.26899719238281,110.36982207359834,104.40524842095185,104.40524842095185,13473883
2006-10-27,109.15390014648438,110.08204461363542,108.11064335159205,109.36255633602632,7277193
2006-10-30,113.3773193359375,113.95290517433361,107.79406907560089,109.07476024626243,9588073
2006-10-31,111.83039093017578,114.37737762495688,109.36254093046689,114.37737762495688,8830783
2006-11-01,111.97427368164062,112.94559110681745,110.9669927188704,112.94559110681745,5150524
2006-11-02,112.18295288085938,112.9312192377242,109.3625559443936,109.3625559443936,4346848
2006-11-03,111.19725799560547,112.81611273623092,110.56410393337354,112.81611273623092,4111712
2006-11-06,110.4633560180664,111.95270309497153,110.08922892146533,111.95270309497153,2018571
2006-11-07,110.9094467163086,111.80161545704703,110.08203167141379,111.08931272635988,3431241
2006-11-08,112.96717834472656,114.39896922233021,109.12510572103949,110.90944314506127,6316942
2006-11-09,115.1688461303711,115.80918562977936,113.27658156146305,114.22630657753056,7309329
2006-11-10,119.57210540771484,120.65133768049073,114.68676398750759,115.83794749374994,13156599
2006-11-13,121.01826477050781,122.3133505880872,119.00369085751952,120.84558424621609,7310611
2006-11-14,123.30625915527344,123.75233746544167,120.73048237321211,121.57947791605272,10896765
2006-11-15,126.70226287841797,127.62320972116652,122.47165577178706,123.01846343101616,18135012
2006-11-16,127.68795013427734,133.10571584889922,126.08349086531504,127.4936890620088,33209275
2006-11-17,126.13388061523438,129.49389997859814,125.19853856106606,128.069306353902,19836063
2006-11-20,123.6372299194336,126.63030704982411,120.16928430704338,123.89624470001264,21477918
2006-11-21,125.52952575683594,126.30658244487975,124.05457325711987,126.30658244487975,7457230
2006-11-22,126.63751220703125,128.05490812323197,125.52948970784207,126.61591958974587,8328138
2006-11-23,126.0547103881836,127.70954047497938,125.24169042223926,127.70954047497938,8899544
2006-11-24,125.60147094726562,126.630344914982,125.04746560354472,125.91085651458519,5665951
2006-11-27,127.06924438476562,127.74555965114156,125.63745297543403,126.12670462957199,6174784
2006-11-28,123.93939208984375,126.19858548799226,123.10477968872418,126.19858548799226,9270409
2006-11-29,123.55810546875,126.59435635237664,122.69471464592762,126.59435635237664,6765214
2006-11-30,125.54386901855469,126.38566700035516,123.07601914946348,123.75233413489904,7728704
2006-12-01,126.36408996582031,127.27783920205474,124.56536957050768,127.0619975851799,6799039
2006-12-04,125.29205322265625,127.32101027851905,123.93941115994555,125.47911675932261,2605933
2006-12-05,124.26321411132812,126.4720498551221,123.60847947484726,126.4720498551221,3839627
2006-12-06,124.96829223632812,126.40008329120153,123.94661601030656,124.18405027562032,3293867
2006-12-07,126.50799560546875,127.24186678240096,123.96099683449602,125.62301234775599,4107620
2006-12-08,126.68067932128906,128.28515094832818,125.26328333759228,126.77422318116446,5603856
2006-12-11,118.11874389648438,125.91082885365279,116.44953069121127,124.47184029257504,10370239
2006-12-12,115.68685150146484,119.72318499241362,111.10369833540871,117.97482327722658,8983557
2006-12-13,119.5649185180664,120.83122652591952,115.83795781078999,116.70134853647092,5592785
2006-12-14,125.24169921875,126.12667048130467,120.58659410899148,120.87438699061073,8982847
2006-12-15,125.30646514892578,127.34981775302894,124.63014999965101,126.68788560721445,4618317
2006-12-18,127.65917205810547,128.06927474075957,123.47893608242785,126.6159033914249,6825692
2006-12-19,124.93229675292969,128.05489317332214,122.87456162565302,127.34978802888368,5410922
2006-12-20,122.9465103149414,126.59432165365237,121.759351278056,125.191321008427,6924621
2006-12-21,122.9249496459961,123.65163550262606,120.16930625334724,122.32058573974012,6145573
2006-12-22,123.32067108154297,124.45027427509794,121.73779193311518,123.17678066212831,4264155
2006-12-26,125.62301635742188,126.47202402578296,122.31336822599978,123.44295914353516,5037378
2006-12-27,128.68087768554688,130.74581080257124,126.48642508083566,127.19153037944376,8818518
2006-12-28,129.96871948242188,131.5228199339255,128.93264848928456,129.50824616911746,9961127
2006-12-29,128.28514099121094,130.80334971555834,127.4937015482774,129.96874919216452,2570062
2007-01-02,129.14134216308594,130.4436137249174,127.78150236304782,128.3571002102563,1900998
2007-01-03,128.72406005859375,130.91131548517936,127.54409808230854,130.91131548517936,2606840
2007-01-04,128.14125061035156,130.80336205784357,127.4937135782723,128.78878764243083,6012413
2007-01-05,130.961669921875,132.24236108404446,128.0693094394999,128.0693094394999,10876547
2007-01-08,130.4148406982422,131.95454658267354,129.15573017075855,131.95454658267354,6287116
2007-01-09,131.28538513183594,132.09840492538376,129.96871888031816,130.256511680699,10874688
2007-01-10,127.18431091308594,131.666735061875,125.50790031890737,130.94004934547064,7784364
2007-01-11,128.407470703125,130.94007489686615,125.50792481028351,128.0693070875842,12348913
2007-01-12,139.912109375,140.9913417512075,131.09116264870838,131.6667484187891,12076322
2007-01-15,137.83274841308594,141.595683867246,137.42264576320235,140.7035152678924,3630418
2007-01-16,138.14938354492188,139.5739772420547,136.5736898067724,138.84009381074233,7657237
2007-01-17,142.00582885742188,143.02030750654293,137.13487009627977,138.14216328267568,5444538
2007-01-18,139.76104736328125,143.1786232269221,138.18536562790547,142.00585885120694,6572808
2007-01-19,141.7971649169922,142.74688981472963,137.3003455965046,139.76101019110536,5570653
2007-01-22,140.61720275878906,143.739787300486,138.8616433629952,143.09225034468002,5470146
2007-01-23,138.7609100341797,141.00572085121283,137.4370460060415,140.30061568253714,8061328
2007-01-24,140.23587036132812,143.75418679985142,139.3365161342458,143.75418679985142,4239680
2007-01-25,142.66775512695312,143.8980753651723,139.35089736229023,142.17130609307975,5615687
2007-01-29,137.5593719482422,142.66775259094123,136.746339907512,142.66775259094123,3289594
2007-01-31,135.42250061035156,140.5884504312278,133.99791904664508,139.58115711946527,11605544
2007-02-01,137.07009887695312,137.71045032620017,135.6023445197624,136.84705972719087,4463508
2007-02-02,135.9692840576172,138.6457900432256,135.41527892255132,138.1277484458649,9175600
2007-02-05,136.24267578125,138.09177878958434,134.997960647927,138.09177878958434,3791012
2007-02-06,137.83999633789062,140.5165031143445,136.1995609858869,136.6816150351657,6486381
2007-02-07,141.473388671875,142.44469405610405,138.14214813571394,138.286038520559,10552954
2007-02-08,143.85494995117188,144.61759942355678,141.0273429804881,142.17134134188638,9670144
2007-02-09,143.3440704345703,145.33706411253553,141.28633513614622,143.75418523232892,6356273
2007-02-12,139.0271453857422,142.47351095310123,134.76775974307543,142.47351095310123,7995729
2007-02-13,137.55218505859375,142.3008219737829,136.12759156875538,138.14216590335758,8392224
2007-02-14,131.58041381835938,135.98368963021235,128.24917284048055,134.16337639019667,17280609
2007-02-15,136.6455841064453,137.3794672318924,132.06962899298424,132.38619987089226,8029477
2007-02-19,141.0489044189453,141.86912195858312,135.88295531242227,137.04853396159587,9868732
2007-02-20,139.50198364257812,142.14251402451583,138.87602727681437,141.73959680599978,5139178
2007-02-21,139.4804229736328,142.02742217241726,138.47314177304955,142.02742217241726,4545046
2007-02-22,136.15635681152344,141.30791052318526,135.00517331120892,140.15672702287074,11029672
2007-02-23,130.51559448242188,137.39393174156922,128.43626596042407,137.39393174156922,9874238
2007-02-26,130.0838623046875,132.88267845119242,126.05471382938512,131.49406064812106,8755928
2007-02-27,126.02594757080078,130.08387450600503,123.11920429702944,130.08387450600503,13939706
2007-02-28,119.3634262084961,123.6084273996512,115.33427867608012,122.28456360387983,16790884
2007-03-01,123.08323669433594,123.5365126043682,118.5720219064633,120.87438915343007,5950268
2007-03-02,121.29167938232422,123.60844128517705,120.18365704441777,122.31335541647343,9798750
2007-03-05,118.21943664550781,123.10477696513128,114.14711609751903,123.10477696513128,11465025
2007-03-06,122.01117706298828,123.59405588991834,119.43540019992132,121.59387681682917,8302492
2007-03-07,119.24114227294922,126.99005360674077,117.70862202290782,126.99005360674077,9563603
2007-03-08,124.18402099609375,125.02583099710847,118.57199457734731,119.57928756348413,8394276
2007-03-09,123.55085754394531,126.44321682852106,121.73774238598055,125.42873845979896,8524791
2007-03-12,125.0042724609375,126.58715151945034,123.11920542420532,124.47184774832373,9244818
2007-03-13,126.28491973876953,126.77418319651233,124.66607769625531,125.37117065779381,6116357
2007-03-14,119.34907531738281,122.28459650054546,117.57193526714462,122.28459650054546,5674245
2007-03-15,118.55762481689453,122.65871221437703,117.29131694332389,120.15488662125922,9352101
2007-03-16,116.55742645263672,119.43539102871837,115.27673565805613,118.38493691716808,6848446
2007-03-19,118.36335754394531,119.14759936629473,114.90260972638305,119.14759936629473,5132853
2007-03-20,118.57199096679688,120.29157445216428,118.017985879494,119.98220110444711,5085140
2007-03-21,125.2704849243164,125.86766334160127,118.85983197770535,119.14762487684217,12066664
2007-03-22,129.45068359375,142.4590733765787,126.34249463158132,139.63147969112853,12518187
2007-03-23,128.29953002929688,131.95453947068017,125.19134034594273,125.19134034594273,12402808
2007-03-26,126.01154327392578,130.54432591051798,125.191325808535,129.36436436649637,8343780
2007-03-28,123.44293975830078,125.19130119180822,122.52917862643173,124.63009860726997,5831386
2007-03-29,123.07601165771484,125.00423926759775,120.44267895255209,123.67318991591593,13905226
2007-03-30,122.79539489746094,124.26316112488641,115.64366349837462,115.64366349837462,6693731
2007-04-02,115.68685150146484,119.39221900266114,115.12564882651091,118.08275011990402,10064664
2007-04-03,116.25526428222656,117.21937220320247,113.82337771025817,116.26964728362799,9205817
2007-04-04,118.13314056396484,119.70162447029617,117.42083777487383,117.56474025583967,4702060
2007-04-05,120.68013000488281,121.43559389264912,116.70135191912571,118.42813342053931,4127128
2007-04-09,123.50055694580078,126.99008400067261,118.71594357652768,126.99008400067261,3719144
2007-04-10,123.42858123779297,124.3279475620761,120.66574064228192,123.50053247596088,5542872
2007-04-11,123.68036651611328,125.45751816429107,122.63711006164714,123.46452493382554,3734764
2007-04-12,122.20542907714844,123.01126350802812,120.09732331057249,120.87436758914404,4180379
2007-04-13,125.68779754638672,126.48642254109402,122.4572736399107,124.3279576788658,5022996
2007-04-16,127.8174819946289,128.61611905117627,126.34252982470495,126.77422520455734,3730963
2007-04-17,128.64488220214844,129.36437039292738,126.93249596058799,129.36437039292738,5133309
2007-04-18,129.35719299316406,131.09117212083092,128.2132068332524,128.78879264492264,4467380
2007-04-19,130.2493133544922,131.23501365285935,125.93237306931165,128.78874467342928,5605633
2007-04-20,131.91134643554688,132.53010520664975,129.93994575186284,130.37162893065636,5456390
2007-04-23,132.03367614746094,133.0337717148374,129.8464214686374,131.66673452147094,3498363
2007-04-24,136.71755981445312,137.99825070651053,130.22775904370386,130.22775904370386,12207998
2007-04-25,138.55947875976562,139.7106624730745,134.54472480482528,137.42269012630214,11063739
2007-04-26,138.35081481933594,143.13541502683177,137.4298559041988,138.8904249372871,11903221
2007-04-27,134.56625366210938,138.81844026639533,133.82518509212352,138.81844026639533,6855590
2007-04-30,124.59416961669922,128.06930117306064,121.17658214838993,128.06930117306064,22083963
2007-05-03,125.17694091796875,129.22047241971924,124.42147708372796,129.22047241971924,12229816
2007-05-04,123.15518951416016,126.46485034640503,122.6011842208695,126.46485034640503,12527520
2007-05-07,121.41400146484375,125.83167203296568,121.01828174920935,125.83167203296568,8966732
2007-05-08,120.84561920166016,123.752362575145,120.44271396364384,121.59389766456718,8150774
2007-05-09,122.21981811523438,122.66589638428631,118.90296086620278,121.59386178517403,8968773
2007-05-10,121.29889678955078,123.75235193515913,121.02548691021089,123.60846153267084,6196745
2007-05-11,122.09031677246094,123.7523321715263,118.30578845427814,120.1548794613139,9460143
2007-05-14,125.2488784790039,125.72373485291332,122.60115054057681,123.04724091457136,5834378
2007-05-15,127.61601257324219,128.05490545559937,125.19133560287901,125.19133560287901,9449599
2007-05-16,132.18478393554688,132.9330502322995,127.61601322622896,127.61601322622896,11380539
2007-05-17,134.98353576660156,137.3506554620712,134.02661375392213,134.54464309119163,12869813
2007-05-18,136.86866760253906,137.40828985380156,133.82523143630686,133.82523143630686,9256445
2007-05-21,135.69589233398438,138.71774771145903,134.58788191595244,137.42267373620294,10562799
2007-05-22,133.6165771484375,136.12760071523962,132.98342310192203,135.8110297301864,8586699
2007-05-23,132.07684326171875,135.98366942769223,131.37893565804228,135.98366942769223,5731957
2007-05-24,131.1343231201172,133.82522462337866,130.24215431188622,130.94725955717476,5603114
2007-05-25,131.33578491210938,131.98333401147337,126.81018706165234,129.50828616892008,5705348
2007-05-28,132.78915405273438,134.55191113727818,131.81065099702832,132.2207537451428,5430370
2007-05-29,132.47254943847656,133.96908172279993,131.9545078849137,132.81789839777997,4301231
2007-05-30,131.47250366210938,132.6668605866767,130.6738665323269,132.21358462300927,3620303
2007-05-31,132.26393127441406,133.52304179405698,130.94726459110058,133.52304179405698,6080646
2007-06-01,133.88998413085938,135.0915264163432,132.6884297689668,133.10574214865605,6785971
2007-06-04,134.3072509765625,135.4080757391021,132.68839671466583,133.88995077723658,4030059
2007-06-05,135.12750244140625,136.8039132755392,133.42951106482826,134.36484099930624,8797184
2007-06-06,131.11996459960938,135.40812888063326,130.94728400658582,135.40812888063326,4585625
2007-06-07,130.81776428222656,132.94745114126192,129.5082950674281,130.94727169571613,3529416
2007-06-08,130.0047149658203,131.58039619349304,127.78148473979509,129.5082659668596,4199002
2007-06-11,129.78887939453125,132.6740420219788,129.50828404798196,132.38623705968214,2286124
2007-06-12,132.29270935058594,132.86110967693202,128.93269016943407,129.93998341566873,3703485
2007-06-13,131.5156707763672,134.73898515523442,130.94727042467505,132.54454461075463,6956130
2007-06-14,131.7920684814453,134.5782078999417,131.1664645837943,133.1233006330759,5188738
2007-06-15,132.20672607421875,134.25085152266087,131.3774348779464,133.07239086953842,8945095
2007-06-18,133.66893005371094,134.73828237326106,133.1233381486324,134.73828237326106,4568426
2007-06-19,137.5098419189453,138.20091591237764,133.8798689003856,134.14174905747558,10285154
2007-06-20,137.94631958007812,139.91769801561057,137.63351148288817,138.21546470230612,8112236
2007-06-21,138.20819091796875,138.7974212622271,136.5787049137208,138.7974212622271,7307657
2007-06-22,138.87744140625,140.6524095471405,137.8226314542421,138.2081867200115,11634111
2007-06-25,138.59373474121094,138.94291642045562,135.30566627667375,138.94291642045562,6185190
2007-06-26,137.6189422607422,140.3978046021653,135.30565953846062,140.3978046021653,4327708
2007-06-27,136.47683715820312,137.9244549059404,136.06946267662835,137.4152368039719,2839446
2007-06-28,137.17515563964844,137.92442218837888,136.06943039909632,137.05148056636415,5482988
2007-06-29,139.00839233398438,139.5321526649836,137.35707476485598,137.35707476485598,8751396
2007-07-02,138.24456787109375,142.79839864100296,137.48801162184085,142.79839864100296,3542055
2007-07-03,140.6451416015625,141.8454337141578,137.57530270437914,138.6519196988869,8102682
2007-07-04,143.4458465576172,144.61703021432768,139.45941431308265,141.85272176636806,8392994
2007-07-05,146.02098083496094,146.79935627397688,141.1398004104842,144.1805427626186,18789859
2007-07-06,142.79837036132812,146.94483795663461,142.1654893648867,145.48993083389485,28157486
2007-07-09,141.22711181640625,143.11847810445937,138.6010207327242,142.56562132210684,12936533
2007-07-10,140.24502563476562,141.9908970697705,139.69943394320094,141.22707602758067,6319021
2007-07-11,138.73194885253906,140.71061650030487,138.28820070642172,139.67036085809704,5894850
2007-07-12,140.78334045410156,142.1582233361031,139.25569823410086,140.252303036768,6348562
2007-07-13,141.4889678955078,144.2169021601252,140.783339660153,141.99818603597038,12951504
2007-07-16,141.25621032714844,142.42012899916594,140.59423272712638,141.48899406155195,5022682
2007-07-17,141.66357421875,143.84592919526003,137.92448042533172,137.92448042533172,9871235
2007-07-18,143.0675811767578,143.5986187512636,140.41239330422897,141.85273443452874,5572512
2007-07-19,143.97686767578125,145.47541359936082,142.80567194254616,144.03506055184175,10105909
2007-07-20,143.43130493164062,145.99920347037582,142.8857130305758,144.67524811686536,9280810
2007-07-23,141.13986206054688,143.01667454964672,139.13209723917674,143.01667454964672,7860440
2007-07-24,141.07435607910156,144.20238830781693,140.5651378388442,141.12527179812503,7359896
2007-07-25,139.4376220703125,140.9361684552351,138.50648692667153,140.87069839701059,6353171
2007-07-26,137.42251586914062,140.74696958449007,136.92785208180234,139.81582266655747,8569929
2007-07-27,133.03604125976562,136.01857923943817,131.0864697232924,135.30568587356777,17124558
2007-07-30,134.28721618652344,136.7605474971532,131.1228109599831,132.3958502119251,10306378
2007-07-31,134.9346466064453,136.46956592981536,131.6683978711225,135.42203324737255,10873538
2007-08-01,129.6315460205078,133.85074903907537,128.7731584197307,133.85074903907537,25683757
2007-08-02,131.14462280273438,131.7411301620778,128.2566402490834,130.94093557612925,9492191
2007-08-03,133.19606018066406,133.85076057496966,131.8138999804589,133.12331297907375,6650649
2007-08-06,129.03504943847656,133.19605993575334,127.50012988575693,133.19605993575334,10480184
2007-08-07,126.56172180175781,133.5452457896357,125.89246706346107,131.66842165745533,19244560
2007-08-08,128.6131134033203,130.0680207215498,127.01272390026992,128.03116024403084,24706594
2007-08-09,129.44244384765625,133.85078085386635,128.61314027588838,129.48608240721896,18507296
2007-08-10,125.7178726196289,126.57627250506133,122.22611683059375,126.57627250506133,16018172
2007-08-13,127.13641357421875,128.0311749008089,125.84881977863408,128.0311749008089,12814901
2007-08-14,127.83477783203125,129.31150474541147,127.18734228680383,129.31150474541147,5403227
2007-08-16,121.06946563720703,122.51708355128191,118.79982150478548,122.51708355128191,20469410
2007-08-17,119.98558044433594,125.36871515170259,117.1194283369826,120.46570225318388,31415428
2007-08-20,126.91815948486328,129.31147882649353,124.55394879067195,126.54715854005127,15571094
2007-08-21,120.6184310913086,126.86722913742139,119.6363806536202,126.57625258662503,13393759
2007-08-22,123.09905242919922,124.09565729393357,117.99963014694383,122.21155615125845,16662409
2007-08-23,120.02193450927734,126.43076962673925,119.60729502368835,124.83038013779317,13447049
2007-08-24,121.30955505371094,122.06609920592952,119.621863670293,121.56415808887921,11255838
2007-08-27,128.54763793945312,129.18051899420735,123.971988377496,125.10681042119339,34622373
2007-08-28,125.54330444335938,128.54766155757338,124.83039890184821,128.54766155757338,24395607
2007-08-29,124.69943237304688,125.54327782551358,122.39341475372115,124.39390149146399,24976088
2007-08-30,127.02001190185547,127.68198947679154,125.121368495389,126.57627593777978,20523464
2007-08-31,129.2532501220703,130.15528835775567,126.43074968653913,127.01997990944618,13023824
2007-09-03,132.09030151367188,132.5413267250252,129.50058481106456,129.50058481106456,16110303
2007-09-04,132.19216918945312,134.78188636342787,131.0864435458451,133.4361120647625,10265084
2007-09-05,133.18148803710938,134.57820237475838,131.6684001704928,132.4685948609157,16918280
2007-09-06,133.981689453125,134.27267823515996,131.39197232103155,131.95938335199608,5454031
2007-09-07,133.85801696777344,135.40021344618853,133.12329232371732,134.57819949977,15637484
2007-09-10,132.52679443359375,133.26879629206223,131.4210688074452,132.39585436562902,6993596
2007-09-11,131.16647338867188,133.70527495712372,130.78091811412008,133.268803968765,6845729
2007-09-12,128.80950927734375,132.54132496445206,128.3221104807426,132.54132496445206,9566381
2007-09-13,128.62042236328125,130.95553715948608,128.37309648293905,129.0496162821156,14842063
2007-09-14,131.8575439453125,134.43271904682047,129.3405739280781,129.3405739280781,23959496
2007-09-17,130.2353515625,132.83234626648724,129.61701251297663,132.1048986164635,6581168
2007-09-18,134.5127716064453,135.45117158329964,129.77707211229583,130.21353097082988,14328611
2007-09-19,141.64175415039062,142.43467177358707,136.76056107639553,136.76056107639553,35467580
2007-09-20,140.70333862304688,142.58016262462084,139.4448536001324,141.1252552813064,18685216
2007-09-21,140.5505828857422,142.405587820537,139.55397789783487,140.70335446213943,10728487
2007-09-24,144.95164489746094,145.34447734621034,141.8527093306831,141.8527093306831,20870426
2007-09-25,144.47882080078125,146.66116372579643,140.92885970381727,145.45359429141908,15888323
2007-09-26,148.3997344970703,150.27655823468956,144.63154491014566,145.09711226412858,21556595
2007-09-27,149.60006713867188,151.3095776915488,146.98851806602198,151.3095776915488,22832656
2007-09-28,154.5685577392578,155.6597292866137,149.41820654612863,151.3095852135519,23746734
2007-10-01,153.89927673339844,155.38328053003525,150.58211188680386,155.38328053003525,17555378
2007-10-03,158.08213806152344,163.73441788803964,152.76447341563306,154.51035757718492,27840818
2007-10-04,155.38327026367188,157.1291418849475,148.10877058001643,157.1145997720216,18966882
2007-10-05,150.78578186035156,156.98366477763415,149.127199493052,155.52875746789525,14728851
2007-10-08,148.57432556152344,152.42980445516605,145.63542705572735,151.30953682335334,12155764
2007-10-09,152.13156127929688,153.4918898435057,141.85269295845285,145.79547363525253,23197344
2007-10-10,155.75425720214844,156.83816352787377,153.20091372752398,153.20091372752398,13133923
2007-10-11,158.76593017578125,159.88621028936467,150.82217457402552,150.82217457402552,12899755
2007-10-12,153.49191284179688,157.55109207855082,151.89152318293452,154.6558314836964,12388541
2007-10-15,159.66798400878906,160.51182970384795,154.21937891251247,154.21937891251247,13437506
2007-10-16,168.7174530029297,172.1000882605179,157.7184122286997,160.03897244515258,33566995
2007-10-17,162.52685546875,167.6117365944025,148.39978166089475,154.21937543524118,19915863
2007-10-18,150.8003387451172,167.31345213161183,147.3813303186639,162.65776575537376,37261845
2007-10-19,148.80711364746094,154.8594894389016,142.74018353387663,151.2658905496086,37034063
2007-10-22,154.415771484375,158.00209362904155,145.5045082070755,145.5045082070755,28803115
2007-10-23,160.32994079589844,161.49385942546903,156.40171389484718,156.40171389484718,18589890
2007-10-24,160.02439880371094,165.27659270344074,158.61315443104368,162.22129582827833,17611033
2007-10-25,166.53504943847656,170.95067422316427,158.58403105578657,159.1659841264861,35422145
2007-10-26,172.76934814453125,174.58797954521324,160.0753507845912,160.0753507845912,15132095
2007-10-29,180.50210571289062,185.06321326285797,173.93323416274546,176.0573961184421,27834911
2007-10-30,180.43663024902344,188.2567215881692,174.9734844956865,182.04429683310852,27964673
2007-10-31,182.45167541503906,184.9177296364272,176.5666006907809,180.5530322236164,11675427
2007-11-01,188.88961791992188,191.7557696739304,180.40754840932638,184.7722460780195,27922845
2007-11-02,193.99630737304688,196.26595165046692,179.82558496325908,180.78582847293944,10804777
2007-11-05,184.7504425048828,193.50165786196575,181.88429050726737,193.4798385842189,23547826
2007-11-06,180.66944885253906,189.0496756668846,177.09766839679813,189.0496756668846,15129570
2007-11-07,174.70433044433594,186.22712961750568,173.71500277886253,184.43760722583983,18780784
2007-11-08,170.0850830078125,173.56956240592245,168.47741589358776,169.78682918304742,13766175
2007-11-12,166.63694763183594,169.05935158622506,157.71114089097378,160.04625551917056,17412956
2007-11-13,170.76158142089844,174.5006756123681,161.49387031371674,166.5860283976663,17420128
2007-11-14,186.0161590576172,189.57338421558146,175.5190621827646,179.44001107039793,15734240
2007-11-15,180.6476287841797,188.39496218264495,177.88332036928065,186.22716133322373,10182821
2007-11-16,177.50503540039062,181.0186228235986,175.3154153567996,176.0428629838395,11563205
2007-11-19,172.7984161376953,180.40754346396903,171.3871717852719,178.22518858444386,16436227
2007-11-20,168.83384704589844,176.04287832218404,166.5860339266967,170.3614896377842,13602094
2007-11-21,160.97740173339844,170.9507421342333,157.12918637941985,170.9507421342333,21321360
2007-11-22,166.63694763183594,168.8411221657417,157.89299670637573,161.49387371938917,14613747
2007-11-23,165.7712860107422,168.73928189075033,161.49387695161144,164.3964027831637,10814479
2007-11-26,168.30282592773438,171.3872200650025,167.13890706744633,169.48129911565383,10700959
2007-11-27,164.73826599121094,166.56416193639294,160.76638889208846,166.56416193639294,15683420
2007-11-28,163.37069702148438,170.20872716501032,162.42500771514392,170.20872716501032,17303594
2007-11-29,169.02294921875,172.40559623565989,165.85854379519068,167.02246232971808,16314149
2007-11-30,171.4453887939453,173.6422860962586,166.82607540285252,170.22326500537034,11007799
2007-12-03,169.05934143066406,172.84208624185132,168.22277298405538,171.67816757917933,19461491
2007-12-04,165.81491088867188,169.49579956378204,164.8692217053019,169.49579956378204,14058313
2007-12-05,169.35752868652344,171.24162929450608,164.54909656031964,166.58595647246327,23374835
2007-12-06,174.6897735595703,177.45408126993982,171.67812784874607,174.41333912553293,16549208
2007-12-07,181.51327514648438,181.86244461279517,174.91530678657847,176.47932274797822,17958550
2007-12-10,184.98318481445312,186.925478609121,179.971052417277,181.87697261717568,14356430
2007-12-11,191.21746826171875,193.00699088863828,184.7577167308834,184.9832232973643,15404339
2007-12-12,187.66751098632812,191.01378478806288,184.77226253656843,185.49971017781397,13529422
2007-12-13,180.8221893310547,189.06418526499132,179.1126790814109,187.68203739421747,13176014
2007-12-14,175.59910583496094,182.2116286028477,175.02441759914825,176.0792275934887,11536921
2007-12-17,169.67767333984375,180.232965228719,168.0409101183015,180.232965228719,10195174
2007-12-18,165.60397338867188,171.9400626439325,164.4400546251917,170.22327483654587,17114284
2007-12-19,169.26307678222656,170.8998405372785,167.04435963560513,170.12874191494225,14197265
2007-12-20,168.4046173095703,171.67814342973523,166.6078177452581,170.9506958941436,7737653
2007-12-24,175.45359802246094,176.62478138935674,168.4773524783331,168.7683290297978,14081831
2007-12-26,177.33770751953125,181.48417575578281,172.44197243880097,180.40754651633443,5289344
2007-12-27,181.46234130859375,183.31734600980198,178.26156229004167,179.24362503891695,12073963
2007-12-28,178.47250366210938,180.69849680595047,175.16988143549491,179.0981075034501,5722497
2007-12-31,180.2184600830078,181.73154848628255,174.58799881830825,180.1166164202868,9345996
2008-01-01,178.77076721191406,180.40753019870698,177.6577766836963,180.40753019870698,4022843
2008-01-02,184.3721466064453,189.09330305804843,175.35177478241664,181.57146492176662,13343407
2008-01-03,178.79989624023438,184.03025914818247,178.23248513084627,182.16798929378135,13949831
2008-01-04,187.14370727539062,189.13691676936048,179.18541141136416,179.18541141136416,14119715
2008-01-07,198.2373504638672,200.7688750006966,179.53461587918588,186.22715102861966,40102892
2008-01-08,194.94924926757812,202.23101356925636,190.8027814631646,199.3212235970382,26430316
2008-01-09,190.29360961914062,197.1170849314471,186.09621314520132,192.77420625884713,22604290
2008-01-10,197.30621337890625,203.6859525767777,192.04675424010438,194.95655687677365,41364471
2008-01-11,208.77809143066406,210.96043418164476,200.04869600673445,200.04869600673445,28759835
2008-01-14,205.140869140625,211.7606450982487,200.87072536981944,210.96045025326043,28473571
2008-01-15,196.7315216064453,205.14085632611292,193.8071769076188,203.68594892883326,31972539
2008-01-16,199.0738983154297,200.688842109656,186.5472170077921,186.5472170077921,36556102
2008-01-17,192.35226440429688,201.64907018767636,185.72520008463465,199.35032964951685,29717809
2008-01-18,180.40753173828125,194.95653076282088,177.67959747368062,191.75575195422235,36842470
2008-01-21,170.68878173828125,181.86239710116894,157.15820899103414,181.86239710116894,50338651
2008-01-22,163.66893005371094,173.133050239648,145.73001742051946,160.06805351938422,39483543
2008-01-23,167.5244140625,181.86245054503263,163.66893443328664,170.9507120593333,35117483
2008-01-24,164.6728057861328,181.28048552589775,159.3187805337833,174.29696211717803,32316619
2008-01-25,183.5064697265625,185.790668127286,165.13108773113376,165.13108773113376,21482956
2008-01-28,185.34693908691406,186.91095507964525,174.58796009375274,180.40755306554283,12339860
2008-01-29,177.56321716308594,191.15198633702767,172.11462525388507,185.49969494140424,20482088
2008-01-30,172.75474548339844,178.95261509547075,169.6412563565355,178.95261509547075,11260326
2008-01-31,166.87696838378906,176.33381038912069,164.56367359131463,173.13303159223895,30391927
2008-02-01,174.31878662109375,176.47203276862737,164.9783300831389,168.33186831456857,19225739
2008-02-04,176.37020874023438,181.1204618934296,173.43130965642047,177.64324816040175,11877591
2008-02-05,173.32220458984375,175.99193419338533,171.72907988663502,175.75188551304257,9926158
2008-02-06,167.61170959472656,170.7033679077667,162.43226281238373,162.65776936387536,9402492
2008-02-07,160.92645263671875,173.71502799947115,159.02053201416942,168.33189350990435,11755513
2008-02-08,156.24171447753906,163.63260258302984,149.27274315983982,160.92648654786788,24610333
2008-02-11,150.414794921875,159.71887825510225,145.34446907761418,155.6306029518372,25763133
2008-02-12,155.27415466308594,157.65291963123258,150.88762566384327,153.4918971749021,14967678
2008-02-13,160.30087280273438,161.6393825167679,153.9284095437521,155.81977612618786,18390817
2008-02-14,169.03753662109375,170.80524014914033,162.22132554096981,162.22132554096981,22663069
2008-02-15,173.26394653320312,174.4933348388451,165.9167131301949,167.31341507068757,21387432
2008-02-18,176.01373291015625,180.40752648268742,171.47444495601738,177.4977243205468,13052803
2008-02-19,177.52685546875,180.81493634002598,175.48272982546126,176.04286376817734,17213537
2008-02-20,169.9759063720703,173.86048198234843,168.76833714194552,173.86048198234843,15954658
2008-02-21,166.0476837158203,172.84206176251806,162.22128868108246,172.84206176251806,10634602
2008-02-22,160.0098419189453,164.40363556247473,158.58404335415796,164.40363556247473,10754546
2008-02-25,161.07191467285156,162.2212787774116,152.92447347545615,161.4938312869303,16372048
2008-02-26,162.63597106933594,164.84014557473205,161.05740058523907,163.3852502303143,8903251
2008-02-27,162.50502014160156,173.22762595383418,160.37359298754174,173.22762595383418,11516532
2008-02-28,160.89007568359375,163.53072105042077,158.0166587994749,162.94876783718306,14067256
2008-02-29,158.36581420898438,161.9157748922097,152.10247340596064,160.03895091583223,20162472
2008-03-03,149.0690460205078,154.21938531448274,147.09037790547458,154.21938531448274,26615451
2008-03-04,141.28529357910156,150.58211218214075,135.30566424916947,148.54525164374436,50665043
2008-03-05,139.6921844482422,143.7440863436636,134.43272540953876,138.21545777621213,48352084
2008-03-07,129.98072814941406,137.34253013828481,124.43029242879737,137.34253013828481,44711727
2008-03-10,126.8454360961914,132.54136644271628,121.68053104393576,127.59470300619189,28818344
2008-03-11,124.63396453857422,129.0495775518855,122.26975400775632,125.83425660237417,37511188
2008-03-12,128.07481384277344,134.43272123542627,127.31099267302697,130.94096557229918,29271489
2008-03-13,121.85514068603516,125.99433276067427,118.86532532748477,125.10684846585083,19071849
2008-03-14,127.58743286132812,128.75862874215971,120.08014797333017,122.21157527018366,24648371
2008-03-17,110.56510162353516,124.35754642751583,108.2445293359325,123.66647241785535,35297707
2008-03-18,111.76541137695312,116.24649571420053,104.76006707139632,111.83815859148747,46237785
2008-03-19,111.76541137695312,130.79549906086137,109.15386207720599,130.79549906086137,42189279
2008-03-24,116.71205139160156,119.72369785566838,110.1650103179842,116.15919459525331,41032700
2008-03-25,127.86386108398438,129.77705886901464,118.89440412930644,122.1897499819976,26852947
2008-03-26,122.78624725341797,129.92253019388696,121.78964236521828,129.92253019388696,23253026
2008-03-27,121.41863250732422,123.66645731732902,119.4545193128551,121.77509131709995,30636710
2008-03-28,121.55683898925781,129.45694182734238,109.48844927370315,129.45694182734238,32462243
2008-03-31,111.93997955322266,123.49915306685816,111.29982128912508,123.49915306685816,27765193
2008-04-01,110.24500274658203,115.50447347830531,106.49864434880126,115.50447347830531,25861473
2008-04-02,114.14413452148438,118.57431417303367,113.48215702228806,114.93706429821648,25546543
2008-04-03,114.46421813964844,115.91911318524843,112.77652718834996,115.55538942384844,14783928
2008-04-04,111.234375,115.97733959252642,108.82651299107583,114.95163804458787,19083889
2008-04-07,118.03600311279297,118.57431772209863,106.97149381504674,116.3846856861389,23672319
2008-04-08,118.4288330078125,120.58207941104381,105.70574029165043,105.70574029165043,25682085
2008-04-09,121.71688079833984,122.50253336703206,116.39195247387796,116.39195247387796,17494988
2008-04-10,116.53018951416016,121.48411777513503,115.99915202361522,121.48411777513503,22517280
2008-04-11,114.65336608886719,119.30177566000056,114.21689507603756,117.84686821390046,21946353
2008-04-15,117.51952362060547,120.02922901176173,109.43756285981625,110.73242163539693,29977794
2008-04-16,118.74165344238281,120.90217723255557,117.41040878540221,119.28723310474662,23878305
2008-04-17,121.73873901367188,123.81196115213224,119.30178084038914,119.30178084038914,23457874
2008-04-21,125.73973083496094,127.28191567169226,120.06561884036516,122.35708291933437,18197916
2008-04-22,128.36581420898438,129.4860822094777,124.40849039100196,125.84883147449182,22462649
2008-04-23,125.81243133544922,130.1698639032393,122.9462796794084,124.45210270458773,17630585
2008-04-24,127.85657501220703,129.34057883239828,124.5394101129617,129.34057883239828,21350505
2008-04-25,133.21788024902344,135.2765723422509,126.57627315841098,127.30372075863106,33175252
2008-04-28,130.33717346191406,139.67035284897116,129.48605081800338,135.56753560063873,32783118
2008-04-29,131.30470275878906,134.57822936895357,128.03117614862455,128.03117614862455,34043839
2008-04-30,127.97296142578125,133.8434817181953,126.86723582248852,133.55977010346777,24455145
2008-05-02,136.34593200683594,138.02633385848134,129.92254174702703,138.02633385848134,28232842
2008-05-05,135.86578369140625,139.80128711217736,134.57820235176473,138.21543984397275,27896825
2008-05-06,135.131103515625,137.05156652050874,133.61073798759253,136.03314212943548,21490155
2008-05-07,133.70526123046875,135.01466185111386,131.65384657478802,135.01466185111386,17518677
2008-05-08,129.90072631835938,137.40073393587258,128.4676502728016,137.40073393587258,22295454
2008-05-09,127.13641357421875,131.58112376687453,125.60149393112366,129.34058797411382,25227108
2008-05-12,128.11119079589844,129.29692865701958,125.41234045947482,125.84881145504177,26410763
2008-05-13,129.2824249267578,131.66846811695478,126.57632078922956,129.15148479784543,22894338
2008-05-14,130.42446899414062,130.94096433432586,125.46326391364403,130.03892593696256,9348108
2008-05-15,135.06561279296875,135.94583199133518,130.35901028757942,130.79548130552928,18421716
2008-05-16,137.17515563964844,137.48795137737153,134.57816225065346,136.760504095692,17594560
2008-05-20,134.8983154296875,141.27077841085335,133.56708293735545,139.23391748395073,28874862
2008-05-21,132.6213836669922,133.8507724105642,130.53360717276124,132.39587709012497,13776625
2008-05-22,128.11119079589844,130.94096899998826,127.44920103545272,130.21350920070768,23924274
2008-05-23,125.41962432861328,129.02050107710144,124.73582746532666,127.44920785103335,22138143
2008-05-26,119.34539794921875,125.55782271549246,118.10146733168797,121.52047555455374,24573428
2008-05-27,117.89778137207031,121.44046474759374,116.69748928964472,121.44046474759374,20868732
2008-05-28,119.36723327636719,122.03697479211037,115.97004421829672,122.03697479211037,40316864
2008-05-29,115.84638977050781,121.48412754445772,114.12233707817889,120.75667987233611,34754577
2008-05-30,114.73338317871094,117.11941316818816,113.22028294952813,115.7008916239569,37687072
2008-06-02,111.30711364746094,120.75668070748218,110.71787101676324,120.75668070748218,21290989
2008-06-03,110.65239715576172,111.88178588557271,105.68391430746988,105.68391430746988,27875210
2008-06-04,110.21591186523438,114.64607945911152,107.72076112477511,107.72076112477511,28266738
2008-06-05,113.22029113769531,114.58789706740026,108.39002572405728,110.21592194781125,33248831
2008-06-06,111.93997955322266,116.39196654398607,110.7615066627249,116.07189351693894,17968483
2008-06-09,109.1611328125,110.98702918176294,106.5932344346902,107.66258667935921,26898129
2008-06-10,106.34586334228516,109.117448164239,103.53791713650106,108.53549508293709,26540074
2008-06-11,107.837158203125,109.76489787902894,106.36770877560515,107.37159079301988,18695083
2008-06-12,108.13540649414062,109.2629513639782,102.14121723361417,108.48457592912152,23581860
2008-06-13,111.34346008300781,112.31824570022951,108.68099559313626,109.08109298281647,19635088
2008-06-16,116.0209732055664,116.9157345176138,112.75472384296829,113.48217146853507,17293985
2008-06-17,119.39633178710938,119.94918851008204,114.20960800960276,116.02096194526816,22116061
2008-06-18,114.49331665039062,121.48410480940022,112.34007047867779,121.48410480940022,20349620
2008-06-19,109.64122009277344,113.48214459997149,108.71735034963946,113.48214459997149,15241787
2008-06-20,106.6368637084961,110.54325868549793,104.46178605245413,106.52046575355614,28178733
2008-06-23,104.8546371459961,107.15337838572623,103.29062082013573,106.8914981724667,16418688
2008-06-24,102.30126953125,107.35704763787429,101.26829096949386,103.33425419800821,19041704
2008-06-25,101.58111572265625,103.12330665569132,98.22029321212185,99.36966382697914,29674375
2008-06-26,101.48651885986328,103.99622397607111,99.29689897862293,102.42493086896722,25249515
2008-06-27,94.88126373291016,99.51511822053673,93.48456160455196,99.51511822053673,27448338
2008-06-30,91.68777465820312,96.72172717904061,88.94529184010321,96.72172717904061,36988787
2008-07-01,85.7081298828125,93.40454614056847,84.38416880188417,91.65866842808153,40836119
2008-07-02,90.35652160644531,91.4840663456416,80.60142078626828,85.69357111892982,55162393
2008-07-03,83.20571899414062,89.47633791878856,81.11065920900153,88.74888414554484,46330570
2008-07-04,87.81774139404297,89.46178176977423,81.59077378853515,81.7435331455262,35864174
2008-07-07,88.04325866699219,93.84103273395505,86.7483938058935,93.84103273395505,29965688
2008-07-08,86.47196197509766,87.8759476888054,82.95111552407535,82.95111552407535,25780705
2008-07-09,90.45109558105469,93.82646512868175,88.74886259001012,92.29881684941049,32325804
2008-07-10,91.369384765625,92.2358317023979,87.82954570874413,88.9033425278921,34038862
2008-07-11,87.6221923828125,92.12475454405188,86.80758444460936,91.82853065063013,29670982
2008-07-14,85.7411880493164,88.72561435532403,84.90436162527433,86.05221598451872,22013337
2008-07-15,78.37269592285156,84.40819843400023,77.75803579875556,84.40819843400023,41504815
2008-07-16,76.98046112060547,80.34997342884597,76.12882429759865,78.52081564176832,36465836
2008-07-17,81.73480224609375,83.07520883440895,79.26136384172294,82.1791350290208,49161832
2008-07-18,91.45085144042969,92.42097650147231,82.94190469758838,84.12678789620317,68112528
2008-07-21,95.22769165039062,96.27186822461123,92.44321249917994,95.44244982860735,41089279
2008-07-22,98.00474548339844,100.3078626236948,93.35407419783745,94.9240491207805,42528700
2008-07-23,109.40927124023438,110.78669419197574,102.52952743140241,103.67738817780844,47091401
2008-07-24,108.15032196044922,113.2897505417852,103.82548893111642,111.11993200299095,58180666
2008-07-25,97.27159118652344,104.41793124976566,96.00524849065955,103.67737462294521,64879083
2008-07-28,98.25653839111328,99.08595669324477,92.41358150811294,94.27977424165033,57380675
2008-07-29,90.00677490234375,95.931197229021,89.34768399835121,95.931197229021,65071765
2008-07-30,94.21309661865234,95.97561075762884,91.39899188524004,92.12473811949503,38701850
2008-07-31,94.39085388183594,98.36021598777735,91.9988688118567,94.49453194597987,29331648
2008-08-01,95.1462173461914,96.27185331611345,90.34743090427938,91.08798759011229,36930641
2008-08-04,94.85740661621094,97.67890803497075,93.30965008499585,94.0502005944923,29466750
2008-08-05,102.80353546142578,104.37351053470496,92.71721067796173,95.28692523427293,79113677
2008-08-06,104.66231536865234,110.71262138837015,103.47001777855971,107.7726320481632,66375600
2008-08-07,104.85484313964844,106.93578730942514,102.68501876101233,104.41791869777487,37666304
2008-08-08,108.35768127441406,110.26829851085986,101.15950159349093,102.72947655082335,49556210
2008-08-11,114.21546936035156,116.118691140151,110.34237649445366,116.118691140151,55024876
2008-08-12,109.69808959960938,116.85923522637407,107.83930493775532,116.85923522637407,46972843
2008-08-13,105.26216888427734,107.8837160790459,104.2994458070334,106.1360179492002,48642770
2008-08-14,99.74505615234375,105.07703107488021,98.81936178883632,104.41794633369055,40863856
2008-08-18,98.4935073852539,102.15184124648636,97.8640370217724,99.97461448844365,37707450
2008-08-19,100.37451934814453,101.21875414042762,96.28666884143698,96.30888734556622,28641255
2008-08-20,100.53743743896484,102.1962739451498,98.1084237331397,98.1084237331397,27487190
2008-08-21,95.33876037597656,100.90030977432741,94.93886459909037,100.90030977432741,25182861
2008-08-22,95.46464538574219,96.53844223365729,93.75396996678654,95.67940351233214,36970103
2008-08-25,97.33084869384766,100.56706228937237,96.79764811502429,98.56757099497526,25323826
2008-08-26,98.72308349609375,99.44141544897568,91.33236434623268,94.05760195458454,32749689
2008-08-27,96.26445007324219,101.39647670412269,95.87195633986187,101.39647670412269,22479534
2008-08-28,93.68733215332031,97.73816030343477,93.00602888154093,96.72360431337472,30455480
2008-08-29,99.51546478271484,101.08543957384272,95.18323005998766,95.45723544607877,47483584
2008-09-01,98.4935073852539,99.23406404433159,95.22026522412948,97.30862418868836,33873702
2008-09-02,105.75833892822266,107.52826185069742,98.64903292457842,98.64903292457842,58728626
2008-09-04,106.14342498779297,108.12069150555858,102.81093545188179,105.7583332752654,65100293
2008-09-05,101.71490478515625,104.34387238650247,100.71515925596718,103.677373295388,51083428
2008-09-08,106.70625305175781,111.082919537088,105.89905319047318,106.79512707405816,53429519
2008-09-09,105.46952819824219,106.32856081046423,103.67738679303501,104.41794350678514,41953362
2008-09-10,103.82549285888672,104.26982563219956,101.65567423800715,102.34438568616591,51296751
2008-09-11,101.69271087646484,104.2698337032023,99.46364481295204,104.2698337032023,41285299
2008-09-12,96.68657684326172,103.67739498654572,96.01266937254536,102.73689652455937,61415255
2008-09-15,92.835693359375,94.19830599827011,88.17761367219084,94.19830599827011,44416751
2008-09-16,88.27387237548828,90.19931208797429,83.5787707275679,87.54813224842165,109628497
2008-09-17,82.94931030273438,90.31040293001546,78.49858676926145,88.71821567470386,139525716
2008-09-18,85.48200225830078,86.20034044856945,75.9955217919759,79.20211481039182,73821187
2008-09-19,92.93936920166016,94.05019489863108,86.34844769242251,90.36224040896013,76484061
2008-09-22,94.1612777709961,95.33875271834104,91.31014988489791,94.31678863953934,61333310
2008-09-23,88.74044799804688,92.791270181235,88.05913846958302,91.22130118453005,40896091
2008-09-24,88.8811264038086,92.09512091391416,87.61477758900463,88.7182010993784,49665429
2008-09-25,88.30350494384766,90.31780636122063,84.7340389058492,89.60687644920664,66567550
2008-09-26,83.0011215209961,88.83667423192911,82.06802549759836,87.38519429107211,65126363
2008-09-29,73.06293487548828,83.68245966214485,71.53739689801633,83.12704679810587,118235810
2008-09-30,79.32059478759766,82.28280260459249,68.1382501791236,71.96690494789542,117990499
2008-10-01,81.59410095214844,83.66764977861351,77.18781435713468,77.92096282138021,74593145
2008-10-03,74.6995620727539,82.20136252657109,73.7738738528451,81.16458799129319,76184201
2008-10-06,72.5815658569336,74.04786262776673,70.35250017591048,72.57416383322291,53182382
2008-10-07,71.84101104736328,77.22483009104609,68.57517126462373,74.2329956830904,68411937
2008-10-08,67.20518493652344,71.09308876231115,62.01390907011193,71.09308876231115,80275651
2008-10-10,53.860389709472656,63.68752325946661,48.43213994002371,62.206416332977184,196556492
2008-10-13,62.969200134277344,67.30883725630008,56.28200886083571,57.76310977772505,167420044
2008-10-14,66.58309173583984,74.02564313583575,64.87241012111103,74.02564313583575,113756060
2008-10-15,61.339969635009766,64.827969175258,60.02919016464464,64.827969175258,56444030
2008-10-16,61.63620376586914,63.835642921952896,55.54145391284077,59.15535095205886,116881787
2008-10-17,57.94824981689453,63.50980537199198,55.70437984513449,62.35454263090396,107876032
2008-10-20,60.92527389526367,62.45822010612154,58.69620799350456,58.69620799350456,55530216
2008-10-21,63.843048095703125,69.38238482165309,61.47328169688263,69.38238482165309,76212251
2008-10-22,58.755455017089844,63.909700274893694,58.518478366500375,62.8581156110322,63583074
2008-10-23,54.178836822509766,61.495498936849465,53.31979798749288,57.22991907542836,85201099
2008-10-24,46.38822937011719,55.18599652708164,44.95155589361099,51.912753750670156,92378528
2008-10-27,46.817745208740234,48.1063065188229,41.93009714567746,44.6183029588654,77597311
2008-10-29,51.14997482299805,52.71254147382837,49.48373011604987,51.09813579493912,69339616
2008-10-31,59.059078216552734,61.15483920746483,53.764126376448004,54.882360282865484,77742401
2008-11-03,63.791194915771484,65.46484128678385,61.46585982217213,61.46585982217213,65479524
2008-11-04,67.80500793457031,69.61195326092722,61.91020624554249,63.983754953138146,61794810
2008-11-05,66.77564239501953,72.88520284314058,65.33156390592126,72.23352012432076,101137894
2008-11-06,64.19110107421875,67.80499737932054,61.71765078729148,64.13185381595576,71920112
2008-11-07,64.0281753540039,65.46484522411274,60.132871688931395,63.67271045165848,62080106
2008-11-10,69.88595581054688,70.46358712384567,65.0205266500473,65.16863549026189,50603927
2008-11-11,64.33180236816406,69.18982231636586,63.46534935688864,68.86397796122105,34479225
2008-11-12,58.84432601928711,63.39131963444178,58.08895902004448,62.94698683664802,81795285
2008-11-14,58.636966705322266,62.16199593739526,57.03737120599139,59.451574718782226,72993932
2008-11-17,57.23731994628906,59.24421948238549,53.416066736238456,58.503668991780856,79432776
2008-11-18,53.349403381347656,56.28199647283047,52.5792325656762,54.80088966697589,58491433
2008-11-19,51.57949447631836,55.54145116446079,50.72786084329583,53.971482481283424,64734345
2008-11-20,47.876731872558594,50.150228400066645,45.77356268939019,50.150228400066645,68140935
2008-11-21,49.47632598876953,51.794256498033036,45.33663675888727,47.010286631316724,100129700
2008-11-24,47.773048400878906,50.772284753961785,46.691840298870964,50.35757569096052,60943993
2008-11-25,47.558284759521484,50.65379386680118,47.106546959343035,49.9132435600954,58297976
2008-11-26,51.96458053588867,52.54961386717105,48.13592261727146,48.13592261727146,63911369
2008-11-27,51.96458053588867,51.96458053588867,51.96458053588867,51.96458053588867,0
2008-11-28,52.083072662353516,52.57924445568647,46.854769986702614,50.35758374450923,67813091
2008-12-01,48.21738815307617,54.030724124255826,47.69159273244283,53.02357650270686,66583577
2008-12-02,47.898948669433594,48.58025806674424,45.65507260176022,46.35859739388119,57963994
2008-12-03,49.58740997314453,50.653804884131645,47.69159369057341,50.357584075524116,52204982
2008-12-04,53.9122428894043,54.23808736889669,49.40968298972864,49.617036025101136,59618608
2008-12-05,53.08281707763672,57.91122388615381,52.06826122611199,54.20845922507526,120218351
2008-12-08,54.800907135009766,57.437271004724295,54.075166868344894,56.282014412973915,66294448
2008-12-10,59.251625061035156,59.94033648917189,55.541452105203376,55.61550963692451,73782753
2008-12-11,60.147682189941406,62.058305270810195,58.222242633321656,59.836648068534885,67149164
2008-12-12,60.873443603515625,61.6065921667867,56.7633741628739,58.207452782963344,55750117
2008-12-15,62.01387405395508,64.27996202271213,61.05115738987274,62.946970196672325,50119305
2008-12-16,62.35454177856445,63.38390793919515,61.1400317831412,61.695450857587055,49358380
2008-12-17,63.95412826538086,66.20541256235119,63.38390516704986,63.5394222524944,66715159
2008-12-18,69.90816497802734,71.31521430961712,62.83588334626283,63.68751993997982,66160666
2008-12-19,70.02666473388672,70.70797412032401,67.5013750606879,68.45668984949373,63667131
2008-12-22,66.01287078857422,70.01926163236847,65.5092969507661,69.90818154445662,35982001
2008-12-23,63.22099685668945,66.04249851898341,61.93983740391692,65.6129821695861,41867754
2008-12-24,65.30934143066406,66.11654112471975,61.7620940470829,62.946977182836775,35193048
2008-12-26,61.81393814086914,67.14591268893338,61.22149652441755,64.4651120438778,35806705
2008-12-29,65.9091796875,66.4571904240419,59.866269969305975,62.354530567953404,41860131
2008-12-30,67.9234848022461,68.84917270404284,65.51668382764535,66.64973402319784,45724261
2008-12-31,66.36832427978516,70.0266577474142,65.76107248375078,70.0266577474142,42871070
2009-01-02,69.7970962524414,71.0634453197797,68.46410410336364,68.87140812321603,35547693
2009-01-05,74.04045867919922,74.64771054706664,70.22661390726464,70.42656178351868,47221850
2009-01-06,77.5284652709961,78.60226218402667,71.09306095709339,71.09306095709339,77633649
2009-01-07,69.29351806640625,79.77233562162986,67.24958985556852,78.20236691262474,105540446
2009-01-09,67.62728118896484,71.53740247536965,65.31675553926804,67.93831540025985,69633965
2009-01-12,64.87242126464844,68.61962333586285,63.42094074126629,65.16864520419766,44924852
2009-01-13,63.01362609863281,66.41276462391096,61.91760454330953,64.4280838295033,54667167
2009-01-14,65.33155822753906,66.79785509362941,63.487584108638785,63.487584108638785,34610862
2009-01-15,60.525360107421875,63.53940638589538,58.99241435293475,63.53940638589538,53331811
2009-01-16,62.761837005615234,63.3468703108371,60.52536940179195,61.46586763315199,27522192
2009-01-19,61.11040496826172,65.82032318257832,60.5031531405097,62.946976928749514,33113448
2009-01-20,58.69620895385742,60.39948254934523,57.80014136382663,59.68855258295885,38247627
2009-01-21,54.70463562011719,57.71868290258888,53.31979821373779,57.71868290258888,65552135
2009-01-22,55.993194580078125,57.15585932594649,53.134658303859084,56.57082594081846,52442098
2009-01-23,53.89002227783203,57.91122307743685,49.10604943299098,49.10604943299098,59087578
2009-01-27,56.4449348449707,57.6150079435497,53.186502487160865,55.23783297596814,54170220
2009-01-28,60.43651580810547,61.095606791651186,56.64488282398912,57.31138204761618,64874133
2009-01-29,60.74011993408203,64.23552771209206,59.62928829426498,63.68751702211804,50054675
2009-01-30,61.65101623535156,62.043509993351236,58.503670361621936,59.540444801723716,49557788
2009-02-02,57.03736877441406,61.0363511372935,56.7263346030912,59.621899533108824,37213555
2009-02-03,58.059326171875,59.94032881612398,56.74114453774818,57.76310229787625,39336797
2009-02-04,57.71867370605469,60.02179064164195,57.21509993758912,58.503661097753785,34417658
2009-02-05,57.84456253051758,58.73322794810564,57.02995463605019,57.777913245694975,27861163
2009-02-06,60.29579544067383,60.554990560880285,58.65176936315666,59.09610207923484,31579878
2009-02-09,63.44315719604492,63.65791535017716,60.184725041112664,60.184725041112664,37356082
2009-02-10,63.494998931884766,65.46486360099745,62.23605805206436,63.39132086272625,42544012
2009-02-11,64.45769500732422,64.85759067468072,59.333071557323954,62.22122764922441,42223995
2009-02-12,62.41376876831055,64.33920828154758,61.71764923725043,64.23553024341474,37600090
2009-02-13,64.33922576904297,64.93166742299675,62.65817063377217,62.65817063377217,35459479
2009-02-16,60.57720184326172,65.15382128513598,60.12546711120829,64.20591482117796,37995474
2009-02-17,57.12623977661133,64.99090636062193,56.311631752130175,64.99090636062193,61759934
2009-02-18,54.72683334350586,56.99292748946953,54.06033433410895,56.72632415673206,72897044
2009-02-19,53.54196548461914,56.237576589624695,53.20871899326072,54.35657354346531,64103545
2009-02-20,49.7429313659668,53.119851983695064,49.02459312390635,52.72735821303144,69459280
2009-02-24,49.75773239135742,50.63898959799356,47.15839155772112,48.13592168291206,85533811
2009-02-25,50.44644546508789,51.82387127330743,50.120601063260786,50.50568961928532,59641318
2009-02-26,48.11371612548828,50.86116635664814,47.188024835861704,49.217139918984365,94804248
2009-02-27,48.51361083984375,49.46892257707654,46.06978679240599,47.98781539879022,98277729
2009-03-02,45.0848503112793,48.09149227794086,44.43316142866932,48.09149227794086,66244871
2009-03-03,43.78147506713867,46.388221240215444,43.4408203669233,43.69261038000757,134327787
2009-03-04,42.196693420410156,44.847873517540386,41.48576348625777,44.136940475905114,139103426
2009-03-05,39.997249603271484,43.65558029279905,39.41221314680222,42.50772277410008,143672595
2009-03-06,39.863948822021484,42.19668938769717,37.36828605180221,39.05674603779045,277252228
2009-03-09,38.94567108154297,40.345312497336955,38.21251951104122,39.819523267093935,107028086
2009-03-12,42.085609436035156,42.71507980200028,40.02687409700891,40.64153109234641,150544240
2009-03-13,45.71431350708008,46.321568437635186,43.24827434444403,43.84071590536416,143489280
2009-03-16,47.81008529663086,48.13592663355127,45.47734137064182,46.12903025944848,122101166
2009-03-17,47.898948669433594,49.95768401708959,46.51411448000197,48.061870887157816,175129680
2009-03-18,49.565189361572266,50.653799553333684,48.43214216884262,48.720960922757996,90873145
2009-03-19,50.04656219482422,51.32031345951307,48.32107294873735,49.66888175979156,118935839
2009-03-20,47.84710693359375,49.83919287662606,47.55088614880174,49.20232051993522,81416263
2009-03-23,51.36473846435547,51.82387839184115,48.34328307777674,48.72836857921414,95384740
2009-03-24,52.64588928222656,55.36371844867088,52.02382408727486,52.41631468062382,125109600
2009-03-25,54.141815185546875,54.78609587645541,51.71280128253282,53.31979888992125,116137670
2009-03-26,55.548858642578125,55.83767430649041,54.015912530667016,55.39334155970758,102413245
2009-03-27,57.05217742919922,57.43726290548168,55.44518001926587,55.8524839971495,81750779
2009-03-30,50.076175689697266,55.83767574610686,49.55778850757974,55.822865482827666,121516285
2009-03-31,49.29118728637695,51.290678445161184,46.55114258055002,50.43163657919027,188785256
2009-04-01,51.74241638183594,52.41631753115633,47.93597680157557,51.79425540985794,123020590
2009-04-02,53.42346954345703,56.089459739499574,52.76437867944285,53.31979149092014,129391559
2009-04-06,55.511837005615234,56.38568613352091,53.741914030155854,55.245239809300465,120940699
2009-04-08,55.74880599975586,56.22275926796031,51.34251665975809,53.38644168263119,102261280
2009-04-09,58.918373107910156,59.5404414661009,54.978631699232004,56.8744510859049,139573351
2009-04-13,61.70285415649414,62.42859438700093,59.98477029685203,59.98477029685203,64942707
2009-04-15,65.5981674194336,67.68652660586473,55.03047491521986,60.725329317760966,103480718
2009-04-16,63.32465744018555,69.55270493583771,62.52485981002904,69.55270493583771,117059822
2009-04-17,65.29454040527344,67.68652551613701,63.983760531868036,64.4280933243749,91703238
2009-04-20,63.191349029541016,67.53839361542946,62.732206087003924,65.0575413211525,90841806
2009-04-21,59.059078216552734,61.66582125184881,57.95565457323783,60.9548913331317,111925363
2009-04-22,59.251625061035156,61.16965671193457,57.85197748728647,59.09610797340022,73165554
2009-04-23,62.85811996459961,63.92451496611096,58.51848241950352,58.94799874409163,75504885
2009-04-24,64.29478454589844,65.0797720165409,61.4806853203503,62.206425521998135,79774992
2009-04-27,69.24908447265625,70.78943894581805,60.88824603313032,62.94698460872651,147298052
2009-04-28,65.0501480102539,69.61195131014661,64.13927024103651,69.3157336259144,95548860
2009-04-29,70.97459411621094,71.75958181093752,65.7611001999596,65.7611001999596,102612356
2009-04-30,71.24117279052734,71.24117279052734,71.24117279052734,71.24117279052734,0
2009-05-04,78.4837646484375,79.06139592230366,72.57415955615106,72.58896981766493,102284831
2009-05-05,84.2896957397461,85.01543582502889,78.49857288868668,78.49857288868668,127386138
2009-05-06,79.92044830322266,85.1635610441574,78.86886370245522,84.42300439427355,136625368
2009-05-07,81.35711669921875,82.54940809531259,79.71309054157592,80.72024433277491,70676771
2009-05-08,77.1285629272461,81.59409655234722,76.29914468437802,81.46079796875699,79670404
2009-05-11,77.5136489868164,81.12754560370456,75.9807029571957,78.8318306785404,79689175
2009-05-12,82.6604995727539,83.4677056077917,76.58796789277916,76.8693753508406,79992352
2009-05-13,81.63111114501953,85.11911085993103,80.21665356978782,84.1267736794009,89698537
2009-05-14,79.42427825927734,79.97969109756836,76.86936801620043,79.97969109756836,69120243
2009-05-15,85.11913299560547,85.75601165721031,80.27592170336112,80.83874282769655,73343033
2009-05-18,104.72896575927734,109.60180994074412,97.9010734724497,100.68555231045008,354381
2009-05-19,111.99375915527344,118.4884094544063,100.56703735351583,108.41689794471293,164921339
2009-05-20,104.9955825805664,110.4904830974237,103.17382051346867,110.4904830974237,78260072
2009-05-21,99.68579864501953,105.10664081348702,98.8341619068134,103.23304620439916,72714499
2009-05-22,104.06987762451172,105.69168540870575,96.4199630951904,98.49351189153198,82922944
2009-05-25,104.36609649658203,106.26931795846801,103.03310437829667,105.11405522230324,44956307
2009-05-26,98.6416244506836,105.15848837919805,97.48636175681307,104.41052968085968,51311067
2009-05-27,105.19551086425781,105.8101709404449,100.85586778217316,100.85586778217316,43286221
2009-05-28,108.16511535644531,109.58697506525715,103.70699039716297,105.8842107456692,75588678
2009-05-29,109.62400817871094,111.80864306726603,108.26879770151878,108.69831395458566,44991226
2009-06-01,107.01725769042969,112.66768001751467,104.95852571519067,112.37144993163558,53351573
2009-06-02,108.46135711669922,111.07550873529439,104.24021405277567,108.12070237558146,62033158
2009-06-03,106.55815124511719,110.73485742844954,104.93633083953819,110.34236985495718,47039806
2009-06-04,108.63908386230469,109.40926730194391,102.71466757622541,105.76574351729772,60590090
2009-06-05,111.78641510009766,113.22309130088249,109.67585022957574,109.67585022957574,55471955
2009-06-08,107.32829284667969,114.63753908879144,106.35816168004305,114.63753908879144,31803530
2009-06-09,109.28336334228516,110.89777530839454,104.44756054314576,106.6395914378521,56353099
2009-06-10,110.74224090576172,112.83060596038462,109.00934700381399,110.63856285539235,67722666
2009-06-11,112.78665924072266,114.22974986009393,110.14099310520865,112.68895195121281,35067549
2009-06-12,111.60661315917969,117.19107918774353,110.93768731735184,115.74798875611467,40021316
2009-06-15,110.44913482666016,113.04218116202993,108.60768387486921,109.73509587353125,27235472
2009-06-16,110.39649963378906,111.16314523384672,107.08941481921748,107.08941481921748,45355986
2009-06-17,108.60017395019531,112.66638642759445,107.48028071484637,109.73510489759589,41301766
2009-06-18,105.71398162841797,110.3965127193144,104.22579707012142,106.81884964901411,45576388
2009-06-19,107.33746337890625,108.83317312739673,102.51964326850297,105.47347479645849,59281596
2009-06-22,109.88541412353516,112.74153187123541,107.78090431751471,108.27697211909808,44850899
2009-06-23,104.80451965332031,107.32992740953682,102.5947902320422,105.67639134759868,68331136
2009-06-24,103.63201904296875,105.94697483748588,101.47490243375684,105.52607665110288,53093562
2009-06-25,105.22543334960938,107.42013787101904,103.94769480474676,104.42872489583422,56122005
2009-06-26,113.6659927368164,114.24474262058945,106.3528352280141,106.99921694819196,57797212
2009-06-29,112.54611206054688,116.15383758073145,111.35105574163241,114.95126240733659,45488448
2009-06-30,108.56258392333984,113.32778416421488,107.55542326087308,112.74152797149874,38125527
2009-07-01,109.71253967285156,111.07296034407287,105.7214912984757,108.23186779065368,45810022
2009-07-02,110.26122283935547,111.96738479898816,108.08154962226136,110.77231575707098,36291354
2009-07-03,113.48564910888672,114.24477600931795,107.6681740805148,108.30704974926937,37752957
2009-07-06,102.17388916015625,116.80021823784438,99.96415335812928,114.24475390387776,79021800
2009-07-07,104.45128631591797,107.17963428045933,102.97061422583454,103.72222224654692,64419965
2009-07-08,98.17533111572266,103.54183194548827,96.5443387957003,103.42157441816973,57444557
2009-07-09,95.51463317871094,100.71577591522488,93.21470247192966,100.71577591522488,62494630
2009-07-10,94.53001403808594,98.8217092335682,93.10946780428266,95.60481281971894,44425249
2009-07-13,95.14633178710938,96.80739302970055,91.11770192907385,93.1996613152321,41115525
2009-07-14,102.14385223388672,102.9706236554888,96.98029027702982,96.98029027702982,41587496
2009-07-15,104.68427276611328,106.41297862180785,100.58048553421553,103.72221257086211,52595702
2009-07-16,104.30095672607422,108.21684829619844,103.45163519637887,106.89400921384541,38862076
2009-07-17,111.66674041748047,112.51606834517958,105.39079819551013,105.39079819551013,55316552
2009-07-20,117.9652328491211,119.43086709637795,111.0955099162473,113.34282753653433,55446550
2009-07-21,116.15384674072266,119.50603239715134,115.32707545534332,119.49099468700467,47118582
2009-07-22,114.1771240234375,121.41511986564804,113.08728107655989,116.04862515583108,63070518
2009-07-23,116.6123275756836,118.59657352381383,114.0192688583888,115.83065684089412,55353540
2009-07-24,115.37967681884766,119.46091323883026,114.24474619233992,117.67208201803624,57609409
2009-07-27,113.92906951904297,117.55183252099539,112.21538896583799,116.14632405793897,61956823
2009-07-28,111.2909164428711,114.24475390519098,110.03573453133193,114.19965339427331,57014320
2009-07-29,110.14848327636719,111.94483373964792,107.86359643681146,111.23832624628375,44168679
2009-07-30,113.82386016845703,114.8009454831925,108.53251634275023,109.29916202294126,46910286
2009-07-31,114.01927947998047,116.78520903609146,112.8918674778597,116.3492668074692,35803333
2009-08-03,116.31167602539062,116.50709053689154,112.47094194185948,114.83851048852759,27991018
2009-08-04,114.77841186523438,118.07797846737479,113.26767693421017,116.04863171960035,48726870
2009-08-05,116.25907897949219,116.95056137203271,113.94411673557522,115.74046718508681,36683872
2009-08-06,115.16925048828125,120.84390489625682,113.49315123715883,115.74798790469885,76527225
2009-08-07,110.95269775390625,114.9663027367094,110.18605212104059,114.69571227794131,39098488
2009-08-10,108.03644561767578,114.01173947442548,107.17961164577149,112.08761931077696,51778628
2009-08-11,107.79592895507812,110.4040124857119,105.62377495002794,110.4040124857119,38187187
2009-08-12,106.7511978149414,107.32993516303951,103.75227233967526,106.72865386636263,38127226
2009-08-13,113.82386016845703,114.22972695837156,108.83316962315689,108.83316962315689,35109976
2009-08-14,111.96737670898438,114.996364951698,110.96021604110832,114.996364951698,24985482
2009-08-17,105.96952819824219,110.6370213056576,105.54111116980478,110.29128014099511,30469626
2009-08-18,108.23938751220703,109.4344438546161,104.82707644826127,106.75119676352092,34215423
2009-08-19,107.7132568359375,108.983476492568,105.28555618766283,108.68283584742849,37529607
2009-08-20,108.16423034667969,110.45664851377859,107.35249677335122,108.9684576804811,20595839
2009-08-21,112.050048828125,112.6287861826246,106.2701689068582,108.2168458267083,47251066
2009-08-24,115.43981170654297,116.33422738889895,112.74152695046536,112.74152695046536,30539030
2009-08-25,114.12447357177734,115.29698576179828,112.7941285396683,114.41760792704542,28630492
2009-08-26,114.5303726196289,115.50747059251894,113.11734503287204,114.24476965252339,23269433
2009-08-27,112.82421112060547,114.24475741058714,112.26801772582282,113.49313687284997,28304897
2009-08-28,114.78593444824219,115.86073978007644,112.71900596991873,112.71900596991873,26284412
2009-08-31,112.91439056396484,114.680677871778,111.68927151421553,113.41797716734953,26119588
2009-09-01,111.95986938476562,116.58979382265477,111.23832419366293,113.07225628520571,28549279
2009-09-02,110.65206909179688,111.98993335911979,108.68284804484905,110.4867173491892,21361164
2009-09-03,110.62950134277344,113.02713263363961,109.75011083064317,111.38861542437809,29277231
2009-09-04,111.82455444335938,113.11731787927594,109.88539667395827,111.08797171278516,23908632
2009-09-07,118.58155822753906,119.79165239559254,112.53108738727173,112.56115019314814,36697584
2009-09-08,118.74691772460938,121.2347506903349,117.50676066966787,119.50604462304737,50940241
2009-09-09,119.19036865234375,120.10732846455781,117.79237867379936,118.30347164858408,25875965
2009-09-10,122.75299835205078,124.52679223467997,120.78377730493261,121.00925466022998,37852116
2009-09-11,125.54147338867188,126.96952609237208,123.00102114386516,124.7673088078907,35905380
2009-09-14,123.9555892944336,125.51142487317738,122.97849119551881,123.26410681499192,21326349
2009-09-15,126.93194580078125,127.32278752317112,124.61698350452677,124.76731015518354,19170783
2009-09-16,129.9534149169922,130.77266732506382,127.78126063805503,127.78126063805503,28691140
2009-09-17,130.93052673339844,132.89974802310746,129.75049520774544,132.11055825905143,35923750
2009-09-18,126.64631652832031,130.78017240769543,126.03750381200328,130.78017240769543,33598790
2009-09-22,128.07440185546875,129.04398104580983,125.81957767770223,126.57118573695773,16267317
2009-09-23,127.05218505859375,129.41223480092927,126.27802061926106,128.52533801094842,17965029
2009-09-24,129.34461975097656,139.4387468652579,124.81993375322851,125.51892242516635,35010222
2009-09-25,126.12019348144531,128.45018052829053,125.68426392085938,127.7737359316007,17814461
2009-09-29,130.23155212402344,134.34285315270571,127.77378151993095,134.34285315270571,22462187
2009-09-30,136.43228149414062,136.785528864381,129.3070066394388,129.3070066394388,45465095
2009-10-01,139.28843688964844,140.385786185118,122.96344855891914,122.96344855891914,46686249
2009-10-05,137.15383911132812,138.4315650292326,134.82383937834962,135.28984437115656,32277498
2009-10-06,141.0321502685547,142.00924820469533,134.25262817238814,137.86787287436815,40974895
2009-10-07,138.0557403564453,143.42224643819088,137.3792958407122,142.05430708394823,30668115
2009-10-08,138.73974609375,140.5360838724758,137.22899865875934,138.694645577854,34944371
2009-10-09,135.56039428710938,138.99524864860007,134.568271514475,138.8975414035299,23061555
2009-10-12,138.3263702392578,139.0479154670537,133.9820611609424,134.46309131280634,26540228
2009-10-13,138.44659423828125,138.44659423828125,138.44659423828125,138.44659423828125,0
2009-10-14,138.44659423828125,140.3857521758624,137.82275641160936,138.9952687530965,18482937
2009-10-15,140.6938934326172,141.7160790179484,137.424390714695,139.4161551431903,31891024
2009-10-16,144.17385864257812,145.78230043751665,139.22075058882965,139.22075058882965,33702691
2009-10-20,141.97166442871094,145.211105095176,141.31024487943532,142.61804626788842,22193319
2009-10-21,139.66421508789062,141.4981344014704,138.6345104568594,140.85175259043726,21112014
2009-10-22,133.9970703125,138.44660499555144,133.18533675864234,137.99563770489885,27866652
2009-10-23,135.84603881835938,137.07115799346536,134.55326256548653,135.89112671616633,19342763
2009-10-26,133.91441345214844,138.29629147230466,133.34318227591572,136.64274878831228,19795264
2009-10-27,125.43621826171875,135.20714541754816,124.18854268663505,133.03499144188095,57013891
2009-10-28,121.67816162109375,124.76727502107406,118.30343271150595,124.31630781162441,56320363
2009-10-29,116.01106262207031,121.01679187039923,113.7412005517743,118.90476271119707,57676899
2009-10-30,118.87466430664062,121.80594518558264,114.83100929544104,118.00279258955014,65643886
2009-11-03,118.19820404052734,123.8202500216839,116.35675359065922,118.19820404052734,51784782
2009-11-04,124.42908477783203,125.03788499021904,119.49100076410521,119.65635250648484,36119803
2009-11-05,126.96949768066406,127.4655654190469,121.52784072830958,125.06792150423203,31882928
2009-11-06,127.55575561523438,129.68280912918615,126.34566166773685,128.81846892507187,29357278
2009-11-09,133.56114196777344,134.1624232838565,126.96199689205055,127.62341643216467,37202297
2009-11-10,134.77122497558594,136.61266304696636,133.82418994975487,135.2747989825142,33055286
2009-11-11,138.9727325439453,139.64917715726583,133.185333826116,134.83887631692437,22744386
2009-11-12,134.17745971679688,139.57401687793842,132.7343694332971,139.3485395404352,28706227
2009-11-13,136.63519287109375,137.52960835713768,134.01207200474852,135.16954641650247,21123833
2009-11-16,138.19107055664062,140.10016609398426,136.95843235270897,136.95843235270897,19300605
2009-11-17,138.3789520263672,139.03285266528792,135.29734449892695,138.5969231111833,19681051
2009-11-18,136.1166229248047,137.995642859775,135.44016565579236,137.54467555227637,17739876
2009-11-19,133.25294494628906,136.0263797824913,131.98272559269267,135.9437102479524,19304213
2009-11-20,134.83883666992188,135.44011779040432,128.9762763598341,132.2833603690606,27084640
2009-11-23,137.8828887939453,138.85998666506637,134.5682975947448,135.2898427160944,19699955
2009-11-24,136.69532775878906,137.6949694062022,134.7261072619005,137.56719936108553,26675170
2009-11-25,135.5679473876953,136.64273997050844,133.36573023634793,135.90616971204412,24813921
2009-11-26,130.10372924804688,134.8088166956216,129.27695798312772,134.76371618182634,34519276
2009-11-27,127.90902709960938,128.8109616547372,121.91117618508999,127.77373817789298,42162917
2009-11-30,130.45701599121094,135.28987449956784,129.27698446019278,135.28987449956784,28313087
2009-12-01,133.36572265625,133.77158942240033,130.03608112561497,131.6821047542433,22969435
2009-12-02,134.32028198242188,137.91298298439094,133.4859917741861,134.51569653703342,36092732
2009-12-03,132.92225646972656,136.03392678744547,131.86248908286083,134.08726258692064,27686252
2009-12-04,130.99815368652344,132.4863445854398,130.02857457638808,131.53180318607892,23213157
2009-12-07,129.38218688964844,132.47881977230034,128.69070453570396,131.38147063204812,23868311
2009-12-08,131.1484375,131.94514575367575,128.01422384029334,129.27692435837892,32729114
2009-12-09,128.5704345703125,131.05074805680175,128.22469344375241,130.28410249520735,19975054
2009-12-10,131.6746063232422,131.98276584346627,126.91691197427973,128.57045455563684,32892728
2009-12-11,129.9534149169922,133.4408767924485,128.2773158265026,133.4408767924485,22930633
2009-12-14,127.87896728515625,130.57723954341577,127.39793719324969,129.05147971111953,22606556
2009-12-15,124.1134033203125,128.81097215203482,123.86536940510993,126.9319395731343,32478297
2009-12-16,123.65492248535156,125.62414356585808,122.41476547136577,122.81312604703541,29591991
2009-12-17,124.13594818115234,125.05292052704814,122.21182768757684,123.41440299606153,25527507
2009-12-18,121.66314697265625,123.92550230220621,120.87395736042716,122.79807775714026,25751418
2009-12-21,121.89616394042969,123.0987520088448,120.3328221594451,121.61056094354689,25986174
2009-12-22,124.12092590332031,124.61698113309457,122.66279778939216,122.94841337399299,16477901
2009-12-23,129.66781616210938,130.02858247178122,124.46667286323812,124.76731355721965,22437387
2009-12-24,130.0135498046875,131.06579848011341,128.5253589020677,130.02857489997018,17756678
2009-12-29,132.31346130371094,132.884679794379,130.01353701617802,130.01353701617802,19094790
2009-12-30,132.25335693359375,133.583702417565,131.20109557717862,132.28341974155848,18374152
2009-12-31,131.83242797851562,133.7415231627571,130.5246266888119,133.0199780586284,17544912
2010-01-04,132.23828125,133.0349895866475,131.5317739268757,131.83241453572478,9162186
2010-01-05,133.49349975585938,135.25226845068806,132.50888297626213,133.48598090078764,14659997
2010-01-06,134.51568603515625,136.39471857090842,133.8016597270242,134.53822998491918,20410054
2010-01-07,133.24545288085938,134.80128803052182,131.7572621892028,134.80128803052182,10852286
2010-01-08,131.3739471435547,133.78661644221847,130.9304987131701,133.65132751822074,20580934
2010-01-11,130.6900177001953,132.55401293346483,130.17140581798247,131.98279428512225,18184672
2010-01-12,126.68390655517578,131.0808347470059,126.27052089875332,130.6899930410237,22781935
2010-01-13,126.36823272705078,126.9018695724911,123.51211497534504,123.51211497534504,31684856
2010-01-14,125.5639877319336,129.42726563826534,124.94766880107095,127.32275612568547,33858143
2010-01-15,126.63880157470703,127.5632800354822,124.83493254795634,126.30808552485482,19521925
2010-01-18,129.7805633544922,130.5998158826411,124.81241619379949,125.36860968719385,22909535
2010-01-19,130.10372924804688,131.68210846006926,129.12664396302407,129.87825191012726,20804140
2010-01-20,131.9752655029297,132.9749075239978,130.6223633968788,130.7501334897545,27480893
2010-01-21,128.1796112060547,131.23114356395993,126.61625705974384,130.75763231481625,33727122
2010-01-22,126.375732421875,127.3227674638569,123.3918447544654,124.61696387150369,32621154
2010-01-25,124.88753509521484,126.14271682129186,124.05324515191191,125.00778628585725,15865157
2010-01-27,118.34854888916016,124.3764631371089,117.25119970957137,123.26408886241194,38013514
2010-01-28,118.4613037109375,121.43016687286719,117.13847707062857,120.25765427376943,56519067
2010-01-29,124.8199234008789,126.12021871936939,116.49960273450301,116.49960273450301,59256560
2010-02-01,125.63915252685547,127.53320984905879,122.51245732832692,123.27909026633003,28587542
2010-02-02,123.1137466430664,126.63880255758171,122.63271658093647,126.42083147409151,29159537
2010-02-03,126.18785858154297,127.02214879760966,123.7526450196062,124.0307417582951,18166148
2010-02-04,124.58689880371094,127.623405781556,124.09084365166916,125.48883331809445,18276049
2010-02-05,119.97954559326172,121.73079546176129,118.7544263554902,121.73079546176129,27352501
2010-02-08,121.06188201904297,127.77376036539813,118.1531444659919,127.77376036539813,22972361
2010-02-09,122.12162780761719,122.9634241367788,118.96486949608739,121.15956765113086,20874557
2010-02-10,120.22756958007812,123.49707284480107,119.78412116204994,122.96342340293567,19253811
2010-02-11,124.17353057861328,124.73724288286704,118.76945420594579,118.76945420594579,19596379
2010-02-15,122.86572265625,125.0679397695648,122.13665864995102,125.0679397695648,10649243
2010-02-16,125.13558197021484,125.93980928064424,122.81311368144468,122.81311368144468,11282936
2010-02-17,126.41332244873047,127.42800201692907,124.85749978796959,126.27051466675576,28238435
2010-02-18,126.27802276611328,128.22469956328897,125.42118876277337,126.27050391180167,25365791
2010-02-19,125.30094909667969,125.81956085903708,122.82814150284473,125.06794028472265,18276038
2010-02-22,125.00784301757812,127.77377304391044,124.57943218708381,127.04470886931469,12621301
2010-02-23,127.43550872802734,128.07437164302922,124.10586739230581,124.75226177707044,20701076
2010-02-24,126.44335174560547,127.15739046625923,125.21823287210495,126.28551891108074,17102217
2010-02-25,128.01426696777344,128.94626442610428,125.17317407552206,126.45843158540046,23944123
2010-02-26,131.10337829589844,133.3356583106368,126.571173799779,127.06722901664918,35508192
2010-03-02,134.86143493652344,135.74082564503328,133.05005937739784,133.05005937739784,28273393
2010-03-03,136.54502868652344,137.16886656221735,134.59084550232498,135.27480898601803,25091231
2010-03-04,135.04931640625,137.4770105566205,133.66635188518484,136.19175329140853,17625426
2010-03-05,135.5529022216797,136.64273245475496,134.03464865764136,135.0042276777973,14922803
2010-03-08,138.86001586914062,139.31850209801158,136.79308733439626,136.79308733439626,32294977
2010-03-09,139.07044982910156,140.490996234958,136.6502615251282,138.59693856565906,34059690
2010-03-10,137.96559143066406,139.7243602902698,136.5525637814645,139.04791558100982,22191510
2010-03-11,139.92726135253906,140.80665188679598,137.25905218019759,137.54465509389408,21146158
2010-03-12,140.7991485595703,141.58833816345566,139.9798961517452,140.55863351252404,20491075
2010-03-15,138.86001586914062,140.55114036261605,128.67569985813867,139.79953228007824,16240301
2010-03-16,139.87464904785156,140.53605586636615,137.123745205919,138.446584074001,14485526
2010-03-17,142.58798217773438,143.34710898921844,140.10014949697688,140.55111679398425,23114982
2010-03-18,144.8578338623047,145.73721183130726,142.6556168970368,142.81344976322038,25947581
2010-03-19,143.79052734375,145.64700289713267,142.57291463505706,144.76010619865954,17969248
2010-03-22,140.5886688232422,142.65559657576844,138.4465777678012,142.65559657576844,20087584
2010-03-23,139.123046875,142.2046545309855,138.59692889257386,141.15239333507705,20200125
2010-03-25,140.37823486328125,141.30271333200548,137.1838949985106,138.29626913341266,26513751
2010-03-26,142.43011474609375,143.09153418752504,140.58867679785976,141.15237637064342,21544611
2010-03-29,143.19679260253906,144.15885287421682,141.22757154159567,142.05434287603936,21909514
2010-03-30,144.2790985107422,145.5718621068642,143.5349968343163,143.72290512094742,18572757
2010-03-31,143.1817626953125,145.9326544806662,142.61053154349455,145.03071985239606,28237176
2010-04-01,143.2042694091797,144.59475265083262,141.94907506503614,143.858169952317,19839534
2010-04-05,148.1198272705078,148.9240545905232,143.55756019521186,143.55756019521186,28263136
2010-04-06,149.99131774902344,151.78014893791894,148.11980439975653,149.10442100834152,30864163
2010-04-07,148.4204559326172,151.6749211010797,147.33061323032547,150.72789877212998,19863459
2010-04-08,144.47451782226562,148.51818569855615,143.96342492743747,147.64631392765625,23439388
2010-04-09,147.06004333496094,147.6087178347064,144.609792605791,144.65489311477174,12637042
2010-04-12,145.00814819335938,148.05216121269717,144.49704275028253,147.315591078929,20644701
2010-04-13,141.63345336914062,145.28626735189627,141.35534401891027,145.00818323272514,21935727
2010-04-15,137.99562072753906,143.9934710782323,137.5897540005433,142.47521766344659,29869411
2010-04-16,138.66453552246094,140.8366891676099,137.5897306711373,137.84527073790503,24517465
2010-04-19,138.26620483398438,139.2808843131489,135.67315888322665,137.364270322622,23085573
2010-04-20,140.25047302246094,142.05432955493595,138.29627724028137,138.59693050863405,24374751
2010-04-21,143.091552734375,143.48239441304494,141.1523946661489,141.2952024451923,20722333
2010-04-22,141.88145446777344,145.00816257379114,140.57365316164612,142.1294883600792,23026162
2010-04-23,146.96987915039062,147.28554491869053,142.05433917389323,142.65563313578593,26901132
2010-04-26,144.33169555664062,150.04393046873972,144.06863658857327,147.3306207778217,31212868
2010-04-27,142.34742736816406,144.309128885238,140.57362147997068,144.00848830971412,15461006
2010-04-28,138.213623046875,141.445545116681,137.30416951696972,139.9949358284345,21680010
2010-04-29,142.3625030517578,142.95627817646752,138.7472581612148,138.7472581612148,25572305
2010-04-30,143.0990753173828,144.97058897224525,142.3775301640976,143.24188310014682,18736987
2010-05-03,140.8367156982422,144.00099264241655,140.25045954303883,142.219680230058,16415217
2010-05-04,137.57470703125,142.29481866712698,136.6427098233749,141.58831136942092,19283099
2010-05-05,135.83853149414062,136.79307290131788,133.3732426095144,136.79307290131788,29067978
2010-05-06,135.71826171875,137.17638975982447,133.93694906280257,135.0568547787641,17990027
2010-05-07,131.77230834960938,134.0872703944956,130.62985872904682,133.01998409109987,28132593
2010-05-10,138.6119384765625,139.49883523135483,133.5761482401898,133.77157536357873,24365786
2010-05-11,137.7852020263672,140.40080505728815,136.49243822246527,138.5969482933429,22917191
2010-05-12,137.507080078125,138.80737511495792,136.20679765681962,138.5969228848986,19398219
2010-05-13,139.34854125976562,140.4007898736441,138.45412552253396,138.59693330477694,16082291
2010-05-14,136.9508819580078,139.0553915701902,136.04144122624095,139.0553915701902,14222945
2010-05-17,135.4552001953125,136.0264187098241,132.74189017420758,134.9891951884099,18725272
2010-05-18,133.6663818359375,135.6280840931758,132.65922102006977,135.6280840931758,20063351
2010-05-19,123.9330062866211,132.88468232763756,122.96342725095985,132.28340102236945,67251569
2010-05-20,125.01535034179688,127.32279389794118,122.58764293599988,124.91764306018982,35100450
2010-05-21,125.48881530761719,126.12769075341554,121.35495988960042,122.20428753291878,24783665
2010-05-24,125.08296966552734,142.74580598295174,124.0156834073945,126.19535643515323,23350662
2010-05-25,121.66314697265625,123.42943449313492,120.61089836152694,123.42943449313492,24955590
2010-05-26,127.43550872802734,127.8864759803046,123.4444605301246,124.02319784229678,23904468
2010-05-27,128.79595947265625,130.02859781743035,125.2558773520305,127.02216529174352,32111810
2010-05-28,129.99099731445312,131.8324483236003,127.57082150042802,129.59264935179834,22395593
2010-05-31,130.52464294433594,131.44912154142955,128.8861380086702,129.99099344261438,20342899
2010-06-01,125.96234130859375,129.99847693762,125.23327745749616,128.02175020113023,21329060
2010-06-02,126.61622619628906,127.75867556909182,123.7150211839455,126.97700499423752,18265478
2010-06-03,128.3900604248047,129.13414951304858,127.50316355657843,127.98419364939893,13719871
2010-06-04,130.15635681152344,130.56974247001025,128.3900691937536,128.3900691937536,16301560
2010-06-07,126.56364440917969,127.77373846824777,107.02929411527934,107.02929411527934,19093156
2010-06-08,122.88826751708984,126.97702298518305,122.22684803748707,126.12018898806045,25602786
2010-06-09,123.94804382324219,126.25548700620902,122.81311306099268,122.81311306099268,19901849
2010-06-10,126.46497344970703,127.25057100361715,124.16921994870154,125.51159501482786,19786860
2010-06-11,129.05059814453125,129.66077229830051,126.88450102168822,128.8980642074698,20875123
2010-06-14,130.21751403808594,131.0336183830581,128.65396160317442,130.42344439767155,15172569
2010-06-15,131.20138549804688,131.92595655746305,128.028514701372,130.2174876669458,14494936
2010-06-16,133.74122619628906,134.22173034550994,131.19377585373005,132.55902775850063,20689289
2010-06-17,134.82427978515625,136.05224483913616,129.0505614638259,133.93191490100443,64208595
2010-06-18,132.6048126220703,134.99971660561212,131.80396799559202,133.6420944083617,17517863
2010-06-21,137.25738525390625,138.8133083729644,133.56585879171317,134.06925283714386,28587960
2010-06-22,136.0064697265625,138.1725660976567,135.5183356936916,136.83020390818007,18128176
2010-06-23,137.34881591796875,138.00474348675687,134.47339598265842,135.1674602149401,17704599
2010-06-24,135.1064910888672,137.59292811539936,133.95479931789066,137.01327368304334,19182339
2010-06-25,130.65988159179688,134.53444735504402,129.89717371111763,134.2369966583509,20190291
2010-06-28,132.73443603515625,133.00900980307085,129.96579587229132,129.96579587229132,13951817
2010-06-29,129.40142822265625,132.73447673117593,128.38703606988878,132.73447673117593,18167385
2010-06-30,131.44549560546875,131.8497264801841,127.25821883116564,127.54042257458549,22055880
2010-07-01,128.35653686523438,130.72856446620327,127.60908854958431,130.33959331519597,18383568
2010-07-02,128.14292907714844,129.3175103980989,127.0980175603408,128.5166658983692,17940307
2010-07-05,128.22686767578125,129.00483550782926,127.22009255292865,127.8302538629677,8028047
2010-07-06,131.0030975341797,131.44547782990014,127.89886957818995,128.05904616865337,12755105
2010-07-07,129.08108520507812,130.89634759434105,128.78363447188542,130.72854108645683,11463655
2010-07-08,131.53701782226562,132.07091853386487,130.4310925213752,130.88108997763763,9200433
2010-07-09,133.611572265625,134.08444653088594,132.10140353148918,132.17767687797314,17697773
2010-07-12,136.28863525390625,136.52507230947435,133.63440559312085,134.98441010110062,22222106
2010-07-13,137.20391845703125,137.4403555624829,131.2242705661481,131.2242705661481,13894930
2010-07-14,135.953125,139.49210415267748,135.1751571617541,137.74549786596955,14287663
2010-07-15,134.51922607421875,137.4175242557917,133.9776954383061,135.61752153570237,15469250
2010-07-16,137.65394592285156,138.05055968470197,135.15226182983466,135.15226182983466,16519811
2010-07-19,137.29547119140625,137.9514118091396,135.3047980559029,136.54039313380937,17190327
2010-07-20,135.2819061279297,138.21834038383147,134.6946218371168,137.2954559255274,8007180
2010-07-21,137.68443298339844,138.03528012198,135.86155384171758,136.37257756199412,16133474
2010-07-22,138.61495971679688,138.81326018617585,135.18276136680038,137.13529768634095,15511622
2010-07-23,139.24801635742188,140.46072171185878,138.11157155462575,139.57597385480878,26262956
2010-07-26,139.83529663085938,141.31494587761756,138.9963153706562,140.1556370250559,11298100
2010-07-27,140.9793701171875,141.4827640355465,137.02090063726018,139.62174787904976,22837809
2010-07-28,138.6378631591797,141.17768427983313,137.66922470925343,141.1014237167356,11353760
2010-07-29,141.66578674316406,142.1691805976036,137.3335937235373,137.59292054591108,27850388
2010-07-30,138.0353240966797,142.09294436533892,137.28787581677352,141.40650965892698,13123495
2010-08-02,143.32086181640625,143.67933884403482,138.96579223187703,139.11832611460665,35178759
2010-08-03,146.74545288085938,147.35562691280194,143.84715503326905,144.06071530435702,36030291
2010-08-04,147.85134887695312,148.42338611867552,145.99034597145703,146.90560043747848,24579956
2010-08-05,145.7386932373047,148.42343109653055,145.31920254674313,148.42343109653055,16833531
2010-08-06,144.88441467285156,146.89797714901331,143.77848961108128,145.67764207338647,19349913
2010-08-09,149.50645446777344,149.7962880749701,144.76240063294514,144.76240063294514,26036059
2010-08-10,150.84886169433594,151.7793634710558,147.45479933553702,149.05648880781504,32136478
2010-08-11,148.24798583984375,152.38950846832157,146.8522270406175,149.5064577277912,24126129
2010-08-12,146.94374084472656,150.71153924733395,145.98273250852128,147.05052097117576,27957517
2010-08-13,148.94203186035156,150.22339327617087,146.94372919677892,147.9505168240188,18807717
2010-08-16,145.99798583984375,149.64373136259627,145.38781188686568,149.03357021145513,17307295
2010-08-17,146.2725830078125,147.93528585224868,145.29631476854007,146.0590227302418,17407340
2010-08-18,147.64544677734375,149.03358853039978,145.08274914460958,146.74545192777447,18024050
2010-08-19,154.5251007080078,154.96746822884492,148.27849493974313,148.27849493974313,31322681
2010-08-20,151.62677001953125,154.05982306601297,151.26067589956475,153.38863557726503,13829926
2010-08-23,154.29629516601562,155.08950994063738,150.25393513157994,151.55054383734674,21478556
2010-08-24,152.80136108398438,156.20305250882166,152.23695367789665,153.45728882544955,20445177
2010-08-25,150.1471710205078,153.12937264237758,149.7429272927978,151.51242333521907,21110166
2010-08-26,150.0327606201172,151.77936696708232,148.8963284109432,150.25395082536562,23825681
2010-08-27,146.05137634277344,151.0166202310427,145.410695582404,151.0166202310427,15228587
2010-08-30,147.64544677734375,149.63611986080045,146.15816758701615,147.49291287172773,9860900
2010-08-31,149.14036560058594,149.72002003369258,146.44036830552147,146.74544891232296,16651382
2010-09-01,151.77931213378906,152.95389340419,149.54457240467144,149.54457240467144,23069332
2010-09-02,153.13693237304688,153.80811983420122,151.85558380308754,153.0301522587306,13626541
2010-09-03,152.69459533691406,154.05984741208465,151.657313564278,153.15222266056847,10505940
2010-09-06,158.559814453125,159.86405280079717,152.69457603876984,152.69457603876984,26211993
2010-09-07,158.43017578125,160.0394948917451,157.5988243928517,158.643736050133,20394539
2010-09-08,156.75222778320312,158.83442139559511,156.17256048468664,157.1259518875669,14453131
2010-09-09,160.19964599609375,160.77931319478927,157.43863531269585,157.88863270009307,19452207
2010-09-13,167.49114990234375,168.3530079363773,160.9470943537897,161.54200849456734,27495979
2010-09-14,167.8191375732422,170.35134127532743,166.57592540986047,168.1013413063502,21616595
2010-09-15,168.3911590576172,169.3064136299465,167.05641387312343,167.87251821378726,18293869
2010-09-16,168.3377685546875,171.4572564251437,167.33862350564476,167.79625080801551,24753080
2010-09-17,169.96234130859375,171.15216969175836,168.55895267185215,168.55895267185215,17280802
2010-09-20,172.02928161621094,172.94453615637758,168.55894681884448,170.08436251789752,17251201
2010-09-21,171.93777465820312,172.79964566896575,168.56660237760215,172.067444485724,26808430
2010-09-22,171.77760314941406,173.4250589383132,169.93184688285135,171.52590620355588,24402427
2010-09-23,167.8343963623047,175.1182713065489,164.79881157739626,171.45726549574266,11279944
2010-09-24,169.9470672607422,170.61825474398452,166.0343651754792,167.79623071876074,16652922
2010-09-27,170.09963989257812,172.50217370751147,169.32167217282654,170.47336396107752,16681098
2010-09-28,169.42843627929688,170.09962380143563,167.49115986070765,169.62674953923795,19714788
2010-09-29,168.0937042236328,170.38947066793784,167.13269583444696,170.09963705133467,13729534
2010-09-30,169.77166748046875,170.9996326066338,167.38439348663906,167.7962542266124,21504956
2010-10-01,173.16575622558594,173.56999993479772,170.2369512158171,170.39712784088147,17485077
2010-10-04,176.36146545410156,178.47416532092,174.05045233924557,174.05045233924557,17268410
2010-10-05,175.072509765625,176.76571927717544,174.1648850485847,175.12589343046827,13780156
2010-10-06,175.29368591308594,177.43690562245837,173.6691198685913,177.10131824103203,13735144
2010-10-07,173.53182983398438,175.57588646938456,172.66234181427018,175.27080587341277,12894359
2010-10-08,171.79286193847656,174.18776585341908,170.58014378873713,174.05047893863173,15274957
2010-10-11,172.76913452148438,174.80556140983253,171.40388243277107,172.37252075655937,12662463
2010-10-12,173.69961547851562,174.61487002588794,172.28097989137456,173.28775477274922,13894050
2010-10-13,176.75048828125,177.68098996715688,173.31828957457046,173.69964356399714,23386759
2010-10-14,173.85218811035156,178.35217537088582,171.49540793931118,177.70387743750476,15209738
2010-10-15,171.55642700195312,174.35557481246397,170.55728183444063,174.05049417532237,12092877
2010-10-18,170.25982666015625,171.45728518223,166.88865408954004,170.8471238779571,31960313
2010-10-19,170.77847290039062,176.0945647989468,169.85558828601188,171.60982436186592,21956495
2010-10-20,169.91659545898438,172.0750751416136,168.97846388898577,169.93185525117386,12450344
2010-10-21,172.31150817871094,172.65472547635946,168.26913555685394,170.99963974989583,20931966
2010-10-22,172.65475463867188,173.74543308129543,170.4047542823008,173.13525893653954,11809754
2010-10-25,174.21826171875,176.62842527403433,173.13521345781948,173.59284074571775,13466711
2010-10-26,172.54794311523438,174.35556272744503,171.91489219580225,174.2030288203665,12090254
2010-10-27,168.8258819580078,172.26570979897338,166.05725440026663,171.96825912987708,19789264
2010-10-28,166.1259307861328,170.5572745378909,164.4479681508791,170.008126854161,50115582
2010-10-29,177.4064178466797,179.5420078893713,163.83016960424868,167.5369421952686,53175655
2010-11-01,187.93179321289062,189.7623023474506,180.91486286680657,180.95299954059635,52388754
2010-11-02,187.83265686035156,190.174177113765,184.46147194220893,187.32163307491237,25181574
2010-11-03,188.94622802734375,191.4097756137642,188.08436978718942,189.91486641070514,17747581
2010-11-04,193.12586975097656,193.8123171677489,189.304699992063,190.50977551626116,16242809
2010-11-08,191.4860382080078,194.94874356846455,189.75469192869883,194.18603561805955,29505399
2010-11-09,193.59873962402344,194.9182250669989,190.39534850235563,190.83009892093955,19700472
2010-11-10,191.47079467773438,192.9504440316676,190.47163674714218,192.20299585957403,12210517
2010-11-11,188.70974731445312,192.95040687529627,187.947039497141,191.89786547874436,12496528
2010-11-12,183.11912536621094,188.37419087171278,182.1123374998778,188.08437002707217,15188365
2010-11-15,186.58946228027344,188.67929873060856,182.6462521752425,183.11913936099967,23387001
2010-11-16,183.40130615234375,189.22840832483683,182.07419082399088,187.93179977621372,21744272
2010-11-18,177.61996459960938,184.18689803981925,173.7148918141693,184.11825458232013,39112364
2010-11-19,175.2250213623047,178.47416586196624,173.98180941976997,178.00129162671882,17577142
2010-11-22,180.0072479248047,182.0055380491158,174.68352671876522,175.86572526463908,17846708
2010-11-23,176.48348999023438,179.2978968759753,172.06740696734298,178.7792560844958,20635851
2010-11-24,171.6250457763672,179.22164344145065,169.96997299644568,176.94876677793772,27031867
2010-11-25,170.2750244140625,176.54450570213652,168.1928314792538,173.28773156152369,41819998
2010-11-26,171.48013305664062,175.8199430005776,166.46149290350772,172.21995121734352,30729622
2010-11-29,176.07928466796875,177.44453669088736,172.88352342049123,173.28776706180307,20550194
2010-11-30,174.21826171875,176.44538460034505,172.01402852274427,175.43859688586627,32235126
2010-12-01,178.08522033691406,179.69453942880332,174.6301321998526,175.42335970420103,23061665
2010-12-02,181.70046997070312,183.3555557301322,179.99963043856877,180.30471106457298,21933323
2010-12-03,180.22080993652344,181.63181574934976,178.01657662050488,180.91487440043795,14783175
2010-12-06,175.6063995361328,182.3182492095484,174.38605159384153,181.44874842025249,21383741
2010-12-07,169.39793395996094,175.22503596087273,167.79624485936472,175.22503596087273,34666654
2010-12-08,168.46746826171875,169.85559740415542,165.5462803433283,168.55898861769558,23239832
2010-12-09,161.43527221679688,170.9539010541496,159.42172202512916,168.41406722389064,46268178
2010-12-10,170.40472412109375,171.6098124029066,158.81153263926618,161.2369561927536,37551387
2010-12-13,170.90809631347656,171.84622773424672,165.68352579367027,171.76232449422915,20001096
2010-12-14,170.77081298828125,172.8301293408963,168.30725301871414,171.59453440859232,15565874
2010-12-15,164.54710388183594,169.12336404695307,163.38778225032988,168.10132932427186,26295830
2010-12-16,168.67337036132812,169.64963853529477,162.93015854284386,165.35558198857615,22559251
2010-12-20,167.8038787841797,170.67928677876822,165.97336959563324,167.7504823185642,17667639
2010-12-21,173.64622497558594,174.3555363402901,168.10131424878665,168.20809436850072,22757977
2010-12-22,172.6394500732422,174.66064260231937,170.86233738024225,174.66064260231937,14806913
2010-12-23,172.31915283203125,173.89795253642282,171.27422825593575,173.74541861431535,10596553
2010-12-24,170.5648651123047,172.05214401347916,169.62673376826098,170.38944155357282,11189920
2010-12-27,171.69371032714844,173.28778254649947,170.58015514337703,170.58015514337703,8825591
2010-12-28,169.6038818359375,171.7623486772791,169.1233776164974,171.7623486772791,8497280
2010-12-29,172.28860473632812,172.67758857655488,169.1843767116546,170.08437150960168,12598855
2010-12-30,173.4174346923828,174.44709939467978,171.3199814116287,171.3199814116287,20579317
2010-12-31,174.6759033203125,175.148790437354,173.13522764523435,173.38692459447913,10779400
2011-01-03,174.6377410888672,176.70468724561175,173.73774636140752,176.03349974645124,7588053
2011-01-04,168.41404724121094,175.30132107761756,167.5064225031511,174.7674332094683,22965195
2011-01-05,163.12086486816406,167.64372930359764,162.4573071002689,167.3691554412741,29191800
2011-01-06,160.6953887939453,164.50894044479756,159.74962757487523,163.86825977328164,26233795
2011-01-07,160.047119140625,164.42506609274668,158.79626435246652,159.40643835658074,33983851
2011-01-10,154.6776123046875,161.5191313117961,153.3199903555638,159.29200863391034,35807255
2011-01-11,156.04290771484375,159.04798602835064,152.96155603872884,154.98273613864066,34005752
2011-01-12,163.1360626220703,163.8682636345548,156.25641994169416,157.24031785262187,37752814
2011-01-13,156.50814819335938,162.91491793744177,154.98271951038436,162.91491793744177,28324004
2011-01-14,153.94546508789062,160.74884980268087,153.3047841590967,157.1183373413561,24588250
2011-01-17,152.7174835205078,155.57764490356388,151.47427128053008,154.0827356966799,18208866
2011-01-18,154.2886505126953,156.2030630057334,152.55730430638903,154.06747315354392,19144675
2011-01-19,156.0886688232422,157.8810415743631,154.96748371697637,154.96748371697637,18071174
2011-01-20,160.25303649902344,162.686076818876,153.52592721810262,155.39457295230406,19835882
2011-01-21,162.54115295410156,163.0826834354021,157.7970996305766,159.12421480219197,23706760
2011-01-24,165.34033203125,166.56066732128832,161.6945731512261,162.45729390910907,47351716
2011-01-25,158.32339477539062,166.42337394958506,157.57593383841424,165.96574663333152,38448415
2011-01-27,154.73104858398438,160.16916767446403,153.53359010198545,159.7115403106545,33297764
2011-01-28,155.35646057128906,157.1488332411897,151.51240118166598,155.28781711082576,26788206
2011-01-31,155.8369598388672,157.1183086607146,151.2530695201093,152.37425453991526,21694667
2011-02-01,151.74884033203125,155.5928997719822,151.01663914355674,155.45561284925816,25132965
2011-02-02,154.28102111816406,156.1801608667723,152.8700026206238,154.8301687272231,17083781
2011-02-03,156.66067504882812,158.29288379416153,153.03780609328086,154.06747072798814,16068459
2011-02-04,151.93186950683594,157.84287453930912,151.0471217450455,155.59287486311808,19283671
2011-02-07,149.30055236816406,151.77935988369066,148.62936468846968,150.2539438131636,18498540
2011-02-08,145.1513671875,150.4064313549112,144.42678325579965,150.3911843679385,38561842
2011-02-09,145.9903564453125,150.3911927300248,143.3590028671774,145.06747201879878,36993066
2011-02-10,146.41749572753906,148.6903597569975,145.6776646727665,146.0285118615519,18715125
2011-02-11,152.6259307861328,153.76236264150634,146.61577564838123,146.61577564838123,22211942
2011-02-14,157.76663208007812,158.3920531507671,154.0827363179159,154.0827363179159,19183411
2011-02-15,160.809814453125,162.63269362545788,157.72846349756685,157.72846349756685,26982532
2011-02-16,160.2606658935547,161.63353488387568,159.2920149036942,159.63523215127447,9236227
2011-02-17,161.2369384765625,163.21998147491348,158.05643722382163,159.84117976288871,21857841
2011-02-18,156.5386199951172,163.67758930311334,155.98947244891312,161.99962708808016,35232444
2011-02-21,158.2852783203125,158.91832930864012,153.47258019190195,156.53867208084864,15063350
2011-02-22,156.6759490966797,157.5759439958626,154.8530696098308,156.61493553106982,14653699
2011-02-23,153.47254943847656,157.08778833191184,153.01492215546088,155.44033267342283,14496949
2011-02-24,145.12088012695312,153.15221560361846,143.95392858512943,153.030175682076,43431096
2011-02-25,150.44459533691406,152.01577778683873,147.38613368707334,147.87426779186862,26761487
2011-02-28,148.09542846679688,153.52591610074933,146.7606834392833,152.2064308617761,36869228
2011-03-01,156.5386199951172,157.11827431590643,149.2318570259849,150.0860979217119,26361698
2011-03-03,155.5242462158203,157.98780637251014,151.93951386360393,153.9149271244897,34432750
2011-03-04,155.03610229492188,159.62762212651856,154.28102431681097,157.11829555699816,18568319
2011-03-07,154.09034729003906,154.6776316085025,151.3217065866109,153.72424032678202,17101144
2011-03-08,155.6844024658203,156.2869465593601,153.32000546316337,154.83017424371926,15472270
2011-03-09,157.9191436767578,158.64372769438933,155.79118379755704,157.07254534336576,17054807
2011-03-10,154.76153564453125,156.8132222228166,153.77763757782486,156.8132222228166,10533066
2011-03-11,153.59457397460938,156.35558461474767,152.56492220648667,153.60983376458327,14535279
2011-03-14,155.45559692382812,155.83695087030972,153.44966415575445,153.59458095974827,10378098
2011-03-15,152.02345275878906,153.06836473663367,150.36836656810962,151.0166774693618,21340874
2011-03-16,156.7293243408203,157.71320955900129,152.8471287248027,152.8471287248027,22552920
2011-03-17,154.34967041015625,156.72169731331144,153.1827188949091,155.59288247256293,31400270
2011-03-18,152.93104553222656,155.8979870922241,152.54969153030748,154.60900826140642,11674993
2011-03-21,153.0912322998047,154.5022383599002,152.08444435407708,154.05224086383856,10459223
2011-03-22,153.1750946044922,154.58611320705862,152.13018296977364,153.75476183661166,18005289
2011-03-23,158.78102111816406,159.20051175533806,152.4276479992515,152.8013720645292,28313109
2011-03-24,160.6420440673828,162.44966371211513,159.6276391592458,159.6276391592458,16644864
2011-03-25,166.43862915039062,167.33862396673658,161.5649054077236,163.34201815587718,21900758
2011-03-28,167.9182891845703,170.16065927595966,164.4479667115524,164.59288352723252,31802133
2011-03-29,167.71998596191406,169.32167520050982,166.72845795619352,167.79625931648312,19421473
2011-03-30,169.1843719482422,170.15302297480406,167.88014635802122,168.55895098410218,14285155
2011-03-31,170.26742553710938,172.06742794064962,167.4301414241758,169.6572643439972,39723216
2011-04-01,168.23861694335938,170.69454712556472,167.0335415383827,170.05386634711866,17402236
2011-04-04,170.7250518798828,171.9072503865467,168.59709200752025,168.59709200752025,16912005
2011-04-05,169.51234436035156,172.05216492257577,168.4216662059635,171.5716607516918,14686804
2011-04-06,167.87252807617188,170.77082585759578,167.18608070567788,169.13862988221535,17832133
2011-04-07,168.4064178466797,169.99286007000472,166.835235414759,167.79625662359666,15195235
2011-04-08,167.5369415283203,170.6793066124675,166.47678280838207,168.48270301205932,18281763
2011-04-11,167.88775634765625,169.07758466856367,165.5080997058414,165.5080997058414,17869494
2011-04-13,171.8920135498047,172.3725177553987,165.69117424230296,166.85049593341998,27268070
2011-04-15,168.05557250976562,173.7453876330361,167.52930176819672,170.83946011251865,32808215
2011-04-18,165.37083435058594,170.44285876379644,164.98185048709598,168.11659828045435,32784537
2011-04-19,166.27845764160156,166.80472841679122,163.52507664193078,165.35558591247542,19193520
2011-04-20,169.68016052246094,169.9165976916312,167.0335594825787,168.36067495061732,13743636
2011-04-21,170.6182861328125,171.44963754482666,169.55049755990385,171.1064202464574,13116108
2011-04-25,169.7258758544922,171.81569867061222,169.18434541573367,170.00807951379085,15140691
2011-04-26,171.0682830810547,171.6708272263848,167.51405737632345,170.61828564649332,22127270
2011-04-27,168.84117126464844,172.1437127892688,168.10134020706383,172.05980953873825,24888902
2011-04-28,170.4657440185547,172.05980330618354,165.50811696328668,170.5420045686471,63212490
2011-04-29,170.00048828125,172.06743468759424,168.2691292640924,170.23692543280598,26534112
2011-05-02,167.5369415283203,170.58778626314026,166.9420272530948,169.90135163858747,12139336
2011-05-03,162.88441467285156,169.00898130025888,161.14543834584174,167.18610171460844,34744754
2011-05-04,161.33612060546875,163.52509439091784,159.07087345849519,161.6564610427676,23253048
2011-05-05,157.1182861328125,162.80811366585104,155.74541716404846,161.23693144461475,26183866
2011-05-06,165.32505798339844,166.0725060251822,157.5072707088396,157.57591415761232,31367308
2011-05-09,165.20303344726562,166.789475613226,162.6479530136292,166.789475613226,11077110
2011-05-10,164.16575622558594,165.50811858573812,162.64795747317072,164.89795736798848,11888525
2011-05-11,164.2419891357422,165.0046968710412,161.8470730209213,164.4402895624061,11803324
2011-05-12,160.49708557128906,164.58521092413358,160.16911534712438,163.2199591751956,12828887
2011-05-13,163.68524169921875,167.24709694876395,159.45219891102417,160.93184809190936,23128644
2011-05-16,161.351318359375,162.73182993654513,160.93182780084027,162.22843614556908,10263132
2011-05-17,158.6055908203125,162.11404967258215,156.05051042905387,161.3894784576992,19981456
2011-05-18,157.46151733398438,160.43607532272355,156.36320934906524,159.40642358858386,17008519
2011-05-19,157.13356018066406,159.25389018180732,156.16492191995474,159.25389018180732,9594981
2011-05-20,159.13186645507812,160.79456919326896,156.3555958258992,158.33863895997663,14523778
2011-05-23,153.59457397460938,158.17083392610817,152.99965979685942,158.17083392610817,20182530
2011-05-24,155.4098358154297,157.26322194931154,153.7776398429791,153.7776398429791,14121596
2011-05-25,153.87677001953125,155.74541570100385,153.06066573878152,155.74541570100385,22213400
2011-05-26,156.54627990722656,157.4233978516223,154.66238700112734,155.37932834594227,24824552
2011-05-27,162.9378204345703,163.78443175844865,157.14885370991155,157.15647080508043,21147302
2011-05-30,164.39454650878906,165.25641738249575,163.2352249525535,163.52505854207163,12552633
2011-05-31,165.67593383789062,167.0030492787446,163.69287777080942,164.8674593000841,12853775
2011-06-01,165.46237182617188,166.04202628777756,163.0750849161202,165.3250849062695,14988578
2011-06-02,162.09347534179688,164.1179073657302,161.08898250655116,164.0715423669438,16240906
2011-06-03,161.8616485595703,165.04511447830197,160.88807445843346,163.03612899097718,12010872
2011-06-06,163.50747680664062,164.4269692618397,160.02267069466166,160.71809376640178,8044250
2011-06-07,163.21385192871094,164.3883324003386,162.2711834685882,162.309818803839,7526590
2011-06-08,162.1166534423828,164.17972083030998,160.7181034917654,162.28664114781273,7484163
2011-06-09,161.95436096191406,163.3297346050086,161.10440964625957,161.49074997435454,11750871
2011-06-10,160.08445739746094,162.26341718614714,158.64725956433762,162.26341718614714,11831715
2011-06-13,160.65626525878906,161.64529861860893,158.85590290705193,159.2036208904001,10309585
2011-06-14,163.1211395263672,163.41476289489898,160.87262520337862,160.87262520337862,13611840
2011-06-15,159.3504638671875,162.85072989992074,158.7400539924362,162.41802444245246,10068916
2011-06-16,158.94093322753906,161.32080006222537,157.33374722988873,157.6273706168855,17063546
2011-06-17,159.5126953125,160.70262205600466,158.25321459487634,160.70262205600466,8868018
2011-06-20,158.3768768310547,160.9962724137946,156.08201031533912,159.31181572378202,17278728
2011-06-21,156.70013427734375,160.4090097418055,155.062042750412,158.6627548391465,25492472
2011-06-22,157.45736694335938,158.77092942083206,156.08199311780623,158.29958871095192,15268286
2011-06-23,159.20359802246094,160.09217161125326,156.75419098594156,157.0091659801859,16378895
2011-06-24,164.44241333007812,165.18418836035858,159.94539815611896,159.96084450739204,30416006
2011-06-27,166.8068084716797,167.63357079777066,161.8307233188296,162.94339226910762,31891365
2011-06-28,167.40948486328125,168.7539526866514,165.87184041277106,166.89950894301268,18590737
2011-06-29,168.0199432373047,169.17123467880842,167.44042620164942,168.42945961716885,23534104
2011-06-30,169.1635284423828,169.91303326838428,166.4359565114386,168.59947064977746,30256534
2011-07-01,169.19444274902344,171.74429743826752,168.1513274502772,171.74429743826752,15351198
2011-07-04,169.95164489746094,171.8138057255874,169.25623483078076,171.53564169891533,9907144
2011-07-05,169.5730438232422,170.27618359043205,168.1435753058365,170.27618359043205,11382959
2011-07-06,166.1964111328125,169.99028691411587,165.60144772245903,168.80036009340893,13279783
2011-07-07,168.42172241210938,169.0939564368958,164.2956012483001,166.80682000826712,21552668
2011-07-08,163.8397216796875,169.19440495562515,163.30656965634267,168.6226305691598,22574838
2011-07-11,162.881591796875,163.80880085320118,161.7148410893334,163.80880085320118,11887007
2011-07-12,161.74575805664062,164.6510470226841,160.269924591362,161.0271589912673,14191237
2011-07-13,162.881591796875,163.85516584524746,161.69938176890844,162.26343945676234,7449898
2011-07-14,165.2073516845703,167.51767692228933,161.67619414397427,162.247981450968,13062016
2011-07-15,163.90927124023438,165.97232546769482,163.42247121491437,164.58150530743595,8569632
2011-07-18,161.89256286621094,163.7315476473095,161.01169283932575,163.34520728760862,8912761
2011-07-19,164.08694458007812,165.33868238857647,160.88803313101937,161.63753766592475,9965032
2011-07-20,161.54483032226562,165.19962354328632,161.0735026480287,164.73601255954995,9530686
2011-07-21,160.87261962890625,162.90478118563612,160.29311554226845,161.02716096893212,7679364
2011-07-22,165.0528106689453,165.3541636423055,161.71482976756272,161.95435843278003,14966286
2011-07-25,166.10366821289062,167.5176771630931,163.26792065281734,165.02963459581918,11831814
2011-07-26,160.6485595703125,166.8532079754592,159.5977017417756,166.2736908859663,23305628
2011-07-27,158.38458251953125,161.67621175387305,157.41872512632025,160.94215339103357,14696011
2011-07-28,157.2332763671875,160.02265920718617,156.08198495020883,156.40651396449343,21029090
2011-07-29,160.21585083007812,162.4180001611883,155.092966036167,156.2365278995025,35954077
2011-08-01,161.54483032226562,163.762438572163,160.51716168600842,162.69613460649214,11485974
2011-08-02,157.89004516601562,160.92668599131966,157.3337042212767,160.70260368152643,16090563
2011-08-03,154.83798217773438,156.46061447517295,153.04534920767063,156.46061447517295,21226898
2011-08-04,153.47804260253906,156.85467226833708,152.9912555452444,155.850179510795,14940392
2011-08-05,149.35964965820312,151.3995410081498,146.80979519769258,149.90053141416215,25544739
2011-08-08,146.9488525390625,150.67317361640835,144.24445742149123,145.27212600986107,18978404
2011-08-09,145.2875518798828,149.5295909369877,140.6978208617222,141.40096038056285,29403467
2011-08-10,148.92697143554688,150.085992763873,147.99974918519328,148.9656067767476,18588124
2011-08-11,145.6585235595703,149.87737589450165,145.26445343842906,148.12337802076436,21163912
2011-08-12,145.2566680908203,149.127813825781,144.03583582184694,148.2469568800085,26148012
2011-08-16,144.5844268798828,149.23598266214512,144.1285455955996,148.67965471783023,16205882
2011-08-17,140.597412109375,145.57348472126907,140.11062507576958,144.18266462525355,32595326
2011-08-18,133.4887237548828,141.40099040573043,133.10238342039864,141.40099040573043,43620357
2011-08-19,128.59762573242188,131.88925438612432,127.23769855516264,130.5834218535879,47374162
2011-08-22,131.51068115234375,132.5229037484703,127.56227637508931,129.03809712774955,20057889
2011-08-23,131.6884002685547,133.4114924155968,128.52813566040822,132.4379051478992,25564489
2011-08-24,130.15074157714844,132.73923113133915,128.86808480636947,130.58344694115522,16749628
2011-08-25,128.86032104492188,131.97423215883285,127.87901754420152,131.3406336017358,31804679
2011-08-26,126.75865936279297,129.3162301484393,125.77734268152581,128.65945544340988,19450365
2011-08-29,132.60011291503906,133.47324009606575,129.03803726433924,129.03803726433924,16352996
2011-08-30,134.94908142089844,137.04305402272334,132.9014738082132,134.44684807700088,19674077
2011-09-02,137.09719848632812,139.0366304752052,135.39729525145543,137.76943271158717,38295103
2011-09-05,136.4867706298828,137.41399290029926,133.7360224676484,135.52864267968343,18440438
2011-09-06,137.4217071533203,138.50345770135374,132.17518651766645,135.21955775031847,28641646
2011-09-07,138.67343139648438,140.0951701788424,137.5530456239314,138.15573867431235,18460090
2011-09-08,142.01141357421875,143.40996325562966,136.61035259344303,139.37655925493019,23734656
2011-09-09,138.5884552001953,143.06228195937732,138.10938480400847,143.06228195937732,17818630
2011-09-12,133.26466369628906,136.6103749238688,131.87383047825122,136.03860047115356,20189950
2011-09-13,131.72702026367188,136.0463186828977,130.1198472983783,134.83321578224516,14670975
2011-09-14,133.5273895263672,134.23825901649434,129.81850071901465,132.41472029031522,22201311
2011-09-15,135.40499877929688,136.36311361038744,131.49521690602882,135.21955176037648,15777349
2011-09-16,136.5949249267578,138.30255748582874,134.60139866434088,137.69213474334165,34330356
2011-09-19,132.82420349121094,135.63677507041405,132.28333481650967,135.63677507041405,11492277
2011-09-20,136.3553924560547,137.19761422083272,132.9169514190475,133.24919714079195,14962002
2011-09-21,139.26837158203125,139.82471251453902,135.54405052870524,137.05850607831778,17767211
2011-09-22,133.26466369628906,136.5485635726396,131.9356418294804,136.00769479553895,16171727
2011-09-23,130.39028930664062,133.81327144606178,129.5557970992875,131.09342914118395,16569982
2011-09-26,132.60011291503906,135.14996643920307,128.72896764695668,130.42886999639936,22269373
2011-09-27,136.9271697998047,138.6734245491016,135.0109144024842,135.14226674938553,16565763
2011-09-28,134.25369262695312,137.84667507571385,132.53061372773712,137.61486306264294,17561780
2011-09-29,137.64576721191406,138.41844797512854,132.60788292929462,133.23375201303702,25041192
2011-09-30,135.28135681152344,137.41396500673827,133.82871234120412,137.41396500673827,20190109
2011-10-03,129.67169189453125,132.90151034909937,129.20036409072733,132.90151034909937,14760988
2011-10-04,123.77611541748047,130.50618617515346,122.26165949778142,128.88355390624517,32054121
2011-10-05,120.42264556884766,124.24742626965732,117.6641558120432,123.78381530872035,46823914
2011-10-07,127.4077377319336,128.51267738912566,125.94737627226789,126.27189239492783,34183363
2011-10-10,130.2202911376953,131.0161479416273,126.1250751703397,127.47726006783424,17562314
2011-10-11,128.6517333984375,133.05603181141188,128.12631100946697,131.66519868585743,16706844
2011-10-12,132.85513305664062,133.4191907569752,128.8449048404594,129.8107492499903,22795839
2011-10-13,135.96902465820312,137.35212786103224,133.82868720432066,135.2967907202572,32000985
2011-10-14,137.59939575195312,139.0829457204174,134.77136484476358,135.5285991485377,18327496
2011-10-17,138.90524291992188,139.56201765382067,137.0894341144394,138.31026656297115,14377132
2011-10-18,135.4513397216797,137.23624281540486,133.8364372801027,137.22851315499287,14456079
2011-10-19,139.7242889404297,140.30379300820076,137.22851641410583,137.22851641410583,14040647
2011-10-20,135.69090270996094,137.06628978026933,134.4700699792741,136.81901839995345,14801732
2011-10-21,134.53187561035156,136.50222612197524,133.91373609358337,135.9922499967946,10742424
2011-10-24,134.20730590820312,138.69660406960347,133.0637442575272,136.7339838140306,17946791
2011-10-25,135.74497985839844,137.83122324324933,131.76565680752205,135.83769688712698,41863701
2011-10-28,144.2367401123047,144.4917281086951,140.86011075590287,140.8832997359927,37484238
2011-10-31,143.8967742919922,147.3738505513476,142.41322417559,144.49173767681563,29742339
2011-11-01,138.31024169921875,142.71453925333503,137.92390140121887,141.85685834470002,29988117
2011-11-02,136.764892578125,139.69335722373742,132.77785360687108,136.8730689086508,24366930
2011-11-03,135.69090270996094,137.78487602642284,134.30008225338506,135.99225578837382,26032380
2011-11-04,136.65673828125,137.84667810889187,135.87632783135277,137.4757840675092,17798830
2011-11-08,136.19313049316406,137.07398765111813,134.54732218913236,136.68764724742707,14542528
2011-11-09,133.2337188720703,137.43710999746872,132.48421430864826,137.03531039408105,30353092
2011-11-11,126.87457275390625,132.43789285054524,126.21006828197861,132.32199980526264,45793786
2011-11-14,126.87457275390625,129.7257803017029,125.7541868546365,129.48625158042665,29633483
2011-11-15,122.06075286865234,127.17592100672708,120.96354302592789,126.56549824969689,24873563
2011-11-16,121.90621948242188,123.78383970504375,119.54952888574766,121.62032578401072,28535793
2011-11-17,120.26038360595703,123.45156592529911,119.64224425789892,122.1611796096936,23036904
2011-11-18,119.00863647460938,119.49542344353496,115.5933720943411,118.99317715593938,28100193
2011-11-21,113.05899047851562,118.37503835246224,112.17812047556744,117.89598098837361,26758259
2011-11-22,115.19932556152344,116.21153503270791,113.46078734965432,114.36483344505652,38140432
2011-11-23,112.30176544189453,114.3571030140514,109.7210054700305,114.34937335319624,35767616
2011-11-24,112.82720184326172,113.73896473734968,111.11183944356256,112.19360302064254,29724508
2011-11-25,110.98820495605469,113.53032963863659,110.13052384720163,112.0854147711227,27487955
2011-11-28,115.87928771972656,116.48198078533454,112.51038768711707,112.81172773530629,31005744
2011-11-29,113.42213439941406,116.82966928424224,111.67587976706811,115.9797179779619,47558362
2011-11-30,110.09960174560547,113.46850135965354,108.93285109412736,111.88450470749343,175381222
2011-12-01,117.78009033203125,119.92042833643579,116.38154042023858,116.52062244529576,56778700
2011-12-02,121.72848510742188,122.39298943409759,117.15419954168802,118.26685553626542,38640305
2011-12-05,120.46900939941406,122.13027676849389,119.25590668574807,121.46577241470763,25876042
2011-12-07,118.66092681884766,121.45032243397391,118.15869346538628,121.1566991125442,35551543
2011-12-08,115.02161407470703,118.32097331204663,114.21029793034225,117.21603379206573,39494048
2011-12-09,112.98944091796875,114.65843803569484,111.59089113370506,112.96626490564931,41202469
2011-12-12,109.27284240722656,114.97524415774888,108.80924431819011,114.97524415774888,31186853
2011-12-13,109.1723861694336,110.10733786512638,106.65344421326652,108.17562961445624,32788915
2011-12-14,108.85558319091797,110.80274421263996,107.15568050577609,108.1756260076297,45207921
2011-12-15,107.95928192138672,109.08740384572164,106.48345496004615,107.866558416647,27702009
2011-12-16,104.46675109863281,110.49368154071338,102.74367229334698,108.05200369100241,42420169
2011-12-19,101.56146240234375,103.84860540721402,99.05797320231356,103.84860540721402,34087234
2011-12-20,100.97423553466797,103.69407759916061,100.16291293042173,102.30324440726562,25864234
2011-12-21,108.53878021240234,109.56644885521375,103.79450698549591,104.45128813587557,43980706
2011-12-22,112.52584075927734,114.51162422887042,105.64122939810615,106.63026278733103,48452464
2011-12-23,111.53679656982422,113.49168737440222,110.38550513654023,112.56446531166546,30488474
2011-12-26,112.74990844726562,113.53804847045731,111.11954671754,111.42089971373684,14152754
2011-12-27,112.20905303955078,113.42988558189873,111.47499461267718,112.3635814168688,18044147
2011-12-28,107.76612091064453,111.39000920313632,107.30250983209058,111.37454988051802,20522848
2011-12-29,106.00438690185547,108.33016518154786,104.6521956565952,106.84661510270453,26730649
2011-12-30,105.80349731445312,108.14472851356273,105.1776217656434,106.68435439454488,14003913
2012-01-02,107.64248657226562,108.09836796770055,105.87304267864188,106.65345311046178,14927627
2012-01-03,112.16268157958984,112.65719829697665,108.94832291657565,108.94832291657565,18500311
2012-01-04,114.83614349365234,115.747919109447,112.87353620254142,113.33714718554087,32952243
2012-01-05,115.60884857177734,116.95331666498461,114.20255616394117,115.12977822185563,23203350
2012-01-06,116.1651840209961,117.91143893980482,112.502660549623,114.6661744995417,22273933
2012-01-09,115.5624771118164,116.67513314367191,112.96625808877309,115.28431310385253,18357806
2012-01-10,119.68860626220703,120.38402929831258,115.91018995013003,116.0106366298756,22240036
2012-01-11,120.5617446899414,122.08393012103872,119.47998130431294,120.24494533469927,27287084
2012-01-12,120.75492858886719,123.13479546618915,119.62681299027659,120.52312952129603,27573436
2012-01-13,121.99896240234375,125.1283344274063,120.66222361853328,121.74397432406202,32983258
2012-01-16,122.3311996459961,123.07297476280631,120.12132064864039,120.84764941237567,27942612
2012-01-17,121.396240234375,124.30925882934763,121.06398154872163,123.62929510593452,23766616
2012-01-18,118.93911743164062,120.83992681711256,117.75692016000107,120.5076680911967,24342285
2012-01-19,123.19656372070312,123.92289228549652,120.61580435642914,120.61580435642914,24162462
2012-01-20,130.1893768310547,131.6033859545996,125.79280812501844,125.79280812501844,53063989
2012-01-23,132.3992462158203,134.69412544891884,130.27436764386206,130.27436764386206,25234418
2012-01-24,137.2362518310547,138.31027265278283,130.90025136895466,132.90149430108372,46604728
2012-01-25,135.9999542236328,138.3102667712413,134.33868675032102,137.8157500626204,31109006
2012-01-27,137.22080993652344,137.614880031953,133.5428396714895,137.2285395984249,25271570
2012-01-30,131.6960906982422,136.18537600551278,131.0470456823607,135.52860132973592,24137976
2012-01-31,139.41519165039062,140.14152028562194,132.73921678022953,132.86283945987785,56490241
2012-02-01,137.52212524414062,140.68240183268531,135.68314061646325,140.31923751532642,43818566
2012-02-02,139.44610595703125,140.90648000850072,135.87631280728368,138.9284132577914,46734902
2012-02-03,141.60189819335938,141.98050887186977,137.86210452211694,139.70108920235057,27169367
2012-02-06,143.41769409179688,144.77762142307867,142.06549642052616,142.94636640031464,32126297
2012-02-07,144.91673278808594,146.22256573309434,143.10092374821306,145.2180728665198,21908854
2012-02-08,142.24322509765625,143.69586955722605,140.79831029871394,143.39452951581697,123255759
2012-02-09,145.23350524902344,145.99845628019176,141.11510082310417,141.57098217159353,31702544
2012-02-10,143.78858947753906,145.10986852160698,141.60189976529387,144.1826594804249,21887888
2012-02-13,144.43760681152344,146.160698157365,142.01911854506858,143.56447961992257,26742848
2012-02-14,145.83621215820312,146.80978629063145,143.2090871820552,143.25545217810452,21797572
2012-02-15,151.62362670898438,152.51993024517995,147.13432748956464,147.13432748956464,30846134
2012-02-16,149.71507263183594,151.73950450012015,148.50968650990973,151.60042248368478,17470497
2012-02-17,151.69314575195312,154.11936424054363,150.75046438318824,152.18766244830462,23888958
2012-02-21,153.192138671875,154.35117268981003,150.82773158236066,150.9822729098796,17884201
2012-02-22,147.99974060058594,152.99127335725342,147.0029773877339,152.99127335725342,26260360
2012-02-23,145.87481689453125,148.21604768086388,144.04356205007923,147.11883811219897,31112955
2012-02-24,143.9740447998047,145.86711129208018,141.88007197981014,145.44986525403374,24143553
2012-02-27,137.1435089111328,144.0899314542105,136.25493518908903,144.0899314542105,27078117
2012-02-28,140.751953125,142.14277321790584,138.3411810049915,138.4648036935926,27126286
2012-02-29,140.0565185546875,142.4750201355149,138.67341526700335,141.40098651306403,27450786
2012-03-01,136.53311157226562,139.46930626496953,134.46231466866692,139.46930626496953,22889075
2012-03-02,139.50018310546875,141.3623436262483,135.21952113315962,137.69210426129195,23122115
2012-03-05,134.50096130371094,138.58846079730026,134.22279724208528,138.58846079730026,22522533
2012-03-06,131.8583984375,137.69215336219068,131.35615197347906,134.44688847041184,43440551
2012-03-07,132.9246826171875,134.1223390999364,130.343909667464,131.51066047591848,33588164
2012-03-09,141.27737426757812,141.72552596372242,135.36635001618845,135.52087837560268,33285477
2012-03-12,143.55679321289062,145.88257815372654,142.02689099430728,145.88257815372654,30684005
2012-03-13,143.69586181640625,145.75892887751456,143.34815679919217,144.53809648715972,15392685
2012-03-14,147.4124755859375,147.98426296872242,145.98302009820452,146.3152658152292,28866101
2012-03-15,143.74996948242188,147.82973898194427,142.7300303498487,147.58248061740443,17542272
2012-03-16,141.8182373046875,147.4124619838961,140.69785162454332,144.64626828416613,26255856
2012-03-19,140.30377197265625,143.8040237439692,138.3257054335952,143.25542543160174,17366497
2012-03-20,140.41195678710938,142.48275342616685,139.09066480495534,140.5896741187622,15039469
2012-03-21,144.34495544433594,145.23354235715277,138.65801217154,139.4075170431535,19473910
2012-03-22,139.02883911132812,145.23348575882244,138.01662987600844,144.6539688334951,20007922
2012-03-23,140.7133331298828,142.69912977812132,138.6348064858574,140.1338160485204,18745826
2012-03-26,134.83319091796875,139.85562820448828,133.84415759271795,139.65473486318047,21647994
2012-03-27,135.6676788330078,137.28259408234516,131.66518066265436,137.0739581182265,45526915
2012-03-28,132.80104064941406,135.18090714945558,131.77337190866174,135.18090714945558,37140526
2012-03-29,132.2447052001953,134.50093591344685,130.91568352758625,131.51064687699773,46255594
2012-03-30,137.56849670410156,138.18664909694044,133.37283418904968,133.51964586869505,32431927
2012-04-02,137.60711669921875,138.03982202904638,136.15447235567473,137.19760034942146,11001446
2012-04-03,140.35015869140625,141.9882501611631,138.7738785682589,139.23748960628876,17691256
2012-04-04,137.5762176513672,139.214309067871,136.05403223291015,138.9284153875596,14909625
2012-04-09,133.990966796875,135.7295049123391,133.48100374372237,135.5826932401617,11466477
2012-04-10,133.4887237548828,135.157720743853,132.1365260995742,134.5782037575127,20557586
2012-04-11,133.6278076171875,135.21953396757874,131.5106459541226,132.14425759949634,32322361
2012-04-12,135.8917694091797,136.74945041980698,134.46230105813422,134.62457204351145,17417158
2012-04-13,133.6741943359375,139.20660915202888,131.43342237694972,136.76493082631958,24283341
2012-04-16,135.00318908691406,135.4436241031388,132.61560590826528,132.61560590826528,20013075
2012-04-17,136.83441162109375,137.9934324314042,131.74243415128853,136.14673138738445,39678342
2012-04-18,136.18539428710938,138.9129659657797,135.49771384866432,138.0089328365882,19053287
2012-04-19,135.65997314453125,136.5562895903604,133.85962356109786,136.30130156180564,16033732
2012-04-20,133.06375122070312,135.83767462817875,132.20607021089327,134.91045261591017,16000858
2012-04-23,130.41346740722656,134.2150733408072,129.20809407819314,131.35614895567258,17939993
2012-04-24,131.01611328125,131.88925349624608,129.54802276290397,131.35610155788422,17862146
2012-04-25,129.56350708007812,132.2060915382658,127.84042809161949,130.59117593176657,29238880
2012-04-26,130.03485107421875,130.68390919758934,129.1153585507258,129.83395768951246,24080837
2012-04-27,133.03285217285156,135.21954199834792,129.97302197387074,130.6607023725939,80624329
2012-04-30,136.3553924560547,137.38306123368397,134.52412427914643,134.52412427914643,28953732
2012-05-02,136.3090362548828,138.31027928294523,135.49772011169748,136.88855334397107,21254607
2012-05-03,132.5228729248047,135.94585442183114,131.51838022441066,135.23498505894838,25787019
2012-05-04,128.78309631347656,131.84291356938158,125.98597079329863,131.39476185730803,30391718
2012-05-07,131.0856475830078,131.9742341015845,123.16565253348082,126.68136328356897,36282735
2012-05-08,128.28857421875,131.97427372031296,127.64725877033983,131.58793333137305,21579195
2012-05-09,127.0213623046875,127.9563139808463,125.18237759290203,127.02909196482054,28400064
2012-05-10,125.81598663330078,129.26988698189447,124.64150618094813,127.33817212797473,20493286
2012-05-11,125.6691665649414,127.18363526695775,124.18561650393768,125.02012151902017,15680747
2012-05-14,123.73748016357422,128.24995521932644,123.02661071664592,125.94735917802178,25823094
2012-05-15,126.23322296142578,126.95180892997246,122.23844161553544,122.73295824665938,19189131
2012-05-16,122.76387786865234,123.96154722414836,120.53855277565762,123.47474722784591,25680253
2012-05-17,121.68984985351562,124.68012581003339,120.63127553835824,123.30475216630835,17934966
2012-05-18,124.43290710449219,125.1746823272863,118.73823406748039,119.01641112410617,24381560
2012-05-21,125.34466552734375,126.53459239496225,123.18115152048544,123.18115152048544,17162794
2012-05-22,123.7529296875,127.46953466717589,123.38203567097784,126.72775960336077,22998915
2012-05-23,122.5938949584961,124.37879808617807,122.11483757304337,122.54754293360011,14613428
2012-05-24,126.81275177001953,127.64725685421767,122.36210121839511,123.78384005358257,16923032
2012-05-25,125.88551330566406,127.39998193632744,124.44059864477346,126.41093563969446,19192052
2012-05-28,128.9453582763672,129.28533365877274,126.2564219833593,126.27959799649574,15097219
2012-05-29,129.60986328125,130.421179375488,128.88354751761665,129.4244162676223,14274419
2012-05-30,126.29505920410156,129.41670091713686,125.65373079519739,128.8680895313926,18202316
2012-05-31,123.53495788574219,125.97962831605689,123.18008807959609,125.97962831605689,39922690
2012-06-01,123.29047393798828,125.51433319481437,122.84885236638692,123.65323262373661,22170296
2012-06-04,124.4181900024414,125.37239392483063,121.0350672690509,121.43725742541037,19790419
2012-06-05,124.92288970947266,126.72879422670259,124.15794088472785,125.6562827902748,20350445
2012-06-06,127.5016098022461,127.87225740286092,125.60896683141851,125.70359434719579,28167216
2012-06-07,130.91629028320312,132.09130499971303,128.5425940410551,129.01574491303316,25033805
2012-06-08,130.7743377685547,131.80740453979337,128.22713796172513,131.80740453979337,18841009
2012-06-11,130.39576721191406,133.8261960558291,129.80432217870103,132.26476952005615,18055312
2012-06-12,132.33575439453125,132.72216659340066,128.55044233397297,128.81857345830065,17886242
2012-06-13,133.96029663085938,135.27725914585483,131.7206595489732,132.28056220121007,25697248
2012-06-14,129.14981079101562,133.90509197858105,128.7003002772602,133.58965366723518,19523289
2012-06-15,133.38462829589844,134.9381796054837,129.8280151375437,129.89898909252327,21824440
2012-06-18,128.7870330810547,136.30243478332085,127.78550897946558,135.32456424973685,26764353
2012-06-19,130.4036865234375,130.797987716254,127.43853202319944,128.2271344088324,16859507
2012-06-20,131.38157653808594,132.39098985820053,130.40370572966597,130.79011804351472,12698994
2012-06-21,134.0076141357422,134.69370010306557,130.561419662946,131.2238388212949,19538656
2012-06-22,134.3309326171875,134.6936912997168,131.38155601503678,132.3199952281274,16548279
2012-06-25,133.57386779785156,137.3276377476458,132.95875584749703,134.99335996862405,17258890
2012-06-26,133.13226318359375,134.17321884317414,132.22536648565304,132.8799098953176,12241757
2012-06-27,134.45712280273438,136.0106740689416,133.95241619553417,134.07071052935396,16390385
2012-06-28,135.15899658203125,137.2172546069472,134.45713270013383,135.65581428958689,21821090
2012-06-29,141.87001037597656,142.72958675426844,137.21724548053834,137.21724548053834,26272482
2012-07-02,141.0656280517578,142.57974786235235,139.44110284436138,142.1065837669828,25763358
2012-07-03,142.20120239257812,143.6601126594394,141.6333976246384,141.93307126023424,17527620
2012-07-04,142.39047241210938,143.88882751146375,141.38894819159904,143.36834306180594,19609062
2012-07-05,145.2373504638672,145.7183902502423,141.0025404904502,142.24064016845824,20610463
2012-07-06,147.48484802246094,147.9422341487349,143.74685643091414,145.23732235413306,27997271
2012-07-09,146.6804656982422,148.69929165480093,145.74991559072845,146.60160282747654,26408041
2012-07-10,148.715087890625,149.04630407634747,146.9013076599026,147.4690992717298,25745714
2012-07-11,147.71356201171875,148.2577000459008,146.7593581452625,147.62682342556985,20032639
2012-07-12,146.3413543701172,147.4690616061635,145.4344578681545,146.44387080312748,17641354
2012-07-13,146.05747985839844,147.70565843300284,145.61585832606494,146.66470284712278,11895856
2012-07-16,145.11904907226562,147.46909152003948,144.62223143803197,146.6804891591834,11950724
2012-07-17,145.5606689453125,146.99592575491783,144.85091623958127,146.49121919089382,12351042
2012-07-18,148.13150024414062,148.57310849502755,145.60007886269645,145.60007886269645,19347801
2012-07-19,149.968994140625,150.92319811591813,149.13307127234154,149.3617710224437,17223024
2012-07-20,147.49273681640625,150.9389440295966,147.0274617143316,150.70235539273042,19528844
2012-07-23,143.99923706054688,146.63317541852425,143.4629879603527,146.52277002408988,17632895
2012-07-24,144.52757263183594,145.37927313489934,143.52604855282763,144.1569383045956,11203478
2012-07-25,144.77993774414062,145.4818014922811,143.10810557612777,144.4566105253603,11564822
2012-07-26,143.01348876953125,145.8919049522387,142.10659197075722,145.7262902292399,34698053
2012-07-27,146.40447998046875,149.66141935694287,145.42660927390452,146.9959384134332,38883861
2012-07-30,152.12184143066406,152.92622158554255,148.73084366272423,148.73084366272423,40639208
2012-07-31,151.63291931152344,153.50190866090517,149.91375354886725,153.22590182015938,32326305
2012-08-01,151.3490447998047,152.20073224734483,150.1503632823083,150.1503632823083,16975645
2012-08-02,151.2386016845703,151.9641189159014,150.47365301793062,151.08087594333588,13503539
2012-08-03,148.24977111816406,150.15031587536632,147.07475678062227,149.83486441382712,20106465
2012-08-06,150.46578979492188,151.41211793110133,149.86645570145853,150.2213254434085,18837725
2012-08-07,153.66748046875,154.0854483532996,150.5525032329546,151.41207933019786,21468397
2012-08-08,151.1361083984375,154.56655144093082,150.78912756794307,154.2510998825138,18885493
2012-08-09,150.2528839111328,153.62022882245793,149.6535497540021,152.0587885555368,20166140
2012-08-10,150.58409118652344,151.6802429701486,147.46909977397175,150.93896094512402,24225063
2012-08-13,149.66929626464844,150.54465043941556,147.6583589325351,149.99262349544497,19828479
2012-08-14,152.95777893066406,153.53345944885757,149.8506766249593,150.1818927936054,12958462
2012-08-16,150.84429931640625,153.90408072111114,150.31592602953504,153.2101059964914,14593001
2012-08-17,151.75120544433594,152.83160574703942,150.18977862459013,151.04935491629178,16247143
2012-08-21,153.80946350097656,154.40879752711868,151.19917910221932,152.35842895335398,11457798
2012-08-22,153.5965118408203,154.99235016678136,152.4845824823099,152.70539321451238,11877387
2012-08-23,153.5965118408203,155.970220593764,152.8394521460402,154.14853867132658,22625014
2012-08-24,150.52098083496094,153.22589271757386,150.18187576911575,152.815813711955,14489772
2012-08-27,147.5084991455078,151.06509813075556,147.07476659341904,151.06509813075556,13891509
2012-08-28,145.47389221191406,148.21034640413882,144.88244716764902,147.78450279551595,19070854
2012-08-29,144.53549194335938,146.9722864179265,144.20427574680488,145.93131744690658,13951624
2012-08-30,145.0954132080078,148.69144464800974,142.7374815368609,143.9519277324033,30491835
2012-08-31,142.28793334960938,145.5133295176449,141.16811498001064,144.4014000825538,19478376
2012-09-03,142.39047241210938,144.44085446769634,141.2627781652998,142.76900896394582,13718111
2012-09-04,143.9440155029297,144.2831205933814,140.76593937905866,142.39046441345604,14125210
2012-09-05,138.7392120361328,143.41564276368317,138.26606126925543,142.989799131613,33446655
2012-09-06,141.38894653320312,142.3273857295566,139.7486567917363,140.52937022059635,15364459
2012-09-07,147.91856384277344,148.41539462972702,144.63008275734555,144.76415493107814,25978452
2012-09-10,147.35867309570312,149.1882309405109,145.96284783464645,148.67564871682433,13318657
2012-09-11,149.1724853515625,149.81913984227882,146.36504336469466,146.77512243246562,13007412
2012-09-12,149.6929473876953,151.38057069789127,148.4942792381971,149.9768564088595,17858472
2012-09-13,151.3253631591797,152.20071732989234,150.62351262467496,150.7496826475872,20175160
2012-09-14,158.98272705078125,166.45871187861772,155.37091790704224,155.78888592576135,45380571
2012-09-17,167.28671264648438,168.7140803618885,162.45255614790025,162.45255614790025,42722014
2012-09-18,165.4571533203125,166.55331822198514,164.24270733619792,165.5991012084176,15733366
2012-09-20,161.2775421142578,164.32943473741292,160.77283560499626,162.61028232663693,16886831
2012-09-21,168.0516815185547,171.3243987725374,162.3895034297642,162.4525884466802,32631197
2012-09-24,168.91123962402344,171.42688325992023,166.95549857264703,168.05165017387364,26437147
2012-09-25,168.2724609375,170.53576455292162,167.79142122762426,169.50268472032073,20529877
2012-09-26,168.0516815185547,168.93492470125946,166.19058086424127,167.60218422744043,16583418
2012-09-27,166.45082092285156,169.07687039137863,165.8672514328522,168.60370629777023,25812880
2012-09-28,166.9949493408203,169.329213929769,166.21422267496666,167.6573684445052,22840686
2012-10-01,165.7095184326172,167.32616786383605,164.97612537049346,167.1842067291188,11890164
2012-10-03,166.08016967773438,167.65737446448261,165.01554718115048,165.95399964829997,14719534
2012-10-04,170.8748779296875,172.53095879728573,166.75047348690757,166.75047348690757,26381146
2012-10-05,168.24093627929688,173.49304809939633,136.70463826131416,173.49304809939633,24384492
2012-10-08,165.9539794921875,168.7614079072906,165.48869116486853,168.7614079072906,12172028
2012-10-09,167.83872985839844,169.3370847811684,166.87663719360873,167.18418652381976,11088011
2012-10-10,166.26943969726562,167.13690498634338,165.39408547214825,166.59276694665988,10838525
2012-10-11,166.86087036132812,168.4144214577447,165.32309713561784,167.184197582589,23597805
2012-10-12,164.7789764404297,167.6416145930924,164.5187342017385,167.32617627407257,11267652
2012-10-15,166.14324951171875,166.4902435547827,162.76802925548955,164.83417593304313,9156532
2012-10-16,164.54238891601562,167.6494912066274,164.04555804722526,167.3419286099253,10115490
2012-10-17,165.53604125976562,166.34831050819588,164.36102653740465,166.11961077097368,8096214
2012-10-18,167.96495056152344,168.256735323606,165.93823510012646,166.43505279473757,24908741
2012-10-19,166.75836181640625,169.70775162433722,165.62277863871807,167.3419312767046,14180017
2012-10-22,169.64466857910156,170.4884803387351,165.60701560950815,166.04863721217507,25355198
2012-10-23,170.25189208984375,171.57674356168116,169.04532170973624,170.14936239685585,12511774
2012-10-25,171.46633911132812,172.2155100544347,168.77719147367688,168.77719147367688,22144919
2012-10-29,168.51693725585938,171.03258087337545,167.70466818374044,169.86544210429878,12828508
2012-10-30,164.84205627441406,171.48999375571867,162.87055029693516,169.0768662036142,22333806
2012-10-31,165.63856506347656,166.37986038995768,163.35949623609196,164.97614586817357,11476465
2012-11-01,166.76625061035156,167.34193113443334,164.86571863460347,165.92243892706063,7583587
2012-11-02,170.283447265625,170.70929099506188,168.06746355420916,169.07687679575008,11431942
2012-11-05,169.96795654296875,170.48055198207462,168.35920952356346,169.70772759257827,6995868
2012-11-06,170.44903564453125,171.52153382209974,168.4775296951084,168.99800091225066,9482401
2012-11-07,172.38108825683594,173.45358621583128,170.34648447196327,171.30070136362735,14058995
2012-11-08,169.70773315429688,170.79600907211906,168.95067337274244,170.33860968735826,8693828
2012-11-09,167.05799865722656,170.02315244652542,166.31670359166864,169.7550213461932,8468267
2012-11-12,166.931884765625,168.90340431243743,166.1038507916348,167.42082680193147,11718536
2012-11-15,166.3403778076172,166.7662214243607,164.57390510239188,166.36403137416949,9099585
2012-11-16,162.0267333984375,165.93032702157063,161.19081065510483,165.2284764753975,13092530
2012-11-19,161.0567626953125,162.9888505361175,160.27604921194734,162.15292773568754,9793987
2012-11-20,161.52200317382812,163.1070966088424,160.08674654892445,162.57873654266007,8967777
2012-11-21,164.73165893554688,165.13384908664156,161.90845217803542,162.45259023699055,9800725
2012-11-22,162.8626708984375,166.237904683844,162.4525918070605,164.89727524606158,15855147
2012-11-23,161.6797332763672,163.8641607742353,160.90689563787487,163.65123895511826,12372706
2012-11-26,160.6072235107422,163.24117471214484,160.08675236019167,163.24117471214484,11108696
2012-11-27,163.09921264648438,163.59603018585904,161.703374292,162.5156433046623,30901959
2012-11-29,170.61465454101562,171.28496260934062,164.9209208641462,165.60700680450068,50446946
2012-11-30,173.46939086914062,174.27375784435358,172.02624514395967,173.4930444389658,22979440
2012-12-03,173.8558349609375,175.64596180842628,172.42057790819572,172.70447374399333,17887342
2012-12-04,176.544921875,177.05750404764007,172.7911525764714,173.80845446053664,16095821
2012-12-05,176.61590576171875,177.9092145221195,174.778445824955,176.94710864994437,11804232
2012-12-06,179.12368774414062,180.27504880343957,173.8084907781594,178.54011827869442,15910317
2012-12-07,178.49278259277344,180.50371965706466,176.98653879172147,179.84917634705965,16483456
2012-12-10,176.8761749267578,179.8571074902835,176.3635926086911,179.80189817204834,11639776
2012-12-11,177.06546020507812,181.30027078387533,174.81793378046498,177.42821894895584,19806627
2012-12-12,175.57493591308594,178.66627315432493,174.49454897467777,177.96440947285313,16439901
2012-12-13,176.8446044921875,178.76880313371345,175.93770786270738,176.64746053247828,15190774
2012-12-14,179.1788787841797,179.71512781662412,175.6064884066113,176.01656742505378,15357897
2012-12-17,180.4485321044922,181.22135652312835,178.26409132320276,178.26409132320276,9314893
2012-12-18,181.21347045898438,181.9153341839761,176.4581898482228,180.90592112093282,15076039
2012-12-19,179.604736328125,182.74338112504094,178.7057285811868,182.18347848078108,9690604
2012-12-20,179.74668884277344,180.5905005351204,178.24045803571872,180.55894479190005,12803494
2012-12-21,177.2625732421875,179.64415805838604,176.20583978620442,178.83977787275202,11991144
2012-12-24,176.884033203125,178.2246624070492,175.73267225731826,178.17734203340282,7691233
2012-12-26,181.16616821289062,181.37909004570594,176.80517539839383,177.59377772062874,7557676
2012-12-27,179.2419891357422,181.9784439933721,178.6189882032289,181.73397962932535,16870650
2012-12-28,180.04632568359375,180.82703896627655,178.1931012084126,180.21192711927998,7501631
2012-12-31,179.52587890625,180.41699774469387,178.88711335947366,180.03847442542735,5533500
2013-01-01,182.71182250976562,183.2638494062212,180.29080633673593,180.81127749356435,7229216
2013-01-02,185.1644287109375,185.63759285270518,183.74493628563448,184.53353877642348,10345197
2013-01-03,184.85684204101562,185.7952811984773,183.7922196274948,185.6454443728621,9034338
2013-01-04,186.48922729492188,186.8835284281062,183.75277293022364,184.99088563611494,12765126
2013-01-07,186.44979858398438,187.37247304411187,185.63754273814789,187.37247304411187,9683993
2013-01-08,186.0397491455078,186.4261613835808,184.5729366022853,185.97666413448957,8639152
2013-01-09,186.1816864013672,187.35670091944274,185.11706402803205,185.8346923876538,19800115
2013-01-10,186.0318603515625,187.3724896372996,183.153457811389,187.09648278653304,12068754
2013-01-11,183.51622009277344,186.80470174255882,182.81435631231903,186.74160349378133,9227372
2013-01-14,186.9229736328125,188.00336067041852,183.74489752919817,183.74489752919817,14894011
2013-01-15,189.95123291015625,191.02373105067113,185.18017411727118,186.61543092832332,17996797
2013-01-16,186.08706665039062,190.3691834180295,185.54292865669998,189.95122868089712,18080590
2013-01-17,183.35061645507812,187.24632136549187,182.67241944066208,185.67700547991768,13615173
2013-01-18,185.51138305664062,187.08860104926305,183.8237729086394,183.8237729086394,18630606
2013-01-21,185.7243194580078,186.49714396995643,183.74491132650675,186.11073171398212,9208034
2013-01-22,184.55718994140625,188.45289491644655,183.58720816577758,185.5113938445093,10433076
2013-01-23,186.26844787597656,188.00337844841906,183.20866580263123,185.3221329390287,7832247
2013-01-24,183.666015625,187.1595428857044,182.57775300131914,186.0870448944573,12884718
2013-01-25,184.99879455566406,186.11072413609162,183.52409306867403,184.5650619386597,8369614
2013-01-28,187.7273712158203,188.3819146472243,184.87262206554337,185.1013217906758,15775364
2013-01-29,189.4544219970703,193.68134322930715,186.42618229095504,188.61062347978105,27676544
2013-01-30,191.2681884765625,192.82173955522038,189.87236315728987,190.05374248599549,16929517
2013-01-31,187.86929321289062,194.3121969434896,187.10434449239725,190.3691722632366,38534611
2013-02-01,184.7148895263672,189.78562208180068,184.16287581021894,188.31882273509612,13833055
2013-02-04,186.38673400878906,189.70675816926772,185.79528885376934,186.74160374909474,21575075
2013-02-05,183.91050720214844,186.00030727582578,183.27961741793186,183.90261826709624,12408572
2013-02-06,182.20712280273438,185.00666235487424,181.5052590626647,185.00666235487424,10558658
2013-02-07,180.5668487548828,184.05248796974678,179.25776181519342,181.74976565706848,16021500
2013-02-08,178.24830627441406,181.3396435338586,177.40450794853075,180.7560741576971,13064034
2013-02-11,177.0732879638672,178.91073462338116,176.1821692863388,178.58740744045724,12921150
2013-02-12,178.0432891845703,178.85555831706984,175.7169004081863,176.884039264023,14740935
2013-02-13,180.21197509765625,180.8113092358325,178.44550195535385,179.3287319082699,18682229
2013-02-14,177.62533569335938,181.34754981970892,176.74209261001903,181.06364080258618,11742126
2013-02-15,176.93923950195312,178.38238512717237,175.24374061569262,177.59376960450905,10179257
2013-02-18,176.962890625,178.22465691277208,176.56858948735044,177.34141389309775,8438243
2013-02-19,178.44549560546875,178.85557467687286,175.79577936806868,177.160062312119,9649772
2013-02-20,176.8919219970703,179.46277502200562,176.4424115389583,179.1709903182771,8424042
2013-02-21,170.27552795410156,175.75632584996237,169.70773641613957,175.4251097073285,18339766
2013-02-22,172.31800842285156,173.33531042393395,169.87333863540616,169.87333863540616,12275747
2013-02-25,172.5309600830078,173.78483760109754,170.52789839192062,173.33532709729906,13709701
2013-02-26,167.81504821777344,171.73441863477035,166.00914426688942,171.60034647446935,11043499
2013-02-27,170.83543395996094,171.750219528819,168.60368596582273,168.69043777983634,14729671
2013-02-28,164.0928955078125,172.67292129221943,162.45259237305999,172.2312996901933,37422676
2013-03-01,166.60850524902344,168.29612841714453,165.22056894775068,166.47444630341855,19070529
2013-03-04,166.9712677001953,168.73775378367307,165.08651377446336,166.31672435386412,16475178
2013-03-05,172.48365783691406,173.27226029894732,168.185762506009,168.76144309748156,21050260
2013-03-06,174.80999755859375,175.0702265024569,172.8621322915561,174.8730825609565,19993539
2013-03-07,176.1979522705078,176.99444352738263,173.1776019371625,173.82425637036226,13692519
2013-03-08,179.69143676757812,180.24346359552706,176.52125013765155,176.52125013765155,15786001
2013-03-11,178.53224182128906,181.59991273328467,177.75151514658717,180.700904968012,16292661
2013-03-12,177.1364288330078,179.45492914915988,175.85888433075814,178.22470503187392,13388914
2013-03-13,171.23764038085938,175.8115554248175,170.76447629919235,175.68537215935376,14724347
2013-03-14,175.17274475097656,176.01655630305174,167.18417936815814,171.44265532806796,32873681
2013-03-15,168.3671112060547,173.9504256802213,166.55331793179562,173.6665299045057,39011340
2013-03-18,165.82781982421875,166.50601683767917,163.31217575457754,165.7647348081922,23564761
2013-03-19,162.8626708984375,169.06111146864114,161.04887735105714,168.13054788576528,34783644
2013-03-20,157.9654083251953,163.2017417018252,157.17679281745583,162.6102833801375,18850507
2013-03-21,163.29638671875,167.06592133392112,159.47954496302805,159.8659572053615,36062972
2013-03-22,162.19235229492188,165.4492782964367,160.4810753220829,164.50296337499043,20358745
2013-03-25,159.70822143554688,165.39406550800143,159.11677632395688,164.08497879636053,15002658
2013-03-26,161.01730346679688,161.97939613484346,158.06003828540278,158.24930653965603,14911814
2013-03-28,164.84994506835938,166.60852919294402,158.68306061018853,161.67186869933073,30690621
2013-04-01,165.85145568847656,167.18419600121086,163.79319805948896,166.71104519505914,11418841
2013-04-02,165.11805725097656,166.24575139177875,163.89570912640897,166.0328295650622,8498853
2013-04-03,162.67335510253906,167.61790338196238,161.71126252797873,165.4571296288974,14162923
2013-04-04,159.10888671875,161.34852361308944,158.1310161566815,160.67820238991752,18866171
2013-04-05,157.42916870117188,159.10890316377294,155.3551462827312,159.10890316377294,28818724
2013-04-08,156.00177001953125,158.52530244750818,155.71787427594222,156.88499975108968,12105428
2013-04-09,156.1516571044922,160.8359648549328,155.07126984953317,157.1768350379394,20901188
2013-04-10,158.39913940429688,158.8722901734239,154.83463811124903,157.33451708259224,22694012
2013-04-11,164.06134033203125,165.44927681292245,161.5456831238737,161.64821281651206,30178714
2013-04-12,164.8736114501953,165.74896573077345,161.86903849221736,162.62609843411641,11153571
2013-04-15,165.1496124267578,168.587930894596,162.68916459172624,163.6354927185029,20935975
2013-04-16,170.1651153564453,171.1272080034635,164.72374912998797,164.8183766368124,31681606
2013-04-17,173.1223907470703,175.31472053171427,170.51210623689735,170.51210623689735,26780105
2013-04-18,177.06546020507812,177.7830887556902,170.65409716301465,170.65409716301465,20986465
2013-04-22,181.1346435546875,182.90899233629966,176.08756436947675,177.46762518759272,19837163
2013-04-23,183.1613311767578,183.72913597852653,177.38085936355836,181.3790935997955,22457715
2013-04-25,185.6927490234375,187.37248335112284,183.27173274942064,184.54927698123106,34175350
2013-04-26,180.51162719726562,187.4986560409071,177.43606751127894,184.92781614311673,38868885
2013-04-29,181.88380432128906,182.95630246619442,178.7767020388267,181.39486238938252,12108723
2013-04-30,183.531982421875,184.84895814696264,180.1330954250163,182.56200073306192,16337541
2013-05-02,184.80162048339844,187.21474769460212,182.95628479566201,182.98782729846934,15253199
2013-05-03,178.216796875,184.5335182728626,176.94714144658343,184.16288387944417,21828449
2013-05-06,180.21983337402344,181.22135749152008,174.95195735201096,177.83035969117915,13608061
2013-05-07,183.5792999267578,184.84895525511112,180.11732797254388,180.27504049886585,16100205
2013-05-08,182.63296508789062,185.4482824891903,180.68511287701276,184.53349692438255,13112506
2013-05-09,181.7970428466797,183.76856186781174,180.40121754532592,182.95629274846118,8672928
2013-05-10,183.80007934570312,184.51770761833754,181.43425948976923,181.8522273952764,10691846
2013-05-13,181.18983459472656,185.55870341693824,180.62991869973567,183.11403339784516,10484056
2013-05-14,180.9769287109375,183.98940382655698,180.1015744348251,181.8522829870499,11398414
2013-05-15,187.8850860595703,189.0758785225378,181.69453509736576,181.84437192673775,19773429
2013-05-16,190.4480438232422,192.26183711196737,186.86777762094462,186.89932012555698,16552888
2013-05-17,194.06773376464844,195.08503575302117,189.74617254780358,190.06949975283612,15429496
2013-05-20,190.81080627441406,194.6907329658985,189.83293566611587,193.83115667959984,15072865
2013-05-21,191.0000457763672,194.97461262144103,189.6120963360535,190.8107775369668,13731074
2013-05-22,190.85813903808594,193.523619886744,189.96700695224044,191.63096355778436,14560749
2013-05-23,184.896240234375,190.27453455789774,183.31114680688734,189.26512156454305,18462532
2013-05-24,189.91966247558594,190.95274233137664,185.74795132360447,187.12012301705465,14106999
2013-05-27,192.32492065429688,193.2081504861122,188.44498083307198,189.89601545298484,13687630
2013-05-28,194.30430603027344,195.32160800227015,192.40377426898993,192.97156579327915,14966160
2013-05-29,191.6151885986328,194.39107469147143,190.5426772263207,193.99677351692708,11424242
2013-05-30,189.67483520507812,192.02412089761341,187.9830275906295,191.6312274802543,23897703
2013-05-31,185.1285858154297,190.63697978032235,184.09425633117164,189.38616460745473,18191398
2013-06-03,183.63720703125,185.69784470145902,181.95342074196262,184.41495926876306,13596192
2013-06-04,182.52272033691406,187.00480572846794,181.96146713410673,184.41498502569036,12805567
2013-06-05,181.91336059570312,183.5730976947599,179.60416641971847,182.7953453234901,14967551
2013-06-06,185.1526336669922,186.46758964978525,180.09323999180447,180.88703424338144,10282987
2013-06-07,183.08399963378906,185.6658129937604,182.60291581388054,183.93391393369353,13126982
2013-06-10,179.25137329101562,185.66581533189523,177.85623423311736,183.7735504886893,16822921
2013-06-11,172.62847900390625,178.47363378095483,172.11532468018814,177.51948703972835,31926708
2013-06-12,173.3901824951172,174.63297671444613,171.39368538168026,171.6262130333551,17971541
2013-06-13,171.4016876220703,173.73493103095836,170.94465334799008,171.58610283578415,14672218
2013-06-14,176.74172973632812,177.11056020944693,172.3879259576421,174.2962192425562,19640098
2013-06-17,176.62945556640625,177.33503251174727,173.2057493537372,176.3969279387721,14558142
2013-06-18,174.94564819335938,176.30871652878227,173.99952268249476,175.8997946823537,10463062
2013-06-19,174.26416015625,174.95370872899144,172.86902105088055,174.28020211613656,7688026
2013-06-20,167.76150512695312,171.26539438314825,166.24609189851932,171.26539438314825,26143441
2013-06-21,167.5530242919922,168.37887550207765,164.55426858132859,166.1658930270249,22564300
2013-06-24,168.24258422851562,169.02033653928916,165.05140557296488,166.21401682079076,22071538
2013-06-25,165.6287078857422,169.42124477619834,164.8750050202391,169.18069615434985,28836703
2013-06-26,164.55429077148438,167.86574395251148,163.77653840909528,166.74322406542677,22165990
2013-06-27,165.2598876953125,167.41673715680724,164.40195242360107,166.93565334125142,34649395
2013-06-28,171.70640563964844,172.5723484609898,167.41674259965055,168.05819219391873,26626495
2013-07-01,171.24935913085938,172.20350574574906,169.8221496981189,170.40746585054606,11799568
2013-07-02,173.04541015625,173.83118354882507,171.36964446702706,171.6823415533045,15842376
2013-07-03,170.62393188476562,171.85870496484193,169.37311684816126,170.23907296628124,18527223
2013-07-04,170.57583618164062,171.5540457172242,167.76952978166688,170.6239485979204,16176704
2013-07-05,168.62745666503906,172.70864128514322,168.22655573859058,172.22755748180126,15904383
2013-07-08,164.84291076660156,166.59887238695717,163.74444054290956,165.8932820392819,19362282
2013-07-09,165.86924743652344,167.09601314115224,164.46610093737033,166.6149293427499,21259342
2013-07-10,166.5427703857422,168.37890175648243,165.97349618002872,166.2861932525997,11910833
2013-07-11,169.65377807617188,172.17145062016,168.37089232249068,169.54152473159854,11951973
2013-07-12,170.04666137695312,171.345575555008,168.61945190216613,171.28143463565152,10987867
2013-07-15,170.15090942382812,170.68811322450392,168.47514363850988,169.34108650372227,10010192
2013-07-16,160.91409301757812,166.1338392472786,159.89580552093233,165.97348695923492,35235590
2013-07-17,157.19374084472656,162.22907257936797,155.25337694306958,161.78808017180864,33010593
2013-07-18,157.86721801757812,159.0057796793042,152.88802103875503,157.15362014578744,40802025
2013-07-19,153.8341827392578,158.54879622186354,153.03238083794847,157.7950932831793,29801794
2013-07-22,156.26361083984375,156.7446945474159,153.36910107473082,153.9463961406109,14668846
2013-07-23,158.7011260986328,159.4227585696387,157.59464809806047,158.75725949854265,19862078
2013-07-24,152.63145446777344,155.87073199462557,151.18018223252488,155.87073199462557,25522145
2013-07-25,149.91334533691406,152.65551073459216,148.7908120456881,150.8995623626224,29546368
2013-07-26,149.3841552734375,152.61542555606627,147.42774964138408,151.38865986421692,24788945
2013-07-29,148.9110870361328,150.88352109658996,148.02910235670623,149.2478470250441,17053421
2013-07-30,148.5021514892578,151.43675283142784,148.01304677955716,149.33602367696278,23377365
2013-07-31,145.7760009765625,148.3337641432952,143.05788555321135,148.3337641432952,42761911
2013-08-01,146.60191345214844,148.65453067146234,143.04190378014837,148.65453067146234,29563572
2013-08-02,142.25611877441406,147.50793572013342,141.79107692917813,147.21126715013253,32469283
2013-08-05,144.71763610839844,145.84817682238116,139.16915142175472,142.87348404558014,13765306
2013-08-06,138.92864990234375,143.68334152568352,138.3272917273829,143.68334152568352,24008127
2013-08-07,139.23330688476562,141.06943816141398,137.9905127214825,139.1932154480773,24653909
2013-08-08,140.32374572753906,141.79905382155334,138.27111566079074,139.51392306943615,23881990
2013-08-12,139.04086303710938,142.93763203844577,138.16689937298648,141.83916172441684,31439567
2013-08-13,143.1300811767578,143.94792498137713,136.48312529996184,137.60565865101165,22996369
2013-08-14,145.27891540527344,146.56180098329006,142.16790610281726,143.52295357403426,24325284
2013-08-16,137.68582153320312,143.74746096706673,137.26889212947833,143.36260202070397,34698262
2013-08-19,130.75021362304688,138.16690026421665,129.89227845237318,138.16690026421665,32644062
2013-08-20,133.1636199951172,133.8772312770504,126.50864469469856,127.79955101764655,36937593
2013-08-21,133.02735900878906,141.12558791418596,128.89005415156862,139.24134400350076,63672988
2013-08-22,133.27590942382812,133.98952089916116,128.60940850889452,132.61843134714883,41854169
2013-08-23,136.7958221435547,138.87248844826428,131.72040000784386,134.0616643944091,43210046
2013-08-26,133.1717071533203,137.62974435599077,131.67233542221672,136.71568893413095,36175271
2013-08-27,128.7056121826172,132.13732580106551,128.28866935410693,131.3194955584736,39921134
2013-08-28,127.703369140625,129.67580329138985,121.37713132919819,127.00579965237706,43588979
2013-08-29,129.4433135986328,131.17519944921025,127.10203508362667,130.59790416568444,30345694
2013-08-30,128.89004516601562,132.6825687465641,127.72742036438044,130.02860702971515,81385683
2013-09-02,132.55426025390625,133.53245616673556,129.74794086851978,130.5497560200704,25276520
2013-09-03,125.6507568359375,133.7409643910176,124.52822344598562,133.7409643910176,31504698
2013-09-04,131.13510131835938,131.8727622708974,125.08146891985461,125.65877757272303,31392993
2013-09-05,143.31448364257812,145.53548720915597,138.6159128612012,139.03285570559592,48903976
2013-09-06,153.68984985351562,154.55579262583473,144.59738345407007,144.59738345407007,57729875
2013-09-10,155.48587036132812,157.47434624729172,154.114781018325,154.42749150796487,38762086
2013-09-11,155.50991821289062,156.8168666318526,152.05414165447007,154.74820790052433,20022057
2013-09-12,152.53524780273438,153.7860630159472,150.77929929980615,153.77003451517322,25472507
2013-09-13,151.05189514160156,153.9303631183699,149.50441159307462,150.7391846574246,21111519
2013-09-16,155.54200744628906,158.59688350080393,152.50317335014728,155.5500284254756,28962010
2013-09-17,154.3392791748047,156.31973397355137,153.03234427207505,154.74820100752814,17370347
2013-09-18,156.04713439941406,156.48010572437633,154.32325661971768,155.21324874613444,16914892
2013-09-19,166.17393493652344,170.68008331920998,164.53023982939615,164.53023982939615,49554114
2013-09-20,158.3162384033203,166.1338256391681,153.9784772162323,165.57255903194323,30961557
2013-09-23,151.2683868408203,156.26362614470776,149.5525165144836,154.1067634980727,21412435
2013-09-24,151.51695251464844,153.7219142550738,149.48838502185342,149.48838502185342,13807678
2013-09-25,149.96946716308594,153.14461741770398,147.2273017308382,151.86173182442857,16844844
2013-09-26,151.7174072265625,153.433264175032,149.80109309676752,150.24208543766534,17722391
2013-09-27,148.0612030029297,152.1022967777868,146.7863381388441,152.08625481684567,16665368
2013-09-30,141.70285034179688,146.97070840108154,140.98923900080382,145.41520390292675,18900326
2013-10-01,146.0486602783203,146.73018783744118,141.75899735096067,142.71315746656086,21525163
2013-10-03,150.3944091796875,150.77926807280608,145.15862175680365,147.37160413078857,23232891
2013-10-04,149.23184204101562,151.41275480143727,147.54805513730267,149.45634875591355,13725492
2013-10-07,146.922607421875,147.5319730121198,143.20223259327798,147.41971968523026,17777111
2013-10-08,150.27418518066406,152.72770350172638,149.51247465922077,151.87778911170696,16082632
2013-10-09,152.40695190429688,153.14461278034548,145.60765173681713,147.69233908051115,24777016
2013-10-10,152.03012084960938,153.47337233839846,149.81713792507006,151.38066373576316,15558823
2013-10-11,159.88778686523438,160.64949725405987,152.50317024648885,154.1067738983359,28277942
2013-10-14,159.90383911132812,161.1466333672715,158.20401051787323,159.09401625427816,15013905
2013-10-15,156.2796630859375,161.15464180801354,155.72641741105753,160.7136494638926,10947931
2013-10-17,154.73219299316406,158.05968831384925,153.60967304492127,156.47211304386087,23994982
2013-10-18,161.780029296875,162.50966912723644,155.87072185270617,155.87072185270617,24448578
2013-10-21,162.0045623779297,164.4741088352268,160.9221204645408,161.96447093980277,14406821
2013-10-22,161.98851013183594,164.69058406706085,160.04012557788982,160.04012557788982,17948997
2013-10-23,164.49014282226562,164.85095228990366,161.20273926130298,162.28518112223526,16787435
2013-10-24,163.71238708496094,168.0260990231881,162.3412976784616,163.72842904230785,17110005
2013-10-25,163.9208526611328,166.45455333229407,161.3550815331237,164.43400688673464,35171977
2013-10-28,162.76626586914062,166.9196121772045,161.8040983110222,164.20951720631825,18652799
2013-10-29,172.331787109375,173.09349745227743,160.8659866990866,163.7204053338491,29328299
2013-10-30,176.23658752441406,177.50344473270547,173.0935209005839,173.5104503449172,28588340
2013-10-31,179.75650024414062,181.20775908374185,174.41647978507126,175.2904434803465,31071430
2013-11-01,181.76100158691406,182.8113595071208,177.54351449077575,179.57208189742204,18527624
2013-11-05,175.75547790527344,182.1378485136825,175.10602089521615,179.0188318284931,21797308
2013-11-06,173.25384521484375,176.39692478894685,172.63645866968588,176.39692478894685,15238751
2013-11-07,168.6114501953125,175.11408318233052,168.2185567388026,174.07173256255913,20711839
2013-11-08,168.36285400390625,169.59762711033017,166.9356312471078,168.04212253063872,14738262
2013-11-11,166.3262481689453,168.82787803227424,164.41795531910032,166.46255095592966,14205246
2013-11-12,162.40545654296875,167.2563723162555,161.6597746660648,166.45455704510223,17580420
2013-11-13,162.75022888183594,164.03311451250104,159.67130336823968,160.2646404958008,19424333
2013-11-14,168.71563720703125,171.24131673204803,164.68256556198233,164.68256556198233,18201832
2013-11-18,172.17141723632812,174.44051971148613,169.83816039241054,170.4635679171906,18228419
2013-11-19,173.9915008544922,174.74520363466408,171.58609565644844,172.82086870981553,17385560
2013-11-20,168.24258422851562,172.70862745895286,166.95167769632707,172.70862745895286,12389960
2013-11-21,165.21177673339844,166.95971775220465,163.88879959345707,166.7592605531138,13863921
2013-11-22,163.65626525878906,167.36861908188678,162.26112639041185,166.77528199519475,17010537
2013-11-25,172.32376098632812,173.0213303961231,165.54851059778142,166.05364381845635,20881300
2013-11-26,167.3766326904297,173.91134840229165,166.5908728373256,170.94466286092452,20095630
2013-11-27,167.20025634765625,169.58161255657888,166.2701726073349,169.50144313332473,14816301
2013-11-28,166.47061157226562,170.7201695775551,165.24384582325,169.54953722702717,21809337
2013-11-29,171.36962890625,172.05917739580423,167.4167262792353,167.57709202667422,12891444
2013-12-02,174.520751953125,176.39697505827326,171.6502906181199,171.6502906181199,15862258
2013-12-03,174.05567932128906,176.34883151763043,173.03737832925202,174.12784121806172,13775069
2013-12-04,170.98477172851562,172.9331565181977,170.0226040742001,172.9331565181977,16082533
2013-12-05,182.1458740234375,182.89154241938104,177.76000020678575,177.76000020678575,43417099
2013-12-06,183.43678283691406,184.03011997953473,180.0692096531978,182.0737142963577,18361233
2013-12-09,192.70562744140625,193.4914007324151,191.0057990327851,192.43302183086493,33902616
2013-12-10,185.75399780273438,192.9301499874736,185.02435784427814,192.43303768141163,27365360
2013-12-11,185.75399780273438,188.07121297329198,182.97976176473512,184.09426069272013,16227854
2013-12-12,181.62469482421875,185.37714003130824,180.93513291994563,185.22479527241111,14555046
2013-12-13,173.9915008544922,178.80232470859664,173.18969912181092,178.80232470859664,25356595
2013-12-16,176.00405883789062,177.03036732105457,173.99151985035715,174.6329693813438,11417488
2013-12-17,176.12432861328125,179.8447037822448,174.81739346423285,178.0005514274987,13249758
2013-12-18,175.7234344482422,181.6407507119735,173.4382896362531,174.53677357003906,40179903
2013-12-19,170.54376220703125,178.30523012521334,169.71791091636487,178.00054059175474,21106184
2013-12-20,174.4244842529297,174.88952602428077,170.92861634472754,171.58609429864407,15528089
2013-12-23,176.08421325683594,177.50341500829185,174.31223649911266,174.31223649911266,11206459
2013-12-24,176.21255493164062,177.98454561394186,174.52074713724798,176.3969701906221,9597725
2013-12-26,176.34080505371094,177.3190145773359,175.17017278335635,175.5951366295923,14374063
2013-12-27,178.04063415527344,178.60992179258872,176.78179802801412,177.6798246813503,7796519
2013-12-30,175.8677520751953,180.38992912031765,175.30649884551687,178.802353893984,7419764
2013-12-31,176.19650268554688,177.80814095597384,175.4428131908476,176.5733541619065,4356632
2014-01-01,176.0281219482422,177.36714105063496,175.11406672576675,176.54127622956238,3102869
2014-01-02,172.48411560058594,179.28341555819318,171.6021309680143,175.7795399631336,11321513
2014-01-03,171.0729522705078,172.3879082717579,167.57708411395228,171.2653884667443,15567502
2014-01-06,166.90357971191406,171.42575672585068,165.98150353777652,170.94467291943027,14802265
2014-01-07,168.37887573242188,169.8541973844753,164.18543839342735,167.58509497564037,18566515
2014-01-08,169.06846618652344,170.59992160814375,167.30449654793986,169.02036722192156,18955475
2014-01-09,168.51519775390625,170.8805252539159,167.13610076583197,170.7522434215455,19238686
2014-01-10,164.28968811035156,169.11655444445515,163.3515834803945,167.95394315170088,21835286
2014-01-13,169.1646728515625,170.1589109114413,165.1877206120473,165.1877206120473,17981914
2014-01-14,166.20599365234375,170.14285411021294,165.65274800298064,168.69960283474163,16934159
2014-01-15,169.7178955078125,171.39366087365684,167.24031494471438,167.57707490511788,18898968
2014-01-16,169.8060760498047,171.02482054432124,168.2265221393495,171.02482054432124,8986741
2014-01-17,165.9012908935547,170.28715048997657,165.34002435596318,168.9240823032632,9672228
2014-01-20,167.416748046875,168.05819766201398,164.8509765023594,165.89332708020268,10617040
2014-01-21,172.8770294189453,173.18972649174077,168.1864656628609,168.8599856846006,14897789
2014-01-22,174.46458435058594,174.9536756222942,171.45780754045467,173.2217768092166,12788578
2014-01-23,173.10153198242188,174.95369181119642,171.92287870137503,174.95369181119642,10274170
2014-01-24,169.69384765625,172.22754837560987,168.79583447337288,170.63998671234137,10283619
2014-01-27,161.932373046875,166.65499292832388,161.52345121367372,166.58283104352464,27904404
2014-01-28,163.35157775878906,164.99527277739074,156.95317846723566,162.07671317928998,26612800
2014-01-29,160.5853729248047,166.50268931422613,159.65528917051375,165.46035221606977,26522925
2014-01-30,156.2796630859375,159.12607433345363,154.50768618855682,158.25211062412706,27447838
2014-01-31,158.38839721679688,159.30245226909474,155.78253485543428,157.875243031015,14484481
2014-02-03,154.5076904296875,157.4743626102928,153.20876284039758,157.3139968596584,19562653
2014-02-04,155.33351135253906,156.0310806984773,151.31646851571568,152.31872734503403,16988900
2014-02-05,154.9486846923828,156.93714735141404,153.1847152457757,156.34382367440776,16441700
2014-02-06,153.63372802734375,156.25563293769937,151.70940612458674,155.55004240821316,22979121
2014-02-07,154.01856994628906,155.87072957870038,152.42297395589256,155.55001156816454,15640619
2014-02-10,154.0346221923828,155.1972470290949,153.3450736531172,154.45156509097149,8923442
2014-02-11,155.36563110351562,156.1113130934446,154.26716056889995,154.73220246108153,11240361
2014-02-12,160.23255920410156,160.64148107404463,156.71264157237968,156.71264157237968,21465790
2014-02-13,157.73094177246094,161.8041053857743,157.15364659555541,160.44103686184386,24636953
2014-02-14,158.50868225097656,158.96570307907402,155.58208823175042,158.11578887792442,15133266
2014-02-17,161.82815551757812,162.58185840870308,158.5968851769041,158.91761668360525,14271416
2014-02-18,166.42247009277344,167.38463755637864,161.0503930940088,162.2851661488914,19122130
2014-02-19,165.31597900390625,167.2162644565392,164.7787753409524,166.1177941963087,11779856
2014-02-20,161.61965942382812,163.56804373344713,161.32299091254342,163.23128379160914,10389857
2014-02-21,164.41799926757812,165.62872309292632,162.13285444029944,162.13285444029944,8404451
2014-02-24,166.16587829589844,167.17615808069075,163.27938961852104,163.58407909523842,10661106
2014-02-25,165.3480682373047,168.0581630316257,164.37787976350668,167.38464309321958,15457821
2014-02-26,166.20599365234375,166.75121832316154,164.86698818192647,165.34807194041693,10073030
2014-02-28,167.39266967773438,168.19447146477532,165.33203181770952,167.57708489623485,15521473
2014-03-03,165.13961791992188,168.53927518230523,163.79259127412035,166.32629226147301,18154565
2014-03-04,171.44178771972656,171.9068295377156,165.49240162571942,165.49240162571942,15723317
2014-03-05,176.3007354736328,176.7978477800601,170.89657373146972,172.38792410877056,21977021
2014-03-06,181.8411865234375,182.94767784872568,176.93413745224566,177.15062313006055,23331583
2014-03-07,192.73768615722656,197.24383401550722,182.68306701796166,183.62117155641195,45170196
2014-03-10,191.4066925048828,194.7502155647185,189.5865899888675,189.86721654746165,42221157
2014-03-11,192.13636779785156,197.62069891779885,190.89356012514887,192.23257917507175,44639886
2014-03-12,194.30120849609375,196.12129761209098,190.5086720552425,191.47083951253467,21739498
2014-03-13,195.64024353027344,199.08799955968723,194.67807592717682,194.67807592717682,17975842
2014-03-14,194.8384246826172,195.56806457153948,190.50868430442884,191.83968225732863,24014875
2014-03-18,193.1546630859375,197.40422114086888,192.232586883034,194.83844973192845,19604816
2014-03-19,194.0286102294922,196.21754344797412,192.91409790199333,194.1969969544622,18888683
2014-03-20,192.5532989501953,195.60817506505666,191.97600376566058,193.7960931760216,16807334
2014-03-21,192.36087036132812,194.67807200855063,191.0378932982049,194.03663592474348,19290540
2014-03-24,199.20025634765625,200.27467730500223,193.07447557353623,193.07447557353623,20422748
2014-03-25,200.85997009277344,201.8862785122618,197.8852771803473,198.52672667153632,16143154
2014-03-26,201.493408203125,203.4498137677198,200.70763489414318,202.58385758626784,13291063
2014-03-27,201.89431762695312,204.6204546578654,199.82565864521092,202.07071187901994,35664090
2014-03-28,201.9263916015625,203.81865636418533,200.13035167484705,203.49792485518617,11252411
2014-03-31,199.65728759765625,204.1393731360412,198.92764764368926,204.1393731360412,13578647
2014-04-01,196.27365112304688,201.77402360677087,195.41571596803345,200.81987708494086,23417124
2014-04-02,199.3365478515625,200.81987707785765,197.26788907193028,197.26788907193028,21486437
2014-04-03,197.84519958496094,199.7615137560848,196.4500606385052,199.6412394446956,27446622
2014-04-04,197.31600952148438,199.63322451994932,194.87852021609078,197.2438476289308,13921022
2014-04-07,193.90032958984375,198.14988730643262,192.81788771330633,197.61268358665114,21844784
2014-04-09,202.02259826660156,202.61592189724186,194.35734198569037,196.20149416448774,25150895
2014-04-10,200.026123046875,203.63424492623255,198.36638590572898,200.61143922048436,21686857
2014-04-11,198.21401977539062,199.13609586558684,196.71464855325166,198.04564651457994,16585882
2014-04-15,195.5520477294922,199.06394457994324,194.9025772134359,198.60692372881172,12426375
2014-04-16,196.04917907714844,198.36639439028244,194.45359624556323,194.45359624556323,10880776
2014-04-17,202.51170349121094,204.17946154555185,196.81889428084267,197.25988663839246,15660562
2014-04-21,205.58262634277344,207.17020155900207,201.6297235318898,203.49792536117144,17192499
2014-04-22,206.84945678710938,208.2445956996149,203.65827805857526,205.1897197791939,10952617
2014-04-23,208.39694213867188,209.2709058462092,205.48638998182886,206.72919759654934,28399723
2014-04-24,208.39694213867188,208.39694213867188,208.39694213867188,208.39694213867188,0
2014-04-25,203.73846435546875,211.43577798211632,201.4693617043025,209.18271728888865,26271410
2014-04-28,204.540283203125,205.90335179469213,200.63549266997697,204.46010032279406,19357426
2014-04-29,202.50367736816406,205.18170172607998,200.5472719079443,204.62043510675105,12507649
2014-04-30,199.39268493652344,205.09351508049957,198.04565839517744,203.41774951840785,19888929
2014-05-02,200.8359375,202.72818876075988,199.97800226613623,200.4510650813262,9145994
2014-05-05,200.8439483642578,204.7808089171694,198.52673336382756,199.8497103671107,14052241
2014-05-06,204.5563507080078,205.26192784378767,202.72822656542755,202.72822656542755,7045379
2014-05-07,203.76251220703125,204.78081316150084,201.52548003158955,204.62044741546953,28329075
2014-05-08,206.70513916015625,207.95595432298956,203.056926025556,204.44405745858296,16439945
2014-05-09,221.073486328125,223.04593403685274,205.58263300818018,206.08776631126068,34424511
2014-05-12,224.29672241210938,226.79833914700794,218.11480882161328,221.6267054996594,28438118
2014-05-13,224.6334991455078,228.9953106124244,223.4628667620572,227.39170681997467,22394201
2014-05-14,226.0126190185547,226.6861390989674,220.8489919847645,222.42053883906078,20961468
2014-05-15,223.71942138671875,226.09276983361602,222.12383873461306,226.0125869604611,22401164
2014-05-16,234.9767608642578,255.4869156470484,227.3435880961511,232.52322951049337,64509505
2014-05-19,235.473876953125,239.50694908796694,231.7615363204873,237.49443696814413,42620820
2014-05-20,232.50723266601562,238.1358878503158,230.99982681125564,237.32606498137497,22394427
2014-05-21,231.0078125,233.6377244483637,227.8887823635077,233.32501395366432,19602885
2014-05-22,232.76377868652344,238.13586977826546,231.25639986219707,231.25639986219707,17050280
2014-05-23,234.25514221191406,235.69035913926783,231.72142798064894,234.15089640043584,18774596
2014-05-26,233.25286865234375,240.23658433976834,231.72142689969542,233.80612779123837,22024612
2014-05-27,232.05819702148438,233.42125202758768,228.92312475018468,231.72142357237468,10500330
2014-05-28,233.51747131347656,235.53800429601242,231.1280809750411,232.5312408422625,13082932
2014-05-29,230.4305419921875,235.650288470283,228.80287534946427,233.80613613488507,24559144
2014-05-30,227.39971923828125,232.26667729047927,225.26691927645115,230.9998201140452,17143027
2014-06-02,234.80035400390625,235.73046458222063,226.1248307552336,226.30925944149968,15135730
2014-06-03,233.8622589111328,236.9652474598205,230.92765709746985,234.4796589955313,19736579
2014-06-04,239.41004943847656,242.20431864306278,235.2716037563678,237.86221731666464,12880208
2014-06-05,242.1824951171875,243.48184083626688,237.91203756686298,239.5093196004115,21069081
2014-06-06,246.0143280029297,248.83647200380437,241.66113455634954,243.74668899918493,21390919
2014-06-09,246.99090576171875,250.2185866574753,245.5508707820346,245.9894962187111,21202940
2014-06-10,245.17843627929688,247.04056617750854,243.9784118287351,247.04056617750854,10364431
2014-06-11,243.29978942871094,248.6295829967749,241.66113947598134,244.64050302639876,12749231
2014-06-12,241.56178283691406,243.97838971159905,239.69965310750823,243.31631210617024,11788678
2014-06-13,236.4224090576172,244.80605100482586,235.30511984539123,242.0418603799397,16782672
2014-06-16,234.0388641357422,236.52995539411464,231.89535602278318,235.63614634973436,13089175
2014-06-17,239.9231414794922,240.3121201186538,232.88849293394566,234.04714975461815,15687243
2014-06-18,235.28860473632812,241.28872824088452,233.75752724252757,239.31902524405143,13210807
2014-06-19,233.6747283935547,237.61413378620267,231.27466546679534,237.09274516449386,16235054
2014-06-20,231.20846557617188,235.86788856054355,230.4884480713677,234.21268037652092,16995341
2014-06-23,234.0802459716797,234.95752465807553,231.30777639092472,231.72985753995943,11711777
2014-06-24,238.23484802246094,239.32727208377568,234.49405753941514,236.03341392377277,12547546
2014-06-25,235.123046875,237.35756958134726,234.59337914658383,237.35756958134726,6914721
2014-06-26,232.16847229003906,236.87756970679857,231.72984685816246,236.0334074476416,14728395
2014-06-27,229.18911743164062,233.41818045814168,227.8401107253413,232.55747381197676,14970114
2014-06-30,234.7340850830078,236.81136066113663,230.40570066083674,230.40570066083674,13310649
2014-07-01,238.02792358398438,240.2624740461634,235.13132319685445,235.13132319685445,15801005
2014-07-02,240.33697509765625,241.82665698944282,239.75766053578508,240.8335264675164,13500459
2014-07-03,240.67628479003906,242.48874018546974,240.00590021829035,240.45280474465378,13249676
2014-07-04,242.13284301757812,242.81975798018448,237.52308102888415,240.8666135635555,7890861
2014-07-07,240.22935485839844,243.13426209070664,238.72311489563234,243.13426209070664,10595145
2014-07-08,233.58372497558594,242.62947317885525,231.49815625064505,242.62947317885525,11441408
2014-07-09,232.23468017578125,235.76854853576225,230.91877616025832,233.5671146017177,15815585
2014-07-10,229.9091339111328,241.131492213357,227.0373428107497,232.59057522508033,21087066
2014-07-11,224.54623413085938,232.62367434529102,223.61932250457215,229.41256531495193,12540753
2014-07-14,222.50201416015625,227.57523867811366,220.68955888131973,227.57523867811366,17222782
2014-07-15,230.8360137939453,232.02777304235804,224.35585674026035,224.9434642136802,20701505
2014-07-16,241.8018341064453,243.03494725657924,233.78230627996763,233.82370176478682,34666637
2014-07-17,240.10520935058594,241.56180242641187,238.54932268432339,241.56180242641187,13358004
2014-07-18,245.04603576660156,246.19641346589947,237.5230873629746,237.5230873629746,22105369
2014-07-21,245.40191650390625,247.72750936766084,244.31777149599426,246.29572562146626,10873830
2014-07-22,245.50949096679688,246.61019405257454,242.778389320004,246.22121543362977,9693398
2014-07-23,249.2751007080078,250.33443613656368,246.82537711114597,247.72749304874466,22595353
2014-07-24,249.34130859375,249.73856632962057,246.6350440961522,249.09304681825947,18655884
2014-07-25,244.2515411376953,249.16754689738886,243.22532201822767,248.49716227037186,11547481
2014-07-28,240.17141723632812,245.6998254884246,238.7810569136192,245.63362049993395,7511350
2014-07-30,246.3701934814453,247.78541893987273,239.1782977463309,240.81697546942522,16305135
2014-07-31,243.52322387695312,249.1095579074504,242.68734076820036,247.4129821836426,21827960
2014-08-01,244.2515411376953,249.02683002478872,241.37147098666566,242.04185561368269,25283104
2014-08-04,246.85848999023438,248.44749311048903,245.07087189827416,246.9743695603818,11518006
2014-08-05,246.05572509765625,248.08335365973932,242.67079698087454,246.64331870285275,10886089
2014-08-06,239.52590942382812,245.9232897163153,238.7645103458111,244.95499656641647,11961031
2014-08-07,239.1535186767578,242.95223544178205,238.51625040630083,240.66803792410687,10130070
2014-08-08,237.87893676757812,238.57413080761455,233.6829908031972,236.6954705278198,14898592
2014-08-11,238.49966430664062,240.48592520111688,237.37412387502513,239.33554747910415,7812183
2014-08-12,242.20738220214844,242.80325502194773,238.3672974844369,240.92459426347853,7573830
2014-08-13,240.37010192871094,242.48877305893132,239.01280219009413,240.86665332014064,9495711
2014-08-14,244.91360473632812,246.56053361679704,241.3631505661458,241.3631505661458,13636485
2014-08-18,253.3634490966797,254.4062540105012,245.27774510537296,246.04742320135034,21247732
2014-08-19,255.38290405273438,258.0891690757434,252.64352263605494,254.90288303777132,18915512
2014-08-20,255.35800170898438,256.64906843568724,253.57863499328772,255.73042213185997,9462876
2014-08-21,255.7221221923828,258.84220217612295,253.66965659460203,254.9027973288373,15249839
2014-08-22,254.8282928466797,257.50974724032943,254.34827203155405,255.74693900207637,13225470
2014-08-25,250.64894104003906,256.88910207963585,249.63925236784252,255.31665706525473,6260974
2014-08-26,249.61439514160156,251.17028166444078,245.3191003939974,245.7991212382667,9349499
2014-08-27,254.9524688720703,256.3925037903537,251.9731054426583,253.74416530743036,12302625
2014-08-28,257.6835632324219,258.8753363526054,255.39936614648926,255.39936614648926,22862356
2014-09-01,264.5527038574219,265.2975446688132,257.8821973742044,257.8821973742044,14692249
2014-09-02,263.3610534667969,267.95425864710063,262.84791602762886,264.81761923077636,12260539
2014-09-03,261.6560974121094,265.0575559171948,260.4477938231817,264.66857728782446,9697814
2014-09-04,260.1415710449219,262.35956318837214,255.2835195363355,261.9705845699661,15945864
2014-09-05,256.0697937011719,261.6147609879075,254.39802719577807,260.14160947814406,12019744
2014-09-08,259.50433349609375,260.191248536068,256.3760015514556,258.6270825637489,8527112
2014-09-09,255.85455322265625,258.67669712472724,254.82005513406176,258.67669712472724,8552346
2014-09-10,259.8849792480469,261.15951546031806,256.0780121490995,258.87531853162955,14187943
2014-09-11,259.1815185546875,262.35124514152557,258.4780455074508,261.0270622162682,9666635
2014-09-12,258.9415283203125,260.53053128512596,257.73322485067933,260.53053128512596,6356713
2014-09-15,257.1125183105469,258.453231766022,254.67107405176614,257.6421859724606,7465540
2014-09-16,252.54415893554688,257.74154268097243,251.86552301886323,256.72357491484456,7520914
2014-09-17,253.2062225341797,255.51525701083386,252.4200139643602,253.61175935504457,10495633
2014-09-18,259.0408630371094,259.3719157923369,252.0062142461646,252.42003019019901,6706084
2014-09-19,260.2326354980469,260.94436002454233,257.6339436111184,259.8519359435708,10378769
2014-09-22,261.3333435058594,263.86583044518744,257.6091110808265,258.213262920908,10506210
2014-09-23,254.65455627441406,263.476851163971,253.82695215771815,261.35818018007666,21190009
2014-09-24,250.99647521972656,256.55799925514333,247.97571667194345,254.73726503103302,17279366
2014-09-25,242.5384063720703,251.53447907731376,240.41973535970223,250.1027231027217,30332934
2014-09-26,244.63226318359375,245.35229467861765,237.52312944131353,242.6542810745641,18873354
2014-09-29,241.41287231445312,244.97157849373974,240.49422587378663,244.85569891036045,7073148
2014-09-30,237.28309631347656,242.96875250188558,236.2816867073119,240.83352329696422,13333391
2014-10-01,236.50518798828125,238.8473114895258,234.87478909772534,238.8473114895258,10776667
2014-10-07,236.63755798339844,241.0817937374969,234.21267169379357,234.21267169379357,18449612
2014-10-08,239.76593017578125,240.7755910705195,236.19894509140676,236.29823869213854,10532802
2014-10-09,246.36195373535156,247.42128921363496,240.83351718946724,240.83351718946724,12238358
2014-10-10,241.48733520507812,245.38534513026283,240.56868884507813,243.4818752001522,9018405
2014-10-13,244.6239471435547,245.18673125406286,237.82102992956968,239.50935447889,9459494
2014-10-14,244.6488037109375,246.17160200761293,240.22112569627902,245.78262333593972,11288403
2014-10-15,244.6488037109375,244.6488037109375,244.6488037109375,244.6488037109375,0
2014-10-16,241.75218200683594,247.30542848507062,240.2790582543687,243.64740083268947,15670605
2014-10-17,249.1427001953125,250.16066796119608,243.3163551167863,243.60601238397612,14839423
2014-10-20,254.38975524902344,256.3677372921605,252.55246230452178,256.3677372921605,13952152
2014-10-21,261.8712463378906,262.5829985401217,254.90280360505943,254.90280360505943,15513168
2014-10-22,260.03399658203125,263.8244339887511,258.6022406285643,263.5099672062287,8615480
2014-10-27,260.373291015625,262.8478239095908,259.48776112910707,261.9126472292218,11126714
2014-10-28,265.041015625,266.1417465968265,261.5237050943045,261.5237050943045,10254244
2014-10-29,265.8023986816406,266.97761367472145,264.1223532675467,266.97761367472145,10474618
2014-10-30,267.1597595214844,269.10465333057743,262.1858543942857,264.8507520310547,26322631
2014-10-31,269.2452697753906,270.32944255616377,264.75135915233926,266.7045037514043,21065660
2014-11-03,272.3984375,273.1101898145405,266.8783078059061,269.13766786007255,13022333
2014-11-05,276.64404296875,278.0758266144298,272.48946445744525,274.0205416988573,16438026
2014-11-07,278.8537902832031,280.02072632484544,275.0302640414818,277.827571120139,9347464
2014-11-10,275.924072265625,278.31584246019804,275.33647858906306,278.1917115596364,8030726
2014-11-11,278.9944763183594,279.8965923527476,274.3102295722148,274.9309396347414,11662277
2014-11-12,282.70220947265625,283.86083874863095,280.26076444306426,280.26076444306426,10523271
2014-11-13,280.14483642578125,284.0345951602438,279.1517059450205,282.7435283134753,15610947
2014-11-14,280.1116638183594,281.2206457612427,278.93644911870996,279.06885906784896,10524866
2014-11-17,277.057861328125,279.2344580897527,275.0964377354143,279.2344580897527,13396053
2014-11-18,278.2744445800781,279.3172218219044,276.6854414270368,277.4137241205209,11248880
2014-11-19,278.5558166503906,282.04831742844766,276.75164036746145,278.6634171238089,14558984
2014-11-20,279.3916931152344,280.3682653204018,277.16544965290126,278.98618408543086,8960451
2014-11-21,286.46771240234375,287.80842582347475,277.5792141556376,279.8965274810248,17794084
2014-11-24,293.5189514160156,294.46243504437075,288.00710116726685,288.00710116726685,13578185
2014-11-25,287.5519714355469,292.6334763055321,285.23465741348366,292.48450810284294,17101408
2014-11-26,283.107666015625,287.0305410877108,282.37938330417353,284.61390602035726,15505330
2014-11-27,285.22637939453125,287.1464356226188,282.21389893665935,283.76978597261,15438511
2014-11-28,290.390625,294.1314157703052,285.52429369424004,285.52429369424004,16467154
2014-12-01,291.0113525390625,293.9328184303905,289.82788603178955,292.3106986369696,17857713
2014-12-02,293.055419921875,293.83337699963937,287.18768102432387,290.27467205134735,14228054
2014-12-03,296.96185302734375,297.63220992130334,291.34240140367814,292.1617264962955,12067709
2014-12-04,299.75909423828125,302.9453793946757,296.5728090818868,300.00735599328215,13537613
2014-12-05,297.7728576660156,302.0350367139148,296.6142008472596,301.08327396851394,8548679
2014-12-08,292.8072204589844,299.5936075660757,291.8140899608196,298.68324025794186,6475662
2014-12-09,289.9933776855469,296.2418184299183,289.0002748930793,293.8003735914338,8119718
2014-12-10,291.35894775390625,293.63486634800086,286.02090182189033,286.02090182189033,11679797
2014-12-11,287.9656982421875,292.26924478830455,284.9035716418862,291.06922032452417,8902775
2014-12-12,286.6001281738281,290.448490852414,285.1932097409325,287.59325850736656,7508487
2014-12-15,285.731201171875,288.83472353111415,283.1655978694673,283.703544708504,7925545
2014-12-16,273.6894226074219,283.45519819813666,272.4893983952603,282.9172515198923,16369716
2014-12-17,275.0550537109375,280.0207061252253,264.1720416671895,272.6963722869264,25141233
2014-12-18,286.14495849609375,287.17948435914553,280.8482816480442,283.0000687722778,10631579
2014-12-19,294.6278991699219,295.869319002621,286.9725416934107,288.83467144245947,25004771
2014-12-22,297.2762756347656,298.4763279257415,290.53128442616725,294.21414891965816,9977669
2014-12-23,292.1451721191406,299.51087451544373,290.69685782116693,296.11769451154936,8114147
2014-12-24,292.2278747558594,295.372792295128,290.4071403337045,291.60716478790613,13035476
2014-12-26,290.44854736328125,295.2073059071785,288.089893617194,293.0969139561281,3566406
2014-12-29,288.9588623046875,293.55209441353253,288.33815225946995,289.66233554141445,4125797
2014-12-30,289.8692321777344,291.31754636857414,287.3864197572403,291.31754636857414,6246150
2014-12-31,292.2278747558594,293.6347932719779,289.7450626662488,289.7450626662488,5069990
2015-01-01,291.5658264160156,292.5175614223272,289.8278550002514,291.89685139193887,2583280
2015-01-02,299.8419189453125,300.835049515713,291.31755979196095,291.31755979196095,8272990
2015-01-05,300.46258544921875,304.0626870504652,299.17979765117155,302.32471558916876,10316090
2015-01-06,287.7174377441406,297.85563683336807,286.51741315920736,297.44182088225034,13282427
2015-01-07,279.9379577636719,286.55881873933464,277.62067170240346,286.0208718750353,21254332
2015-01-08,287.5519714355469,288.4209433571641,282.3794242678719,285.5243147206894,12558144
2015-01-09,282.91729736328125,289.9933129271619,278.9861714317472,289.6208925175999,15701030
2015-01-12,286.80706787109375,287.6760674695733,280.31036586313803,283.6621777995222,8304115
2015-01-13,282.1310729980469,288.8346962181256,281.17933808495303,288.8346962181256,13100848
2015-01-14,278.8207092285156,282.8759669688928,275.59302789339966,280.7655749017365,13127934
2015-01-15,292.0210266113281,294.6279699915641,287.634716228652,291.44168425178145,16662989
2015-01-16,292.8485412597656,293.4692511355943,287.55186514183856,292.02093735272695,14726646
2015-01-19,298.6004943847656,299.4280985508642,292.5589756375837,294.21418396978095,10277015
2015-01-20,304.352294921875,305.5937148136434,297.69006743808137,297.69006743808137,11477610
2015-01-21,304.931640625,307.0006367584564,302.2005390579239,303.31780030385454,12457852
2015-01-22,306.0489196777344,308.11794371377425,301.74537301982224,305.304078803777,9320935
2015-01-23,306.79376220703125,310.7662839325095,305.1385540821498,310.26970482572295,13525550
2015-01-27,317.3871154785156,318.4630090911173,308.4489694052458,309.93867893892644,13932787
2015-01-28,317.84234619140625,325.58046891331526,315.81471733321933,316.9319788123581,14787690
2015-01-29,314.7388000488281,317.635428362537,310.8076735297398,314.5732736682381,22085259
2015-01-30,298.5177001953125,316.14573100199823,293.5106802300731,315.6905473687946,31372235
2015-02-02,291.1933898925781,298.517695613433,289.6623126439928,298.18664287356467,37165959
2015-02-03,286.8484802246094,295.2900760085262,285.6070600915547,291.31755380851666,25975650
2015-02-04,285.234619140625,287.38640647492645,281.59314997931784,286.3932759961877,15639435
2015-02-05,277.7447814941406,285.7725605786898,275.3861001244446,282.1310914861352,18771838
2015-02-06,272.57220458984375,281.3862190711821,271.2066538330787,278.0758030967945,17811770
2015-02-09,264.8754577636719,271.0411056298586,263.59264250569043,271.0411056298586,15330887
2015-02-10,273.97918701171875,277.24820793796476,261.8547271724793,263.5926985667918,31301276
2015-02-11,276.99993896484375,281.34485344674613,276.37922895822794,276.5033598466694,13732188
2015-02-12,280.6827392578125,282.5034735567365,273.11014483859697,279.89653076285936,14372362
2015-02-13,284.57257080078125,286.26917466511236,281.55181134953483,284.69670170511466,9926537
2015-02-16,279.7724304199219,287.13813232641996,278.4068794111139,287.13813232641996,11084024
2015-02-18,283.3725280761719,284.69668357877964,281.13797746498796,281.13797746498796,8830098
2015-02-19,280.18621826171875,284.5725281317772,274.9722765461742,281.46900594891684,10326464
2015-02-20,273.89642333984375,277.91031295560146,271.8687668982201,277.2482074486852,17197010
2015-02-23,272.28253173828125,276.83436733302125,270.6273238460485,275.5929475227468,12236793
2015-02-24,269.84112548828125,274.2688308366439,268.55833780255256,272.6963581142251,12177664
2015-02-25,266.9031066894531,273.93775450450227,265.86858086398627,271.1238898220424,18029910
2015-02-26,265.9100341796875,269.3446095480139,264.9582713245358,268.72389947416843,18356309
2015-02-27,277.4551696777344,278.9448517206204,267.31696934122095,268.6411527655044,17157486
2015-03-02,288.8760986328125,291.2761756181822,281.8414496238587,290.36580829529856,16237130
2015-03-03,288.5450439453125,289.2484893262477,284.7794163632692,288.00709714787774,16309976
2015-03-04,289.1243896484375,299.59361391379656,286.3932876661699,297.93840564252037,27007377
2015-03-05,287.8001708984375,289.57953762923415,281.46899587362265,286.68290962032944,12677758
2015-03-09,275.427490234375,283.8277182342553,274.55851837506737,283.0414817863237,13711772
2015-03-10,276.1309509277344,279.56552606745396,273.39984901036337,275.3447422977734,15690129
2015-03-11,275.3033447265625,278.8620507329518,272.28258555881166,276.08958113277373,11762499
2015-03-12,279.8965759277344,281.13796819773296,276.95855217514634,279.3586290905931,12265104
2015-03-13,273.27569580078125,286.3518619910995,272.2825653862731,285.5242579427099,14368069
2015-03-16,274.3101806640625,275.5929682662063,269.5100551895296,272.6963403456744,12496540
2015-03-17,277.1240234375,278.4895741104557,273.23426545878397,274.7653424767403,11214858
2015-03-18,277.0827331542969,278.5310474043859,273.9792105561654,275.6757866109157,9603665
2015-03-19,273.27569580078125,282.54489448138855,271.74461858748936,280.9724217854655,15488184
2015-03-20,263.6755065917969,272.48952373600025,262.10306130712036,272.1998664180611,23389273
2015-03-23,259.70294189453125,266.8203531438307,258.585652851407,266.5306959038363,11517028
2015-03-24,258.1304626464844,262.0616163730645,256.1028342361988,256.97183371615057,18209548
2015-03-25,262.2685546875,264.0065261584996,257.46842845310744,258.2132694003635,15109255
2015-03-26,254.86146545410156,259.62019583378077,250.43376003530017,257.3856453823865,34971712
2015-03-27,260.32366943359375,261.6892203276608,255.10972763282587,259.0408539432241,17383920
2015-03-30,263.7582092285156,264.4203146971506,259.3305317091371,261.7719483870172,14140124
2015-03-31,261.1098327636719,267.1099821170874,259.70291441164164,263.92369724993154,14317689
2015-04-01,267.4410400390625,268.4755380304491,259.9098135377446,260.6960497918063,9190830
2015-04-06,265.8685607910156,269.34453062964434,264.2961161049544,269.34453062964434,10512775
2015-04-07,262.6823425292969,267.6893628465726,260.69610926656276,267.275574668497,9849292
2015-04-08,260.77886962890625,264.58583751115845,260.3236859686386,263.92375976409795,9158573
2015-04-09,265.3306579589844,266.40652368389425,262.26850378985426,263.17887094476316,13516230
2015-04-10,263.4272155761719,266.19968531778744,262.5168482308344,264.4203461149224,9053218
2015-04-13,262.2685546875,264.7513671057557,261.5237137402439,264.7513671057557,8810668
2015-04-15,260.6960754394531,266.7375932001956,259.0822350770703,263.4685447758726,11297754
2015-04-16,258.6270751953125,261.52370346052265,256.68220971145666,261.4409402716134,9682703
2015-04-17,256.6407470703125,260.65463566217005,255.1096701494374,259.9097949390951,11639567
2015-04-20,257.5097961425781,262.8478408764853,255.15111487607842,258.95811017576926,11663690
2015-04-21,257.2615051269531,262.0202353333487,256.51666426434554,257.38563600998674,9953639
2015-04-22,258.9994812011719,260.6960848058281,251.09583325012994,259.24777075404427,12256206
2015-04-23,258.0891418457031,261.44095393397055,256.35117035219525,260.07540291891394,10352840
2015-04-24,255.10972595214844,258.6684317936474,254.1579909938585,258.58566860829126,13482295
2015-04-27,250.18545532226562,258.5856542381621,245.55085611089464,257.1373680304233,24819034
2015-04-28,270.50323486328125,271.95154908754535,252.91659786005457,252.91659786005457,37447522
2015-04-29,273.2342834472656,277.0826739841915,269.0548679807449,271.28941822096647,24501414
2015-04-30,274.0618591308594,276.08951510782913,269.13760335373007,273.9377282678606,20787994
2015-05-04,272.5308837890625,278.82069189206504,269.96528040700366,275.386116669188,11308400
2015-05-05,271.827392578125,273.8550211881858,270.71013123570833,272.5308657709966,10109107
2015-05-06,258.3374328613281,279.7310655494613,256.6822245518544,270.54462887145496,19967506
2015-05-07,252.08892822265625,259.0408124676607,248.77851244545406,258.3787348686602,16086181
2015-05-08,262.3512878417969,263.9237327484347,256.55803174695865,256.55803174695865,15672276
2015-05-11,267.730712890625,269.6342104204201,264.089244187052,264.87548048703303,9605442
2015-05-12,255.06838989257812,268.14455806793006,254.07525932730732,267.7721375787294,13692241
2015-05-13,262.8892517089844,264.13064396548646,253.66142017115294,259.1650193750684,15431501
2015-05-14,260.6546630859375,263.13747501813936,257.59253670421543,262.9305809693394,11672149
2015-05-15,258.5029602050781,261.89614003027333,257.0132504952751,260.94437719037046,12014773
2015-05-18,261.7306213378906,262.26856822360793,258.9581514950777,260.6961230557768,7629436
2015-05-19,260.9857177734375,263.9237133046504,258.21322081320204,259.82706108338976,9064851
2015-05-20,263.79962158203125,265.66172387614495,261.7305974246343,261.7305974246343,7555070
2015-05-21,259.4960632324219,265.4962142192158,258.7926177560124,264.99966283691464,11132704
2015-05-22,259.53741455078125,263.3030142208483,258.006337394094,260.69607128857194,8944914
2015-05-25,258.3374328613281,259.95124568285127,257.34430231920254,258.21327417968325,5481212
2015-05-26,256.30975341796875,259.0408552195593,255.44078163502857,258.21325113867164,5505501
2015-05-27,259.1650390625,260.53059009592954,254.48904360177625,258.0477776121141,12557150
2015-05-28,260.28228759765625,261.5237076690681,257.79947523703817,260.07539351315614,11520281
2015-05-29,262.5581359863281,263.9236865885181,260.53050782064554,262.43400512511016,22664703
2015-06-01,261.8961486816406,264.00654074285137,261.5237281874392,262.35133237257656,7621775
2015-06-02,252.0062255859375,262.7651072284999,250.76483326238414,262.35131904805087,13982208
2015-06-03,244.76466369628906,251.79931226656416,240.6680109987788,251.79931226656416,22831293
2015-06-04,244.21742248535156,246.49040003785868,240.3028798637786,245.64856382655165,20759124
2015-06-05,239.1664276123047,246.15367729840773,238.2404048671602,245.14346809825273,23735127
2015-06-08,238.36666870117188,240.47127354131916,236.00951862779945,240.47127354131916,21145729
2015-06-09,241.6919403076172,242.28121724204513,237.4406514321775,238.15622218110568,19411474
2015-06-10,246.2378692626953,247.79527632527822,241.3551960626974,241.60775543337974,17487792
2015-06-11,242.87049865722656,250.19449356219278,241.18682621516038,249.18428444495925,21760535
2015-06-12,249.1421661376953,250.0261096739016,241.73398511032048,243.71232416374673,20748570
2015-06-15,251.87818908691406,252.8462909388318,246.82714303785775,248.3424709825605,17020704
2015-06-16,254.27743530273438,255.07719251203594,247.41645102600512,250.06822550426696,15828124
2015-06-17,253.68812561035156,256.17152685443443,252.59373007365423,256.12944776147,16849471
2015-06-18,255.37181091308594,257.35012184172314,254.52997467154012,256.3820200549349,15455462
2015-06-19,256.3820495605469,257.6027108382691,252.88841038708742,252.88841038708742,9060393
2015-06-22,265.2212829589844,265.936853569593,257.6447294324492,257.93936784270966,17123638
2015-06-23,263.9164123535156,266.6944798519737,262.65364412332053,265.1370732373901,13093667
2015-06-24,267.4942932128906,269.72516349913474,263.20089728127545,264.08484088071594,14984900
2015-06-25,265.0108337402344,269.0937489561528,263.66387894510217,266.3156811849114,18385230
2015-06-26,262.4011535644531,265.22130058431657,259.7493511759498,265.17922149146864,11342004
2015-06-29,261.98028564453125,263.4955855185124,252.67797784485725,254.2353568220156,11605396
2015-06-30,259.286376953125,264.0006772849975,255.9611107835014,261.0121569462121,15125139
2015-07-01,262.82208251953125,263.91647815724343,259.8756414210665,259.8756414210665,15481941
2015-07-02,263.49560546875,265.5581316600224,261.89611900733615,264.59000135391955,9252723
2015-07-03,264.8004455566406,265.60017454830523,261.7277103719101,262.44328116232464,5716323
2015-07-06,265.3055114746094,266.6524664693745,256.9713069256688,260.212386472479,8562220
2015-07-07,263.1587829589844,267.7047093733654,262.2748394778707,264.3373648471472,10617091
2015-07-08,258.90753173828125,262.31698409848735,257.85524348931625,259.62310244276193,13252578
2015-07-09,260.5491638183594,261.76982515073445,257.35016298112447,258.4445587480726,6959346
2015-07-10,263.621826171875,265.0950466455104,261.18047566072255,263.07462838109785,10664155
2015-07-13,266.35784912109375,267.0313408732916,263.3272492761083,264.75836272957633,8964077
2015-07-14,263.8743896484375,266.94709618782036,262.6958075990954,266.8629097371552,8304877
2015-07-15,264.88458251953125,266.02108552493974,263.79021513131653,264.2532265009359,7378092
2015-07-16,266.94708251953125,267.91518426265645,264.6741049878938,264.9687434201507,13466904
2015-07-17,267.2417907714844,270.23031148796525,266.4841408163175,267.704802217417,9339699
2015-07-20,265.8526916503906,269.2200365238964,262.7378778604195,268.50449410725633,9420104
2015-07-21,262.1907043457031,267.2838294812415,261.306788951586,267.2838294812415,10702263
2015-07-22,266.69451904296875,267.4521687884375,260.80163744937937,261.64347363989674,11141670
2015-07-23,263.4113464355469,267.45215427881743,262.86414870240156,266.7365836647095,15214876
2015-07-24,253.0568084716797,262.4854103116583,251.96241264490033,262.4854103116583,21177605
2015-07-27,245.0592498779297,252.42535178674976,244.21741369691708,252.42535178674976,11212545
2015-07-28,239.92408752441406,248.63711751422957,237.98785549779146,245.5644106871891,25395273
2015-07-29,243.50189208984375,244.04906163321883,239.12430966308145,242.0286715823711,13165836
2015-07-30,244.97509765625,247.20599634654744,242.02868474108314,244.13326135763492,13705803
2015-07-31,254.57208251953125,260.04403283759893,247.58483244752793,247.87947092635176,38967790
2015-08-03,263.4113464355469,264.33736902087486,256.0873239334379,256.29780416462455,28709585
2015-08-04,264.3794860839844,265.3896952548901,258.48660396369604,263.916474724818,16797983
2015-08-05,262.10650634765625,269.220049585019,260.1281953774898,264.9687609329851,13798462
2015-08-06,261.85400390625,263.36930368666555,258.8233760854454,263.2851172255343,12210084
2015-08-07,261.09637451171875,263.11676495754597,259.66523282011843,260.88589421238146,6215341
2015-08-10,260.63330078125,264.3373914366685,258.5707752045054,260.9700183117623,7698226
2015-08-11,254.4458465576172,260.88589952093474,253.18307777580137,260.88589952093474,10431195
2015-08-12,245.5222625732422,252.67791254210098,244.2174150723255,252.55161874525874,10292540
2015-08-13,245.7327880859375,251.45726955168897,244.848844385065,248.55293558877233,13754705
2015-08-14,254.7404327392578,255.75064190518742,245.85903050627238,247.71107593381493,9669851
2015-08-17,254.99301147460938,256.5083112086778,249.89988616180167,254.19325424831067,8331141
2015-08-18,253.47769165039062,256.08738716983146,250.61543674714062,255.0772061545419,5936462
2015-08-19,256.3399353027344,257.09758516093467,252.97259003963427,253.43560142630915,8754270
2015-08-20,251.0784454345703,258.2340967451754,249.05805516590152,252.7621463817542,15936951
2015-08-21,249.60519409179688,250.78377613198595,242.95469062065888,247.29013736640934,13769807
2015-08-24,227.25439453125,239.79780878554647,225.19189706016394,237.7352830544893,33312582
2015-08-25,238.66128540039062,239.41893516096897,224.89722525998337,232.81051104262954,26553623
2015-08-26,234.0732879638672,237.60902015806315,232.09497692459922,235.67278821623918,16189880
2015-08-27,237.7773895263672,239.50314117535385,235.88323671019842,238.0299206272129,27884874
2015-08-28,238.8296661376953,243.54396600942,237.1038863130561,239.96614081588788,14365759
2015-08-31,233.947021484375,239.37687824145968,232.6421596991968,238.1562170407929,15079961
2015-09-01,228.09625244140625,234.41005339426746,225.86538185092328,231.50570523855106,17342438
2015-09-02,222.96099853515625,232.97888919205334,221.487792204128,232.3475049573379,18825908
2015-09-03,224.6446990966797,227.12811470579405,220.3092238924844,226.15999874631368,16509187
2015-09-04,216.9839630126953,223.17148382850112,214.37426766098758,223.00311091678353,21605844
2015-09-07,209.7020721435547,219.93041623079424,208.52350408695298,218.92020696514325,21698736
2015-09-08,219.5515594482422,220.81431378218184,209.78622817980937,211.97500518463505,18300349
2015-09-09,222.70846557617188,226.45464970635564,221.10896535418937,225.57072020709717,24478703
2015-09-10,225.1077117919922,227.29648895548596,215.72120473029923,218.87809785898915,13718266
2015-09-11,225.23397827148438,227.21230343720825,222.58218972805813,225.0656194920516,14872838
2015-09-14,229.31690979003906,230.0745596274232,221.4878096604548,224.13959822128515,13300446
2015-09-15,226.03375244140625,229.82203014801965,224.60262499379706,229.82203014801965,14825729
2015-09-16,229.6957244873047,230.62174719400448,226.49673823961317,229.40107190700058,13377086
2015-09-18,233.90493774414062,240.2187242698576,231.33732142689192,234.24166944591568,21286324
2015-09-21,235.12559509277344,236.00952462650693,228.13833114946286,228.89599512836728,11510079
2015-09-22,227.7594757080078,236.00949300410926,226.5388146416405,234.03116806035527,14741229
2015-09-23,230.11666870117188,231.50570291868397,222.371754493525,224.72890475324132,12489166
2015-09-24,225.86537170410156,230.32711268462734,224.77097600850715,228.47506712592062,10557228
2015-09-28,225.697021484375,229.5694859074518,224.30798717566105,228.98019477133408,8561999
2015-09-29,226.4546356201172,229.52734206307423,215.80537493481978,221.9928810447455,29415623
2015-09-30,227.59112548828125,229.232718944488,223.67658256345376,228.39088266796503,13700514
2015-10-01,224.8551483154297,230.20083263980564,223.97121882076647,230.20083263980564,7677876
2015-10-05,236.51461791992188,237.39856154134978,229.316902309608,229.316902309608,13756761
2015-10-06,238.02992248535156,239.7978097648982,235.71487977303943,239.08223903365038,10497246
2015-10-07,238.24041748046875,238.91388089623717,233.35774413120842,236.47254422160702,7765703
2015-10-08,234.41001892089844,237.73527063712766,233.31562333708578,237.73527063712766,6649535
2015-10-09,240.85011291503906,242.36541266532876,236.17790571501064,236.97764881988428,11102562
2015-10-12,242.11285400390625,245.3960125093626,240.13451482167164,242.1970121938169,7892259
2015-10-13,241.986572265625,243.8807250924301,239.50314252024296,240.68172461736805,6102034
2015-10-14,238.15621948242188,240.09245143642275,237.35646228621337,238.61923085707488,5325426
2015-10-15,241.06053161621094,241.60772939706908,238.78758230492548,239.0822207423178,6759388
2015-10-16,243.67025756835938,246.40624681903662,237.861589753029,241.18685595309555,8890588
2015-10-19,241.77609252929688,244.04904174879596,240.42913767850757,243.62813778665225,5806930
2015-10-20,240.9342498779297,243.71231768939435,239.3347639967744,241.18680920441753,8710318
2015-10-21,237.98782348632812,242.3232983484328,234.70465095453724,240.3870665822504,5616168
2015-10-23,240.9763641357422,243.29142098314225,239.62943738451193,240.72383303236856,8208290
2015-10-26,240.2187042236328,243.92279502401118,238.87177752893345,242.23912252565194,6085533
2015-10-27,238.8296661376953,240.68171150658824,237.4827394657566,239.0822254861724,6090339
2015-10-28,228.3066864013672,236.30415894456365,226.53882747065694,235.71486792433194,15503186
2015-10-29,228.5171356201172,230.91637876692528,227.5911129409972,229.23270630670157,9035266
2015-10-30,233.18934631347656,235.42021660123635,227.717396592183,229.1906170856047,27623495
2015-11-02,235.33607482910156,236.8092813837714,232.0949949748517,233.18937658317822,11398428
2015-11-03,235.25186157226562,237.98783647643182,234.19955918451396,236.051604604564,9079788
2015-11-04,230.11666870117188,236.51464192183607,229.4010979121577,236.51464192183607,7389933
2015-11-05,227.33860778808594,230.24295601079453,226.24421201808315,228.98018731310293,11422504
2015-11-06,224.8551483154297,227.21229834452677,222.87683732403286,227.21229834452677,12121540
2015-11-09,221.52987670898438,223.08728365666127,215.51072917496887,218.2887972675914,13448248
2015-11-10,221.23524475097656,224.2658722845436,219.25691962184132,220.1408491199687,8652695
2015-11-13,220.35130310058594,221.40360544698376,218.03624641650148,219.17273521140868,10160904
2015-11-16,224.98143005371094,225.90745278326037,218.54136417366144,219.71993213400364,8992376
2015-11-17,225.48654174804688,229.274819239167,223.12939162312736,228.72762140356295,17959700
2015-11-18,219.2569122314453,225.8232575361929,218.45716921342674,224.7709551672306,9500657
2015-11-19,224.265869140625,225.61280998222173,221.0668687455994,221.40361455348753,9618626
2015-11-20,223.04518127441406,227.50693580756464,221.82452017958147,222.75054283910535,9819811
2015-11-23,223.8870391845703,225.40235299155165,216.60513687349865,223.92913241226304,12735592
2015-11-24,221.69825744628906,223.42402322634385,218.5834575708275,221.69825744628906,11775700
2015-11-26,222.24545288085938,225.3602527229057,221.61406861518043,221.61406861518043,13255344
2015-11-27,227.33860778808594,228.13835093463334,222.58221388074935,223.71870288267436,11608418
2015-11-30,230.2850341796875,233.6102862441377,225.7811858284953,225.7811858284953,16528998
2015-12-01,230.57965087890625,232.97889406502574,230.07454630656608,231.5477667983928,6603705
2015-12-02,227.6332244873047,231.84242010663957,226.07583157524132,231.12686349244598,7161062
2015-12-03,223.76075744628906,227.33856850149354,223.1714664312014,226.1599864713182,8549273
2015-12-04,220.09877014160156,222.2454540482089,219.5515723258037,221.44571100280416,9085607
2015-12-07,221.4457550048828,222.70850966380192,220.22507945093827,222.49804348898795,5522740
2015-12-08,220.09877014160156,220.98269964020372,218.58345637400413,220.35131537120844,11624224
2015-12-09,218.4150848388672,220.5196896620744,217.53115533471555,219.55157370419676,8129762
2015-12-10,217.9941864013672,220.4776163607948,215.51075644193955,219.59368677675832,11053207
2015-12-11,209.8704376220703,219.80412874540107,208.06048530612458,219.34111735922923,18851171
2015-12-14,209.61785888671875,212.10128850314422,206.25049980834194,208.18673163165823,13279719
2015-12-15,207.42909240722656,208.6918468271771,204.60893097834716,208.6918468271771,13675557
2015-12-16,212.18548583984375,213.40614703326807,205.1140356514199,208.14464908646693,18885293
2015-12-17,213.1114959716797,214.92144810626976,210.54387992564364,213.78495930409312,17692297
2015-12-18,210.54388427734375,212.98522070026766,210.33343228035903,212.2275709031466,14450734
2015-12-21,217.36279296875,218.4571886602917,210.45971537822322,210.543901836032,14307700
2015-12-22,218.499267578125,221.824533533873,215.8895723368976,215.93166556304502,21342967
2015-12-23,220.43548583984375,221.36150849789541,218.12042919471457,218.54134730019402,11533960
2015-12-24,217.15232849121094,221.90872178456164,216.60513067684536,221.4036171966846,6097366
2015-12-28,222.2875518798828,223.08729494185562,218.87809936465214,218.9201925921229,12041784
2015-12-29,222.87684631347656,224.3500527773449,220.1408571363267,222.24546202182876,9054719
2015-12-30,220.85643005371094,222.62428913170774,220.35132544142814,221.61407990714213,10025565
2015-12-31,220.01458740234375,222.11917811787873,219.00437820689268,220.6459575520114,8546444
2016-01-01,221.4036102294922,221.90871480147445,217.19441488296323,219.97248296387323,5998096
2016-01-04,215.1319122314453,220.0145852517362,214.37426240725577,219.71993266345152,9435792
2016-01-05,216.1000213623047,216.77349884140517,211.8908259753855,215.7211964621791,8966977
2016-01-06,210.54388427734375,216.1421136949186,209.78623448022273,215.00563899923708,17416181
2016-01-07,207.72373962402344,208.52349684069753,204.6510328336003,207.42910115260844,18240712
2016-01-08,206.29258728027344,208.6076439327249,204.94564651248206,205.82957594978313,14404391
2016-01-11,201.57830810546875,205.32447796290722,200.39972606471412,203.64080548181195,14208668
2016-01-12,199.30532836914062,203.5987101065729,198.33722659372444,202.8831535486599,11895899
2016-01-13,201.62039184570312,204.48264643349737,194.5489559581941,200.18927868179122,18215710
2016-01-14,198.4635009765625,201.87295340960515,195.13823499643195,197.158653346381,14600781
2016-01-15,188.95074462890625,198.9265292894138,186.67778085651227,198.3372523287837,22333902
2016-01-18,187.81423950195312,192.52853956088774,183.35249880152503,188.74026222317295,30239009
2016-01-19,192.5706329345703,194.67522360714054,189.11908727557267,189.11908727557267,16222439
2016-01-20,188.9086151123047,191.8550558694337,185.28871106382175,189.32953320189685,14353478
2016-01-21,190.5081329345703,196.56937422185962,188.7402738361914,192.36017849096464,15665863
2016-01-22,195.93798828125,197.74794046300514,193.45455861954673,195.81170860438752,15148522
2016-01-25,198.71607971191406,200.77857735944596,197.15867257113496,198.631893250793,17137268
2016-01-27,199.76832580566406,201.4520122817781,197.57954892969798,200.35761677880316,12155561
2016-01-28,196.31683349609375,201.66250414327052,194.67523991696993,200.82066780371363,24258166
2016-01-29,193.7491912841797,197.2428299965038,184.36269898067295,184.36269898067295,47755494
2016-02-01,182.847412109375,191.39208356869054,181.75301637537802,191.09743095492925,40395715
2016-02-02,177.12290954589844,184.95201053563247,176.53363255429642,183.5208971588956,31821419
2016-02-03,171.77723693847656,175.77596679396646,170.51448237305667,174.26066696745747,23592288
2016-02-04,171.69305419921875,173.7555660844672,168.78870591876228,173.7555660844672,30869158
2016-02-05,176.28103637695312,177.62797713810602,171.39837788402195,172.99786385602283,36189377
2016-02-08,175.56549072265625,181.41626545821416,173.54507239067226,177.62798815073677,19366081
2016-02-09,176.28103637695312,178.04889524284226,168.99913479603623,171.73510954181407,20906682
2016-02-10,174.4711151123047,176.3652539832573,170.0514671667398,170.97748998676167,22742128
2016-02-11,167.7364044189453,174.21856393890974,166.68410194194183,171.5246679021824,31817116
2016-02-12,162.93792724609375,167.02084357844456,160.37032487512653,165.50552961706097,41775526
2016-02-15,171.31422424316406,174.5132109297452,163.23256399865213,163.23256399865213,34130349
2016-02-16,165.50550842285156,174.2606452141383,164.57948569781024,174.2606452141383,20895952
2016-02-17,160.5807342529297,165.9684969557023,158.98124838241182,165.42131334525155,28792115
2016-02-18,165.126708984375,167.52595262024556,162.64329301232328,162.89583828084187,32260277
2016-02-19,167.35755920410156,169.58844376457216,164.36903893080648,164.83205030807636,17617480
2016-02-22,167.0629119873047,169.4621552038392,165.37923947815034,166.26316895845488,17567788
2016-02-23,161.633056640625,167.86265627520928,160.1598361190725,167.86265627520928,20001984
2016-02-24,157.4238739013672,160.95959213423708,156.45575788427448,159.10754655892688,20654961
2016-02-25,154.05648803710938,159.1075192735733,152.83582698270845,158.01313788582956,38340699
2016-02-26,155.57177734375,156.53989304358228,152.16232578651537,155.1508593172988,24687792
2016-02-29,159.991455078125,164.9162209748528,152.96211276618766,155.5718078682252,43510436
2016-03-01,172.5348663330078,173.79763487824002,164.369034665766,164.369034665766,27223692
2016-03-02,185.2045440673828,186.38311201600007,177.71217585193224,178.21728043847833,40766551
2016-03-03,183.5208740234375,185.45709181316454,180.3218735552255,184.0259644868546,22903720
2016-03-04,185.62547302246094,188.90864596141475,184.40481177630593,186.6777754832761,24493722
2016-03-08,182.552734375,185.16242932728406,180.40603659910414,185.16242932728406,18883002
2016-03-09,182.13185119628906,183.4366989225095,176.82825970231258,179.14331667786055,17300650
2016-03-10,181.41624450683594,184.23640554870863,180.65859478483392,183.52084904792716,13551255
2016-03-11,180.0272216796875,183.98387167813365,178.97491934435806,179.60630357155262,14879621
2016-03-14,186.5935821533203,187.5616981208165,184.06805916637686,184.3627117573452,16726756
2016-03-15,186.3410186767578,189.28745974149442,185.6254620887424,187.5616939809987,13475557
2016-03-16,190.59228515625,191.43412132521163,183.98386133891253,185.12033592801563,17144832
2016-03-17,191.72882080078125,198.8844441182708,189.37167047278817,193.62295970952547,32391146
2016-03-18,193.7913055419922,194.84360800533761,190.38186703833205,192.10763290462847,18370981
2016-03-21,197.70587158203125,198.33725591410447,194.84361666727995,194.92780312888794,14818419
2016-03-22,196.653564453125,197.4954007894593,194.12805544412208,197.4954007894593,12269251
2016-03-23,197.15866088867188,197.83213840774718,194.2964061600772,194.8436039949535,16987529
2016-03-28,189.79257202148438,196.9902879397107,188.48772434162908,196.9902879397107,20214214
2016-03-29,188.06678771972656,191.05530770845496,187.22495150121108,187.9826012718781,20447782
2016-03-30,199.9367218017578,201.19947620730971,190.9290539268413,192.36016710847557,23016348
2016-03-31,199.22117614746094,203.17781248738942,196.73774629655736,200.5260238511612,30614104
2016-04-01,200.6101837158203,201.57829959055115,195.89588401190954,198.67395196635863,15677352
2016-04-04,200.98904418945312,202.92527628181406,197.53749818176797,202.25179872056324,16716587
2016-04-05,189.91885375976562,199.93673128634535,189.41374914758666,199.0107085190149,26547328
2016-04-06,187.35122680664062,191.93924715363661,185.28872937679094,191.34997024795686,19185947
2016-04-07,185.45709228515625,188.78235831269262,184.48897632283607,187.56169711802116,17724531
2016-04-08,186.25685119628906,188.4035351461295,184.82572385306688,185.66756014202446,9986871
2016-04-11,189.16116333007812,189.58208142638148,184.4468778254839,187.05657284856144,19813955
2016-04-12,192.5706329345703,194.38058515197633,188.4035306858944,188.82444882040843,20594261
2016-04-13,202.5885009765625,205.57703514192758,196.19052865998867,196.23262188457,26283492
2016-04-18,199.64208984375,205.36658514655477,197.4953917414606,204.98776022555836,17531597
2016-04-20,200.3997344970703,201.7045821378226,197.07446849000127,201.28366399983753,18650423
2016-04-21,213.02732849121094,217.02605800718032,207.30281900604615,207.30281900604615,36699098
2016-04-22,212.14340209960938,216.35259781928298,210.6280882493302,215.72121351583675,25884500
2016-04-25,212.94314575195312,214.9635642243367,211.42783189766547,213.06942543897367,18121694
2016-04-26,213.86915588378906,214.41635369853532,207.51327649939384,211.17527416656097,30185498
2016-04-27,205.91380310058594,211.30158136675004,204.77732822654264,211.21739490274967,36932788
2016-04-28,202.12548828125,208.7760199007314,201.1994656066379,206.5872428870986,41386507
2016-04-29,199.47372436523438,205.74543186427306,194.71733073663265,202.6727108939437,71191415
2016-05-02,190.88697814941406,194.04387151685998,189.75048918954045,191.34998955343912,36440547
2016-05-03,186.13055419921875,193.62292190794068,185.2045315415112,190.0450968177183,29305611
2016-05-04,180.5323486328125,185.87801916031398,179.6905123121021,183.89970804564038,36781786
2016-05-05,180.70071411132812,185.12036167813872,179.94305014988512,180.40606152021698,27512684
2016-05-06,184.0259552001953,185.41498922946022,179.48002821896196,180.1535056861744,22266141
2016-05-09,189.6663055419922,190.25559664585188,184.44691445919383,184.86783263909737,19006901
2016-05-10,189.83465576171875,191.51832827996552,187.39331930627273,189.75046930980935,22357177
2016-05-11,188.5298309326172,190.71860829686864,184.11016884308535,185.20456459020454,32481385
2016-05-12,195.1382598876953,196.06428272787846,192.1497393380063,192.3601913671458,23932051
2016-05-13,190.676513671875,194.0017799899781,188.06681814626842,194.0017799899781,23963285
2016-05-16,188.36143493652344,191.6867008716325,183.26831003413707,191.6867008716325,21535308
2016-05-17,190.2135009765625,191.51834873053556,187.0987008332096,189.70839634115572,18859442
2016-05-18,190.6343994140625,191.47623567592015,186.71985655742884,187.73005159366687,17541869
2016-05-19,189.8767547607422,192.36017038766417,188.74026588538183,190.634404590992,16422069
2016-05-20,185.28872680664062,190.5081172130358,184.8678086812857,189.83465386446196,14666521
2016-05-23,186.13055419921875,188.4877040670184,185.499169976242,186.97239040986483,14239474
2016-05-24,189.034912109375,189.58209578502328,186.55148243610867,187.39331869247465,10907585
2016-05-25,197.83213806152344,198.33724266744946,190.76068770854502,191.05532617450774,20767970
2016-05-26,203.00941467285156,204.56682155850115,196.14843116523244,198.58976748787694,33650773
2016-05-27,204.693115234375,208.9444039455428,200.44182652320717,201.19947634104483,26582685
2016-05-30,205.82958984375,207.59746296767204,201.03111745020558,204.77730157068345,15860236
2016-05-31,205.95587158203125,209.6178692860723,203.13571015685253,209.15485791969948,18249239
2016-06-01,202.08338928222656,206.62933020676888,201.28364630336534,205.32446855075204,11862710
2016-06-02,203.1778106689453,204.06174020644355,200.02091744502508,201.28367190859598,15349530
2016-06-03,205.19821166992188,207.42908193823766,203.72499118934056,204.48264097707502,16566716
2016-06-06,204.98777770996094,207.0923827638754,203.72502315560448,204.9035912470064,11592082
2016-06-07,213.91123962402344,214.54262386380546,205.99795359935413,206.67143106378728,25311345
2016-06-08,216.89979553222656,219.88833019674965,212.81687923575512,214.83729783317844,25139392
2016-06-09,214.29006958007812,218.24671975091013,213.15359487759466,216.3525811167859,13787240
2016-06-10,212.64849853515625,216.89977319018007,211.7224757950546,212.98523022337892,13236448
2016-06-13,205.19821166992188,209.1127544131964,204.1038160832078,209.1127544131964,14297870
2016-06-14,206.2084503173828,208.31304121226924,205.6612524457163,207.9342162641884,11988708
2016-06-15,208.7339324951172,209.78623487196086,203.38826241992396,206.6714350968875,15761615
2016-06-16,205.3832244873047,209.37834511144146,204.52406279330197,209.37834511144146,17042021
2016-06-17,204.86770629882812,208.08958399491277,202.0324643092399,207.44520557153857,15150943
2016-06-20,204.56700134277344,205.72687960528893,200.74371921781048,200.74371921781048,17780316
2016-06-21,204.35220336914062,207.0585811699569,202.97754191797682,206.41420275627945,12191664
2016-06-22,205.34024047851562,208.21844190481815,202.5909176171841,203.70783633869394,13478056
2016-06-23,206.97267150878906,207.44521185469955,202.80572744408522,205.38321237407678,7979235
2016-06-24,198.4239959716797,200.0993598203319,189.96122883393033,196.74863212302748,33755632
2016-06-27,199.9275360107422,201.38811664698972,197.0063747382471,197.0063747382471,13172968
2016-06-28,200.31411743164062,201.21623846541573,197.60775433031534,198.12325412401322,11302737
2016-06-29,203.32122802734375,204.73884907004717,201.25922853948896,202.67684958219238,7959976
2016-06-30,206.67193603515625,208.60504221148915,205.59797694324993,205.76980059182142,16851065
2016-07-01,206.50013732910156,208.47621782024092,205.81279934144067,207.66000125599595,9108853
2016-07-04,213.2016143798828,213.88893792405887,207.8318324948682,208.86283223191913,10389222
2016-07-05,210.58114624023438,215.73613027770318,210.10860591662652,215.47838756518354,10375132
2016-07-07,210.36636352539062,212.2565248240941,209.63606606682632,210.49522767154858,8365966
2016-07-08,207.8748016357422,210.06566536273965,205.81280206624749,210.06566536273965,7658211
2016-07-11,214.66221618652344,215.3924993270991,211.86993336772977,211.86993336772977,9682385
2016-07-12,224.84324645996094,225.27282720683672,215.4354007038911,216.16568364734462,28558549
2016-07-13,224.3707275390625,229.99825172130315,222.6094448672555,227.03413130719926,28248930
2016-07-14,230.7715301513672,231.63069180679773,223.0820059357684,224.2418698443635,14269365
2016-07-15,228.3228759765625,231.84544113327192,226.30383628676952,231.54473892404565,11510449
2016-07-18,226.30384826660156,233.04829114860928,225.5735652537709,228.3658475841235,14310274
2016-07-19,231.24404907226562,232.4039128733647,226.17496981761025,227.67850978565937,14880049
2016-07-20,229.82644653320312,230.42785103190946,228.065149299029,229.39685129014583,7892214
2016-07-21,225.01512145996094,231.1151863717745,224.49962159494137,229.31094405459945,12060367
2016-07-22,226.3468017578125,227.1630037905948,222.3946413114387,225.40172116592186,8537587
2016-07-25,230.81446838378906,232.79054878492113,224.0270799713274,225.01512017189341,11311554
2016-07-26,224.80030822753906,231.54475110739358,223.46860634405868,230.6426300114622,11896758
2016-07-27,232.48980712890625,235.23912964668125,225.7883244788395,225.7883244788395,26003949
2016-07-28,233.69268798828125,235.41102580149317,232.3609859170738,232.74760723829044,9781546
2016-07-29,225.87429809570312,233.13424179116146,225.1440005630964,232.0173229393101,21115025
2016-08-01,214.36146545410156,224.4996097013357,213.2445611563865,219.86012558273836,42583051
2016-08-02,210.7529754638672,214.3185002916595,210.49521834140376,214.3185002916595,20758831
2016-08-03,208.003662109375,212.42834870434157,206.67196017864927,210.23748516803707,17910406
2016-08-04,206.50013732910156,210.53820294164893,203.3212333855398,210.3663792603242,29931529
2016-08-05,211.3114471435547,213.6311892772104,209.72198805793707,209.72198805793707,16307350
2016-08-08,210.71002197265625,212.8149808498624,210.10860309048505,211.4403049989608,11906856
2016-08-09,210.7959442138672,213.50230759351604,210.06564675569743,210.8389037361587,12642014
2016-08-10,205.64096069335938,211.82694444893602,204.60996099729888,211.35440412330715,12527824
2016-08-11,208.51914978027344,209.0775946967385,204.09444902290375,206.199407812359,9477854
2016-08-12,211.3114471435547,212.7290681374991,207.23040783260814,209.20648820370397,11727486
2016-08-16,213.54527282714844,214.3185154075041,209.5072074108215,211.35440923561632,13111524
2016-08-17,212.7290496826172,216.1656958516499,210.66705044456936,213.15863045374627,12875115
2016-08-18,217.28260803222656,218.0558505130528,212.85790747446904,212.94382651029082,20725328
2016-08-19,218.1417999267578,219.68829952455678,216.12277440770595,217.36855733825172,14519513
2016-08-22,216.72415161132812,219.04389350553765,213.67412674446106,218.44248908833202,9076842
2016-08-23,214.96290588378906,216.5094055519453,213.71712289656705,215.17770351302778,10995821
2016-08-24,213.4593505859375,216.2516330430646,212.94385073315243,214.96289062149512,9228359
2016-08-25,212.17062377929688,214.96290644192507,211.44032625877662,213.02978545690746,14901359
2016-08-26,210.7529754638672,213.76005536789333,208.94873328976576,213.2445555437521,11490424
2016-08-29,215.22061157226562,217.06782760339559,210.15154702343025,210.49520875027036,9206563
2016-08-30,220.16082763671875,220.7192869955228,216.50938367491807,216.50938367491807,15251016
2016-08-31,221.66439819335938,224.113019152975,220.80523648631936,220.89114112039297,16906022
2016-09-01,224.19891357421875,226.81937252418902,222.30875213651717,222.30875213651717,18098850
2016-09-02,224.4996337890625,227.0771188333745,223.59751258147455,225.53063357510234,8034006
2016-09-06,234.29408264160156,235.32508233842987,225.7024377290807,225.7024377290807,23274042
2016-09-07,238.97650146484375,243.78783768870608,233.82151793891347,235.41097684088268,35379184
2016-09-08,237.4300079345703,241.16738514327847,236.74268447191915,239.36312860705257,13116475
2016-09-09,235.49691772460938,237.12932187519192,232.06025691489737,235.88353900128493,16649877
2016-09-12,230.42782592773438,231.50178507680025,225.70242297678692,229.39682629829395,20617372
2016-09-14,233.22010803222656,235.2391477702141,228.83838124103434,229.1390834574384,16807794
2016-09-15,232.48980712890625,235.1961701303925,230.42780803018286,233.43488764569042,12135372
2016-09-16,229.69757080078125,236.78567608707584,228.79544962077895,233.47789362013836,32955498
2016-09-19,233.34901428222656,234.03635225658246,230.08419135080692,230.25602944959266,15144399
2016-09-20,233.77857971191406,235.58282194718998,231.41587811315128,233.60675604523158,11030397
2016-09-21,231.88841247558594,234.55183065899436,229.35388727525375,234.37999257594035,12736748
2016-09-22,236.69973754882812,238.76173688808072,233.95041471034858,237.12931834104143,14886284
2016-09-23,233.0482940673828,237.00044024775013,231.88841583155357,236.9574807263649,17977571
2016-09-26,225.57357788085938,230.85742619141186,224.92919945286653,230.6856025191906,15868805
2016-09-27,223.3826904296875,227.07709390680066,222.52352884256155,226.4327299268492,17356843
2016-09-28,224.02706909179688,225.48764955992942,222.56648862366433,223.72635244140176,17881785
2016-09-29,215.09176635742188,226.3897746055438,209.03466119294401,225.96019380401097,48140661
2016-09-30,216.6382598876953,217.6263000958269,212.1706136099399,213.11569429417125,15104920
2016-10-03,220.07492065429688,220.71929909142813,214.87697689574605,215.65023390446092,18062317
2016-10-04,221.836181640625,223.3397215655929,219.00093986924048,220.6763178727597,16201324
2016-10-05,219.4735107421875,223.8982120942784,218.7432276481699,223.3397526819657,16039581
2016-10-06,215.86500549316406,220.84816578518755,214.10372279272858,220.80520626363685,13854468
2016-10-07,215.30654907226562,218.14179100859212,213.24456411361942,215.5643062050878,10506728
2016-10-10,214.87696838378906,217.54038665374324,214.06076630433213,216.42346791917024,6611211
2016-10-13,207.18743896484375,213.41638203682666,205.42615628777915,212.9008822058443,20736801
2016-10-14,207.70294189453125,208.7769010934989,205.9416591911902,207.2304015774798,10761830
2016-10-17,222.3087158203125,223.2967559032316,210.96774904675587,211.35438471286028,69082439
2016-10-18,232.2750701904297,233.17719142645322,222.95314113766128,222.996100665166,41861705
2016-10-19,227.7214813232422,233.43492485085204,226.17498175271655,233.13422260968866,19968759
2016-10-20,238.5039825439453,239.62090126920742,229.52571648240544,229.52571648240544,36280178
2016-10-21,238.3321533203125,240.60893581876397,235.4969114722516,237.34411318349257,26362877
2016-10-24,244.4751739501953,246.10757803490768,239.83567555494173,239.83567555494173,22219428
2016-10-25,248.51324462890625,250.53226990275624,244.51811033752722,248.47027068944513,25090671
2016-10-26,239.1913299560547,244.38927367146871,237.9884921394967,244.38927367146871,30017739
2016-10-27,244.2604217529297,244.86182627053694,236.27018071353785,238.3321802618696,19868027
2016-10-28,237.85964965820312,242.7139176277916,236.74273078690595,242.2843511951856,18314125
2016-11-01,236.5708770751953,240.3511998723775,235.84059399882466,240.09345714565464,11675305
2016-11-02,233.60675048828125,234.7666142887456,230.90037277895954,231.97433195851917,15140657
2016-11-03,231.75953674316406,237.4729800250442,230.59967293074436,233.6926575179828,12484687
2016-11-04,231.80250549316406,234.12224763114486,227.97922331259898,233.60676219673712,16361493
2016-11-07,239.4490509033203,241.59696920009904,234.1222291017573,236.95747087053974,18741014
2016-11-08,243.31532287597656,246.96675249719988,239.06244551965867,245.54913151868936,35153751
2016-11-09,241.81175231933594,244.64700850822405,210.49521431144152,219.00093961574973,51055067
2016-11-10,251.39146423339844,256.3746248421179,246.32238457611714,247.86889860865702,29137485
2016-11-11,237.4729766845703,252.80906410352716,235.84057258173058,246.79490425723037,33036653
2016-11-15,231.75953674316406,241.25330253210558,228.66655215592561,237.98847985971491,37961485
2016-11-16,228.70953369140625,239.019502535624,226.99121035763238,237.64484098444746,26473183
2016-11-17,229.95529174804688,232.53279089019367,226.81934767748854,230.21304887265444,14654093
2016-11-18,227.33485412597656,231.11517669735215,225.35877379625092,230.6426363759302,9983933
2016-11-21,224.41368103027344,229.39682668662394,218.95799507802826,228.7095032130237,21625818
2016-11-22,225.70242309570312,229.05316468275723,222.78126228434465,227.6785033163742,23906788
2016-11-23,227.6355438232422,228.40880075621268,223.81226194039903,226.9052608307102,17154845
2016-11-24,222.78128051757812,226.64752223605137,221.66437617767212,226.64752223605137,22563160
2016-11-25,223.46861267089844,225.44469300204187,220.8481683505812,225.44469300204187,16611698
2016-11-28,219.34461975097656,220.5044835385372,217.79812028011014,220.5044835385372,32939718
2016-11-29,219.4735107421875,222.8672123208992,218.4854849152188,219.51647026781058,32329662
2016-11-30,228.1510772705078,228.96727942266403,219.90310785539884,221.19185037261195,20731093
2016-12-01,222.6524200439453,230.2560250369038,221.44958221707077,228.752484963704,15792045
2016-12-02,222.953125,227.33486670123477,219.8171806646541,221.66438253050282,12275345
2016-12-05,224.11297607421875,224.58551636433836,221.49251750858167,223.03901693646003,8305074
2016-12-06,224.24185180664062,225.65947275030555,222.9960689485542,225.31581099993446,8335181
2016-12-07,222.26580810546875,227.16303540448658,215.65024304155725,225.78837384504408,13635680
2016-12-08,225.74539184570312,226.30385120317752,222.00802884978697,223.85523058704274,11336250
2016-12-09,230.64263916015625,231.80250300631,225.9601954114311,226.7763974980711,17533272
2016-12-12,227.54965209960938,230.51377278678228,226.690490444982,229.8264492313952,7515935
2016-12-13,227.16305541992188,227.97925763820956,225.53065098334656,226.30389367216765,10265621
2016-12-14,223.85523986816406,227.4207793470762,223.38269953390727,227.24894125433315,14369017
2016-12-15,223.64047241210938,224.84329588360174,221.449594258595,222.26581083578054,24089601
2016-12-16,219.60235595703125,223.38267827125614,218.9579920121517,223.38267827125614,24984316
2016-12-19,220.89111328125,222.4805723335044,218.8720878504023,219.4305472158315,7417692
2016-12-20,216.1657257080078,220.5474674836638,215.00586179199686,220.5474674836638,11590031
2016-12-21,217.58331298828125,219.3875695009997,215.82203041480193,217.3685298167956,7685724
2016-12-22,217.32559204101562,218.9150511204833,215.34951167756566,217.11079442725523,8951470
2016-12-23,216.38052368164062,218.87210403895662,214.9199430874062,217.32560439433422,6932571
2016-12-26,213.2016143798828,216.89601808699294,212.29949321515997,216.7241799905555,6767153
2016-12-27,217.84107971191406,218.52840319594043,211.9557984734122,213.93187872636275,9094498
2016-12-28,216.29458618164062,218.91504489101735,215.69316730101195,218.22770696732945,9176829
2016-12-29,215.73611450195312,217.368532964494,214.83399344292286,216.5952904626924,6379633
2016-12-30,219.34461975097656,221.2347809639959,215.95091858745812,216.50937793144757,11565801
2017-01-02,216.4664306640625,220.20379378128555,213.15864835404318,220.20379378128555,10404350
2017-01-03,218.57138061523438,219.4305566718042,214.18965338858362,216.59531462124815,10236706
2017-01-04,215.73611450195312,219.73123440976022,215.1347100764564,218.44249209982914,6901181
2017-01-05,221.0199737548828,222.09393287581165,216.68119217345247,217.54036812266654,13830668
2017-01-06,221.79322814941406,224.5855102955045,220.9770117279652,221.87913276465383,9055143
2017-01-09,222.26580810546875,223.25383393377865,219.9460514018229,221.57847011535378,7875294
2017-01-10,223.5545196533203,225.01510006184878,221.92210116586426,223.3826815743927,14784040
2017-01-11,227.42076110839844,230.34190750525423,224.7573429884148,225.5305999229583,19565679
2017-01-12,230.55673217773438,231.54477240621836,228.06515184413183,229.05319207261581,11711279
2017-01-13,230.29896545410156,231.9743290630112,227.50666873794287,231.9743290630112,7810375
2017-01-16,231.37290954589844,232.70461140935973,227.50666809529207,229.74050546190898,8863676
2017-01-17,230.5996856689453,233.26308961121413,228.10810540053427,231.5447663479164,6968061
2017-01-18,230.64263916015625,233.7785833598901,229.18205865623995,229.74051802844124,10085606
2017-01-19,231.71661376953125,232.57577543576278,228.70953351693367,230.94335673329306,8605687
2017-01-20,226.3468017578125,230.21304316478071,225.57355924473302,229.39682671121304,12207059
2017-01-23,221.27772521972656,224.92916883277184,219.21572606748305,224.92916883277184,43793368
2017-01-24,220.93406677246094,222.13690451451873,219.64532440950111,222.13690451451873,26520047
2017-01-25,223.33973693847656,224.070034401802,219.60237383901884,222.52353485074786,41078083
2017-01-27,233.69268798828125,235.41102580149317,223.98413774782455,226.00317782847435,89433645
2017-01-30,232.6616973876953,236.78568208950256,231.7166166588986,234.55185884528873,17037472
2017-01-31,231.0722198486328,235.41100183566402,228.924301405982,230.94334128108503,20535165
2017-02-01,241.42514038085938,243.57304433922928,225.78835053325432,228.40880922533012,44647342
2017-02-02,245.5491180419922,247.00971288357647,241.03851264010308,242.28430988122332,28910922
2017-02-03,241.89772033691406,244.8188673148688,239.53501838510547,244.8188673148688,20058936
2017-02-06,249.41534423828125,251.09072215713476,243.6159968504559,243.6159968504559,22521926
2017-02-07,247.5252227783203,251.47738365168155,245.11957593977263,247.43930372963212,12829302
2017-02-08,245.5491180419922,247.86887444386147,242.8857143209515,247.43927924293345,16662978
2017-02-09,244.86183166503906,248.08369521469712,239.3631708886103,246.2364788331616,16631183
2017-02-10,241.94064331054688,245.84983000687498,240.65190091903605,245.37728968790907,16771421
2017-02-13,241.98358154296875,244.08855478884803,240.17935378269462,242.71387897197934,13144434
2017-02-14,244.5610809326172,245.63502562247757,241.68286532460542,243.14346009804802,12889195
2017-02-15,241.21034240722656,246.06463851355628,239.36314067960626,245.03363884679476,14420745
2017-02-16,239.53497314453125,241.81175560975498,234.42294887262463,241.682877049237,20257845
2017-02-17,243.14349365234375,245.80689761668285,237.0004547673407,240.30823717114941,28496342
2017-02-20,242.58505249023438,245.84986119457687,241.5110931506767,243.1864570300933,9947581
2017-02-21,244.68995666503906,245.5491182259678,241.59697216153847,243.14347162368153,11288626
2017-02-22,245.84983825683594,247.3533783077791,241.55403014097914,247.3533783077791,30787289
2017-02-23,244.4322052001953,248.08366354981172,242.32726076929225,244.60404328467143,25499159
2017-02-27,239.57794189453125,245.3343447700099,238.07440189292004,244.86180445069127,15037984
2017-02-28,237.4300079345703,240.6518853358975,236.87156302896068,239.66384524014947,18179839
2017-03-01,239.792724609375,241.38218365150297,238.2032799880331,238.50398221944712,19983162
2017-03-02,239.40611267089844,244.43221828217682,237.98849166045719,242.32727373861738,20040929
2017-03-03,237.0863800048828,239.62091988412556,236.31313739396202,239.3631627332938,9256168
2017-03-06,237.77371215820312,240.00753530672188,236.69975289763596,237.0863741936198,12565060
2017-03-07,237.1293182373047,239.9216005958626,236.27015665325393,237.98847982135544,9116307
2017-03-08,235.75466918945312,237.6018710183265,233.7785887899737,237.30116877436572,12969749
2017-03-09,234.98143005371094,237.0863746338816,234.20817303952043,235.41101087457815,11647809
2017-03-10,232.44688415527344,237.55890876866326,231.45884396687208,236.39904490887895,15749231
2017-03-14,246.79490661621094,247.6111230962183,241.51105857103246,241.51105857103246,43486006
2017-03-15,244.99069213867188,246.58015133668343,244.0885853559572,245.6350706072252,13414846
2017-03-16,244.4322052001953,246.9667448422887,242.6709369382445,246.1935023037179,10712223
2017-03-17,241.08148193359375,246.3223705479541,240.26526543952673,245.80688512751385,25016303
2017-03-20,236.31312561035156,240.30823146194513,235.41100446899864,240.30823146194513,12153226
2017-03-21,233.73561096191406,237.8166500118808,232.91940892023496,237.12931210992932,16304076
2017-03-22,227.67852783203125,230.90039120706044,227.24894701007983,230.1701081359791,24534011
2017-03-23,229.35391235351562,230.4708167531352,227.5066960210619,228.96727662436814,13209523
2017-03-24,236.05535888671875,237.85961551694453,231.6736319268751,231.6736319268751,19227304
2017-03-27,234.6807098388672,240.56599151116768,233.8645077336298,240.56599151116768,12341637
2017-03-28,237.9884796142578,238.46101992715313,236.3560754901391,237.9884796142578,13884032
2017-03-29,242.4561309814453,242.97164524777892,237.6877826465081,239.66386298430862,18910842
2017-03-30,241.72584533691406,243.35826390032742,240.3511839038857,241.63994071423846,16543030
2017-03-31,237.85964965820312,243.05759384713718,236.87160936916055,240.86671563196103,19741901
2017-04-03,246.32237243652344,246.9238057468159,237.85962056520327,239.53498424644457,20449617
2017-04-05,244.7329559326172,246.15057698109055,243.0575777367194,246.15057698109055,10569529
2017-04-06,241.29627990722656,243.74490069789277,239.92161838665356,242.19841550024,17014957
2017-04-07,238.28919982910156,243.14348159443298,236.91453839108678,240.65190142893726,18994042
2017-04-10,238.5469512939453,239.7068295858787,237.21524932894576,239.1913297251068,10395338
2017-04-11,243.70193481445312,244.21742022252542,237.77369399297822,239.10539587553416,13734771
2017-04-12,241.25331115722656,245.67802664179814,238.97652855149136,243.83081042272917,18252914
2017-04-13,242.9716339111328,245.54911859782231,240.05047306292292,240.82371558477266,15178825
2017-04-17,242.6279754638672,245.46321747869786,240.99557126060589,243.14348974378544,8250861
2017-04-18,243.48712158203125,250.53228106788785,242.75685299434835,243.48712158203125,19072022
2017-04-19,241.03851318359375,244.86179511418976,239.57793275950172,243.4871193096915,15189575
2017-04-20,234.3370361328125,237.34411610103632,233.52083406915796,236.22719738808783,31912290
2017-04-21,231.24404907226562,235.2391547259879,229.39683293726645,234.25111458757806,18165879
2017-04-24,230.81446838378906,233.13422497349137,227.85036220287768,231.8025085843551,24418208
2017-04-25,234.12222290039062,234.8095607749737,231.9743190812904,233.69264213657058,13685114
2017-04-26,237.90260314941406,238.8047388362029,234.55187525900632,235.4110369960744,15205419
2017-04-27,235.5398712158203,238.0314514731719,234.85254768186675,237.94553242623104,14909618
2017-04-28,239.27723693847656,240.050479481,234.46591475640955,234.98141459168716,9367499
2017-05-02,236.78567504882812,241.29628092906168,236.27017517383183,240.7378215294168,16780204
2017-05-03,234.3370361328125,238.03143960070773,233.04829375533913,237.04339945174235,24205196
2017-05-04,255.85910034179688,257.53447845954395,243.87375406531197,250.53229259294702,122120948
2017-05-05,256.50341796875,259.25274023672506,252.9808533194016,257.749200565581,48189321
2017-05-08,260.2838134765625,264.7514598232957,257.74927363125147,257.74927363125147,30347849
2017-05-09,258.2647705078125,262.3457952790239,256.37460923764536,261.4436597448204,15194182
2017-05-10,256.5894470214844,260.02609411972827,255.4725280620816,258.69439192707983,15054831
2017-05-11,257.92108154296875,259.89716175846513,257.36262220979125,259.2098382874662,10261128
2017-05-12,254.78512573242188,258.2217717694203,251.99282919618364,257.7492314972545,16605029
2017-05-15,259.2957763671875,260.7563424555092,256.20277725821046,257.31969600658323,17095696
2017-05-16,260.0260925292969,262.8183899107248,258.6514452350385,260.19793065147365,19569431
2017-05-17,266.12615966796875,266.5127810029748,261.61553897079597,262.56061975449444,23363685
2017-05-18,264.5796203613281,268.7895090800655,261.78732368741396,261.78732368741396,27753950
2017-05-19,263.8063659667969,268.40290507874937,260.92817891010515,264.53666342716474,16728969
2017-05-22,261.0570983886719,267.67266435266754,259.6394771106728,265.9543407747739,14850717
2017-05-23,262.9471740722656,266.12609184052445,260.15490638204415,260.45560858356714,29771017
2017-05-24,263.50567626953125,266.0402161090348,260.5845151306292,263.5915953184614,20506719
2017-05-25,272.9564514160156,274.8036674903117,262.904241120349,263.2049433357629,41775676
2017-05-26,276.2642822265625,277.5100652483284,271.10931203134334,272.3550950531092,21336089
2017-05-29,270.5508117675781,275.2762148207992,269.6057311569339,274.28816026881407,11266657
2017-05-30,276.1353759765625,278.7987797222832,270.16419009854354,270.50783742089925,15573191
2017-05-31,280.47418212890625,281.2903698267929,273.7726982410495,277.510047061416,128437479
2017-06-01,275.0184326171875,279.7867803353291,272.1402459479612,279.6579162062008,19883562
2017-06-02,273.34307861328125,277.46707720453566,271.19518911844324,276.6508607378916,13469524
2017-06-05,274.7178039550781,276.35020834111293,273.343127896286,273.64383017245336,9831353
2017-06-06,274.0304870605469,275.83472960333387,272.9565132516085,275.4051343114431,10757211
2017-06-07,278.97064208984375,280.04458693325034,275.5769406211274,275.8346977665115,15076040
2017-06-08,275.1043701171875,280.946691722657,274.5029656854603,280.0016111347596,20130322
2017-06-09,276.77978515625,277.59597287402465,271.58184122719877,274.03046206367185,10190305
2017-06-12,271.2810974121094,275.5339604274173,270.5078548350667,274.93255594340036,10376913
2017-06-13,270.50787353515625,273.8156561090613,269.69168579922103,270.6797116400611,9305516
2017-06-14,274.1163635253906,276.99457973272075,270.980418997433,274.15933747321236,22264301
2017-06-15,272.1402893066406,274.4170719472575,271.23815373430364,274.07339575940085,11206355
2017-06-16,271.92547607421875,274.2881777514234,271.19520744059054,273.60085422030204,23228635
2017-06-19,275.4480895996094,276.39317033616203,272.3980353377711,273.2142519162757,10719809
2017-06-20,278.56103515625,281.3709169097317,274.3223620322734,276.941759586401,16849368
2017-06-21,277.2751770019531,278.75155326658796,275.79877166907136,278.1324286739426,7142413
2017-06-22,275.84637451171875,279.4182801837414,274.560482656142,277.65613423856166,9180870
2017-06-23,277.989501953125,279.6087483238545,271.08381805039687,275.7987158257976,14937649
2017-06-27,274.22711181640625,279.18016620742844,269.9884676614731,279.08490957140026,18053262
2017-06-28,276.5607604980469,279.370642235055,275.03674157093155,275.03674157093155,17157094
2017-06-29,279.322998046875,282.7996467698718,276.32260336999394,277.65610888546996,34774280
2017-06-30,276.3702697753906,278.1324158952252,273.8461286639632,278.1324158952252,12435467
2017-07-03,276.2750244140625,278.37055432886683,275.03677523510794,277.5609164495903,6106230
2017-07-04,275.7511291503906,278.8943946429421,274.89387756771697,278.51339716933643,8335899
2017-07-05,278.9420166015625,279.79926812002657,274.79860034937076,276.2273625695581,6958589
2017-07-06,279.7992858886719,281.0851777821494,278.4657802121278,280.03741294049206,9967582
2017-07-07,275.941650390625,279.5611700967777,275.46539626780253,279.5611700967777,8477468
2017-07-10,277.6084899902344,279.3229928973468,276.2273416546652,277.17984972933647,1114874
2017-07-11,275.8940124511719,279.0373071587302,274.9891470426401,278.65628059909017,10893055
2017-07-12,278.46575927734375,280.60890258260565,274.89385376857393,275.94161853146136,8091465
2017-07-13,283.7521667480469,285.27618557310404,281.0375127578265,281.56140967144313,13747313
2017-07-14,284.0855712890625,285.1809499078779,280.51366553102736,285.1809499078779,6196683
2017-07-17,289.0862121582031,290.0863340490818,284.609412401933,285.7524337642864,12506474
2017-07-18,289.4672546386719,291.46752779996774,287.1812406264388,287.4193676916349,11772154
2017-07-19,287.8956604003906,290.4198018160577,287.08602245658255,288.6100416917067,10780451
2017-07-20,286.323974609375,289.41962630127824,285.5143368147669,287.65748029377687,8458004
2017-07-21,287.705078125,289.46722403479725,282.1329286431232,285.27619394409174,9705981
2017-07-24,288.6576232910156,292.0390451337451,287.27650372278464,287.84801450574906,15604131
2017-07-25,289.7053527832031,292.22949360865266,287.46695278016585,292.22949360865266,18129742
2017-07-26,295.61090087890625,296.23002534330675,290.086336341527,292.22947961169564,26050717
2017-07-27,292.61053466796875,299.51621921238564,290.84838866022744,299.51621921238564,28535869
2017-07-28,282.0853271484375,289.562523114889,279.89456968638,289.562523114889,30571846
2017-07-31,288.22900390625,291.89616650329793,282.1805706706313,284.6570979483939,21526493
2017-08-01,288.22900390625,290.70553118401256,287.085982372438,289.4672530110087,10722862
2017-08-02,287.5146179199219,289.9911451563845,285.4667310185518,287.8480016174111,8348096
2017-08-03,281.6567077636719,287.18124411605226,280.56129999586324,287.0383736888476,14389817
2017-08-04,282.1805725097656,283.37120783681104,279.94217228127116,280.9899371827202,10099985
2017-08-07,285.8953552246094,288.61000964381924,282.60921909040457,283.1330870185653,11870705
2017-08-08,281.4661560058594,287.2288186385812,279.8945233849572,285.5619293898155,10288608
2017-08-09,276.79888916015625,280.41840869843605,276.08450800905547,280.41840869843605,12959158
2017-08-10,275.0367736816406,279.46593149611124,249.1285361006082,275.27490075842127,17225844
2017-08-11,273.3222351074219,275.8939897640413,266.98803242734283,270.46471055457164,17211539
2017-08-14,277.94189453125,278.9420456304096,273.8937344861032,273.8937344861032,8428420
2017-08-16,280.94232177734375,281.7519305404711,273.65561036323635,277.8466699448716,8605873
2017-08-17,279.227783203125,283.70458353374477,277.4656371551898,283.70458353374477,8168684
2017-08-18,279.227783203125,280.37080471212204,276.9893830378151,278.13240454681215,6700778
2017-08-21,279.5611572265625,285.5143334877755,278.3705219743199,281.22804657970215,10623264
2017-08-22,279.9898376464844,283.2283601827761,278.2753051967434,282.8949764507503,7549155
2017-08-23,284.4189758300781,284.9904866069217,281.2756810915614,281.94244850925315,9142592
2017-08-24,283.56170654296875,285.89533422309535,282.56155547870554,285.7524638048417,12766567
2017-08-28,286.6097106933594,287.8956025730913,283.94269936878027,285.4667182977869,8827300
2017-08-29,285.2762451171875,288.4195109819978,283.94273926751794,285.7524992826586,12737088
2017-08-30,286.0382080078125,287.9432244555988,285.1809564199575,287.46697034365224,8552010
2017-08-31,283.89508056640625,286.60973497174155,282.8949585020307,286.60973497174155,14865124
2017-09-01,284.1332092285156,285.46674407948564,283.0378305165725,285.46674407948564,7472688
2017-09-04,282.990234375,285.7525027546454,280.5137068708102,285.65724610674425,6244661
2017-09-05,283.4664611816406,284.79996691878193,282.60920956978157,282.60920956978157,7683590
2017-09-06,281.3233337402344,281.9424583249337,280.323182578877,280.8946933756174,4854030
2017-09-07,278.75152587890625,284.32370480173483,278.22765798311866,281.5137939142525,15630577
2017-09-08,278.1324157714844,280.79942730911813,276.2750130114656,280.79942730911813,8077662
2017-09-11,276.9893798828125,279.7516769867177,275.32249049098755,279.08490960269006,7639794
2017-09-12,277.37042236328125,279.4659231353117,276.70365494094455,278.75154192634193,8497603
2017-09-13,278.1324157714844,279.3230511129719,277.37042078023063,278.2276724124525,8297426
2017-09-14,279.7516784667969,281.5614382881328,277.8466620089181,277.8466620089181,12267908
2017-09-15,277.7513732910156,281.5137629198091,277.1322488273652,280.4660272435887,22632513
2017-09-18,279.0849304199219,280.4184362192006,278.27529255556635,279.9421820717263,11181986
2017-09-19,280.6565856933594,281.46622362233563,275.84643004724836,278.0371876731854,7558625
2017-09-20,276.7512512207031,278.9420375639052,275.84638585419606,278.1323997646402,14617079
2017-09-21,271.417236328125,276.6083888279379,270.1789581673639,275.7035234351744,14496834
2017-09-22,263.9400329589844,270.46472006438904,262.6541410513399,270.13133637451915,23451953
2017-09-25,266.22607421875,267.36909582480547,262.4636547447104,265.702206272452,13358067
2017-09-26,269.3216857910156,270.5123210067142,263.6066367556625,266.22603423019933,11325047
2017-09-27,263.27325439453125,271.2267034887091,262.32074621722234,271.2267034887091,17853590
2017-09-28,262.8446044921875,264.6067211064137,256.36753239829545,262.8446044921875,32223724
2017-09-29,263.4637756347656,268.2739304485262,262.6541378458893,264.2734134236419,9980756
2017-10-03,265.17828369140625,267.3690700470856,262.08263196406637,266.22604855123166,6752832
2017-10-04,262.987548828125,266.13081460737385,262.0350405231106,265.987944175271,7417758
2017-10-05,258.8916931152344,264.22574435404135,258.22495487803394,262.8922388113998,10975305
2017-10-06,259.0346374511719,261.4159081426949,257.7011026093224,259.2251216655463,25447787
2017-10-09,258.8441467285156,263.1780481375171,258.36789254870234,260.36816591756775,20478222
2017-10-10,256.9867248535156,260.0347630069023,256.3676002790532,258.93938428773856,18594444
2017-10-11,254.89120483398438,259.08223517762065,253.5576991430425,258.22498359546114,12687990
2017-10-12,254.8435821533203,255.22460872510007,251.50980312797114,254.89122500891588,11831125
2017-10-13,258.4154968261719,261.6064055271016,254.89123346624353,254.89123346624353,14402254
2017-10-16,261.2253723144531,262.8922616546547,257.51059616993814,261.5587559961421,12848154
2017-10-17,260.8919982910156,263.41613928597343,260.22525997119817,261.70163609987793,9183764
2017-10-18,250.6525115966797,255.653179339048,249.79526008306485,255.653179339048,30669948
2017-10-19,245.604248046875,248.60464309820458,244.4136127829947,247.2711374163074,3822821
2017-10-23,250.08102416992188,251.8908130615949,244.3183610054726,246.080507044697,22939775
2017-10-24,253.89108276367188,255.4151018994956,242.88962322152523,250.74781691398633,15126641
2017-10-25,291.1817626953125,296.0395311660924,270.8457072077937,279.27541042723857,123615362
2017-10-26,285.0380859375,299.706706768588,280.9899259868421,285.56195383322864,43256025
2017-10-27,286.8478088378906,290.94361111364015,271.94106286904963,278.0371089025536,36889009
2017-10-30,286.27630615234375,293.8011436157511,281.22802470284074,284.41893274427736,38047961
2017-10-31,285.84771728515625,288.8481123083461,284.13318508030244,285.9905877018332,19050731
2017-11-01,298.51605224609375,303.8024899877142,288.03846246097197,288.6099731719907,38829935
2017-11-02,301.6116943359375,305.18359983273507,296.6110266404209,298.5636857529484,27736221
2017-11-03,300.8973388671875,303.5167364546275,299.13519285835184,302.70709865940637,14258432
2017-11-06,301.0878601074219,305.04076348491236,296.84918681733603,299.84958195599773,16349376
2017-11-07,297.6112060546875,302.85000128384627,294.6584247482401,302.0403634802365,12752869
2017-11-08,290.9912414550781,299.08756077543217,289.4672225928925,297.1825444647606,11942186
2017-11-09,296.51580810546875,299.84958699742083,292.2295209586732,292.2295209586732,12716330
2017-11-10,303.37384033203125,308.80314831691834,296.27764311455064,297.65879153456757,21000915
2017-11-13,299.3257141113281,306.5171396886143,298.13507881255595,301.94511176862693,13679015
2017-11-14,299.1828308105469,302.0403554045956,295.08702811813106,298.42080681118784,12362405
2017-11-15,300.5163269042969,304.4216162054497,297.801672812749,298.08744270399967,14408468
2017-11-16,303.8025207519531,304.80264279633053,300.9926097613764,301.13548018653813,8983382
2017-11-17,309.6604309082031,316.5661155650334,308.42215277016976,308.61266604317314,20440466
2017-11-20,303.4215087890625,308.51743403208724,302.135645832509,307.99356609188,13606336
2017-11-21,304.7073669433594,306.8981532412642,302.46896686281804,303.61198832852864,13102056
2017-11-22,303.7548828125,306.80292091707537,302.9452449658241,304.23113694957453,9342622
2017-11-23,304.27874755859375,305.27886951316515,300.23058782245977,304.5644883832591,9998609
2017-11-24,302.1356201171875,305.80275352301487,300.94498483782945,304.7073748796543,7867381
2017-11-27,301.9450988769531,303.4691178079618,298.6113201827281,300.0876962628733,9334428
2017-11-28,298.3255615234375,300.3734482138655,296.9444130910661,298.2303048956461,13929413
2017-11-29,299.897216796875,301.2783362653322,297.4683034118054,297.7540733167662,12384876
2017-11-30,292.9438781738281,300.8020706331332,291.7056291711741,299.99246193737474,23832543
2017-12-01,290.75311279296875,295.2299127253497,289.94347505180514,294.9917856878452,6602231
2017-12-04,289.80059814453125,292.89624956267335,287.94319566634954,292.65812253050854,8763567
2017-12-05,290.75311279296875,292.99151275915926,289.2767367877377,290.3244724981639,8219441
2017-12-06,285.2762451171875,290.5150409373696,283.9903530567661,289.37201931294,6751957
2017-12-07,291.2769775390625,292.1818718992173,285.94295521049156,287.1812041650009,7414305
2017-12-08,295.991943359375,297.08732205051524,292.4200373654968,292.6581644317553,10732806
2017-12-11,296.65869140625,297.420686341236,293.61065352981905,296.2300510876682,6829121
2017-12-12,292.99151611328125,297.51592987766116,291.7532380631372,297.2301599884392,11995276
2017-12-13,288.5623474121094,293.7534992401109,285.94295007456776,293.37250180466214,14805881
2017-12-14,289.8959045410156,291.4675374094763,287.0383796644521,289.4196503949217,11140346
2017-12-15,288.75286865234375,295.94432334289723,288.18135789170617,295.65855342845606,23227021
2017-12-18,294.22979736328125,297.4683196519357,273.369872165034,283.84746308425133,16300443
2017-12-19,298.80181884765625,299.8495545600452,293.8487648309879,294.51553216454624,13135113
2017-12-20,300.8020935058594,302.75475285789867,296.7063196611099,299.1828469229736,14003657
2017-12-21,300.46875,301.516485858448,297.2778414329872,300.4211071448231,9705688
2017-12-22,301.5640869140625,304.0406139243662,298.89704664595,300.0400680563185,7628532
2017-12-26,303.0404968261719,303.850134660075,298.32559838446264,301.2307369474882,7632721
2017-12-27,297.9445495605469,302.80234713269294,297.2778112699342,300.94497360715445,6354635
2017-12-28,300.3258361816406,304.04064156898244,295.75380826094323,297.94456558372644,22689602
2017-12-29,299.08758544921875,300.7544748585695,297.6588230983467,298.9923288121784,9637881
2018-01-01,295.56329345703125,299.087585551013,294.42030101689124,299.087585551013,7739502
2018-01-02,294.9917907714844,296.89680710434965,292.8962611780356,296.18242597952514,7046560
2018-01-03,300.04010009765625,301.3259920545809,297.6588294619606,297.6588294619606,8898342
2018-01-04,299.7543640136719,300.65922942867326,296.70632592423067,299.9924910810268,6385367
2018-01-05,298.039794921875,300.18293826369325,296.8015459516768,299.51619999829495,6366054
2018-01-08,299.23046875,303.08814470434163,297.7540925511845,298.61134418495624,7329648
2018-01-09,297.75408935546875,300.8020983615267,295.9919432521448,299.8495900968376,9190909
2018-01-10,297.18255615234375,298.0874505627972,295.8014076454923,297.7064240310843,6736971
2018-01-11,294.80133056640625,297.658855579974,293.8964360181441,297.658855579974,8366713
2018-01-12,302.61187744140625,303.6596132437686,294.8965549356129,294.8965549356129,11699345
2018-01-15,313.6609191894531,314.99445384138454,305.0407321410997,305.5645999913287,30242005
2018-01-16,318.2330322265625,324.5672066752474,311.0415770441673,314.0896152638674,26707100
2018-01-17,326.9484558105469,327.8533502725718,318.1853683101039,318.1853683101039,43305353
2018-01-18,329.710693359375,336.42589331995,326.7102984727634,333.37785558445245,31504669
2018-01-19,336.806884765625,338.1403903505422,324.6147631092239,330.9489655070034,18812611
2018-01-22,334.8066101074219,336.14011568538206,328.4247939631417,335.6638616169505,15269782
2018-01-23,345.0937194824219,347.1416354278423,333.80652023177254,333.80652023177254,22485663
2018-01-24,335.9972839355469,342.14097375245296,335.09238947412064,340.7598251678013,12815095
2018-01-25,343.6649475097656,347.4749803161632,334.04463792820644,335.759141063788,30183655
2018-01-29,340.66455078125,348.33225920664705,338.7119206050536,342.90295085744026,17855095
2018-01-30,336.4735412597656,339.8549339395367,333.85414355710645,339.8549339395367,13358981
2018-01-31,336.18780517578125,337.1403134447952,327.28184704685145,332.2825154591748,22638319
2018-02-01,329.7583312988281,338.9976428608116,327.4722884971184,331.0441940394877,29472295
2018-02-02,319.18548583984375,327.37706171683226,317.8519802478321,326.2816540933038,16957983
2018-02-05,314.0419616699219,318.3758623043594,311.51779171343793,312.04168865854956,17339547
2018-02-06,314.99444580078125,321.90012964643523,298.1350405089228,300.27818377136714,18491736
2018-02-07,316.756591796875,320.4237541980536,314.23245086845765,319.42363221057013,11819190
2018-02-08,317.994873046875,322.328773793132,313.8514565024653,316.75659492777027,10294899
2018-02-09,311.2320556640625,313.04181543805487,307.32676621392517,309.5651663070247,9493398
2018-02-12,310.75579833984375,313.5657091398691,307.8982737574084,313.23232545826966,8356351
2018-02-14,303.8025207519531,311.47020060750026,301.5164776763845,311.47020060750026,15189066
2018-02-15,313.0417785644531,316.0421732400521,306.85047596759426,306.85047596759426,23779772
2018-02-16,305.8027038574219,318.13769497553557,303.65956070264656,314.66104633810346,17585994
2018-02-19,304.5644836425781,313.9466948162872,300.2305831492378,313.8514381868006,19044107
2018-02-20,302.1832275390625,308.80317118021804,301.27833311850395,305.2788792002192,16030558
2018-02-21,304.0406188964844,305.4693811486892,300.70684030800646,303.8501056355601,9974873
2018-02-22,303.23101806640625,304.1358834953821,299.0399874298838,301.94512606918164,25530698
2018-02-23,307.4219970703125,308.66024600441466,303.2309671376884,303.89770538365076,7949765
2018-02-26,311.5177917480469,312.23217289017043,307.803015622653,309.56516158687305,7133735
2018-02-27,306.85052490234375,311.51780948294703,304.4692542930314,311.4701956980587,9623651
2018-02-28,298.3732604980469,301.94516704830284,296.32537322288346,300.1830206698599,17481687
2018-03-01,290.4673767089844,299.0875639798323,289.80060936580884,297.80167214270364,18986889
2018-03-05,288.9433898925781,291.9437851333171,285.0857139531318,289.991154804585,14456193
2018-03-06,281.03753662109375,293.0867887702563,280.2279278946309,292.8010188654073,18951451
2018-03-07,273.0841369628906,279.84692253244,271.79824496436856,279.3706683898945,31472773
2018-03-08,282.84735107421875,283.8474731610783,275.51302554309365,276.4655338422919,21413552
2018-03-09,278.7991943359375,285.27623922527266,276.8941777133981,284.79998506963784,12489587
2018-03-12,286.37158203125,287.5622172709178,279.7992813219324,281.5614272902894,12163952
2018-03-13,289.8959045410156,292.42004570166415,285.37149015312343,285.84774429921737,15966647
2018-03-14,291.51513671875,292.8486715161802,283.65694369847586,288.752868622242,12964285
2018-03-15,287.1335754394531,291.2293486003219,286.13342450372465,291.2293486003219,13282019
2018-03-16,283.94268798828125,287.5145935842386,283.275920649739,286.94308287523694,28835112
2018-03-19,280.561279296875,285.7524606255363,277.4180138572915,283.9427008552233,13601784
2018-03-20,278.1324157714844,283.0854704193707,276.46552629340187,279.0849240446744,10880002
2018-03-21,275.4653625488281,281.03751184918315,273.7032166964357,280.9898980700271,13618228
2018-03-22,269.7979431152344,275.8939896791233,267.5595430692087,275.7511192651733,24593489
2018-03-23,262.4636535644531,264.65444012150004,260.5586369417585,263.94005888798955,31922568
2018-03-26,268.2739562988281,269.70271874572575,262.844676441565,262.9875468726055,24618534
2018-03-27,270.41705322265625,273.65557506213736,268.03578288947284,270.9885639162685,22377328
2018-03-28,265.1306457519531,269.84554358923566,263.9400105806836,269.5598027754276,27172599
2018-04-02,249.414306640625,260.84440635391013,246.50913885588366,260.0347684772364,73359584
2018-04-03,257.2248229980469,258.6059714896534,248.98563303495328,248.98563303495328,40773239
2018-04-04,255.89129638671875,260.3204532577225,252.89090167205433,254.5577908544502,33486876
2018-04-05,265.4164123535156,266.7023042770718,254.9864646807696,255.08169224913024,26759108
2018-04-06,267.32135009765625,269.51213582149813,263.8447018971354,265.1782072122102,31577015
2018-04-09,267.511962890625,269.98849029373537,261.3206589169724,264.5591813356952,31712527
2018-04-10,275.0843811035156,280.4660761688088,265.7974253239954,266.17845189262385,44741783
2018-04-11,271.03619384765625,274.2271020979279,268.9406932705213,274.08423168307104,16811454
2018-04-12,273.1317138671875,276.13210874641317,270.0836761391932,271.7505654130121,22954325
2018-04-13,274.5604248046875,277.27507835708025,272.22676863005034,274.3222978100607,17497198
2018-04-16,273.94134521484375,275.2272370096868,270.60756674507957,271.4648182522278,16874313
2018-04-17,277.8942565917969,279.3230188364848,273.17932955702986,273.9413535284755,15406113
2018-04-18,276.2750244140625,280.8946955433492,275.27490231323355,279.75170300929426,20755245
2018-04-19,275.84637451171875,277.17988014895866,273.65558825859915,277.17988014895866,17282341
2018-04-20,268.7501525878906,276.3702173308015,266.4165252013182,275.51296586087204,19745690
2018-04-23,266.1307678222656,269.3692896763414,262.1778648650154,266.70227851845345,11620499
2018-04-24,270.6075744628906,272.98884486635103,266.0831606963158,266.0831606963158,15412234
2018-04-25,265.6545715332031,272.0840028601707,263.7019410537936,270.55998369494364,7961352
2018-04-26,265.6069641113281,267.08334045376654,262.27318482482326,266.5118296195732,14112673
2018-04-27,274.22711181640625,277.8466605077668,262.8922697669163,264.22577546657794,16488361
2018-04-30,270.7028503417969,277.17989467248157,268.89306145188283,275.2272644300934,9737559
2018-05-02,263.7494812011719,270.2741673544786,262.4635894811678,270.17891073295243,14211445
2018-05-03,268.5120849609375,270.17897449217384,264.13054095089547,264.13054095089547,14724116
2018-05-04,269.4169616699219,272.03635933159677,265.1306745871811,267.13094770610905,11861951
2018-05-07,276.036865234375,279.0849031072119,269.41695067328993,270.512329291632,19673100
2018-05-08,294.6108093261719,299.5638641767427,285.75249365031095,287.65751027464637,87176185
2018-05-09,292.2294921875,295.0870166706955,289.8006080040807,290.51498912487955,20140490
2018-05-10,292.27716064453125,298.0398238965778,291.1817819769825,293.8011796494118,16239386
2018-05-11,296.1824645996094,297.0397162475298,292.94391315686045,293.3249397277106,16671145
2018-05-14,295.372802734375,296.2300543126277,290.65787545161925,295.2775460994038,10425585
2018-05-15,293.61065673828125,302.4213577109628,290.5626188285425,295.9443134880728,16400700
2018-05-16,283.133056640625,290.41973840746687,281.27565406143816,289.4672302270106,25515791
2018-05-17,281.9424133300781,285.70483216228644,280.08501080415414,284.7999377895046,10668400
2018-05-18,272.5126037597656,281.2756618207568,271.08384144966715,280.18028319666337,17469524
2018-05-21,275.56060791015625,279.0848998426335,274.08423184204025,275.75112117557137,23155638
2018-05-22,276.51312255859375,279.89454415510295,273.2269866652606,275.75112761562355,11284988
2018-05-23,278.17999267578125,284.2284252222649,275.08434119834584,275.1319840466361,15887229
2018-05-24,283.56170654296875,284.7999555921589,277.3704031605305,279.75167369223755,11489424
2018-05-25,281.60906982421875,286.6573811967771,280.60894774808486,284.2284676189224,13541580
2018-05-28,285.0380859375,287.94322439243916,279.41829323141195,279.7992907072368,19063427
2018-05-29,276.1321105957031,284.5618136505477,274.6080917214994,284.5618136505477,12969969
2018-05-30,271.36956787109375,274.46521937855397,269.3216811490377,272.32207602723537,25142319
2018-05-31,272.2268981933594,275.2273230082645,266.0355933863815,271.46490307518536,23698686
2018-06-01,275.56060791015625,285.70484339452565,273.2269802841586,280.9899162238119,29675949
2018-06-04,273.1317138671875,279.3706306647558,271.98869245212916,279.3706306647558,17188567
2018-06-05,270.6075744628906,274.32235047864043,269.65506630150645,274.32235047864043,12376050
2018-06-06,270.41705322265625,273.2745776224763,267.7500420767874,272.1315853034931,16873633
2018-06-07,277.0846252441406,279.1325120285472,273.5127195498584,273.8461032283066,20297969
2018-06-08,274.5604248046875,277.08456513408413,271.94102786379284,276.32257037857306,11340014
2018-06-11,272.79833984375,276.5607588221182,269.7503310762333,271.84583165360544,16876061
2018-06-12,273.7508850097656,275.41777456766744,271.70299793799285,274.8462637627374,14257648
2018-06-13,276.9418029785156,278.9896901189634,272.79838583913414,275.2749133647155,10927770
2018-06-14,271.2267150878906,277.03702103160487,270.6075905598111,277.03702103160487,11400592
2018-06-15,269.08355712890625,274.7986061298742,266.7022867118363,273.56035714029474,47186222
2018-06-18,279.0849304199219,280.22795200115866,269.94084497476666,270.51235576538505,27792317
2018-06-19,278.8943786621094,281.46616233100946,274.65573477522736,281.46616233100946,27176748
2018-06-20,279.2754211425781,280.6089268341183,277.1798914356979,278.7039103981341,20364143
2018-06-21,283.7998046875,286.08581835143025,280.5612538396713,280.7993808685857,30192796
2018-06-22,286.37158203125,288.3242412652511,281.6090410725788,284.03795440244704,17490606
2018-06-25,275.941650390625,286.228727816292,275.08436971494876,285.56196041704266,15461874
2018-06-26,274.41766357421875,275.37017193159664,271.17914097278356,273.893766536712,11614686
2018-06-27,265.7973937988281,274.227096935613,260.9872391569908,274.227096935613,25318055
2018-06-28,258.51068115234375,265.1782375589832,256.9866624457498,264.79724014939444,34197884
2018-06-29,262.32080078125,262.89231162016097,256.79626383102436,259.0822781184195,20930477
2018-07-02,264.2257995605469,266.60707033717085,258.12975218603884,260.9872771179876,69733139
2018-07-03,259.9394836425781,263.6542598328843,259.2727453392247,262.7970082610049,14020388
2018-07-04,260.2728271484375,261.7968458566416,258.1296840154678,261.1777214318759,8233522
2018-07-05,258.65362548828125,262.41604502059414,257.89163045127356,260.03477419463593,7505990
2018-07-06,257.2248229980469,259.0346117989776,254.3672984511999,258.22497403038903,26025797
2018-07-09,258.32025146484375,261.65403037130176,257.1772299267601,260.89200632316425,18374471
2018-07-10,260.4157409667969,262.84465436344965,258.9869786399107,259.08223527535193,14450561
2018-07-11,255.98660278320312,261.844522949523,254.79596742142078,261.5111392345747,12717543
2018-07-12,259.3679504394531,260.7014850671398,256.27229903762816,257.5581908181883,15837704
2018-07-13,255.03404235839844,260.3204506567386,253.41476697009665,260.03470985562194,19159840
2018-07-16,246.93775939941406,253.9387007254475,244.31836175872596,252.70042258163008,29794402
2018-07-17,253.79586791992188,254.7959900854813,247.6521772793463,247.89030437288415,15128995
2018-07-18,250.22393798828125,254.6530956979612,248.6046622771851,253.36720370011966,22908592
2018-07-19,248.795166015625,251.7955611833054,247.08063372820416,251.41456369773795,15145144
2018-07-20,253.17666625976562,254.98645508240168,249.36663348494153,249.36663348494153,13794388
2018-07-23,262.4636535644531,263.1780347979636,252.7480862296586,252.7480862296586,16917863
2018-07-24,261.32061767578125,264.7020099927548,260.36810952246566,260.65385034116355,12012225
2018-07-25,261.60638427734375,263.46378698666405,259.3203702977345,260.03475148312765,17947377
2018-07-26,272.0839538574219,272.89359161827997,260.2728583235428,261.9397476266212,36630780
2018-07-27,279.2754211425781,281.1327947267163,268.79783074466513,271.3695854922974,30926969
2018-07-30,292.7533874511719,293.8011522360299,280.2755247985726,285.75244669353197,56119080
2018-07-31,289.80059814453125,293.8487576913324,287.8479681080766,289.84821192366775,20824059
2018-08-01,285.085693359375,291.1341262584409,282.70442285330523,288.2289878683332,15581508
2018-08-02,284.3713073730469,286.4668370100602,280.13266338524863,280.9899149392112,14089168
2018-08-03,290.5150451660156,292.1819347694272,283.41884636990727,285.7525034419826,14478297
2018-08-06,300.1353454589844,302.89761347894864,292.22950980459376,292.372409291962,25849864
2018-08-07,298.2779541015625,303.0404953743585,295.6585564015247,299.0399781461569,20751115
2018-08-08,303.5643310546875,304.8025799082692,293.6106101772624,298.1350234727758,17916047
2018-08-09,317.18524169921875,329.42497831117083,305.0407617242487,305.0407617242487,76423347
2018-08-10,312.99420166015625,324.13853020644126,309.8985499970365,318.18535393121095,36321097
2018-08-13,309.46990966796875,311.8988230291307,306.70764168999943,308.6126580980119,15332907
2018-08-14,316.6613464355469,317.6614683668263,309.27940826510337,309.27940826510337,15314006
2018-08-16,318.4234924316406,323.0908060538366,313.13708333645235,313.8990782997831,37463597
2018-08-17,323.8528137207031,325.9483435544295,319.8999101904084,320.80477561132767,24090696
2018-08-20,322.3764343261719,326.1864673910131,320.7095448603039,323.8528105114997,13032778
2018-08-21,322.7574157714844,325.6149404280389,318.1853588800507,322.23351881016964,16009673
2018-08-23,321.1857604980469,322.6145227261196,318.8521038982313,320.5666069446218,18867868
2018-08-24,315.8757629394531,320.9944583534188,313.1489785415338,319.9420116667319,17805968
2018-08-27,325.2041931152344,327.50042169011743,316.6411697966722,316.688996334389,28083933
2018-08-28,324.2474060058594,328.64852749756307,321.7598130585374,327.21338108927677,16427306
2018-08-29,325.9217529296875,327.8352815295367,321.28144023542734,321.80767811926347,18868248
2018-08-30,329.4617614746094,330.51420794498387,323.09928531925095,324.534431633909,22349447
2018-08-31,327.7874450683594,331.80583748748785,323.8647057178236,328.1701449371152,19809916
2018-09-03,319.7027893066406,329.1269236280583,318.17196056641905,328.7442237425354,12859450
2018-09-04,314.297119140625,321.9034081324141,313.1011635883395,320.32472344489037,15470215
2018-09-05,315.3973388671875,317.0238498214324,310.5656909354291,312.8619193663823,14548867
2018-09-06,314.4405822753906,316.92817530229485,311.4267805611984,315.73221992379564,11322771
2018-09-07,320.6116943359375,321.85547613638005,308.5086328539324,313.2924539296757,16435004
2018-09-10,318.5068359375,321.23362008612213,316.11492514013497,317.45438934703344,16673909
2018-09-11,312.4313659667969,322.1425468298395,311.04407527073994,319.2722539713549,13005562
2018-09-12,308.939208984375,312.90977527704854,304.7294515993943,312.86194873783967,15263406
2018-09-14,314.1535339355469,317.6457174595583,310.13511257759103,313.05326093457427,10736693
2018-09-17,311.6181640625,313.3403282330782,307.4562332524497,313.1489636816223,7227361
2018-09-18,305.0643005371094,313.8665145102089,303.96402744023806,310.230821877557,14825218
2018-09-19,307.0735168457031,310.66138300670696,303.2942861435272,306.1645790723303,15942065
2018-09-21,303.3899841308594,319.2722783326252,295.0182959881653,309.4654436511836,34169460
2018-09-24,295.4009704589844,303.10291120789435,292.3393130940042,303.10291120789435,24382310
2018-09-25,297.64935302734375,299.9455813029563,287.0770909362264,293.72661390752023,30472132
2018-09-26,299.5628662109375,301.6677298572393,291.9087528830215,301.3807122866925,23224979
2018-09-27,293.39178466796875,302.3375372587641,292.10014694448387,302.002663893693,24888615
2018-09-28,292.33929443359375,298.12773545756784,288.75142862464867,295.7358249182711,26289107
2018-10-01,300.4239807128906,301.4285715169149,287.55548960501386,293.0568841562849,21104376
2018-10-03,290.5693054199219,300.90234732117574,289.3733501444005,297.649354811383,19105555
2018-10-04,302.8159484863281,307.36057962474854,282.0541482378698,286.07257060793717,56268976
2018-10-05,294.013671875,307.9346106295256,286.40741284244234,301.04589565840666,36131946
2018-10-08,297.4101867675781,300.4718149909218,285.6898241606377,294.01365600342405,20488368
2018-10-09,293.009033203125,298.41474503728807,289.89954958545917,297.9842186706407,14852835
2018-10-10,306.0210876464844,308.9870630143309,291.33474882034795,293.8223420062235,23972064
2018-10-11,298.2234191894531,301.81128501609174,290.8563230128378,296.59690833545955,21691068
2018-10-12,305.59051513671875,310.23082788534674,300.04129381139074,300.2804848891744,25930022
2018-10-15,299.8021240234375,304.1553902689857,296.1664018640655,303.19862588990856,23756416
2018-10-16,306.7864685058594,308.98704392585853,300.18480064212065,300.18480064212065,18042549
2018-10-17,301.1893615722656,313.9621696129956,298.17556015095613,311.04405045229345,20203287
2018-10-19,301.8113098144531,307.5997221444516,296.7882972444427,299.3237167972983,18322589
2018-10-22,312.9576721191406,315.5887744800965,302.43326267531717,306.3560029440057,33593953
2018-10-23,308.891357421875,314.39275209927297,304.5859181091287,309.0348662260074,21509920
2018-10-24,308.0780944824219,315.7322086310535,302.57669993809293,314.5362532953298,33104174
2018-10-25,306.11676025390625,308.12594199622015,298.31910757556005,304.72944029075586,26920180
2018-10-26,302.00262451171875,309.41754732249944,299.46720513217406,305.97319024173714,22952163
2018-10-29,334.2934265136719,337.6899571546271,314.1056947935237,314.7754414545932,80069836
2018-10-30,330.75341796875,338.5510408860217,328.0744605088531,332.4277554318875,34460428
2018-10-31,339.6513366699219,341.1343097000737,327.50041801684443,330.56207554776904,31233009
2018-11-01,338.40753173828125,342.95216199069966,335.91993881312135,341.5648421291312,22157128
2018-11-02,339.1251220703125,342.33025915703394,336.4940202122919,338.6945664506573,26714413
2018-11-05,334.5325927734375,336.6374856680425,332.95393770154675,335.82423026793936,22873951
2018-11-06,337.83343505859375,342.8085912353816,332.61905864061976,333.62367854035006,21349153
2018-11-07,340.51239013671875,341.564836649494,339.220752561864,341.3256455874145,2074764
2018-11-09,341.4213562011719,342.61731161087323,337.16374326338297,341.4691827383079,15130936
2018-11-12,337.11590576171875,342.712982736705,336.3026502699465,340.60808960483917,10642857
2018-11-13,345.2962341308594,346.3008541766671,332.76261581239345,332.76261581239345,17684864
2018-11-14,350.74981689453125,353.9071275733836,345.6789483156664,349.21898809339973,31774158
2018-11-15,354.0028076171875,358.69094706762684,346.4443751320142,350.2714325116595,21967798
2018-11-16,351.6586608886719,359.073583245906,349.7451325384179,354.098427054121,29972926
2018-11-19,346.73138427734375,354.6725456647947,345.15272898647027,352.3762879346552,16002154
2018-11-20,342.4259338378906,349.6495217523122,339.2686233575004,346.34867326979867,19591217
2018-11-21,341.3256530761719,344.72215455296936,337.7856136004753,340.94295320807373,29323882
2018-11-22,336.8288879394531,343.00002986310477,335.82429702078036,342.1867743013483,12547369
2018-11-26,340.94293212890625,342.37807844414107,335.5372201811471,339.4121035530305,20673027
2018-11-27,339.31646728515625,340.7037872571786,336.3983477278919,340.36891389860796,17933339
2018-11-28,343.4783630371094,345.9181001760885,337.97696864306096,341.5170080193518,18163000
2018-11-29,346.5400695800781,350.5584624509933,344.6265408230332,347.3054694036434,38692771
2018-11-30,339.7947998046875,349.2189330147097,338.5031622950079,349.2189330147097,21893877
2018-12-03,340.1297302246094,343.38272321132257,336.8767372378961,343.38272321132257,23427270
2018-12-04,342.4737548828125,343.57402786616285,338.02477802271494,338.02477802271494,18651442
2018-12-05,336.20697021484375,340.94296519366753,335.2980616459247,339.9383451566989,12068267
2018-12-06,332.6191101074219,334.8196855629551,328.5050352094487,333.1453480024565,17784829
2018-12-07,336.97235107421875,337.7377507280634,330.37065496777626,334.4847584020357,14979672
2018-12-10,331.3753356933594,334.3413109932037,329.36612473552094,331.51884450503417,14107881
2018-12-11,327.9787902832031,330.0836834219572,321.4728047239931,322.8122689040505,36885929
2018-12-12,334.8197021484375,336.4940397918753,324.72582055054767,327.9788135610292,24740214
2018-12-13,334.43695068359375,338.8859280543623,332.5712778102312,337.64211694065784,19129928
2018-12-14,336.68536376953125,338.74240125090455,334.0542618473227,334.10211758296833,12104234
2018-12-17,342.9521789550781,344.91353411336416,337.06805508396087,337.06805508396087,18378122
2018-12-18,346.5878601074219,347.20975104921735,339.2686192118598,341.32565657231953,15405953
2018-12-19,350.6541442871094,353.2852463247344,345.39194021185943,347.30546896649577,19442031
2018-12-20,346.4921875,349.69735376400183,345.53542319421615,347.3532695355796,12109613
2018-12-21,338.88592529296875,347.783821565743,336.78103216270017,345.3919108259511,13555416
2018-12-24,337.4986267089844,341.6605574988135,336.3026712635238,338.1205177009977,9025217
2018-12-26,340.46453857421875,341.4691292818487,333.09744272451366,335.48935316946654,8695108
2018-12-27,340.273193359375,345.1526967834652,339.555620185189,343.9567414931552,10122458
2018-12-28,345.1527099609375,347.11406503267693,342.808625823185,342.808625823185,13004606
2018-12-31,344.5787048339844,347.7838715253578,343.9568137919288,347.11412474275437,7314108
2019-01-01,348.02301025390625,349.02760107848036,340.9907868875005,345.8702906028512,7759872
2019-01-02,348.8362731933594,351.99358373645344,344.72216914233394,345.8702979933479,18243156
2019-01-03,347.54461669921875,351.4195002646526,346.3964879104313,349.2189541506259,12884409
2019-01-04,349.41033935546875,352.8546675293702,342.56945114788243,346.2051730620769,22896026
2019-01-07,351.8022766113281,354.9595874076692,350.7019742082975,351.6109120547667,12719847
2019-01-08,363.7139892578125,365.2926447148077,350.7498430163231,351.89794280407733,21501136
2019-01-09,365.7231750488281,366.96695703226635,359.360697921614,365.1491105956524,21730142
2019-01-10,363.0920715332031,365.62749122602224,359.7912228400126,364.4793915226614,14497154
2019-01-11,362.18310546875,364.71855416193046,359.0257950331199,364.14448975596264,12537973
2019-01-14,357.20794677734375,362.32664147197625,356.5860558401929,362.32664147197625,14844029
2019-01-15,356.63385009765625,359.16926934926863,354.5768129387302,357.3992497667041,12960779
2019-01-16,359.0736999511719,363.33131359353644,355.96421537137206,355.96421537137206,15106484
2019-01-17,358.4039611816406,361.60912786055115,356.68176768941413,359.74342554350574,13171721
2019-01-18,355.9162902832031,360.12604701681994,354.3376351578627,358.40388309792615,12212121
2019-01-21,355.6292724609375,359.8868557235478,354.5768259786975,356.8730542684131,8908581
2019-01-22,353.0938415527344,356.39468995776906,350.2714044799995,354.5289879552489,14756076
2019-01-23,351.51519775390625,357.54283035890046,350.6062891883694,352.85466193341745,9726450
2019-01-24,349.027587890625,352.56762730674166,346.1094685975951,350.74978106527414,17521254
2019-01-25,341.7562255859375,348.88410222608763,339.2207767883163,346.683555977049,22978238
2019-01-28,328.69635009765625,339.5556302966703,322.09468253818227,337.9291485722907,34362360
2019-01-29,331.85369873046875,334.9631826627024,326.5914951528426,328.12232385141414,20738442
2019-01-30,350.080078125,352.6633536104961,335.824294811653,335.824294811653,39400056
2019-01-31,348.6927795410156,360.36528710901734,338.7902626645689,356.58608543993057,85917249
2019-02-01,339.31646728515625,349.12330176853146,333.6715635197176,348.74060187222096,25605469
2019-02-04,339.2207946777344,341.4691967800568,331.04047101824136,335.8242928537651,17039321
2019-02-05,337.4029235839844,340.7037720887329,333.76723093370333,339.26862564286466,12197271
2019-02-06,343.765380859375,346.25297373100835,337.9291423350893,338.3118421926958,15396216
2019-02-07,343.14349365234375,346.1572952110165,341.086456347099,343.5740492456375,10247434
2019-02-08,339.74700927734375,342.9043197928103,335.58507872649835,341.46917334066563,9308651
2019-02-11,334.91534423828125,339.3643217605237,333.95857990199346,339.26863948726884,9419635
2019-02-12,329.4139709472656,336.78106849995504,328.4093800074136,333.91077530251226,14924394
2019-02-14,329.0791015625,331.8537122678992,321.61632230183005,325.15636198680386,15172596
2019-02-15,327.3569030761719,332.71478905587804,325.8739300737943,329.1747494269303,20316848
2019-02-18,324.1038818359375,328.1701297999308,322.9557530845003,327.40473009772404,10601490
2019-02-19,328.40936279296875,335.2502220486659,324.4387965842604,324.4387965842604,14384763
2019-02-20,330.27508544921875,332.5713141896847,327.54830104573244,330.08372088829134,9474758
2019-02-21,336.111328125,339.60354160672154,331.27967949679095,331.80588824706336,18631331
2019-02-22,336.8288879394531,338.7902724352341,336.11131465522067,336.2069969327447,10997730
2019-02-25,340.22540283203125,341.99542268863127,337.78563626272944,337.78563626272944,10344411
2019-02-26,333.14532470703125,337.4507638472524,331.6144960619937,334.86748868386854,18096382
2019-02-27,330.60986328125,339.36427921937394,328.4571437944575,335.82423993962016,17325417
2019-02-28,335.0110168457031,336.54184557922173,330.0836864956119,333.38453503981987,18347113
2019-03-01,338.9337463378906,339.65131954820373,335.489389088762,336.8288532417207,14190221
2019-03-05,347.54461669921875,348.4056986917454,337.5464185244223,339.65131157115667,17638277
2019-03-06,355.8684997558594,356.72958180242495,349.45816714607037,349.45816714607037,31436190
2019-03-07,354.7681579589844,357.8298151151561,352.567611951698,355.4379045863115,15355303
2019-03-08,354.5768737792969,357.2558022787577,351.7544072689004,353.8114447807861,16143455
2019-03-11,359.599853515625,362.0395907031392,354.00277674636095,355.7249407377677,11449587
2019-03-12,371.4158935546875,372.1812932754888,361.03499560185105,361.6568865247681,37108265
2019-03-13,374.9559020996094,376.2475396711001,367.6844879917058,371.1288451163051,19574619
2019-03-14,371.1288757324219,376.0083796282929,370.0764291355665,375.05161530353894,13182462
2019-03-15,378.20892333984375,381.03138975804416,371.3202377670508,372.0378110057665,31466545
2019-03-18,380.8400573730469,382.6100773509644,376.4867910365029,379.1178931339626,21220626
2019-03-19,381.1749267578125,383.6146934687687,376.8694870070884,381.1749267578125,11670392
2019-03-20,375.9127197265625,380.9357327304375,375.2430021782582,380.4095239997605,14181408
2019-03-22,374.8601989746094,379.16563784123105,373.1380351072111,377.39564744345404,17409249
2019-03-25,366.91912841796875,371.1767414569602,365.96236406746556,371.1767414569602,12345034
2019-03-26,377.06085205078125,378.40031635755327,366.8234613954834,368.3064637193037,14063632
2019-03-27,376.19976806640625,381.2227810903955,373.2816191716858,378.30463219567497,17950017
2019-03-28,383.23193359375,384.52357125491767,375.7691836374272,375.7691836374272,23117485
2019-04-01,381.0314025878906,391.84282806932424,378.6394917116327,384.0930601887531,16106604
2019-04-02,379.9789123535156,382.70569627912994,376.4389021818102,382.70569627912994,13010810
2019-04-03,375.1472473144531,385.3846066988691,373.75992755017717,381.74891443115615,12317200
2019-04-04,371.942138671875,378.59166254088814,370.55481869403957,377.3478513750041,14521564
2019-04-05,373.6642761230469,375.52997813955216,368.9283104781258,372.4204942441291,10853927
2019-04-08,370.36346435546875,374.52539487746066,368.3542534967696,374.52539487746066,6305407
2019-04-09,379.9789123535156,381.127041121604,370.4112699465374,370.65046100671185,13206348
2019-04-10,377.1564636230469,381.55755563476754,375.7213173066702,378.44807194928467,14000018
2019-04-11,373.1859436035156,377.4435568748935,370.79403259670386,377.4435568748935,8704774
2019-04-12,377.5392150878906,378.4481236936596,371.46375567825316,373.71215772095434,7035256
2019-04-15,375.7691955566406,379.7876174748181,374.86025775191723,377.1565155326647,9770752
2019-04-16,389.4031066894531,390.7425709956873,380.31384498539956,380.31384498539956,24487788
2019-04-18,386.9154968261719,393.2301473680588,385.19333267753484,393.2301473680588,18660434
2019-04-22,377.4435119628906,387.1068371201975,376.67811221103875,386.771963779464,10493872
2019-04-23,379.3570251464844,382.6578734884224,376.5824146609528,378.9743252860883,10203957
2019-04-24,383.7581481933594,385.24112110809546,376.43890748846724,379.93109117661805,11397163
2019-04-25,378.3045959472656,385.00194600419087,377.2521493844087,383.56679956342117,16524091
2019-04-26,389.5944519042969,390.3598516989642,377.2043419909721,382.7057369597688,14286163
2019-04-30,389.8814392089844,392.08198534612734,385.8630176041435,390.1206302759838,19375553
2019-05-02,378.4480895996094,387.4895234937139,377.3478165453639,386.24574164076296,16572948
2019-05-03,384.4278259277344,387.68084741431727,377.6348237834727,379.9788784451282,24431248
2019-05-06,383.9494934082031,387.3938506515538,377.58701679372575,379.3570365491546,20751521
2019-05-07,369.7893981933594,389.7379394853307,367.68450507549096,380.7921875315835,41519416
2019-05-08,365.67529296875,373.13804213214223,363.6660822868747,369.59800287368927,22509400
2019-05-09,364.9098815917969,369.0239854136498,361.22633336462286,364.4793551952459,19739885
2019-05-10,368.449951171875,372.3726907841893,365.72316697806326,366.91912239656574,18361701
2019-05-13,360.0303955078125,369.07182984961474,359.0258046690031,368.3542566224282,13828080
2019-05-14,363.953125,370.02858399638603,360.2217501606706,361.75257884294456,21481226
2019-05-15,360.7479553222656,367.8758607932191,359.5519999880874,365.81882345805826,16183425
2019-05-16,365.9623107910156,368.3542213190615,361.2263162662342,362.6136360517514,13430281
2019-05-17,372.8510437011719,375.05158981933,364.2879918972191,364.7185474933548,19096980
2019-05-20,390.07281494140625,396.1004183236007,384.6192467779891,387.7287307382589,33350816
2019-05-21,382.8492431640625,393.03877750159324,380.40950578681236,390.93391348152824,18286421
2019-05-22,387.8244323730469,390.7425519406848,384.1887103498463,385.57603032680043,15370847
2019-05-23,393.0866394042969,409.44731564420505,389.7857907144613,396.1004412699858,43279956
2019-05-24,413.08294677734375,414.80511067238206,394.8087445660977,397.535528398347,37708344
2019-05-27,416.67083740234375,419.8281477975534,411.07376061253734,413.56135354113223,23397222
2019-05-28,415.522705078125,420.2108732952761,409.5907842044258,416.2402782707753,23389724
2019-05-29,404.9983215332031,411.8392097215416,403.8502218778429,410.0691899049654,22132254
2019-05-30,407.77294921875,409.495113249426,401.4582991093901,402.65425446350645,18281037
2019-05-31,405.38104248046875,411.60001038277676,396.38743477093544,408.5383529670043,24644955
2019-06-03,404.6156311035156,407.96430627329806,401.45832047983004,407.5816063792347,17125380
2019-06-04,400.9798889160156,404.47207246610355,399.4490603302146,399.6404248527373,14514451
2019-06-06,393.75634765625,399.7839804437799,392.60824798109917,399.353424816767,17762399
2019-06-07,398.5880126953125,400.83641463698075,390.2641516170102,395.62203752958817,14107696
2019-06-10,398.1096496582031,404.47212671065466,395.1436743500896,400.7885781440362,13074522
2019-06-11,403.13262939453125,405.38103125967973,395.1914684663611,400.35801886223516,10939138
2019-06-12,399.927490234375,403.754547557192,396.8658326968693,403.754547557192,11136959
2019-06-13,401.45831298828125,404.04155912360113,397.3442089090144,398.68370231043554,12164077
2019-06-14,399.6883239746094,403.7545726326395,398.10966857052995,402.1280614901746,8601256
2019-06-17,396.29180908203125,401.5540130552695,395.2871889864435,400.83643978619153,9539802
2019-06-18,403.8980712890625,407.6294464770375,397.1528941876511,397.48776755539546,17761348
2019-06-19,401.6496276855469,407.58157782135305,399.30557274981743,405.42885822018394,17010384
2019-06-20,414.6616516113281,415.8576070146823,400.8842512043142,401.6018244463267,24315929
2019-06-21,412.1740417480469,416.38382795492527,410.30836891366687,415.4270636712036,13909654
2019-06-24,410.8824462890625,415.044347696079,409.6864908966716,412.79597491688793,8545999
2019-06-25,414.90081787109375,416.00109093673115,406.24211294805747,409.3994233447784,12964387
2019-06-26,419.68463134765625,420.9762689214727,413.80053706485666,413.80053706485666,12261068
2019-06-27,421.88525390625,424.70769123388385,418.6800874782114,419.0627873804852,18787957
2019-06-28,418.20166015625,421.4546527716153,414.8529852761123,420.4978885201474,13459208
2019-07-01,420.01953125,422.8898241742597,418.77574932873927,420.4979134040433,6871979
2019-07-02,417.8668212890625,420.9763053627647,414.8530194880233,420.0195410323948,7787303
2019-07-03,417.1014099121094,420.9762936631663,415.4270723804945,418.9670827856026,10415896
2019-07-04,417.340576171875,422.315732736817,415.3313654137843,419.0627401370227,11810688
2019-07-05,417.484130859375,420.8806326299224,414.470328990024,417.5798131342068,12154330
2019-07-08,407.4859313964844,416.52736619590866,403.7545562658808,415.2357284819722,12184946
2019-07-09,409.97344970703125,411.217231457464,406.2899017871913,407.5815392653333,11679067
2019-07-10,412.26971435546875,413.99190754468947,408.72970410752765,411.4086323599224,16494282
2019-07-11,408.1078186035156,414.1832780178588,406.4334810041841,413.94408693224,16535185
2019-07-12,408.5862121582031,414.278971833786,405.66809251160566,408.8254032504859,8824728
2019-07-15,404.04156494140625,409.87783319492297,403.3718474291822,409.87783319492297,7825336
2019-07-16,406.24212646484375,411.9348565147841,403.3239778392613,403.3239778392613,12149205
2019-07-17,406.3377990722656,408.586171758909,404.2329059890476,406.24211680518687,10961022
2019-07-18,400.5493469238281,407.10318786778817,399.4490738773245,406.62480574338423,10651654
2019-07-19,392.5603332519531,402.17583082580927,390.83816939896803,401.74527526350016,12260757
2019-07-22,394.6703796386719,396.06108891748045,387.7168917835555,392.99195153571276,17937246
2019-07-23,395.10198974609375,398.9863402450207,392.99195412355107,395.91720284304284,14207080
2019-07-24,391.7931213378906,395.00611851732117,385.271240205781,395.00611851732117,16505930
2019-07-25,392.2726745605469,396.92432459932695,388.7239858457331,392.46450664709187,16852479
2019-07-26,398.74658203125,402.24729782357247,391.84103721312135,393.47152201640483,17493739
2019-07-29,411.7904052734375,417.5450166546353,407.90602502944876,415.29112134310606,46754670
2019-07-30,407.9539489746094,420.75796362281636,405.460278486618,415.29107175566077,23617273
2019-07-31,407.23468017578125,412.60565676967144,403.9737395089626,406.5632971254946,22329888
2019-08-01,399.993408203125,408.9130728219231,393.85516231878563,405.93985128232373,18269866
2019-08-02,393.8072204589844,400.7607087831123,388.9157952322565,396.97224481597374,30939803
2019-08-05,386.1823425292969,390.0187498148619,379.5645458155901,387.1414443506881,25033370
2019-08-06,393.47149658203125,394.6703737806359,384.50388928257627,384.5998053123572,30665326
2019-08-07,391.69720458984375,398.0272828945908,389.68308477431515,392.5603904337941,20977349
2019-08-08,397.4517822265625,399.5618179058178,387.6209887231246,394.1908419427296,19046657
2019-08-09,402.9666442871094,405.1246234917203,397.54772458275755,399.46592832018945,17664017
2019-08-13,393.47149658203125,404.4532234290346,392.41647879336665,399.94543345449614,18389104
2019-08-14,400.2331848144531,404.9328072306459,394.43063040922806,395.0540407492949,13307755
2019-08-16,401.8157043457031,402.8227495116969,395.2458512676315,400.7127138778978,15154141
2019-08-19,406.0837097167969,410.39966795975414,402.9186853797476,402.9186853797476,12304262
2019-08-20,399.84954833984375,405.89190744966515,395.62950612836755,403.59003963480075,16181488
2019-08-21,395.1979064941406,401.57595722689024,393.75925371583,398.98637051814484,12868183
2019-08-22,382.7775573730469,395.6295164160634,381.7225394753775,394.1908636290959,18182520
2019-08-23,379.2288818359375,386.9976130066939,370.021497828725,373.0906355876181,26883695
2019-08-26,394.81427001953125,397.0681652170477,376.78316697833077,390.3544522785952,26701988
2019-08-27,401.4800109863281,403.30229851454635,394.43060704900637,395.9172031003115,28793372
2019-08-28,396.0611572265625,401.14438579302026,392.94407592631785,400.90461030838605,12154347
2019-08-29,387.8608093261719,393.99905574021216,383.0173563537925,393.1358698689275,30331105
2019-08-30,392.89605712890625,395.96519467959456,386.1823443475573,389.8748922311922,18314194
2019-09-03,376.1117858886719,389.778987297142,375.0567679962302,388.4841939413938,20194305
2019-09-04,381.2430114746094,383.30507473938354,373.9538310617044,375.0088490228233,18614965
2019-09-05,373.09063720703125,377.88614668270003,372.1315353118975,373.618131541568,25022673
2019-09-06,375.344482421875,378.36564713445523,373.282419476429,375.0087909494854,17564286
2019-09-09,379.27685546875,384.0243922795993,373.1865525915108,376.92704412203454,18651819
2019-09-11,378.46160888671875,382.68165131803687,377.2627315329655,378.7493277438329,17463978
2019-09-12,386.2303161621094,390.5462743693218,383.30503803776423,383.30503803776423,19577114
2019-09-13,396.49273681640625,397.93138972885293,384.26418706060963,390.16265814774727,17775449
2019-09-16,395.2938232421875,398.6506797309326,390.114679084874,391.79310732924654,17629622
2019-09-17,384.26416015625,395.05405624414243,382.0102648973303,389.25150161132905,20793363
2019-09-18,383.0173034667969,388.86783020572454,380.283857527273,388.86783020572454,18477377
2019-09-19,370.7887878417969,379.51662069023206,368.6308086398497,379.51662069023206,22647508
2019-09-20,400.4250183105469,406.659180272268,370.8367206844853,373.09061586300055,75217723
2019-09-23,428.0471496582031,431.59583825833585,410.927204822862,417.97658009884196,57490445
2019-09-24,422.8680114746094,430.3010510171267,415.6268040151694,423.443478454375,26639931
2019-09-25,416.4420166015625,422.91595380338885,412.03014243235094,421.1416096052917,19987241
2019-09-26,433.4660949707031,439.8920598359769,420.6141067012239,421.04571424365633,40909369
2019-09-27,430.8285827636719,433.37019693047773,425.16985816993775,431.11630162426616,19432963
2019-09-30,415.9624938964844,426.9441927771855,413.3729071324159,425.16984845880273,27524660
2019-10-01,407.23468017578125,425.0739817018065,399.65778087860815,419.0795947152031,30623906
2019-10-03,409.82421875,416.8256799867134,405.0287093835387,406.65919427592206,23275379
2019-10-04,396.9722595214844,411.7424225170253,395.19791520191234,410.9751527261399,17952697
2019-10-07,399.0823059082031,406.1796541047829,394.6704313202318,398.12320400949056,21933703
2019-10-09,418.8398132324219,420.4702689077277,400.04141005798147,403.0625752020331,34533981
2019-10-10,406.3714294433594,413.85241150082663,403.3022920882911,412.41375885366267,19074005
2019-10-11,411.0230712890625,415.53086152930706,404.83688214130325,410.4476336153841,18004922
2019-10-14,411.31085205078125,418.5520596242968,408.57740580593264,412.4138133721856,17211042
2019-10-15,414.1881408691406,417.6409133921432,410.6874249612979,412.4137965880663,14971985
2019-10-16,417.49700927734375,421.52524861696406,413.51674259025737,416.72973953144685,17833051
2019-10-17,422.5802917480469,425.21782190285603,415.9624946680553,418.1684172715637,12452421
2019-10-18,419.8947448730469,425.5534687541883,417.449047057577,419.79885811123495,15988455
2019-10-22,432.6988220214844,439.9400590233935,419.6550301560534,422.4843925060489,34966169
2019-10-23,436.4872741699219,440.2277656714065,429.8694770104542,433.514052469446,25196183
2019-10-24,436.1515808105469,440.2277638087763,432.5549487532856,438.6931949437848,23542540
2019-10-25,449.9146728515625,451.4012689754678,435.8158642883816,438.9809178788227,34397573
2019-10-27,450.3462219238281,454.1346856023191,445.98232060206624,451.73693119048,8206762
2019-10-29,457.8752136230469,462.2870879511627,447.75670089538744,450.96969792072537,33686172
2019-10-30,451.8808288574219,459.4097842018887,450.7778675884921,459.4097842018887,22396012
2019-10-31,444.1120910644531,457.25179785479975,442.43366286047643,455.573369650823,21198377
2019-11-01,443.34478759765625,447.8525775676566,441.6663595212995,447.5648294786035,13522994
2019-11-04,451.2574157714844,452.9837873758952,444.06415197066366,444.06415197066366,16254715
2019-11-05,449.1953430175781,454.61426244387053,447.8046336715146,452.79197484071,14952189
2019-11-06,461.040283203125,464.10939164266233,445.74259658302174,448.0444352300413,24922680
2019-11-07,458.9781494140625,463.2461640828599,456.1967600798801,463.2461640828599,18312032
2019-11-08,469.432373046875,475.7144779327582,460.65656843556906,461.08817593986595,52207121
2019-11-11,476.4817810058594,478.5918167554531,464.78075615387814,468.04169654641504,24766065
2019-11-13,465.8836975097656,477.1531436152515,463.5338864012617,476.4817606501178,24272664
2019-11-14,478.2561340332031,479.40706796672794,463.9655222508429,469.7201333795355,35396276
2019-11-15,479.40704345703125,488.85420209754193,475.7144956510086,477.48883984553527,42074833
2019-11-18,477.9684143066406,483.8189414639586,476.33792944871954,478.3520491939557,22910109
2019-11-19,473.3167724609375,481.46913834932246,469.81605649217136,477.58478748676083,27939336
2019-11-20,474.7554016113281,477.6327070756392,472.35764705773556,474.9472336834014,22606112
2019-11-21,477.87249755859375,483.19550112717513,471.1587845974093,477.7286381347472,25745594
2019-11-22,476.4817810058594,481.2293468077126,472.0219633168409,480.60593646743524,18462401
2019-11-25,477.44085693359375,479.5508925686814,471.4464707764852,471.87807828758247,25692878
2019-11-26,489.8133239746094,496.38314819762667,480.51002436984226,481.2772941380957,286857658
2019-11-27,484.8259582519531,494.75263843263855,483.6750243880798,492.8824367601384,29866539
2019-11-28,497.9177551269531,498.73296829416887,487.2237459489188,488.7103421273939,35706498
2019-11-29,491.6355895996094,495.3761102659804,489.42966703128394,494.8965593363909,13324549
2019-12-02,490.0050964355469,492.9783178249598,486.504380771811,492.4508235506368,10130049
2019-12-03,488.5185546875,490.3408424289416,484.01076408599,488.90218959051924,12795657
2019-12-04,507.6046447753906,509.61873520777004,488.4705515120655,489.14193450250207,30992538
2019-12-05,506.5016174316406,515.5171974159741,504.5354705260254,510.76963198314877,32354118
2019-12-06,503.3366394042969,511.6808372109306,500.31550369876265,508.3719241191186,24868376
2019-12-09,504.9670715332031,507.6525447262594,500.8429457146961,502.6172605371819,12980877
2019-12-10,507.0771789550781,508.5637751709406,503.2407714101771,504.5355355410078,12021443
2019-12-11,511.7287902832031,513.3113317819644,505.6385168331725,508.89942806304964,13768156
2019-12-12,513.4552001953125,515.1336285904167,508.1321961357693,512.9756492252827,12385216
2019-12-13,515.0856323242188,520.6004679134265,513.7908682536292,515.9009040129383,17884861
2019-12-16,517.1956176757812,519.2577098498175,514.7499199258505,517.4353931128122,13070575
2019-12-17,519.0180053710938,520.792320432131,516.7161374453233,518.8261732874574,11516163
2019-12-18,519.2577514648438,520.6964042023279,514.0306348108654,519.881132527729,12906168
2019-12-19,518.10693359375,519.0660356335242,511.8727703352185,515.2296274744277,12082790
2019-12-20,523.7655029296875,527.0264726729912,517.1956785967435,518.8261634683953,27691592
2019-12-23,519.1618041992188,526.4030112427683,515.6131157523678,524.6286962888076,11521942
2019-12-24,518.9700317382812,521.7035073665191,517.2436599693046,519.8332468922378,6715007
2019-12-26,516.7161254882812,520.2168706821041,515.6611368610936,518.9699914367874,7831074
2019-12-27,526.9306030273438,527.9855916932645,516.3324802866407,518.8741237167231,11247684
2019-12-30,521.7034301757812,529.6160199402099,520.4086076364273,527.1223201638213,13180302
2019-12-31,516.8600463867188,521.5596106557468,515.9968312460119,521.5596106557468,12491978
2020-01-01,514.7978515625,520.312686488414,513.7908064577265,517.8190454157441,7642793
2020-01-02,518.490478515625,519.7373578523427,513.9347443606616,514.0786330653401,10264223
2020-01-03,516.8119506835938,518.6822107898075,514.3183095679252,515.9967376177972,9594690
2020-01-06,504.1998291015625,515.2774432086867,502.3775122618934,515.2774432086867,12534334
2020-01-07,501.5144348144531,513.6949827906577,500.3155573727843,509.5708560991047,16101835
2020-01-08,504.4396057128906,505.78231311564275,493.9374292473221,494.89653105168577,16094310
2020-01-09,523.9573974609375,525.0124447572564,508.61176585431184,508.995430060053,18934019
2020-01-10,518.15478515625,524.149171842463,516.4763568841104,522.6146322663654,12335407
2020-01-13,516.5722045898438,523.7175246872326,515.9967669270576,517.3395328587959,7901800
2020-01-14,515.6131591796875,516.9079818709492,512.3043044484212,514.2704516400397,13939440
2020-01-15,513.6949462890625,514.9897689574212,508.9474387885477,513.2153953464705,12353176
2020-01-16,515.1815795898438,517.9149964332245,511.39311559333305,512.064498592792,11249232
2020-01-17,510.2901306152344,515.9967983644115,508.8994212166889,512.6399418694757,18312609
2020-01-20,512.9756469726562,521.7514531012389,509.2831279352166,511.2013318069123,19159996
2020-01-21,509.3309631347656,518.1547107780583,508.51575007803285,511.15327984136405,13477994
2020-01-22,501.4664001464844,513.0715681475359,499.45230959154947,509.76265491677106,17527408
2020-01-23,506.1180419921875,508.56373992477535,495.9035841962313,500.0757122355206,17061293
2020-01-24,512.0165405273438,515.4213992007654,505.44671574022266,507.60469507687446,17851868
2020-01-27,515.2775268554688,522.7105670288142,509.76269059782527,516.4764043027825,38149166
2020-01-28,506.5976257324219,518.4904539447406,503.000993675261,516.0926992399667,24009224
2020-01-29,505.06304931640625,512.9276967940419,503.8162285240955,509.8106155437971,16400827
2020-01-30,510.4339599609375,512.1123880132543,502.71320262806506,506.0700587326987,14319317
2020-01-31,504.1520080566406,510.9616090887979,501.0349264432411,508.3240784928445,16292578
2020-02-03,494.4649963378906,497.9177984653542,481.4691766830189,483.3873805741863,22531888
2020-02-04,509.0912170410156,512.7837940458395,495.5199618727453,498.7329294449446,17781475
2020-02-05,517.0517578125,518.2986369856877,504.1998287947771,507.41279641447574,18782476
2020-02-06,519.449462890625,524.6286355418911,514.318292156013,518.2505857527321,15296851
2020-02-07,514.5101928710938,519.5934209063695,513.2633721890722,518.8261511435047,8297149
2020-02-10,512.1124267578125,520.0729601289951,508.8035137822626,516.6202170042914,12536053
2020-02-11,517.6752319335938,522.5186846468627,515.5172527360938,515.7090848169913,11243552
2020-02-12,526.8345947265625,528.1773606307698,520.5045464099893,523.477738504971,14026335
2020-02-13,518.8740844726562,526.5468990304774,515.9967790134733,526.5468990304774,9227235
2020-02-14,523.477783203125,526.2112586260373,514.606091002821,519.1138814502214,14458649
2020-02-17,519.449462890625,523.0460943043034,515.7569447214843,520.792228700634,7793293
2020-02-18,519.0659790039062,522.1351169041318,514.0786372334068,518.8741469090916,15918303
2020-02-19,522.5186767578125,524.1491616124262,518.3945505059768,521.2718560592015,8704234
2020-02-20,524.6287231445312,526.8825891245517,519.641381710325,523.1900703388333,13588526
2020-02-24,508.1800537109375,519.6892750481426,505.97413132909196,517.4354092851773,16940750
2020-02-25,509.235107421875,516.7640330624404,503.816158889467,510.6737601077609,14942960
2020-02-26,502.2817077636719,507.7005987100356,500.8430548248065,505.30284381192655,15743918
2020-02-27,494.2731018066406,501.8979730186792,491.6835737118118,501.41842210646206,26315054
2020-02-28,476.91339111328125,486.12077465382595,472.06993851715174,481.08548998143834,32737933
2020-03-02,485.40142822265625,499.26043171062923,478.0643052855571,487.46349124466315,28642076
2020-03-03,493.6976318359375,498.2533652040205,487.703245825302,488.9980390574919,19661945
2020-03-04,487.5594177246094,496.3351935538423,476.7215495597258,496.3351935538423,21883404
2020-03-05,483.8668518066406,490.2448728397928,479.5508937627757,488.9021361911498,16671516
2020-03-06,466.4591979980469,476.48179492779605,457.7793085562303,465.1644046261222,31024353
2020-03-09,439.02886962890625,455.5733764581769,424.83417402810085,455.5733764581769,42027175
2020-03-11,446.6058044433594,452.45633202561817,431.2122302920873,431.5958652072669,31018779
2020-03-12,408.24169921875,427.71148446038876,398.9863721607414,420.0866129961652,50757033
2020-03-13,428.91033935546875,445.74256434315896,379.0370454429475,384.5998242100199,67104335
2020-03-16,386.4221496582031,406.85103768999426,381.19506186485506,406.85103768999426,34833637
2020-03-17,352.2301330566406,391.74513858861565,349.11305223313053,390.3544292826487,47232699
2020-03-18,340.5291442871094,360.1427913704658,328.30059411407757,354.0045445884849,61202289
2020-03-19,324.7038879394531,354.48401503900334,309.78986733439064,322.3541061978204,57985870
2020-03-20,331.5615234375,345.0848361960348,309.7898995912569,314.5854088728553,88640642
2020-03-23,272.3849182128906,300.8702541140669,268.5485109141175,298.42452689942013,56867949
2020-03-24,284.3736877441406,292.5260531600772,257.32700489171816,283.2227538599873,67895418
2020-03-25,303.93939208984375,320.4839001823949,270.08310607780146,272.384944828089,66544138
2020-03-26,316.7433776855469,349.4966991532631,301.3977484865499,308.8307876298141,76173940
2020-03-27,325.9507751464844,344.8450643526848,312.6672084430917,341.2484323537228,72889985
2020-03-30,300.5824890136719,320.24407530845514,298.3765666493595,316.59950028842695,36559880
2020-03-31,310.50921630859375,321.15525243592424,303.07617715371623,311.42037475149374,46279768
2020-04-01,298.4245300292969,310.50921900106937,295.4992811410883,305.9534852859958,33141186
2020-04-03,274.926513671875,296.84199474350277,269.9871454613765,296.84199474350277,57326314
2020-04-07,312.76312255859375,316.11997907029706,284.7093931393589,295.6910918802516,57661076
2020-04-08,305.9055480957031,338.3231790589047,302.2130001032507,309.6460394730778,73931321
2020-04-09,328.6842041015625,330.8901265709161,309.4541951261247,318.80543783356364,52431174
2020-04-13,317.1270446777344,331.6574329431638,315.7843078407334,327.1016988133431,30994190
2020-04-15,313.96197509765625,337.5079122059221,311.708080049559,328.68419334773586,49132329
2020-04-16,328.0128173828125,333.5755961452616,306.2891673486331,311.9958055279713,56494027
2020-04-17,360.1907043457031,369.73377989247865,334.774504171512,347.19488539838466,69006835
2020-04-20,346.5234680175781,363.4036655215302,342.39934199267884,360.6222761603564,55810736
2020-04-21,318.2779541015625,332.0410714737743,314.5854061329985,327.0537301565625,50118175
2020-04-22,322.2102966308594,324.1764438279461,309.8378586431539,312.6672209701492,49115085
2020-04-23,338.5150146484375,340.28932968148405,324.1764300720784,326.3344092663452,45953398
2020-04-24,321.1552734375,329.21172345251,317.9422762549368,324.08052249163654,38513206
2020-04-27,333.6715087890625,338.4670177663973,324.1764068678324,325.4232274941538,38980019
2020-04-28,345.1328430175781,348.01014887138126,335.9254584315144,339.28231526095135,32933194
2020-04-29,355.29931640625,361.1018712888954,337.268182828019,338.56297626820736,39341745
2020-04-30,364.6025695800781,376.8790910627228,358.8479583671258,366.37691389129833,45734705
2020-05-04,324.224365234375,344.317560485833,322.25821817058466,344.317560485833,38837299
2020-05-05,317.31884765625,333.7674382566729,316.07199771027877,333.7674382566729,45069968
2020-05-06,327.4373474121094,331.41761401297316,311.9478592553228,317.9422454823659,49952812
2020-05-07,322.9775390625,328.8760094231115,320.0522902086211,323.21731451837417,27656346
2020-05-08,323.88873291015625,338.08342974188656,320.05232519677315,329.93106335094745,42968091
2020-05-11,307.05645751953125,329.49943540119364,305.1862264365813,327.05373734292596,83665601
2020-05-12,308.06353759765625,311.1326460722389,295.4033809902859,305.28211871171976,69072308
2020-05-13,324.224365234375,334.1510751301298,318.7095296555629,329.45148196903517,72816461
2020-05-14,314.0099792480469,320.81960909162854,312.3315507998844,316.503650224925,33999095
2020-05-15,309.502197265625,317.03112382411064,305.76167641070936,315.8322464397063,31828868
2020-05-18,286.29193115234375,307.39217398434226,281.2566459310714,306.9126230108878,74034133
2020-05-19,288.01824951171875,298.7602010318865,284.94914141271596,294.4921864522171,61827491
2020-05-20,293.14947509765625,295.64314576579454,285.3328008607425,286.7714536381916,42238419
2020-05-21,291.95062255859375,300.0070729421012,289.6487837732299,293.4851915053257,43075357
2020-05-22,279.1466064453125,295.1156770769981,273.8715458033539,288.6896824053703,80358245
2020-05-26,280.7291564941406,285.71646914390107,278.1395694842582,283.9421246570904,46681705
2020-05-27,305.80963134765625,308.78285294258956,282.7911869008935,283.990064215829,80541990
2020-05-28,313.48248291015625,316.2638727529525,307.63195507356943,309.07060802013325,66136408
2020-05-29,318.3739013671875,320.6277675154012,306.91262145205013,309.69401123006566,60487477
2020-06-01,325.37530517578125,333.7674464293939,322.4500562180226,325.1355297113923,44024770
2020-06-02,334.15106201171875,335.68563074903574,318.9013492115839,323.21730732121443,47558213
2020-06-03,342.2555236816406,357.7450137305581,339.3302452838255,343.26256898301466,69689299
2020-06-04,333.62359619140625,348.15398387959516,331.3697009101932,342.3993725758002,57061575
2020-06-05,342.5911865234375,345.2766599485849,332.8083361171082,335.68564161667973,37251097
2020-06-08,345.0848083496094,358.4642898734055,338.7067873736475,351.5587453573565,46827341
2020-06-09,334.29498291015625,354.2443216253403,331.12995808878264,345.32465566329455,47621969
2020-06-10,338.5629577636719,342.25550579147483,331.177861708066,334.29494276396383,36292403
2020-06-11,327.2935485839844,339.7139308534208,326.1905871679249,338.0355023991439,36999490
2020-06-12,330.12286376953125,331.9930947886784,310.8449110055828,310.94082704310796,47509067
2020-06-15,317.5586242675781,328.2526039023972,312.18764812339015,327.245558680753,43500660
2020-06-16,328.9239807128906,333.6715171578462,312.71513654739533,328.25259773143927,57511237
2020-06-17,327.9648742675781,336.6447339040419,322.3541228486179,324.75187736360397,37107002
2020-06-18,337.6038818359375,340.1934687737164,323.4091848756229,326.09465859153056,39285919
2020-06-19,348.9212646484375,350.5038062223067,334.9184001178849,336.6447718555108,51367236
2020-06-22,352.5178527832031,359.9029483070154,350.2160143308019,351.99035850412963,40133602
2020-06-23,360.7661437988281,362.82820685827653,349.3048946096097,353.9085716385859,32493320
2020-06-24,333.86334228515625,364.45868383763315,330.890120852588,364.45868383763315,57955780
2020-06-25,336.6447448730469,341.05661917826757,324.6559719074825,331.75331964920355,69902888
2020-06-26,334.8224792480469,343.8380312569579,331.9451735471518,341.0566415999861,34596104
2020-06-29,329.0678405761719,331.46559512821415,324.65596634652115,331.1299036370353,27384244
2020-06-30,337.07635498046875,339.9536605141665,332.13695706538203,332.80834006436436,47526095
2020-07-01,349.1610412597656,350.7915262268436,337.2202399519337,339.7618541786995,36922617
2020-07-02,348.0101013183594,355.7308592632921,346.5714485880391,351.03126619813895,50964311
2020-07-03,346.23577880859375,352.1342495188912,345.08484484437963,349.7364948180006,28779044
2020-07-06,347.0509948730469,352.8056057176369,345.75620157912124,352.8056057176369,33334074
2020-07-07,360.67022705078125,362.54048730418396,347.2907742476628,348.1539600302084,46030825
2020-07-08,353.8606262207031,363.49958775008986,352.5178602646298,362.4445699000885,46315597
2020-07-09,355.2033996582031,360.6223196177141,350.3599174314442,358.176621445115,35144463
2020-07-10,345.61236572265625,353.14132127814463,344.3175723404632,349.97626753617647,27864858
2020-07-13,339.13836669921875,351.99032361491754,338.083348976181,349.20893454106243,32379935
2020-07-14,331.4176025390625,338.0354281201755,326.6700663732858,337.1242697374243,34031256
2020-07-15,331.6574401855469,342.207561558672,329.69129291016094,335.20612908247637,30442553
2020-07-16,330.554443359375,334.3429073358175,327.05372749666157,333.71949699360255,35535437
2020-07-17,339.3302001953125,341.4402358323993,331.3217236973988,331.8492179719387,27511781
2020-07-20,348.1539611816406,351.3669581373476,340.72092206550366,343.3584520744555,36312529
2020-07-21,363.3077697753906,364.3627876663257,354.91562857164774,355.82678703869755,45559912
2020-07-22,365.51373291015625,373.57018286122906,359.95092443552346,371.07651211532243,45500191
2020-07-23,376.20770263671875,379.468643089938,363.35574363316886,366.9044029351117,37838027
2020-07-24,366.18505859375,372.80288448465046,356.9297320002625,372.41922034587145,52980980
2020-07-27,343.8380432128906,370.0215142937,342.0157553928526,369.2542444545687,73275058
2020-07-28,337.6997985839844,347.9142283806885,329.163797180571,346.3317160351937,125939354
2020-07-29,336.69268798828125,343.02276596293785,333.95927116988736,338.754780352284,50194622
2020-07-30,330.8421936035156,340.0975205668244,326.4782626409795,338.9465866434276,40820253
2020-07-31,332.6164855957031,338.5629283394794,328.0607521407101,332.2808233882744,37345191
2020-08-03,329.21173095703125,335.06225846813635,326.57420070173094,332.6165310333592,32119883
2020-08-04,336.6447448730469,338.7547806227723,330.122864087566,332.80833752406625,30811518
2020-08-05,337.7956237792969,345.276605183829,336.4049146339667,338.94652823490003,37057881
2020-08-06,344.0777893066406,348.87329856526975,334.3429113655166,338.99456120028003,48021824
2020-08-07,343.3105163574219,344.94097192859465,338.70680995004284,344.74916912170306,28510964
2020-08-10,348.68145751953125,350.02422349298587,342.73504375344413,344.7971068277281,22856010
2020-08-11,352.3260498046875,358.99178970988817,349.1609963234838,354.8676637043529,45446107
2020-08-12,351.84649658203125,353.6687841243044,348.87327518702574,350.7914787619372,25706005
2020-08-13,352.9974365234375,357.12159218427325,351.27106484087994,353.86065163418294,26257336
2020-08-14,346.6194152832031,356.5940690303773,339.71389927491333,356.5940690303773,28893259
2020-08-17,345.468505859375,351.36697651584336,339.85775405660115,351.0312850068889,24232497
2020-08-18,354.43609619140625,354.8677037551115,346.81125363186186,347.09897249468725,26517363
2020-08-19,359.13568115234375,360.47841782007566,355.25130129596516,358.70407363403586,35790233
2020-08-20,352.709716796875,354.53200451718715,347.7703479627903,351.99039038600444,68444775
2020-08-21,355.97064208984375,357.74498634787506,352.0383186916443,354.8676808276509,34109928
2020-08-24,364.7944030761719,365.6096455217279,358.560240904633,359.5193427771774,32907235
2020-08-25,370.5489807128906,373.8578643114649,365.80141516648206,366.8564329845133,53072303
2020-08-26,373.42633056640625,375.6322532283093,368.4869616359939,372.3233692354547,37163882
2020-08-27,376.1597900390625,381.19507519010585,371.74791529092136,374.00181068861536,36910405
2020-08-28,392.94403076171875,395.05403722229664,376.83110248462344,377.790204312922,83472297
2020-08-31,378.46160888671875,404.74099462709665,371.651979663507,397.8834220175214,72744175
2020-09-01,374.96087646484375,383.3050449202675,369.5419276473598,378.5575083687674,34872793
2020-09-02,376.3515930175781,377.88616196574895,365.513752872033,371.41222391176717,31295799
2020-09-03,367.09625244140625,376.4954393591603,365.4657675026582,376.35157992796894,26135555
2020-09-04,357.3133850097656,364.4107621649971,353.28517477326045,359.66319626649306,33118984
2020-09-07,358.12860107421875,361.43751394403415,353.9085590692907,358.79998403227114,22323904
2020-09-08,360.33453369140625,365.70547999398474,354.05239976296633,357.1694804029631,32052920
2020-09-09,352.56585693359375,357.16953424969876,347.09896450993585,355.6349653878416,25285238
2020-09-10,355.5390625,359.6631886891832,350.50377785835144,356.4981643365045,24852274
2020-09-11,355.34722900390625,358.3683939229209,350.16808496138606,357.744983585579,22678353
2020-09-14,348.82537841796875,358.56025700759557,344.65327923113796,358.22456548323584,27140598
2020-09-15,356.3542785644531,357.02566156329186,348.8253525017936,349.16101473174746,24967618
2020-09-16,359.3755187988281,361.29372273312777,350.0722180096871,356.16252135498235,22068622
2020-09-17,353.9085998535156,356.5461300692261,352.37403096502703,354.8677017501376,24084936
2020-09-18,354.43609619140625,359.327521745708,349.640586681202,354.8677037551115,78166508
2020-09-21,336.3570251464844,352.37400822474325,334.2469894022993,351.65468184869815,28932482
2020-09-22,339.90570068359375,341.5841289749047,335.2061073218164,339.5220657851874,28593292
2020-09-23,337.46002197265625,342.49530713571863,328.4444696298287,342.0157561678079,22740143
2020-09-24,321.9704895019531,332.7603848703904,320.10022926363825,330.8421812493349,25840472
2020-09-25,334.3908996582031,336.1652441760792,322.83373250059367,325.1835147912126,23231600
2020-09-28,348.1539611816406,349.0651196197917,334.8224517175589,337.1242902351148,18495592
2020-09-29,342.447265625,348.8732590107843,339.761792452427,348.8732590107843,17080848
2020-09-30,340.24139404296875,342.87892422934834,335.06224971269853,342.3514298998591,19565058
2020-10-01,354.10040283203125,356.01860646759053,343.5982262195582,343.5982262195582,23237122
2020-10-05,357.84088134765625,367.00029167408536,355.5869863020982,355.5869863020982,26530105
2020-10-06,365.0342102050781,366.1851149902739,359.75914944855816,361.67735336001994,18093629
2020-10-07,367.00030517578125,368.6307899758197,358.79999633135566,363.78730822833177,21845743
2020-10-08,371.65191650390625,373.7619519957131,367.00026730796503,369.25416220388104,21085500
2020-10-09,385.07940673828125,386.99761050783684,371.07651336663224,374.7211180904678,41641237
2020-10-12,387.52508544921875,393.2317530859349,384.3121177115278,386.94964776271394,25742564
2020-10-13,380.0440979003906,384.59983156607353,377.4065678834163,384.59983156607353,19922778
2020-10-14,390.16259765625,392.5124087567147,373.09059744987667,378.2217978959464,23368177
2020-10-15,375.00885009765625,393.13587050168013,373.2345056947073,390.25856474645514,34234586
2020-10-16,379.9002990722656,384.8876117926731,374.5293221453526,377.88617906598955,25339096
2020-10-19,400.0413818359375,401.623894012182,384.74369583682176,385.606881635731,41072871
2020-10-20,397.6436462402344,399.8495688616532,394.19087361019336,396.5886283158515,26158669
2020-10-21,403.1105041503906,410.97515119017106,393.51948545283705,398.9863778182291,43124966
2020-10-22,396.0131530761719,402.4870906464744,390.97786829926986,399.37000959410653,33088074
2020-10-23,399.8975524902344,403.30235255790654,394.9102108578312,399.9454958778764,22151463
2020-10-26,387.90875244140625,402.00753198390356,385.0314469099417,400.9525141018068,21712057
2020-10-27,393.1838073730469,395.53358929759764,377.166795085654,389.7310349271428,33571163
2020-10-28,379.85223388671875,393.13579889093035,378.6533567070871,393.13579889093035,28145103
2020-10-29,383.5448303222656,386.42213591998626,373.71403619672014,376.2077069019713,32615425
2020-10-30,376.5434265136719,386.2303619362455,372.1794951363974,383.0653079808374,27225165
2020-11-02,400.3770751953125,405.5082466286042,390.3544492500257,399.94546765911724,72698777
2020-11-03,425.6973876953125,428.622636806758,406.8510410580854,407.61831087665445,61813071
2020-11-04,419.1754455566406,423.92301135082164,407.90599898792533,419.4152210155495,43426662
2020-11-05,420.5661315917969,427.99917040556295,417.7847422766675,426.80029317753616,30129938
2020-11-06,424.6903076171875,426.70442745161944,418.3602585224973,421.86097458715886,27831424
2020-11-09,443.7764587402344,445.59874648772774,430.6367510645536,431.59585296002035,40995422
2020-11-10,464.0614318847656,467.1305402160259,453.6551710501244,465.9316629140964,57535138
2020-11-11,466.6509704589844,470.48737767030303,452.79196696977436,464.9245989216767,45609279
2020-11-12,457.203857421875,463.7736815899854,452.07265673985023,461.90345056944835,31071572
2020-11-13,465.69189453125,467.17851996991544,448.4280611210911,453.36745909568145,34815091
2020-11-14,466.9866638183594,469.81602585584966,464.8286847533305,469.81602585584966,3636073
2020-11-17,466.5071105957031,472.8371883422097,458.59452072993594,470.43943383743175,36127378
2020-11-18,477.29705810546875,478.59185153365166,466.36330222091806,468.04173055795997,29156543
2020-11-19,459.1700134277344,473.172906375194,456.3406512455631,469.9599093046263,31896908
2020-11-20,460.5606994628906,463.67778033586876,448.95556174344847,459.8893164901558,30089190
2020-11-23,449.0994567871094,463.58190107663614,447.4210284915889,462.0952755960666,29513544
2020-11-24,458.64251708984375,460.36888871473775,451.9288041294205,454.6142776058035,23135994
2020-11-25,453.36749267578125,469.91200091927163,451.83292373843346,465.16443467204806,34168305
2020-11-26,455.8611145019531,457.6834315001028,446.74964658907174,455.6693116865199,28707911
2020-11-27,453.9908447265625,459.9372583490195,452.0246684669037,456.9160935206499,48390771
2020-12-01,465.26031494140625,468.5212553890953,454.90199736293613,460.08117078690407,20120049
2020-12-02,460.80047607421875,467.08258121855107,452.88788614597837,466.45917089627955,21244707
2020-12-03,462.1431884765625,465.1643531638371,459.26588319926043,462.38296391633764,22701738
2020-12-04,481.5170593261719,483.38731959190267,463.2461812755734,463.9175642605703,39547014
2020-12-07,489.5735778808594,494.5129175557969,483.5312183329113,484.3464608039996,37778332
2020-12-08,487.60736083984375,491.0601332556908,484.7300553715487,490.5805823443083,19339943
2020-12-09,490.5805969238281,493.9374534032678,485.3534801266286,489.14194414692537,21272782
2020-12-10,486.2167053222656,493.3620259706338,478.3520582704832,487.31966662027423,20419020
2020-12-11,494.3690185546875,495.75972782756736,485.4014111603573,488.4225758789116,25335765
2020-12-14,504.2957458496094,506.21394956797144,496.9106498261289,496.9106498261289,26369591
2020-12-15,496.8626708984375,502.8091137077742,492.11510532731677,502.569338260131,26969145
2020-12-16,491.4917297363281,500.3634213974932,490.1969364508058,498.78088000993023,24263586
2020-12-17,489.52557373046875,495.37610081372037,488.2787530451129,492.97834621152424,23883288
2020-12-18,495.9995422363281,497.054530849573,488.3266982118283,492.97834801096093,21735833
2020-12-21,474.27587890625,493.6497485592464,468.2335487796395,493.553803248039,29157759
2020-12-22,479.8386535644531,481.27730636858735,469.0967301885972,476.9613479561846,32328041
2020-12-23,483.0036926269531,484.82598026962245,476.2420070911872,478.59181830769853,19205951
2020-12-24,492.54669189453125,494.8485595095864,484.4422996705218,486.02481170377524,17576807
2020-12-28,498.8288879394531,499.8839351806584,492.59472542492193,494.80070668428937,14470472
2020-12-29,507.1730651855469,509.0912689559453,496.67088783482905,501.17867840305195,19092649
2020-12-30,507.1250915527344,511.20127432171614,503.09685216736636,509.9065102694939,21365141
2020-12-31,513.1674194335938,516.4763324355349,504.96711054282105,508.41985369506335,27817770
2021-01-01,505.92620849609375,515.0376757581087,504.58344253664615,513.6469664155943,13592625
2021-01-04,509.9544982910156,513.11952289266,502.8571207270198,510.52993602261097,16549750
2021-01-05,515.2775268554688,517.8671138494541,501.6103239560915,505.1110695178229,23311516
2021-01-06,524.3410034179688,528.0814655831948,513.9347130173905,516.716131852681,28178838
2021-01-07,518.9700317382812,531.7261342588523,517.6752675462828,529.5681549128975,21138034
2021-01-08,519.8811645507812,524.7246173575334,514.4142721038121,524.6287305847001,21937965
2021-01-11,522.4227905273438,523.6696112272414,513.1194908545314,522.8543980685591,19394393
2021-01-12,525.5878295898438,528.129472984273,515.1335956952024,518.8741164381487,16388310
2021-01-13,533.7401733398438,538.056131614829,525.8275831690374,528.9446641454157,21920297
2021-01-14,530.6710815429688,535.6104798550574,528.0814946467178,531.3904079842088,13330898
2021-01-15,520.7922973632812,528.4651120573996,519.3536446081341,527.5060102206348,15708956
2021-01-18,511.3451232910156,525.9714250318025,507.2689408386652,522.2309047776049,21580313
2021-01-19,524.1011962890625,525.3480169354823,512.0644802697094,516.9558760898676,20575358
2021-01-20,528.4651489257812,531.917892363443,523.6696394073984,524.1012469718398,16097138
2021-01-21,530.0956420898438,538.0561763060138,527.2183363341966,532.3015647947194,18189277
2021-01-22,511.9685974121094,530.8629170997804,508.8994595350009,530.4792529130408,24515997
2021-01-25,516.0447387695312,520.1209216327012,509.47491451152393,514.6060859942947,23415249
2021-01-27,500.98681640625,517.1477173303118,497.8697354654614,515.8049513556309,28049286
2021-01-28,506.6455383300781,508.1800778323068,491.0601336961666,493.55377502202055,29836591
2021-01-29,515.0377807617188,522.6626534696106,507.79657227444,511.53703500018275,33172808
2021-02-01,579.1055908203125,584.5245388040888,528.4650331119267,529.4241348054148,69354326
2021-02-02,592.1015014648438,598.479552159034,574.21428715268,587.9294318485382,42362384
2021-02-03,596.8970947265625,601.8364933464959,588.8886165972087,597.9041986382141,27155908
2021-02-04,602.603759765625,605.8167865083357,584.0931033380684,593.4922909943415,29982222
2021-02-05,589.0324096679688,609.3173781581226,586.0112155014483,602.6036653782369,32015570
2021-02-08,603.8504638671875,608.0225917791083,596.8969758862472,596.8969758862472,18230551
2021-02-09,607.4472045898438,616.8943940447033,602.8914702675485,605.5290006646668,27155615
2021-02-10,606.2962646484375,612.0988191978034,600.7814289494911,607.4471400501155,23967387
2021-02-11,604.857666015625,607.6869699268365,598.5755014344866,601.1171450084538,16072702
2021-02-12,621.1143188476562,623.3202998776966,603.6587124527489,604.1382633655525,19049709
2021-02-15,646.3866577148438,649.120074378092,625.3343618912412,628.2116672373666,27155194
2021-02-16,631.4246826171875,651.6138234894805,622.9845980037339,645.8592123613623,24966739
2021-02-17,630.465576171875,637.754785337775,622.7927613902524,628.019878168019,21684753
2021-02-18,618.2849731445312,625.718011786274,611.5232589038053,623.416144146164,27845347
2021-02-19,598.5274658203125,609.5091931241188,593.6840134442637,609.5091931241188,24055811
2021-02-22,584.908203125,603.5627446453855,582.4625052686657,596.5613132872595,27092321
2021-02-23,591.0945434570312,597.5684818755977,584.1410540444969,589.6079470835188,23534585
2021-02-24,614.8800659179688,618.6205858994408,589.9434221452781,589.9434221452781,17762047
2021-02-25,602.3159790039062,621.8816807183324,600.6854941045485,616.4147883093957,38571809
2021-02-26,573.3031616210938,589.8476694219534,566.7333370113986,589.8476694219534,57349273
2021-03-01,583.4696044921875,586.826461067641,575.652959304134,582.7023346970133,21527318
2021-03-02,585.5316772460938,591.2862883246794,574.5020060121378,585.0521263228783,24051433
2021-03-03,606.248291015625,607.8308325751816,588.7446812412707,592.7249775644374,21036174
2021-03-04,595.3624267578125,605.0973331884325,590.6148612643628,593.4442232080492,25057198
2021-03-05,584.5245971679688,589.5598815615465,576.8997262356227,588.1212288776671,26645968
2021-03-08,583.1818237304688,590.8066945645334,576.5640565932805,586.5866233306446,19632433
2021-03-09,599.5346069335938,602.6516882783942,587.2581136526285,589.703811923069,23056249
2021-03-10,600.0140380859375,604.7136601289973,596.3694631030166,603.035232047751,15838994
2021-03-12,587.7855834960938,611.9070200043144,583.4696248910477,605.6249141869787,21757862
2021-03-15,578.8179931640625,587.7855724594814,566.4455553130019,586.874472491116,24347946
2021-03-16,570.61767578125,582.1748417389566,569.3708550437967,582.0309530412403,17925629
2021-03-17,565.3905639648438,578.9618791193528,562.9928092406502,573.1113224689603,20214082
2021-03-18,554.936279296875,576.8038472165829,551.9630871258432,570.4257968168466,22776537
2021-03-19,562.6571655273438,564.8151448501964,546.6880951226602,551.67543682104,29162618
2021-03-22,549.9968872070312,562.8488149953349,546.2084237454372,562.8488149953349,21755401
2021-03-23,562.4173583984375,565.1507753046606,550.8121906807863,552.4426755629775,29486417
2021-03-24,544.2903442382812,556.8066126931541,541.8925894178483,556.2791183404461,24434219
2021-03-25,548.1746215820312,555.3199416932971,534.3155888768913,544.8657086672648,27170186
2021-03-26,554.8883666992188,560.5950344462785,550.8121838140233,560.5950344462785,20724410
2021-03-30,567.2608032226562,568.8432861583041,558.197278995104,558.197278995104,28011943
2021-03-31,558.293212890625,565.534479330281,555.3200203080047,562.0337338523157,20119972
2021-04-01,570.0901489257812,571.7205751992258,556.4708912855509,563.5202662927583,15631940
2021-04-05,547.8869018554688,567.788264154814,540.453862924388,567.788264154814,23260127
2021-04-06,542.7556762695312,554.8403342923083,541.3170237173472,551.1957595345598,23284697
2021-04-07,554.0252075195312,556.2790734532954,536.5215987427681,543.3791418524974,23984399
2021-04-08,553.1140747070312,561.8898219253443,549.8531048475571,558.1973030441482,19262565
2021-04-09,543.04345703125,555.3199485028008,541.8925231504014,550.4764960656139,23239564
2021-04-12,516.5243530273438,529.376342810853,509.4270335893105,528.8488484363747,26601702
2021-04-13,537.6724853515625,540.7416230458899,515.8529177909982,518.8741120995725,25445897
2021-04-15,551.6754150390625,553.1620112505448,531.486332101294,542.803722617619,37614884
2021-04-16,543.7628173828125,554.1211058801416,541.0293419275475,551.0999115714098,24045008
2021-04-19,536.8572387695312,539.3029366800793,512.5440312734322,527.5059961111964,28526176
2021-04-20,536.2338256835938,549.2297026977005,529.9996636032064,542.0843821439317,24425842
2021-04-22,555.5117797851562,556.8544871951352,524.5328030452572,529.4241988582675,34942633
2021-04-23,546.64013671875,556.7586500023934,543.8587178079017,546.5921933317907,33749097
2021-04-26,566.9251098632812,580.7362006434557,563.9519173878646,577.3793439923375,62584522
2021-04-27,574.2622680664062,577.3314058832747,566.9251150463095,568.9872075664226,24239685
2021-04-28,595.9378662109375,597.3285754965107,573.5428631152361,573.5428631152361,33292864
2021-04-29,596.0338134765625,602.7475259431832,584.0929845960017,597.0888020200321,34537860
2021-04-30,575.940673828125,591.1424150756256,573.6388059209825,585.1480283788301,23653258
2021-05-03,572.3440551757812,574.3581457373658,563.4723626573465,568.3158155136781,18010557
2021-05-04,567.3566284179688,583.1338639108415,564.9109306636277,572.248082465576,15115127
2021-05-05,578.1465454101562,580.064748983872,560.7868264835993,570.953282008722,17253943
2021-05-06,583.3257446289062,585.8673293546784,574.7417715438693,578.1465713320879,16949763
2021-05-07,582.2706909179688,589.655786632291,579.009779856622,586.970313246791,10941083
2021-05-10,588.169189453125,591.7658212679627,586.0112103642224,586.0112103642224,12060808
2021-05-11,584.908203125,587.8335104151873,578.5781547275551,581.5993487811564,13818480
2021-05-12,570.42578125,581.8391157994505,568.9391852050531,578.530202964616,14785569
2021-05-14,572.8714599609375,577.3313064859325,566.9250174405859,567.788232425722,12675754
2021-05-17,598.0958862304688,598.959101305248,576.6120400580105,578.578187129529,20453101
2021-05-18,607.3033447265625,609.5092674248765,600.3977992257635,602.3160030571557,19242627
2021-05-19,599.8702392578125,608.070548032164,597.856090331825,601.4527221222361,13911576
2021-05-20,593.3004150390625,607.0156191122103,591.4302131553919,602.36393974943,13900762
2021-05-21,616.1751098632812,617.6137629059044,596.8491805751335,596.8491805751335,23975898
2021-05-24,620.8745727539062,626.725129290155,611.9069936759524,616.942278498521,20323003
2021-05-25,623.7039794921875,625.3344644969762,616.2229960725571,623.5121473965177,14884778
2021-05-26,625.8139038085938,629.7941995625638,616.9901558325494,622.7927098229128,14487031
2021-05-27,625.5741577148438,629.6503404213031,621.5938617741413,624.4711672139949,23349546
2021-05-28,616.75048828125,633.0072778054033,613.1059126319759,631.1370173222818,14191446
2021-05-31,635.6447143554688,637.8026933932655,617.4217802585183,617.4217802585183,21786138
2021-06-01,623.5121459960938,637.706901498667,621.8337176058916,637.3711806972645,14123196
2021-06-02,621.8336181640625,622.7927199479441,614.8801302309209,621.9775068472156,16025108
2021-06-03,623.656005859375,626.9169757108145,618.3809454484152,626.7251436244474,11805702
2021-06-04,616.414794921875,628.1158496593986,613.2497704003066,626.2935326572268,15111572
2021-06-07,621.6898803710938,623.4162521307455,617.9014160542043,618.8125745920288,7556341
2021-06-08,616.1270751953125,621.4980223431988,611.3315657636521,621.4980223431988,11912935
2021-06-09,610.0846557617188,619.1961232230994,603.0832240518123,618.0452478485959,15823094
2021-06-10,614.2088623046875,616.1270660488759,605.1932812914291,609.4612963300348,10712418
2021-06-11,609.701171875,618.1892014206938,605.6729316432186,617.6617070122451,9015059
2021-06-14,609.173583984375,610.0846839414522,597.8561349416061,609.7010783118758,10170497
2021-06-15,618.9083862304688,619.7716012749639,609.9887511060434,610.3244133239423,11039987
2021-06-16,613.9210815429688,622.6489436544905,611.5233268758913,618.5248173349036,8601339
2021-06-17,607.111572265625,611.4754747028741,601.0692413110539,607.1595156583317,9720060
2021-06-18,604.6178588867188,610.5642438130606,595.3145587841507,606.7278362275837,13820690
2021-06-21,605.4330444335938,607.2073594452721,591.0465166450728,597.3765654564494,13407446
2021-06-22,605.0494995117188,617.7576015625814,603.8026785654604,609.0297963998303,15270093
2021-06-23,599.1510009765625,609.029739371974,597.9521235368538,607.8308619322653,10950633
2021-06-24,608.1184692382812,610.2764482338315,598.9111156061708,601.3568134266758,12815724
2021-06-25,622.4570922851562,623.4161941222675,610.0846551708498,610.0846551708498,14785922
2021-06-28,623.7039794921875,626.2935664363887,619.7237415669875,624.3753625575637,12093491
2021-06-29,613.9210815429688,622.2173361066301,610.4203948523949,619.8675248251076,12225470
2021-06-30,605.0973510742188,614.5924238028518,604.0423039673072,612.1946692947736,14276494
2021-07-01,605.0494995117188,611.3316647151863,604.2822295862477,608.0227509639656,10517081
2021-07-02,614.0650024414062,615.1199911346732,606.3921871043797,606.3921871043797,10999396
2021-07-05,621.3540649414062,621.9775045141616,614.976073225874,616.4626692775288,7358568
2021-07-06,623.7039794921875,628.2117703152138,618.8125830167583,618.8125830167583,9209891
2021-07-07,627.2526245117188,627.9719509159753,619.483922761321,624.2794321230314,7741559
2021-07-08,615.6474609375,627.2525691530482,612.002827313114,623.8957128961129,10782941
2021-07-09,612.4344482421875,614.9281480681834,607.8787146508283,613.3456066682451,7069698
2021-07-12,619.819580078125,623.6559875370225,616.1270613145091,619.5798046119439,6992783
2021-07-13,637.7547607421875,639.09746815383,626.2934823963672,628.3555747049742,19825411
2021-07-14,637.1792602539062,640.680005255078,631.2808192809779,634.9253944294336,11648541
2021-07-15,640.1525268554688,642.2145606624689,634.0621951238438,637.8986024361379,8244429
2021-07-16,633.2949829101562,640.4403038863118,630.8013413461656,640.1525850195336,9212875
2021-07-19,629.0748901367188,630.0339919307744,619.1481514448853,619.2440967476476,9121737
2021-07-20,615.6474609375,624.6150392368847,612.9619291008098,622.1213980044466,13169127
2021-07-22,629.1228637695312,633.2949333587133,621.7857112766325,625.8139507131468,13123569
2021-07-23,648.976318359375,650.127193798135,624.1355559516423,629.1228974956928,19298083
2021-07-26,649.0722045898438,659.6223253884965,636.4599913104262,652.1892857349003,31054759
2021-07-27,649.7435913085938,657.5602366395053,645.7632950236668,652.3331781362008,12598869
2021-07-28,657.03271484375,658.9029751710174,642.646187001588,650.1751716956785,18367497
2021-07-29,661.313232421875,666.122783203125,657.0808042502404,666.122783203125,11043138
2021-07-30,656.503662109375,661.4575227508178,652.1750665350274,660.8322576837224,14536250
2021-08-02,655.4456176757812,661.8422851225671,651.8865382810734,657.99464441701,9348206
2021-08-03,664.1028442382812,665.5457095788537,650.8765786163672,656.9846850739874,10162609
2021-08-04,687.4291381835938,690.0743911961503,666.7961529435853,667.565669350625,28730606
2021-08-05,675.6937866210938,689.208612286743,672.4232686753058,688.2467021509624,17774554
2021-08-06,671.0765991210938,679.1085249046,669.2008626997581,678.1946985751973,14701949
2021-08-09,676.0784912109375,679.3970928024713,667.9022553499315,670.8361281271473,8602980
2021-08-10,674.202880859375,681.3209810941171,670.7399689224412,677.2809465228639,10843554
2021-08-11,667.1328125,680.214826544879,663.7180430063108,679.3490838742131,9748084
2021-08-12,674.6356811523438,676.1747726663036,666.8923159466341,667.0847097246713,8840339
2021-08-13,677.9542236328125,682.8600003465434,674.2989770116207,680.1185213478998,12787590
2021-08-16,675.8861694335938,680.4552425044824,672.0385289528454,675.645691903547,7920846
2021-08-17,674.4913940429688,676.1266530039627,665.1608540517307,673.144696378542,8669653
2021-08-18,662.0826416015625,674.1546003657625,657.5616528571506,674.1546003657625,11069373
2021-08-20,654.7722778320312,658.3313572757779,649.6260230912382,657.8022597032034,13121808
2021-08-23,656.696044921875,663.669893230874,648.1831052081379,663.669893230874,10917371
2021-08-24,667.99853515625,670.6918719138004,654.4837088913059,657.2251294157104,9821388
2021-08-25,664.7279663085938,673.7699447795968,660.976552125348,673.2889897271037,9535359
2021-08-26,672.1828002929688,674.8280532023797,663.7180027249211,665.6899067880511,10756731
2021-08-27,673.0966796875,673.7700285868118,662.8042285418502,669.5856838834503,9135827
2021-08-30,686.4672241210938,687.7657793812447,674.2028693139456,677.6657224812404,10797869
2021-08-31,691.6614990234375,692.4791578977184,682.3309585915356,686.803864385746,19760246
2021-09-01,692.4791259765625,706.8115516854041,689.8819568838502,699.8857870082829,13729351
2021-09-02,697.5291137695312,700.3186177584294,690.1704782179872,694.7876348319437,8627956
2021-09-03,696.7114868164062,703.9258127023493,693.633362696337,697.1443581116297,8993813
2021-09-06,693.6815185546875,700.2705795068472,692.5752984133653,697.7696366355998,5329995
2021-09-07,689.5933837890625,694.9319731764313,684.5433556936505,693.4410242427098,6242711
2021-09-08,693.4891357421875,695.2205622735098,687.7657585964158,689.2086238242405,7118011
2021-09-09,692.8158569335938,696.3268528270436,690.2667712892708,693.3448958285451,6243422
2021-09-13,680.4552612304688,690.5553177703846,678.3390471657525,690.5553177703846,6967906
2021-09-14,680.5033569335938,686.8038567626685,679.5895305361698,686.0824241400186,5241865
2021-09-15,687.1404418945312,688.727617010042,679.3970774956327,680.1665938172648,5936741
2021-09-16,699.5010375976562,701.6172515631584,685.6975924140474,692.5752731243462,13557169
2021-09-17,692.7196044921875,706.4268238622698,686.8038337009652,704.983958665419,17075003
2021-09-20,682.9561767578125,692.9600653662858,679.589491379429,682.9561767578125,7943459
2021-09-21,684.7356567382812,687.284741896347,667.950373061212,684.0623666606016,10009615
2021-09-22,676.5595092773438,687.7657864853312,675.5014315515018,687.7657864853312,9740470
2021-09-23,689.6896362304688,692.5753669259936,680.2148439309649,683.9181748394187,10412491
2021-09-24,695.4129638671875,697.0000804094428,689.2567153417624,695.0762600840396,11780868
2021-09-27,702.1943969726562,703.8777397051249,694.7876772077269,696.9038912420403,7712240
2021-09-28,689.8338623046875,707.3887218995771,679.6856636254017,706.1381917820847,13491800
2021-09-29,682.4752197265625,684.8319112266702,674.5875451208484,680.4070895159849,11453404
2021-09-30,674.1547241210938,686.7076989002342,672.1828200001511,682.5714381705277,18487517
2021-10-01,665.9784545898438,668.3832299132855,661.6980014823853,666.6037196580726,10935810
2021-10-04,673.5294799804688,676.5594616422298,667.6137092388853,670.4994396083729,8976533
2021-10-05,670.5475463867188,672.3751991675894,665.4975180667906,666.6037382305285,7497208
2021-10-06,663.237060546875,678.1466681443754,662.1308403700223,670.0665992525628,13200810
2021-10-07,675.4533081054688,678.0985609750206,667.0365944296218,670.9804024964559,10041549
2021-10-08,676.607666015625,682.9562499251595,671.7018887124938,679.1086090805106,9383924
2021-10-11,686.1305541992188,691.9982418188649,673.6257212295892,675.2609803599936,9337637
2021-10-12,681.6094970703125,685.8419251415755,677.5695214781396,679.589509274226,7376091
2021-10-13,682.9080810546875,688.6314578399403,680.9842608721038,686.6594951845259,6357766
2021-10-14,699.5972900390625,702.0020655848522,682.042428554798,683.196732558845,8950350
2021-10-18,717.0559692382812,720.374571165287,704.1663490938071,710.8516367156774,15345601
2021-10-19,718.9797973632812,726.2422076981952,710.6111668040288,726.2422076981952,11349799
2021-10-20,717.440673828125,728.5988669799453,713.6411756406886,718.3064164616612,12762996
2021-10-21,726.72314453125,730.9074303505043,709.3125936725454,720.3745607964493,12166996
2021-10-22,730.3783569335938,736.6788566031236,724.6549798634347,729.6088405643208,13248928
2021-10-25,809.6397705078125,833.9760851252244,767.9890735002576,769.5281062285807,96124084
2021-10-26,797.808349609375,809.6398334199239,791.0268356780178,797.1350007220361,16925115
2021-10-27,803.1948852539062,816.6616258449897,792.8062685399935,797.1829474900297,22898400
2021-10-28,768.2776489257812,800.2611614290471,765.9209573150523,798.4815924244681,18750423
2021-10-29,771.5000610351562,777.9448710910542,754.041426202253,767.6043364830432,15701200
2021-11-01,773.2796020507812,778.8586692435149,762.7947578098651,776.9348489211696,11406421
2021-11-02,770.4419555664062,779.1472307855852,767.604308848021,778.1853206241216,9452457
2021-11-03,756.0133056640625,775.2995927236186,750.7227997583802,775.2995927236186,11839149
2021-11-04,752.3098754882812,758.9470787485428,749.3279776237197,758.4661236923016,3149310
2021-11-08,750.4342651367188,762.7947877081309,743.7008937445914,762.7947877081309,13967995
2021-11-09,756.5903930664062,758.5622970701373,749.5203771692645,754.1375340027245,10084357
2021-11-10,751.1555786132812,754.4260375443878,743.6526332841422,752.7426949634222,9507347
2021-11-11,742.0655517578125,747.4041410230534,736.9192975425867,747.115579737698,9221059
2021-11-12,747.0193481445312,750.1936983916725,741.8250689143892,743.2679340411507,15380106
2021-11-15,743.8450927734375,754.6665817502892,742.161750043705,747.4041720012247,10934583
2021-11-16,734.9474487304688,746.2018093862573,732.975544637226,743.8451177434534,12785837
2021-11-17,732.3021240234375,742.5464897457188,727.4925736768888,731.9173952219124,11657214
2021-11-18,733.8412475585938,738.2660105874271,727.588831833749,735.7650677816229,20644385
2021-11-22,723.3564453125,741.1036996290563,712.0540008544922,739.0355692866476,20403786
2021-11-23,723.2120971679688,729.0797841012621,703.3486885004858,712.7273121306753,24913042
2021-11-24,731.2440795898438,742.8350847085579,718.2582930653174,721.6730622241446,23186419
2021-11-25,722.4425659179688,726.1940387768095,716.9115828655152,726.1459550140722,17749726
2021-11-26,694.6914672851562,713.7853587726801,691.2285557920573,710.8515447886228,18987552
2021-11-29,691.0363159179688,700.030152865704,683.4372018015565,699.0682426590869,15878074
2021-11-30,687.1404418945312,704.4067395658299,684.0142341357566,689.4490495697592,23965914
2021-12-01,699.9819946289062,704.8396289134694,687.7657245624437,689.1124221925735,15214913
2021-12-02,694.8839111328125,699.4048418388916,687.958146357702,697.000066480196,21924640
2021-12-03,689.0162963867188,701.7135233560662,687.8619923512613,693.0563311556486,20130259
2021-12-06,682.5233154296875,699.1162650367804,680.5514114213463,691.613377826075,20129080
2021-12-07,706.6673583984375,712.7273809719758,684.880068684384,689.6896197285159,30513303
2021-12-08,724.7030639648438,729.8973430717961,715.7572534228193,719.4125586255235,33432411
2021-12-09,726.2421875,733.9374689569537,719.8936037821486,730.1379119955152,16007459
2021-12-10,729.1278686523438,730.8592951207969,722.4425815974355,727.6850034769103,7627774
2021-12-13,725.2802734375,740.3822749580407,723.8374081720408,733.9374650302553,16855546
2021-12-14,729.753173828125,735.2360148279045,717.873548004482,722.4426213111899,17488089
2021-12-15,723.596923828125,730.5707725456443,722.2983685855495,728.7431197424353,7358740
2021-12-16,712.9197387695312,729.0317339540828,710.803524674866,729.0317339540828,14123215
2021-12-17,700.5591430664062,713.7373237235854,698.3948452518806,713.7373237235854,13227787
2021-12-20,682.9080810546875,692.7676594904285,671.6056374820087,690.7476130725161,16900016
2021-12-21,692.9119873046875,701.1844502296262,688.872011443344,692.5753422196887,14563335
2021-12-22,704.8877563476562,706.9558866841286,692.623401758213,698.5872565163235,9843359
2021-12-23,703.4448852539062,711.3325602742,700.2225097158387,710.8996889619862,9994049
2021-12-24,699.4048461914062,705.945882176033,692.1905200704235,705.945882176033,8800690
2021-12-27,707.9658813476562,710.6111343010613,688.8238455825182,696.4229593691618,7955163
2021-12-28,707.7734375,714.1701631280035,704.599145922552,712.1982591715838,17833655
2021-12-29,707.67724609375,716.5749141891056,704.0219995912378,709.8896274997181,7143073
2021-12-30,707.67724609375,712.294402660625,701.2324369204533,705.368638455147,14326182
2021-12-31,711.9578857421875,717.8255147065736,708.4949736611167,708.4949736611167,6973055
2022-01-03,735.57275390625,736.8232254449632,714.6992904772947,714.7473742460259,9653095
2022-01-04,743.4122314453125,748.3660921719735,734.5145626116483,738.6989069650325,12114437
2022-01-05,758.0332641601562,765.5361514118554,741.8251019975007,743.5565284847644,19741360
2022-01-06,755.1475830078125,762.313825666238,744.5184871491082,745.5284811066613,13018067
2022-01-07,763.0352172851562,771.7404922956018,756.301846316362,762.0252233819042,12250210
2022-01-10,779.86865234375,781.8405564047105,768.566208106884,769.768595791657,10905080
2022-01-11,779.7724609375,783.6681851748152,771.3557474017979,778.9067183468369,9982061
2022-01-12,792.37353515625,794.0087942546344,781.1191739618869,787.4196740926849,13034848
2022-01-13,793.2872924804688,796.4615841535064,786.265360304274,789.7282132729815,9372244
2022-01-14,788.7662353515625,790.6900554377859,780.6861675052927,789.7281453946742,7552844
2022-01-17,788.0929565429688,797.3273290028282,783.5238834325648,788.76630537499,6722700
2022-01-18,791.7482299804688,804.1568945406494,787.0349054180954,789.7282421266426,10835146
2022-01-19,777.8004760742188,789.7281846863799,772.6542805716622,784.9186342315298,16416144
2022-01-20,779.3876953125,781.9848644471543,765.1033531374051,772.4138467583308,13567654
2022-01-21,773.8567504882812,780.445811828067,765.1995587488225,772.4138851983714,12078277
2022-01-24,768.0371704101562,785.5920306339557,753.4642081648951,782.032951339666,29612316
2022-01-25,771.115234375,773.6642608451283,756.1094019930628,758.9470484536822,19513184
2022-01-27,764.3818359375,770.9708962201908,751.2998241815523,756.9270331356204,23984679
2022-01-28,751.3961181640625,775.1552513002487,748.8470328468596,773.1352635204412,14072314
2022-01-31,758.754638671875,768.2775716883323,754.1374821558442,758.8989486640727,14824509
2022-02-01,779.4357299804688,781.8885889546709,759.235618199433,771.4999717807761,20031583
2022-02-02,782.7543334960938,787.5158001700258,778.0409505844574,783.9567211051507,11214375
2022-02-03,778.1371459960938,787.2272077025588,775.2994996090566,783.0428637625897,9755335
2022-02-04,774.3857421875,781.0710293656399,765.4880734416475,778.954815327262,10314067
2022-02-07,756.4461669921875,774.3376723346677,751.684699997876,767.6523850364191,14659368
2022-02-08,762.3137817382812,765.3919059113421,744.8070055449376,759.9090064015675,14642455
2022-02-09,772.221435546875,773.6162169682755,763.9490319673754,766.8828461025273,8855292
2022-02-10,774.8186645507812,777.9929564623666,765.9690789864078,775.2515358819836,13159771
2022-02-11,760.678466796875,767.0271084448705,757.8889628377385,766.498010941456,13138408
2022-02-14,724.9916381835938,744.4703172806362,722.5387792245511,742.5945808847806,16170656
2022-02-15,746.4903564453125,748.3660929705321,714.8916316594186,724.2702555751805,18880659
2022-02-16,734.9474487304688,747.9332359386085,731.4365118596554,746.1537256201465,10549784
2022-02-17,721.7692260742188,738.0255303840152,717.8735018787745,737.3040978029945,16683808
2022-02-18,720.3745727539062,727.973628112869,717.1521383555117,718.4026098742941,8945567
2022-02-21,725.7131958007812,733.8413491099465,711.8135810238551,717.8255200527728,10967164
2022-02-22,722.68310546875,730.8112582203097,709.6492342902711,710.2744993905211,13156371
2022-02-23,716.23828125,727.588868099901,714.4106871732275,725.857382844603,11624282
2022-02-24,680.4552612304688,699.4048441513754,675.5494842563079,685.7457670370914,28023104
2022-02-25,702.2424926757812,711.1401615558102,692.8157849557639,697.336774399035,16935750
2022-02-28,714.4107055664062,716.382609702001,688.1505692791155,695.412979427951,20547432
2022-03-02,687.6213989257812,697.3367259843092,680.7918608248118,689.689529087093,25252492
2022-03-03,671.7018432617188,694.4510417005139,667.0366025373921,690.2666973388883,23190595
2022-03-04,661.8422241210938,679.6375607441131,658.9084100955814,664.6798706219661,18697223
2022-03-07,628.8487548828125,641.5940642551984,617.690620727726,638.2273787606059,27799873
2022-03-08,639.6702880859375,643.9508002520391,618.5082635176809,618.7968248379074,26716975
2022-03-09,642.02685546875,648.808309376955,632.9367940252578,639.3816029101338,33728639
2022-03-10,650.828369140625,674.2989997486787,647.9907812312059,667.5175450881378,35959638
2022-03-11,652.0789184570312,658.6198957779757,645.0569273475875,648.9527104489741,20546724
2022-03-14,669.6337280273438,671.8461094770455,651.4536039673771,652.2712040541151,24648981
2022-03-15,670.7879638671875,681.128497120255,661.7941281963264,674.7799141420392,27714580
2022-03-16,681.0324096679688,684.3029277748034,674.5395159317275,679.9743319506425,14621688
2022-03-17,692.6715087890625,697.3848922345072,688.9200942501424,690.4591270799036,18329844
2022-03-21,683.6776733398438,695.3649057315828,678.6276447995212,693.5372528709495,12866839
2022-03-22,690.8438110351562,693.5371474384824,672.8560813220782,681.6575817813313,11761758
2022-03-23,690.9400634765625,699.1162999228361,687.0443390295231,697.384873358634,7140403
2022-03-24,677.377197265625,685.5534342394253,671.4133420838435,675.6938543592543,17727969
2022-03-25,672.61572265625,679.204784192057,670.1147795634735,678.1467064321148,15263007
2022-03-28,683.2928466796875,686.226719584466,669.1528145441226,675.2609204687872,13806166
2022-03-29,688.0543212890625,689.6414965270086,678.9642585933475,687.0924111352373,11489374
2022-03-30,703.0601806640625,703.8777808406234,691.7095934649486,693.5853300756726,20154520
2022-03-31,702.4829711914062,711.7173438627146,700.0781958150764,711.7173438627146,16046383
2022-04-01,708.2064208984375,710.17832516702,695.5572776386613,697.3849305960845,12658848
2022-04-04,718.162109375,721.240233660798,697.3848731889537,713.7373460775223,17192197
2022-04-05,713.544921875,726.6750186186015,709.8896751272518,718.3544725194936,12290391
2022-04-06,713.3526000976562,716.5269508116409,704.21445295091,704.4068467381728,13518142
2022-04-07,720.037841796875,728.9355108172948,709.0239586727745,709.0239586727745,15087175
2022-04-08,725.5687866210938,727.2040455555474,715.2763366681216,721.2882748754262,15480705
2022-04-11,730.6669311523438,736.2941407922153,723.0197923789597,723.6449987542765,13216391
2022-04-12,734.7550048828125,739.6126978460428,721.673051033974,728.1659441955593,14020000
2022-04-13,733.2159423828125,743.1236042472311,731.7249935336116,740.2859578314631,16119956
2022-04-18,728.9354858398438,733.8412627362319,720.6630821938585,722.3945086883281,17651530
2022-04-19,737.1117553710938,748.2699486274579,728.166002485532,732.7831595835312,31088359
2022-04-20,726.7711791992188,740.670792170988,725.0878364897393,737.5926680458729,15984202
2022-04-21,733.3121948242188,735.0917638654281,722.5869316518666,730.1379030043821,8953098
2022-04-22,719.1721801757812,729.9455273825204,717.488837335936,728.1660170073909,14411607
2022-04-25,723.548828125,733.1679296456452,715.6611531360037,719.1721486751737,35417460
2022-04-26,725.039794921875,739.2760537799318,723.0198070370735,738.7470149253732,18727514
2022-04-27,708.63916015625,721.4325523423887,704.6472098824895,720.4706422725989,21441480
2022-04-28,718.691162109375,723.2602351314856,706.6672857353999,710.947738756268,18649559
2022-04-29,714.9877319335938,731.003557828865,711.9096080164138,721.5287085636445,19560317
2022-05-02,712.775390625,715.468727187589,703.2524570636904,704.118199645749,10903446
2022-05-04,696.6634521484375,718.546908877988,693.6815540562385,717.7773924713242,12212165
2022-05-05,701.0401000976562,714.6992358629452,698.8277185120185,702.9639203826171,9121547
2022-05-06,691.8538818359375,695.4610449320581,683.2447741711288,688.968151359041,12455025
2022-05-09,683.2928466796875,692.5753030449099,677.6176120614932,678.4352121990091,13055889
2022-05-10,684.2067260742188,692.5753567098644,678.1467034450756,678.1467034450756,12797419
2022-05-11,686.9961547851562,692.3828274660223,680.2147008195018,690.6514011550531,13516852
2022-05-12,669.2970581054688,683.6295425564442,666.8922827754618,680.5995021565014,16685166
2022-05-13,651.5498046875,675.6457004720367,649.289339360527,675.6457004720367,15717043
2022-05-16,656.984619140625,664.6318164202733,650.0107706944032,650.9245970604578,9025623
2022-05-17,682.9561767578125,684.8799969740317,659.0527340554225,659.9665016898597,12765052
2022-05-18,680.4071044921875,689.6895606969994,679.2047168340687,685.2166551246631,11835013
2022-05-19,664.0065307617188,672.0865990916174,659.4855415464262,666.6998673015738,16661023
2022-05-20,682.5233154296875,684.7838394429415,667.2770634777389,668.3351411279704,11695528
2022-05-23,683.9662475585938,698.2987332656113,680.5033942640471,682.5233822341426,17438451
2022-05-24,681.1766357421875,690.0261613683929,679.1565893802945,683.9661397033761,13779981
2022-05-25,686.1785888671875,693.3929150641945,684.4952460878859,684.9281174017736,10457589
2022-05-26,700.75146484375,705.0800600280971,688.1985505512092,695.4609596184368,14028733
2022-05-27,711.62109375,712.967791399704,703.3967739809054,705.6091555108469,8110620
2022-05-30,719.98974609375,723.3083478478726,715.949711728311,720.2302236308554,7628515
2022-05-31,724.1740112304688,727.8774004231318,712.2944447182881,712.7753997788676,20272212
2022-06-01,723.981689453125,726.8192773943211,715.8535370381848,719.5087838235635,10102092
2022-06-02,721.1920166015625,723.1158365858281,714.891517895158,722.4424878492698,10949759
2022-06-03,715.9497680664062,728.1660396547295,712.9678698557874,727.3484394483684,8563791
2022-06-06,718.3063354492188,722.3463694328473,711.4286550538552,712.0058363145625,9107831
2022-06-07,707.2445068359375,714.6512274561245,704.4549436444573,712.7754907384287,9938912
2022-06-08,701.7134399414062,712.7754064380837,698.7796257865284,708.5429783813079,9369224
2022-06-09,704.8396606445312,706.1382158596396,694.6434365642413,697.3848570007303,7444368
2022-06-10,692.5753173828125,700.559159993908,690.6514970567491,697.144390657213,7990818
2022-06-13,661.7941284179688,675.5494306822643,656.1188355186239,675.5013469208119,16622521
2022-06-14,659.389404296875,668.1909056064163,654.7241635784713,656.4075063319644,13348598
2022-06-15,661.07275390625,669.8261128310595,659.966533744062,661.3132314449573,9199591
2022-06-16,652.6560668945312,673.3852198415971,650.5398527248025,673.3371360739453,13237239
2022-06-17,660.68798828125,666.2671143326384,644.4317413514729,645.6822128521729,16335613
2022-06-20,659.822265625,661.6017758819308,651.7902808107496,659.8703493894483,10981042
2022-06-21,669.5856323242188,681.0323866000778,662.3713061949807,664.2470427306498,13319648
2022-06-22,660.447509765625,672.2790520134938,659.0046444876252,667.8061461675592,6838249
2022-06-23,672.5194702148438,679.1085309188036,660.8322390102239,663.9103630737355,14960412
2022-06-24,686.2747802734375,688.0062067307631,679.6375770249666,683.8219212330318,10856736
2022-06-27,690.0261840820312,701.0881501892466,688.8237964616818,701.0881501892466,8285225
2022-06-28,683.2448120117188,689.9781834973959,680.0705200533961,683.9662446708984,8339931
2022-06-29,675.982421875,679.7819790690872,674.250995183237,678.0986361473067,9570557
2022-06-30,680.2628173828125,684.7838064813714,674.4913569277157,675.982305803216,11970404
2022-07-01,677.0885620117188,679.8299823900704,667.6617957970091,676.6556907124173,9884899
2022-07-04,692.6715087890625,693.633418985248,678.0023782972332,678.0023782972332,8303732
2022-07-05,692.0462036132812,704.2624731033,690.747589807576,695.509056341167,11460367
2022-07-06,698.2987060546875,704.0220833607196,694.4991491062905,695.461059285108,12163533
2022-07-07,713.7373657226562,715.6611861154397,705.0801739551308,707.9178207765542,10374018
2022-07-08,726.9154663085938,728.6468927274638,716.1901453275482,722.6830384310603,9797700
2022-07-11,740.18994140625,742.161845687421,726.2422427052876,726.2422427052876,12440573
2022-07-12,730.9555053710938,738.2179148531969,728.8392914180108,736.1978684255724,10219829
2022-07-13,724.5106811523438,735.6207307906395,721.3363896428781,735.6207307906395,8674121
2022-07-14,723.7412109375,730.5707494296004,720.2782992163064,721.432603123371,7044542
2022-07-15,722.5869140625,730.0898014659325,715.8535430344874,724.5588181214936,6358018
2022-07-18,742.5947265625,743.7009468543406,728.9836727922753,730.3303706510079,8045363
2022-07-19,750.9152221679688,752.2137774556554,737.9294344497446,738.5546408544184,12825591
2022-07-20,753.2717895507812,759.4761215508933,750.5784529637742,759.4280377870839,8152179
2022-07-21,756.0614013671875,758.8990481398317,750.386107821899,755.0033236534806,8312338
2022-07-22,769.5762329101562,773.2796223541096,759.0433046266951,759.0433046266951,12267898
2022-07-25,770.3938598632812,786.6501061139277,766.738554338088,772.4138476869208,21034148
2022-07-26,765.968994140625,772.2214097355484,761.4961474412256,771.0671058836498,7374145
2022-07-27,770.0090942382812,773.1833860702128,764.3819432048724,764.718588281616,9536564
2022-07-28,783.572021484375,784.4377641441448,774.6262684115555,776.2134437176873,11124518
2022-07-29,787.4196166992188,792.0368323370208,777.2233927048,789.3915794534339,11095993
2022-08-01,792.0369262695312,793.5759591910981,786.1692384965793,789.4397568428373,7974903
2022-08-02,786.6019897460938,790.6901076995281,781.2634003960286,788.7662874861472,11106772
2022-08-03,793.3834838867188,796.4616081239511,780.638174336426,786.6020290378756,11073975
2022-08-04,789.0067749023438,798.3373147962578,777.560021005119,792.6139378476455,11113742
2022-08-05,806.2730712890625,808.8702403453466,791.748193305573,791.748193305573,16056522
2022-08-08,809.9019165039062,815.0789944859878,804.2893695647675,809.5631921761261,12142951
2022-08-10,821.3204956054688,825.4331460989276,814.9338149348046,814.9338149348046,23658553
2022-08-11,831.9166870117188,838.496916436078,830.368359518387,832.2553522738498,22787391
2022-08-12,846.1416625976562,848.8995342963262,830.7554861138741,836.0293679314382,10792853
2022-08-16,850.8348388671875,855.9151719966192,848.0769673648429,852.9637521815752,13804836
2022-08-17,854.70556640625,856.8828520268717,850.0123299157488,853.3024149715411,9058040
2022-08-18,856.4957885742188,858.9634262899489,846.7705909046541,852.0928448500796,13137856
2022-08-19,842.2708740234375,858.237635318903,836.3679753190374,856.3990149386066,10787199
2022-08-22,824.7073974609375,839.3678107269875,822.1430152518094,837.577562692972,13848023
2022-08-23,835.9810180664062,839.9484930837893,815.5628798591476,818.0304586656986,13254855
2022-08-24,845.0771484375,847.0608858274338,829.3523071984492,829.3523071984492,10494109
2022-08-25,844.1578369140625,852.9637834319626,838.6904660215745,845.0771471360761,9827829
2022-08-26,842.706298828125,849.1414112105084,839.2710376950179,845.8996983939115,5976725
2022-08-29,828.1910400390625,833.1746285152892,819.6270735800813,822.5784933784354,7755134
2022-08-30,858.6246948242188,861.9632113565701,831.3360357366329,832.6908149001724,12544701
2022-09-01,846.0932006835938,857.076432891248,835.1100275385942,835.1100275385942,15877583
2022-09-02,844.2063598632812,852.8186999329291,838.9808499753942,845.8513731033001,8401284
2022-09-05,853.9315185546875,857.2700353230359,843.3837546344351,843.3837546344351,8744999
2022-09-06,855.0926513671875,861.1890392092437,849.7219663261209,853.9797928845436,9879326
2022-09-07,847.8834838867188,854.1250483069637,844.303046547282,850.1575143125283,8814960
2022-09-08,869.7530517578125,871.6884168302877,856.8828858383836,856.8828858383836,12163106
2022-09-09,872.1238403320312,882.4780547426784,868.6885793199527,880.7362380807591,9936230
2022-09-12,877.881591796875,879.5266638893588,873.623765094288,875.8010507589318,6016978
2022-09-13,880.5911865234375,884.4135446950547,876.0430663849053,884.4135446950547,10400475
2022-09-14,888.4293212890625,892.445227477455,869.0272980667082,869.2208463883155,14712947
2022-09-15,887.9454345703125,906.3798333664477,886.155245578044,890.2678961854223,16253099
2022-09-16,879.7200927734375,887.945393608755,875.9461666512933,885.3326982405974,11966860
2022-09-19,870.14013671875,883.0103024654416,866.4145235666459,875.7043112274364,11235656
2022-09-20,887.1229858398438,892.6871605533197,878.0267461614467,879.8169943329414,12090663
2022-09-21,885.6714477539062,887.3648922046785,876.3817189633032,882.5264794881863,8917640
2022-09-22,874.2044677734375,882.2362213875515,866.3662034255022,876.7204188603357,11125669
2022-09-23,853.7379150390625,875.6559480442714,850.351026172373,872.559352125053,15927517
2022-09-26,833.2230224609375,849.528508368895,831.4328334230806,841.8837928319115,14208640
2022-09-27,824.9977416992188,846.577050634224,821.175383834994,836.9970288789647,12493809
2022-09-28,822.0462646484375,835.3518987142597,816.7240110221086,816.7240110221086,11411458
2022-09-29,816.6273193359375,833.7552530481105,813.9177609731337,830.2716195282985,13803629
2022-09-30,834.142333984375,839.0291189080637,810.434112194796,816.6273039608087,13175031
2022-10-03,820.9334716796875,833.1263073068725,818.3691483472479,831.9167041134606,8232026
2022-10-04,839.6097412109375,844.4481536905425,832.3036911166118,837.0453589716858,8975095
2022-10-06,856.83447265625,862.8824882192667,844.8351861541638,844.8351861541638,12116698
2022-10-07,854.0281372070312,855.9151298031861,844.5932332889068,848.851059707787,9705750
2022-10-10,853.2540893554688,861.0439220785901,842.5612089793093,843.8191844830947,7357588
2022-10-11,842.46435546875,854.7055626402578,837.4808260633214,854.7055626402578,11130051
2022-10-12,840.287109375,843.5288813192437,833.6585076058656,839.9000717968735,14557532
2022-10-13,826.0137939453125,837.480867501707,823.0140016911945,834.4810161849339,11563124
2022-10-14,842.125732421875,855.2378190572801,840.4806602874627,855.2378190572801,8199540
2022-10-17,856.5925903320312,858.8182483462003,840.480652526728,843.819169079309,8936947
2022-10-18,867.91455078125,871.5917328623445,862.3503758106311,867.0919851306066,8097552
2022-10-19,863.2695922851562,871.5433254629044,856.9312832993331,870.9626804865298,5529462
2022-10-20,859.93115234375,864.4308409240948,851.6574189961223,860.9472072449468,8107159
2022-10-21,877.833251953125,880.591123605288,857.0764493698978,859.3021074302151,17022807
2022-10-24,896.3643188476562,903.3316449004477,887.9454689948104,895.1063433668068,4390050
2022-10-25,895.1546630859375,912.7664959710066,893.1225535103204,911.6052651866606,15838120
2022-10-27,894.5257568359375,903.5251925773455,890.509850700247,896.1223975772693,16080842
2022-10-28,878.5105590820312,897.5255443749835,871.8819573928411,888.3325603625174,9854094
2022-10-31,879.3331298828125,887.4132554113622,875.3655960584165,883.1070563253497,9000840
2022-11-01,879.2363891601562,891.2356770583177,870.478873418532,891.2356770583177,9823761
2022-11-02,875.4623413085938,890.9936331198194,873.1882520693943,890.8484571244436,7690974
2022-11-03,879.2847900390625,884.3166921482643,868.059636799892,871.9303670762977,9022366
2022-11-04,876.04296875,883.8812325567034,871.1078115500653,877.0106512647051,7099336
2022-11-07,887.8487548828125,890.3647059309873,874.2528266341956,880.8330562747467,11100219
2022-11-09,881.0748901367188,892.1064939348253,876.4783983979495,890.2678736142573,11590409
2022-11-10,881.2684936523438,883.4457793492138,874.7366365617335,878.2202700516638,10009741
2022-11-11,877.2525634765625,898.0093650303661,874.3011436475601,895.9772553940439,17921457
2022-11-14,866.0275268554688,877.2526210297223,862.4470895379831,875.7527248604484,12641308
2022-11-15,882.2362060546875,884.1231988683949,869.7530773449218,871.4465218331568,15176911
2022-11-16,884.0747680664062,888.4293396104207,878.7525139570553,883.0587131853342,13008311
2022-11-17,890.0744018554688,892.4936082418244,880.9297899025129,883.4941722971123,12584194
2022-11-18,890.6066284179688,892.2033282812789,881.1233510578792,890.0744148177511,10874061
2022-11-21,891.6227416992188,894.9128269925257,884.5102393874712,884.5102393874712,9245704
2022-11-22,893.848388671875,896.5578880157866,890.6550480500273,893.8967609871374,11256509
2022-11-23,897.4771728515625,901.7349405392831,893.8483633697614,897.0417039012154,10959704
2022-11-24,908.5087280273438,910.2506038474994,897.5739271502308,897.5739271502308,10844395
2022-11-25,900.2350463867188,912.4278817096287,897.5255471136236,909.911871692526,9815055
2022-11-28,907.1056518554688,913.2987847778865,894.0903096613513,894.1386819766326,9381474
2022-11-29,916.1535034179688,919.2017272392474,903.380081259393,903.380081259393,13096845
2022-11-30,922.1046752929688,927.2333807160768,910.5892299501535,917.4113797435194,20858573
2022-12-01,909.815185546875,926.0722412930936,905.9928274928515,925.1045587003108,15920653
2022-12-02,900.5253295898438,904.2993150433366,896.1707582493461,898.2512992926454,14228874
2022-12-05,903.4283447265625,906.7184888019183,898.396443052703,906.7184888019183,10984608
2022-12-06,892.8323364257812,899.7028589676131,890.4615023443921,895.1063668137049,18220912
2022-12-07,892.3484497070312,903.041329623835,890.8969259428682,892.2032737055537,15675663
2022-12-08,901.7833251953125,903.3799658469919,893.9450616831225,895.1062924696674,10136870
2022-12-09,899.8479614257812,904.5895701383395,895.1546659620226,901.8800710079274,9575331
2022-12-12,900.2350463867188,903.718738934402,895.1547131011699,895.1547131011699,8493863
2022-12-13,902.7993774414062,905.654052557013,897.8157890669073,899.46086108799,10415140
2022-12-14,891.9613647460938,905.7992129995994,890.2679203324179,905.7508406860252,12319827
2022-12-15,879.4298706054688,890.1711821157284,875.752688807537,886.3971966272971,8929748
2022-12-16,872.849609375,884.1715063645676,870.5755791397158,876.2364981031735,9157260
2022-12-19,877.1558227539062,881.1716697316784,872.0271172648877,878.6557188314514,7015083
2022-12-20,880.3008422851562,882.9619693422077,866.7532863583488,876.720404977683,6384331
2022-12-21,863.4147338867188,886.2520178769291,858.3344006248467,880.8330193559941,11341147
2022-12-22,861.866455078125,874.6398170181222,857.7053730160692,871.3981042199335,9788367
2022-12-23,850.4962158203125,860.8988032205845,847.0125232068142,854.5120629604986,11059215
2022-12-26,864.3341064453125,868.011288497094,846.9641920368803,852.6251115976675,6943159
2022-12-27,871.5433349609375,873.5754447437527,859.495675087415,868.688659551625,4994381
2022-12-28,869.8982543945312,874.7366672238433,866.8500306870021,867.0435790127059,8980300
2022-12-29,878.7041625976562,893.5096943878732,860.6084863817653,868.8822197628393,11994220
2022-12-30,862.0599975585938,879.1396186174463,859.8343394505747,879.1396186174463,9688527
2023-01-02,873.28515625,877.6881001770557,865.108226635378,865.108226635378,4315403
2023-01-03,872.2206420898438,876.6720172537239,867.7693259886192,869.4627704497066,5846855
2023-01-04,870.0433349609375,878.5589884345696,865.8823119142538,869.9465903334593,12454582
2023-01-05,850.7381591796875,873.8173649614129,843.8192051454618,871.7852551795887,16547196
2023-01-06,841.9805297851562,850.5445554510902,832.6908012981177,850.5445554510902,14804613
2023-01-09,845.1255493164062,850.35105882214,834.4326687249722,845.9964872549142,16811853
2023-01-10,833.5133056640625,850.0123396958412,828.9168137454193,847.1092921682771,13470142
2023-01-11,838.3033447265625,842.7062883246897,827.2233681992996,835.0132596375089,15558460
2023-01-12,832.8359985351562,841.2547893512822,827.3201962654273,837.5292352113945,16659001
2023-01-13,845.2222900390625,846.6254414742714,830.5618765632579,836.755068178072,11223103
2023-01-16,837.287353515625,849.0930928206624,833.2230748614112,848.8995444918602,8319812
2023-01-17,837.1905517578125,839.9000509881896,830.3683427746539,838.9323684728654,12624859
2023-01-18,841.3999633789062,843.8191697140958,830.9006315092457,836.5131783943544,11313898
2023-01-19,838.1582641601562,842.416031941814,834.1423579533002,839.9484532522791,6694679
2023-01-20,842.2224731445312,848.1737443770304,837.5776087756478,845.2706967636465,8127162
2023-01-23,843.5288696289062,854.7539633041429,836.6582882575105,853.4959878330195,16882379
2023-01-24,842.609619140625,853.205755362677,839.9484920058139,850.5930005450582,11504090
2023-01-25,827.6588134765625,848.4639868002098,820.5947431838545,845.077098119616,14918485
2023-01-27,790.7902221679688,815.7564211082152,786.8226881223743,812.0308667721081,39718683
2023-01-30,796.8865356445312,799.5476625091609,770.2752669982355,774.1459969831512,36301441
2023-01-31,805.0150756835938,811.2082080945121,787.7902803548072,799.3057254481892,27291226
2023-02-01,820.5464477539062,846.915797809219,796.5479318096759,816.191876185139,39237711
2023-02-02,830.1749267578125,832.787622529551,799.4025728057139,801.62829003743,16798190
2023-02-03,835.8840942382812,844.4481194171882,824.5621976829931,836.7066597640203,14914366
2023-02-06,826.110595703125,839.7548958836825,822.1914932310632,833.6585076979579,8463833
2023-02-07,825.1913452148438,828.3363136955805,819.8207185448867,827.3686310861231,9337066
2023-02-08,831.3360595703125,832.884387096269,824.3687924228041,824.9493783308778,8082983
2023-02-09,832.9811401367188,836.9486740907996,824.0784487262168,830.7554820497575,6299265
2023-02-10,826.2557373046875,834.0456292295034,824.4655481784239,827.9008094833026,8656405
2023-02-13,823.1591796875,831.5295982555967,821.9011451301623,825.8203066835285,9394365
2023-02-14,837.335693359375,839.2710584470253,824.562271968352,826.3041477973615,13402934
2023-02-15,842.657958984375,845.0287930620101,832.7875850885544,838.4001911703535,12070288
2023-02-16,841.3515625,849.4316877601427,836.9001875567873,847.641498757943,10715685
2023-02-17,834.7713623046875,839.5129712878102,827.5137432933884,839.5129712878102,9990618
2023-02-20,824.5621948242188,838.5452180868039,822.7720059106903,834.7712919565588,9013430
2023-02-21,826.5944213867188,831.6747546228045,819.4819194186063,826.7879697034813,11704445
2023-02-22,812.1275634765625,826.4976254250806,807.7729920906293,823.7397538390513,13880984
2023-02-23,812.6113891601562,817.1595087774535,806.6117457753803,809.5147933103377,11743574
2023-02-24,812.5630493164062,818.2723409257021,808.5471431075151,816.6757001552671,8246139
2023-02-27,828.7233276367188,830.5618889735571,806.6117467803197,806.6117467803197,14422574
2023-02-28,827.223388671875,830.2716122720615,822.5301520177766,827.2718200485879,19600146
2023-03-01,828.6265258789062,836.0776930578087,824.3203268741219,836.0776930578087,11015843
2023-03-02,826.40087890625,833.9971631259353,823.5945759500078,825.4331963782566,12327141
2023-03-03,840.480712890625,844.786912285828,822.3850364048458,829.0620699895568,12823098
2023-03-06,839.70654296875,848.5124306557193,837.3840811954593,843.5772732157969,13904231
2023-03-08,843.9158325195312,845.4157875520425,833.6584222779096,838.6420104702719,16144568
2023-03-09,828.287841796875,841.6902207014982,826.546025121793,839.1742698444524,10624440
2023-03-10,815.417724609375,818.0304202449772,809.2245326625901,817.4014620248957,17273189
2023-03-13,801.6282348632812,827.6588595926465,797.3220357740603,814.2564801205943,16413159
2023-03-14,803.5151977539062,807.4827317254363,791.8062622910114,800.2734847719724,15456802
2023-03-15,799.2090454101562,816.6757037068646,795.6286081458696,809.4180845479008,12914488
2023-03-16,797.2736206054688,804.4344355352223,784.1131034116775,802.8861671889651,14987868
2023-03-17,809.2245483398438,811.3050894882914,792.1933587502203,804.91834909519,11104490
2023-03-20,809.4180908203125,810.7244386539869,798.3381136725679,809.9503044168963,14838651
2023-03-21,824.8526000976562,826.8847097557864,811.9340030740609,815.7563608240233,18755854
2023-03-22,832.4005737304688,834.6746041864416,823.4978821113282,829.9329949444293,17431520
2023-03-23,827.8040771484375,839.4162681403492,825.2396946793273,829.3039733390278,17920621
2023-03-24,824.8526000976562,832.2069635927165,821.7076319212885,824.9493447241754,17295696
2023-03-27,821.2721557617188,828.7233228804927,816.7724084776924,827.3201714323708,17047675
2023-03-28,827.1266479492188,831.1425541001529,820.7883391486262,827.9007821657716,24469018
2023-03-29,823.497802734375,834.2390547971538,820.5947552511751,829.3522700129644,34881515
2023-03-31,848.8995361328125,852.5283457771534,830.755487911108,834.094004596433,25739021
2023-04-03,855.23779296875,858.4311334483423,840.7709275903899,851.7541595478591,26416933
2023-04-05,856.0119018554688,859.060125305607,845.7544911485221,857.947266823772,21068934
2023-04-06,846.7222290039062,861.3342118450829,844.4965709573414,853.4960068359375,26042745
2023-04-10,840.3839111328125,854.2701319147354,836.4648086702014,851.6090049377871,30906205
2023-04-11,853.3992919921875,856.9796702925302,837.0454327447134,845.4642830137524,39504022
2023-04-12,861.3826904296875,863.1728796154857,851.8509813775042,854.899205194035,22686032
2023-04-13,869.9466552734375,872.5110377822324,857.850622803006,862.3019391270614,34439635
2023-04-17,872.1723022460938,887.655223609611,864.285724614147,887.655223609611,29957514
2023-04-18,867.8660278320312,878.6073390361097,865.2049009529467,878.6073390361097,26699379
2023-04-19,863.0760498046875,867.9144623295201,858.5763025315322,866.9467798245536,24377956
2023-04-20,865.4953002929688,870.236909372004,860.4633391974846,863.4147591759163,16999919
2023-04-21,857.028076171875,871.5916867731976,853.8831078765245,865.6404154507798,29578071
2023-04-24,875.5108032226562,877.204247716317,866.0758981865458,875.7527238646078,30881665
2023-04-25,883.9296875,886.3972663306375,873.9141370989526,877.0107332480105,41383839
2023-04-26,885.3812255859375,887.3165908272587,876.4785336633281,881.9943364136254,30371555
2023-04-27,888.6712036132812,890.1711587440801,879.1879268899205,880.1072370809303,25835108
2023-04-28,887.993896484375,890.7033957534178,880.8330221437257,885.5262587849612,20381002
2023-05-02,892.3001098632812,895.8805473280274,889.0100244312744,894.1387304448875,17515017
2023-05-03,893.0258178710938,893.9935004213415,882.091016865825,889.8324772678072,18715142
2023-05-04,891.9130859375,894.0419995218396,882.3330043393024,890.268013664935,20485002
2023-05-05,896.9933471679688,911.9924266199449,893.606458259458,895.1063543921246,19002035
2023-05-08,907.5894775390625,911.2666593771053,897.0417142320913,897.0417142320913,18623913
2023-05-09,904.2025756835938,914.4599868314564,901.6865656790576,910.589256728466,21507610
2023-05-10,905.7992553710938,910.5892958920904,898.2513431581647,904.3961038358807,25910923
2023-05-11,908.847412109375,916.3953237660901,903.670275317878,909.6699186059626,20027372
2023-05-12,913.3956298828125,917.3631049182605,904.8799757515878,909.3797234672313,13873480
2023-05-15,915.1857299804688,918.3306981247315,907.8797388732504,913.2503649686147,10453762
2023-05-16,915.7662963867188,921.4272743636122,912.524583685854,919.29836108331,19612293
2023-05-17,908.9926147460938,917.7501894111974,905.5573533737447,916.6857031275833,19273344
2023-05-18,915.9115600585938,921.4757348819819,911.6537330904164,917.314711609197,21550141
2023-05-19,923.45947265625,925.1045448518862,911.1698920993472,920.7016009331666,15427412
2023-05-22,919.6370849609375,923.4110705194826,915.572865513465,920.3144745564015,15509525
2023-05-23,922.5885620117188,927.8623846317511,914.4600050088006,921.2337828236806,16579935
2023-05-24,910.2505493164062,923.0239108146249,908.1700083573357,916.1050165135316,18049620
2023-05-25,909.4764404296875,911.1698849283796,902.7994661295811,906.7185687283087,19328582
2023-05-26,919.9757690429688,921.6692134262162,905.3153554715091,909.4280061165383,10957182
2023-05-29,917.50830078125,926.6528543001206,916.2018938052257,923.0240444711529,12108079
2023-05-30,919.2500610351562,921.5240914294349,914.1213552721521,914.7986858150222,18483624
2023-05-31,918.4758911132812,921.23376268112,910.1054136571358,918.8145563715582,27254425
2023-06-01,905.8475341796875,923.4109945894461,902.6541938495451,923.4109945894461,21650700
2023-06-02,907.8313598632812,914.121296105405,904.8315086794461,912.5245963573434,12494376
2023-06-05,916.1535034179688,921.0402887454009,912.5246936605699,912.5246936605699,10751684
2023-06-06,911.6536865234375,917.1694887487128,907.782956409231,915.9115132741265,11894330
2023-06-07,909.815185546875,915.2825567585027,903.6219933280021,913.8310328693285,16486469
2023-06-08,907.5894775390625,919.7822539132716,904.9767228695448,906.3314429874264,17608140
2023-06-09,907.7345581054688,913.4922807980292,905.9443691039659,910.9763299208923,12253128
2023-06-12,905.7024536132812,913.0084447235517,903.1380713464422,907.6861909387297,10520125
2023-06-13,913.0568237304688,915.6695783292494,903.9122121660633,905.6540879403527,13528776
2023-06-14,909.427978515625,916.346931839394,905.9927175406846,915.4759939865241,13489262
2023-06-15,896.6546020507812,912.4762467370247,894.4773163743614,910.2989610606047,19366819
2023-06-16,904.0090942382812,907.4443556462712,897.041767724973,899.2674258863005,11249387
2023-06-19,893.316162109375,903.7671217485372,889.0099629857297,903.3316527921857,19351375
2023-06-20,895.6386108398438,898.541658614634,885.2360229801786,891.187294543562,15212286
2023-06-21,894.8160400390625,898.396477183526,890.267920372455,898.0093805496068,9210553
2023-06-22,895.8321533203125,905.3154308434969,890.9453680771945,894.5258054552514,27291569
2023-06-23,893.6548461914062,901.7834033389462,889.3002746615077,896.1224249124842,8767733
2023-06-26,897.4771728515625,901.6865682253899,893.3645221055212,897.1384485290017,11749040
2023-06-27,905.8475341796875,909.5731471170624,892.3967833193545,899.9446947531411,13422726
2023-06-28,907.1539916992188,913.4923004032572,904.1057681310743,913.4923004032572,25708001
2023-06-30,904.39599609375,911.7504181671871,900.5736976581333,910.1053461861125,13843218
2023-07-03,912.0891723632812,915.1857683245181,906.2347047696655,906.7185460429008,12350359
2023-07-04,914.169677734375,920.5563586664051,911.5569231484889,916.6372563189024,14041699
2023-07-05,927.0398559570312,933.571712979693,910.5892530851423,911.6053079205813,13817767
2023-07-06,928.3946533203125,932.7492247541551,923.1691439746393,923.846533565768,16334427
2023-07-07,915.8147583007812,924.1851766406033,913.2987483173766,922.2014392920128,8593807
2023-07-10,917.7501220703125,922.1046933935976,910.9279130803762,915.4276604061656,12069184
2023-07-11,914.41162109375,921.9111607222271,911.4602011815253,917.750137644119,16977595
2023-07-12,913.87939453125,920.4112515342325,910.8311709714633,917.7501246070915,21511161
2023-07-13,924.814208984375,928.2494701654196,911.7504947834543,917.0727487171628,23222286
2023-07-14,929.0236206054688,933.8136610419978,920.6047706053051,928.7333276529091,12871569
2023-07-17,937.3941040039062,942.3292614154661,922.0563000505355,931.7815569904748,16290763
2023-07-18,943.9259033203125,956.0219345303666,939.7648803965843,946.393481874633,29709508
2023-07-19,941.9906005859375,948.3289095463948,936.2812498523813,948.3289095463948,15994261
2023-07-20,963.4247436523438,965.8923814574687,940.6842032435259,944.5065612098798,26487838
2023-07-21,964.7794799804688,969.0856790406557,956.84447144192,963.1344078710805,16903003
2023-07-24,959.9410400390625,976.1013496022506,958.1024196639266,972.472540227103,21687719
2023-07-25,962.5538330078125,966.714856111477,956.3122688209883,966.714856111477,29325327
2023-07-26,964.2472534179688,965.5052288743298,958.0056893867065,961.0054815566945,12780537
2023-07-27,958.2476196289062,973.9724606478103,955.2961997425043,970.1501028645305,25932395
2023-07-28,964.00537109375,966.4245774762064,945.4742265790718,956.070362346762,12584130
2023-07-31,966.0374755859375,967.1019618260334,956.6509430604292,963.8118175386905,14303116
2023-08-01,962.4086303710938,971.2629489797961,958.4411556974744,969.2792116429864,15508569
2023-08-02,955.0543212890625,961.9732162053438,945.9097092186121,953.4092491126727,15787996
2023-08-03,933.8136596679688,951.2319455477858,929.023619238488,944.9903812949868,30994707
2023-08-04,939.1359252929688,944.458179377576,930.1848616052202,937.3457361804816,20582882
2023-08-07,944.1195068359375,949.7804261481822,936.910260000682,939.571387022493,16686062
2023-08-08,948.2320556640625,954.7154808240473,940.877633612026,944.216149874535,23784778
2023-08-09,949.0126953125,951.5493559556502,940.1342639638341,951.207903020587,19317331
2023-08-10,940.6220703125,949.9395549383418,936.0853435299007,947.8906587198094,24858441
2023-08-11,929.6460571289062,940.0367308535622,926.8654844949497,939.9391898852489,17162177
2023-08-14,936.182861328125,939.4513172807983,922.9628451701761,925.8897886538025,19026691
2023-08-16,933.2071533203125,936.4267792630915,923.5482159431574,931.2070871701633,17930805
2023-08-17,928.4752807617188,934.4754791838435,923.4019001385633,933.6462023482969,27077611
2023-08-18,927.4996337890625,931.7436780317744,922.9628475581766,924.8166022554632,13257508
2023-08-21,931.9387817382812,935.938913861277,925.3043886702031,927.5483666794157,13358017
2023-08-22,928.8167724609375,933.6462413283504,926.1825113015468,933.1096469094867,16872719
2023-08-23,943.3051147460938,944.4759040942181,926.7191010359882,930.7680634965125,14707331
2023-08-24,945.3539428710938,958.4764176235524,943.2075058123395,948.8174806335662,28389740
2023-08-25,946.7686157226562,948.914993168299,936.8169966020404,939.5000279579076,10275758
2023-08-28,946.9149780273438,951.2566227280197,941.5489150273396,946.329613155961,10481574
2023-08-29,944.1832275390625,953.451882317281,942.1343908286685,949.5980613155209,13209913
2023-08-30,935.5487060546875,952.134718775511,932.133938729812,946.8174263170132,13936165
2023-08-31,935.4024047851562,942.6709933996395,930.8168478402002,936.6219646349414,36675400
2023-09-01,945.1100463867188,949.3540905448681,929.5972223729281,933.597414127154,16268147
2023-09-04,943.7929077148438,945.4515209412026,937.1585143582263,945.1100680190779,9512956
2023-09-05,944.8173828125,946.3783955216684,938.8171248357994,940.6220495025765,16623486
2023-09-06,934.182861328125,945.8906360915063,927.6460085088062,939.1098712979502,30802100
2023-09-07,942.1343383789062,945.8905586551218,931.4509828721614,934.0852438880298,13462347
2023-09-08,946.9149780273438,951.2566227280197,937.8414652280092,943.9392640916503,13086915
2023-09-11,954.4274291992188,958.086108329806,945.7441402430992,951.2078034740647,7894110
2023-09-12,966.379150390625,970.9159365012332,958.7203389445621,965.9888674492851,20959591
2023-09-13,965.6961669921875,970.6231764033528,956.671424968705,965.6961669921875,21997553
2023-09-14,963.6473999023438,968.720780666579,958.3301071739512,968.1353562233099,11464188
2023-09-15,968.2816772460938,973.2086867580126,964.5253974626502,966.2327811236291,13307980
2023-09-18,966.0864868164062,971.989144239288,963.257084308504,965.9888863047581,16713222
2023-09-20,963.1107788085938,971.7452382810216,956.7690679161975,957.6471152335464,25741856
2023-09-21,935.93896484375,958.574006734418,934.1340401518692,956.0861166419703,19742813
2023-09-22,927.1580810546875,937.4999833370895,924.328738198691,933.2071092502335,12701888
2023-09-25,933.060791015625,937.7927187843896,918.5724443637747,927.1581334740866,8997098
2023-09-26,925.59716796875,935.5975588716747,924.0360956107078,935.5975588716747,10521409
2023-09-27,920.1334228515625,923.4506492144903,911.6453345707359,923.2555077433504,15152973
2023-09-28,919.6456298828125,924.1824161569504,911.9868181606855,922.4750324374734,25991282
2023-09-29,928.7191772460938,932.7193094608657,920.718853267733,923.6457967074638,10447334
2023-10-03,917.4016723632812,928.4264812897243,916.1333420529505,928.4264812897243,11131636
2023-10-04,907.4012451171875,912.7185376578814,902.4742355248961,912.2307137467868,17334739
2023-10-05,917.938232421875,920.9627764089626,911.7916630335349,912.425857939374,10478856
2023-10-06,922.182373046875,923.4994738438675,915.1576965156688,922.9628794283824,6355755
2023-10-09,915.7431030273438,919.1091002211714,913.4991247477328,917.3529458957726,6725306
2023-10-10,928.0362548828125,934.1828244813858,917.4504398891626,917.4992699211415,11452715
2023-10-11,929.8899536132812,938.6220138894535,927.5972049567132,931.6461674042404,12233117
2023-10-12,931.011962890625,936.7194790060307,925.3044467752193,929.6460320781218,7836818
2023-10-13,928.1337280273438,934.0852152583844,921.54810546393,926.816627334187,6650442
2023-10-16,928.2313842773438,931.5973217061672,923.1092330870941,925.401981705107,5763024
2023-10-17,930.6704711914062,937.548776352585,928.3288926243248,932.133942908628,7747527
2023-10-18,920.7677001953125,927.4996944851433,916.2309136675367,926.0849931287213,12000153
2023-10-19,912.9624633789062,921.9872058702285,911.2550796643318,913.2063753381311,8612676
2023-10-20,910.0355834960938,917.1090308081781,907.3525517570272,909.3038475672574,6586576
2023-10-23,907.3037109375,921.7920573857958,902.8645252231158,919.060255373007,11856890
2023-10-25,893.7909545898438,911.0599331166206,889.2054574209906,903.4986624227306,12593434
2023-10-26,886.5224609375,894.2788138653154,877.1074351720209,892.034835673972,21693345
2023-10-27,890.5225830078125,895.7911052641983,889.1078817029663,893.6934385485141,8645505
2023-10-30,902.376708984375,903.7425802279794,886.083378183647,886.9614255083601,7687791
2023-10-31,893.0592041015625,908.3281162337183,891.8396443321832,906.6695030375992,17211107
2023-11-01,891.7908935546875,895.2544314664859,887.1565663286538,891.5469815954225,12927203
2023-11-02,897.5472412109375,902.279109409575,890.5713353440126,897.6447821752898,9747311
2023-11-03,911.0599365234375,911.7429019177837,904.2304016776113,905.9377853890679,7146961
2023-11-06,922.42626953125,924.6702476712292,914.5723162669136,918.0846246991575,10338367
2023-11-07,925.0116577148438,927.3044657799691,907.791509730304,920.6212426036691,15704942
2023-11-08,912.9624633789062,925.3532028172963,911.3526206284945,925.3532028172963,17606074
2023-11-09,914.5234985351562,919.4017378393365,910.2794541600472,911.2551020208833,9406117
2023-11-10,915.7431030273438,918.523735295646,909.6941336341723,912.1332534052325,9560455
2023-11-13,911.6941528320312,917.987093425993,909.3038036701303,917.987093425993,11470096
2023-11-15,918.18212890625,921.4018143138666,915.889380375436,921.4018143138666,19492138
2023-11-16,913.2063598632812,923.1579795407855,911.2550642225477,916.1333033243815,19706373
2023-11-17,899.4009399414062,915.5479593765705,897.7423862479302,903.9864967116965,10956653
2023-11-20,899.0107421875,904.1816639914177,895.1569211892373,899.5473366065142,10562301
2023-11-21,903.5474853515625,905.4500106431253,899.5473528298736,901.8889315808465,8989572
2023-11-22,900.279052734375,902.6694018743736,892.4738699417713,900.7668766589127,12197979
2023-11-23,900.52294921875,902.8156978051427,896.1325339733714,900.52294921875,5534614
2023-11-24,906.7671508789062,907.7427987453354,897.7911785979928,899.0595089145869,7452002
2023-11-28,902.9620361328125,908.3768694964551,899.2545864139374,906.2792624621729,14231987
2023-11-29,916.7186889648438,918.1821607285481,903.4499021267856,908.2306003744137,11680078
2023-11-30,912.1820068359375,917.9382936587217,905.5963835772053,916.0845983966676,23950292
2023-12-01,923.6458129882812,928.8167345798552,910.2794258014757,913.1575988110403,16986046
2023-12-04,967.0621337890625,970.6232126126973,937.987840581793,940.2318186642837,33131257
2023-12-05,988.7703247070312,991.0143028504854,970.8183804617602,978.0869688482517,31378461
2023-12-06,978.8186645507812,991.502086070004,975.8917211232683,989.3068784993693,18786590
2023-12-07,974.6721801757812,977.7942651351568,964.0864250614673,972.0866896120442,11841945
2023-12-08,986.2335815429688,988.1848771958599,969.0622036170539,970.2817634001109,16116363
2023-12-11,992.3314208984375,995.1608235299625,980.1846526032307,982.574942236379,11714606
2023-12-12,990.9655151367188,996.1364367379356,984.0383797983786,992.3313863725926,12380856
2023-12-13,989.2093505859375,995.8437438660465,984.6237939125858,990.0873978964831,15887040
2023-12-14,1008.4783935546875,1014.6737333957984,996.3803367600569,997.3559845806298,16317672
2023-12-15,1012.1370849609375,1018.2835948453201,1000.7219338654228,1018.2348839122907,14306067
2023-12-18,996.5755004882812,1004.8684475995219,993.2095035223759,1004.8684475995219,8592711
2023-12-19,990.7216186523438,1000.5268676099422,987.9409865576811,1000.5268676099422,10094256
2023-12-20,982.1359252929688,997.1120958683326,977.5991390020248,997.1120958683326,16490281
2023-12-21,979.9407348632812,986.2824459562565,965.1108754745596,972.2818634293963,18064916
2023-12-22,970.086669921875,984.9653000113174,967.4524087503736,978.5260478577098,20881976
2023-12-26,970.8671264648438,973.2087050634708,965.7938054158475,970.6720445389727,14339699
2023-12-27,977.8430786132812,980.4285692907043,967.8426879365178,973.6478046781592,12996468
2023-12-28,981.4041748046875,987.0629203019365,974.7697219298256,983.4530114256305,24915990
2023-12-29,972.33056640625,983.9895694390293,969.5012235366482,979.5991543717847,12280140
2024-01-01,975.0625,980.3797332246459,966.867034115317,967.4036285312477,7683792
2024-01-02,958.3301391601562,973.3551404732622,956.3788433817696,972.720945525758,16263825
2024-01-03,960.0862426757812,963.9400635440459,951.3541826195407,960.7204375897454,16826752
2024-01-04,963.1107788085938,965.0620744677926,957.9886277031968,962.3790429363942,22789140
2024-01-05,969.501220703125,973.9891767169987,959.8422837638905,963.9400163911056,14875499
2024-01-08,958.086181640625,973.8916886039306,956.4275683980821,969.7939557543597,8393164
2024-01-09,955.8909912109375,970.769621081789,951.6469468377962,962.2327023034316,14660414
2024-01-10,968.8671264648438,970.7208812776877,950.5737285044954,950.5737285044954,9409181
2024-01-11,967.0133666992188,974.1843544018284,962.8180334077583,971.0622694484135,6451345
2024-01-12,979.0625610351562,984.1359414724558,967.5986994585114,970.5744133197072,12255743
2024-01-15,985.2579345703125,987.0141482984905,974.9160914205547,979.0625946865415,12388044
2024-01-16,984.4774780273438,991.0631011947543,980.1358330664721,981.5993048814522,11505126
2024-01-17,957.84228515625,983.2578999623713,952.9640458633737,963.8425433060156,41914771
2024-01-18,962.3302001953125,970.086612247944,946.5247532036159,950.2322029973618,17902484
2024-01-19,974.8673095703125,986.2824009262613,963.500988695396,967.1596680050709,23271148
2024-01-23,1003.990478515625,1033.6013672631289,996.3316070811867,1033.3086252659145,50797448
2024-01-24,974.8673095703125,1010.7223072563087,972.379419549497,1004.3805964528723,34578943
2024-01-25,985.3555908203125,990.3801416857913,964.0864788920154,974.0868696874342,28315035
2024-01-29,991.6484375,1006.8685192033147,985.4042678249494,995.1607457242064,14078922
2024-01-30,992.1362915039062,998.9169962106156,983.4530020905246,990.2337663460511,16085742
2024-01-31,1003.1123046875,1013.6980594483535,978.8186507618486,992.0386664801174,25627447
2024-02-01,1000.1854248046875,1008.77105449098,992.6241539100525,1008.77105449098,13058880
2024-02-02,999.0633544921875,1024.4301974773407,996.770605964979,1011.8443169459497,14774650
2024-02-05,998.5755615234375,1001.4536750045531,987.453152358168,997.5999136860917,12948430
2024-02-06,1001.4049682617188,1009.6979749138608,991.9411722900987,998.6243361843565,12886927
2024-02-07,997.2584228515625,1006.4295359934986,988.3312216596904,1002.9659386635358,16410895
2024-02-08,965.2083740234375,1003.2098684279933,961.2570122719966,999.1609061655041,20565502
2024-02-09,986.0873413085938,989.0630554843804,961.5010023968995,964.7693990319924,12799837
2024-02-12,971.8427734375,987.5507391294831,961.2570183691254,985.794584956461,8050066
2024-02-13,994.9656372070312,1002.0391434670632,975.9405046734194,981.5017091699309,18706292
2024-02-14,997.7950439453125,1010.4784061393933,983.013955556177,984.9652512089306,17878720
2024-02-15,991.8923950195312,1001.6488733670452,982.0870866412254,997.9413639559355,10069878
2024-02-16,998.3316650390625,1001.2097785647912,992.136324995411,998.2828945562029,7159395
2024-02-19,1018.33251953125,1020.5277273577844,998.4292780844752,998.4292780844752,9388255
2024-02-20,1023.210693359375,1027.0157438335884,1008.08815152665,1015.698252475077,11293528
2024-02-21,1026.3326416015625,1038.0892450705965,1022.4788804830687,1031.064628645261,15946325
2024-02-22,1036.8209228515625,1040.0406083965356,1014.9665062834417,1030.284129893754,13432573
2024-02-23,1035.455078125,1043.9431665127322,1031.8939397655,1043.9431665127322,13142759
2024-02-26,1028.5279541015625,1036.4307972587308,1024.9181045612984,1027.4547652461576,7875941
2024-02-27,1034.3818359375,1040.2357232242944,1021.015507605043,1025.1620110998556,10580973
2024-02-28,1020.72265625,1038.9185111032964,1016.7713542133081,1037.1135865360943,7730332
2024-02-29,1026.5765380859375,1034.8695441481523,1013.2102112482427,1017.6494562500089,20944844
2024-03-01,1060.431640625,1063.40729502092,1028.3328034897127,1029.3084513108604,14909562
2024-03-04,1065.7489013671875,1068.3343919800916,1053.7972152468624,1054.6753221282913,11424581
2024-03-05,1061.5537109375,1072.724831392527,1050.284930417513,1059.7486671027018,9222544
2024-03-06,1070.3831787109375,1086.4326564967669,1053.9923671118995,1053.9923671118995,21796484
2024-03-07,1061.4560546875,1068.3344198240536,1056.3339033595764,1068.285589791398,9963926
2024-03-11,1052.4312744140625,1061.456016908724,1050.5288087704587,1061.456016908724,13310362
2024-03-12,1050.626220703125,1068.1391686897025,1029.9425367324973,1050.8214217051855,21785435
2024-03-13,1057.553466796875,1063.1147311446932,1047.016541202175,1050.9191327033914,24855870
2024-03-14,1057.2120361328125,1070.3832827269032,1048.870318081808,1053.6997275272504,14231421
2024-03-15,1054.0411376953125,1059.7974838667978,1043.9432062025076,1045.8945019150356,66192734
2024-03-18,1054.8704833984375,1058.3829111883333,1034.2356251698557,1048.870343968933,8769440
2024-03-19,1057.553466796875,1062.2366242373914,1049.0653779207853,1052.1874034827022,16708715
2024-03-20,1058.090087890625,1063.4561510380647,1041.5040745258111,1053.6996725881743,18725251
2024-03-21,1055.4559326171875,1073.2126765353519,1052.8704418950965,1065.4074934332764,19992607
2024-03-22,1063.7489013671875,1067.0660087880365,1052.431290998509,1054.821699696048,17214415
2024-03-26,1057.3095703125,1062.6269227693656,1050.7239470577497,1054.675368649657,13367635
2024-03-27,1057.3583984375,1065.8953174560265,1053.2607249476644,1057.3095684040516,26907245
2024-03-28,1066.67578125,1078.1396428341293,1058.5778569174774,1058.5778569174774,22070566
2024-04-01,1072.8712158203125,1076.0907823680045,1067.7977753821392,1069.3589072693567,10848191
2024-04-02,1054.8704833984375,1067.7978183376224,1052.968017593616,1067.7978183376224,14380396
2024-04-03,1050.9676513671875,1057.2606504701985,1046.1382429070143,1048.821274073248,15477184
2024-04-04,1052.57763671875,1059.358460590309,1037.5526363294593,1058.3339827305892,21419689
2024-04-05,1057.0169677734375,1059.5536285157325,1041.4553121759684,1043.9432619814309,15340637
2024-04-08,1060.675537109375,1065.1634932016668,1050.0897822238517,1052.089788769452,8023461
2024-04-09,1080.0909423828125,1088.091206687122,1061.7975461708568,1065.3585653553457,12298463
2024-04-10,1082.3837890625,1089.3596952702449,1078.2372855450287,1083.8959718279336,10598000
2024-04-12,1077.5054931640625,1084.7740218982576,1069.1149455997045,1076.6273862927333,12216657
2024-04-15,1052.0897216796875,1079.2127766214483,1050.3823381264592,1073.4076010818974,10526597
2024-04-16,1041.0650634765625,1048.4311331262454,1036.8209001426994,1044.4798308777445,11278092
2024-04-18,1029.74755859375,1051.7972970580554,1024.869318950788,1047.8458753081973,16564216
2024-04-19,1041.26025390625,1045.8945815764816,1022.5765722162078,1027.3084408599673,11284433
2024-04-22,1060.187744140625,1062.1877507445827,1044.2846367847953,1052.52893245238,10346714
2024-04-23,1063.7000732421875,1073.2126398224318,1056.3338843025326,1073.2126398224318,9848215
2024-04-24,1070.041748046875,1071.6515907716011,1062.4804774315448,1065.6513328508768,5461309
2024-04-25,1086.627685546875,1098.2379176339718,1063.4072213726813,1063.4560513994109,19905338
2024-04-26,1080.9202880859375,1092.7256033742926,1075.8956777866083,1085.066791491599,14190059
2024-04-29,1131.8978271484375,1135.1173934530657,1080.9202292309824,1081.017770192159,28578063
2024-04-30,1122.3853759765625,1141.0690572142132,1118.8242372966604,1131.7027420293625,29568491
2024-05-02,1111.701904296875,1127.361100058772,1105.6529352155806,1115.16550183226,25118334
2024-05-03,1114.2386474609375,1129.2148177723732,1107.7992765304286,1113.5069115913466,19933604
2024-05-06,1118.3851318359375,1130.2391574450266,1110.3847483382629,1113.7508047401204,14970524
2024-05-07,1104.3358154296875,1124.6780491020515,1098.8722113377237,1119.9948918245757,15097728
2024-05-08,1095.652587890625,1104.4334189600957,1088.871882648258,1099.1161855626403,19913090
2024-05-09,1088.5302734375,1101.3600666593375,1082.9691282557828,1093.262260852585,12229853
2024-05-10,1089.847412109375,1101.408814608253,1084.969173156462,1090.7742298713763,8573656
2024-05-13,1100.53076171875,1103.1162523100456,1079.7494151217084,1085.3106792591882,9707983
2024-05-14,1093.26220703125,1100.4331946539014,1091.3109114007254,1098.4818990233766,8944262
2024-05-15,1096.9696044921875,1100.335660935582,1086.3838494464303,1094.7743968933958,10743423
2024-05-16,1103.506591796875,1108.8726551829923,1085.7010178338494,1105.4090575401685,14265565
2024-05-17,1102.9698486328125,1116.1410940609796,1093.3109114992967,1103.5065025670874,8641784
2024-05-21,1093.65234375,1106.1895131432295,1089.0668467710689,1094.8719034888254,10452900
2024-05-22,1084.0423583984375,1098.4819949645278,1071.3589356922603,1097.6038880345714,17527411
2024-05-23,1106.8724365234375,1109.311556039796,1084.3349960118126,1088.383958228494,13787687
2024-05-24,1104.384521484375,1107.360295026364,1096.7745398141412,1102.4820558412257,6312670
2024-05-27,1102.2869873046875,1119.8486485845435,1094.2378925514201,1104.3358239678098,11599857
2024-05-28,1099.5062255859375,1107.5553198262376,1097.6037600409186,1104.9211184411913,9311718
2024-05-29,1075.1639404296875,1096.1891994265106,1071.7491729237856,1087.896192626463,19268547
2024-05-30,1086.5789794921875,1093.7012565449618,1070.1881668205704,1070.2857077875317,15255387
2024-05-31,1093.75,1103.067364913615,1084.1886040418387,1090.774226608572,26197718
2024-06-03,1131.75146484375,1144.4348864325161,1108.6286592786682,1141.5079429889547,25699977
2024-06-04,1045.3577880859375,1131.1660835885812,1027.89378773711,1129.702611888,43476837
2024-06-05,1081.6519775390625,1095.8964118662052,1025.454687026523,1058.5778828175676,42172104
2024-06-06,1083.359375,1090.7742746935958,1069.8953872976438,1090.7742746935958,18574162
2024-06-07,1094.384033203125,1100.8234036292672,1076.7248327530208,1083.3592850900534,17197635
2024-06-10,1096.4329833984375,1105.6039769227384,1087.9447765589168,1088.8228833488845,10851455
2024-06-11,1090.9693603515625,1101.5552346286859,1083.9447435857408,1092.4816621333332,12250002
2024-06-12,1092.2864990234375,1105.7991967006508,1084.9203107850815,1093.701140638558,16096514
2024-06-13,1080.383544921875,1095.8475384090284,1078.090796459338,1094.871890629427,12494254
2024-06-14,1078.72509765625,1086.871733599338,1072.6760093679384,1086.871733599338,11377979
2024-06-18,1095.506103515625,1107.4090780810202,1074.3833049204777,1086.8228143148967,18306176
2024-06-19,1116.580078125,1137.166342002539,1098.7257948267247,1100.4818894098034,34309514
2024-06-20,1128.62939453125,1131.7514197743346,1107.84804927048,1125.9463631481642,15475933
2024-06-21,1130.434326171875,1141.4103637168316,1122.6291439176837,1135.2150241220932,69259425
2024-06-24,1141.60546875,1147.0203616875408,1124.5804622523651,1126.5317578554238,12210295
2024-06-25,1168.7772216796875,1176.6312340234567,1139.2151651192685,1141.7518255521975,27309845
2024-06-26,1188.339111328125,1193.0709797006668,1164.7771913357117,1172.728745333667,25403461
2024-06-27,1190.1927490234375,1204.925006661883,1179.655705374711,1198.4369251141775,20516632
2024-06-28,1170.3870849609375,1197.119858680918,1167.2162295895332,1197.119858680918,12507092
2024-07-01,1182.3388671875,1185.7536347895336,1163.0211104974373,1170.387180580382,8636894
2024-07-02,1161.6063232421875,1187.3634506753801,1156.6793729867939,1187.3634506753801,16153925
2024-07-03,1172.33837890625,1186.24136013032,1150.7277562015904,1167.70405183156,22330897
2024-07-04,1202.9737548828125,1204.8762204814082,1184.729188396717,1199.0711636260962,15275791
2024-07-05,1203.3641357421875,1212.340048723925,1191.1197070388937,1195.1686696167158,9535575
2024-07-08,1204.973876953125,1209.3154620742414,1187.2658453589734,1198.9736190942626,6617190
2024-07-09,1217.8524169921875,1219.7548826422453,1199.3639380524303,1204.8762530735444,13366874
2024-07-10,1212.92529296875,1222.2427770643699,1206.2421293822567,1222.2427770643699,18226503
2024-07-11,1208.291015625,1227.1698965417374,1195.2174298923792,1215.998657353838,11307116
2024-07-12,1202.876220703125,1222.389177096727,1200.144359168967,1205.8031641621653,12208290
2024-07-15,1199.9979248046875,1208.2909308340154,1194.2416982506682,1203.0712390939052,15612671
2024-07-16,1209.705810546875,1214.6815908343794,1199.0712250083955,1200.0468728725195,12320605
2024-07-18,1219.8525390625,1225.8526779859858,1201.7053940039573,1204.8275385430438,10999632
2024-07-19,1218.24267578125,1220.0476004309733,1210.0472102635063,1213.7058895930675,7958817
2024-07-22,1210.9254150390625,1214.9743776440412,1202.8763198631682,1209.803396134409,9958965
2024-07-23,1196.8759765625,1218.2426878788428,1182.972994972106,1210.9253291470568,19369832
2024-07-24,1193.21728515625,1203.6079582700647,1172.777510944099,1195.1685807983697,20122521
2024-07-25,1168.728515625,1188.5829244027202,1161.6062390935692,1176.143415035895,14154461
2024-07-26,1177.802001953125,1190.2903417018374,1157.0694857554495,1161.020907069825,19309265
2024-07-29,1183.1680908203125,1212.4863561230136,1174.8263732265093,1185.558499492736,28458261
2024-07-30,1179.997314453125,1200.8762034996355,1175.0703639773076,1183.4609121648832,23972277
2024-07-31,1185.3145751953125,1194.8271415595514,1181.5095248300897,1189.3147074879269,22297629
2024-08-01,1180.63134765625,1192.875774860644,1177.5093224180825,1182.97292613369,8725046
2024-08-02,1167.411376953125,1172.3871567184908,1161.1183774313038,1167.8503708068586,10735395
2024-08-05,1144.0445556640625,1159.9476620150213,1138.5809519506631,1153.2156685567127,14306771
2024-08-06,1138.4346923828125,1158.776926636575,1133.215000102,1146.3862463365044,13575619
2024-08-07,1143.898193359375,1151.0692998288628,1133.3124387535242,1150.2399039367897,15753644
2024-08-08,1136.239501953125,1145.8008988559393,1130.6783566530576,1138.5322506611303,10806438
2024-08-09,1143.0689697265625,1152.1912530849597,1140.5323091971482,1147.8984979263976,8687307
2024-08-12,1154.09033203125,1159.4533399572713,1137.5582949209468,1152.3189994398172,10860455
2024-08-13,1149.7113037109375,1170.2779103089574,1145.0370803987933,1164.3243778306348,13117927
2024-08-14,1143.1181640625,1151.3841824712085,1134.6061339161688,1148.3827912230433,13431801
2024-08-16,1168.3096923828125,1173.9679621079767,1147.0543031789523,1151.33488320732,10961370
2024-08-19,1157.140869140625,1176.67417769156,1154.58237101426,1171.9999545311712,6686394
2024-08-20,1160.6341552734375,1170.8191375512558,1151.3349594196018,1155.4679086606573,10427061
2024-08-21,1156.1075439453125,1159.846970432822,1146.513086110094,1158.223268928432,17234142
2024-08-22,1172.098388671875,1173.5744592109102,1157.829706794536,1163.1435847596479,8564142
2024-08-23,1184.300537109375,1185.7766075752363,1169.589082848793,1173.968043848346,7518309
2024-08-26,1193.9442138671875,1195.5677952382332,1181.889638715724,1186.3178499958535,10920226
2024-08-27,1206.7860107421875,1212.8379237983015,1189.6144386937667,1193.9442695051366,16295325
2024-08-28,1204.325927734375,1206.8352956977394,1197.8804917932434,1203.1451193533376,12291305
2024-08-29,1202.4071044921875,1215.2980967161698,1197.5852499624118,1199.504093644897,10806748
2024-08-30,1209.5904541015625,1215.8392482869917,1199.4548426639624,1210.3777397050092,21211148
2024-09-02,1210.3284912109375,1219.4309254466023,1202.997389524353,1219.2341641068904,12516759
2024-09-03,1227.79541015625,1230.9935629487222,1200.930998773239,1207.6224463883482,19114907
2024-09-04,1216.62646484375,1223.859186152754,1213.1331701237295,1220.070629288316,13505843
2024-09-05,1216.23291015625,1224.9909529744998,1211.65718744667,1218.2502546691317,9142811
2024-09-06,1188.8763427734375,1214.21555165295,1185.7765708665058,1206.3923063523205,10170479
2024-09-09,1215.2979736328125,1218.5453765912819,1181.299103730193,1183.710090812365,13863250
2024-09-10,1217.5614013671875,1221.5467196441462,1207.4256692162026,1217.216888818786,15545130
2024-09-11,1216.62646484375,1219.5294755207808,1206.83524540051,1211.8538609951502,11993242
2024-09-12,1232.174560546875,1236.9471648033514,1206.7860981365827,1218.2502705064035,15376442
2024-09-13,1230.403076171875,1235.9137150505585,1222.2355585854264,1232.0267776590285,9877288
2024-09-16,1242.7037353515625,1245.4098646133787,1224.8432581989914,1231.042802375231,8973335
2024-09-17,1247.8699951171875,1251.9538142521255,1238.3247871252927,1239.849987924078,11513121
2024-09-18,1267.796875,1274.6852037097235,1241.8672616672682,1241.8672616672682,12466597
2024-09-19,1271.388671875,1279.2610475522447,1264.8447355687065,1267.7968764476732,13172268
2024-09-20,1317.09765625,1340.616403523679,1270.9459481482343,1274.340862241716,73257767
2024-09-23,1300.8116455078125,1310.553734024932,1287.62539277616,1309.7664484410157,11380409
2024-09-24,1297.5643310546875,1310.1601805182468,1294.4645590257803,1299.9260678444703,13886037
2024-09-25,1302.7305908203125,1306.568398126912,1289.1999446337225,1289.8395992053097,8728019
2024-09-26,1307.84765625,1312.0789860913483,1295.8914616978661,1298.9419832399822,11100869
2024-09-27,1285.7557373046875,1311.7346011418329,1283.0496081575457,1311.7346011418329,17117379
2024-09-30,1252.69189453125,1276.1122623682022,1250.625419751032,1271.4871691598821,12622212
2024-10-01,1254.069580078125,1259.8262312755362,1247.3780121127852,1249.542987688833,10972413
2024-10-03,1236.307373046875,1245.5574384870451,1228.2382360313827,1233.6012439093365,17648551
2024-10-04,1219.97216796875,1244.2289485494368,1216.4787533567373,1227.2048887996382,13488887
2024-10-07,1214.215576171875,1242.8020684792546,1205.4575341441214,1221.7435594913184,20667247
2024-10-08,1216.8724365234375,1227.8938344569156,1210.1317389284563,1221.202267135771,12219259
2024-10-09,1224.302001953125,1244.9177369185495,1212.9854623508438,1223.2195743635768,14765997
2024-10-10,1223.6624755859375,1234.6837542167523,1218.2502169484444,1226.8606284171833,9118195
2024-10-11,1203.489501953125,1221.0055869072553,1202.5054549359925,1217.2661601929808,8472512
2024-10-14,1212.099853515625,1218.1517663968125,1197.9788035414683,1201.5213486036762,11833929
2024-10-15,1235.470947265625,1238.2263267782284,1215.691627570544,1219.1849221736488,11657338
2024-10-16,1223.3179931640625,1234.9296751311315,1221.7926723383464,1228.5826203359522,7869727
2024-10-17,1211.60791015625,1236.897870871355,1204.867212000474,1229.5175181191341,8459497
2024-10-18,1244.327392578125,1248.6572232672752,1205.7035490362575,1208.3604278039818,11018126
2024-10-21,1238.9644775390625,1252.0522311372122,1230.6000776735575,1244.3274858742436,7742775
2024-10-22,1247.279541015625,1264.4019824079978,1239.653176958133,1246.3938747133964,20090801
2024-10-23,1231.6331787109375,1247.7223228428932,1223.2196490881518,1240.8832443668052,14055447
2024-10-24,1232.764892578125,1240.3420065108755,1221.251590602818,1230.3047750515273,12223031
2024-10-25,1235.4217529296875,1248.657257098042,1214.5107542672154,1227.3526156126327,13546055
2024-10-28,1272.2252197265625,1286.9367953731105,1260.1706432204314,1264.9924978474703,24096412
2024-10-29,1310.6029052734375,1314.0470695956533,1278.5229987539544,1280.5894733227,20656117
2024-10-30,1291.21728515625,1309.6681662645217,1284.771729306591,1302.878217992093,15055031
2024-10-31,1271.6346435546875,1297.908648500615,1267.9937179678298,1286.3953474845157,23497314
2024-11-01,1271.19189453125,1275.521605000899,1265.7303859247397,1269.3713115804678,1007022
2024-11-04,1256.82470703125,1271.1918884914494,1249.7888674900407,1269.5189366152897,14309121
2024-11-05,1276.013671875,1280.540384084737,1242.9497173467564,1252.6918064806564,16431920
2024-11-06,1281.5736083984375,1294.0218271864514,1272.077530661039,1279.507133687592,12037405
2024-11-07,1258.30078125,1282.016408736549,1254.905867336954,1276.4565194695,9909035
2024-11-08,1238.7674560546875,1254.6598380276207,1232.7155433996181,1249.739603368689,11195808
2024-11-11,1249.0509033203125,1255.545589486218,1226.7622147783625,1241.8673121816607,8387780
2024-11-12,1250.330078125,1274.34084864136,1244.3274155266408,1255.7915869540607,13486168
2024-11-13,1233.6995849609375,1255.8898912252891,1230.058659378344,1250.330002060316,12260404
2024-11-14,1236.897705078125,1247.4762092717035,1223.219549242433,1233.7488030417599,9506892
2024-11-18,1233.45361328125,1242.4576669848584,1229.468295169204,1239.8991689148563,6195554
2024-11-19,1229.173095703125,1240.8832791422965,1221.054707873685,1236.996341503432,11537317
2024-11-21,1230.5999755859375,1236.8486497660301,1212.887130281342,1228.6318816632047,9593870
2024-11-22,1257.6612548828125,1260.9577881469831,1235.962971544977,1237.931065448711,11604338
2024-11-25,1280.1959228515625,1290.2824048083883,1269.420656029783,1275.3249381508517,22717581
2024-11-26,1284.132080078125,1293.2837651950626,1281.6719625867895,1289.691969633128,7646955
2024-11-27,1279.9498291015625,1289.9379297411074,1277.1453192983001,1277.7849738450245,21938082
2024-11-28,1265.8287353515625,1289.593492566128,1261.8434173872402,1280.294297193127,22803745
2024-11-29,1279.3594970703125,1282.4592691846208,1262.6306978559342,1262.6306978559342,11397228
2024-12-02,1283.8369140625,1289.6428152581445,1268.58418590124,1279.1626909163074,9626400
2024-12-03,1287.527099609375,1291.8569303693412,1275.4232736408442,1283.1480184509742,11509276
2024-12-04,1295.0550537109375,1298.9419911656362,1280.9338836934899,1281.819549984778,11570281
2024-12-05,1315.1788330078125,1321.4767579162362,1287.7238973177443,1295.2518809925427,19210697
2024-12-06,1307.552490234375,1325.6097291981625,1305.5351457750585,1321.0831368877882,8942672
2024-12-09,1301.205322265625,1307.8476391384686,1299.1879779810015,1301.008440803049,8000764
2024-12-10,1309.2252197265625,1310.750540551898,1294.2677540997624,1297.957930171136,8218214
2024-12-11,1306.3223876953125,1310.01256393174,1295.005847236935,1303.567008056277,8138066
2024-12-12,1308.04443359375,1317.392879799611,1300.467319981326,1300.467319981326,9076896
2024-12-13,1323.44482421875,1325.658929951843,1292.5457246301107,1304.206657466483,13536684
2024-12-16,1324.6256103515625,1328.9061906725217,1318.672198220594,1323.4448020295467,9071006
2024-12-17,1312.47265625,1326.5937063526414,1304.8955425723648,1320.591043814433,9879257
2024-12-18,1293.1854248046875,1313.6535308964567,1286.5922376487658,1304.108322781897,8510595
2024-12-19,1266.3701171875,1282.2132499737959,1263.9591299468714,1265.4844508567164,11517304
2024-12-20,1267.84619140625,1277.0470069229707,1252.1014392500044,1263.4671101390386,58491181
2024-12-23,1276.1121826171875,1286.149413849784,1266.5177244802055,1273.9964575675247,6827512
2024-12-24,1276.5550537109375,1283.689394924585,1269.6667242632777,1276.1122805813325,7138516
2024-12-26,1276.6533203125,1291.8076677677632,1268.6333134333681,1286.149397655659,7338444
2024-12-27,1286.6907958984375,1294.9566951975391,1277.834372258314,1277.834372258314,4756066
2024-12-30,1273.9964599609375,1305.3383325760412,1268.8793435378464,1284.1320718868315,14207425
2024-12-31,1261.203857421875,1269.3713754212274,1259.6785365277274,1266.3701041548643,8449607
2025-01-01,1263.1719970703125,1272.3728127979782,1246.8859706361397,1261.2039030056599,4705399
2025-01-02,1270.0111083984375,1272.7664882086394,1258.0057823459824,1264.5988495821298,7433222
2025-01-03,1244.86865234375,1267.4524819820733,1242.1132728120124,1265.6811494083963,11194997
2025-01-06,1243.933837890625,1257.3661039966464,1236.9471279387867,1247.8208957681682,7504047
2025-01-07,1258.8421630859375,1268.387371227451,1246.2955634538516,1246.2955634538516,7539758
2025-01-08,1243.58935546875,1264.500353533012,1232.3711960120443,1260.1213925757818,7566309
2025-01-09,1242.260986328125,1244.5734728084612,1228.1890658447487,1237.9311554007072,8684920
2025-01-10,1229.9111328125,1244.7702186556908,1223.2688154875007,1238.9151869887507,7854524
2025-01-13,1210.1318359375,1224.1052557235084,1205.3592318634503,1215.1997021699149,9669336
2025-01-14,1220.5135498046875,1224.9908916090162,1207.868449677033,1213.6743510380347,10342698
2025-01-15,1218.49609375,1224.5480063080474,1210.3777066929133,1214.3138943569554,5355382
2025-01-16,1229.173095703125,1235.4710205893364,1219.8738995113004,1225.2369076646085,11895924
2025-01-17,1205.9002685546875,1229.0746219251816,1198.569166937447,1223.51473271735,9790533
2025-01-20,1213.28076171875,1221.9404238041425,1195.8631769905248,1204.3752079938956,7676418
2025-01-21,1177.0677490234375,1219.1848851844006,1173.6727150709557,1217.216791341657,20520898
2025-01-22,1181.299072265625,1188.236651072606,1172.787162540538,1181.840346118592,10377123
2025-01-23,1182.5784912109375,1188.6304043313805,1167.0797508434964,1178.150279677383,8770650
2025-01-24,1189.90966796875,1198.569330226456,1182.824577120033,1183.9070048715128,9216792
2025-01-27,1208.3604736328125,1214.9536606503923,1174.0664594794448,1175.9361728164579,16164687
2025-01-28,1227.0081787109375,1243.8353577059515,1216.28204282006,1227.4509517938643,18066499
2025-01-29,1231.6824951171875,1235.7663143361442,1223.2197146425951,1232.0268875547777,7666777
2025-01-30,1235.5693359375,1239.7515355072983,1219.72620394473,1230.058696999526,11921041
2025-01-31,1232.814208984375,1235.963111537846,1219.332692143045,1234.4870409428568,10195417
2025-02-01,1235.520263671875,1241.2276642201673,1214.117241339197,1231.1904328305643,3011914
2025-02-03,1233.0108642578125,1239.8991931084147,1218.0533982313877,1226.9589513144845,6176831
2025-02-04,1247.9683837890625,1260.0722101946521,1239.8992462672875,1242.6546259748302,14839077
2025-02-05,1247.476318359375,1257.366038635732,1244.9670706142904,1249.9364358288246,6840709
2025-02-06,1252.101318359375,1258.5960039721779,1243.0480146698765,1254.6598163131562,8396554
2025-02-07,1236.8487548828125,1254.6599823726938,1229.616033126662,1251.707841237699,7382039
2025-02-10,1242.4576416015625,1244.8193782805915,1229.4190196551453,1237.143764104477,5740361
2025-02-11,1232.764892578125,1241.7196963503554,1228.48431210643,1235.815414286521,6586627
2025-02-12,1231.8299560546875,1249.49354984024,1224.7939967031841,1237.1437132102558,8809352
2025-02-13,1228.976318359375,1245.8034979804984,1226.0241773689,1232.5681139223714,7263785
2025-02-14,1239.99755859375,1243.3433423047895,1224.5971995418054,1232.125182860914,10368438
2025-02-17,1231.1904296875,1238.0787586965241,1213.5759643398394,1231.1904296875,8386151
2025-02-18,1223.2196044921875,1237.537415485285,1217.3153228151366,1232.912442887429,8135042
2025-02-19,1241.52294921875,1244.2782088063445,1210.6238487061553,1215.150440982361,10683412
2025-02-20,1230.009521484375,1243.8354301295267,1226.8606190775215,1235.323399403501,8398849
2025-02-21,1213.28076171875,1224.843314551203,1205.0148626007026,1221.3007691973355,7786428
2025-02-24,1198.9136962890625,1212.2475818317712,1190.9429392289517,1207.1304651110468,11522480
2025-02-25,1204.6212158203125,1212.0015686679765,1201.5214435997075,1207.0320830347105,11059417
2025-02-27,1202.9482421875,1215.1504493679895,1199.0120540726923,1205.6052412387521,12008162
2025-02-28,1184.8909912109375,1205.4575979266801,1180.9548031360748,1196.6011747582393,20215075
2025-03-03,1186.9573974609375,1197.5851526992194,1184.9401732626818,1191.188847446512,8158881
2025-03-04,1191.0904541015625,1197.2407475483415,1187.0066352283177,1187.8923015092375,9574490
2025-03-05,1196.305908203125,1206.3923901078597,1191.9761974350436,1197.5852173719204,9052846
2025-03-06,1198.6185302734375,1208.3604997504162,1189.7128566225836,1208.3604997504162,11949475
2025-03-07,1195.17431640625,1198.4215993904008,1187.0559287614878,1191.7792822265046,6620284
2025-03-10,1195.469482421875,1206.2448692222129,1188.7287844485525,1188.7287844485525,7363437
2025-03-11,1225.5321044921875,1228.0906025562624,1197.7819082260587,1197.7819082260587,10927950
2025-03-12,1224.105224609375,1231.9776006544478,1215.5933141089804,1227.0573656262773,11548372
2025-03-13,1230.10791015625,1235.5692985318378,1225.4336872491594,1231.0919570840585,8132940
2025-03-17,1248.7557373046875,1253.626722273369,1234.7330664957105,1236.9964228158067,11164812
2025-03-18,1248.7557373046875,1248.7557373046875,1248.7557373046875,1248.7557373046875,0
2025-03-19,1292.1519775390625,1297.2690935608202,1281.3767118900164,1284.771625690972,11278014
2025-03-20,1300.6148681640625,1303.1242360561191,1290.1348637421092,1298.9420363179743,10886735
2025-03-21,1321.673583984375,1327.47948567053,1290.676101553966,1295.005932648197,60494318
2025-03-24,1336.4835205078125,1351.0965951268047,1323.592528220555,1334.3185449313019,9352280
2025-03-25,1322.263916015625,1342.0433569660177,1308.8317704607064,1337.3198832805363,16419207
2025-03-26,1314.58837890625,1336.3357930453642,1310.2585481884407,1322.608385783058,10859639
2025-03-27,1315.326416015625,1329.9394896015347,1311.8822515956433,1311.8822515956433,15109614
2025-03-28,1326.8397216796875,1336.2865486646785,1306.027104024632,1314.6867654992452,8266544
2025-04-01,1297.416748046875,1330.7759661157215,1294.4154767036698,1318.6230094191676,14288024
2025-04-02,1310.0125732421875,1316.605640115626,1301.0577695360655,1301.0577695360655,8042214
2025-04-03,1308.3397216796875,1311.7346357410256,1300.172083625529,1300.8608684683468,4591008
2025-04-04,1313.998046875,1317.196199721689,1301.0085540085365,1308.3397764539347,8648542
2025-04-07,1267.009765625,1303.8622778051142,1244.8194576780902,1274.5868794921314,19185012
2025-04-08,1279.1627197265625,1289.1508208042862,1266.8128818235116,1279.113469327377,13085762
2025-04-09,1280.04833984375,1284.2796697185806,1264.008326268558,1284.1320386492785,13005622
2025-04-11,1290.7252197265625,1303.8622226242683,1284.2796640863085,1284.2796640863085,13064247
2025-04-15,1328.66015625,1332.6948448810174,1314.8834988213314,1329.4474418665204,15202603
2025-04-16,1334.7613525390625,1338.0086355110902,1321.4767182608662,1335.35175670462,14039073
2025-04-17,1384.2587890625,1386.4237644145942,1338.4022254639915,1340.271938683508,17490424
2025-04-21,1387.3095703125,1413.0915548092914,1382.2908342910866,1413.0915548092914,16882426
2025-04-22,1393.902587890625,1396.1659440599142,1376.5833845612567,1390.2616620074302,16135274
2025-04-23,1401.676513671875,1407.0887719511927,1388.7855225220842,1406.2031056627204,13990764
2025-04-24,1380.3226318359375,1398.5275007158652,1376.4849447649922,1393.7057666784372,15678099
2025-04-25,1382.38916015625,1392.2296293483562,1366.2507666566128,1387.5061560869792,11705093
2025-04-28,1406.00634765625,1412.1073907727903,1381.4051736009749,1383.1763860592027,10948561
2025-04-29,1406.9903564453125,1415.354755397171,1399.9051464358704,1406.0063095097996,10786910
2025-04-30,1404.235107421875,1410.828174453101,1377.665837694902,1410.1393895834246,14192027
2025-05-02,1407.2855224609375,1423.5222971739024,1401.8732642232824,1404.136620262742,8842434
2025-05-05,1406.5968017578125,1423.719243532893,1403.251017942901,1417.0276759030696,4565705
2025-05-06,1408.7615966796875,1410.8280712604956,1397.740318833432,1406.2030986214052,6301690
2025-05-07,1412.5010986328125,1418.9957848579238,1398.3307976997987,1402.2669857299177,10480453
2025-05-08,1412.5994873046875,1425.7857413048096,1403.3494213569647,1415.6500090207114,15306490
2025-05-09,1366.742919921875,1397.2483773146432,1364.8732065732167,1392.6232842813388,13491197
2025-05-12,1425.39208984375,1429.8203013758846,1381.601998025975,1386.9158758891217,9925445
2025-05-13,1407.777587890625,1424.8016487219365,1404.6286855985884,1417.126034216079,12475424
2025-05-14,1403.44775390625,1417.7164351068907,1394.6898318883327,1407.088799803615,8026837
2025-05-15,1427.6553955078125,1433.2644152009339,1392.9184893353395,1403.152601872172,18209264
2025-05-16,1430.8043212890625,1435.4292940858757,1423.915992369514,1430.115536446277,6439208
2025-05-19,1425.8841552734375,1436.413410510274,1420.7671587350164,1423.4240376832488,6005334
2025-05-20,1415.25634765625,1435.724573309837,1412.5994688048465,1427.0649116587983,11352383
2025-05-21,1421.6527099609375,1428.1475165201844,1415.5516663650185,1419.88149736354,5510460
2025-05-22,1419.0941162109375,1422.2431385993382,1405.0223165661077,1418.11006923761,7245933
2025-05-23,1426.67138671875,1428.639480716087,1411.5170389146704,1419.1925334305297,5203706
2025-05-26,1437.2989501953125,1448.1234666381572,1431.7883113035389,1434.7404521515875,5608725
2025-05-27,1423.3255615234375,1439.660717201896,1412.7961868700127,1429.3282240162364,14842959
2025-05-28,1430.6075439453125,1434.7404932016627,1419.487765050342,1424.5063806110309,8618343
2025-05-29,1433.264404296875,1439.5623288964678,1421.9478642011566,1433.3627849687755,15545514
2025-05-30,1422.7352294921875,1437.5943154688398,1421.2591589622632,1436.6102684488903,11803975
2025-06-02,1427.3602294921875,1436.7086763589064,1409.9426449581042,1418.9958296640707,9458990
2025-06-03,1414.961181640625,1431.7883610343827,1409.1552804132207,1431.6899803606145,11167345
2025-06-04,1408.1712646484375,1417.1260683724902,1403.6446724484365,1414.4691895072294,8025388
2025-06-05,1431.591552734375,1435.724501880477,1404.5302615748733,1408.072806574806,11385668
2025-06-06,1436.413330078125,1438.0862820195339,1419.0941272375726,1425.4904326139017,11580994
2025-06-09,1411.9107666015625,1443.40027245163,1410.5330766960358,1441.6289396983907,11022031
2025-06-10,1400.200439453125,1418.7004501751119,1393.902514902332,1416.0435714397854,12905272
2025-06-11,1408.1712646484375,1411.6154291671444,1395.9690577575766,1399.1180802484353,7136877
2025-06-12,1402.4637451171875,1413.5835243358638,1397.3467487343728,1407.679242298958,7953247
2025-06-13,1393.5089111328125,1398.822788875249,1381.2083238229704,1381.2083238229704,7573103
2025-06-16,1404.13671875,1406.2031934701922,1391.639249505445,1394.000986381205,5451137
2025-06-17,1400.49560546875,1406.990411596049,1395.1818479070278,1404.1366513466178,6970098
2025-06-18,1390.064697265625,1409.1552321163663,1387.7029605615166,1394.3945278693373,6751745
2025-06-19,1388.78564453125,1392.1313083904192,1382.2908379271437,1385.538241229197,8849883
2025-06-20,1404.33349609375,1410.4346597691706,1387.7030772194692,1388.7856250535913,12408178
2025-06-23,1397.4451904296875,1400.4957122573712,1389.3760526760818,1394.394668602004,5514384
2025-06-24,1401.38134765625,1412.993150628414,1393.9026142728064,1404.9238929302046,11188438
2025-06-25,1403.05419921875,1406.104720760603,1392.7217061711412,1399.3147727333048,7527388
2025-06-26,1416.1419677734375,1424.4079863300926,1399.0195265038492,1402.0701682033073,13617435
2025-06-27,1438.8734130859375,1442.6128395732899,1414.1738584793554,1415.9451910518737,22532899
2025-06-30,1422.7352294921875,1438.5783624887893,1419.291064922364,1438.4799818113797,6325073
2025-07-01,1409.1552734375,1424.506382279972,1406.7935366641375,1422.6366689959384,7761449
2025-07-02,1405.0223388671875,1427.8521809615802,1399.905222450911,1409.352049520214,13372280
2025-07-03,1403.152587890625,1423.030288484485,1400.9876124993152,1409.253631009119,10177738
2025-07-04,1419.7830810546875,1421.35753225384,1398.4291887589882,1404.2350901711065,5066503
2025-07-07,1412.796142578125,1417.9132587357801,1406.7934802735126,1414.0754516482682,5177477
2025-07-08,1418.9957275390625,1421.947868442403,1407.1871639257,1409.1552578612602,5315847
2025-07-09,1409.0570068359375,1415.7484547587683,1403.8415093776578,1413.2883371129633,8827347
2025-07-10,1401.38134765625,1416.0436723886824,1399.4132536015054,1413.8788169776346,7795964
2025-07-11,1399.2164306640625,1405.2190932422636,1392.032839631232,1399.3148113378843,7158015
2025-07-14,1400.2989501953125,1402.1686636122888,1393.5090015352046,1402.1686636122888,5846154
2025-07-15,1407.9744873046875,1410.9266282871913,1396.3626847243358,1398.429159387504,6041457
2025-07-16,1403.6446533203125,1406.3999128239755,1396.4610622300193,1403.2510104989537,5649093
2025-07-17,1396.0675048828125,1400.495716617636,1387.0143200519017,1398.3308611520058,12927394
2025-07-18,1403.05419921875,1406.2031014317106,1386.0301388149505,1393.213729649599,11297246
2025-07-21,1442.4161376953125,1444.2857308931439,1414.07553610418,1424.9000530820128,13867136
2025-07-22,1450.0916748046875,1458.3576938551728,1446.25386737522,1450.5836983181339,8930165
2025-07-23,1464.852294921875,1466.2299847038992,1449.1075434082761,1459.243275244324,11974174
2025-07-24,1459.7353515625,1464.9507286163912,1454.5198543856832,1463.9666816111749,6700578
2025-07-25,1453.5357666015625,1476.0704664133914,1450.0916021799312,1476.0704664133914,8696077
2025-07-28,1464.6556396484375,1469.969517693696,1453.5358600374882,1453.5358600374882,7507479
2025-07-29,1462.4906005859375,1466.0332658775797,1451.8629650797843,1456.2911765714125,9776027
2025-07-30,1458.7513427734375,1464.754005637929,1453.7327269399423,1463.9667199639605,7238625
2025-07-31,1457.767333984375,1470.6583264040125,1440.6448911712775,1446.4507928310486,12406146
2025-08-01,1448.12353515625,1461.408169601032,1446.3523226373668,1456.7831967694258,4416771
2025-08-04,1439.8575439453125,1455.2087734738848,1437.987950715613,1453.240679444368,6140054
2025-08-05,1421.357421875,1438.184600497358,1418.0116382597967,1429.820201520808,14799343
2025-08-06,1420.5703125,1430.8044259536912,1418.6022183790183,1419.291123395121,7805252
2025-08-07,1417.322998046875,1424.8017315172433,1406.301599138448,1418.110163604165,7432535
2025-08-08,1412.9931640625,1424.5064663430474,1409.1553565946745,1422.8336344297813,5415511
2025-08-11,1413.681884765625,1415.4532174004985,1397.7403715434584,1405.1207239838918,8492484
2025-08-12,1410.112060546875,1421.8134608053708,1408.2279203629066,1419.0368204237539,5913947
2025-08-13,1408.922119140625,1415.7643381003145,1403.368838463484,1412.6902784003407,9009465
2025-08-14,1415.3677978515625,1419.1359571615956,1400.1956576735638,1400.1956576735638,7577793
2025-08-18,1422.606689453125,1440.2579294966365,1419.0368097392131,1437.8779693374279,6908844
2025-08-19,1424.29248046875,1426.474039895735,1414.3760811646432,1419.1358802007367,6709554
2025-08-20,1418.64013671875,1423.8958770531979,1411.1036970512757,1420.6234166864958,5817858
2025-08-21,1433.911376953125,1435.6963772945633,1424.3916575816534,1428.0606770004104,6238645
2025-08-22,1424.3917236328125,1433.9114434457279,1417.450243616132,1432.2257038615987,6657207
2025-08-25,1421.2183837890625,1423.8958843891958,1412.0953443103494,1423.8958843891958,6738427
2025-08-26,1404.7572021484375,1415.9627825871721,1401.2864621426106,1415.9627825871721,8720155
2025-08-28,1387.4034423828125,1399.9973424915918,1384.6269231275805,1396.2290622275916,12990789
2025-08-29,1386.1143798828125,1393.254139151069,1380.4619594997932,1380.4619594997932,8519507
2025-09-01,1399.2039794921875,1400.5922996421114,1386.4117998354175,1386.4117998354175,4927348
2025-09-02,1382.54443359375,1402.0798141390458,1378.3795940317052,1402.0798141390458,7163073
2025-09-03,1385.321044921875,1388.2959648465462,1372.6280048233573,1377.387925122752,9813382
2025-09-04,1393.75,1403.2697196534332,1390.180120261188,1398.1132401473494,10564859
2025-09-05,1391.0726318359375,1399.699851362779,1376.098771088494,1399.2040313658385,6621077
2025-09-08,1390.973388671875,1398.807368933041,1385.9160488487796,1390.4775686686341,5880943
2025-09-09,1391.9649658203125,1395.7332460946977,1383.5360261458507,1387.304306420236,6470679
2025-09-10,1392.163330078125,1401.8813288190768,1390.3783297737682,1398.2123094765393,7452347
2025-09-11,1389.882568359375,1396.2290884258164,1384.3294086949145,1386.3126886500647,10192026
2025-09-12,1405.847900390625,1407.8311802789096,1388.39506158368,1393.3532613043915,7770038
2025-09-15,1407.5338134765625,1414.8719735471493,1404.4597537449094,1410.1120532176328,5845637
2025-09-16,1409.71533203125,1412.987792293879,1401.8813521978338,1402.1788926034542,8213151
2025-09-17,1407.33544921875,1414.1777894755733,1404.5589298296168,1408.2279494348236,7484283
2025-09-18,1409.814453125,1420.821753289835,1403.4680543540285,1419.1358927633355,8130537
2025-09-19,1390.4775390625,1406.145499251229,1388.494259091765,1404.26135906907,13457344
2025-09-22,1389.783447265625,1398.1132473992611,1385.5193468847744,1392.1634074537787,8847948
2025-09-23,1382.6436767578125,1391.568436605077,1379.3712163938944,1379.3712163938944,12827524
2025-09-24,1371.1405029296875,1379.2720231049968,1364.9923836933056,1374.8096433544556,9735678
2025-09-25,1364.29833984375,1379.867039189023,1360.331779903573,1365.488259405882,21613389
2025-09-26,1348.233642578125,1361.2241016242142,1345.655402935739,1356.563442311047,18342280
2025-09-29,1336.829833984375,1355.076033842118,1334.9456938107846,1348.233693764239,20563163
2025-09-30,1336.730712890625,1345.2587926353076,1331.3758327091439,1342.3830124406416,20166871
2025-10-01,1360.530029296875,1367.8681892333634,1335.8381700071102,1336.7306701838102,20952632
2025-10-03,1353.786865234375,1360.4309257938526,1349.9195661151996,1360.4309257938526,12163695
2025-10-06,1352.001953125,1361.1249923873581,1347.73785285358,1359.5383926525742,14314283
2025-10-07,1364.3974609375,1371.5372203120692,1352.2002408686599,1352.2002408686599,16126464
2025-10-08,1358.8443603515625,1370.0498198860423,1352.8945202642897,1360.8276403806535,8100832
2025-10-09,1364.69482421875,1367.173924045517,1353.687645197864,1358.3484255020637,7909575
2025-10-10,1368.7607421875,1373.4214017735967,1358.8443421746942,1358.8443421746942,7673816
2025-10-13,1367.8681640625,1374.8096436760768,1361.6207839903618,1361.6207839903618,8923018
2025-10-14,1372.52880859375,1377.3878684808556,1363.6040491867466,1377.3878684808556,10610855
2025-10-15,1386.7093505859375,1388.692630514965,1373.9171708337506,1374.9088107982643,8988550
2025-10-16,1405.451416015625,1407.0380158006922,1387.7010358612888,1389.287635646356,12185032
2025-10-17,1424.5899658203125,1427.5648857493748,1399.1048668479334,1400.1956466119625,17037215
2025-10-20,1378.6771240234375,1432.9197829584125,1377.5862231965677,1429.944862993793,23330227
2025-10-21,1370.4464111328125,1375.999570643796,1364.3974316467445,1372.9255110082336,3415560
2025-10-23,1352.2994384765625,1378.1813396780694,1348.7295586366392,1373.4214191916344,21124942
2025-10-24,1366.182373046875,1370.0497932383416,1356.66265330236,1356.66265330236,10570263
2025-10-27,1366.083251953125,1375.206412664237,1362.5133721313011,1370.5456319928564,11499836
2025-10-28,1351.7044677734375,1364.298368477702,1344.8621275230646,1361.521728041381,26477914
2025-10-29,1358.9434814453125,1360.2325408166014,1347.043801434495,1353.191921020162,16129382
2025-10-30,1351.0103759765625,1358.7450954369456,1349.9195961737937,1351.0103759765625,9324401
2025-10-31,1334.0533447265625,1350.6136843601014,1332.07006472016,1345.6554843440952,15926798
2025-11-03,1335.14404296875,1340.3005222505137,1326.715103456384,1329.2933430972657,11071450
2025-11-04,1325.7235107421875,1338.5156906678078,1322.0543701938611,1331.375810196628,15211183
2025-11-06,1309.3614501953125,1330.979129069885,1306.386530263507,1318.88116976713,24221853
2025-11-07,1331.7724609375,1333.0616413002483,1307.576421800604,1309.3614221413634,7719245
2025-11-10,1336.730712890625,1338.3173126722259,1329.7892329275433,1331.6733731274833,8542340
2025-11-11,1346.944580078125,1349.0269997439532,1334.9456399539874,1337.7222802082897,8305184
2025-11-12,1347.53955078125,1358.5467300041707,1344.0688109600715,1358.5467300041707,9736761
2025-11-13,1374.3138427734375,1378.7762225869417,1347.142883699029,1347.5395638924115,18296626
2025-11-14,1361.521728515625,1369.653128146561,1351.8036080349211,1362.513368521827,9694498
2025-11-17,1367.4715576171875,1370.9422976111398,1362.1166774165574,1363.6041374139656,7660717
2025-11-18,1361.9183349609375,1371.2397747243117,1357.6542347453071,1368.6614140079962,9529560
2025-11-19,1371.5372314453125,1372.4297316368286,1360.133371680989,1362.0175118520117,10393918
2025-11-20,1371.4381103515625,1376.6938507345087,1363.9016706145442,1368.5623301618334,10131863
2025-11-21,1358.0509033203125,1364.4965629563708,1353.1918433847088,1361.5216431243439,11483595
2025-11-24,1356.960205078125,1365.488284898759,1350.1178648436169,1361.8192653055182,15896003
2025-11-25,1346.4488525390625,1365.3891524995797,1342.978112507823,1353.5886121834044,12235000
2025-11-26,1363.5050048828125,1365.4882848899147,1348.5312650391513,1348.6304048295453,9659004
2025-11-27,1380.5611572265625,1382.3461576434415,1364.1990972544559,1367.471557668799,15158741
2025-11-28,1377.189697265625,1386.8085569633604,1374.0163765969262,1380.3628968845176,7683986
2025-12-01,1378.478759765625,1388.2960201178482,1373.8181001180092,1382.3461800316288,8867593
2025-12-02,1361.521728515625,1370.2482089901266,1359.1417682907786,1370.2482089901266,12126396
2025-12-03,1379.8670654296875,1382.544445020301,1355.5718853340877,1355.5718853340877,7955933
2025-12-04,1375.1070556640625,1379.9661155774988,1368.3639767054422,1375.4045960658268,7373909
2025-12-05,1380.858642578125,1383.6352828825825,1369.4547830523452,1369.4547830523452,4942638
2025-12-08,1377.98291015625,1383.2386505394277,1371.7356508298087,1375.404670384236,7826227
2025-12-09,1363.7032470703125,1372.7272676950297,1361.9183677427457,1368.3640275890855,10492030
2025-12-10,1352.2001953125,1367.8681547535796,1346.5478960855444,1366.3806948465074,8725381
2025-12-11,1348.63037109375,1355.1751707435094,1341.490611666704,1352.299390595187,6734750
2025-12-12,1354.5802001953125,1359.240859638436,1351.90282069391,1356.5634801370334,3890885
2025-12-15,1353.786865234375,1358.5467856038574,1344.7629655399599,1344.7629655399599,5342530
2025-12-16,1354.5802001953125,1357.257579696715,1344.1679805012782,1352.5969202535916,12359741
2025-12-17,1341.0938720703125,1353.5885110391764,1331.8715722565005,1353.5885110391764,9440391
2025-12-18,1345.4571533203125,1358.0509324595278,1334.2515732926577,1335.0449336848067,7314573
2025-12-19,1342.7796630859375,1349.0270433350909,1339.5073238052678,1342.6805232986085,14318512
2025-12-22,1357.059326171875,1359.8359665635035,1343.4739067302291,1346.647106277973,9375294
2025-12-23,1351.605224609375,1353.5885044694035,1345.6553850292898,1349.7210845323889,9105467
2025-12-24,1348.43212890625,1356.7618081188289,1346.2504482626368,1352.3986889312134,8955140
2025-12-26,1339.110595703125,1350.6135947672478,1337.2264556120658,1345.159575111433,2812144
2025-12-29,1332.070068359375,1344.3663075928198,1330.2850679288142,1340.7964277815033,6057201
2025-12-30,1331.276611328125,1335.8381308143366,1326.9133714087848,1332.0699716952038,18621277
2025-12-31,1331.67333984375,1338.7139594203709,1328.3017397359904,1331.574200056716,6150634
2026-01-01,1326.8143310546875,1337.1274113505744,1324.8310510381634,1332.665031313395,4179311
2026-01-02,1344.06884765625,1345.5563076202234,1325.12854832495,1326.8142878641993,8226205
2026-01-05,1360.0341796875,1364.0007394532674,1341.2921605842894,1342.878760280637,6920565
2026-01-06,1399.4022216796875,1401.7821817231495,1354.5801452353044,1360.5299848190614,17260416
2026-01-07,1415.7642822265625,1417.9459627064246,1392.4607438290054,1396.2290239898057,15813795
2026-01-08,1423.00341796875,1430.1431776389843,1411.4012782421678,1417.0535778936194,14861699
2026-01-09,1392.56005859375,1417.549337423264,1389.7834182572258,1415.1693772847862,12555636
2026-01-12,1401.286376953125,1412.3928169264516,1380.0652579976486,1388.1967781468372,10923811
2026-01-13,1424.9866943359375,1429.746614803746,1399.3031938675902,1408.1288141663404,14295581
2026-01-14,1406.5421142578125,1431.8289327125644,1403.0713744699053,1413.6818734015883,13832255
2026-01-15,1406.5421142578125,1406.5421142578125,1406.5421142578125,1406.5421142578125,0
2026-01-16,1399.0057373046875,1417.0535365865687,1388.494256638521,1406.0463569783972,12530886
2026-01-19,1369.05810546875,1388.2959449153948,1348.6303464892405,1388.1968051292893,23302883
2026-01-20,1364.29833984375,1376.1980196642805,1360.0342394881388,1363.207439020359,15012785
2026-01-21,1337.7222900390625,1360.0341888721825,1328.3017105317451,1356.0676290796277,21766068
2026-01-22,1334.2515869140625,1346.6470866066866,1326.814287098488,1343.7713064680374,17179765
2026-01-23,1332.169189453125,1343.8704687287582,1324.5334888848981,1329.2934092663852,14056524
2026-01-27,1350.0186767578125,1357.6542560921293,1317.492837384778,1328.7975572308817,25263634
2026-01-28,1356.2659912109375,1368.859891948821,1351.2086513775284,1351.2086513775284,13242696
2026-01-29,1372.0330810546875,1376.098780848474,1343.0772414479197,1347.6387612421634,23118234
2026-01-30,1343.672119140625,1370.347257745332,1341.8871188281207,1356.7617179329986,24013717
2026-02-02,1341.4906005859375,1343.0772003288644,1317.9886606539171,1318.7820210502812,12800245
2026-02-03,1378.08203125,1405.15385111339,1361.918372212169,1400.1956512153185,24896698
2026-02-04,1396.625732421875,1402.1788919423802,1375.3054734566974,1375.4046132419246,11080683
2026-02-05,1384.8251953125,1402.1788945018798,1381.5527350454402,1402.1788945018798,8982761
2026-02-06,1394.344970703125,1398.7082108846507,1383.0402505668367,1385.0235305539115,10851190
2026-02-09,1384.626953125,1402.1789323590788,1377.1896532716103,1401.6831123688528,7889742
2026-02-10,1394.7415771484375,1397.716496971719,1383.8335377964056,1389.2875574724217,16497628
2026-02-11,1394.344970703125,1401.1873108684945,1388.6926711598828,1395.6341511146452,8551341
2026-02-12,1418.045166015625,1421.0200859443291,1393.5517070225485,1394.3449463736551,19646265
2026-02-13,1402.77392578125,1422.4084462850303,1398.9065055547715,1413.3845464564506,12228083
2026-02-16,1399.7989501953125,1402.1789103209517,1388.7917707952565,1392.2625106722887,5000042
2026-02-17,1395.7332763671875,1401.782256054804,1381.9494563906167,1394.4440959690942,11756187
2026-02-18,1396.4273681640625,1400.4931889124357,1387.2051890014204,1398.3115083316352,4758071
2026-02-19,1377.189697265625,1400.4932375506726,1373.2231372171063,1396.7249570846573,14323091
2026-02-20,1382.8419189453125,1391.9649581225938,1372.4296994050287,1376.8920792080073,10337877
2026-02-23,1387.7010498046875,1396.5266700756697,1383.6353499865377,1388.29600959884,10728445
2026-02-24,1373.2230224609375,1389.1884011120849,1370.7439226377844,1389.1884011120849,18274784
2026-02-25,1388.791748046875,1395.634087902335,1376.5945282588896,1380.164528913772,16297015
2026-02-26,1393.155029296875,1398.2123689746954,1380.4619891586024,1393.3533088725535,27288792
2026-02-27,1367.3724365234375,1390.4775761692113,1365.1907558675261,1388.296016563106,15096898
2026-03-02,1362.5133056640625,1367.6697850385044,1343.672146415433,1343.672146415433,16928683
2026-03-04,1353.9852294921875,1364.4965888884906,1314.9145907457403,1314.9145907457403,20009132
2026-03-05,1346.2503662109375,1359.3400861254038,1336.3339667529167,1357.45594601842,17590491
2026-03-06,1302.419921875,1346.2503588188658,1299.4450020539286,1327.8058801381828,22778852
2026-03-09,1267.7125244140625,1271.9765035292385,1240.6407056127512,1262.060104122135,16116652
2026-03-10,1300.9324951171875,1304.006554800674,1274.8523156012538,1276.8355955325096,19136143
2026-03-11,1283.777099609375,1295.5776396338345,1280.1080800869731,1289.1319797351587,13224259
2026-03-12,1255.9119873046875,1269.7949465011072,1247.780588195275,1265.0350263567016,19676187
2026-03-13,1244.3099365234375,1251.747236619689,1238.2608356053079,1241.434156276259,17344394
2026-03-16,1262.258544921875,1266.125965023717,1229.7327054112554,1244.5081652081492,22740688
2026-03-17,1277.9263916015625,1283.578812107693,1262.3576923623407,1268.2083924442081,22303102
2026-03-18,1278.521484375,1286.2562036480494,1260.1761446052265,1275.2490239961462,12961135
2026-03-19,1239.6490478515625,1275.1498056385733,1233.3025281122907,1257.0027465645267,14422899
2026-03-20,1234.9884033203125,1263.34928134462,1231.3192629188682,1247.8797225177066,16421006
2026-03-23,1212.4781494140625,1224.5762297429494,1207.9166297375125,1216.3455695278035,17049534
2026-03-24,1240.7398681640625,1243.4173686829902,1213.46976929413,1226.757768953439,20617782
2026-03-25,1249.1688232421875,1262.2585434912949,1243.9132040249544,1248.3755838951454,17290030
2026-03-27,1223.4854736328125,1250.358893273775,1219.8163330232837,1245.499833090769,23630905
2026-03-30,1195.8187255859375,1212.3790655174357,1190.3647054702,1206.3300855990337,23952775
2026-04-01,1202.561767578125,1223.6837477872427,1199.884388024768,1217.8330476356737,25472333
2026-04-02,1205.635986328125,1211.883245832491,1177.67166509731,1186.001465486272,20851722
2026-04-06,1221.10546875,1224.0803886246306,1190.4637698313447,1202.8592693089724,10058414
2026-04-07,1235.0875244140625,1239.9465842479708,1206.429106422035,1218.7254656803555,25600557
2026-04-08,1298.2550048828125,1322.3519046587187,1281.595525957938,1299.048365281531,25148651
2026-04-09,1270.58837890625,1297.065118454786,1265.2334987026684,1289.032858674316,22923062
2026-04-10,1310.848876953125,1312.931296642674,1277.7280783414542,1278.2238983175278,18174755
2026-04-13,1339.8046875,1345.655387306946,1285.8594510059597,1293.9909710757174,30572141
2026-04-15,1336.829833984375,1353.3902942945808,1326.8142943876721,1346.647094004827,23827473
2026-04-16,1334.2515869140625,1355.4727065977952,1328.995846624469,1340.697246754227,24017236
2026-04-17,1335.540771484375,1341.5897511433582,1322.8477313394578,1335.7390510601572,18151993
2026-04-20,1344.862060546875,1364.893260297481,1341.6888611060856,1353.2910001768837,21551520
2026-04-21,1376.79296875,1381.4536282235813,1348.6303691835594,1356.5634890022861,23312455
2026-04-22,1356.166748046875,1368.5622472083335,1353.588508431251,1368.463107425001,13613487
2026-04-23,1336.730712890625,1342.680552858981,1332.268332914358,1337.1273930984762,20111792
2026-04-24,1315.1129150390625,1337.5240758015216,1312.931355466517,1325.1285758443225,14056743
2026-04-27,1303.114013671875,1324.7318126631535,1299.9408143015023,1316.7986931874252,15385625
2026-04-28,1281.1988525390625,1306.6839515728986,1275.943112231791,1303.3124724850059,16774778
2026-04-29,1270.290771484375,1285.9587310592146,1265.5308513211887,1283.876190331697,11716030
2026-04-30,1252.8380126953125,1261.5643721523936,1248.474772441869,1250.4580524616338,17740110
2026-05-01,1252.8380126953125,1252.8380126953125,1252.8380126953125,1252.8380126953125,0
2026-05-04,1260.1761474609375,1271.4807465048432,1253.7304875272214,1253.7304875272214,14597051
2026-05-05,1240.839111328125,1256.11026963796,1235.0875512284588,1253.4328902069624,24447935
2026-05-06,1268.8033447265625,1272.0758050555082,1241.6323852719695,1251.449645209005,22909586
2026-05-07,1268.3074951171875,1283.1820943562475,1262.5559349914981,1273.9597944081108,25028552
2026-05-08,1254.226318359375,1268.902517705381,1250.6563175253964,1268.902517705381,11137424
2026-05-11,1255.8128662109375,1265.035045184508,1241.5332266149906,1248.871386509416,18980488
2026-05-12,1229.93115234375,1249.3672723222166,1225.9645923052954,1245.4998520747622,21110708
2026-05-13,1225.2703857421875,1238.7566658178762,1216.940585355795,1227.9478864287817,19490295
2026-05-14,1235.5833740234375,1246.193873036946,1225.6669745529443,1228.7410341788377,16535600
2026-05-15,1234.095947265625,1247.4830869105315,1231.616847331383,1236.178367000428,11745614
2026-05-18,1240.6407470703125,1243.218986792355,1221.7004477797907,1225.171187688256,13918850
2026-05-19,1230.4268798828125,1245.7972988767476,1219.518840596794,1240.6406985843882,38929053
2026-05-20,1226.9561767578125,1229.3360158332805,1213.0732172518474,1219.7171565954964,14953103
2026-05-21,1232.41015625,1237.8641758775068,1224.0803566089394,1234.8892560806848,14394386
2026-05-22,1253.73046875,1260.1761285871792,1231.6168488886804,1231.6168488886804,11601085
2026-05-25,1281.0006103515625,1282.6863499447102,1260.2753099809177,1260.3744497717253,13853923
2026-05-26,1268.4066162109375,1290.9169153575494,1265.5308361904704,1279.215515708668,18400405
2026-05-27,1262.0601806640625,1282.587201311576,1256.1103406589523,1275.2490410953124,18366272
2026-05-28,1262.0601806640625,1262.0601806640625,1262.0601806640625,1262.0601806640625,0
2026-05-29,1245.896484375,1277.0340036893715,1237.4675446174365,1264.4401034217194,31007884
2026-06-01,1229.3360595703125,1251.3505402000205,1225.5679002002253,1246.5906197801364,9911975
2026-06-02,1216.3455810546875,1227.3527606751832,1210.4948809348448,1222.692101166893,17920892
2026-06-03,1231.6168212890625,1237.8642014111729,1203.5533622069204,1209.7016025437176,13934754
2026-06-04,1241.2357177734375,1251.7471984286103,1221.8987381131592,1221.8987381131592,19461560
2026-06-05,1251.548828125,1254.4246083541127,1239.5500082550523,1246.4914883012805,10166393
2026-06-08,1239.748291015625,1243.516571470306,1232.7076711606426,1235.98013161075,10714196
2026-06-09,1264.3409423828125,1269.2000023713417,1242.2273229706288,1244.5081432866116,22368579
2026-06-10,1282.488037109375,1295.0818164605482,1260.6719575059049,1260.6719575059049,25951584
2026-06-11,1305.9898681640625,1321.8561080202699,1275.7448484381675,1275.7448484381675,35919374
2026-06-12,1329.5909423828125,1333.0616823357286,1307.6756018402702,1318.881182108178,18339846
2026-06-15,1316.501220703125,1351.3077599885314,1314.2205213660739,1343.2755003149457,16172921
2026-06-16,1323.145263671875,1326.1201835892518,1315.2121438922036,1320.7653035280132,13069159
2026-06-17,1325.6243896484375,1334.7474291543856,1322.2527894658729,1330.7808691866162,8026424
2026-06-18,1331.078369140625,1335.6398887549333,1320.2694693470728,1322.4510288431072,13467985
2026-06-19,1335.2431640625,1340.994724069171,1320.8643850956182,1329.293324489997,9057322
2026-06-22,1341.0938720703125,1351.307690769155,1337.1273123310036,1341.6888318212496,4814845
2026-06-23,1327.11181640625,1357.654254763427,1320.3686162099664,1346.647075338441,11884879
2026-06-24,1362.11669921875,1366.0832592753275,1329.3925787519856,1329.3925787519856,16440708
2026-06-25,1375.9005126953125,1392.2625728462838,1368.562352417643,1370.3473528540349,17173209
2026-06-26,1375.9005126953125,1375.9005126953125,1375.9005126953125,1375.9005126953125,0
2026-06-29,1375.9996337890625,1390.2792739367474,1371.6363935981306,1378.379593988644,13249405
2026-06-30,1363.7032470703125,1390.2792468566804,1354.6793474953972,1390.2792468566804,18398057
2026-07-01,1368.264892578125,1373.5205118412996,1356.2659519824388,1359.935092537661,11948034
2026-07-02,1388.2960205078125,1393.2542205810548,1365.2900205878914,1370.347360452637,15779429
2026-07-03,1399.6007080078125,1408.128787723501,1394.1466880553623,1402.1789477753737,12901785
2026-07-06,1414.9710693359375,1419.6317286825692,1399.7989296759679,1400.1956098660596,12306949
2026-07-07,1402.873046875,1421.0201071305735,1398.212387337131,1419.6317869331858,15664178
2026-07-08,1369.05810546875,1406.4430046152802,1364.397446073597,1398.5098849300493,10573142
2026-07-09,1369.1572265625,1391.8658055614053,1365.7857475821456,1371.3389070760331,13948838
2026-07-10,1389.48583984375,1396.4273194454097,1377.9828407138161,1378.081980498166,6409645
2026-07-13,1397.716552734375,1401.1872926666704,1374.710553603081,1381.850313043882,10091437
2026-07-14,1395.9315185546875,1399.9973392167874,1380.36281965522,1388.2959393084109,14133017
2026-07-15,1404.3604736328125,1416.061873669893,1397.4189938599209,1401.0881343697583,12961648
2026-07-16,1406.34375,1411.7977698077207,1394.4440704195183,1408.2278901435363,10165264
2026-07-17,1432.2257080078125,1442.935347434669,1407.8312670387277,1410.2112272612976,11112550
2026-07-20,1447.99267578125,1467.6271961496604,1427.4657762550246,1432.4239762420166,22236415
2026-07-21,1450.868408203125,1461.5781682422519,1444.4227484323062,1457.7107481698004,18269907
2026-07-22,1428.6556396484375,1454.1408592092237,1426.374940373995,1454.1408592092237,8345136
2026-07-23,1422.606689453125,1433.9114094220142,1414.673569622298,1420.5242697074934,12409328
2026-07-24,1420.9208984375,1427.9615178223592,1403.5671994361867,1416.0618385071728,10870914
2026-07-27,1433.6138916015625,1436.8863520032721,1416.8552725346733,1423.6974916567503,10608300
2026-07-28,1418.8385009765625,1433.8122401392648,1405.7487808950839,1430.2423604987887,19486209
2026-07-29,1425.879150390625,1436.3905099608405,1416.557710375603,1430.4406700852692,10856166
2026-07-30,1421.91259765625,1430.143136895818,1410.7070174140658,1419.13595728037,14141173
2026-07-31,1423.4000244140625,1429.8456841613988,1419.4334645695478,1422.309244666781,8752440
2026-08-03,1460.0,1460.0,1433.0,1442.0,7706747
2026-08-04,1454.5999755859375,1454.5999755859375,1430.800048828125,1452.0,11458963
2026-08-05,1450.0999755859375,1454.5999755859375,1431.199951171875,1454.5999755859375,11723296
2026-08-06,1457.5,1460.0,1448.300048828125,1460.0,14954726
2026-08-07,1421.0,1455.0,1418.199951171875,1451.0,14395789
2026-08-10,1431.800048828125,1441.9000244140625,1415.5,1428.0999755859375,12749354
2026-08-11,1429.5999755859375,1434.0,1412.199951171875,1432.0999755859375,10471914
2026-08-12,1431.699951171875,1435.0,1418.5999755859375,1429.4000244140625,8201733
2026-08-13,1406.800048828125,1429.0,1406.4000244140625,1429.0,11408206
2026-08-14,1417.0,1417.800048828125,1401.0,1403.0,6097934
2026-08-17,1415.300048828125,1423.5999755859375,1407.0,1418.0,5605603
2026-08-18,1412.0,1416.5999755859375,1406.300048828125,1410.0,8345198
2026-08-19,1402.0,1416.0,1391.5,1412.0,10304210
2026-08-20,1411.9000244140625,1413.0,1403.300048828125,1407.800048828125,8425049
2026-08-21,1420.0,1420.0,1411.199951171875,1417.0,4565280
2026-08-24,1415.0,1425.5,1408.699951171875,1420.5,5307113
2026-08-25,1422.699951171875,1424.9000244140625,1408.0,1408.0,7983249
2026-08-26,1430.0,1446.0,1423.0999755859375,1423.0999755859375,4177066
2026-08-27,1443.0,1453.800048828125,1433.0999755859375,1445.0,11539716
2026-08-28,1422.800048828125,1439.800048828125,1418.9000244140625,1435.0,8625738
2026-08-31,1454.0,1454.0,1419.0,1422.800048828125,15331697
2026-09-01,1438.0,1446.699951171875,1422.800048828125,1442.9000244140625,10627608
2026-09-02,1426.5,1436.0,1420.699951171875,1425.0999755859375,8515824
2026-09-03,1430.0,1452.0,1430.0,1438.300048828125,10503351
2026-09-04,1423.199951171875,1438.300048828125,1421.4000244140625,1432.0999755859375,6693889
2026-09-07,,,,,8033649
