Price,Close,High,Low,Open,Volume
Ticker,INFY.NS,INFY.NS,INFY.NS,INFY.NS,INFY.NS
1996-01-01,0.46838995814323425,0.4683899581432342,0.4650599388643595,0.46735635766935957,204800
1996-01-02,0.4664958417415619,0.469653624941153,0.46649584174156183,0.46735657429306343,204800
1996-01-03,0.46965333819389343,0.4696533381938934,0.4696533381938934,0.4696533381938934,102400
1996-01-04,0.46655282378196716,0.4673565057884268,0.4650600862556236,0.4650600862556236,307200
1996-01-05,0.4610408842563629,0.4610408842563629,0.4610408842563629,0.4610408842563629,51200
1996-01-08,0.4639117419719696,0.46505996897042295,0.4616152879750628,0.4610408590866221,358400
1996-01-09,0.45874446630477905,0.4593188601827435,0.4535771641709712,0.46391176843858695,870400
1996-01-10,0.45472559332847595,0.45587382090274325,0.4535773657542087,0.45874467018452,358400
1996-01-11,0.4650600850582123,0.4650600850582123,0.4547254788004827,0.4581701256124458,819200
1996-01-12,0.4624764919281006,0.46276342597116754,0.4593187456383157,0.46276342597116754,358400
1996-01-15,0.4573093056678772,0.46161531485744683,0.45644801271751834,0.45644801271751834,307200
1996-01-16,0.45931899547576904,0.45931899547576904,0.41912823293905604,0.45730943982730426,358400
1996-01-17,0.4549552798271179,0.46046709219119747,0.4535771690414803,0.45931886511490694,768000
1996-01-18,0.45644813776016235,0.4564481377601623,0.45242906158454044,0.4549554001144163,204800
1996-01-19,0.45185476541519165,0.4535774223810296,0.451567866180493,0.4535774223810296,512000
1996-01-22,0.45644813776016235,0.4564481377601623,0.45357728896441496,0.45357728896441496,204800
1996-01-23,0.4550122320652008,0.4593188013904015,0.4512806522795824,0.4512806522795824,665600
1996-01-24,0.45300284028053284,0.45300284028053284,0.4426682336167914,0.45501239580300495,409600
1996-01-25,0.4512806534767151,0.4532901732381288,0.4512806534767151,0.4532901732381288,102400
1996-01-26,0.4512806534767151,0.4512806534767151,0.4512806534767151,0.4512806534767151,0
1996-01-29,0.4486966133117676,0.4501323347094045,0.44869661331176763,0.4501323347094045,102400
1996-01-30,0.4541510343551636,0.45587369061359984,0.4535772361213942,0.44869683228478785,1433600
1996-01-31,0.45931899547576904,0.45931899547576904,0.45128084296842647,0.4541510960845335,460800
1996-02-01,0.47654294967651367,0.47654294967651367,0.45931901236183886,0.45931901236183886,819200
1996-02-02,0.49371039867401123,0.4937674140494667,0.47654288339510453,0.47654288339510453,2355200
1996-02-05,0.49376732110977173,0.49491554817832667,0.48234213587544306,0.493710305745048,819200
1996-02-06,0.5052508115768433,0.5196044927715693,0.49376738302417755,0.49376738302417755,1382400
1996-02-07,0.49181562662124634,0.4960645872675296,0.4903228887293897,0.5052509685132246,972800
1996-02-08,0.5224747061729431,0.5224747061729431,0.4995090773062937,0.4995090773062937,768000
1996-02-09,0.5423979163169861,0.5454410374951424,0.4880263094834584,0.522474774831971,1382400
1996-02-12,0.5362547039985657,0.550033958140506,0.5339582492497192,0.5423979622502063,819200
1996-02-13,0.5626656413078308,0.5626656413078308,0.5511828063486045,0.5511828063486045,2048000
1996-02-14,0.5839091539382935,0.5885020278428708,0.5592202708782672,0.5626655483244458,972800
1996-02-15,0.5894210934638977,0.5913730029740706,0.5626656355249753,0.5839092444311048,2201600
1996-02-16,0.5910860896110535,0.5971147217925947,0.5675460250451823,0.5894211142445016,2764800
1996-02-19,0.5788566470146179,0.5798902129669343,0.5775931622241262,0.5910861144714318,1024000
1996-02-20,0.5696702599525452,0.5770193574394085,0.5695555984024556,0.5788566405719396,614400
1996-02-21,0.5696702599525452,0.5696702599525452,0.5696702599525452,0.5696702599525452,0
1996-02-22,0.5652487874031067,0.5718518110646443,0.5651341259016045,0.569670018557454,307200
1996-02-23,0.5707036256790161,0.5707036256790161,0.5649619295466312,0.5652488286240321,153600
1996-02-26,0.5741482973098755,0.5741482973098755,0.5681196671579927,0.5707036161034292,204800
1996-02-27,0.545441210269928,0.5597948968195445,0.545441210269928,0.5741485833691611,153600
1996-02-28,0.5465893149375916,0.5465893149375916,0.5465893149375916,0.5454410875550237,51200
1996-02-29,0.5385512709617615,0.5396994635321685,0.5374030433480897,0.5465894249497001,460800
1996-03-01,0.5425702333450317,0.545441082118901,0.5282165501678037,0.5385511572000384,512000
1996-03-04,0.551182746887207,0.551182746887207,0.5454410496809335,0.5454410496809335,153600
1996-03-05,0.551182746887207,0.551182746887207,0.551182746887207,0.551182746887207,0
1996-03-06,0.5356802940368652,0.5602539586989311,0.5356802940368652,0.5602539586989311,204800
1996-03-07,0.551182746887207,0.551182746887207,0.5396423020550477,0.5356802415254303,307200
1996-03-08,0.5557180047035217,0.5557180047035217,0.5465892718297657,0.5511827416898878,256000
1996-03-11,0.5500337481498718,0.5511825708210771,0.5477949404142985,0.5557178324287618,153600
1996-03-12,0.551182746887207,0.551182746887207,0.5396993174314048,0.5500339238490294,409600
1996-03-13,0.5379770994186401,0.5456707382356253,0.5379770994186401,0.551182549715483,870400
1996-03-14,0.551182746887207,0.551182746887207,0.5508952520208065,0.5379772918664457,307200
1996-03-15,0.5488855242729187,0.5489431704097782,0.5488855242729187,0.551182573892982,153600
1996-03-18,0.5496891140937805,0.5511824465610347,0.5488853974716265,0.5488853974716265,1228800
1996-03-19,0.551182746887207,0.551182746887207,0.5454410496809335,0.5496894136062717,256000
1996-03-20,0.551182746887207,0.551182746887207,0.551182746887207,0.551182746887207,0
1996-03-21,0.549460232257843,0.5554312186426735,0.549460232257843,0.5511828538925677,256000
1996-03-22,0.5565793514251709,0.559220316336759,0.5535362301062557,0.5494601387264504,768000
1996-03-25,0.5500337481498718,0.5510673486344889,0.5414218008267452,0.556579160325402,409600
1996-03-26,0.5426846742630005,0.5488855414916597,0.5426846742630005,0.5500337684701351,204800
1996-03-27,0.5465893149375916,0.5511827851599865,0.5465893149375916,0.5426848652485557,716800
1996-03-28,0.5581297874450684,0.5581297874450684,0.5569239488887419,0.5465893412558958,307200
1996-03-29,0.5775360465049744,0.5786842738091799,0.562665581277898,0.5581297224807563,716800
1996-04-01,0.5775360465049744,0.5775360465049744,0.5775360465049744,0.5775360465049744,0
1996-04-02,0.5798900723457336,0.5798900723457336,0.5730001483022399,0.5775360067874475,614400
1996-04-03,0.5752967000007629,0.5821866252089283,0.5752967000007629,0.5798901703702537,512000
1996-04-04,0.5741482973098755,0.5741482973098755,0.5741482973098755,0.5752965243786909,51200
1996-04-05,0.5741482973098755,0.5741482973098755,0.5741482973098755,0.5741482973098755,0
1996-04-08,0.577478289604187,0.577478289604187,0.5741482700637067,0.5741482700637067,256000
1996-04-09,0.6068747639656067,0.6085974201505631,0.581038285343458,0.5774783815392962,2099200
1996-04-10,0.6401755809783936,0.6683085834453147,0.6373623788528049,0.6068747502464364,4505600
1996-04-11,0.6327114105224609,0.6384531080880682,0.6258220462742761,0.6401756944529168,1536000
1996-04-12,0.642357587814331,0.6430466083752154,0.6293243689676724,0.632711440134986,1587200
1996-04-15,0.682088315486908,0.6889782380402922,0.6430463555042728,0.642357335214338,3174400
1996-04-16,0.7094178795814514,0.7176859165104414,0.6774951508284008,0.6820886214887099,2918400
1996-04-17,0.7442111372947693,0.7521340644077471,0.7119438785978072,0.709417541026801,4249600
1996-04-18,0.7359433770179749,0.7749859110431091,0.7240013357864017,0.7442114130649697,3532800
1996-04-19,0.7303168177604675,0.7475413477079763,0.7262977070397271,0.7359432924234778,1587200
1996-04-22,0.7130921483039856,0.7291684478687754,0.7119439212910639,0.730316674881697,1689600
1996-04-23,0.7160779237747192,0.7176859188571739,0.7062025225149406,0.7130924481818448,3276800
1996-04-24,0.730374276638031,0.7463929649008058,0.7245749698584966,0.7160776134833978,1280000
1996-04-25,0.7292830348014832,0.7389285472254243,0.7292259844021088,0.7303742112976236,1484800
1996-04-26,0.7275033593177795,0.7395030072160149,0.7191783460205328,0.7292830655245868,1382400
1996-04-29,0.7222785949707031,0.7257238370346952,0.719867479209256,0.7275034734341681,460800
1996-04-30,0.7280524373054504,0.732960149646078,0.7234332646770687,0.7263202123304677,1075200
1996-05-01,0.7280524373054504,0.7309393849588495,0.7263202123304677,0.7280524373054504,358400
1996-05-02,0.7413319945335388,0.7621168667207527,0.7320942109137142,0.728052610101345,1280000
1996-05-03,0.7416203618049622,0.7482602991519698,0.7332486928255371,0.741331822091352,1638400
1996-05-06,0.7464125156402588,0.7491255914767748,0.7361353181216,0.7416201080358578,2150400
1996-05-07,0.7505694031715393,0.7505694031715392,0.7393108600096063,0.7464125717682264,1536000
1996-05-08,0.7606157064437866,0.7667360056330826,0.7447959181386729,0.7505697440749999,1638400
1996-05-09,0.7809968590736389,0.8135019867478973,0.7471632079517602,0.7606157588557971,4864000
1996-05-10,0.7941600680351257,0.8008000050900947,0.756342831322774,0.780996624698495,3328000
1996-05-13,0.7936983108520508,0.806746521866942,0.7864813647002072,0.7941600871505192,1587200
1996-05-14,0.7897722721099854,0.7966428171900347,0.7782831172048795,0.7936984992377129,1536000
1996-05-15,0.7793223261833191,0.7952574152418733,0.7713544997393137,0.7897721298950846,1894400
1996-05-16,0.7872896790504456,0.8002225891714753,0.7863661967734233,0.779322415522553,972800
1996-05-17,0.7752228379249573,0.7972202930628447,0.7655807193469997,0.7872896347436554,1177600
1996-05-20,0.7645989656448364,0.7736635073824745,0.7638486498834194,0.775222495231671,870400
1996-05-21,0.7693336606025696,0.7759735975558812,0.7603843488971122,0.764599185113506,2355200
1996-05-22,0.7673129439353943,0.7736638488213561,0.7673129439353943,0.769333779302832,1024000
1996-05-23,0.7619433403015137,0.7647149844396016,0.7569782590260212,0.7673127577012041,460800
1996-05-24,0.763271152973175,0.7644258048929495,0.7517240699461347,0.7619432645021704,819200
1996-05-27,0.7485485672950745,0.7563425901902026,0.7485485672950745,0.7632710647371967,614400
1996-05-28,0.7551884055137634,0.7563430580142494,0.7390227066773805,0.7485490302982487,921600
1996-05-29,0.7652921080589294,0.7652921080589294,0.7577866220329688,0.7551882140737121,512000
1996-05-30,0.7507999539375305,0.7563426778344885,0.7450840639679563,0.7652919173821708,563200
1996-05-31,0.7471049427986145,0.7505694625929469,0.7459502908102803,0.7507999983100829,409600
1996-06-03,0.769564688205719,0.7701997010103953,0.7603842777826856,0.7471049689474027,819200
1996-06-04,0.7744719386100769,0.7744719386100769,0.7678904987006927,0.7695647901753595,460800
1996-06-05,0.7719322443008423,0.7782831502339433,0.7713546713727674,0.7753962018166393,460800
1996-06-06,0.7875205874443054,0.7875205874443053,0.7794374596360031,0.7794374596360031,512000
1996-06-07,0.7988365888595581,0.7990677589117865,0.7853266727096957,0.787231570322997,1331200
1996-06-10,0.8129822611808777,0.823259393280862,0.8106150229404956,0.823259393280862,819200
1996-06-11,0.8150032162666321,0.8163890390717091,0.8038025992789679,0.8083059067067865,1382400
1996-06-12,0.8199687004089355,0.8302452690258559,0.8175435286035969,0.8198528334386369,1638400
1996-06-13,0.8163307309150696,0.819737317628227,0.8083055357300671,0.8140793601492663,460800
1996-06-14,0.8198525905609131,0.8210072426363725,0.8152339822590755,0.8186400050174669,819200
1996-06-17,0.8198525905609131,0.8325548910497107,0.8198525905609131,0.8314002389742513,1126400
1996-06-18,0.8169083595275879,0.8314003264469291,0.8083055910197987,0.8111924681875294,1331200
1996-06-19,0.8198525905609131,0.8198525905609131,0.8198525905609131,0.8198525905609131,102400
1996-06-20,0.8140794634819031,0.8198527248045203,0.8083056383298214,0.8083056383298214,307200
1996-06-21,0.8140794634819031,0.8198527248045203,0.8140794634819031,0.8152341157464266,1177600
1996-06-24,0.8053030967712402,0.8083053466286523,0.8025315235602274,0.8083053466286523,768000
1996-06-25,0.8042640089988708,0.8048416522641976,0.8003377826659261,0.8014929987178989,716800
1996-06-26,0.8192754983901978,0.8210072298009631,0.8025316692237107,0.8082475598730322,14745600
1996-06-27,0.818929135799408,0.8198526178630455,0.8065732375696484,0.8071508807806361,819200
1996-06-28,0.8163886070251465,0.8186979110988156,0.812404941208263,0.8186979110988156,460800
1996-07-01,0.8175433874130249,0.8221625601149083,0.8149449794305252,0.8198526918492457,563200
1996-07-02,0.8160423636436462,0.8198527939645601,0.8140795321549298,0.8140795321549298,972800
1996-07-03,0.8115390539169312,0.8197374873806419,0.8054187550684018,0.80946035547224,1689600
1996-07-04,0.8083053827285767,0.8140792060548676,0.7976244121674878,0.8071507308291757,768000
1996-07-05,0.8059960007667542,0.808305304341607,0.8059960007667542,0.808305304341607,256000
1996-07-08,0.8010885119438171,0.8083055281047047,0.8010885119438172,0.8059962238905676,307200
1996-07-09,0.8025320172309875,0.8071511912930253,0.79675875444045,0.8071511912930253,512000
1996-07-10,0.8198525905609131,0.8198525905609131,0.8059962018260284,0.8059962018260284,409600
1996-07-11,0.8154645562171936,0.8259149226835311,0.8152340204718562,0.8198526289901835,614400
1996-07-12,0.8185825347900391,0.8233170094460699,0.8154071186350511,0.8197371867236128,614400
1996-07-15,0.8117693662643433,0.8169655466651501,0.8117693662643433,0.8169655466651501,307200
1996-07-16,0.798721432685852,0.8038023822197353,0.7909847757310864,0.8038023822197353,614400
1996-07-17,0.798721432685852,0.798721432685852,0.798721432685852,0.798721432685852,0
1996-07-18,0.8028206825256348,0.8028206825256348,0.7967583194137143,0.8025315790520761,563200
1996-07-19,0.8062849640846252,0.8083057291121927,0.7984903027778157,0.8083057291121927,665600
1996-07-22,0.8083053827285767,0.8140792060548676,0.8083053827285767,0.8140792060548676,256000
1996-07-23,0.8013197779655457,0.8083056249142136,0.7979131908765235,0.8083056249142136,716800
1996-07-24,0.7909845113754272,0.7909845113754272,0.7598072172322128,0.7909845113754272,1177600
1996-07-25,0.8026477098464966,0.8083056682530887,0.7875207990632873,0.789830103677824,1331200
1996-07-26,0.7921390533447266,0.8059960024817916,0.7875204461851932,0.8058801355744749,921600
1996-07-29,0.7869433164596558,0.7967587440594461,0.7869433164596558,0.7956040915163827,358400
1996-07-30,0.7384448647499084,0.7852114147489341,0.734403335409289,0.7852114147489341,1126400
1996-07-31,0.7621167302131653,0.7621167302131652,0.7413892313969914,0.7413892313969914,870400
1996-08-01,0.8082478046417236,0.8083057381263492,0.773663910595775,0.773663910595775,1331200
1996-08-02,0.796758770942688,0.8129250347502397,0.796758770942688,0.8129250347502397,256000
1996-08-05,0.7909267544746399,0.7967585128184713,0.7898300357413223,0.7967585128184713,409600
1996-08-06,0.7943331599235535,0.8013769385108129,0.785211247464409,0.785211247464409,870400
1996-08-07,0.7828442454338074,0.7852114834949384,0.7794376582096568,0.7794376582096568,204800
1996-08-08,0.7956042289733887,0.7967588817159422,0.7904079744776928,0.7908697510002596,307200
1996-08-09,0.7865966558456421,0.7909846582731572,0.7852113974499979,0.7909846582731572,614400
1996-08-12,0.7756271958351135,0.7852114508088136,0.7748184529620424,0.7818048637264696,614400
1996-08-13,0.7696220278739929,0.7736636269712429,0.7696220278739929,0.7701996710198828,204800
1996-08-14,0.7748185396194458,0.7748185396194458,0.773663887247211,0.773663887247211,153600
1996-08-15,0.7748185396194458,0.7748185396194458,0.7748185396194458,0.7748185396194458,0
1996-08-16,0.7482602000236511,0.7564586313229079,0.72978463952924,0.7564586313229079,512000
1996-08-19,0.7349809408187866,0.7471051065069849,0.734403368022728,0.7355580202640738,614400
1996-08-20,0.7344034314155579,0.7390226046091157,0.7344034314155579,0.7344034314155579,665600
1996-08-21,0.7432368993759155,0.7447959586203226,0.7343455889452195,0.7344035224337101,1280000
1996-08-22,0.7436410784721375,0.7505695550852652,0.7436410784721375,0.7494149029546437,512000
1996-08-23,0.7592297196388245,0.7596914959330233,0.7528788860200425,0.7546111109527073,921600
1996-08-26,0.7564587593078613,0.7736638037273138,0.7540335878594437,0.7736638037273138,563200
1996-08-27,0.7591145038604736,0.7621167549049558,0.7459504949847428,0.7459504949847428,1382400
1996-08-28,0.7563427686691284,0.7713543730917929,0.7563427686691284,0.7621165927923141,819200
1996-08-29,0.7668509483337402,0.7759734241051882,0.7621164739029576,0.7621164739029576,460800
1996-08-30,0.7736637592315674,0.7794375839668822,0.7736637592315675,0.7794375839668822,153600
1996-09-02,0.7733755707740784,0.7864237877035737,0.7730870309354217,0.7864237877035737,716800
1996-09-03,0.7656964659690857,0.7714123569988641,0.7656964659690857,0.7713544235279269,870400
1996-09-04,0.7740683555603027,0.7740683555603027,0.7701999914146896,0.7701999914146896,307200
1996-09-05,0.7782828211784363,0.7782828211784363,0.7748183012978452,0.7782828211784363,358400
1996-09-06,0.796758770942688,0.8083058605925308,0.7736640278133828,0.775973896807047,4864000
1996-09-09,0.7759736776351929,0.7909847207912705,0.7759736776351929,0.7875207640235895,3993600
1996-09-10,0.7721628546714783,0.7736639804628066,0.7690453704173901,0.7690453704173901,153600
1996-09-11,0.7655805349349976,0.7690450548771476,0.7632712308598,0.7632712308598,153600
1996-09-12,0.7666200399398804,0.7666200399398804,0.7665047368135861,0.7665047368135861,153600
1996-09-13,0.7622321844100952,0.7655808387489547,0.7580752803720369,0.7580752803720369,256000
1996-09-16,0.7621167302131653,0.7621167302131652,0.759807425679235,0.759807425679235,256000
1996-09-17,0.7619433403015137,0.7735483579432152,0.7563427528674204,0.7735483579432152,409600
1996-09-18,0.7667357325553894,0.7736636446161137,0.7667357325553894,0.7667357325553894,256000
1996-09-19,0.7736637592315674,0.7736637592315675,0.7667358461444982,0.7667358461444982,256000
1996-09-20,0.7739526629447937,0.7759734270778088,0.7736635594824043,0.7736635594824043,1024000
1996-09-23,0.7800145149230957,0.7852113302023316,0.762116597399344,0.762116597399344,3020800
1996-09-24,0.7736637592315674,0.7747610417688783,0.7678904983256765,0.7680058014428349,307200
1996-09-25,0.7761462330818176,0.7781670682240343,0.7736637625968912,0.7736637625968912,307200
1996-09-26,0.7680058479309082,0.7713545015599813,0.7680058479309082,0.7713545015599813,102400
1996-09-27,0.7667357325553894,0.7667357325553894,0.7563427368056226,0.7563427368056226,563200
1996-09-30,0.7615389823913574,0.7650035025461538,0.7563428012278879,0.7598073213826843,2560000
1996-10-01,0.7447957992553711,0.7574981015218579,0.7447957992553711,0.7563428854553538,1075200
1996-10-02,0.7447957992553711,0.7447957992553711,0.7447957992553711,0.7447957992553711,0
1996-10-03,0.7502805590629578,0.7502805590629578,0.7315164549306746,0.7332487505288514,1740800
1996-10-04,0.7419086694717407,0.7447376830482101,0.733825541966218,0.7344031850970785,2150400
1996-10-07,0.7240687608718872,0.7384447888002403,0.7193916552894865,0.7384447888002403,1382400
1996-10-08,0.7297849059104919,0.7344035158052686,0.7150617653953442,0.7170826010407225,1587200
1996-10-09,0.7496455311775208,0.7505695771110389,0.7251655380036778,0.7251655380036778,1484800
1996-10-10,0.7856152057647705,0.8013771282804912,0.773663783572045,0.7909846944935041,2611200
1996-10-11,0.7898878455162048,0.7967583880427636,0.7854998436112404,0.7967583880427636,3225600
1996-10-14,0.7748185396194458,0.7852115386285928,0.773663887247211,0.7852115386285928,460800
1996-10-15,0.7642523646354675,0.7788595567950439,0.7586523430804732,0.776781423520813,1843200
1996-10-16,0.7721053957939148,0.7736638910654303,0.767890629175764,0.7713545863095638,716800
1996-10-17,0.7712963223457336,0.773663559570463,0.7678903001544901,0.773663559570463,768000
1996-10-18,0.7716431617736816,0.7736639975295501,0.7707770490333382,0.7736639975295501,256000
1996-10-21,0.7716431617736816,0.7716431617736816,0.7716431617736816,0.7716431617736816,0
1996-10-22,0.7979130744934082,0.8025316828011786,0.7938714750700868,0.7943332513264579,1280000
1996-10-23,0.8071507215499878,0.8198524561266626,0.8025315501762008,0.8140791966960285,819200
1996-10-24,0.7971621751785278,0.8314002196550927,0.7969316394493534,0.8314002196550927,409600
1996-10-25,0.7955460548400879,0.7956039883240221,0.7852115529547821,0.7852115529547821,307200
1996-10-28,0.7953723669052124,0.7984972893574455,0.786982498935384,0.7984972893574455,665600
1996-10-29,0.7969344258308411,0.79965405770465,0.7594973906254741,0.7594973906254741,921600
1996-10-30,0.7969344258308411,0.7969344258308411,0.7969344258308411,0.7969344258308411,0
1996-10-31,0.7868088483810425,0.7915536560541184,0.7707234305142409,0.7892393121185461,460800
1996-11-01,0.7927106618881226,0.7927106618881226,0.7868086834841783,0.7868086834841783,409600
1996-11-04,0.786925196647644,0.786925196647644,0.775468463325802,0.775468463325802,153600
1996-11-05,0.786925196647644,0.7892395412551302,0.7771464090773567,0.7771464090773567,460800
1996-11-06,0.786925196647644,0.786925196647644,0.7810232152932847,0.7810232152932847,409600
1996-11-07,0.7983235120773315,0.7983235120773315,0.7927107027088534,0.7927107027088534,460800
1996-11-08,0.8031837344169617,0.8088540376339748,0.8031837344169617,0.8088540376339748,153600
1996-11-11,0.7931163907051086,0.7996547006393099,0.7931163907051086,0.7996547006393099,358400
1996-11-12,0.7931163907051086,0.7931163907051086,0.7931163907051086,0.7931163907051086,0
1996-11-13,0.8042833209037781,0.8042833209037781,0.7962406098889674,0.7962406098889674,358400
1996-11-14,0.8079289197921753,0.812383993634712,0.8042832236831201,0.8042832236831201,409600
1996-11-15,0.81006920337677,0.8100692033767701,0.8100692033767701,0.8100692033767701,102400
1996-11-18,0.8064243197441101,0.8097802805418162,0.8044566402479196,0.8089122780531708,307200
1996-11-19,0.8114585876464844,0.8170133393941541,0.8043413743522027,0.8043413743522027,1126400
1996-11-20,0.8123840093612671,0.8123840093612671,0.8078128156122926,0.8078128156122926,153600
1996-11-21,0.8089121580123901,0.8112265013537833,0.8089121580123901,0.8112265013537833,153600
1996-11-22,0.8094906210899353,0.8100695249108917,0.8089123529613151,0.8089123529613151,307200
1996-11-25,0.8031259775161743,0.8031259775161743,0.7984972894333748,0.7984972894333748,102400
1996-11-26,0.7998862266540527,0.8031260685287076,0.7998862266540528,0.8008117242250398,256000
1996-11-27,0.7990756630897522,0.7996545670227154,0.7960669306797429,0.7960669306797429,460800
1996-11-28,0.8028367757797241,0.8042831171404897,0.798497257270044,0.798497257270044,512000
1996-11-29,0.8042833209037781,0.8042833209037781,0.7930001319986437,0.7930001319986437,153600
1996-12-02,0.8038784265518188,0.8042831506980791,0.794909654711706,0.7984972905862264,921600
1996-12-03,0.7938676476478577,0.8100691781258745,0.7938676476478578,0.8100691781258745,716800
1996-12-04,0.7868088483810425,0.7869249681829739,0.7811385432841796,0.7811385432841796,1075200
1996-12-05,0.7844944000244141,0.784609954751101,0.7637797319838548,0.7637797319838548,1126400
1996-12-06,0.7984975576400757,0.7984975576400757,0.7846103586073389,0.7847264784535833,716800
1996-12-09,0.7984975576400757,0.7984975576400757,0.7984975576400757,0.7984975576400757,153600
1996-12-10,0.7955460548400879,0.7969929614521495,0.7892394208358045,0.7892394208358045,256000
1996-12-11,0.8152770400047302,0.8158559438215023,0.8089123471143781,0.8100695190555903,307200
1996-12-12,0.8158559203147888,0.8158559203147888,0.8123838395313402,0.8123838395313402,768000
1996-12-13,0.8158559203147888,0.8158559203147888,0.8100694957155973,0.8100694957155973,409600
1996-12-16,0.82002192735672,0.821526328722403,0.8158560232040369,0.8158560232040369,409600
1996-12-17,0.8293954133987427,0.8308998147459264,0.8216999332739943,0.8239567825084755,768000
1996-12-18,0.8505727648735046,0.8609884420678042,0.8447869053875926,0.8609884420678042,512000
1996-12-19,0.8679314255714417,0.8679314255714417,0.8518460095734287,0.8621455664047066,665600
1996-12-20,0.8829757571220398,0.8829757571220399,0.8679313937210155,0.8725606459443218,1177600
1996-12-23,0.885290265083313,0.8887623461604284,0.8806615770603351,0.885290265083313,1843200
1996-12-24,0.8795045018196106,0.8910767882101458,0.8748752482274301,0.8748752482274301,1382400
1996-12-25,0.8795045018196106,0.8795045018196106,0.8795045018196106,0.8795045018196106,0
1996-12-26,0.896862804889679,0.896862804889679,0.8957056325553233,0.8957056325553233,153600
1996-12-27,0.896862804889679,0.896862804889679,0.896862804889679,0.896862804889679,0
1996-12-30,0.896862804889679,0.896862804889679,0.896862804889679,0.896862804889679,0
1996-12-31,0.8910765647888184,0.9026488482778128,0.8910765647888184,0.9026488482778128,972800
1997-01-01,0.9143373370170593,0.9373663514179146,0.9142212172168048,0.9142212172168048,665600
1997-01-02,0.9227845072746277,0.9304225610134322,0.9153781986607284,0.9256777543963509,921600
1997-01-03,0.9211645126342773,0.9246360273518411,0.9154361495931345,0.9154361495931345,768000
1997-01-06,0.925794243812561,0.9362093584229569,0.925794243812561,0.9362093584229569,921600
1997-01-07,0.9277613759040833,0.9292657774514989,0.9142794687271546,0.9142794687271546,819200
1997-01-08,0.9276458024978638,0.9373665290296677,0.9258517371174952,0.9373665290296677,870400
1997-01-09,0.9367304444313049,0.9367878686649063,0.925794482974664,0.925794482974664,972800
1997-01-10,0.9501539468765259,0.9605110004574807,0.9431522896276603,0.9483598110543724,2150400
1997-01-13,0.9638670086860657,0.9638670086860658,0.9571550855759341,0.9603954923753734,614400
1997-01-14,0.9649665355682373,0.9662973221278259,0.9570974415808055,0.9662973221278259,921600
1997-01-15,1.0066852569580078,1.0068008117199638,0.9929141806566348,0.9934924488938807,2918400
1997-01-16,0.9387549161911011,1.0241590259392483,0.9387549161911011,1.0241590259392483,716800
1997-01-17,0.9605108499526978,0.9605108499526978,0.9431521418428556,0.9431521418428556,2713600
1997-01-20,0.9558823704719543,0.9743982544765438,0.9558823704719542,0.9673965968013464,614400
1997-01-21,0.934704601764679,0.9535677088213677,0.9315797507226098,0.937423669274805,2867200
1997-01-22,0.9680331945419312,0.9680331945419313,0.9443097960338456,0.9500956548569944,409600
1997-01-23,0.9680331945419312,0.9680331945419313,0.9680331945419313,0.9680331945419313,0
1997-01-24,0.9469134211540222,0.9559977467952181,0.9454670798835947,0.9559977467952181,2252800
1997-01-27,0.9836559891700745,1.0068005567680487,0.9836559891700745,0.9904834656808821,921600
1997-01-28,0.9625940322875977,0.9697687376202216,0.9570973426137496,0.9697687376202216,921600
1997-01-29,0.9686116576194763,0.9686116576194763,0.9686116576194763,0.9686116576194763,358400
1997-01-30,0.9583700895309448,0.9645611671776164,0.9561713006026729,0.9581964749088537,512000
1997-01-31,0.9651402831077576,0.9662974551903428,0.957039513469741,0.957039513469741,768000
1997-02-03,0.9664129018783569,0.9720837719635472,0.9570394064523795,0.9570394064523795,614400
1997-02-04,0.969479501247406,0.997542487116578,0.9662971554007485,0.9662971554007485,2508800
1997-02-05,0.9894419312477112,1.0065114715413097,0.9894419312477113,1.0056434689564802,665600
1997-02-06,0.9894419312477112,0.992914012219513,0.9778696464813899,0.9778696464813899,307200
1997-02-07,0.997542679309845,1.0010147602092767,0.9975426793098451,0.9975426793098451,204800
1997-02-10,1.0021717548370361,1.0068004418041663,1.0010145830952535,1.0068004418041663,256000
1997-02-11,1.0298877954483032,1.0299458553539127,1.0056435469070124,1.006800718967354,1075200
1997-02-12,1.0415178537368774,1.0473042775024335,1.0256060536293452,1.0473042775024335,256000
1997-02-13,1.044237494468689,1.044989377108053,1.038046346606955,1.040476244827659,2201600
1997-02-14,1.0361367464065552,1.0981647033470567,1.0357315278930543,1.0981647033470567,1075200
1997-02-17,1.0426173210144043,1.0588769209426157,1.035731783050018,1.0588769209426157,870400
1997-02-18,1.0397241115570068,1.0472460444771,1.0357312587392626,1.0403605099983277,1382400
1997-02-19,1.0530905723571777,1.0530905723571777,0.9969645765208193,0.9969645765208193,972800
1997-02-20,1.0531483888626099,1.055405237928175,1.0473044691975602,1.0507759850564566,614400
1997-02-21,1.065820574760437,1.065820574760437,1.047362184350913,1.047362184350913,3993600
1997-02-24,1.047940731048584,1.053090262457673,1.047419957791524,1.0496187468180094,307200
1997-02-25,1.060207724571228,1.0704492243462247,1.0485773780609489,1.053090511916292,1382400
1997-02-26,1.090527057647705,1.0924366768656417,1.0646628630470236,1.0646628630470236,2457600
1997-02-27,1.1103739738464355,1.1103739738464355,1.0878077435188283,1.0879813581589564,2048000
1997-02-28,1.1873308420181274,1.1908022875094735,1.1688149592378843,1.1688149592378843,1024000
1997-03-03,1.3593549728393555,1.359412326418253,1.2961117747018205,1.3412436732252968,1894400
1997-03-04,1.3152637481689453,1.3597592375800667,1.290324976996423,1.3596436828594716,3276800
1997-03-05,1.325621247291565,1.3886914057650455,1.307741760683343,1.3886914057650455,4249600
1997-03-06,1.263245701789856,1.3655458224015768,1.234777424217461,1.360627400673951,3993600
1997-03-07,1.263245701789856,1.263245701789856,1.263245701789856,1.263245701789856,0
1997-03-10,1.1804450750350952,1.2278338142733916,1.1803870151417342,1.1803870151417342,3430400
1997-03-11,1.161697268486023,1.2151041653867558,1.1352542419094138,1.2151041653867558,3174400
1997-03-12,1.199365496635437,1.215104245830878,1.1763364177737659,1.2035319643615583,3379200
1997-03-13,1.209317684173584,1.226676458567234,1.201216988713509,1.202374089657173,5222400
1997-03-14,1.206424593925476,1.2260975704555146,1.2058462553436995,1.2093176994835582,3430400
1997-03-17,1.2035322189331055,1.2197331903931066,1.1491417499449967,1.1491417499449967,1638400
1997-03-18,1.1843218803405762,1.2093179358323445,1.1688147326330993,1.2059039858476344,10496000
1997-03-19,1.1859419345855713,1.2035322473008256,1.183858629600282,1.201217338414985,972800
1997-03-20,1.1861732006072998,1.1908018872164585,1.1168540063352677,1.1168540063352677,2560000
1997-03-21,1.183858871459961,1.1861737101862382,1.1688725633078099,1.183858871459961,8550400
1997-03-24,1.183858871459961,1.183858871459961,1.183858871459961,1.183858871459961,0
1997-03-25,1.2157411575317383,1.2324634002007577,1.1787093185171762,1.1861736897231712,2304000
1997-03-26,1.2278337478637695,1.2278337478637695,1.197861141810633,1.197861141810633,1126400
1997-03-27,1.2724459171295166,1.2729667611336435,1.2394064383616303,1.2532355741858767,2816000
1997-03-28,1.2724459171295166,1.2724459171295166,1.2724459171295166,1.2724459171295166,0
1997-03-31,1.1833956241607666,1.1833956241607666,1.1833956241607666,1.1833956241607666,51200
1997-04-01,1.1683518886566162,1.197687531194444,1.0993798466728142,1.0994379065632287,2969600
1997-04-02,1.243341326713562,1.2463499882739315,1.215104717297988,1.215104717297988,2150400
1997-04-03,1.3084359169006348,1.3227276931295207,1.2498219762419238,1.2498219762419238,2355200
1997-04-04,1.400031566619873,1.400031566619873,1.3400863504375229,1.400031566619873,8448000
1997-04-07,1.4008415937423706,1.4008415937423706,1.4008415937423706,1.4008415937423706,870400
1997-04-08,1.4008415937423706,1.4008415937423706,1.4008415937423706,1.4008415937423706,0
1997-04-09,1.4691766500473022,1.498860088533078,1.4598612155743314,1.498860088533078,12697600
1997-04-10,1.3836568593978882,1.4696979772255339,1.3664143366916797,1.4650692884137262,15155200
1997-04-11,1.3770027160644531,1.3829046250740376,1.323885534978193,1.3286297775923746,9523200
1997-04-14,1.3770027160644531,1.3770027160644531,1.3770027160644531,1.3770027160644531,0
1997-04-15,1.410157561302185,1.417621859863011,1.3886909398804492,1.3944767283351085,5632000
1997-04-16,1.410157561302185,1.410157561302185,1.410157561302185,1.410157561302185,0
1997-04-17,1.4333608150482178,1.434981265970237,1.4124150283198986,1.4183169391446775,2969600
1997-04-18,1.4333608150482178,1.4333608150482178,1.4333608150482178,1.4333608150482178,0
1997-04-21,1.4765255451202393,1.479534347270215,1.45233872560241,1.45233872560241,3225600
1997-04-22,1.5044728517532349,1.5102011449536061,1.4812702270955826,1.4812702270955826,8345600
1997-04-23,1.4984549283981323,1.4986285430343012,1.4882135013086457,1.4974714417447486,2560000
1997-04-24,1.5021008253097534,1.5076556465611652,1.4941155402052686,1.5076556465611652,1996800
1997-04-25,1.5305687189102173,1.5333457050357102,1.4941151607318892,1.4941151607318892,3174400
1997-04-28,1.6374975442886353,1.6377292188085781,1.521773578808047,1.5368180135793132,11161600
1997-04-29,1.6294546127319336,1.7242908428840058,1.5564907135540762,1.6548560240797008,8960000
1997-04-30,1.6798527240753174,1.733548794118552,1.666428883145667,1.666428883145667,16896000
1997-05-01,1.6798527240753174,1.6798527240753174,1.6798527240753174,1.6798527240753174,0
1997-05-02,1.6611051559448242,1.6774222436706334,1.6432837380295708,1.671057552461561,7475200
1997-05-05,1.6273144483566284,1.6583286084867255,1.6212968429654036,1.6444414138862804,10086400
1997-05-06,1.639870047569275,1.6432841391170545,1.6155103179061197,1.627082602145716,7270400
1997-05-07,1.653409719467163,1.6658499323599796,1.6288181804485697,1.637497214772961,7936000
1997-05-08,1.6950135231018066,1.7092472426764629,1.6664296815970767,1.6780019686765064,18227200
1997-05-09,1.6965174674987793,1.711561197124035,1.688416628238356,1.6953602249279993,7424000
1997-05-12,1.6727941036224365,1.69536033522071,1.666429410334049,1.6930454261336652,5734400
1997-05-13,1.6815316677093506,1.6844824112521208,1.6722156640510273,1.6722156640510273,2713600
1997-05-14,1.6784058809280396,1.680315500199052,1.6548560288927787,1.6780011569147646,3942400
1997-05-15,1.6656767129898071,1.6785798540960661,1.6607582910071421,1.6785798540960661,1843200
1997-05-16,1.6641716957092285,1.668742886542953,1.6571706073653556,1.666428543719352,2764800
1997-05-19,1.6757452487945557,1.6915995616122204,1.6652720025614396,1.6710584997113997,3328000
1997-05-20,1.6756877899169922,1.6780021345496592,1.6687441909589575,1.6687441909589575,2150400
1997-05-21,1.6682809591293335,1.6780016842791299,1.6652715914628493,1.6780016842791299,2611200
1997-05-22,1.6160889863967896,1.666429030011727,1.5946798610657273,1.666429030011727,16947200
1997-05-23,1.6532270908355713,1.6826475719751814,1.6015818692484323,1.6178299458005285,20326400
1997-05-26,1.6670384407043457,1.6770192909565735,1.649165676296881,1.649165676296881,9011200
1997-05-27,1.7027838230133057,1.729244665257802,1.6724345430217387,1.681544965516033,20377600
1997-05-28,1.6713324785232544,1.6792241079780381,1.6481208536286212,1.6665740401682483,4915200
1997-05-29,1.6756263971328735,1.6787602968866342,1.6677346252517096,1.6711585251318635,819200
1997-05-30,1.7182190418243408,1.7234414512938958,1.6828218924329261,1.6828218924329261,3174400
1997-06-02,1.7378910779953003,1.740850297309154,1.7037121515886051,1.7037121515886051,2150400
1997-06-03,1.7880854606628418,1.812805739195586,1.7407922078234788,1.7407922078234788,4556800
1997-06-04,1.7895938158035278,1.7953967922369956,1.7756672957145954,1.7779882879489037,2406400
1997-06-05,1.7851836681365967,1.8104845102814229,1.782050335592503,1.7988784153313946,1587200
1997-06-06,1.8027079105377197,1.8104837913105236,1.7438087339813253,1.773345662258,5939200
1997-06-09,1.9109314680099487,1.928804656749669,1.8046817644726905,1.8081633245018487,14694400
1997-06-10,2.0447447299957275,2.0447447299957275,1.9039098159580976,1.9039098159580976,18534400
1997-06-11,2.027625799179077,2.147048434353599,2.0077804186114787,2.1017279608877133,19148800
1997-06-12,2.0255372524261475,2.0832172269342752,2.0077805228290306,2.0286123579219666,7526400
1997-06-13,1.9990179538726807,2.013582555200776,1.9845685308501293,1.985728955820252,4147200
1997-06-16,1.8807562589645386,1.984568908052149,1.8627093876008245,1.926540706650849,16025600
1997-06-17,2.012423515319824,2.012423515319824,1.9613588313174115,1.9613588313174115,4659200
1997-06-18,2.153315782546997,2.153315782546997,2.147048692750209,2.147048692750209,1894400
1997-06-19,2.2005510330200195,2.263105342562498,2.1006262374627944,2.263105342562498,9267200
1997-06-20,2.175598621368408,2.222485267805606,2.15923465687166,2.222485267805606,3788800
1997-06-23,2.143625259399414,2.158654689508565,2.1122320019203897,2.1528515702184445,3225600
1997-06-24,2.0607025623321533,2.1342824057391705,2.0309920718549948,2.10178680913088,4352000
1997-06-25,2.1116511821746826,2.181866055428793,2.089020691367993,2.089020691367993,3328000
1997-06-26,2.1499507427215576,2.163297265550868,2.112232025297121,2.1191955701832144,2048000
1997-06-27,2.1087496280670166,2.131960679560285,2.1013221142564897,2.1313808212016503,3328000
1997-06-30,2.1545333862304688,2.1586535960058764,2.106427815583437,2.106427815583437,4352000
1997-07-01,2.2451744079589844,2.292119287028721,2.1760628689165133,2.1760628689165133,15104000
1997-07-02,2.229564666748047,2.261944368568393,2.201595175631718,2.2573023845038946,4812800
1997-07-03,2.2866649627685547,2.309527791535589,2.1992737902808748,2.2259669716403887,6246400
1997-07-04,2.3254854679107666,2.3791615380644235,2.274710814612483,2.3072064000511716,9574400
1997-07-07,2.488312244415283,2.488312244415283,2.344344188078704,2.4255838479794023,9881600
1997-07-08,2.4478089809417725,2.5474437504520253,2.321133515984983,2.5404803499040702,8601600
1997-07-09,2.5999011993408203,2.611274809747906,2.3222938411167546,2.3222938411167546,9267200
1997-07-10,2.6404635906219482,2.69251512787458,2.582261275655578,2.611275163950637,6144000
1997-07-11,2.8028852939605713,2.8251681245052676,2.553247493157269,2.553247493157269,17254400
1997-07-14,2.89880633354187,2.934783918931512,2.8085725115917253,2.830623006392145,12032000
1997-07-15,2.7807185649871826,2.923468038884512,2.7563463718731,2.923468038884512,7270400
1997-07-16,2.7734060287475586,2.924628515415844,2.7400983828955585,2.8143746626521513,8857600
1997-07-17,2.7992870807647705,2.8248195525766855,2.720426333199747,2.760176032884825,5990400
1997-07-18,2.7992870807647705,2.7992870807647705,2.7992870807647705,2.7992870807647705,0
1997-07-21,2.6033828258514404,2.7296525230413704,2.6033828258514404,2.7296525230413704,307200
1997-07-22,2.421173572540283,2.668142188594365,2.421173572540283,2.421173572540283,5836800
1997-07-23,2.438582420349121,2.4894152927861914,2.396569967181112,2.4081753495402993,5478400
1997-07-24,2.4122378826141357,2.4545985720812427,2.391927963006619,2.4222188707292918,2048000
1997-07-25,2.3401095867156982,2.412818873768999,2.3153315029509405,2.374520294162793,2764800
1997-07-28,2.322932481765747,2.343184317761756,2.2807459027447226,2.2807459027447226,1689600
1997-07-29,2.3094115257263184,2.3571105075770618,2.2921187694389213,2.3571105075770618,3430400
1997-07-30,2.3106894493103027,2.3443461919507453,2.3037264689506816,2.3443461919507453,1689600
1997-07-31,2.3894906044006348,2.4724708379945217,2.3211333408492143,2.331230214213614,9113600
1997-08-01,2.5567870140075684,2.5567870140075684,2.5081010049597325,2.518429937228221,2355200
1997-08-04,2.726287603378296,2.735804479860046,2.698318107482648,2.734295686026971,1484800
1997-08-05,2.6606009006500244,2.767953390643537,2.6112765002843132,2.766328142853728,2099200
1997-08-06,2.645918130874634,2.7505428232511253,2.6228804849704557,2.744739989692913,819200
1997-08-07,2.637387752532959,2.6925149585165014,2.6124355664949825,2.6925149585165014,2252800
1997-08-08,2.5640406608581543,2.622881066166919,2.5300357086621945,2.622881066166919,1740800
1997-08-11,2.63883900642395,2.6901941031188334,2.5532477452823272,2.5532477452823272,1689600
1997-08-12,2.575762987136841,2.6693048364091196,2.5416421342967688,2.6287427775900123,2252800
1997-08-13,2.5885863304138184,2.5996700852962626,2.502182173756099,2.5242326634594696,1126400
1997-08-14,2.544020652770996,2.5532476714166465,2.4075959307503947,2.437190675737943,7731200
1997-08-15,2.544020652770996,2.544020652770996,2.544020652770996,2.544020652770996,0
1997-08-18,2.7094595432281494,2.7221098948328004,2.512627529810214,2.512627529810214,8396800
1997-08-19,2.669477939605713,2.7911635097861844,2.6228812852524945,2.7563462144721282,14899200
1997-08-20,2.80195689201355,2.8410685168229333,2.5091460129701546,2.5091460129701546,9574400
1997-08-21,2.819713830947876,2.843389287918876,2.7598284515389766,2.8201776611384206,6323200
1997-08-22,2.8229634761810303,2.8317839000259455,2.799287735864381,2.8317839000259455,3251200
1997-08-25,2.885516405105591,2.913021778549652,2.7853600113777817,2.8085710614644577,5273600
1997-08-26,3.003546714782715,3.0151520999038124,2.9014168323117207,2.9014168323117207,7961600
1997-08-27,3.067262887954712,3.1219254321503755,3.0174746692487466,3.0290800577119525,8448000
1997-08-28,2.9818453788757324,3.07550281238472,2.9292713444369776,3.045328348372027,8755200
1997-08-29,2.950857400894165,2.9733725722254154,2.9060599650038004,2.9292710232357413,6809600
1997-09-01,2.968498706817627,2.9780147340765093,2.942153605893676,2.9780147340765093,2560000
1997-09-02,2.9846291542053223,3.0515937986359902,2.9483033584660077,2.9483033584660077,8166400
1997-09-03,2.9560794830322266,2.9919411700698864,2.924628573544128,2.982656634915778,4633600
1997-09-04,2.965944766998291,2.9710514316513685,2.9275296037624496,2.954803210792981,2867200
1997-09-05,3.039872646331787,3.0592540568414237,2.9617667208447993,2.975693240265865,4403200
1997-09-08,3.2527201175689697,3.2527201175689693,2.994261956838763,2.9968151470419357,9292800
1997-09-09,3.476593017578125,3.480422660553461,3.3633216079709833,3.3633216079709833,12288000
1997-09-10,3.431910991668701,3.458488136443057,3.2310173693557283,3.458488136443057,10393600
1997-09-11,3.304365634918213,3.3654112819550317,3.2385615504027507,3.34707455217845,7091200
1997-09-12,3.3521816730499268,3.4095132872592595,3.228696888561096,3.2727987187392036,6425600
1997-09-15,3.3207297325134277,3.386533533518487,3.263513729601143,3.263513729601143,5299200
1997-09-16,3.361698627471924,3.3888563543430337,3.2844047356423864,3.3563601881515566,4940800
1997-09-17,3.304133415222168,3.330826454064395,3.2942688798611357,3.319221068344087,537600
1997-09-18,3.108694314956665,3.1518673507175623,3.0406852587155857,3.0406852587155857,5094400
1997-09-19,3.2433202266693115,3.330826577972704,3.0934909201706526,3.1219248104299093,9728000
1997-09-22,3.29937481880188,3.3679638545298514,3.2195277765445307,3.272797672489014,5273600
1997-09-23,3.414503574371338,3.455587527705109,3.296009868471005,3.296009868471005,6630400
1997-09-24,3.517561435699463,3.5629394265200496,3.3772487428352003,3.3772487428352003,11494400
1997-09-25,3.6153993606567383,3.655786594517916,3.509671561483439,3.509671561483439,8422400
1997-09-26,3.701627254486084,3.7695204021228412,3.6325732568815967,3.6627479891645995,10649600
1997-09-29,3.721937894821167,3.7833323439935365,3.6673918111485957,3.6673918111485957,6579200
1997-09-30,3.7590765953063965,3.80433871612072,3.669713204219718,3.7090566023171294,14976000
1997-10-01,3.7090556621551514,3.7251871454730465,3.611800098748146,3.6789968092799192,7577600
1997-10-02,3.7090556621551514,3.7090556621551514,3.7090556621551514,3.7090556621551514,0
1997-10-03,3.7090556621551514,3.7090556621551514,3.7090556621551514,3.7090556621551514,0
1997-10-06,3.7090556621551514,3.7090556621551514,3.7090556621551514,3.7090556621551514,0
1997-10-07,3.7090556621551514,3.7090556621551514,3.7090556621551514,3.7090556621551514,0
1997-10-08,3.7090556621551514,3.7090556621551514,3.7090556621551514,3.7090556621551514,0
1997-10-09,3.4280807971954346,3.516515907298563,3.391175009389169,3.4352768194669987,13363200
1997-10-10,3.650912046432495,3.737026365447454,3.470095607192327,3.470095607192327,28544000
1997-10-13,3.694896936416626,3.7367929499013224,3.597757256176409,3.7091716832066424,15948800
1997-10-14,3.6127281188964844,3.7184558713377336,3.5745458665455936,3.7184558713377336,9548800
1997-10-15,3.5919530391693115,3.7138130981347652,3.312256490216037,3.4816997795013425,31974400
1997-10-16,3.4716036319732666,3.5977574942678503,3.4262256312993222,3.5977574942678503,18764800
1997-10-17,3.448160171508789,3.539729078109959,3.4004610376594075,3.479263423877723,9830400
1997-10-20,3.456631660461426,3.5049113512815735,3.365875679336279,3.365875679336279,5606400
1997-10-21,3.417290210723877,3.481701980708619,3.379572055941166,3.456169216175123,13721600
1997-10-22,3.325603723526001,3.4399195478765328,3.307614938983532,3.416708496324514,7910400
1997-10-23,3.2526049613952637,3.319221395030157,3.1845959040041905,3.2983311886627824,12620800
1997-10-24,3.2275373935699463,3.2611938454327425,3.114962364925422,3.2289300176683575,7654400
1997-10-27,3.1955041885375977,3.21244857542956,3.1683467581768414,3.184594975064564,4019200
1997-10-28,2.9877634048461914,3.1451358279235935,2.9014170548564957,3.1451358279235935,13132800
1997-10-29,3.2071101665496826,3.2217337061302858,3.080143978010669,3.1428148737913304,11520000
1997-10-30,3.1241297721862793,3.172989182943468,3.106257156135815,3.1567418138200702,2048000
1997-10-31,3.1241297721862793,3.1241297721862793,3.1241297721862793,3.1241297721862793,0
1997-11-03,3.08966064453125,3.1520991960415277,3.0244365626513687,3.1220403454342587,5555200
1997-11-04,3.129352331161499,3.1729891912378343,3.041845420941801,3.1172819826130347,4428800
1997-11-05,3.029195547103882,3.087108011818781,2.9599100355268844,3.068538939366688,8115200
1997-11-06,3.0251333713531494,3.036043154075883,2.980335940239628,3.0081895471577553,10112000
1997-11-07,3.039757490158081,3.06389734408281,2.996700334599673,2.996700334599673,4249600
1997-11-10,3.0296592712402344,3.0380158627845866,2.9968154552345685,3.0360429557584,2048000
1997-11-11,3.167884111404419,3.2031652383745204,3.0174744999180265,3.0174744999180265,6732800
1997-11-12,3.056584119796753,3.179952119557218,3.054611213295361,3.179952119557218,7347200
1997-11-13,3.0409178733825684,3.0615754578471197,3.0035473859095045,3.047648935921692,5555200
1997-11-14,3.0409178733825684,3.040917873382568,3.040917873382568,3.040917873382568,0
1997-11-17,3.068190574645996,3.0871078730243675,3.0291954109131765,3.0871078730243675,2816000
1997-11-18,3.0222318172454834,3.0755020080714788,2.9965831753653895,3.0755020080714788,10214400
1997-11-19,3.1698553562164307,3.196200161603422,2.982655905296284,2.982655905296284,12288000
1997-11-20,3.3737688064575195,3.391177315692809,3.1407265561511624,3.1407265561511624,25574400
1997-11-21,3.2610766887664795,3.479379465211648,3.2380979710856628,3.277441364266464,13209600
1997-11-24,3.1975948810577393,3.412067485573388,3.1527968711632286,3.2727994133727756,16153600
1997-11-25,3.347073793411255,3.3888544743820783,3.1613831372807297,3.1823895060920777,10137600
1997-11-26,3.313534736633301,3.3540384123904654,3.2565504991383567,3.3540384123904654,10752000
1997-11-27,3.324328899383545,3.3401121615002096,3.2867266317635795,3.2867266317635795,4172800
1997-11-28,3.216280698776245,3.3145809992003956,3.1963187097827754,3.2495892149023486,17920000
1997-12-01,3.2932233810424805,3.305176989503174,3.1753099928339186,3.2379800181148757,9984000
1997-12-02,3.2711727619171143,3.3377891696521034,3.258058019675518,3.29136650688446,6400000
1997-12-03,3.272914409637451,3.3145792165817056,3.2565503022693916,3.2611928534212713,17049600
1997-12-04,3.2133777141571045,3.2727986884662976,3.133530647112772,3.261193018353504,9164800
1997-12-05,3.1910955905914307,3.235545373631169,3.1742673652027746,3.219413035256834,14745600
1997-12-08,3.0702805519104004,3.1985229451842185,3.036043819239315,3.191559258587479,14233600
1997-12-09,3.0251333713531494,3.0778232811115322,3.0081895471577553,3.073181296633386,23116800
1997-12-10,3.031400680541992,3.073181375330634,2.9989050883135797,2.9989050883135797,8729600
1997-12-11,2.8334085941314697,3.0267591992614182,2.728261094501471,3.0151529608019167,30924800
1997-12-12,2.5698437690734863,2.8317843295740324,2.5582383789332632,2.7876824870013235,36582400
1997-12-15,2.661295175552368,2.715725926428291,2.571815931987112,2.599553080784875,30054400
1997-12-16,2.61173939704895,2.711084321963427,2.555568071522965,2.711084321963427,42470400
1997-12-17,2.745151996612549,2.7983775763601084,2.6821655992697173,2.7170291072808483,13977600
1997-12-18,2.7181894779205322,2.768160190246306,2.708195165223514,2.756539312095021,5196800
1997-12-19,2.733297348022461,2.737829487790198,2.7170274372311183,2.7231864262181,2022400
1997-12-22,2.774435043334961,2.8006989756032117,2.7423608154102173,2.786753301380663,7500800
1997-12-23,2.6763532161712646,2.8075563139627002,2.656713848314702,2.7774573321826166,8704000
1997-12-24,2.7401528358459473,2.7658357121526493,2.6798391307683826,2.696109037993232,4582400
1997-12-25,2.7401528358459473,2.7401528358459477,2.7401528358459477,2.7401528358459477,0
1997-12-26,2.761303424835205,2.782105185995571,2.7264396640514015,2.7518904562597193,13363200
1997-12-29,2.8621747493743896,2.8890194554615656,2.7507276683637323,2.7681594062332073,11673600
1997-12-30,2.791170358657837,2.8843723108906243,2.7729251898839133,2.8843723108906243,8780800
1997-12-31,2.884488582611084,2.9159823333867134,2.812321326401433,2.812321326401433,6451200
1998-01-01,2.874957799911499,2.893668262821612,2.8611287344018512,2.8934356126694247,3097600
1998-01-02,2.8890199661254883,2.913308645801737,2.8471840715635173,2.8471840715635173,5632000
1998-01-05,2.9902398586273193,3.0540401894283224,2.900641179976196,2.900641179976196,13081600
1998-01-06,2.957934856414795,3.0447446088812824,2.940154135471321,2.9797821334980936,14745600
1998-01-07,3.000002861022949,3.0563649272303737,2.9773413122286354,2.986638241489989,14924800
1998-01-08,2.875771999359131,2.9831511174146805,2.868217961860078,2.963627796160791,7782400
1998-01-09,2.7696709632873535,2.870310337316075,2.708079089863206,2.8254525395686363,8422400
1998-01-12,2.686462879180908,2.744452624401955,2.672865898149584,2.744452624401955,5299200
1998-01-13,2.7051732540130615,2.740268814883656,2.6728663741866,2.7170267798389647,10854400
1998-01-14,2.7778055667877197,2.819060687797909,2.7384099450010995,2.784429855446844,5632000
1998-01-15,2.7277183532714844,2.800699004000637,2.69018195337677,2.800699004000637,4966400
1998-01-16,2.7263243198394775,2.7542151086226925,2.707730460650668,2.730972500916905,3251200
1998-01-19,2.6878578662872314,2.712378345179749,2.644975896709298,2.712378345179749,3788800
1998-01-20,2.6968064308166504,2.730972534002094,2.4985492913262086,2.4985492913262086,6553600
1998-01-21,2.741082191467285,2.765835600983105,2.6822792962512256,2.7077298050859873,3942400
1998-01-22,2.709472894668579,2.7606062825413207,2.703081256649452,2.705406056095862,2278400
1998-01-23,2.698549509048462,2.730972436759341,2.68448778987936,2.7193515587591146,7526400
1998-01-26,2.698549509048462,2.698549509048462,2.698549509048462,2.698549509048462,0
1998-01-27,2.6665921211242676,2.6844886020999232,2.605464962214282,2.6844886020999232,7552000
1998-01-28,2.6095314025878906,2.6670555754860628,2.6031397647726005,2.631030547966593,17664000
1998-01-29,2.51505184173584,2.5798976991954548,2.51017101040401,2.5450339292200663,3712000
1998-01-30,2.565370798110962,2.5747837675225353,2.5183048161741817,2.5183048161741817,2585600
1998-02-02,2.594539165496826,2.6147601497474375,2.5682755198191334,2.5798966773012095,1766400
1998-02-03,2.582221508026123,2.605464114657367,2.5729245788615303,2.598607459166623,15206400
1998-02-04,2.5814082622528076,2.621733917840787,2.57873533848269,2.603372143023414,14950400
1998-02-05,2.6016287803649902,2.603140155531585,2.576411484291752,2.5822214975565414,998400
1998-02-06,2.5963990688323975,2.6124368945929537,2.5869860990081017,2.611042128349585,1664000
1998-02-09,2.6077890396118164,2.614761738337302,2.586870943435359,2.603140857514663,716800
1998-02-10,2.628009557723999,2.667753880770725,2.588032868147606,2.588032868147606,2176000
1998-02-11,2.62638258934021,2.6728672419607413,2.603256588149417,2.6705430093297147,1100800
1998-02-12,2.5961670875549316,2.614760945182682,2.44044352992252,2.556655423815713,1382400
1998-02-13,2.6282408237457275,2.6333540195846656,2.5984905469019073,2.6142957183922917,896000
1998-02-16,2.6282408237457275,2.6282408237457275,2.6282408237457275,2.6282408237457275,0
1998-02-17,2.7636280059814453,2.796050933590268,2.724697114342003,2.744918105903007,3660800
1998-02-18,2.759909152984619,2.786405173322128,2.7588630782535573,2.76118787791353,1536000
1998-02-19,2.7625815868377686,2.7774564434348896,2.7571199825519943,2.7774564434348896,844800
1998-02-20,2.7988409996032715,2.821269618949728,2.768160672961967,2.7774576040800247,2764800
1998-02-23,3.077049493789673,3.078792950929181,2.8204543096399775,2.8307973088296885,12339200
1998-02-24,3.0810015201568604,3.1958180567599186,3.067985879231333,3.1140052134682934,6681600
1998-02-25,3.1880321502685547,3.2117394856969215,3.0496243119264688,3.195818270329358,5324800
1998-02-26,3.1499154567718506,3.1841978822817203,3.1307402570889473,3.1795497015255614,2457600
1998-02-27,3.250206232070923,3.302733537175306,3.149333934539963,3.149333934539963,6220800
1998-03-02,3.369323968887329,3.381758274336589,3.2771680784138586,3.3213285031518303,4377600
1998-03-03,3.2056970596313477,3.3236518467802103,3.160955872363606,3.3236518467802103,5094400
1998-03-04,3.3016879558563232,3.312030675891416,3.2330064955914626,3.2585733340871657,1920000
1998-03-05,3.2438137531280518,3.3236513461786554,3.2353308173556172,3.2771667079982585,1766400
1998-03-06,3.2323086261749268,3.271355548481278,3.22243092517514,3.242186610894403,1177600
1998-03-09,3.382106065750122,3.4166211418206744,3.2608972965286647,3.2638028705762636,5248000
1998-03-10,3.350264549255371,3.37013656527101,3.3122628402970373,3.336667563268114,2304000
1998-03-11,3.262059211730957,3.36083936051286,3.2428845804680435,3.36083936051286,2201600
1998-03-12,3.2736804485321045,3.2864634395493084,3.2306818770610084,3.2354466656780967,1356800
1998-03-13,3.2736804485321045,3.2736804485321045,3.2736804485321045,3.2736804485321045,0
1998-03-16,3.4841392040252686,3.537131514186419,3.3073809939280565,3.3073809939280565,8908800
1998-03-17,3.595122814178467,3.6258028547195114,3.47310060272156,3.4979697780448573,12697600
1998-03-18,3.7644429206848145,3.823362445648186,3.649044995980952,3.6606658755722936,24601600
1998-03-19,3.7350411415100098,3.823362262155805,3.707266959737044,3.77687761114212,14592000
1998-03-20,3.7633960247039795,3.776179299629903,3.6979688426573585,3.7190029702581926,8217600
1998-03-23,3.7977957725524902,3.804768470330224,3.7572380272999255,3.7744371215091626,2457600
1998-03-24,3.7141225337982178,3.876819061088825,3.690880497007826,3.8349826004508674,15513600
1998-03-25,3.8058135509490967,3.8698459719140854,3.779200924484825,3.8047674763238475,4992000
1998-03-26,3.740154981613159,3.7884991367860708,3.7234206191332087,3.7234206191332087,2432000
1998-03-27,3.9473602771759033,3.997680255742484,3.7071505999494803,3.7489870723921794,22400000
1998-03-30,4.036494255065918,4.166767309546119,3.9953548880473146,3.9953548880473146,18483200
1998-03-31,4.300178050994873,4.369556610320717,4.0627579547024535,4.0627579547024535,47462400
1998-04-01,4.499014854431152,4.520630037405761,4.281815531667518,4.334691515200087,34611200
1998-04-02,4.5002946853637695,4.590358406835467,4.397912418726361,4.418365493544431,30873600
1998-04-03,4.501223564147949,4.513657863792025,4.393030460563946,4.432309467218095,11084800
1998-04-06,4.663570880889893,4.683326567715506,4.520630623414942,4.555494384567562,20070400
1998-04-07,4.759445667266846,4.938992868195068,4.66473293207468,4.678678607422245,16153600
1998-04-08,4.759445667266846,4.759445667266846,4.759445667266846,4.759445667266846,0
1998-04-09,5.170834064483643,5.19233320836286,4.88088671852495,5.055203533890015,19737600
1998-04-10,4.8314971923828125,5.224873452063289,4.799539002896215,5.224873452063289,35302400
1998-04-13,4.380712509155273,4.7646749477972605,4.3579343550331515,4.7646749477972605,21145600
1998-04-14,4.380712509155273,4.380712509155273,4.380712509155273,4.380712509155273,0
1998-04-15,4.6740312576293945,4.715867728744147,4.5787380033940375,4.715867728744147,8704000
1998-04-16,4.865198135375977,5.1133104723248355,4.595006445273997,4.718190743016367,32537600
1998-04-17,5.157703399658203,5.1946584651288585,4.7879183924343796,4.7879183924343796,47334400
1998-04-20,5.191288471221924,5.38524610580783,5.148173849636164,5.229521978122687,34918400
1998-04-21,5.174437999725342,5.296924930440272,5.113311143192442,5.183037545887349,20172800
1998-04-22,5.303897380828857,5.668801840898154,5.259736968463784,5.647883750830487,37913600
1998-04-23,5.110289096832275,5.285303910036067,5.049626971657434,5.236495597076766,24140800
1998-04-24,5.032077312469482,5.18303604562674,4.823012787685924,5.0575281031533,30233600
1998-04-27,4.951196670532227,5.087745340591501,4.9041303912849425,5.043584352196541,11801600
1998-04-28,5.010928630828857,5.031730966707403,4.883793220138075,4.985478964594466,18432000
1998-04-29,4.962002277374268,5.043582473658333,4.941316273746673,5.020340722936,10214400
1998-04-30,5.0553998947143555,5.072868451947777,4.9272971416692615,4.962234256136106,22809600
1998-05-01,5.0553998947143555,5.0553998947143555,5.0553998947143555,5.0553998947143555,0
1998-05-04,5.245574951171875,5.26385950705733,5.077528197073001,5.077528197073001,37836800
1998-05-05,5.310792446136475,5.333734722770958,5.217278188976639,5.259202177214149,26598400
1998-05-06,5.287269592285156,5.322090728328639,5.205633032155778,5.275507877314822,27520000
1998-05-07,5.287269592285156,5.287269592285156,5.287269592285156,5.287269592285156,0
1998-05-08,5.359354496002197,5.426899029660566,5.27084655194125,5.322088232666241,48281600
1998-05-11,5.474297046661377,5.485127326515068,5.357025120531684,5.357025120531684,53913600
1998-05-12,5.314517498016357,5.391961444862531,5.19398443788735,5.380315738569873,76774400
1998-05-13,5.109318733215332,5.331402503122499,5.008117125504444,5.282490553552568,56908800
1998-05-14,5.301124572753906,5.322086840396606,5.007652257118203,5.007652257118203,67328000
1998-05-15,5.337226390838623,5.410478335112103,5.287149855979907,5.305782985229662,36352000
1998-05-18,5.407800197601318,5.454848167873442,5.35935394650419,5.364011660305575,28416000
1998-05-19,5.509583473205566,5.522393181085286,5.408265263018462,5.408265263018462,27520000
1998-05-20,5.823318004608154,5.87875167213799,5.543355380225205,5.543355380225205,89984000
1998-05-21,5.600769996643066,5.881082409435135,5.548014599391427,5.855461283765859,64563200
1998-05-22,5.703017711639404,5.741332535804922,5.589938371574772,5.599254935527396,26777600
1998-05-25,5.722236633300781,5.806551466662254,5.555004110705767,5.555004110705767,43212800
1998-05-26,5.672740936279297,5.778600308246892,5.624876394044802,5.7087254916251675,46873600
1998-05-27,5.781044006347656,5.938726739471326,5.706394923025047,5.74133260691807,27110400
1998-05-28,5.737607002258301,5.84614465608425,5.7180418722755935,5.778600120532298,8908800
1998-05-29,5.685433387756348,5.752977910574731,5.404305603922509,5.706395088880701,13696000
1998-06-01,5.83286714553833,6.055766386282206,5.745990075576774,5.745990075576774,24576000
1998-06-02,5.662607669830322,5.846143531695361,5.617888274901978,5.811206415557911,14156800
1998-06-03,5.467543125152588,5.762295528398982,5.275505521337474,5.752978962356885,23321600
1998-06-04,5.355047225952148,5.52006661470153,5.312773521180606,5.473483769272502,12902400
1998-06-05,4.898183822631836,5.326745842600289,4.85625984583818,5.326745842600289,27161600
1998-06-08,4.489536285400391,4.912159158354754,4.409413765261385,4.867904903605419,22297600
1998-06-09,4.937662124633789,4.937662124633789,4.488254451097286,4.616357499342295,15488000
1998-06-10,4.780097007751465,5.08917456313227,4.602383952745705,5.030946021220001,19328000
1998-06-11,5.139949798583984,5.226594330633345,4.532509772460109,4.730486546119571,49331200
1998-06-12,5.326864242553711,5.475812188787375,5.217277999418644,5.247556844950984,23808000
1998-06-15,4.822254180908203,5.26385962273055,4.795235912911537,5.240567639832637,32896000
1998-06-16,4.693683624267578,4.972714189510091,4.37878395565247,4.704863611924463,33356800
1998-06-17,5.1446075439453125,5.162192106283236,4.887935711449781,4.887935711449781,7142400
1998-06-18,5.009867191314697,5.331172172884776,4.94732950964602,5.2056310949382585,12928000
1998-06-19,4.768219470977783,4.865577721985945,4.607042671204216,4.846944585664314,16153600
1998-06-22,4.552655220031738,4.630332299697636,4.355493377871463,4.542057799092122,16768000
1998-06-23,4.972949981689453,5.00532539171589,4.413722845648368,4.483597379270104,22041600
1998-06-24,5.32103967666626,5.343049949773431,4.961070749677754,5.077528391515708,36915200
1998-06-25,5.287965774536133,5.485127364287787,5.124343593097475,5.3546954474114195,46924800
1998-06-26,5.199460506439209,5.275507344217621,5.147403948236327,5.275507344217621,17792000
1998-06-29,5.313238143920898,5.387304966658355,5.077529108221017,5.162076500387769,34534400
1998-06-30,5.143441200256348,5.35469415817828,5.124109786426961,5.33373189087017,39833600
1998-07-01,5.104780197143555,5.203302444769802,5.005325951572834,5.170695026752765,17049600
1998-07-02,5.085563659667969,5.158815042733643,5.030945407742079,5.044919687458883,9779200
1998-07-03,5.0850982666015625,5.27783416037562,5.054236572562154,5.100819403356626,34790400
1998-07-06,5.345497131347656,5.3919628290178325,5.098491523744684,5.100820096962974,20736000
1998-07-07,5.620916366577148,5.699407739787367,5.382644548146237,5.401277677066304,36044800
1998-07-08,5.901695251464844,5.948394086817238,5.706396495902766,5.706396495902766,48358400
1998-07-09,5.818542957305908,5.994159949045346,5.686946499951866,5.915668585166026,116940800
1998-07-10,5.817145824432373,5.869435496363916,5.711519618091296,5.869435496363916,34892800
1998-07-13,5.791991710662842,5.9160184759560135,5.752978028059411,5.857789379011388,33689600
1998-07-14,5.838574409484863,5.93930919268104,5.718040789808371,5.718040789808371,32409600
1998-07-15,5.923937797546387,6.044121148307464,5.892726962719234,5.997538321972623,41369600
1998-07-16,6.139151096343994,6.16756707933904,5.974480895679895,6.020831155623648,40780800
1998-07-17,6.08698034286499,6.160581468009942,6.020832928092893,6.160581468009942,19532800
1998-07-20,5.934419631958008,6.0558841384673725,5.904606505867076,6.055768136298295,15769600
1998-07-21,5.807948112487793,5.983565173503611,5.776387559315904,5.916252635546017,12800000
1998-07-22,5.8860907554626465,5.916020456487147,5.804221644711012,5.874095333432934,17459200
1998-07-23,5.713615894317627,5.869435780629021,5.664471356543563,5.869435780629021,16281600
1998-07-24,5.726892471313477,5.764624448607841,5.608572542031551,5.683105067507053,16153600
1998-07-27,5.785703659057617,5.8552281937033355,5.707328272722858,5.708725416481289,13158400
1998-07-28,6.116791248321533,6.24675746886979,5.776271414250407,5.781045699823473,30156800
1998-07-29,6.11713981628418,6.200173474873754,6.041791868953844,6.113995816761219,10060800
1998-07-30,6.088144779205322,6.130303054511203,5.997658502982628,6.118656773383325,9548800
1998-07-31,6.070207595825195,6.148933257011667,6.004525922489268,6.148933257011667,7372800
1998-08-03,6.08313512802124,6.146603663332112,5.941639217552129,6.011514029069713,23833600
1998-08-04,6.058211803436279,6.125640322329799,5.999983277856738,6.072070078796621,9625600
1998-08-05,6.056232452392578,6.07672900738694,5.892842866338901,5.9160182747270325,13132800
1998-08-06,6.073820114135742,6.148934944422724,6.011631567173643,6.086048109763856,15078400
1998-08-07,6.3784708976745605,6.4910851325050665,6.112483014664786,6.125409296898691,57318400
1998-08-10,6.40537166595459,6.486659045081171,6.360884836071699,6.393493385546791,32000000
1998-08-11,6.371483325958252,6.428430723531486,6.3469107687040935,6.390465602269971,19276800
1998-08-12,6.081620216369629,6.311856050317894,5.999867701832574,6.293338922958139,51916800
1998-08-13,6.083367824554443,6.183869473783457,5.953285057788795,6.079058117132246,36019200
1998-08-14,6.071722030639648,6.111667147577414,5.986126082593357,6.074400884482429,36198400
1998-08-17,5.883993625640869,6.077661510990017,5.857790215522971,6.055767808675412,31590400
1998-08-18,5.792808532714844,5.881083352736842,5.741567410433572,5.881083352736842,36684800
1998-08-19,5.900996208190918,6.044121844871851,5.8414870956003515,5.866757940616571,25984000
1998-08-20,6.071956634521484,6.09303548338852,5.939078400807301,5.939078400807301,22860800
1998-08-21,5.995908260345459,6.055767649328095,5.9719185587989365,6.055767649328095,11520000
1998-08-24,6.056117057800293,6.0767307581518555,5.974248522291878,6.020831356773686,10316800
1998-08-25,6.212635517120361,6.265390347003146,6.06508473766906,6.076730445690698,18380800
1998-08-26,6.212635517120361,6.212635517120361,6.212635517120361,6.212635517120361,0
1998-08-27,6.1773481369018555,6.274705783520881,6.155919583090257,6.21880639508294,8678400
1998-08-28,5.987873077392578,6.12692271105939,5.939310249716689,6.12692271105939,14592000
1998-08-31,5.977161884307861,5.997541312352539,5.874562475783591,5.96260474382002,8678400
1998-09-01,5.680661201477051,5.874096004455212,5.636524070930262,5.8717674309153685,20992000
1998-09-02,5.766720771789551,5.892726976129233,5.741565931783889,5.846144149688385,13568000
1998-09-03,5.7352752685546875,5.834031165711552,5.674367904053021,5.794901492069693,15027200
1998-09-04,5.686366081237793,5.8181951547645445,5.618471262337893,5.778134601564786,23168000
1998-09-07,5.766604900360107,5.776270609610493,5.706978653708916,5.741333488987849,7910400
1998-09-08,5.742498397827148,5.764042956813116,5.663424157222484,5.7343458338970965,15436800
1998-09-09,5.7174601554870605,5.87875320600849,5.6831053180113775,5.776270978962383,17075200
1998-09-10,5.62510871887207,5.70290237818076,5.549295057090647,5.659812696209555,19814400
1998-09-11,5.399648666381836,5.601585703622493,5.369253253929778,5.592269136963661,39270400
1998-09-14,5.464398384094238,5.496773791250959,5.36168301926861,5.438544686688645,16256000
1998-09-15,5.4284138679504395,5.508420112687208,5.387187605008424,5.438545293148203,21990400
1998-09-16,5.418746471405029,5.519830972743242,5.403607622136175,5.473481289991322,12032000
1998-09-17,5.404889106750488,5.468475355052435,5.382645690653233,5.415254241822727,6348800
1998-09-18,5.423404693603516,5.4588075222606305,5.3360613394770215,5.380315017457896,12185600
1998-09-21,5.422940731048584,5.492116133028971,5.40628759361118,5.46649557165563,8166400
1998-09-22,5.3962721824646,5.468825295346845,5.375659617402264,5.4455333072225285,11289600
1998-09-23,5.682523250579834,5.718042091541639,5.46882450757719,5.473482222165316,23040000
1998-09-24,5.723167896270752,5.77161359739468,5.697663903816772,5.715714186585644,9267200
1998-09-25,5.848358154296875,5.934652966776087,5.673905102277464,5.706979368855222,20582400
1998-09-28,5.895637512207031,5.997536851187547,5.846142702725935,5.869434678819444,17280000
1998-09-29,5.891329765319824,6.009184542326076,5.82576409666939,5.927664596984443,16384000
1998-09-30,5.884460926055908,5.93931176742546,5.755309542112116,5.8251843735275415,16153600
1998-10-01,5.884460926055908,5.884460926055908,5.884460926055908,5.884460926055908,0
1998-10-02,5.884460926055908,5.884460926055908,5.884460926055908,5.884460926055908,0
1998-10-05,5.4137396812438965,5.706396082015023,5.4137396812438965,5.64816811340152,16281600
1998-10-06,5.287269592285156,5.331407298531403,4.985529629753809,5.298798734183412,24755200
1998-10-07,5.676001071929932,5.699409059282645,5.368671513018927,5.368671513018927,28595200
1998-10-08,5.3686723709106445,5.741335095138715,5.298797541479691,5.703603108038261,29107200
1998-10-09,5.425617218017578,5.471152036862516,5.3104413129189165,5.375657258867044,23270400
1998-10-12,5.376590251922607,5.5876101400897955,5.320107999380122,5.51773646059873,37913600
1998-10-13,5.09779167175293,5.370999503239387,5.0542362726343,5.33373324081526,41241600
1998-10-14,5.471386432647705,5.494444708049266,5.147402594345825,5.193985428399978,66483200
1998-10-15,5.4397101402282715,5.543357519632651,5.364013031241691,5.503528967141379,34892800
1998-10-16,5.3857903480529785,5.568977111195355,5.333850375579944,5.50609085534349,29004800
1998-10-19,5.333615779876709,5.433885403514835,5.311022659551018,5.433885403514835,11724800
1998-10-20,5.275040149688721,5.354696112161338,5.124111656267406,5.354696112161338,29721600
1998-10-21,5.275040149688721,5.275040149688721,5.275040149688721,5.275040149688721,0
1998-10-22,5.436798095703125,5.471152929980353,5.3104421798021315,5.354695295995802,19942400
1998-10-23,5.516921043395996,5.561990160974707,5.376007407446782,5.40943081698325,25344000
1998-10-26,5.603798866271973,5.699409686794841,5.5550034569708675,5.58761087508222,15718400
1998-10-27,5.680427551269531,5.72735953450082,5.541028176936314,5.589940726935174,21452800
1998-10-28,5.570725440979004,5.7646259460155305,5.55849687670367,5.7646259460155305,9369600
1998-10-29,5.675766944885254,5.694749785352529,5.508418504032201,5.508418504032201,13644800
1998-10-30,5.681590557098389,5.75181450931823,5.6598128582270535,5.694750546783993,13977600
1998-11-02,5.6946330070495605,5.735393546061071,5.615558778252506,5.7296872639363725,15385600
1998-11-03,5.7075629234313965,5.7529812005566185,5.64817036044439,5.673790927027849,9548800
1998-11-04,5.7075629234313965,5.707562923431396,5.707562923431396,5.707562923431396,0
1998-11-05,5.700224876403809,5.773941987349934,5.650497471227559,5.773941987349934,11929600
1998-11-06,5.6390838623046875,5.694517540958568,5.627205582431877,5.688927260455452,8166400
1998-11-09,5.604146957397461,5.694401189482572,5.5480144204389825,5.680659482246126,14617600
1998-11-10,5.660048007965088,5.665870863350821,5.585282317356986,5.601586881075261,6784000
1998-11-11,5.637454986572266,5.7063972475771045,5.6205687073202,5.659814408261061,8652800
1998-11-12,5.5964179039001465,5.635355236587916,5.560745651328994,5.6097076224292,9318400
1998-11-13,5.583361625671387,5.612623258746676,5.555150214613447,5.574735005252447,3942400
1998-11-16,5.551303386688232,5.595720098037708,5.530669510362369,5.572404028403134,6272000
1998-11-17,5.561795234680176,5.565408681410169,5.542326566586414,5.543259528021584,2124800
1998-11-18,5.656923294067383,5.688982107171319,5.551653468048623,5.567741504887341,16256000
1998-11-19,5.570073127746582,5.695860140415356,5.570073127746582,5.68140407457319,8985600
1998-11-20,5.575900554656982,5.663334237889096,5.542675971334661,5.5494372377940655,11699200
1998-11-23,5.486135482788086,5.549087313657307,5.4791402656878265,5.542325479176554,8089600
1998-11-24,5.5122504234313965,5.560746777516589,5.449414695239604,5.497794357979004,16409600
1998-11-25,5.5122504234313965,5.5122504234313965,5.5122504234313965,5.5122504234313965,0
1998-11-26,5.479141712188721,5.545590884537793,5.455826782344921,5.479141712188721,14745600
1998-11-27,5.465152740478516,5.485903306043335,5.416423008040169,5.474478939694349,7270400
1998-11-30,5.433676242828369,5.44416821693446,5.299845511921086,5.38121694152394,8601600
1998-12-01,5.522276401519775,5.560746978097811,5.406864102559572,5.420853972359501,12800000
1998-12-02,5.52344274520874,5.560747550579505,5.469816518262111,5.502458792187686,8243200
1998-12-03,5.548272132873535,5.57228720913498,5.503623182867725,5.509568748573259,6118400
1998-12-04,5.656339645385742,5.674992045104165,5.544425247075203,5.544425247075203,13952000
1998-12-07,5.840764999389648,5.891825711768006,5.661002853285909,5.677323132483696,17792000
1998-12-08,6.097001552581787,6.119734160875335,5.852188847882049,5.856852516245156,21606400
1998-12-09,6.04803991317749,6.1039971111642615,5.996862506363966,6.038713713513028,17561600
1998-12-10,6.030554294586182,6.0736885444543285,5.989752733475305,6.0736885444543285,6937600
1998-12-11,6.085343360900879,6.097001107893458,5.992081384960238,6.03638139275797,13414400
1998-12-14,6.131976127624512,6.204254749170897,6.085345126127549,6.085345126127549,18022400
1998-12-15,6.045711517333984,6.131978331887616,5.992085277109352,6.131978331887616,15232000
1998-12-16,5.951282501220703,6.024726340119216,5.871193515874234,6.024726340119216,13516800
1998-12-17,5.9641032218933105,5.98730202623484,5.849857862360544,5.869676033675835,11648000
1998-12-18,6.234563827514648,6.274200175586672,5.975761790103198,5.975761790103198,43622400
1998-12-21,6.733397960662842,6.733397960662842,6.236894588927207,6.7241890228462715,11571200
1998-12-22,6.9013895988464355,7.251121610642853,6.761496566437386,7.251121610642853,38041600
1998-12-23,6.873410224914551,7.1065652528967265,6.726522557285779,6.970751879870967,61184000
1998-12-24,6.815115451812744,6.850088678058237,6.71719098755105,6.847757698867558,17817600
1998-12-25,6.815115451812744,6.815115451812744,6.815115451812744,6.815115451812744,0
1998-12-28,6.873410224914551,6.920041230510986,6.799966391100165,6.847763171836512,14617600
1998-12-29,6.819782733917236,6.966670362032377,6.813953290559693,6.8314399129543535,17228800
1998-12-30,6.929365634918213,6.989985357249376,6.8897287212125375,6.909546893452378,5768704
1998-12-31,6.920041084289551,6.982992371288426,6.89264479985439,6.948019687056219,3701760
1999-01-01,6.9177069664001465,6.959558167103147,6.8967230203871255,6.948017679867144,2982656
1999-01-04,6.952681541442871,7.029622691560938,6.934029141414249,6.958510985677891,4163840
1999-01-05,7.083246231079102,7.085577780387958,6.868743694664335,6.943353272547732,6856960
1999-01-06,7.078585147857666,7.192597704663384,7.041280351294517,7.087911346998454,8738048
1999-01-07,7.300083160400391,7.411531374621262,7.064596588476954,7.064596588476954,9680384
1999-01-08,7.612512588500977,7.612512588500976,7.3140741164249805,7.3140741164249805,6855424
1999-01-11,7.554222106933594,7.75240385973895,7.51458518714644,7.6824567895227425,7362304
1999-01-12,8.158556938171387,8.158556938171387,7.484272446598637,7.519246254216226,6443008
1999-01-13,8.811275482177734,8.811275482177734,8.451867337436184,8.451867337436184,13330944
1999-01-14,9.442777633666992,9.516222033360055,8.652382124832235,8.789943585071914,20356352
1999-01-15,9.346953392028809,9.909090494601276,9.186309776171536,9.384491586063561,16755200
1999-01-18,9.328532218933105,9.531377083478764,9.209622591180224,9.529395038146205,7147008
1999-01-19,10.074856758117676,10.074856758117676,9.337854935979468,9.337854935979468,14387456
1999-01-20,10.074856758117676,10.074856758117676,10.074856758117676,10.074856758117676,0
1999-01-21,10.880877494812012,10.880877494812012,10.375397891137043,10.380060991312835,8440320
1999-01-22,11.391952514648438,11.65285271397177,11.030562289562374,11.65285271397177,14387968
1999-01-25,10.771760940551758,11.51785693643413,10.550263691774177,11.389621687141847,11099648
1999-01-26,10.771760940551758,10.771760940551756,10.771760940551756,10.771760940551756,0
1999-01-27,10.897662162780762,11.422143530098491,10.841704975808844,11.186774295468997,12838144
1999-01-28,10.497224807739258,11.179786318642844,10.375401275904203,10.958288988033653,11460352
1999-01-29,10.993257522583008,11.025899220423128,10.543268402358507,10.543268402358507,14515200
1999-02-01,10.573578834533691,10.99092626813491,10.491974587740156,10.958284569417497,9889280
1999-02-02,10.305567741394043,10.771761647289097,10.305451619267924,10.50596493131703,15393024
1999-02-03,10.839377403259277,10.839377403259277,10.494307956995053,10.503634158245438,9877504
1999-02-04,10.690156936645508,11.028231692548147,10.655183686034889,10.841707689291518,7339520
1999-02-05,11.545368194580078,11.545368194580078,10.655182909310023,10.70647700646644,28004608
1999-02-08,10.888336181640625,12.007479943351012,10.621840528764102,11.890902468172845,20967424
1999-02-09,11.66008186340332,11.716039064907356,10.841707791406808,10.841707791406808,18319616
1999-02-10,11.433918952941895,11.855929420006023,11.331330773103101,11.774325186043345,9707008
1999-02-11,11.489873886108398,11.564483456797415,11.338323195646337,11.531841769620971,3226752
1999-02-12,11.564483642578125,11.797638554726879,11.471221677718624,11.587799133793002,6187904
1999-02-15,11.49454402923584,11.77433009079939,11.471228524105545,11.77433009079939,3529344
1999-02-16,11.536046028137207,11.587806908744382,11.429261462105625,11.471229374451179,2247424
1999-02-17,12.007481575012207,12.122659908449096,11.424594119914527,11.49454061452625,13272320
1999-02-18,12.231311798095703,12.352552403032984,12.007482988980723,12.096081892588737,10742144
1999-02-19,12.189342498779297,12.352550986712455,12.007481612225206,12.352550986712455,2495360
1999-02-22,11.93753433227539,12.352083408980251,11.89090333878994,12.263951286673546,5559552
1999-02-23,11.98416519165039,12.077427177577631,11.79764121979591,11.914218702204959,3792768
1999-02-24,12.055281639099121,12.194008891304208,11.881581130035611,11.984401594437482,5499648
1999-02-25,12.49710464477539,12.813262967583585,12.012142374978138,12.077425757450845,13617792
1999-02-26,12.49710464477539,12.706944088437664,12.361874781081926,12.590366619736402,5950848
1999-03-01,14.576617240905762,14.576617240905762,13.919353522532234,14.339032523211598,8554112
1999-03-02,14.576617240905762,14.576617240905762,14.576617240905762,14.576617240905762,0
1999-03-03,15.742855072021484,15.742855072021483,15.509467868881206,15.742622827824098,8929536
1999-03-04,14.735394477844238,15.854538362237472,14.483587103855761,15.714645376688317,17416448
1999-03-05,14.898605346679688,15.108444858604752,14.129193802954445,14.828658842704664,20790912
1999-03-08,14.343690872192383,15.378898730978698,14.222450312154345,15.15507000475463,18941440
1999-03-09,14.94524097442627,15.061818517128504,14.222925836771696,14.222925836771696,20236416
1999-03-10,14.758708000183105,15.504803823257134,14.59573178306887,15.2716488785465,17222656
1999-03-11,14.92658519744873,15.360253558386791,14.642136057478606,14.688767064031085,20278784
1999-03-12,15.929152488708496,16.120805250392916,15.434863799070587,16.120339623379763,29203840
1999-03-15,15.668482780456543,16.041065180957684,15.621386150060536,16.041065180957684,10044544
1999-03-16,14.625810623168945,15.341596349506084,14.618815974377377,15.178387877702827,20958720
1999-03-17,14.362350463867188,15.155077599859858,14.087693143678322,15.155077599859858,25989376
1999-03-18,14.017274856567383,14.357681065659007,13.807435412606795,14.269082189320091,8580352
1999-03-19,13.653558731079102,14.22245701154073,13.2910026548013,14.217793910881209,16324480
1999-03-22,13.448376655578613,13.518323136103467,12.8237536737302,12.8237536737302,8837504
1999-03-23,13.010048866271973,13.68619835932195,12.916786867230595,13.513663661095404,22317824
1999-03-24,12.473787307739258,13.406406919532847,12.124054953316662,13.406406919532847,21507840
1999-03-25,12.706947326660156,12.93543922354322,12.124525461533885,12.124525461533885,19840384
1999-03-26,12.660318374633789,13.10331294022871,12.385195433895891,12.88881030846696,20060160
1999-03-29,12.660318374633789,12.660318374633789,12.660318374633789,12.660318374633789,0
1999-03-30,13.672209739685059,13.672209739685057,12.945698503316947,13.056680515388186,29875712
1999-03-31,13.662878036499023,14.339027290865015,13.639562544969161,14.222449833215707,24011008
1999-04-01,13.261853218078613,13.546302249830651,13.173254339336175,13.522753372790312,16733952
1999-04-02,13.261853218078613,13.261853218078613,13.261853218078613,13.261853218078613,0
1999-04-05,12.814200401306152,13.010050625780265,12.265120307691232,12.265120307691232,17392768
1999-04-06,12.80020809173584,12.916785578910117,12.450475630213003,12.636999609691848,16358016
1999-04-07,13.219417572021484,13.568684335113874,12.98672941067238,13.010044903330678,30448000
1999-04-08,13.178153038024902,13.383097196800355,13.01004919131463,13.289835195428923,17703040
1999-04-09,12.180012702941895,13.313145584570869,12.124055523602191,13.299156289735942,39910656
1999-04-12,12.66731071472168,12.846840058552633,11.429257707264066,12.077428584991404,25665408
1999-04-13,12.49710464477539,12.823521557138928,12.40384266981438,12.497570271579091,21564288
1999-04-14,12.49710464477539,12.49710464477539,12.49710464477539,12.49710464477539,0
1999-04-15,12.40384292602539,12.543735891356505,12.098176569086535,12.427158420247244,9872640
1999-04-16,13.396157264709473,13.396157264709473,12.287271579137089,12.287271579137089,11803904
1999-04-19,12.6416597366333,12.78621578673866,12.366536931594066,12.59059789849597,8974720
1999-04-20,12.823527336120605,12.823527336120605,12.322243994799527,12.590372293645686,8896512
1999-04-21,12.711841583251953,12.870154723309362,12.623010447825523,12.697620040424418,3072256
1999-04-22,12.6132230758667,12.841948437280339,12.375871659555411,12.623016044618124,8255872
1999-04-23,12.63700008392334,12.823524070401913,12.361877203867444,12.80020857209209,7758592
1999-04-26,12.007481575012207,12.319909250944564,11.914219582196578,11.91468520908942,9414272
1999-04-27,12.007481575012207,12.007481575012207,12.007481575012207,12.007481575012207,0
1999-04-28,12.11939811706543,12.217323226899355,11.709045275856596,12.007483705826656,6228352
1999-04-29,12.263954162597656,12.291932765249971,12.1520397519884,12.217323158177132,5271680
1999-04-30,12.357444763183594,12.473789995586205,12.17068855644112,12.17068855644112,2413824
1999-05-03,12.194003105163574,12.450473533761661,12.026131551899372,12.441147336358094,2635648
1999-05-04,12.846837997436523,13.074630843443346,12.249961313708075,12.259287511891332,9123712
1999-05-05,13.709513664245605,13.874586944822001,13.010048681375933,13.874353562137287,16496896
1999-05-06,14.806278228759766,14.806278228759767,13.80277911032147,13.868062525032451,19347072
1999-05-07,15.155073165893555,15.476827026954066,14.828888449607561,15.266987552349386,18561664
1999-05-10,15.015176773071289,15.290299577298372,14.875283821769383,15.10797197538752,8571264
1999-05-11,14.921916961669922,15.052483735084534,14.857099201796519,14.955024281857478,9383296
1999-05-12,15.024746894836426,15.201712526575077,14.805348856403642,15.038503956504487,12447744
1999-05-13,14.94524097442627,15.383572534986667,14.893946855637289,15.248342585452077,11407232
1999-05-14,14.94524097442627,15.141091246166022,14.875294448804931,15.015187500047611,13733760
1999-05-17,14.418304443359375,14.968550214483699,14.180486355839541,14.87528821937788,13644544
1999-05-18,14.782027244567871,14.968551247653902,14.315717236852798,14.362348237624305,19741568
1999-05-19,14.875284194946289,15.108439119631967,14.712541374444617,14.968312782205517,12166656
1999-05-20,14.945340156555176,15.216224446892738,14.828579686582088,14.945340156555176,15785216
1999-05-21,14.852169036865234,15.22557004887496,14.781880124137807,15.127491223406748,11502976
1999-05-24,14.924328804016113,14.992049901702933,14.711824669895401,14.851937285799167,6969984
1999-05-25,14.99205493927002,15.062111270761934,14.759000192363048,14.759000192363048,6000128
1999-05-26,15.076116561889648,15.365682617291494,14.898640592449807,15.169524966857987,17682304
1999-05-27,14.945340156555176,15.220894865691662,14.851931780576706,15.155509002506733,12986240
1999-05-28,14.842833518981934,14.931338926845825,14.501660108807096,14.805237534595328,19985920
1999-05-31,15.202218055725098,15.359377242509597,14.945344939576133,14.945344939576133,8236800
1999-06-01,14.978038787841797,15.174196452041784,14.870619114589424,15.08545846109417,6269696
1999-06-02,14.996953010559082,15.10880934629601,14.695477158615269,14.945344639303626,16216064
1999-06-03,14.924328804016113,15.06677663018494,14.879959808979919,15.038754107004188,4792704
1999-06-04,14.94558334350586,15.062111287206454,14.805238071455646,14.996725377742612,12052608
1999-06-07,14.795891761779785,14.945345213918976,14.683801672675393,14.851936806331983,9071616
1999-06-08,14.711827278137207,14.781883598509289,14.254358593915839,14.711827278137207,16247040
1999-06-09,14.967530250549316,15.318979396770969,14.851937341991366,15.202218883076068,15828352
1999-06-10,14.984807014465332,15.202215267303627,14.898638003901251,15.108105631505419,8081792
1999-06-11,14.792616844177246,15.038747672761305,14.754318500024437,14.99204348744217,4944384
1999-06-14,14.662090301513672,14.688478872981078,14.081323943414292,14.109346478625067,5679104
1999-06-15,14.292420387268066,14.711824370382722,14.207418963398172,14.709489160165202,11062784
1999-06-16,14.453315734863281,14.525007142611454,14.177294579094232,14.249452344729114,5465600
1999-06-17,14.600436210632324,14.725837471072657,14.520338946262255,14.618417787649037,3652736
1999-06-18,14.439067840576172,14.707149435156328,14.390027300823299,14.707149435156328,3204480
1999-06-21,15.537550926208496,15.594296063771235,14.499782860857657,14.59506009731638,10575488
1999-06-22,16.126028060913086,16.393175884313276,15.645908607535464,15.645908607535464,15855488
1999-06-23,16.006221771240234,16.39316633877956,15.926124562745956,16.20634962836612,7011968
1999-06-24,16.180204391479492,16.341801397548142,15.810774812534795,15.949486073914521,8440704
1999-06-25,17.097702026367188,17.373024127567636,16.112944903850597,16.112944903850597,26430080
1999-06-28,17.279855728149414,17.6074852698467,17.187147425208448,17.28522625562404,14229632
1999-06-29,17.166597366333008,17.392645253488848,17.056374990800556,17.392645253488848,9319808
1999-06-30,17.005001068115234,17.252533355017214,16.953626442531807,17.233851672986876,5262080
1999-07-01,17.1175537109375,17.280552034541927,17.005463643686415,17.04703106110217,8567168
1999-07-02,17.073184967041016,17.27121028599301,17.028348486406305,17.177801901536586,6398336
1999-07-05,17.269119262695312,17.74293335117181,17.210505237975287,17.210505237975287,5593088
1999-07-06,17.33286476135254,17.44402100005674,17.09373945387086,17.322590064045635,9654656
1999-07-07,17.543272018432617,17.74713547544278,17.373969226906976,17.416003023423688,7298816
1999-07-08,17.388208389282227,17.558444979831208,17.285691752311596,17.558444979831208,4732672
1999-07-09,17.956832885742188,18.779293247952072,17.50006553484722,17.50006553484722,22137728
1999-07-12,19.39158821105957,19.393455923384867,18.214642105764046,18.443492737349285,28203008
1999-07-13,20.063432693481445,20.47980035637549,19.499011741817025,19.66714693288419,13993088
1999-07-14,21.6434268951416,21.668646707638118,20.083039080404415,20.31632747707397,22441984
1999-07-15,22.458181381225586,23.300724667361198,22.203176000929073,22.90840939935993,22147584
1999-07-16,23.807937622070312,24.23948404963273,22.651540971236752,22.651540971236752,16752896
1999-07-19,25.71276092529297,25.71276092529297,24.14606785416919,24.14606785416919,6877568
1999-07-20,23.659650802612305,25.712768167485212,23.655913097821323,25.712768167485212,18154240
1999-07-21,22.379024505615234,23.1419383062783,21.85757240633349,21.955651256874727,23183872
1999-07-22,21.602094650268555,22.18379688170075,21.133652394467752,22.03177332878591,20959360
1999-07-23,21.168907165527344,22.184490710342573,20.830069172237447,21.60092093199191,21220736
1999-07-26,21.291513442993164,21.694104628374365,20.59655573974832,21.203710444094643,12089728
1999-07-27,20.816755294799805,21.437220846641846,20.6899538890247,21.04023527540774,18631040
1999-07-28,22.207839965820312,22.359161069113313,21.530629283371535,21.927614855841508,18416512
1999-07-29,22.81430435180664,23.959257497158934,22.40867786966249,22.40867786966249,15396992
1999-07-30,22.623046875,22.76572729313436,22.021730302841497,22.53477639351282,10296832
1999-08-02,23.878692626953125,24.38893607118463,22.324610191547784,22.69824383492097,28495232
1999-08-03,23.409317016601562,23.907884444707147,23.282048047834564,23.814476027263478,12061696
1999-08-04,23.99032211303711,24.421168531812484,23.58563051290659,23.58563051290659,16642688
1999-08-05,23.674121856689453,24.262829610422784,23.548255417854026,24.053128228307088,7390848
1999-08-06,24.14467430114746,24.466931042243974,23.735077502113096,24.00596189706047,16282624
1999-08-09,23.685089111328125,24.146060264940704,23.58561012339469,23.828471851397964,6105216
1999-08-10,23.513696670532227,23.744414959320565,22.889728110863512,23.50622354253745,15756160
1999-08-11,24.665660858154297,25.033456511187133,22.885062855376297,22.885062855376297,19464704
1999-08-12,25.407550811767578,25.663956398672287,24.846632946485272,25.030647027624845,18495232
1999-08-13,25.47037124633789,25.892811700064552,25.360383753851103,25.640141490546448,10773632
1999-08-16,25.840259552001953,26.252424010085935,25.734007524563868,26.000221395507634,5970304
1999-08-17,26.044363021850586,26.331828749759534,25.832793901696487,25.967535978833453,10378240
1999-08-18,26.041095733642578,26.504634943894835,25.902383339894527,26.387874437534062,6395392
1999-08-19,25.61701774597168,26.503229904137314,25.500959638178312,26.06094251680758,4527360
1999-08-20,25.407316207885742,25.52384409356925,25.224937227697623,25.383731500191924,2692096
1999-08-23,25.857084274291992,26.378536292895543,25.56588308557192,25.56588308557192,4193664
1999-08-24,25.70412826538086,26.1543563725555,25.598576299638697,26.06094795693923,4795264
1999-08-25,26.219970703125,26.807510912214536,25.687310209962554,26.57001959717763,8925056
1999-08-26,26.09783935546875,26.481281292000652,25.92083089428635,25.921298392380148,4655232
1999-08-27,26.12003517150879,26.383213907599956,26.037602679212206,26.173044917364162,3212928
1999-08-30,26.03642463684082,26.33649913039067,25.921299236656324,26.289794929059955,2241920
1999-08-31,25.92363739013672,26.051606460216988,25.734485353270674,25.930175522969652,4726656
1999-09-01,25.582927703857422,26.341170907622033,25.453791036620583,26.341170907622033,3288192
1999-09-02,25.506330490112305,25.78071765720667,25.249222508232982,25.78071765720667,2763904
1999-09-03,25.9652042388916,26.0375957607376,25.453793165205365,25.64060999577568,3062144
1999-09-06,27.31214714050293,27.438715971548216,26.046930889076492,26.20105474049115,12411008
1999-09-07,26.88621711730957,27.7329659991795,26.62607597866661,27.60219418241004,4962432
1999-09-08,27.96811294555664,28.531131222391252,27.672241351967703,27.69606095251831,5560832
1999-09-09,27.75467872619629,27.952471524659593,27.560856241940083,27.69583096162749,2109056
1999-09-10,27.967409133911133,28.204667850568722,27.55547943672056,27.742296246461038,6237952
1999-09-13,27.967409133911133,27.967409133911136,27.967409133911136,27.967409133911136,0
1999-09-14,27.39015007019043,28.13928510468238,27.32196147093642,28.13928510468238,5766912
1999-09-15,28.24226188659668,28.60491953756573,27.64421552757569,27.760976025664792,8206720
1999-09-16,28.53276824951172,28.797814629699104,28.022524777521024,28.022757386369275,9296000
1999-09-17,30.570695877075195,30.810754963976148,28.512908754748278,28.512908754748278,16051968
1999-09-20,32.793357849121094,32.97316904006194,31.29321785822308,31.29321785822308,15663488
1999-09-21,35.41696548461914,35.41696548461914,32.982508852059524,32.982508852059524,7432320
1999-09-22,36.00263595581055,36.896321360297804,35.02815319015615,35.7053641518325,22486272
1999-09-23,36.41900634765625,37.176316903628326,35.98559221025512,36.19576114594123,16110976
1999-09-24,35.607059478759766,36.24036678437161,35.26168091049774,36.24036678437161,9369472
1999-09-27,32.75856018066406,35.868827452488986,32.75856018066406,35.50453467367465,18954368
1999-09-28,32.591590881347656,33.58031970473408,31.903638929490754,32.758558395873976,15646976
1999-09-29,34.088924407958984,35.19908403450256,33.893234287145255,34.56110427516534,13825280
1999-09-30,33.31502914428711,34.60780003362187,33.16067044926482,34.196803218107874,9083008
1999-10-01,34.06464767456055,34.911394017948155,33.81384517591233,33.81384517591233,18394240
1999-10-04,33.70431900024414,34.26687200913729,33.253390855262026,34.26687200913729,8724224
1999-10-05,34.56577682495117,34.79462739439079,33.86007593942026,33.86007593942026,21926272
1999-10-06,35.608455657958984,36.87297208506885,35.406459959076244,36.19576107147354,23435904
1999-10-07,38.45717239379883,38.45717239379883,36.14904997056686,36.14904997056686,20937216
1999-10-08,38.4149055480957,41.449976054899,37.36335869737374,39.693898196122426,32706048
1999-10-11,38.200775146484375,40.3991433139202,37.97519471508499,38.927960638326574,15590016
1999-10-12,37.36500549316406,38.53097571428911,36.95073821177756,38.36751096883456,18227712
1999-10-13,37.14432144165039,38.297447797908745,35.733386963634125,35.733386963634125,14667520
1999-10-14,37.202003479003906,37.8304076720311,36.66280249696841,36.66280249696841,7520256
1999-10-15,35.966434478759766,37.316653265137184,35.611950080935046,37.316653265137184,7726208
1999-10-18,35.28315734863281,36.798241224723974,34.91139143987964,35.78055710627123,12191872
1999-10-19,35.28315734863281,35.28315734863281,35.28315734863281,35.28315734863281,0
1999-10-20,36.29057693481445,37.362206109363576,35.966917622201805,36.6623429593725,9482624
1999-10-21,34.541725158691406,36.519647968314274,34.33692679184728,36.51801286526848,13757312
1999-10-22,33.55649948120117,34.04736106875449,33.24404884600747,34.00065686975757,7973120
1999-10-25,33.71039581298828,34.21083092461574,33.01987367058475,34.08939998891062,11998464
1999-10-26,35.2418212890625,35.67733794879879,33.83719249103904,33.83719249103904,17267200
1999-10-27,35.229217529296875,36.79824634603875,35.028156821334,36.79824634603875,9428992
1999-10-28,34.444969177246094,35.03741544247799,34.00484192430389,35.03741544247799,7144320
1999-10-29,32.60012435913086,34.551501108816765,31.98174781471951,34.20108020507623,23359872
1999-11-01,31.122041702270508,34.29451825471634,30.837032763096435,33.12644883187178,17923456
1999-11-02,33.61191177368164,33.61191177368164,30.837045374237764,30.93049096628091,11051648
1999-11-03,34.978309631347656,35.62612053402694,33.762581956438744,34.42954965561675,21494272
1999-11-04,35.483150482177734,35.60276126501455,34.808473940204514,35.252340386421885,10679296
1999-11-05,37.12289810180664,37.49364167220201,35.513998125150984,35.598099160048065,21151104
1999-11-08,37.12289810180664,37.12289810180664,37.12289810180664,37.12289810180664,0
1999-11-09,37.359771728515625,38.02767485516836,36.77083193392001,37.84545599297993,12857088
1999-11-10,37.98609161376953,38.19587646062162,37.28478215972606,37.61184165235524,15993472
1999-11-11,37.466766357421875,39.12566020983377,37.14928640176598,38.02300248240115,14318592
1999-11-12,37.496910095214844,37.938908176304736,37.149292969187066,37.4950416397593,9048320
1999-11-15,37.4448127746582,38.03235187144371,37.23339214539741,37.845460707456276,10479232
1999-11-16,37.889366149902344,38.45284326446553,37.19156105917229,37.68191748820346,18548992
1999-11-17,38.046363830566406,38.92007991018276,38.046363830566406,38.546297630132976,10408832
1999-11-18,40.02507019042969,40.644147036309796,38.42948722538775,38.42948722538775,19834752
1999-11-19,40.65934371948242,41.06933623996673,40.34513292743034,40.34513292743034,13349376
1999-11-22,42.96253967285156,43.38421284180023,40.83571741397649,40.83571741397649,19514368
1999-11-23,42.96253967285156,42.96253967285156,42.96253967285156,42.96253967285156,0
1999-11-24,42.59131622314453,43.76522601675066,42.42428229231301,43.400788349481886,16322688
1999-11-25,44.58686065673828,45.6621876101055,42.89152586317082,42.89152586317082,32123520
1999-11-26,45.01179122924805,45.40987023045704,44.66697802275638,44.8445245881188,15648640
1999-11-29,42.95737838745117,44.67163857389842,42.52706351842102,44.67163857389842,14984832
1999-11-30,43.109004974365234,43.53628570314105,42.09722410230745,42.61631235464243,19893248
1999-12-01,43.323246002197266,45.18094249519455,42.19535591252347,42.75135716970322,20949248
1999-12-02,43.390995025634766,44.38665597831276,43.21858608414664,43.63909124604644,8741376
1999-12-03,43.52250289916992,44.339918859615665,43.335379075124905,43.662438539842825,7236608
1999-12-06,43.918235778808594,44.293186008468886,43.51338115120737,43.82595830795761,11953920
1999-12-07,44.450897216796875,46.465817666119555,44.03623242867539,44.03623242867539,15384832
1999-12-08,46.071006774902344,46.71811741212399,45.08749205190484,46.48917574263763,22782080
1999-12-09,46.17543029785156,46.605982629153665,44.573541281416134,45.554719863082525,19315456
1999-12-10,46.602474212646484,47.37223210186457,46.34900310193279,46.34900310193279,16516864
1999-12-13,47.04259490966797,47.40025685192049,45.43790023508396,46.67605381475463,19993728
1999-12-14,46.450157165527344,47.423624519596764,45.95652914036983,47.30681756265194,19234304
1999-12-15,45.505672454833984,46.25557341781985,42.76070787069568,45.73695032192308,11230720
1999-12-16,46.37611389160156,46.572819608698396,45.204307031192585,45.32111402610523,8111744
1999-12-17,47.167110443115234,48.82530368227541,46.48916475010912,46.48916475010912,13785600
1999-12-20,47.44466018676758,48.124476825417894,47.21338236124736,47.65257661577059,6485120
1999-12-21,51.21891784667969,51.240413065509465,47.75162178619626,47.88618249485876,16071040
1999-12-22,55.316497802734375,55.31649780273437,53.75595701308411,53.75595701308411,2171008
1999-12-23,59.74186325073242,59.74186325073242,58.89407730626817,59.74186325073242,2854784
1999-12-24,59.70940399169922,62.48707453225755,58.47358589585788,59.571571727701794,12998400
1999-12-27,58.78404235839844,60.267723562064916,56.539245121679784,58.87071221660733,6448640
1999-12-28,58.19160842895508,58.87072243768055,55.600126746698294,57.188701796603965,6875904
1999-12-29,62.84702682495117,62.84702682495117,59.85186474791498,60.73025277075714,8247296
1999-12-30,67.59736633300781,67.87490153823336,65.41190777156845,67.23409663091928,5480064
1999-12-31,67.59736633300781,67.59736633300781,67.59736633300781,67.59736633300781,0
2000-01-03,73.00527954101562,73.00527954101562,73.00434417285591,73.00434417285591,657536
2000-01-04,78.75546264648438,78.84586941224839,75.93854405459315,78.49428044774288,7191808
2000-01-05,72.45512390136719,75.92452328191986,72.45512390136719,73.35944246457993,21069440
2000-01-06,66.65867614746094,71.4858411618759,66.65867614746094,71.28329977035887,10495616
2000-01-07,61.325992584228516,61.325992584228516,61.325992584228516,61.325992584228516,971392
2000-01-10,64.27792358398438,66.23187098490857,56.42008804474364,61.32597951482611,30230400
2000-01-11,59.1358642578125,64.47744695579927,59.13586425781249,61.67407969685148,15658368
2000-01-12,61.101951599121094,62.37024244436882,54.97402596452495,55.83372516369821,25993472
2000-01-13,56.49064636230469,61.435787555315606,56.21381387217978,61.20684591791272,20038400
2000-01-14,56.891536712646484,57.455011703956,52.343538758999685,57.230742324286986,16040064
2000-01-17,55.46416091918945,60.20231742557227,54.75911216357835,57.00180617710374,18092928
2000-01-18,55.766666412353516,56.85694045671476,52.91353855471236,54.85113279518165,20290944
2000-01-19,60.22495651245117,60.227995318045785,58.029688673839544,58.618395660385744,19994752
2000-01-20,59.55778503417969,63.31406540055914,58.922122261563814,61.67409514333854,19778560
2000-01-21,62.70290756225586,63.49625947224661,58.41749317008825,60.27238757851223,20786048
2000-01-24,64.84562683105469,67.69665247551329,63.5429963190683,63.5429963190683,25256320
2000-01-25,65.92304992675781,66.57997047702226,62.60876634292783,64.47744509353734,20469632
2000-01-26,65.92304992675781,65.92304992675781,65.92304992675781,65.92304992675781,0
2000-01-27,69.06327056884766,71.01861872248989,68.1498403083051,70.73828206963796,12953792
2000-01-28,71.1265869140625,71.943770546457,69.39270555630468,69.39270555630468,17281536
2000-01-31,67.48358154296875,70.4953301011586,66.59865026921491,70.41590137556743,7598272
2000-02-01,69.31233215332031,69.61696569428211,66.81359794820364,67.74805386356313,7055424
2000-02-02,68.83013916015625,71.9530920723535,68.67782469944962,70.92519075703417,9491520
2000-02-03,69.5309829711914,70.17762818785823,68.86939011245208,69.29923976579981,6032064
2000-02-04,73.79347229003906,74.28919901939373,69.85053618490166,69.85053618490166,20176704
2000-02-07,79.39322662353516,79.69739012730149,73.81265538508626,73.81265538508626,16988608
2000-02-08,83.14972686767578,85.5026841540413,79.38200020640228,79.38200020640228,14902784
2000-02-09,81.38876342773438,87.8294999807429,80.36319819495573,87.8294999807429,10595520
2000-02-10,86.05401611328125,86.67075680863107,82.2227481573202,82.2227481573202,18777728
2000-02-11,92.93861389160156,92.93861389160156,86.6146858870628,86.6146858870628,2100224
2000-02-14,100.37408447265625,100.37408447265625,100.37408447265625,100.37408447265625,1518912
2000-02-15,93.0881576538086,100.37411189919271,92.3443344313144,100.37411189919271,21339968
2000-02-16,93.79924011230469,96.24891891729526,90.03478968622716,93.91278010862304,12720448
2000-02-17,96.23306274414062,100.9212294599979,93.44558283333139,93.44558283333139,12125248
2000-02-18,92.18032836914062,98.11786450573439,91.34305957557653,97.36095526526158,10628288
2000-02-21,95.82606506347656,98.11781693034973,90.65151828964979,92.04385683466141,17751552
2000-02-22,91.85790252685547,96.6133500131991,91.10940735358267,96.6133500131991,12066560
2000-02-23,86.10962677001953,98.1178478365659,84.50937139458983,98.1178478365659,11944576
2000-02-24,86.87635803222656,90.16564253554417,83.9888895335756,87.74540194929628,8260480
2000-02-25,83.98139190673828,88.67842730337856,82.6993170534119,87.83882263300247,4929856
2000-02-28,79.51937866210938,83.16655744025114,77.26313354554568,83.16655744025114,7616384
2000-02-29,82.03958892822266,85.88113179687828,78.02703340448655,80.36317212917177,16031808
2000-03-01,88.60273742675781,88.6027374267578,84.10099790026317,85.02610887716605,6285824
2000-03-02,95.6910629272461,95.69106292724608,92.81106870380177,94.70474678465749,1607040
2000-03-03,103.34660339355469,103.34660339355469,103.34660339355469,103.34660339355469,1708224
2000-03-06,111.61466979980469,111.61466979980467,98.67853433901718,111.57075767681336,1385792
2000-03-07,120.54389190673828,120.54389190673827,119.61036672249013,119.61036672249013,3477312
2000-03-08,115.07869720458984,130.18745128639168,111.9945276609466,125.68430513472939,22432768
2000-03-09,110.8128890991211,121.47923498361834,108.67719252765241,118.5824224570859,8334720
2000-03-10,109.00238037109375,119.09637208444208,106.77603979446619,113.05978861119378,10259648
2000-03-13,100.28250122070312,113.99423088363494,100.28250122070312,109.33129775707262,7513664
2000-03-14,92.26024627685547,95.40795766477375,92.26024627685547,95.40795766477375,8390592
2000-03-15,93.13674926757812,95.78172472875931,84.8794264898899,85.32516375593184,16262144
2000-03-16,85.68584442138672,89.70774532012308,85.68584442138672,89.70774532012308,5725568
2000-03-17,85.68584442138672,85.68584442138672,85.68584442138672,85.68584442138672,0
2000-03-20,85.68584442138672,85.68584442138672,85.68584442138672,85.68584442138672,0
2000-03-21,92.54102325439453,92.54102325439453,79.53152853468073,85.92320583672769,14633344
2000-03-22,99.93350982666016,99.94472512193391,88.77330547037279,90.6422171644859,9580544
2000-03-23,95.91300964355469,107.83620036422064,94.84726461844365,102.41635667173816,14267456
2000-03-24,101.140380859375,103.53772592839279,94.47350262960751,94.47350262960751,12254144
2000-03-27,96.8782958984375,102.78078937584435,96.24894359225355,98.11785511831673,8076992
2000-03-28,92.95592498779297,95.3144951654382,90.2791835489998,94.38938388883247,8920448
2000-03-29,95.21076202392578,99.79987039142625,94.85659965761872,95.31448295810372,6539904
2000-03-30,91.06926727294922,92.51113085090009,87.65196034155989,92.51113085090009,7659648
2000-03-31,83.82209014892578,89.70775632376215,83.78377198600225,89.70775632376215,8080640
2000-04-03,77.11641693115234,84.10100742271773,77.11641693115234,79.43807378894704,3743552
2000-04-04,70.94717407226562,70.94717407226562,70.94717407226562,70.94717407226562,400192
2000-04-05,72.8656005859375,76.6160403052377,65.88848642422626,65.88848642422626,28349120
2000-04-06,78.6372299194336,78.69516798410751,68.22459436584563,73.37344404336665,30059968
2000-04-07,84.9284896850586,84.9284896850586,84.9284896850586,84.9284896850586,222400
2000-04-10,91.72286987304688,91.72286987304688,91.72286987304688,91.72286987304688,210624
2000-04-11,99.04483032226562,99.06071789426524,84.57758535811821,91.72290451425613,27174080
2000-04-12,94.16511535644531,98.8000163405474,93.3521387725403,97.08996214681619,16391936
2000-04-13,86.63197326660156,92.51156972176697,86.63197326660156,92.51156972176697,3314176
2000-04-14,86.63197326660156,86.63197326660156,86.63197326660156,86.63197326660156,0
2000-04-17,79.70159912109375,79.70159912109375,79.70159912109375,79.70159912109375,220096
2000-04-18,73.32582092285156,82.22277667992952,73.32582092285156,79.70161642431992,14944384
2000-04-19,67.74853515625,79.18581283991719,67.45978912323562,79.18581283991719,25509632
2000-04-20,71.05180358886719,73.05574563545503,62.33753890178056,63.561675852182795,36772800
2000-04-21,71.05180358886719,71.05180358886719,71.05180358886719,71.05180358886719,0
2000-04-24,68.8824691772461,73.81265855052423,67.37425853263447,72.86885825762603,17368064
2000-04-25,67.02245330810547,69.09367404166036,63.37200199393918,67.43034242421169,16440064
2000-04-26,72.35397338867188,72.35397338867188,71.49520946656712,72.35350798590554,4330048
2000-04-27,74.64667510986328,76.38242698313428,72.35398659511733,74.66302808848091,24835072
2000-04-28,75.9217529296875,79.34641933792534,74.36389795395806,75.71936812408049,19109696
2000-05-01,75.9217529296875,75.9217529296875,75.9217529296875,75.9217529296875,0
2000-05-02,73.6936264038086,79.1781400054215,72.4007903591487,77.1215649403456,25582336
2000-05-03,71.50244140625,73.84039428923698,64.85035483995084,68.70830459879627,32888000
2000-05-04,76.46298217773438,76.93459399955276,70.57790822559214,71.88663764964285,25117504
2000-05-05,80.0755386352539,81.60721569874669,76.934588252176,76.934588252176,30822080
2000-05-08,71.02477264404297,81.70214126015229,70.48445596127554,80.38406323753426,48399424
2000-05-09,73.62541198730469,74.27042892828031,65.43650125839676,70.11988513417629,31215296
2000-05-10,72.54988861083984,74.55084069743222,70.57791188283552,74.31713900245595,24130816
2000-05-11,66.00624084472656,71.13879562014647,64.59748520816257,71.13879562014647,31749632
2000-05-12,64.13616180419922,68.24089956635494,63.12283209887833,66.83868930129286,32175744
2000-05-15,64.86905670166016,67.21261954554512,56.56610413015028,63.613612796583396,43260224
2000-05-16,64.16419982910156,66.37127948661714,62.81901382395312,65.42712466575117,30106112
2000-05-17,65.08917236328125,69.29766829782957,64.32403236463438,66.99384052114992,24953152
2000-05-18,64.48157501220703,65.3897389512198,63.11815831288579,64.96907587004684,16329728
2000-05-19,60.354393005371094,64.50306329472541,58.908715363496434,64.50306329472541,35789312
2000-05-22,55.518184661865234,58.50021882706729,54.50859315765889,58.50021882706729,27676736
2000-05-23,56.24126434326172,57.66637493905923,51.64855461057154,54.21927397419735,34424576
2000-05-24,56.53057098388672,57.350398390586655,53.28398872475044,55.16295043241269,38866432
2000-05-25,56.45438003540039,59.06108952937817,56.08840411147025,56.9297301731423,34255680
2000-05-26,55.886024475097656,57.37844265136465,54.4524973027369,56.88299503642129,36218496
2000-05-29,55.072757720947266,55.714501867309934,52.163170689705616,55.26579446972086,26640576
2000-05-30,58.58387756347656,59.17327143499263,54.70723187289662,55.38730383133196,26278080
2000-05-31,65.4247817993164,65.61408014994133,62.435737472782186,62.435737472782186,21896192
2000-06-01,65.37712097167969,66.58021926163046,63.875354619878735,64.96907867820244,26854272
2000-06-02,70.43022918701172,71.88665663345246,65.81041127431799,65.81041127431799,39140928
2000-06-05,74.80277252197266,78.88179823113667,71.04531486587071,71.04531486587071,27895872
2000-06-06,74.51953887939453,76.37372941649788,72.91494362896982,75.27065719236731,28894656
2000-06-07,73.2570571899414,75.40150268364334,71.980110422025,73.38232036531122,28549120
2000-06-08,73.91424560546875,74.77520367026402,72.91493794575064,73.33560104928381,20242496
2000-06-09,74.17737579345703,76.46578528966012,73.5692858726168,74.3161954986297,32154624
2000-06-12,72.58026123046875,74.5788760632767,72.17642292360985,73.14862185950616,14581632
2000-06-13,72.63874053955078,73.3356376026368,69.65249659365797,71.99091629851664,19440384
2000-06-14,73.03739929199219,74.3078009644603,71.87730300864702,71.87730300864702,15804032
2000-06-15,77.4239730834961,78.51442894806215,72.46622850403355,72.93363193865709,47780928
2000-06-16,78.43636322021484,79.36509003922649,76.17739914365802,76.66349863506436,32008768
2000-06-19,80.07273864746094,81.0290440676426,77.13090016175809,78.52376213292546,39349376
2000-06-20,81.59881591796875,83.6652044203438,79.78575639414909,79.78575639414909,25223040
2000-06-21,79.465576171875,83.19779171598829,78.80420046806532,83.19779171598829,27506944
2000-06-22,79.57635498046875,80.32794325179978,78.53311430913185,79.458572982695,21713344
2000-06-23,77.20802307128906,79.42117795364855,76.33631581561842,79.42117795364855,22021824
2000-06-26,75.56182098388672,76.65460901833491,73.38325596469531,76.65460901833491,17510144
2000-06-27,76.25688171386719,77.67218317624217,74.83130102598919,76.45786522068278,19903872
2000-06-28,76.81119537353516,77.21503369516863,73.86842569724243,75.7193429698385,12160960
2000-06-29,78.43496704101562,80.85144269563723,77.299176743002,77.299176743002,16867520
2000-06-30,77.68619537353516,78.05637525007785,76.1961095405251,77.64506021881995,15405760
2000-07-03,80.23961639404297,80.5710072681794,78.43029945237558,78.43029945237558,21234432
2000-07-04,81.79419708251953,82.2443102520261,80.4027406771626,80.58035398641339,22397056
2000-07-05,80.39759063720703,82.37517253238697,79.9820672023494,82.15081890769594,15825792
2000-07-06,79.16177368164062,80.06619922454486,78.24332603729603,80.06619922454486,13693696
2000-07-07,79.3431167602539,80.57892379355033,79.04817797208692,79.36414990894576,16222208
2000-07-10,77.55718231201172,80.01946723337568,77.25243892717484,79.5520638032742,15590016
2000-07-11,77.33889770507812,79.69227364527737,77.02807446769332,77.8974447256418,26963328
2000-07-12,78.1643295288086,78.51441647150472,75.62586370454497,77.35525613783803,29184832
2000-07-13,75.07572937011719,79.73854805237445,74.31713462579634,78.9724721155632,27476480
2000-07-14,72.63493347167969,75.1397494123067,71.80249007662698,73.85018196926613,54850688
2000-07-17,71.91095733642578,73.1009647081345,71.13880591517187,72.44753559035243,26524928
2000-07-18,69.68561553955078,71.97075183556203,68.91393460602198,71.95205570571774,38106752
2000-07-19,68.47552490234375,69.92353953407607,66.20488039373996,66.37688390964321,30771840
2000-07-20,68.6825942993164,68.93686358095384,67.35283159366766,68.1567654614061,22578560
2000-07-21,68.7017593383789,70.20399580136116,68.25024944683592,68.93686691731901,28321024
2000-07-24,64.05109405517578,67.88567358761306,63.24903160200908,67.88567358761306,33885440
2000-07-25,66.54376983642578,67.72676625347101,59.37893985397486,60.76245419566068,49228288
2000-07-26,62.22168731689453,68.23156038262269,61.708009063777425,67.9417702234418,34172416
2000-07-27,63.447200775146484,64.02490947726797,59.406964480659646,61.697240845374296,39879680
2000-07-28,63.99032974243164,66.04410216199702,62.82836668517792,63.800565782820904,44182464
2000-07-31,63.20461654663086,64.58579341403922,62.17399218364088,64.03425747375432,21621248
2000-08-01,63.08214569091797,64.48295418346,62.74982379661599,63.940766398212006,23805504
2000-08-02,61.950599670410156,62.23945413944548,60.622237923446065,61.921619738613224,26991616
2000-08-03,60.30064010620117,61.51027902705803,58.89282034505556,61.51027902705803,26974272
2000-08-04,59.12840270996094,61.9683439987888,58.477776251383204,59.93046513444486,45206336
2000-08-07,60.19033432006836,60.668957194919756,59.0797857429727,59.53784104382803,24836928
2000-08-08,69.72955322265625,69.82116243303646,60.668941303085305,60.668941303085305,75971520
2000-08-09,70.78030395507812,73.28885912118596,70.34421746006689,71.88664880636735,45188416
2000-08-10,67.965576171875,71.7370550445444,67.50518394344866,70.20397229404854,34988928
2000-08-11,67.63841247558594,70.06377057567798,66.69846605169612,67.65196900015764,51963008
2000-08-14,68.0586166381836,68.68026322927476,67.03500307841695,68.19416363924859,30925184
2000-08-15,68.0586166381836,68.0586166381836,68.0586166381836,68.0586166381836,0
2000-08-16,72.31011962890625,72.81211278304224,69.27854253885299,69.40941551086,42290944
2000-08-17,70.68869018554688,73.13928534276803,70.3909533015137,72.61579352538625,23591296
2000-08-18,74.51253509521484,74.9243203441832,70.59850067040057,70.59850067040057,75263168
2000-08-21,74.46577453613281,75.56978228824856,72.92427902407559,74.77519650218953,43158912
2000-08-22,77.55015563964844,80.42141798399344,74.64431275162009,74.64431275162009,42816704
2000-08-23,75.21317291259766,76.74578631133636,74.79391104353188,76.12133703630548,25796928
2000-08-24,76.75745391845703,77.3552647083725,74.41997128016357,74.784545941629,36830464
2000-08-25,76.24144744873047,77.77500086628531,75.71935689600082,77.35526892770454,35749120
2000-08-28,72.89531707763672,76.65417708900866,72.6812471789076,76.09329286640616,25876480
2000-08-29,73.30240631103516,73.94321451750046,71.7090263670981,72.44798928309991,31858112
2000-08-30,73.40289306640625,74.50409352635911,72.91492214624857,72.9242702131904,24905024
2000-08-31,77.83948516845703,79.17813023506145,73.01354541239441,73.14862681102193,93071232
2000-09-01,77.83948516845703,77.83948516845703,77.83948516845703,77.83948516845703,0
2000-09-04,80.48124694824219,81.32817811704503,78.52375818197451,78.52375818197451,43716224
2000-09-05,79.75865936279297,80.85145232842969,79.22488825106274,80.5803583155352,25474368
2000-09-06,78.154541015625,79.16880663373341,77.30900623906594,78.6359666315935,26717312
2000-09-07,78.132080078125,78.97247500611658,76.851394818201,77.44873998883475,32404992
2000-09-08,80.23167419433594,80.75796865692934,78.43029945961769,78.43029945961769,51575296
2000-09-11,81.15760803222656,82.49671908133722,79.3651155807992,80.39340329739377,53541568
2000-09-12,82.65001678466797,83.32868290861894,80.11387848832044,81.32819624242593,56493952
2000-09-13,81.47869873046875,83.65586760329025,81.09449675478186,82.33778990387535,56983296
2000-09-14,80.31439971923828,82.59018892404357,78.15920425511355,81.56190134264631,83144704
2000-09-15,79.43801879882812,80.61774693058761,78.99118292711796,79.56141513523089,54026048
2000-09-18,74.84672546386719,79.00988944644952,74.4573792523628,79.00988944644952,53970496
2000-09-19,71.43559265136719,74.27039403475804,69.26917807395307,73.89647134609973,52265984
2000-09-20,72.88126373291016,74.55082929946037,70.81160275152506,73.3823210032306,22970176
2000-09-21,70.85601806640625,72.55035538287925,70.57791304480585,72.41948243153787,21081664
2000-09-22,65.82161712646484,70.35355859126925,65.20277320942107,70.35355859126925,51416128
2000-09-25,70.49517822265625,71.08737921090501,68.24089266087272,68.51198661801865,36492672
2000-09-26,67.75294494628906,71.5127408049951,67.23226014735573,71.5127408049951,33702976
2000-09-27,69.74732208251953,70.2974566823523,65.67951205454884,67.30607554693306,42644736
2000-09-28,68.95884704589844,70.99859792599939,67.78847131713417,69.5589950187441,33791104
2000-09-29,68.81346130371094,70.20398633260237,68.4839419271165,69.29722379275384,29249344
2000-10-02,68.81346130371094,68.81346130371094,68.81346130371094,68.81346130371094,0
2000-10-03,69.835693359375,71.13881341762294,66.83870117424495,68.47461344074745,41659520
2000-10-04,71.52862548828125,71.90535086475496,68.24090760695674,68.24090760695674,44959680
2000-10-05,70.26990509033203,72.21383799856063,69.96095321439842,70.90510824842491,41379840
2000-10-06,70.42975616455078,70.80975427280352,67.69124197222378,69.92355911938473,66243904
2000-10-09,69.119140625,70.21426574221219,68.7176393284998,70.11050128740968,32816768
2000-10-10,68.62276458740234,70.47508331352553,67.6332706954977,69.63375720950414,61546048
2000-10-11,63.701942443847656,66.82933670046182,63.42664002135033,66.37128137827374,64735168
2000-10-12,63.5117301940918,64.03335073091876,61.28595357258642,63.47340219003384,69716096
2000-10-13,60.92087936401367,62.81900230273908,60.575932083709525,62.81900230273908,63712512
2000-10-16,60.9620246887207,65.79450574416843,60.482000479897195,61.3139785390488,62009536
2000-10-17,60.42824935913086,61.48224403991239,58.75260814822098,60.5474372276893,63538624
2000-10-18,58.238914489746094,59.71404198579745,57.21062726978648,59.453231867450185,53980160
2000-10-19,62.32684326171875,62.893802683655544,57.210177233051716,58.01411109613055,66756928
2000-10-20,66.59423828125,67.21074065628771,63.566865403510505,63.566865403510505,79272448
2000-10-23,64.22402954101562,66.74520529802548,63.6164051230364,66.5096321594144,51312896
2000-10-24,65.62578582763672,66.26519287750563,62.81902792090292,63.866011719584634,47601344
2000-10-25,67.17108154296875,68.17168097567064,66.8624854562476,67.78827371641103,45920448
2000-10-26,66.7876968383789,67.32914196925347,66.00217926145034,66.76899403892823,9681344
2000-10-27,67.33895111083984,67.78828395733602,66.70352179165097,67.04017211893253,20547520
2000-10-30,66.5029067993164,67.76955499305879,66.07695261224691,67.69474383810578,20664064
2000-10-31,66.70305633544922,67.08692939773822,65.23535258971589,66.40521339527973,28122240
2000-11-01,68.29235076904297,68.90112793478404,67.89024049472216,68.73186665027734,28271168
2000-11-02,69.26956176757812,69.64922953352114,68.45225029341766,68.45225029341766,33982400
2000-11-03,70.79010772705078,71.15481237716372,69.0133414829108,69.48091154715816,42469760
2000-11-06,71.06782531738281,71.58495583024708,70.22900304182306,70.78073555573353,36256064
2000-11-07,72.108154296875,72.35783384939774,70.18737375949978,70.61239656646968,35621504
2000-11-08,74.35765075683594,74.94211320697771,71.78134027661103,72.00577385746547,51512384
2000-11-09,74.09671783447266,75.14687771612259,73.65159049822914,74.07240329310221,34871168
2000-11-10,72.362060546875,74.24075566761438,72.1460423196429,73.97003084374172,31773312
2000-11-13,68.83472442626953,72.28632733419488,68.40596179140736,72.28632733419488,42099072
2000-11-14,71.52745056152344,71.89355692635324,68.50835042175649,68.51770182094046,33883136
2000-11-15,71.14216613769531,73.40847848543308,70.82749249027644,72.80063758077662,32892992
2000-11-16,70.57501983642578,71.95902711558188,70.33188342252,71.07999546530706,23760768
2000-11-17,71.41148376464844,71.71586993748181,69.03201876104978,70.2383490807701,32750912
2000-11-20,71.59521484375,72.18341666510945,71.10800626007155,71.8187122668792,21192640
2000-11-21,71.37826538085938,71.72426701233378,70.60397166443674,71.35114724729036,26636928
2000-11-22,69.68426513671875,72.72580668544458,69.34060133374972,72.4826703894665,49501056
2000-11-23,69.54682159423828,69.99522301232552,68.42418794671822,69.25646247552208,23804032
2000-11-24,69.74554443359375,70.20095943768864,69.3032250423219,69.75209224000527,24187200
2000-11-27,70.81673431396484,70.97617382129556,69.90450271155198,70.11678126976851,32601024
2000-11-28,69.72354888916016,70.69655990103594,69.38736434731305,70.69655990103594,27703936
2000-11-29,69.03108978271484,69.47154157874245,68.08753455846328,68.90718374880473,32305216
2000-11-30,67.18185424804688,69.18819970395113,66.95601886857727,69.10684070374106,45687872
2000-12-01,68.1557846069336,68.59109487489584,65.93669993575325,66.86248823438318,54182464
2000-12-04,67.16500854492188,68.44287605817158,66.956003904428,68.35871348343137,29766208
2000-12-05,67.15709686279297,67.68545110254063,66.2200845085115,67.1898267714499,43453632
2000-12-06,68.30821228027344,71.07061391309428,68.08751840805782,71.07061391309428,41569856
2000-12-07,68.14129638671875,68.5831499228319,67.61107031693814,67.89114650119438,23706944
2000-12-08,69.12322235107422,69.37524444908766,67.90333019342184,67.90333019342184,39107712
2000-12-11,69.85261535644531,70.09808958959994,68.84500207559161,69.15359825441456,39128768
2000-12-12,69.70065307617188,70.8836050603586,69.3406242114194,69.9484651519106,34921984
2000-12-13,71.28292846679688,75.20303314938512,69.85403160947394,70.12522224698691,52094400
2000-12-14,70.41978454589844,71.39981404591336,70.13596863099133,71.30442793554109,27747008
2000-12-15,67.35252380371094,70.46280041959551,67.07478995778347,70.46280041959551,50494144
2000-12-18,66.3397216796875,66.75024694197018,64.87996823807636,66.45427625030099,42354176
2000-12-19,64.42504119873047,66.30139790027407,64.16460390588583,66.30139790027407,46559552
2000-12-20,62.104042053222656,63.54275569095641,61.39193393835597,63.54275569095641,60485184
2000-12-21,58.69217300415039,61.73792492895326,58.30596212239073,61.73792492895326,57950976
2000-12-22,54.350799560546875,58.86518766277766,54.051554776970725,58.86518766277766,88193152
2000-12-25,54.350799560546875,54.35079956054687,54.35079956054687,54.35079956054687,0
2000-12-26,51.62018966674805,54.93947066104658,51.24566795277195,54.0043307349011,87180288
2000-12-27,51.322811126708984,53.910810576318006,50.703280996495444,51.769340390372335,93331008
2000-12-28,51.87592697143555,53.11592284400904,51.35318491159782,51.713213613973586,68453056
2000-12-29,53.2477912902832,53.77053347642292,50.79912703953016,51.61971213736601,89329728
2001-01-01,52.30796813964844,54.23715925492516,51.993760329471115,53.34971271216416,59981248
2001-01-02,53.12389373779297,53.58351406651975,51.43269238496659,52.37718364512689,68767872
2001-01-03,52.501548767089844,52.83539548180019,51.2802599155683,52.36782561027984,64125952
2001-01-04,57.05615234375,57.88515285223197,52.64837004169079,52.64837004169079,71192960
2001-01-05,59.67500305175781,59.83958854983359,56.65076221829847,57.03416948983202,67941888
2001-01-08,55.96486282348633,59.334641191952635,55.46316105744225,59.02604494934673,76229504
2001-01-09,55.43415832519531,56.80975005877101,54.57663775944916,55.50990557182958,64873024
2001-01-10,52.985965728759766,56.376784107631366,52.66848388863892,56.10933316816066,91550336
2001-01-11,51.88485336303711,53.677048683290295,51.64779440380005,53.069207539664184,68442560
2001-01-12,54.244197845458984,54.705690351648116,51.921310983750125,51.99378433421599,92083584
2001-01-15,57.692073822021484,58.11569051337237,54.42516056459886,54.471917575393185,102845952
2001-01-16,57.02669906616211,58.343374123281485,56.445976317219824,57.8842195525092,41221824
2001-01-17,58.893699645996094,59.46553668977633,58.074050568518885,59.38137411229434,51214528
2001-01-18,60.132286071777344,60.643809312158076,59.14758579790283,59.14758579790283,43274496
2001-01-19,63.121482849121094,63.53948768013351,60.29782585563059,60.29782585563059,56089536
2001-01-22,63.9317741394043,64.75843688255985,63.14064488534933,63.54275503494501,46704576
2001-01-23,63.17851257324219,63.682086284241954,62.468276612980524,63.41229753042756,32817280
2001-01-24,63.85791015625,64.05709315962943,62.85169855339575,63.49600913195385,40703168
2001-01-25,63.468868255615234,63.962620196711605,62.190064700477954,63.599317505667784,30341568
2001-01-26,63.468868255615234,63.468868255615234,63.468868255615234,63.468868255615234,0
2001-01-29,62.054481506347656,63.131294179975065,60.456794085844884,63.131294179975065,32839808
2001-01-30,64.41803741455078,64.8958947376704,62.37382101789337,62.37382101789337,32835392
2001-01-31,63.52170181274414,64.49658494755384,63.23414635571394,64.07904598577137,32945152
2001-02-01,63.13501739501953,63.41181964454601,62.002096622659074,63.22479171461076,32992448
2001-02-02,64.18473052978516,64.6181687981152,62.89330138052499,62.89751133663139,36933888
2001-02-05,62.325191497802734,63.91680116000959,62.102630066367766,63.91680116000959,27276480
2001-02-06,62.4163818359375,62.93491876573487,62.102644208505986,62.207847453099525,21435776
2001-02-07,60.75088882446289,62.84139193354544,60.41049429859983,62.84139193354544,35805888
2001-02-08,61.11838912963867,61.33580909632407,59.39118438505241,60.363263869000136,34458240
2001-02-09,60.08506393432617,61.176839540618936,59.849406902069205,60.87759483482563,27061504
2001-02-12,59.55907440185547,59.86767064227959,58.773556698957705,59.86767064227959,27284224
2001-02-13,59.603023529052734,60.8776175979374,59.214940406116575,59.75544953161598,29327680
2001-02-14,59.55299377441406,59.84896469440665,58.937668866481516,59.24579934709583,21451776
2001-02-15,60.742950439453125,60.96832007667075,59.38138578292442,59.3935407756159,29909440
2001-02-16,58.86284637451172,61.17685186878482,58.352729388752266,60.999175288915225,40206656
2001-02-19,58.87876510620117,59.30659174961728,57.666356744693985,58.35274874134529,30336704
2001-02-20,58.55519485473633,59.24112098089488,58.31533234993851,58.96057897151416,23045696
2001-02-21,55.260231018066406,57.978685061847195,54.79920878426203,57.978685061847195,65310336
2001-02-22,54.179222106933594,55.0797603348591,51.94704051954878,55.0797603348591,54486912
2001-02-23,52.579158782958984,54.593448519105586,52.27897806544361,54.051067564308035,46992000
2001-02-26,53.525081634521484,54.228774561885146,52.46135976757642,52.74190179841908,40402176
2001-02-27,52.692787170410156,54.22875421291246,51.77214025821585,53.46193961635119,50862080
2001-02-28,58.3681640625,59.38138915124026,51.94702625750231,52.603496354564456,77895168
2001-03-01,52.955116271972656,58.44626123386213,51.8067659576954,58.44626123386213,63365312
2001-03-02,46.3857307434082,55.12648297467544,45.86860033770704,53.770530467240675,74829568
2001-03-05,44.83293151855469,46.710224317709894,43.10993675768621,45.83259486550521,81282816
2001-03-06,44.83293151855469,44.83293151855469,44.83293151855469,44.83293151855469,0
2001-03-07,48.556663513183594,48.81429267586145,45.41973554150557,46.83834430261088,68337792
2001-03-08,47.98389434814453,49.65592245288141,46.897260094388,49.04808159423032,36073088
2001-03-09,45.9144172668457,47.13103477210176,44.14513592340099,47.13103477210176,31186368
2001-03-12,41.61980056762695,45.690932793059545,40.96099728697702,45.3542824491074,28695744
2001-03-13,39.20246887207031,43.942226666768,35.209421247743876,40.687939609939896,43740032
2001-03-14,44.1530876159668,44.87735515543266,39.557346202448414,40.30452192538337,27935360
2001-03-15,45.55952835083008,46.00886103099956,42.36181716878618,43.20344267545081,26508288
2001-03-16,43.94877624511719,46.71024282853502,43.12865664168238,45.77510283196776,26217472
2001-03-19,41.66654586791992,44.41913014047901,40.5958110466389,43.31566543383132,26609344
2001-03-20,40.82960510253906,42.782645470748584,39.566230330715925,41.56789979453929,21592512
2001-03-21,41.890052795410156,42.71718576924779,37.6019710985432,40.02398316383112,32702976
2001-03-22,40.289573669433594,41.84751793180462,39.631235976533624,41.66048991870158,22650624
2001-03-23,39.3946418762207,41.520213122463815,37.40559740762506,40.304531206716,34882176
2001-03-26,40.38027572631836,40.64117883738553,38.576857569932045,38.85506168185386,20275776
2001-03-27,43.55880355834961,44.47524038718564,39.74670780550036,40.061381374832486,40293184
2001-03-28,44.03479766845703,46.0556357142372,43.68973199125202,45.35428085564475,29183360
2001-03-29,41.24760818481445,43.55600132515683,40.914231812653625,43.55600132515683,31557248
2001-03-30,38.18877410888672,40.91236895656673,37.976029790312566,40.91236895656673,30498944
2001-04-02,38.46089553833008,38.98597558677655,35.1336679016337,37.985376069437834,40333248
2001-04-03,38.10226821899414,39.07013783751565,37.08764161407063,37.92926736930672,28847232
2001-04-04,36.605106353759766,36.938016989724936,35.8158493849738,36.938016989724936,20771456
2001-04-05,36.605106353759766,36.605106353759766,36.605106353759766,36.605106353759766,0
2001-04-06,37.67772674560547,39.53351173599443,36.938032328804496,36.938032328804496,32048448
2001-04-09,37.12739562988281,37.5458707774018,36.024398463033485,36.93802978100551,15911040
2001-04-10,35.797607421875,37.86379765216066,34.157371399488305,37.40557930566625,35273920
2001-04-11,30.07036781311035,38.32531755215617,30.07036781311035,37.54587731777848,41200640
2001-04-12,26.75809669494629,28.400203549314764,25.259066726001986,27.664714524178223,80036608
2001-04-13,26.75809669494629,26.75809669494629,26.75809669494629,26.75809669494629,0
2001-04-16,28.630714416503906,28.895827533798844,25.959487777937085,26.417706402259462,43891264
2001-04-17,28.574588775634766,29.569110531692303,27.408938320173984,28.72047144859582,40648000
2001-04-18,33.1464958190918,33.1464958190918,28.605924394867657,28.86776351976347,43391808
2001-04-19,35.762550354003906,38.45014339826441,34.0390873170278,35.44179695921301,49591872
2001-04-20,35.70878601074219,37.34948855015616,34.70304256625676,36.236672041025315,31406144
2001-04-23,34.776451110839844,35.792479699740554,34.32898575512674,35.67558721215159,21476224
2001-04-24,35.94816970825195,36.648122644942994,33.3961745332362,34.184497709665855,27698688
2001-04-25,35.962669372558594,37.25596812008542,35.30245978732863,36.47980211758364,26131968
2001-04-26,34.36219787597656,37.218583426289776,33.957281675053956,35.94679263584369,25135680
2001-04-27,30.439680099487305,34.024374733360474,29.985678641353214,34.024374733360474,36926080
2001-04-30,34.755271911621094,35.22098647537758,30.566647876977086,30.73531730119094,35136960
2001-05-01,34.755271911621094,34.755271911621094,34.755271911621094,34.755271911621094,0
2001-05-02,36.96906280517578,38.51145209558627,35.98281507429821,36.32952449037869,42003456
2001-05-03,35.63188552856445,36.825220355004575,35.38403334529769,36.554413133830316,31680704
2001-05-04,35.81132125854492,36.14210112226465,34.40386939859856,35.443997276371796,31076864
2001-05-07,37.42166519165039,37.71542981403524,36.07652570427437,36.07652570427437,30507648
2001-05-08,37.18879699707031,37.82880422412438,36.64811823645045,37.247831753999115,23583936
2001-05-09,36.198814392089844,38.39104870240591,35.889118020555195,37.50319127879035,37691648
2001-05-10,36.16459274291992,36.96577239720811,35.139458521411996,36.006231831606826,33075968
2001-05-11,36.435890197753906,36.6762456071356,35.42996541660187,35.70171072130471,24473280
2001-05-14,36.345458984375,37.29235110062186,35.66515787708527,36.3117241754565,22221056
2001-05-15,36.56847381591797,36.826163253442054,33.795736383249135,36.32015490339476,29911936
2001-05-16,35.82257843017578,37.36965299351832,35.37373120625167,36.910497277198765,26481280
2001-05-17,36.54457092285156,36.91986082866774,35.60798760125315,35.60798760125315,28624640
2001-05-18,36.99998092651367,37.547687566108344,36.66029945052879,36.91049196977808,34144768
2001-05-21,37.044490814208984,37.472723278349456,36.87300977752066,37.200978098286406,19321984
2001-05-22,37.23284912109375,37.67888709807641,37.00420918933194,37.00420918933194,23764224
2001-05-23,39.56610870361328,39.77788350970948,37.0707371321374,37.19161829211706,55238144
2001-05-24,38.987937927246094,39.96528167231127,38.89704202151561,39.357135628308114,37843072
2001-05-25,39.124755859375,39.581102311375005,38.75649601322136,39.076969836548315,26164032
2001-05-28,40.143333435058594,40.553760644199755,38.88768294946152,39.21424669606731,30142272
2001-05-29,39.791481018066406,40.48068153202411,39.563307742951515,40.28390044124344,18814912
2001-05-30,36.812103271484375,39.699162610386324,36.60829437593779,39.168790040678296,40161728
2001-05-31,35.34843826293945,35.98282246181739,34.6709487262303,35.13947506036855,33537984
2001-06-01,35.19757080078125,35.8891161065413,35.00360136187599,35.46744241860544,28304768
2001-06-04,33.901153564453125,35.51381948619289,33.73435776791972,35.42058322334853,29582400
2001-06-05,35.53630065917969,36.02028953295353,33.547407200967044,33.73388197675148,48417472
2001-06-06,35.661407470703125,37.435248357293524,35.42152110931822,37.435248357293524,27025280
2001-06-07,36.238155364990234,36.535669472647726,34.68030590363407,35.42057722662437,36873792
2001-06-08,36.94517517089844,37.14476784719882,36.090583593210454,36.5356836115611,36826752
2001-06-11,35.682010650634766,36.73244710671008,35.47960874329411,36.71370606226788,27544128
2001-06-12,35.936893463134766,36.03903354237741,35.13946328234927,35.52365474756962,26409152
2001-06-13,35.95329284667969,36.50755837874111,35.53864719517576,36.076514311640985,30776768
2001-06-14,35.61456298828125,35.879749370923726,35.01110193954641,35.71716980564106,28833856
2001-06-15,31.90336036682129,35.42995873493845,31.58804308264415,35.42995873493845,66734656
2001-06-18,31.23617172241211,32.1877488602358,29.40798163625,31.672370057524603,50334208
2001-06-19,32.45855712890625,32.68438767212094,31.11951016603029,31.85978156112707,44176448
2001-06-20,31.52058219909668,32.32832124631435,30.97099936527341,32.32832124631435,41332864
2001-06-21,31.918365478515625,32.37517878261181,31.39267786886495,31.625536437428323,32749120
2001-06-22,32.162452697753906,32.30956947942772,31.494333822609217,32.009712686115165,28011200
2001-06-25,31.233823776245117,31.96285085247155,30.56664306090947,31.96285085247155,53216832
2001-06-26,33.63784408569336,34.72997929585017,30.791546950508636,31.016439563659034,57623680
2001-06-27,33.18758773803711,34.005635023228415,32.337681583125175,34.005635023228415,38507200
2001-06-28,33.863677978515625,34.24927422743582,32.65628472848531,33.09669947231281,37874304
2001-06-29,35.126808166503906,35.60798541076312,34.10870181452046,34.10870181452046,40621184
2001-07-02,34.98813247680664,35.70169697500957,33.26536069849973,35.70169697500957,10349184
2001-07-03,30.86182403564453,33.771372043255774,29.985679949616667,33.73388994331875,36732608
2001-07-04,32.49837875366211,33.359062214944,30.210566455331307,30.210566455331307,37540288
2001-07-05,32.65909194946289,33.34969919941903,31.70985728879854,32.93739609046302,28821504
2001-07-06,34.101219177246094,34.83680549878136,31.739377543357392,32.19712867254974,55840448
2001-07-09,32.82026290893555,33.443402804280076,32.09404724142876,33.443402804280076,34657536
2001-07-10,32.826351165771484,33.893186268494624,32.10341613377456,33.689846349477314,46978176
2001-07-11,35.10572814941406,36.02966267697491,32.3095648661143,32.4220111475509,69567552
2001-07-12,36.54457092285156,36.985454490038464,35.23316667913469,35.74854544704757,60139648
2001-07-13,34.6114387512207,37.38558313502076,33.94004155005985,37.32280107506582,59455168
2001-07-16,34.02344512939453,35.31423520695872,33.8838251939899,34.77402524748244,39718336
2001-07-17,34.456809997558594,35.373716382320055,33.26534918072482,33.26534918072482,50187776
2001-07-18,34.530845642089844,35.07058638492929,34.071221039335924,34.558488226917184,41571712
2001-07-19,34.643768310546875,34.95205997086108,33.83228217822894,34.108712679338964,35498048
2001-07-20,35.24769592285156,35.607992122440066,33.85851570386426,34.95205542544775,55835008
2001-07-23,33.94190979003906,34.661566452932966,33.49962153804687,34.65219592942582,2029568
2001-07-24,34.64799118041992,34.92395273198575,33.746544688898176,33.78074848371576,32382272
2001-07-25,34.53974914550781,34.75527118304082,33.883812509537776,34.3804502482008,35721088
2001-07-26,34.21741485595703,35.092621099941205,33.31315677753813,34.427313730623226,52569920
2001-07-27,33.90911865234375,34.502273347503525,33.733890290877966,34.13073065541432,35253888
2001-07-30,34.25911331176758,34.521019065646016,33.96862699498283,34.129330606758764,20011712
2001-07-31,35.166175842285156,35.60799518321817,34.06232753406022,34.2225621397492,30586304
2001-08-01,34.17524719238281,36.06715794103714,33.5933388460946,35.37373895230324,42687616
2001-08-02,35.184913635253906,35.93596023325236,34.34297112252148,34.57723422704073,38093376
2001-08-03,36.21052169799805,36.535678471269236,35.33859385349426,35.42058595060213,31857024
2001-08-06,35.540061950683594,36.348269805998726,35.205065651234136,36.21708244397656,20862464
2001-08-07,35.194278717041016,35.415421680874566,34.914567698408895,35.15820128943376,16592640
2001-08-08,34.53273010253906,34.905208501989826,34.24974068175941,34.905208501989826,19657088
2001-08-09,34.509765625,34.65875603883411,33.83836621982201,33.83836621982201,16467584
2001-08-10,34.20710372924805,34.642364186159384,34.06420321373756,34.43668160662555,11152384
2001-08-13,33.91520309448242,34.436674103542785,33.664074893104996,34.436674103542785,18800576
2001-08-14,35.49836349487305,35.739185551399935,33.92130353855998,34.01500879695379,37428032
2001-08-15,35.49836349487305,35.49836349487305,35.49836349487305,35.49836349487305,0
2001-08-16,35.20037078857422,35.48617174932266,34.81149407149027,35.04575715407096,19617856
2001-08-17,34.39638900756836,35.41964997961162,34.015009060495885,35.16758374766972,18481984
2001-08-20,34.35655975341797,34.848981282868124,31.859783910124126,31.859783910124126,28190848
2001-08-21,35.05514144897461,35.214440407710924,34.502280356889734,34.57724457276565,20295552
2001-08-22,35.05514144897461,35.05514144897461,35.05514144897461,35.05514144897461,0
2001-08-23,35.284244537353516,35.56114402146903,34.68312624586227,35.02702407173946,17717248
2001-08-24,35.666080474853516,35.879728834573584,34.77400723559744,35.14976379617376,16439680
2001-08-27,36.706687927246094,36.90112631501567,33.73623159360974,33.73623159360974,29598848
2001-08-28,36.860836029052734,37.05105815593671,36.07652349528485,36.07652349528485,25300608
2001-08-29,35.198509216308594,36.5075713132982,34.95299959136161,36.37919555754976,36475264
2001-08-30,34.74216079711914,35.93315319970363,33.83696713076003,35.51429117296608,40934464
2001-08-31,33.15900802612305,34.57723792776269,33.01236022208888,34.57723792776269,43462592
2001-09-03,32.08092498779297,33.478068661085956,31.588034539397448,33.3590634708558,51990272
2001-09-04,32.119808197021484,33.405912398039995,31.625513139799438,31.850405677682456,63444928
2001-09-05,31.523836135864258,32.79682228150932,30.99768231635224,31.76606500980474,55561984
2001-09-06,30.82292366027832,31.77543854761854,30.547900225666893,31.3912471644123,33253632
2001-09-07,31.076404571533203,31.578665568062043,30.219939601483706,30.735318416392733,43670400
2001-09-10,32.544281005859375,32.70311084309689,30.639723046300794,31.231939381100833,50323840
2001-09-11,32.832916259765625,33.1248072101908,31.95349153797755,32.749986195082556,46679744
2001-09-12,29.89806365966797,30.89461987462681,29.549949582843688,30.50199351784005,38298368
2001-09-13,29.69285011291504,30.407352620563096,29.095479163897814,29.751415892230455,55163136
2001-09-14,27.24152183532715,29.42344957649622,26.723800310135616,29.42344957649622,55850304
2001-09-17,24.517507553100586,26.97773913610006,24.517507553100582,26.97773913610006,17588032
2001-09-18,24.91716194152832,26.181247151206705,23.576241171236962,23.894839024902325,100096704
2001-09-19,24.17361068725586,25.487826754273062,23.632462894954656,24.72881426637008,40674944
2001-09-20,23.13909912109375,23.51720063145062,21.75648031108539,23.41693649495964,53192960
2001-09-21,20.82552146911621,22.020732312382354,20.82552146911621,21.741490228067434,28133504
2001-09-24,22.49394416809082,22.751633593053327,19.82006407434412,20.380890883398262,47482816
2001-09-25,23.326045989990234,23.866724770472704,22.498628258305835,23.426310139843643,55670016
2001-09-26,23.91030502319336,24.22281302312775,22.686046548933184,23.06086764020015,52010176
2001-09-27,22.240007400512695,23.707432813042935,21.936403247167394,23.707432813042935,40467392
2001-09-28,22.180500030517578,22.939043516037493,21.59905853940622,22.910931943101172,39388544
2001-10-01,21.803340911865234,22.72352613104952,21.43132918997189,22.47989244881971,30558464
2001-10-02,21.803340911865234,21.803340911865234,21.803340911865234,21.803340911865234,0
2001-10-03,20.496620178222656,22.489264051048146,20.217380313103135,22.489264051048146,44075392
2001-10-04,22.201583862304688,22.479887978735558,21.19940445007922,21.19940445007922,59927808
2001-10-05,23.19533348083496,23.463800461789603,21.936404505211446,22.208149798099583,55935552
2001-10-08,22.400711059570312,22.957788364586186,21.317946338544317,22.254998924853957,46894592
2001-10-09,22.737579345703125,23.179867676584564,22.348702550794126,22.508001478829136,38199360
2001-10-10,23.500802993774414,24.12206913397763,22.817223789933195,23.801128717219843,67315392
2001-10-11,25.85093879699707,25.85093879699707,24.08225200118984,24.363367783304895,42996032
2001-10-12,27.649600982666016,28.240412898782022,26.42487411847874,27.174515937442678,77625792
2001-10-15,27.262142181396484,28.870594562350202,26.831097926327313,28.870594562350202,38956224
2001-10-16,27.839834213256836,28.055356322615605,26.706000507499823,27.174526832192804,42279872
2001-10-17,28.15888786315918,29.028003786977653,27.830450606370622,28.111566269061235,43997824
2001-10-18,26.870512008666992,27.440725553127308,26.744633722715555,27.439787532157407,31931328
2001-10-19,27.765283584594727,28.134937182485633,26.9137212112926,27.010947414467907,43506496
2001-10-22,28.25988006591797,29.121306645749062,28.050394078776353,29.06494282643471,42448960
2001-10-23,28.396564483642578,28.839489272847256,28.182381498756875,28.57833643572565,31108096
2001-10-24,28.393278121948242,28.601823825146496,27.87285073828322,28.18191376868312,53390784
2001-10-25,28.365568161010742,28.651614145179966,28.27585527114482,28.651614145179966,31819072
2001-10-26,28.365568161010742,28.365568161010742,28.365568161010742,28.365568161010742,0
2001-10-29,28.339262008666992,28.698581399346203,28.229820870468583,28.46373212439247,22941888
2001-10-30,27.88129997253418,28.26645270126528,27.580692964744056,27.840905447172492,51813248
2001-10-31,27.396108627319336,27.80615687761508,26.633318566258577,27.524337720071685,73453568
2001-11-01,27.771862030029297,28.087970498836878,27.29136137850768,27.386709257302773,45274112
2001-11-02,27.320947647094727,28.17955776720041,26.78220491517239,27.994026884326104,61585280
2001-11-05,26.709413528442383,27.233127519196152,26.40927655207268,26.40974441595876,30546496
2001-11-06,27.7103328704834,28.06918206198348,27.157966981658046,27.157966981658046,26058368
2001-11-07,26.555810928344727,28.172513964175565,26.321902009876602,28.11051284934208,33943424
2001-11-08,26.933448791503906,27.399390599788024,26.540782698041838,26.885540922742784,29282368
2001-11-09,27.54921531677246,27.84371708796705,27.104880236537188,27.4679584228123,25132288
2001-11-12,27.855005264282227,28.12555211607276,27.30827655358167,27.70282337685323,15525248
2001-11-13,27.254257202148438,27.99403238686854,27.110999150504227,27.99403238686854,24560576
2001-11-14,27.756834030151367,27.900092078703633,27.496151351638225,27.712212670766235,8900288
2001-11-15,30.532747268676758,30.532747268676754,27.85311765298872,27.85358781012132,64260928
2001-11-16,30.532747268676758,30.532747268676754,30.532747268676754,30.532747268676754,0
2001-11-19,33.58626937866211,33.58626937866211,30.887380697806652,31.141017948062366,39461696
2001-11-20,33.79386901855469,34.7295094104493,32.64404793110937,34.10011337839626,68126912
2001-11-21,32.9681282043457,33.5834330618424,30.417666085103686,33.3631449875811,48465536
2001-11-22,32.71872329711914,34.14707671725572,32.32464676315734,32.99161855048201,44250048
2001-11-23,33.3814811706543,33.808906918020206,32.69478086574784,32.76617597389677,38425600
2001-11-26,36.68251037597656,36.71961839005163,34.194048786861956,34.28798848133136,41223616
2001-11-27,35.46929168701172,39.35698812572397,35.22739689499939,39.35698812572397,68089856
2001-11-28,35.84221649169922,36.323187218022895,34.99253250342669,35.13344203028612,51204032
2001-11-29,36.56931686401367,37.15315117945378,35.133447638724945,35.15411391394014,75322816
2001-11-30,36.56931686401367,36.56931686401367,36.56931686401367,36.56931686401367,0
2001-12-03,35.681114196777344,36.88401013580127,35.06158008414948,35.06158008414948,37064640
2001-12-04,37.44248580932617,38.0455782202009,35.69426708780324,35.92254101581438,41452224
2001-12-05,39.92343521118164,40.149830822718705,38.62142995313046,38.966190513017594,56921024
2001-12-06,42.41376876831055,43.91586344917063,41.14558299118499,41.314674428135056,74881856
2001-12-07,42.58427047729492,43.29586364278616,41.82523960219721,42.27286131631123,40283968
2001-12-10,41.39406967163086,43.19348316988313,41.154991249947365,42.7519664867634,35611904
2001-12-11,39.73883819580078,41.746799111669205,39.41380594420321,40.20618816335378,44337728
2001-12-12,41.4466667175293,41.75619988779037,39.90558765429325,39.90558765429325,46744128
2001-12-13,40.31328582763672,41.88771626882356,38.51528071365252,41.88771626882356,52044160
2001-12-14,39.124942779541016,39.64255141804269,38.57163889158372,38.759518282190555,27590720
2001-12-17,39.124942779541016,39.124942779541016,39.124942779541016,39.124942779541016,0
2001-12-18,39.680599212646484,40.37434485069756,38.72382698778088,39.91498061112666,38919232
2001-12-19,37.489925384521484,39.53921898397561,36.8459682944817,39.421326497459766,39056960
2001-12-20,38.641639709472656,38.98498758464455,36.791965067036976,37.20952670428363,49476032
2001-12-21,37.52891540527344,38.04558382762389,36.75203443617468,38.036189856308425,37109760
2001-12-24,38.102413177490234,38.50588373771585,36.552408099002044,37.34103143630654,29208768
2001-12-25,38.102413177490234,38.102413177490234,38.102413177490234,38.102413177490234,0
2001-12-26,37.14376449584961,38.938013109584375,36.78679356746258,38.27104111180862,32219776
2001-12-27,36.7200927734375,37.43403457816572,36.37533449221269,36.542547636746924,38225728
2001-12-28,37.87554931640625,38.17709669141276,35.625223190288146,36.685803851904446,54474176
2001-12-31,38.36356735229492,39.172856993669086,37.904670975888436,37.95164082839883,37016000
2002-01-01,38.016937255859375,40.19680907363745,37.541601321156016,38.487106046901765,59381504
2002-01-02,37.93895721435547,39.019736248930215,37.450002895262685,37.869912908757385,47854528
2002-01-03,40.167213439941406,40.631274708703216,38.327403227908015,38.881647539291976,51961664
2002-01-04,42.12303161621094,42.507248679458364,41.09862096720537,41.14747144860054,56709376
2002-01-07,43.9088249206543,44.317935075262135,42.74256443696835,43.099535304793584,40557120
2002-01-08,45.249813079833984,45.46681470375451,43.543867214065294,44.621357405544195,54785984
2002-01-09,41.672611236572266,45.78623175666498,41.114137617254016,45.78623175666498,59799296
2002-01-10,39.87222671508789,40.75103052948336,39.36072335604778,40.159210584034426,80367424
2002-01-11,36.932861328125,38.98497351125017,35.93381175220987,38.04557655917185,72600192
2002-01-14,37.849246978759766,38.94740355889009,37.447186856857755,38.505886924237934,47085248
2002-01-15,36.320377349853516,37.54770100159479,36.16678730451337,37.51951908940946,45791104
2002-01-16,36.50825119018555,37.56648320723939,36.11981193594285,36.82435963300286,60796288
2002-01-17,38.78207015991211,39.163466311702074,34.99489155137159,34.99489155137159,71925696
2002-01-18,37.12824630737305,39.407693911733865,36.7308833143692,39.407693911733865,43093184
2002-01-21,36.760013580322266,37.48194110776015,35.98829984557121,37.33163758452101,39499264
2002-01-22,37.54018020629883,37.94224255690144,36.78020899620816,36.88072401049642,39699968
2002-01-23,36.46318054199219,37.38801683130248,36.18840680020435,37.155986130260665,32495232
2002-01-24,36.250389099121094,37.472545485973285,36.16678368538409,37.472545485973285,27712192
2002-01-25,35.95354461669922,36.729485222562126,35.69708875720093,36.61769788830769,36054912
2002-01-28,35.62803268432617,37.331629739938876,35.22831887751492,37.331629739938876,31417344
2002-01-29,35.45753479003906,36.33587086180185,35.252745814082566,35.61488376546181,38412608
2002-01-30,34.45473861694336,35.22739276492062,34.128298110655095,35.22739276492062,41227072
2002-01-31,36.426998138427734,36.81496957013287,35.06064561830273,35.22738859096664,54036416
2002-02-01,35.92348098754883,37.37860838493734,35.47163238540422,37.11745554798619,40670656
2002-02-04,34.84880828857422,35.83846389542336,34.626171669519266,35.83846389542336,33707712
2002-02-05,35.190757751464844,35.55618464475586,34.20439067413344,34.4383019571136,34441600
2002-02-06,36.81308364868164,37.10617500267111,35.28374514178043,35.28374514178043,33731840
2002-02-07,34.50452423095703,37.20012364061952,34.28799274956093,37.10618393445635,68846912
2002-02-08,34.720123291015625,35.873703603638795,34.38194027194729,34.47587999946627,38923904
2002-02-11,35.18511199951172,35.97608375557522,34.94556578245457,35.69708332616327,38867520
2002-02-12,35.270591735839844,35.769410040284995,35.0216493005143,35.42465188739503,26924736
2002-02-13,35.5904541015625,36.292653173175324,35.34010578471496,35.60313687508498,42209536
2002-02-14,36.017425537109375,36.87133894114117,35.763320437256006,36.33588255397045,21775936
2002-02-15,36.04185104370117,36.392246649533064,35.83800231491189,36.1667913269753,21985472
2002-02-18,35.032936096191406,35.86618085538316,34.8243881076888,35.86618085538316,22691968
2002-02-19,34.8253173828125,35.55616854501682,34.55101397848662,35.22972816009229,26101504
2002-02-20,34.28470230102539,34.6637499146262,33.92162627146754,34.10011170463228,21700800
2002-02-21,34.36455154418945,35.16914647665625,34.24102175209337,34.93617555446782,25527616
2002-02-22,34.733253479003906,35.077073596607356,33.93100959586122,34.090707038588135,24593024
2002-02-25,35.190757751464844,35.412456411940376,34.40401258264099,34.748303038560614,24080192
2002-02-26,36.045135498046875,36.2391200743568,35.274359748448724,35.36970763305193,31268096
2002-02-27,36.025413513183594,36.63649186829222,35.697094640900104,36.26073297733537,30092928
2002-02-28,33.19172286987305,35.97891399961251,32.77556943724492,35.97891399961251,54657216
2002-03-01,33.954505920410156,34.27859789834739,32.83192646059856,32.97283601622345,29193024
2002-03-04,34.241024017333984,35.3213306735736,34.026841021580836,34.75769241814424,32084096
2002-03-05,35.99909973144531,36.48570781603953,34.99253680489378,34.99253680489378,57384832
2002-03-06,36.84173583984375,37.12966005355612,35.55617034856671,36.178520754271474,46348032
2002-03-07,38.7623291015625,39.17237948251056,37.106174344684476,37.201052047319045,67763264
2002-03-08,39.74120330810547,39.96196167655848,38.12074294392908,39.26680766525963,67260352
2002-03-11,39.80647659301758,40.347097685333864,38.7876987992418,39.689519841801065,66345920
2002-03-12,39.35932540893555,39.96570432669199,38.84406524638895,39.45467328532856,55556480
2002-03-13,38.099124908447266,39.1244781433388,37.904670181817856,38.89009674946215,42688128
2002-03-14,37.95023727416992,38.50588977969026,37.57588658667017,37.57588658667017,36547648
2002-03-15,37.52796936035156,38.44951872306059,37.21890866864551,37.95163831936594,52188032
2002-03-18,37.50637435913086,38.305800018048686,37.218917892154614,38.305800018048686,29203072
2002-03-19,37.093040466308594,37.65104151144844,36.7961900200458,37.49134398008751,33368640
2002-03-20,36.67452621459961,37.41617963032962,36.476782702628654,37.15314849057335,33572544
2002-03-21,35.92443084716797,36.53316075217875,35.79103689015198,36.53316075217875,21713280
2002-03-22,36.00615310668945,36.71164129668491,35.74453237167644,36.57073172159528,37824896
2002-03-25,36.00615310668945,36.00615310668945,36.00615310668945,36.00615310668945,0
2002-03-26,34.532711029052734,36.21376185001515,34.25135973452399,35.97891255137692,35463232
2002-03-27,34.57404327392578,37.57588744052039,34.39320931561828,37.57588744052039,25979840
2002-03-28,35.214237213134766,36.01554102742473,34.636037895136354,34.6646876691644,47676096
2002-03-29,35.214237213134766,35.214237213134766,35.214237213134766,35.214237213134766,0
2002-04-01,33.50030517578125,35.546782456296484,33.17151622600049,35.546782456296484,37424832
2002-04-02,33.452392578125,34.100106258982464,33.20673892142937,33.514861552376715,37710784
2002-04-03,33.07146453857422,33.34858659620465,32.837085494285105,33.06676755454658,28006400
2002-04-04,34.292686462402344,34.522838720539276,32.99397014862968,32.99397014862968,39785664
2002-04-05,34.094478607177734,34.87981552727253,33.865266624243866,34.51345064562329,25505152
2002-04-08,34.04421615600586,34.757687691965884,33.932896698315254,34.278595239995546,23750016
2002-04-09,33.81922912597656,34.137686076619104,33.001015736698655,33.893442863082484,38507264
2002-04-10,35.4951171875,35.68769358086873,33.40824528524165,34.00617287779542,59726784
2002-04-11,36.4702033996582,36.63553586480674,35.7177456253711,35.941322528435435,50717504
2002-04-12,36.61393737792969,37.09678650521123,35.726675101180305,36.05123721440431,33804032
2002-04-15,35.79243850708008,36.63648773811905,35.69709061662882,36.63648773811905,23741376
2002-04-16,35.81263732910156,36.06345590470581,35.368302026886525,35.68769705183052,24408512
2002-04-17,37.157371520996094,37.369205965235494,36.26212588169112,36.26212588169112,39309184
2002-04-18,37.21516418457031,37.56649785578892,36.73043426259932,37.20013291045865,20418880
2002-04-19,36.17524719238281,37.273403935777836,35.88497436425105,37.10619076931719,29110336
2002-04-22,37.020225524902344,37.29405881773332,35.4810227089619,36.26072217542837,30009600
2002-04-23,36.90890884399414,37.09584793323055,34.194051461475865,34.194051461475865,32510208
2002-04-24,36.4852409362793,36.960106601514866,36.213756107483796,36.58951492571968,19379840
2002-04-25,35.65762710571289,36.35465912955874,35.38050502707672,36.343386825727826,16325056
2002-04-26,35.752044677734375,36.024937694647086,35.462239761245954,35.744058885176386,15962560
2002-04-29,34.14753723144531,35.678283562241404,34.02494551407013,35.60313183277907,25777664
2002-04-30,34.60786437988281,34.964365172752665,34.064422160717704,34.19405943815682,22117888
2002-05-01,34.60786437988281,34.60786437988281,34.60786437988281,34.60786437988281,0
2002-05-02,35.20719528198242,35.55618038876162,34.94557227112106,34.94557227112106,19447552
2002-05-03,35.2635612487793,35.55618254707731,34.80795133220284,34.942755742198614,12833344
2002-05-06,35.02400207519531,35.319444227667034,34.80465428056289,35.27435271889707,11473408
2002-05-07,34.958255767822266,35.152242662594276,34.3819369708966,34.701332013795636,12131328
2002-05-08,35.757205963134766,35.922540750075655,35.227386980330465,35.238659285474235,17206272
2002-05-09,36.09821319580078,37.10618677888948,35.7468795851984,36.69285204008666,19235264
2002-05-10,35.81873321533203,36.15738625245817,35.274823334058304,35.74405162135706,12516096
2002-05-13,35.980316162109375,36.16678739893579,35.415269738698164,35.74405871505213,10276352
2002-05-14,36.08506393432617,36.44344303714645,35.61442503497925,36.37345840670168,16525824
2002-05-15,36.377681732177734,36.99345697623909,36.16678754660246,36.16678754660246,34005760
2002-05-16,35.785865783691406,36.495580819187,35.56088061545235,36.4673989034965,17889088
2002-05-17,35.5289306640625,36.016479057102416,35.133445924247006,35.79102378913933,19457344
2002-05-20,35.48666000366211,36.06955397478549,35.22738552879038,35.22738552879038,25773184
2002-05-21,34.05733871459961,35.1087156114451,33.74206762120093,34.177509486155564,30125440
2002-05-22,34.41126251220703,34.759993466179,33.50644706406354,33.74207608701757,31285632
2002-05-23,34.316070556640625,34.59034368448305,33.902306875500145,34.40184044914527,18053120
2002-05-24,35.625675201416016,35.815591165724705,34.854225297592095,35.01680923117335,20045184
2002-05-27,34.74207305908203,35.57997097472789,34.543203608576874,35.542270343231486,19675584
2002-05-28,33.123294830322266,34.58089655214006,32.99747038131435,34.58089655214006,31493312
2002-05-29,33.40888595581055,33.77976684988091,32.51679565627487,33.100212026029965,46020928
2002-05-30,33.41642379760742,33.6478118716716,33.006901169354045,33.12942821538534,21895872
2002-05-31,31.93809700012207,33.41219105309669,31.595963243653223,33.17656206118487,45376704
2002-06-03,31.3829402923584,32.46871776249866,30.97200258579252,32.22460715170752,38760000
2002-06-04,31.403684616088867,31.574280904986217,30.961645603844694,30.961645603844694,28173440
2002-06-05,32.44517135620117,32.780707988063185,31.562977720254885,31.562977720254885,36407872
2002-06-06,32.21754455566406,32.8843744473669,31.916880651416992,32.58465397929336,33779456
2002-06-07,30.598312377929688,31.57428822491575,30.53752055185882,31.57428822491575,47699456
2002-06-10,31.816038131713867,32.036116522217185,31.11245090904352,31.11245090904352,27366592
2002-06-11,33.27693176269531,33.45930948269555,32.42254214661203,32.51679372261962,29698560
2002-06-12,32.78635025024414,33.31792815526624,32.52621501098268,33.31792815526624,18887680
2002-06-13,32.60821533203125,33.27080433176903,32.43526278002277,33.09361091930777,17408576
2002-06-14,31.952714920043945,32.5629942146682,31.832072375333762,32.516811837122695,19107968
2002-06-17,31.862220764160156,32.460246624600906,31.66947442752688,32.09360656983438,19762240
2002-06-18,30.975778579711914,32.309438299483475,30.832516653065806,32.234037043241976,29418944
2002-06-19,29.70102882385254,31.14967513245407,29.5101693764323,30.810841166259085,55495616
2002-06-20,30.725074768066406,30.90509622459755,29.453621745003765,29.453621745003765,41968640
2002-06-21,29.59075355529785,30.48472835948503,29.41591642425206,30.48472835948503,34686080
2002-06-24,30.04693603515625,30.23025492274839,29.173224231023454,29.38764660442004,34772736
2002-06-25,30.120912551879883,30.433827255771142,29.547862634513017,30.266059026852144,40680960
2002-06-26,28.929582595825195,29.736848858253957,28.768413754880406,29.59499975272946,42938944
2002-06-27,29.888587951660156,30.14636693545438,29.07661153536869,29.07661153536869,48195712
2002-06-28,30.918760299682617,31.055896814112526,30.265124646613987,30.265124646613987,32555328
2002-07-01,31.27361488342285,31.451751747437463,30.763715224343983,31.103020906965426,27086208
2002-07-02,30.76607322692871,31.055896846972537,30.528087977949635,30.804714995629453,26694464
2002-07-03,31.854660034179688,31.98802502528169,30.726939126035724,30.726939126035724,39028032
2002-07-04,31.652978897094727,32.48852055841296,31.414052515575975,32.17089318490992,38403712
2002-07-05,32.143558502197266,32.2802232956608,31.489453445631888,31.762783032558954,25354688
2002-07-08,32.30001449584961,32.705296265129306,32.046006963455675,32.547896596342746,25224064
2002-07-09,31.96165657043457,32.32546864267281,31.867404976700758,32.28117085383077,20608000
2002-07-10,31.420181274414062,32.799554253758615,31.256656141747246,32.51962748370232,50155200
2002-07-11,31.11951446533203,31.282098435810408,30.726014130985817,31.090767274107137,34490048
2002-07-12,31.296710968017578,31.574281429626396,31.11810467208371,31.351375047253395,24250432
2002-07-15,30.604429244995117,31.055895695070177,30.28444559023139,31.055895695070177,22052608
2002-07-16,29.864551544189453,30.857962110144356,29.767000254845268,30.443255227784444,37083136
2002-07-17,30.014881134033203,30.301876675301983,29.437590326455524,29.764642780903163,30291904
2002-07-18,30.232139587402344,30.499813170699777,29.809892022724952,30.499813170699777,36041792
2002-07-19,29.84052848815918,29.962112132588814,29.563427401570934,29.87775741020822,19835584
2002-07-22,29.118083953857422,29.406494726407445,28.898477299053162,29.406494726407445,32212608
2002-07-23,30.275970458984375,30.42441673020517,28.863137582726807,28.863137582726807,37871680
2002-07-24,28.957857131958008,29.877753556195895,28.799044585965,29.689250379185193,38318400
2002-07-25,29.25332260131836,29.96256546100397,28.964440241951436,29.689235986839414,40477504
2002-07-26,28.430511474609375,28.727875607862774,28.039839216992046,28.556338228159756,43441472
2002-07-29,28.317419052124023,28.734482346045006,28.08791550555197,28.734482346045006,32498816
2002-07-30,28.636457443237305,29.546456890288457,28.44512627942205,28.935234485694394,47862272
2002-07-31,28.59027862548828,29.020066829916704,28.041263070813827,28.202905940940305,37706880
2002-08-01,28.79573631286621,29.0483309552989,28.521463351298962,28.840977522133237,29534016
2002-08-02,28.32025146484375,28.511110968018084,27.68169683076665,28.41685936151224,37549888
2002-08-05,29.06200408935547,29.302817345702955,28.473403409896633,28.55822983514955,29216704
2002-08-06,29.503103256225586,29.7344913643708,28.5582310890068,28.652482676759295,27908544
2002-08-07,29.50263214111328,30.066257107606646,29.313185525432775,30.066257107606646,30529792
2002-08-08,29.211877822875977,29.815559978601023,29.076628113263773,29.500760452030992,32257728
2002-08-09,29.805173873901367,30.01818103740804,28.86265819184436,29.59404898048239,46943936
2002-08-12,30.424880981445312,30.537039438415594,29.642121168902683,29.83062432418982,37460928
2002-08-13,30.433368682861328,30.622343593381153,30.23591204911257,30.30660074623487,20659456
2002-08-14,29.7783260345459,30.205286310616867,29.70433989742573,30.15768878483916,24419776
2002-08-15,29.7783260345459,29.7783260345459,29.7783260345459,29.7783260345459,0
2002-08-16,30.264183044433594,30.396606977637454,30.001219749457064,30.078507887712313,22782144
2002-08-19,30.427703857421875,30.5723809360719,30.260879040724223,30.396602680543776,23862720
2002-08-20,31.320751190185547,31.746770308940853,30.5940726565243,30.651564758080426,35347648
2002-08-21,31.964954376220703,32.092665738270114,31.103495781674887,31.103495781674887,44908736
2002-08-22,31.77503776550293,32.34714443441867,31.630832378178624,32.14308836933813,37726144
2002-08-23,33.29909133911133,33.41219326270865,31.90652390481931,31.90652390481931,83209536
2002-08-26,32.8801383972168,33.1751463297113,32.0361149611949,32.0361149611949,38972928
2002-08-27,32.24534606933594,33.45930672860335,32.120934459459214,32.80284317510677,69991616
2002-08-28,32.29860305786133,32.49794422571122,31.792941959209806,32.045536649483225,35725504
2002-08-29,32.870243072509766,33.36459221778885,32.013025294028786,32.08324227063032,56262848
2002-08-30,33.9720458984375,34.25762870761598,32.799556910898964,32.95978463144071,48156160
2002-09-02,33.7222785949707,34.53378578060109,33.56535060348408,34.35753575115862,35940608
2002-09-03,32.9380989074707,33.55356217957284,32.82122786974271,33.5422524502869,36863232
2002-09-04,33.0149040222168,33.15769419532741,32.24911020374882,32.505473951072545,42330432
2002-09-05,33.758548736572266,34.02433764590561,32.98804231953736,32.991339743131384,58222144
2002-09-06,33.292015075683594,33.6760902726074,32.85939893335678,33.3839103681991,51598848
2002-09-09,33.950836181640625,34.2119149314845,32.808979068693105,33.4385801614221,43699968
2002-09-10,33.950836181640625,33.950836181640625,33.950836181640625,33.950836181640625,0
2002-09-11,34.794395446777344,34.94566974435126,34.16620937280396,34.16620937280396,45339776
2002-09-12,34.35327911376953,34.731698188532675,34.18503916684071,34.58937741935649,26804352
2002-09-13,33.652530670166016,34.00597413750427,33.51680699806958,34.00597413750427,27315648
2002-09-16,33.55685043334961,33.83536423385279,33.09172039796943,33.55543758047397,33621952
2002-09-17,34.57902526855469,34.72228723122854,33.764218397535025,33.764218397535025,43982464
2002-09-18,33.63274383544922,34.22558784727977,33.52529791969727,34.22558784727977,47365760
2002-09-19,32.94847106933594,33.64781740218819,32.82830029289955,33.60069160750725,46434112
2002-09-20,33.047428131103516,33.167127163638206,32.04553349143788,32.04553349143788,37551744
2002-09-23,32.8325309753418,33.22179037893949,32.677015901108085,33.08229760971716,29428416
2002-09-24,32.08842849731445,32.48805435539777,31.81132741648318,32.28070083824683,39022336
2002-09-25,32.68928527832031,32.752433394724555,31.385785094800795,31.385785094800795,42394944
2002-09-26,32.786827087402344,33.26138474397395,32.62330196611167,32.96920482698239,34179392
2002-09-27,33.06862258911133,33.24487249837059,32.866922924693014,32.866922924693014,44959616
2002-09-30,32.10633850097656,32.939052376890125,31.905110397758826,32.72321481424038,37461184
2002-10-01,32.110572814941406,32.29059426967848,31.57428219597866,31.93243823282857,46234880
2002-10-02,32.110572814941406,32.110572814941406,32.110572814941406,32.110572814941406,0
2002-10-03,32.67892074584961,32.76186263044346,32.10210130014109,32.23405356620157,40588288
2002-10-04,32.992286682128906,33.193042964059345,32.48097197188536,32.66052165293012,40793152
2002-10-07,32.566280364990234,32.93574613451696,32.43197185035277,32.84667884291758,26232256
2002-10-08,33.437625885009766,33.62895701433429,32.28634398612437,32.37541125118786,49633408
2002-10-09,32.77315902709961,34.00597015708706,32.56627726864609,33.70954939738844,51109952
2002-10-10,34.225101470947266,34.39239800825792,32.55072324471148,32.99841590264809,115910336
2002-10-11,35.543678283691406,35.81559497120084,34.234053238312455,34.234053238312455,70623808
2002-10-14,36.01117706298828,36.54134226871833,35.307587547100866,35.629929833036144,72795648
2002-10-15,36.01117706298828,36.01117706298828,36.01117706298828,36.01117706298828,0
2002-10-16,35.33539962768555,36.824103318791565,35.15679098931883,36.6638755848731,68785472
2002-10-17,36.079986572265625,36.258592905804974,35.08138896370662,35.27083561259794,63703872
2002-10-18,36.145484924316406,36.7392699439336,35.940015996997936,36.47536549077041,52909376
2002-10-21,36.087520599365234,36.47536496793975,35.71333994992804,36.24303342025738,47170176
2002-10-22,35.91645050048828,36.418811901264604,35.77978570427494,36.26800936751196,46875008
2002-10-23,35.8005256652832,36.09647706034665,35.49562312978669,35.639826232269584,43332288
2002-10-24,35.65631866455078,36.0870502841723,35.448024025258945,36.0870502841723,38613440
2002-10-25,35.385799407958984,35.624256278865225,35.15676769162561,35.55969535067894,38481344
2002-10-28,35.31983184814453,35.71191929340657,35.16667304938026,35.44094603405438,26654208
2002-10-29,35.75999450683594,35.872155279968325,34.92209878921927,35.10777396195844,45538368
2002-10-30,35.81578826904297,36.10136848208781,35.61389504734537,35.69758434736296,31792320
2002-10-31,35.90467071533203,36.337770273975885,35.60301528090866,35.933986206494794,42567680
2002-11-01,36.581748962402344,36.832341271437805,35.93399148432957,35.93399148432957,43334784
2002-11-04,37.125003814697266,37.34297224560344,36.69994309576778,36.83233145014571,15291712
2002-11-05,38.2862434387207,38.48624351524752,37.290020040101325,37.49427730398952,60623104
2002-11-06,38.2862434387207,38.2862434387207,38.2862434387207,38.2862434387207,0
2002-11-07,38.28672409057617,38.90044024645412,37.828092867498015,38.002088119383224,86927232
2002-11-08,37.79924774169922,37.99546623957657,37.509412667097855,37.81579628971297,35027328
2002-11-11,37.289554595947266,37.768518287423426,37.04511026314003,37.69286777508007,36256064
2002-11-12,37.25597381591797,37.33966078144073,36.75100543312407,36.87961218369404,33467328
2002-11-13,37.52217483520508,37.73068698818961,37.309881080677215,37.309881080677215,39895488
2002-11-14,38.9609489440918,39.38553639617935,37.6001843686354,37.65786879078677,57805120
2002-11-15,40.77941131591797,41.37137755016109,39.4451243644891,39.4451243644891,74473344
2002-11-18,40.238975524902344,40.66214552777864,39.73731997178063,40.66214552777864,59826560
2002-11-19,40.238975524902344,40.238975524902344,40.238975524902344,40.238975524902344,0
2002-11-20,41.685794830322266,41.8820133394198,39.95528942478742,39.997371867650635,102082368
2002-11-21,42.80731964111328,42.967601406812925,42.03331935008498,42.553416664877936,79159296
2002-11-22,43.78462600708008,44.18651934361114,43.264528748039886,43.47729580855633,93242560
2002-11-25,43.136383056640625,43.54631508958379,42.951514011068056,43.47728586156766,57428288
2002-11-26,42.569480895996094,43.451752944539074,42.26971396345803,42.94111210471206,60546688
2002-11-27,42.095245361328125,43.37610471505601,41.94820155133823,42.64796866468336,87585664
2002-11-28,43.23521423339844,43.39502501679098,42.57752482322105,42.827646175865404,66792192
2002-11-29,43.104251861572266,43.49905304957658,42.424814642101296,43.15862567788424,41319488
2002-12-02,43.9364013671875,44.160988837183886,43.16807581193671,43.34774578793382,46553024
2002-12-03,43.115570068359375,44.10422533084508,42.94251684264877,43.68814773338428,57039872
2002-12-04,41.732120513916016,42.789809887305516,41.514625347637995,42.789809887305516,63060288
2002-12-05,41.97043228149414,42.531665442415154,41.74017011148888,41.744427299736984,47861760
2002-12-06,42.825748443603516,43.11085997426693,41.94915099939611,42.08059282655481,48366144
2002-12-09,43.28437423706055,44.90802482312698,42.79926728773904,43.97184995315655,96934272
2002-12-10,42.6673583984375,42.9127515859767,41.72125605934976,42.7519942530191,58733760
2002-12-11,44.25743865966797,44.577060197260316,43.05459377983161,43.125045159748176,100537024
2002-12-12,45.65743637084961,45.78746065503108,44.45884887848588,44.59170820920455,85993216
2002-12-13,44.180355072021484,45.68343752217596,44.01912681964998,45.62669965731712,76834688
2002-12-16,43.263118743896484,44.58653207850821,43.14917197756797,44.58653207850821,52601728
2002-12-17,43.2380485534668,43.97280598704422,43.03568436040831,43.867839979770196,41560768
2002-12-18,43.2347412109375,43.77091609434149,42.931668175708424,43.07351289435063,48287360
2002-12-19,43.250335693359375,43.49950581868277,42.99359313075316,43.4498601810822,43798720
2002-12-20,43.6451416015625,44.1605106591034,43.42858834039324,43.50376787553947,53898944
2002-12-23,43.508018493652344,43.96617401806451,43.13023700011387,43.690052491076635,34117568
2002-12-24,44.339698791503906,44.42575215102428,43.26262581756834,43.499033608921174,48553984
2002-12-25,44.339698791503906,44.33969879150391,44.33969879150391,44.33969879150391,0
2002-12-26,44.90283203125,45.27682736945628,44.44467181212291,44.557201015157865,46062272
2002-12-27,45.08626937866211,45.45648299844145,44.936385938962715,44.969953993138944,38477376
2002-12-30,44.84184265136719,44.95248337620763,44.26027931879462,44.775648450911774,33077440
2002-12-31,45.137821197509766,45.37139399728746,44.70945202567218,44.78510253671393,38066752
2003-01-01,45.38131332397461,45.62575991839165,45.15483741665209,45.201172423073864,32066112
2003-01-02,44.65696334838867,45.753895562423445,44.53875944601424,45.71181312624217,42260032
2003-01-03,45.39314270019531,45.61725919116787,44.91749194818561,45.2957445119598,60483072
2003-01-06,45.41204071044922,45.85081723705976,45.07823477730549,45.702351306632565,51750400
2003-01-07,44.95577621459961,46.068314965725584,44.79076634795208,45.80069857763973,57016320
2003-01-08,45.28296661376953,45.56996660059671,45.01818988315805,45.220083063717254,41112960
2003-01-09,45.37516784667969,45.522687241474436,45.163347375422084,45.39029886977094,31291392
2003-01-10,42.06452178955078,45.484872578626316,41.61865748597487,45.484872578626316,123995904
2003-01-13,40.63093948364258,41.78744464742856,40.345357001188944,41.78744464742856,77507200
2003-01-14,42.0593147277832,42.288630310302175,40.493348424309346,40.52029983891879,76166208
2003-01-15,43.61156463623047,43.77705009716733,42.37656935857082,42.62905473733615,93352256
2003-01-16,43.5926513671875,43.981306710305766,42.9321270565523,43.29099594061058,41649024
2003-01-17,43.6900520324707,44.15908138677932,43.17751810466046,43.29099384212343,56276544
2003-01-20,42.829063415527344,43.59077227482402,42.71417012446987,43.59077227482402,25981632
2003-01-21,42.29856491088867,42.99786120160306,42.1988026417756,42.92221068706318,29442688
2003-01-22,42.53355026245117,43.01676879093504,42.19406954169095,42.55340944365963,32516288
2003-01-23,41.87113952636719,42.439935871768675,41.70234340340906,42.26972222522415,31185280
2003-01-24,41.45930099487305,42.69618920005716,41.28766987979908,42.69618920005716,62248576
2003-01-27,40.6181755065918,41.0876805297991,40.30280654039212,40.99028235154379,39281216
2003-01-28,40.736846923828125,41.13212354924663,40.33117204872861,40.661196425260755,45866368
2003-01-29,39.744415283203125,41.04040122137979,39.52739103810312,41.04040122137979,50043776
2003-01-30,40.27726745605469,40.7472480047394,39.54015071335357,39.952917804600595,60421760
2003-01-31,40.66403579711914,40.9458320553214,39.829987209471994,39.83140473284194,31424896
2003-02-03,41.70469665527344,41.84417724609375,39.90799751928297,39.90799751928297,36261888
2003-02-04,41.67869567871094,42.06167631966108,41.19311312776665,41.98082669795201,32406528
2003-02-05,41.639461517333984,41.84418979364716,40.8323641873375,41.41770910527651,33350848
2003-02-06,42.72267150878906,42.97610344344729,41.430467383923094,41.598316923681075,36238144
2003-02-07,42.43567657470703,42.818186291673726,42.22243855837526,42.553409521318855,31858560
2003-02-10,40.712738037109375,42.361447129660874,40.550563192870065,42.17515591690344,43655168
2003-02-11,40.126441955566406,41.27680137276202,39.973247856113026,41.021480951899576,54007296
2003-02-12,39.47207260131836,40.331650630068744,39.25363082200587,40.18933494971258,56339200
2003-02-13,39.47207260131836,39.47207260131836,39.47207260131836,39.47207260131836,0
2003-02-14,39.2526741027832,40.11366933094961,38.96094599900896,39.52737807717336,54123776
2003-02-17,40.28721237182617,40.591231974386226,39.917469533343706,40.29666868678817,51686720
2003-02-18,40.127872467041016,40.638042505234004,39.829998546288856,40.56759111196087,43271296
2003-02-19,40.07302474975586,40.98366596522162,39.81108299805791,40.42574342439373,48530816
2003-02-20,40.20351791381836,40.32550343774249,39.43377489792749,39.905644030651175,38198592
2003-02-21,39.95198059082031,40.433306055924,39.77420373235094,40.1325971139294,35078080
2003-02-24,39.85788345336914,40.38790788528365,39.72785916551556,40.20114572636669,28459904
2003-02-25,38.998779296875,39.50658050761883,38.91272592967429,39.481522202966886,35228864
2003-02-26,38.63328552246094,39.328797662011894,38.506098600556,39.19640930729485,36492416
2003-02-27,38.821468353271484,39.376080085182046,38.49049515051399,38.61390047418637,44340608
2003-02-28,40.52409362792969,41.27681726719845,38.865927777129585,41.27681726719845,66299904
2003-03-03,39.93258285522461,40.85126252298547,39.76851493991097,40.72029169536407,44389248
2003-03-04,39.2716064453125,39.67869897176353,39.120776369443696,39.616761953527316,30929984
2003-03-05,39.51793670654297,39.6578883085793,38.69712817921234,38.866397587158595,40163584
2003-03-06,38.75008010864258,39.517934621593035,38.62998538739166,39.517934621593035,37748800
2003-03-07,38.03423309326172,38.420997659431194,37.751963550544964,38.34534715948646,38211200
2003-03-10,38.1850700378418,38.512730401582076,33.90088642546431,33.90088642546431,46785024
2003-03-11,39.02430725097656,39.193578932842264,37.87253027458072,37.9954623329002,45810944
2003-03-12,38.06261444091797,39.22432604160417,37.92928177649477,38.88058804693775,45766912
2003-03-13,38.4427375793457,38.8465215553955,37.95006290392172,38.21815021640981,43299264
2003-03-14,38.4427375793457,38.4427375793457,38.4427375793457,38.4427375793457,0
2003-03-17,38.159061431884766,38.52502029400392,37.41201268293378,38.411544534669595,45345088
2003-03-18,38.159061431884766,38.159061431884766,38.159061431884766,38.159061431884766,0
2003-03-19,39.60493850708008,39.782715373961196,38.27916135816376,38.30753030185805,61463040
2003-03-20,41.238033294677734,41.60777604619262,39.385542552816425,39.385542552816425,71270784
2003-03-21,41.72504806518555,42.08060647255686,40.92079023111307,41.29573223947322,55244672
2003-03-24,41.394527435302734,42.146775073924836,41.191687732110516,41.97088677859816,55051712
2003-03-25,40.31935501098633,40.89855418880466,40.05032105614925,40.89855418880466,53456768
2003-03-26,40.282005310058594,40.924092736961036,40.11368476453651,40.75671412898453,36913088
2003-03-27,40.56521987915039,40.73685104165621,39.87869061178666,40.142049860013614,41770816
2003-03-28,40.38932800292969,40.66214354061789,40.009657981477744,40.283891042565635,34597248
2003-03-31,38.32502365112305,39.90564563472706,37.9292759812536,39.727393189881006,46685696
2003-04-01,38.37892150878906,39.30989510850123,37.96709859529287,37.96709859529287,51766784
2003-04-02,39.08010482788086,39.461192377739174,38.30137425514684,38.5841193863576,43910656
2003-04-03,40.61344528198242,40.85127062150765,39.435658771784624,39.716042135547426,75072832
2003-04-04,40.61677169799805,40.79454859784836,39.86972270883949,40.50140279197602,53412800
2003-04-07,41.44607162475586,41.607775493893335,40.506586043260945,40.67160054528074,46957184
2003-04-08,40.02385711669922,41.05270244148062,39.841823035306085,41.05270244148062,46038592
2003-04-09,39.26214599609375,39.6957143127796,38.98412666186278,39.6957143127796,46810240
2003-04-10,28.839397430419922,38.77089252060716,28.54861573651537,38.77089252060716,211021376
2003-04-11,25.09090232849121,27.309827171366603,21.74951609908005,27.309827171366603,276615040
2003-04-14,25.09090232849121,25.090902328491207,25.090902328491207,25.090902328491207,0
2003-04-15,27.04220962524414,27.552850372419304,26.004852865401823,26.004852865401823,151209472
2003-04-16,28.60061264038086,28.785010705015488,26.796348038529658,26.796348038529658,115537088
2003-04-17,28.02283477783203,28.16089786004976,26.666800525634766,27.186897699007073,98323200
2003-04-18,28.02283477783203,28.02283477783203,28.02283477783203,28.02283477783203,0
2003-04-21,27.731584548950195,28.747191646138464,27.61432488203358,28.605346950516072,56817536
2003-04-22,27.609594345092773,27.933946316185317,27.07342190360141,27.874371087426283,60418304
2003-04-23,27.26254653930664,28.141983524445564,27.095170284514168,28.009595161091315,48633472
2003-04-24,27.402973175048828,28.35002184731424,26.95048774677971,27.11029848749445,75865728
2003-04-25,27.516929626464844,27.773196682069308,26.870591892423274,27.13962358785799,35400448
2003-04-28,27.355703353881836,27.678635606346813,27.139625620162406,27.520242320932976,38235776
2003-04-29,27.114553451538086,27.896118983864163,26.82093682577936,27.80155586866462,43982080
2003-04-30,26.350961685180664,27.035597795785694,26.03322865750193,26.950490982157827,51476352
2003-05-01,26.350961685180664,26.350961685180664,26.350961685180664,26.350961685180664,0
2003-05-02,27.557580947875977,27.706991122832008,26.572233807221142,26.654503250868995,63601792
2003-05-05,27.862083435058594,28.26492334633334,26.666806235081975,26.666806235081975,50768960
2003-05-06,28.196834564208984,29.03088090904759,27.361841664602345,27.886667036085125,88804352
2003-05-07,28.591167449951172,28.72828401288297,28.056885670251404,28.179817761155775,55778368
2003-05-08,28.140087127685547,28.971295834548176,27.96561636516875,28.272475464712002,52410880
2003-05-09,27.671062469482422,28.08430288331881,27.485246843637924,27.896123179238785,41512768
2003-05-12,26.310304641723633,28.038446139366982,26.05403759192909,27.971778659529527,72951360
2003-05-13,27.183116912841797,27.375078210198627,26.572238200146217,26.572238200146217,42925440
2003-05-14,27.096113204956055,27.413846184930907,26.789729645363664,27.139613159969542,38633408
2003-05-15,27.268218994140625,27.363726348886747,26.808641361616484,27.23417535148341,36534016
2003-05-16,28.31267547607422,28.414330844690024,27.49281126085983,27.795886565769383,60834304
2003-05-19,26.390199661254883,28.813379330948177,26.242207010372308,28.614796801919653,97496320
2003-05-20,26.98548126220703,27.19635751412362,25.781218819467835,26.364201929546816,83440448
2003-05-21,26.367042541503906,27.640807660283006,26.196828878183656,27.22472981661128,82427008
2003-05-22,25.444091796875,26.28854070648257,25.247873372537047,26.28854070648257,67289216
2003-05-23,24.699888229370117,25.853558353406548,24.586412479464897,25.647883556703334,84907968
2003-05-26,24.897050857543945,25.132038815017022,24.312177063072127,24.76040530832828,51406784
2003-05-27,24.704620361328125,25.465853639447516,24.454028039959628,24.822824286501945,58359424
2003-05-28,26.11386489868164,26.24509081707811,25.06976625621289,25.21715716478706,67304960
2003-05-29,26.33638572692871,26.765244441737618,25.82955058983093,26.113871550820523,68530560
2003-05-30,25.42921257019043,26.520856762106355,25.304168942906713,26.42576584506761,48566848
2003-06-02,26.728628158569336,26.863180861519066,25.771060880880846,26.149999068735376,44774080
2003-06-03,25.918922424316406,27.081884428517725,25.67453931074363,27.081884428517725,48931648
2003-06-04,26.28266143798828,26.530373815523333,26.102464560434246,26.1975555060096,34656832
2003-06-05,27.19409942626953,27.56685533628838,26.883150287377475,26.883150287377475,51236992
2003-06-06,28.041839599609375,28.38416695080256,27.385712176489104,27.405206281632125,58527936
2003-06-09,28.22821044921875,28.51776178428465,27.38618003959313,27.595380026006687,40497024
2003-06-10,27.33959197998047,28.174490812397757,27.20551516117944,28.051824440922527,51281472
2003-06-11,27.94579315185547,28.280036773532444,27.52406403530251,27.674308138154892,67313600
2003-06-12,28.24104881286621,28.38463701752344,28.02709426248287,28.16830519435806,38948288
2003-06-13,28.252933502197266,28.413162606831815,27.86211127292805,28.327580791750993,50022016
2003-06-16,27.738496780395508,28.04231179998041,27.512655849486887,27.953876781671383,34414400
2003-06-17,29.40780258178711,29.47816889504385,28.387001191590212,28.387001191590212,71782848
2003-06-18,29.13299560546875,29.47675056693732,28.884809774645714,29.421121467473483,47006144
2003-06-19,28.938064575195312,29.097817764487885,28.726963224352257,28.76499958744309,23553536
2003-06-20,29.043621063232422,29.478186116837232,27.861640426559063,27.861640426559063,54427072
2003-06-23,29.427309036254883,29.85189136400531,29.050274487486316,29.243783106278148,60149312
2003-06-24,29.900371551513672,30.07248695090583,28.774496605040643,28.774496605040643,73830848
2003-06-25,29.86614418029785,30.1789922481915,29.677863772795195,29.964085929865945,43754368
2003-06-26,30.799936294555664,31.027678489786126,29.863291118571183,29.863291118571183,66023040
2003-06-27,31.668598175048828,31.845944105926325,31.105184562544753,31.33483049120744,45468864
2003-06-30,31.132768630981445,31.761318247977083,30.980623152027352,31.709970077452382,46577472
2003-07-01,31.40947914123535,31.807911473099296,31.125634149274223,31.15416142413799,52464576
2003-07-02,30.139554977416992,31.855470845673366,29.953651690707794,31.84596174989854,54311424
2003-07-03,29.655057907104492,31.38000642243028,27.253060123237933,31.38000642243028,114863424
2003-07-04,29.44061279296875,29.703538151353655,28.823947498618445,29.522865476737774,44229056
2003-07-07,29.432531356811523,29.658848135849407,28.764993783566677,29.387839103508366,47715840
2003-07-08,30.81230926513672,30.977766526538392,29.293707835952823,29.849037843962478,84823040
2003-07-09,30.917375564575195,31.370485054767858,30.543194300064975,30.761903350158843,51177536
2003-07-10,34.487579345703125,35.126589938199466,33.281825875392016,33.281825875392016,130798400
2003-07-11,33.42397689819336,34.10910732707531,33.21049828263465,34.03303460373641,71093952
2003-07-14,33.160579681396484,34.08724019348571,32.902882370419725,33.99500246927878,41390464
2003-07-15,32.397953033447266,33.04409538390926,31.965765257413466,32.806368078989046,43521536
2003-07-16,32.76594543457031,33.06976038247275,32.44643909592099,32.92379492873409,36879232
2003-07-17,32.93379211425781,33.89991690185016,32.71128026433789,33.89991690185016,46267968
2003-07-18,32.22963333129883,32.65421559974997,31.855452026546995,31.99808837890467,41344768
2003-07-21,31.294891357421875,32.521088058351914,31.059065459237406,32.33090625684108,53580032
2003-07-22,31.74562644958496,32.0361296628423,30.534642703342378,31.066202317751795,60285696
2003-07-23,32.62997055053711,32.80636465669799,32.00855051167863,32.188273728383386,44868352
2003-07-24,32.90858459472656,33.18482413509824,32.22297824841182,32.901452776928096,51708032
2003-07-25,33.44062423706055,33.611787897487844,32.11505770659585,32.11505770659585,37355200
2003-07-28,33.53428268432617,34.175670357356154,33.30083405438543,33.662179483873345,32978816
2003-07-29,34.09579086303711,34.30594033956826,32.9974887485814,33.27230281696746,48537280
2003-07-30,33.91653823852539,34.2802608396675,33.68308967335072,34.00877592404659,37567744
2003-07-31,34.25364685058594,34.63971687059248,33.863774122833235,34.13763640566329,59536064
2003-08-01,35.912513732910156,36.56246114243904,34.52466212862861,34.70818808059883,59051328
2003-08-04,35.5872917175293,36.19825072103856,35.42135856921406,35.42611311398845,39481472
2003-08-05,35.44276428222656,36.1126793705837,35.13229334719208,35.68144110607061,42462272
2003-08-06,33.33268737792969,34.808975928157174,33.142031979876705,34.808975928157174,70185792
2003-08-07,33.361209869384766,33.70686617144016,33.09162859830562,33.17721039640469,43469888
2003-08-08,33.830020904541016,34.61309557508873,33.433968143409885,33.66218635599289,33572352
2003-08-11,33.10875701904297,33.56757070844667,32.98561474184575,33.56709478953512,37693440
2003-08-12,32.41268539428711,33.640307531400744,32.294771284292956,33.640307531400744,46977920
2003-08-13,32.9276008605957,33.32935990654478,32.28336002360044,32.723631347732585,48048832
2003-08-14,32.489227294921875,32.96658540955881,32.378447339108995,32.96515765330698,25253504
2003-08-15,32.489227294921875,32.489227294921875,32.489227294921875,32.489227294921875,0
2003-08-18,33.185302734375,33.599421797411026,32.47259449423705,32.69225542879442,37098304
2003-08-19,33.20718002319336,33.98550025680156,33.04504951428829,33.48151829999952,26576512
2003-08-20,34.96540832519531,35.17127924498089,33.53096082233161,33.602279014620706,55284032
2003-08-21,35.32105255126953,35.608702635056176,35.08570248271682,35.11042705490438,24144832
2003-08-22,34.629722595214844,35.69711776547992,34.375354481142764,35.52928096270137,31926912
2003-08-25,33.86044692993164,35.65909052751747,28.69843605654606,35.06667370590924,70433920
2003-08-26,35.3476676940918,35.74467223406848,33.89990862315885,33.89990862315885,39059328
2003-08-27,36.66563034057617,36.83631806380987,35.449892098438596,35.80172847387911,42242112
2003-08-28,37.07405090332031,37.456315963695765,36.535359411543624,37.09734771601119,53888192
2003-08-29,37.33127212524414,37.84618856108991,36.32806053404135,37.516697109452465,42512384
2003-09-01,36.7921028137207,38.03636844510343,36.524422799410566,38.03636844510343,24554304
2003-09-02,37.007957458496094,37.44680108807982,36.524419243096645,37.08545562303487,37691968
2003-09-03,36.26387023925781,37.72921976429419,36.134545673488425,37.503854772694304,41538368
2003-09-04,40.02995681762695,40.41364969096244,36.610012072989505,36.610012072989505,124075904
2003-09-05,39.91679382324219,40.461189379523674,39.291570979128515,40.3946257307207,65351936
2003-09-08,40.43550491333008,41.507181302720205,40.17590859198004,40.50872676966508,47580736
2003-09-09,42.58361053466797,43.02863410864688,40.93948508816073,41.31414696483275,90476544
2003-09-10,40.92047119140625,41.88754764466948,40.45310027740973,41.88754764466948,53212544
2003-09-11,40.171634674072266,41.0507521287936,39.84404922485999,39.938188311543456,45146752
2003-09-12,39.575416564941406,41.602278652257084,39.36859380821305,41.602278652257084,53664192
2003-09-15,38.40864562988281,40.05229300828717,38.1314565439771,39.41518388398631,48679872
2003-09-16,40.02375793457031,40.337557889866304,38.16948547145765,38.333517266271464,52140800
2003-09-17,41.15677261352539,41.80671993300876,40.844398035454915,40.844398035454915,70697728
2003-09-18,40.3294677734375,41.36168206505241,40.05227878595996,40.556260451595264,50755584
2003-09-19,41.07786178588867,41.459650991974385,40.223468737626526,41.079287221405814,41664000
2003-09-22,41.582298278808594,41.79245009413838,40.83345744947676,41.573741026524004,52579648
2003-09-23,41.03839111328125,41.316532060459934,40.28051460680106,41.164860182446134,49601280
2003-09-24,42.87696075439453,43.19028712967541,41.07926913258427,41.12681458296921,68738432
2003-09-25,42.86223220825195,43.17127769838355,41.03173199747247,41.03173199747247,60743104
2003-09-26,43.281105041503906,43.50124423175523,42.22987679742981,42.695822296883556,50340608
2003-09-29,42.54794692993164,43.52310219081478,42.33922056032397,43.45653856500406,50245056
2003-09-30,43.05764389038086,43.434683117705255,42.715794805215616,43.244501270121305,43588480
2003-10-01,43.49362564086914,43.92248652670148,42.62116663701011,42.78139573146351,46230336
2003-10-02,43.49362564086914,43.49362564086915,43.49362564086915,43.49362564086915,0
2003-10-03,43.36001968383789,44.19824493661933,43.21833518871724,44.046099515150765,38165440
2003-10-06,43.44942092895508,43.88161104055677,35.27873319394284,43.5621046037629,33592384
2003-10-07,42.541770935058594,43.77034739214329,42.251743649492575,43.6277110221928,29565120
2003-10-08,41.73872756958008,42.96207114125053,41.22713571169084,42.79090751120571,51334656
2003-10-09,42.28786849975586,42.88598923923771,41.518105926566044,42.077716714773146,51190784
2003-10-10,44.0228157043457,45.073096789523355,42.55318736985591,44.692733103535815,82874432
2003-10-13,45.147254943847656,45.45059862462655,44.21726781352979,44.70223139600076,53112512
2003-10-14,44.903350830078125,45.88136171780411,44.70365992933743,45.36358988221077,38866560
2003-10-15,45.02981948852539,45.21572033000936,44.33470412118125,44.903345812987595,33385344
2003-10-16,44.168521881103516,45.44045494242095,43.74263777622638,45.44045494242095,31405952
2003-10-17,45.16527557373047,45.306920245340415,43.87617539548756,44.4484733354287,43538688
2003-10-20,44.09410858154297,45.545359254373096,43.694929998802756,45.163827449100864,29526016
2003-10-21,43.417381286621094,45.78383414549063,43.12264878578399,45.78383414549063,31924608
2003-10-22,43.0439453125,43.8642387692337,42.77925759826326,43.8642387692337,37824192
2003-10-23,42.141151428222656,43.494634857783296,41.78727967367295,42.922337030707205,31692032
2003-10-24,43.44169616699219,49.59914158263391,42.14114851344251,49.59914158263391,33502976
2003-10-27,42.41299819946289,43.577625354663645,42.35004449913838,43.561408384586706,22341824
2003-10-28,42.60853576660156,43.2561853276849,42.3500469360355,42.823622542933556,35969600
2003-10-29,43.59286880493164,43.682532505945396,42.93186680877132,42.93186680877132,26779456
2003-10-30,44.034515380859375,44.58201285284073,43.351572190021635,43.97156167128707,32636544
2003-10-31,45.199127197265625,45.352214992159084,43.20848286754943,43.87616361826211,36349120
2003-11-03,47.493568420410156,47.805947667439014,45.35460517930417,45.35460517930417,47987264
2003-11-04,47.94377136230469,48.83035321011755,47.60563689508236,47.98955332165561,39572480
2003-11-05,47.62996292114258,48.07301869648248,47.0738820479792,48.07301869648248,30089216
2003-11-06,48.410675048828125,49.10029676459261,47.50215219602365,47.50215219602365,42925056
2003-11-07,47.521705627441406,48.9314640744747,47.10011103309085,48.35916624904224,26511744
2003-11-10,47.08436584472656,47.691477420819425,46.138165069749164,47.21456264661123,16134784
2003-11-11,46.959896087646484,47.497859768129835,46.387598263618756,46.64227265825974,26501632
2003-11-12,46.435279846191406,47.21456041333552,46.07139482215669,47.02379451267558,32659520
2003-11-13,45.27973556518555,47.106799549151305,44.84001904593815,46.834958025257,36438080
2003-11-14,44.12321853637695,45.46907352153054,43.69828915842315,45.25923093343034,30748096
2003-11-17,44.104618072509766,44.59154635748587,43.78079096916794,44.09555482580902,28108864
2003-11-18,43.99968719482422,45.16383443272337,43.69493675529161,44.16040376675,38117888
2003-11-19,44.46563720703125,44.91584675029741,43.54233179339726,43.70448286469797,45068736
2003-11-20,44.08457565307617,45.18290953973589,43.783164558744495,44.84144039539653,24759616
2003-11-21,44.55767822265625,44.72507346769616,43.829428334206355,43.876165056814315,25343552
2003-11-24,44.1246452331543,44.59154682164759,42.350046607083485,44.33115312775572,21499136
2003-11-25,45.14619445800781,45.27353166837675,44.71554123277156,44.73461782886062,23171392
2003-11-26,45.14619445800781,45.14619445800781,45.14619445800781,45.14619445800781,0
2003-11-27,47.0080680847168,47.3099542605705,45.593060759178826,45.593060759178826,44810880
2003-11-28,46.98516845703125,47.3099455549998,46.50252977453229,46.54688191701593,19407168
2003-12-01,49.249080657958984,49.55144649664242,47.30994699198199,47.30994699198199,35861120
2003-12-02,49.00873947143555,49.980691296275936,48.4221340296949,49.608697601513576,25256512
2003-12-03,48.591426849365234,49.11269387678901,48.311476885984916,48.97915771165499,27386560
2003-12-04,48.28046798706055,48.635769499880816,44.829989537054296,44.829989537054296,27833408
2003-12-05,46.83828353881836,48.376813674436356,46.661349988381005,47.91325149818783,23658048
2003-12-08,46.79060363769531,47.07150842325128,46.42290405186707,46.73766793798,19881472
2003-12-09,47.4954948425293,47.77734977451639,47.034792109173424,47.034792109173424,19140608
2003-12-10,47.373870849609375,48.07302629366949,47.03669105315844,47.21457939556826,26606144
2003-12-11,47.47972869873047,48.06347428588938,47.138259559608116,48.06347428588938,20852800
2003-12-12,47.99767303466797,48.165548020516596,47.45303525633188,47.69149271993154,22952896
2003-12-15,49.01922607421875,49.19854422511863,48.16840797534879,48.16840797534879,18615168
2003-12-16,49.874332427978516,50.0236058661877,47.6953062995838,47.6953062995838,40511296
2003-12-17,48.85420227050781,49.58006760067614,48.64531449854719,49.02684637696717,28048256
2003-12-18,48.920494079589844,50.53389603882278,48.70445259028661,50.53389603882278,26063424
2003-12-19,50.17906188964844,50.77902438798236,49.29581947361025,49.498508248082324,37655744
2003-12-22,50.77522277832031,50.98220571968217,49.59915243074786,50.2191418361322,22904256
2003-12-23,52.00136184692383,52.22217247578096,50.74373654267666,50.7585190390592,38820544
2003-12-24,51.73429489135742,51.983720434997785,50.993167326060224,51.983720434997785,21936704
2003-12-25,51.73429489135742,51.73429489135742,51.73429489135742,51.73429489135742,0
2003-12-26,51.461971282958984,52.079100953914605,51.26882077117936,51.837783905849655,17095616
2003-12-29,52.44632339477539,52.68954995594058,51.53541607747048,51.745258600828684,19784704
2003-12-30,52.80447769165039,57.08669721810192,52.36524105720627,53.392517321222165,24877824
2003-12-31,53.07776641845703,53.5575409238915,52.69909414149609,52.69909414149609,16057728
2004-01-01,53.76119613647461,53.93717497050409,53.25232691893072,53.39540141360813,11811200
2004-01-02,54.051605224609375,54.46366140854687,53.56706172861632,53.891363740506094,17143168
2004-01-05,56.149070739746094,56.70515135348594,54.17750373217832,54.84518423591996,24806720
2004-01-06,54.225223541259766,57.325170357602666,53.723033088486616,56.75287248381628,24549504
2004-01-07,54.30344009399414,55.29351356449267,53.3500853449368,54.82613696199825,38803008
2004-01-08,55.78092575073242,56.22064225378875,54.570991625002904,54.570991625002904,37550336
2004-01-09,55.51858901977539,58.18358714542125,55.04548875675837,57.22975784795533,48744256
2004-01-12,54.56048583984375,56.26641110180765,54.196600759530604,56.26641110180765,22238464
2004-01-13,55.261085510253906,55.40797437139774,54.22618015317065,55.03598074074109,22870912
2004-01-14,54.420753479003906,55.376967752296366,54.17752690574746,55.2648927626586,22004800
2004-01-15,53.046756744384766,54.93104520623076,52.69908400146292,54.38020862684896,34165760
2004-01-16,52.688621520996094,53.032000367153515,52.19692395285071,52.937572115934955,26454976
2004-01-19,52.485450744628906,52.79449073452714,51.37328402821376,52.79449073452714,30427712
2004-01-20,51.60742950439453,53.60522761724192,51.27788321535456,52.6990894279825,23610944
2004-01-21,51.46865463256836,52.937552485314015,50.88681847011716,51.74526526717631,29010368
2004-01-22,49.353065490722656,52.88986467782564,48.20036119652228,51.506811408522715,51104832
2004-01-23,52.09101104736328,52.52738802249111,49.59913159922894,49.840928297249256,36731904
2004-01-26,52.09101104736328,52.09101104736328,52.09101104736328,52.09101104736328,0
2004-01-27,53.046756744384766,53.60522209741568,47.872706353546135,51.506797033104036,28154944
2004-01-28,51.67325210571289,52.979519165325634,50.93450909493591,52.50832819618393,24251072
2004-01-29,50.10562515258789,51.46721694744502,49.604384888324574,51.02988513124784,37042880
2004-01-30,49.72124481201172,51.39998549164514,49.36546811047031,51.39998549164514,25131136
2004-02-02,49.72124481201172,49.72124481201172,49.72124481201172,49.72124481201172,0
2004-02-03,49.57722854614258,50.17146283040501,48.86900970295673,49.98069681203846,37488448
2004-02-04,51.12432098388672,51.400931617582394,49.61202574433722,49.61202574433722,25612352
2004-02-05,51.883079528808594,52.88030638750793,50.55296245559019,51.316026039825516,47011712
2004-02-06,53.01909637451172,53.27138618096726,51.518724191575544,51.61458220886312,37574016
2004-02-09,53.89567947387695,54.46368327450013,53.22894869703565,53.40493216355976,32914240
2004-02-10,52.536468505859375,54.320605221793215,52.36620896100326,53.8913818267132,30173888
2004-02-11,52.187828063964844,53.156919799609156,51.93601799907982,52.93753900732654,24955968
2004-02-12,51.05994415283203,52.59418047222033,50.696058978935625,52.46064428676311,59246720
2004-02-13,51.2797966003418,51.783416842622486,50.79143390807971,51.20158069832336,40205760
2004-02-16,51.087120056152344,51.859722133177804,50.9550137078039,51.52158763281489,27349376
2004-02-17,51.48773193359375,51.69757448686145,50.95358725254869,51.125276614313165,23235904
2004-02-18,51.04322814941406,52.07908786142863,50.75326492869263,51.88832197182633,26329984
2004-02-19,48.70539855957031,51.0298831366107,48.47361983182347,51.0298831366107,36728384
2004-02-20,48.31290054321289,49.930121474321254,47.834555915531816,48.635772804246606,52873792
2004-02-23,48.482215881347656,49.25577281107505,48.26378978002319,48.416402554031166,31885440
2004-02-24,48.10972595214844,48.778836356301014,46.98563705341001,48.26281371053759,41712448
2004-02-25,47.380062103271484,54.08214578076636,47.03334406436665,54.08214578076636,28607872
2004-02-26,46.59553146362305,48.16839556761408,46.12815495217491,47.69148076001394,41546176
2004-02-27,48.28715515136719,48.58808656899402,46.35755480827758,46.642273914876476,37689664
2004-03-01,50.73753356933594,50.83911548587763,48.62623090938164,48.62623090938164,40953024
2004-03-02,50.73753356933594,50.73753356933594,50.73753356933594,50.73753356933594,0
2004-03-03,49.456077575683594,50.67697978005919,49.122237129174636,50.552981899927296,29994368
2004-03-04,50.409912109375,51.26644952881415,49.24909921450331,49.74223115428394,45102144
2004-03-05,50.06367111206055,50.82339568512845,49.839996140743445,50.54344568198642,22380416
2004-03-08,48.74594497680664,50.066524143561075,48.64531779999266,50.066524143561075,24954240
2004-03-09,47.547447204589844,55.56056999991429,46.45149800851203,55.56056999991429,50456320
2004-03-10,46.75911331176758,47.26225844455267,46.2621671401397,47.195490370059865,38215872
2004-03-11,46.31415939331055,46.91888653797101,45.83152059665597,46.63082808355106,28511424
2004-03-12,48.04441452026367,48.87424657570599,45.545380054448884,46.59459299811158,51212992
2004-03-15,47.12348175048828,49.44653214525103,46.73765577000965,49.14655083863568,30844672
2004-03-16,47.14208221435547,47.50072314386386,46.12291416080841,46.74099865397103,30103616
2004-03-17,48.10020065307617,48.83321968911537,47.45302628770821,47.45302628770821,34600128
2004-03-18,47.09250259399414,48.64533616793484,46.92844195024303,48.634843105129775,24171648
2004-03-19,49.49613952636719,49.85668534006926,47.023810737811644,47.04288733445984,44321792
2004-03-22,48.41259002685547,49.599153458897696,47.99052030751774,49.599153458897696,18716864
2004-03-23,49.30917739868164,49.92153322565993,47.84695378399759,48.1683962317002,24403456
2004-03-24,48.14453887939453,49.40836283214733,47.62804119168693,48.98247893727862,28319680
2004-03-25,49.28438949584961,53.41447284241491,48.07302555817342,48.16840854539202,29444160
2004-03-26,50.64360046386719,51.02990158803832,49.8853056645683,49.93633649763089,27476544
2004-03-29,49.72312545776367,50.78187606697368,49.18898100627034,50.552002255482016,19412864
2004-03-30,48.05727767944336,50.524357167325064,47.891787301706465,50.17144019258634,29782976
2004-03-31,47.10202407836914,48.15886561209699,45.17385345140493,45.17385345140493,42513600
2004-04-01,48.750240325927734,49.06500415507186,47.22458772141522,47.22458772141522,26651008
2004-04-02,47.691497802734375,49.11270443725586,47.3099658203125,48.883785247802734,36836224
2004-04-05,49.35496139526367,49.96636714374937,48.073015253316186,48.14932162673415,32154304
2004-04-06,50.67600631713867,56.70516348754974,50.01881872644421,56.70516348754974,64156288
2004-04-07,50.79429626464844,51.50680898522622,50.2668302503967,51.50680898522622,26629568
2004-04-08,50.668399810791016,51.49727707487241,50.3622194768154,51.41143238258238,24899584
2004-04-09,50.668399810791016,50.668399810791016,50.668399810791016,50.668399810791016,0
2004-04-12,49.05784225463867,51.10619137711641,48.57234390632657,50.93450204438254,36248128
2004-04-13,52.40102005004883,56.17055695259327,51.039428129749496,56.17055695259327,78408320
2004-04-14,52.40102005004883,52.401020050048835,52.401020050048835,52.401020050048835,0
2004-04-15,50.90015411376953,53.2017473834967,50.55439093627345,53.2017473834967,71227328
2004-04-16,51.40998458862305,52.14586317868452,51.17820120608228,51.459105880556606,36977024
2004-04-19,51.13433074951172,51.50679935224942,50.71607553070486,51.50679935224942,22941888
2004-04-20,51.327972412109375,51.79010486987686,51.13720642869619,51.36374103399935,19525184
2004-04-21,51.75003433227539,51.936031138003784,51.02989285368599,51.306503487846165,21904064
2004-04-22,51.371360778808594,51.96464474586763,51.240688897567516,51.7929553909804,14137600
2004-04-23,50.62116241455078,52.025676382066706,50.459011396229755,51.69755995882066,34524800
2004-04-26,50.62116241455078,50.62116241455078,50.62116241455078,50.62116241455078,0
2004-04-27,48.9853401184082,50.53197360540862,48.69299233001644,50.53197360540862,28616000
2004-04-28,48.666778564453125,49.3034599244761,48.41210415749519,49.07454078379369,28258624
2004-04-29,48.06109619140625,49.25290831863008,47.79640843763567,48.63577861175499,43605184
2004-04-30,49.08551788330078,49.53047861301165,48.19798099869784,48.454560317724635,30273216
2004-05-03,49.45225524902344,49.77941697113286,48.36965854628035,48.36965854628035,22498048
2004-05-04,49.7894401550293,50.30498329532514,49.54191946073545,49.83760669663895,17846592
2004-05-05,50.18001174926758,50.3431175139148,49.697852833449424,50.06650697812406,20423104
2004-05-06,50.52674102783203,52.34331145536608,50.3636352265525,50.55297134315159,14392768
2004-05-07,49.78371047973633,50.552973187425394,49.646834988782864,50.31451576672999,11201984
2004-05-10,48.888065338134766,49.408377567133485,48.74069678919925,49.12222866230453,14165504
2004-05-11,48.131202697753906,48.83608193324575,47.83456072172411,48.63577769094142,26232064
2004-05-12,48.486515045166016,49.026858773126804,47.982890043890016,48.168411829628475,24579968
2004-05-13,49.53953170776367,50.26682687844323,46.74719516722017,48.632918410409516,33562048
2004-05-14,48.54755401611328,50.03695837166003,48.34009602704693,49.83760886766382,31301120
2004-05-17,43.10165023803711,48.16553532633402,39.34642588539462,48.16553532633402,31777600
2004-05-18,46.55595397949219,47.425368845234146,44.365480282879226,45.27829719567543,45230720
2004-05-19,47.43061447143555,48.15886442224813,46.16536023047751,47.786870817085195,21176960
2004-05-20,47.00425720214844,48.3019407740961,46.90028602869203,48.3019407740961,18078592
2004-05-21,46.83399963378906,47.40534277316218,46.31797676186631,46.92842785592715,20265792
2004-05-24,50.731807708740234,50.885375193278676,47.52312612774055,47.691476106923844,38852608
2004-05-25,51.08522033691406,51.49727672001585,49.29392963308796,50.311668007617975,39751744
2004-05-26,51.506309509277344,52.451826546067636,51.10665797826289,52.451826546067636,23094400
2004-05-27,51.64033508300781,52.51030816708283,51.08082393379103,51.1748872985307,22419584
2004-05-28,49.30091857910156,52.22763516322993,48.85691735084939,51.418584450548316,35431808
2004-05-31,50.696285247802734,51.17489329702793,47.763233743892734,49.61527750130898,34813312
2004-06-01,51.54090118408203,51.98393134208113,50.70260789786058,50.70260789786058,28710336
2004-06-02,52.02780532836914,52.391388836953205,51.15100696753213,51.610610029751165,17547008
2004-06-03,51.091552734375,52.49081861364629,50.84347444545572,52.24712864793763,30415040
2004-06-04,50.85664367675781,51.09692107365439,50.21963704148558,50.687521858642285,19523392
2004-06-07,50.759639739990234,51.77923941993979,50.22059948645297,51.27236433525665,21086016
2004-06-08,50.472564697265625,51.16902754930312,49.91841293377463,50.93118716783967,31877952
2004-06-09,50.9019660949707,51.11446186652952,50.50718830354092,50.7006791112545,16769088
2004-06-10,51.40053939819336,51.535059090518345,50.541289687436425,51.123223123441356,16670208
2004-06-11,49.81608200073242,51.467324372434014,49.5377851846054,51.467324372434014,29788544
2004-06-14,48.679508209228516,49.943283436595,48.564973923794305,49.71177796603649,22198208
2004-06-15,49.538753509521484,49.85896305111848,48.88420326517286,48.88420326517286,22293952
2004-06-16,50.161128997802734,50.44380928170018,49.725899788474294,50.20011938178859,21901504
2004-06-17,50.68312072753906,50.88246100830544,50.02467239360604,50.20012915570364,19065792
2004-06-18,51.316246032714844,51.638892581301604,50.34879662275247,50.68752576125315,28632320
2004-06-21,52.1628303527832,52.39336018568598,51.323075401442225,51.41859999618484,26522560
2004-06-22,52.397735595703125,52.56295455135869,51.564801315242306,51.8119039142908,23141632
2004-06-23,51.890357971191406,52.62727727126366,51.613527162685884,52.588286882472204,26169152
2004-06-24,52.72621536254883,53.017182095960045,51.711979760017805,52.04924758093698,32614720
2004-06-25,53.45485305786133,53.611790341502164,52.315359775062205,52.73450649955031,28886528
2004-06-28,54.56607437133789,54.76200203040926,53.731193608423546,53.904213461759205,31393024
2004-06-29,54.456912994384766,55.17092461795203,54.20639779737351,54.635292151461705,44017472
2004-06-30,53.8466911315918,54.781484551291896,53.62249644392637,54.29410479549748,39124224
2004-07-01,54.92965316772461,55.198683001268854,52.995726374061164,54.39158398149969,28275440
2004-07-02,55.496978759765625,55.795256238742034,53.231637721832676,53.231637721832676,24930048
2004-07-05,55.73481750488281,56.341120043084345,55.385855377993984,55.61200156988405,15505536
2004-07-06,55.61980438232422,55.990213174214915,54.82635071160924,55.63929958189741,19217968
2004-07-07,54.29218673706055,55.483345496057225,54.005608216454675,54.74837732456965,28427936
2004-07-08,52.72474670410156,55.3429519386408,51.907900064056896,54.586537537986466,37858080
2004-07-09,53.90421676635742,54.190795194720394,50.10265355860346,50.68750943671945,22787760
2004-07-12,53.656612396240234,54.56703681745097,53.192625922263296,54.079657067384424,22648144
2004-07-13,54.69375991821289,55.84982572956337,54.15764215034589,55.56129594257948,38728000
2004-07-14,55.397560119628906,56.341125859960755,55.13242350587163,55.366365896985656,29463584
2004-07-15,56.28068161010742,56.49318211048591,55.30007702095299,55.53791746945822,21826416
2004-07-16,57.618064880371094,57.89294911030761,56.28264365069577,56.28264365069577,34887056
2004-07-19,57.637550354003906,58.17366827544315,57.00395644684845,57.627802755432285,22012128
2004-07-20,56.450286865234375,57.69407646154998,56.26898060521826,57.471833148994065,21665664
2004-07-21,56.04088592529297,56.92596581878491,55.569098428317865,56.5750523308609,22177072
2004-07-22,56.25141906738281,56.925954542154656,55.76014123352162,56.692012263214295,19465920
2004-07-23,56.73686599731445,57.109221359752325,56.2631318149422,56.53606454030921,15554320
2004-07-26,56.90842819213867,57.12092392338429,55.84009050609462,56.09937756318971,14673152
2004-07-27,57.6784782409668,57.955309021625055,57.04488448684085,57.31586575785502,23371088
2004-07-28,58.809200286865234,58.99245319468025,57.553707019446186,57.70577047463765,31335104
2004-07-29,59.873653411865234,60.240164100051395,58.85795641336365,58.85795641336365,21491184
2004-07-30,60.57156753540039,61.019956995752565,59.655293420767684,60.08808577406341,25009120
2004-08-02,60.669036865234375,61.07063972003336,60.435094563697476,60.435094563697476,17539728
2004-08-03,61.483951568603516,61.68280162065,60.78212449580219,60.82111488873559,23723440
2004-08-04,60.36101531982422,61.56581919325251,60.12317491829979,61.56581919325251,17101728
2004-08-05,60.739234924316406,60.980973452332954,60.201165607673964,60.201165607673964,18405328
2004-08-06,59.530540466308594,60.70804856024515,58.92813597263739,60.47410617658332,23971584
2004-08-09,59.821006774902344,60.11148328102939,58.40760511572671,58.94567440980607,19569968
2004-08-10,59.464237213134766,60.08418530741573,59.14841603591802,60.08418530741573,15133312
2004-08-11,58.64545440673828,60.22846355226549,58.29843892607489,59.85025861015306,21258032
2004-08-12,58.43294906616211,58.98856212500042,58.01770045974807,58.64154670125074,22696432
2004-08-13,57.69993209838867,59.61241277784732,57.516679155214106,58.09568553904167,21489920
2004-08-16,57.98651885986328,58.21266507543785,57.39386670532117,57.822761089668,16502032
2004-08-17,57.803253173828125,58.68053694881034,57.55176706216086,58.44659460881508,15134480
2004-08-18,57.970924377441406,58.40761492162557,57.66679737589067,57.82275896446644,17098976
2004-08-19,59.91848373413086,60.04520250565253,58.48558685615506,58.48558685615506,31323920
2004-08-20,60.31032943725586,60.60665541141797,59.460337140211024,59.850240990310766,24660640
2004-08-23,60.807456970214844,61.64379882655802,60.479936783549036,60.747019969498666,22006368
2004-08-24,60.66514587402344,61.31823487553082,60.32787806461481,60.82500551352341,17164864
2004-08-25,59.852210998535156,60.996578202010014,59.10944202962514,60.672956002109544,20150288
2004-08-26,60.261627197265625,60.74705587472098,59.74890237837281,60.16219975269221,20723296
2004-08-27,61.031654357910156,61.25389765882826,60.090035564837464,60.54817260970776,15277728
2004-08-30,61.505367279052734,61.71396960021165,60.66902561004205,61.29287163173914,12084944
2004-08-31,61.429378509521484,61.99084125168448,60.947847995492985,61.60483531897426,13549504
2004-09-01,61.65160369873047,61.955730649168274,61.214913227938446,61.40986518089366,8008016
2004-09-02,62.487953186035156,62.90709990335759,62.191627156400145,62.191627156400145,18522576
2004-09-03,62.641971588134766,62.84472451060666,62.10975171105478,62.57958790413187,14033472
2004-09-06,62.69266891479492,62.969499819673175,62.540605393656826,62.77454780784756,7469520
2004-09-07,62.9850959777832,63.14495567314288,62.384642838548075,62.62053667310955,11782048
2004-09-08,63.359378814697266,63.55433074951171,62.85250378417968,63.12543649291992,13429216
2004-09-09,63.26778793334961,63.67133771342181,63.008500762332915,63.39840485120874,13698032
2004-09-10,64.4920654296875,64.87806653657842,63.26776606193848,63.55824260390584,18587072
2004-09-13,65.34205627441406,66.27977723203159,64.33415545749399,65.69881936113781,18370576
2004-09-14,66.32655334472656,66.50981103862823,65.39858489233804,65.49215802331761,30164176
2004-09-15,66.32266998291016,66.74571486833565,65.6988235868334,66.59560278119373,21460064
2004-09-16,66.08673858642578,66.3616226522377,65.50968385388599,66.17641835870178,16680048
2004-09-17,65.882080078125,66.12577008959876,65.12371866624689,66.12577008959876,20388080
2004-09-20,64.62659454345703,65.54286903623003,64.52911853358756,65.54286903623003,20823424
2004-09-21,65.35376739501953,65.54286990475799,64.6226973113109,64.72992092358817,27698816
2004-09-22,64.86050415039062,65.49214647093136,64.52908588451847,65.3537334626905,23176304
2004-09-23,63.56604766845703,64.71626440774217,63.39838705347898,64.71626440774217,23091104
2004-09-24,62.928565979003906,64.20940466689325,62.692676870502915,63.76881116042775,20775696
2004-09-27,63.93254089355469,64.1313956911878,62.94023736700276,63.16443211060522,16671776
2004-09-28,62.848594665527344,63.89353399697245,62.42359857031804,63.89353399697245,18208848
2004-09-29,63.94034957885742,64.17429194836878,62.78428341760824,63.01822578711959,20993216
2004-09-30,66.10820007324219,66.36163758458166,64.14308364878856,65.11394522106427,34462048
2004-10-01,66.41036987304688,67.72629529985757,65.93468910407148,67.64831453382435,20852576
2004-10-04,67.37149810791016,67.92126167356072,67.06347306459497,67.06347306459497,18128336
2004-10-05,67.08296966552734,67.79649574539644,66.7924931479612,67.46312598882807,13884688
2004-10-06,65.73194885253906,66.6735677347418,65.5038560200972,66.6735677347418,29443040
2004-10-07,66.49810791015625,66.75154543663882,65.51555201900526,66.2836607723633,15432096
2004-10-08,66.59754943847656,67.42999346174757,66.3226652360512,66.59559801480037,20248128
2004-10-11,65.75924682617188,66.85877396495192,65.51750354262293,66.48836524492448,14722064
2004-10-12,66.72618865966797,67.80427366379782,66.36162954329147,67.53134099235066,36566784
2004-10-13,66.72618865966797,66.72618865966797,66.72618865966797,66.72618865966797,0
2004-10-14,70.74806213378906,71.15746122577296,66.71840630888993,67.14534917241694,49699776
2004-10-15,69.66606903076172,71.58634545430448,69.2956603805352,70.78899400053895,17571888
2004-10-18,68.86258697509766,70.4187614016392,68.4735457549254,70.4187614016392,25400864
2004-10-19,69.12260437011719,69.7814352732807,68.3894828666875,69.59766805892491,31222048
2004-10-20,68.76873779296875,70.16459889895191,68.50676624009513,69.28485330116621,26192688
2004-10-21,69.5878677368164,69.78532363226016,68.62014770507812,68.8293306765457,21814288
2004-10-22,69.5878677368164,69.5878677368164,69.5878677368164,69.5878677368164,0
2004-10-25,71.17339324951172,71.62695013679202,69.79903383444574,69.79903383444574,31941936
2004-10-26,72.76472473144531,73.11662291660544,71.16163299904915,71.20073279740028,24678512
2004-10-27,73.03062438964844,73.50373111897686,71.64453331145191,73.19484167654728,18445424
2004-10-28,76.19772338867188,76.54570793299855,73.5076541366288,73.5076541366288,45555712
2004-10-29,74.53793334960938,76.44014035444735,74.328750288391,76.08824201010462,26163552
2004-11-01,76.0901870727539,76.35606291669458,74.09413986536354,74.60243739478292,20272976
2004-11-02,74.70408630371094,76.01002074224195,74.56723698653097,76.01002074224195,20692816
2004-11-03,76.67278289794922,77.22213722637593,74.99344769629825,74.99344769629825,26833088
2004-11-04,77.71868133544922,78.53977724938845,77.43716464555453,77.43716464555453,25218416
2004-11-05,77.2846908569336,81.62867920734665,76.6845096708193,78.78612465861103,17506880
2004-11-08,78.89559936523438,80.8857758970341,78.19962083067098,78.19962083067098,39839408
2004-11-09,79.63655090332031,79.95912438801524,78.39708863493598,79.37262714311538,23967216
2004-11-10,79.8046646118164,80.15460598242302,78.78611270955238,79.9591069434415,28240464
2004-11-11,78.86824798583984,79.76363484134036,78.62974003232131,79.76363484134036,21130096
2004-11-12,79.26313781738281,80.06468397187885,78.78612201509718,79.76361732545818,4572400
2004-11-15,79.26313781738281,79.26313781738281,79.26313781738281,79.26313781738281,0
2004-11-16,80.11747741699219,80.29928773745247,79.4508236655491,79.64632273952928,19068224
2004-11-17,81.20639038085938,81.42143933270857,79.76361123133915,80.15460932561042,14579280
2004-11-18,80.65507507324219,81.32758977180048,80.43611235936261,80.93854864336024,10655520
2004-11-19,80.4615478515625,81.13210577492771,80.23281014465141,80.8193072948316,8931520
2004-11-22,79.29440307617188,80.11549896601389,78.43420738205167,80.11549896601389,9862432
2004-11-23,79.41366577148438,79.94737432443974,79.05981060515452,79.3726090645221,11034512
2004-11-24,79.13410186767578,79.84180743343597,78.91123009972317,79.1771107016199,8668272
2004-11-25,79.35697174072266,79.9082780954614,79.02071433642942,79.38434447089855,9810368
2004-11-26,79.35697174072266,79.35697174072266,79.35697174072266,79.35697174072266,0
2004-11-29,81.74986267089844,81.91407991956251,79.48989235153726,79.77140899865417,14059680
2004-11-30,84.03331756591797,84.79967773160315,82.10960864400055,82.11352244370572,28184384
2004-12-01,82.43608093261719,84.26008308927186,82.15651158836016,84.06458405658212,20927696
2004-12-02,81.32366943359375,83.43897241195549,80.98937378343072,82.89157521712542,25157936
2004-12-03,80.2073974609375,81.5661158313181,79.92196694446416,81.32760317673788,25063136
2004-12-06,79.37847137451172,81.09299689723805,78.74700855884157,79.76360350548005,19835920
2004-12-07,79.75971221923828,80.69419873646157,77.80863052927076,77.80863052927076,16453888
2004-12-08,79.4273681640625,79.95912471368551,78.98162930153777,79.15366944866113,14876688
2004-12-09,79.84962463378906,80.54560311355218,79.56810793013528,79.72450715948199,12779168
2004-12-10,79.50553894042969,80.5455927268811,79.20055857336176,80.23279430852428,12232480
2004-12-13,79.66976928710938,80.54560595695463,78.79979854315683,80.54560595695463,6849888
2004-12-14,80.20345306396484,80.33834544514045,79.80268017235942,79.95907934957128,6764560
2004-12-15,82.13501739501953,82.55925417942585,80.53388198065349,80.53388198065349,17621776
2004-12-16,82.9052963256836,83.36080535084008,81.4840142359994,82.10961127427963,10711152
2004-12-17,81.68342590332031,82.77430690436107,81.32761377471469,82.30510913258387,11021392
2004-12-20,82.653076171875,82.93068861310702,81.99620706706591,82.48885889567272,7299728
2004-12-21,82.70001220703125,83.65012995631014,82.49864245739256,82.89159745828741,10934976
2004-12-22,81.38429260253906,82.85249228677706,80.1546055629509,80.1546055629509,24453024
2004-12-23,80.78411865234375,81.4840014104169,79.02071345991006,79.02071345991006,11333920
2004-12-24,80.74891662597656,81.31586380724697,79.65607896849106,81.31586380724697,16076928
2004-12-27,80.47914123535156,81.32760520743176,80.00994351300099,80.54560900351414,6694624
2004-12-28,80.61405181884766,81.01091116333428,80.04710444337861,80.38922785960993,8115072
2004-12-29,81.05975341796875,82.44975333488105,80.74109383931598,80.93659285587606,12955248
2004-12-30,80.08226013183594,81.91017597768254,79.49967686775663,80.93659467171092,15631056
2004-12-31,81.7850570678711,81.91604522793001,80.07444066482785,80.54559520615042,12498704
2005-01-03,82.8740005493164,93.76134025574783,81.93364825100899,82.852493745592,9104288
2005-01-04,81.72056579589844,83.08710234649735,81.32761076739504,83.08710234649735,10220864
2005-01-05,80.25234985351562,81.32759449223508,78.24261891965126,80.74109741656991,22197872
2005-01-06,79.91022491455078,81.87303317820535,78.12140887059203,79.81247540395195,27031104
2005-01-07,80.18589782714844,80.74111325854513,78.00412636842496,79.56811887706506,33500080
2005-01-10,78.00019836425781,82.10958672630849,77.45671014515102,80.54559459818833,24651840
2005-01-11,77.09113311767578,79.0871753414998,76.28763019871604,77.80861360005602,34083200
2005-01-12,74.53400421142578,79.17710611312117,73.31800121533529,79.17710611312117,63117008
2005-01-13,76.96209716796875,80.15655397366136,75.46262066021227,80.15655397366136,35060464
2005-01-14,77.18302154541016,78.52414687859648,76.24462614668177,77.41762039509226,19852096
2005-01-17,78.10969543457031,78.74702430309564,75.66595709348616,77.49583027246055,19508400
2005-01-18,76.84674835205078,78.98159649073011,76.31890104877115,78.59059848830076,18835760
2005-01-19,76.59457397460938,77.7988500802731,76.29546423440577,76.44599755438217,12037472
2005-01-20,76.82135009765625,77.33942256936713,75.14983325496644,76.32282753053825,18539120
2005-01-24,74.50468444824219,76.82721400751147,74.00029596839735,76.63562399294395,18662816
2005-01-25,74.79206848144531,75.14983268737778,73.58584033176119,74.64153517180239,16201056
2005-01-27,76.32673645019531,76.81157503800588,75.2886393815207,75.46263162298364,19668176
2005-01-28,79.67170715332031,80.07052319778677,76.05692783724389,76.63560677718024,17999552
2005-01-31,80.88379669189453,82.01964778039506,79.450792853695,80.584687043044,23864720
2005-02-01,80.61405181884766,81.87502098152879,80.35012804061206,80.93662532558004,22166592
2005-02-02,81.00699615478516,82.46150731923984,80.70201569791894,81.05391402218312,12938256
2005-02-03,82.16240692138672,82.50061653100396,80.63164330895067,80.93662380055838,14813472
2005-02-04,81.53874969482422,82.88378904698988,81.22986497727118,82.69610802740243,9580576
2005-02-07,79.37065887451172,82.30510157868467,78.98161766695631,81.32760631052928,31089440
2005-02-08,79.90435791015625,80.54559564560925,79.17710251570813,80.54559564560925,17364464
2005-02-09,79.9591064453125,80.7176388934947,79.68736469199139,80.15460548307611,8274208
2005-02-10,79.9356460571289,80.35010305504181,79.19861565279066,80.35010305504181,7435616
2005-02-11,82.2503433227539,82.41064677568151,80.93658622082957,80.93658622082957,18523056
2005-02-14,84.83289337158203,85.22584834542114,82.8915917510363,82.8915917510363,21044864
2005-02-15,85.31188201904297,85.55039470745531,83.86910267252817,84.84659804167185,15539824
2005-02-16,85.38028717041016,86.23462174601671,84.84657863924564,85.39397592078916,16757232
2005-02-17,85.00103759765625,85.22977532483382,83.48591982544919,84.8465952435954,17528720
2005-02-18,84.63935089111328,85.38029032973502,82.1486950770988,84.8465817788217,6471376
2005-02-21,83.8260726928711,84.65108244170585,83.28258919207089,84.53378302030858,8007472
2005-02-22,84.49467468261719,85.0420719272061,82.25425405095106,84.02547704439812,8232832
2005-02-23,83.6970443725586,84.26007773257058,83.47808165152584,84.17014627408031,7623536
2005-02-24,84.62369537353516,85.04206130619349,83.67356836563405,83.86906735714255,13470832
2005-02-25,85.2160873413086,85.47219303106174,84.27378755553191,84.27378755553191,10544240
2005-02-28,87.58747100830078,87.89439872904798,84.18383130667235,86.37146333762922,17478560
2005-03-01,85.28646850585938,87.58358255730658,85.04209467059903,87.58358255730658,11760288
2005-03-02,85.51322937011719,86.21506895196188,84.06653660312281,85.31577344815457,15075504
2005-03-03,86.58457946777344,87.0752840328092,85.27669262485713,85.27669262485713,14982720
2005-03-04,87.35678100585938,87.96674177231283,86.60606667119791,86.61584162228947,12496896
2005-03-07,88.05670166015625,88.44378603000975,86.9013001589489,87.3880909712961,12252080
2005-03-08,88.52589416503906,89.2531449899977,87.58358481365798,87.97458296014753,10757312
2005-03-09,88.04885864257812,88.86605040207712,87.04790923042974,87.97457282164734,8670176
2005-03-10,87.272705078125,87.9745445353595,85.82405566893961,87.9745445353595,13265920
2005-03-11,86.59239196777344,87.97457409466833,86.22485756545215,87.58357598758091,9922640
2005-03-14,87.04205322265625,87.62268931962173,85.62859866576152,86.41059500060865,10515408
2005-03-15,86.4418716430664,87.1847681171681,84.45559916103443,86.01959173809061,6268288
2005-03-16,85.74979400634766,86.98534222983795,85.4760953463157,85.86317963287735,10693536
2005-03-17,85.28059387207031,86.17401874504898,84.88959579745782,85.8240773774411,8216112
2005-03-18,86.01761627197266,86.21507220137731,83.8671269426866,85.42134423067061,15457456
2005-03-21,87.44867706298828,87.92764970864087,85.82407813938006,86.3714754486973,14841488
2005-03-22,86.94820404052734,88.36557217834371,86.01958353644078,88.32647236764532,13384816
2005-03-23,84.54942321777344,86.95015721943243,84.1154210651047,86.70382651340324,11986160
2005-03-24,84.4203872680664,85.56991764148304,84.0645752475159,84.84657129633001,12574736
2005-03-28,85.47218322753906,86.6823204175875,84.72928684998955,85.04208532474725,10014304
2005-03-29,84.71365356445312,85.55038569394148,84.06459288938491,85.55038569394148,8419616
2005-03-30,84.85831451416016,85.6285788162594,83.75178804768386,84.26204244706064,9733296
2005-03-31,88.2560806274414,90.51605133450998,85.55428974708398,86.98533692620099,17932432
2005-04-01,87.42130279541016,88.36164546863336,86.5024573782484,88.36164546863336,13726912
2005-04-04,87.13977813720703,88.24826144691654,86.66080551747964,87.4662653330759,12920176
2005-04-05,86.85826873779297,94.73101909320005,86.52787726112668,87.9745701931925,7810144
2005-04-06,87.43891143798828,87.58357883314036,86.44968428574704,86.99708165345416,9296960
2005-04-07,85.56211853027344,87.76734405773985,85.06359593880103,87.1143791216092,11027536
2005-04-08,83.20050048828125,85.2376048632163,82.81341610105144,85.06165567886563,19671728
2005-04-11,81.2415771484375,83.20438546017945,80.94637171002655,83.20438546017945,11956640
2005-04-12,82.79581451416016,83.28260529792811,77.57403235262412,77.57403235262412,17246368
2005-04-13,82.16824340820312,83.6735859593408,81.60715736625679,83.6735859593408,19030976
2005-04-15,76.52224731445312,80.15462109832345,75.65814235378335,80.15462109832345,34920000
2005-04-18,74.8350601196289,76.24460981538583,74.28961982011953,76.24460981538583,26963280
2005-04-19,74.78230285644531,77.21040033679937,74.28964615756466,75.61903982564739,24550800
2005-04-20,76.16642761230469,76.62194133982793,74.02962210483837,76.24462722997646,26726288
2005-04-21,76.04129791259766,76.24461497669881,74.4069242567476,75.85361695117727,21352304
2005-04-22,78.17029571533203,78.51241905533911,76.15861238526082,77.41762436731646,24501168
2005-04-25,77.74604797363281,78.90340116899942,77.22210966738051,78.90340116899942,13649968
2005-04-26,76.58089447021484,77.4058995880605,76.34434346012205,77.37853162752961,9105984
2005-04-27,74.8428955078125,75.65812551811246,73.42943654936187,74.87612938872628,32434624
2005-04-28,74.50856018066406,74.87609916771697,73.8986044005144,74.68060021427645,22117360
2005-04-29,73.77352905273438,75.03254112173997,73.36689004308599,75.03254112173997,13801088
2005-05-02,74.88198852539062,77.6287496808349,74.17232614772641,74.17232614772641,11048400
2005-05-03,74.34634399414062,75.26714657964939,74.28965116952408,75.26714657964939,10467584
2005-05-04,75.75981140136719,76.12735066940536,74.28965910214184,74.28965910214184,11367104
2005-05-05,78.01000213623047,78.47333402078124,76.28961015969116,77.02664076778227,25562000
2005-05-06,79.04222106933594,79.37261254737014,78.08231884586117,78.31691770068097,15746112
2005-05-09,81.97666931152344,82.24645419484368,79.7245163314886,79.7245163314886,19673888
2005-05-10,80.5143051147461,82.85247503092364,80.15458886899172,82.10957884140616,18254896
2005-05-11,80.77823638916016,81.32759053245572,78.0041072655044,78.0041072655044,16088160
2005-05-12,80.59056854248047,80.78020643691953,79.8027111992995,80.65117515638329,11528144
2005-05-13,79.48600769042969,80.15461351196868,78.99726004706402,80.15461351196868,17406320
2005-05-16,81.2454833984375,81.5191820415471,79.76360456337024,79.76360456337024,16266704
2005-05-17,80.7000503540039,82.73519735888797,80.37357267038716,81.48400344797851,21067296
2005-05-18,79.85159301757812,80.6199005239012,77.92983625600841,80.54561469761829,22171344
2005-05-19,81.98251342773438,82.50058582688425,80.74109465996017,80.74109465996017,16827280
2005-05-20,83.69314575195312,84.06459395781323,81.09300831093239,82.65700075665916,15354560
2005-05-23,83.46049499511719,83.98638549043778,82.74692351690467,83.98638549043778,5803728
2005-05-24,84.2796401977539,84.98735057493458,83.61494342978276,84.53770276130705,14293024
2005-05-25,84.89352416992188,86.01960085390749,82.54557815562507,83.32171337258039,26165456
2005-05-26,86.22289276123047,87.11437027283368,84.65303932353228,84.65303932353228,32570192
2005-05-27,87.28446197509766,88.53760321019892,83.86908985877827,83.86908985877827,21380368
2005-05-30,87.11434936523438,87.62068983680055,85.65202074808936,85.86706963566063,14170784
2005-05-31,87.99215698242188,88.28736242849874,86.48877134271001,86.6060707613484,13518880
2005-06-01,87.13143920898438,88.66074889807096,86.58245624367125,88.42547048436533,12398224
2005-06-02,86.3216781616211,87.52355468667687,86.10404375206816,87.24906325172762,7483248
2005-06-03,88.45882415771484,89.20582562064058,85.87663919099451,86.62168765886159,12687696
2005-06-06,86.9137954711914,88.50388716188404,86.39814749900663,87.65296557130627,7686736
2005-06-07,87.556884765625,87.99410655480128,86.30794497643387,86.30794497643387,9777760
2005-06-08,90.04299926757812,90.38611358160809,87.15887646180296,87.15887646180296,16625040
2005-06-09,87.70982360839844,89.79791933082929,87.33142135852313,89.31363414608528,12899920
2005-06-10,86.74909973144531,89.0136541486635,86.26873970355054,88.22939287863123,11626192
2005-06-13,87.2118148803711,87.99411357431944,86.87066314618704,86.87066314618704,10288592
2005-06-14,87.64706420898438,88.62151254580198,87.24905549310151,87.83921394046284,7697024
2005-06-15,88.49015808105469,88.77837793422607,87.45297444082564,87.83726438722015,13633088
2005-06-16,89.42344665527344,89.99007362164271,87.65101774475862,88.22941054723493,17220736
2005-06-17,89.72342681884766,90.10770723543371,88.77838802854187,89.40579713121707,15500416
2005-06-20,92.97810363769531,93.43100688639873,87.62943574781713,89.99398551728548,24363104
2005-06-21,93.85648345947266,94.11136841559824,91.41939497761177,92.15071490693994,19560928
2005-06-22,93.68196868896484,94.65837011381974,92.36049040011449,92.36049040011449,25721616
2005-06-23,91.92523193359375,93.91529507559221,91.68602839648452,93.91529507559221,16440688
2005-06-24,90.7018051147461,91.95466094727996,90.27242385785951,90.97433407150939,15599808
2005-06-27,91.69584655761719,92.58206584149484,89.40973204845818,89.40973204845818,14611440
2005-06-28,89.90379333496094,91.91542550931493,89.71949384185689,91.91542550931493,14810544
2005-06-29,91.15665435791016,91.56251343960248,90.19201863279808,90.66061287895543,12836352
2005-06-30,92.47422790527344,93.71336482141591,91.75858933460823,91.83701547933866,19464224
2005-07-01,92.19189453125,92.77812804098402,91.29587200965213,91.95465353174451,6114256
2005-07-04,93.88392639160156,94.10940153476473,91.4566412885159,92.15071068407406,7411168
2005-07-05,91.37821960449219,94.07215561850825,90.98020119697706,93.71923798592526,9015648
2005-07-06,91.98015594482422,92.53502676291794,90.895918127878,91.36647508108531,18818304
2005-07-07,90.97039031982422,93.0878959381949,90.45081718198325,92.22913360014564,14838352
2005-07-08,91.56056213378906,92.3859992283527,90.59200115335392,92.07229464693215,10736608
2005-07-11,90.80963897705078,92.54285493874504,90.38809843018997,92.15072419747916,18666000
2005-07-12,87.10204315185547,90.9743343218029,86.08642833516481,90.9743343218029,48402112
2005-07-13,86.48050689697266,88.25882357730433,86.26876013331979,87.2490869530166,31356000
2005-07-14,83.75323486328125,87.14711822958945,83.33560994624563,86.85694535667037,29139952
2005-07-15,86.10794830322266,86.46479095242643,83.88260731158991,86.07266038121361,16012224
2005-07-18,89.09211730957031,89.4058219479843,86.11584838202,86.11584838202,23144736
2005-07-19,88.4803695678711,89.40580187279801,88.22940974289277,89.09209730482327,11030832
2005-07-20,87.57453155517578,88.80581784833423,87.48433959965115,88.80581784833423,10432608
2005-07-21,86.62165832519531,91.01939962081521,86.1118884934943,88.80582407401388,12175056
2005-07-22,87.78827667236328,88.15099763683871,85.37274728494107,86.73932685617758,17876544
2005-07-25,87.40202331542969,88.57057492231787,87.0628340294821,87.64122691403783,9055424
2005-07-26,87.303955078125,87.64119123172811,86.62165164692948,87.44512592695914,8063296
2005-07-27,87.46868133544922,87.99413266545818,86.97459280391544,87.64121502107801,7306432
2005-07-28,87.46868133544922,87.46868133544922,87.46868133544922,87.46868133544922,0
2005-07-29,88.9529037475586,89.91558671496456,87.09224513473016,87.09224513473016,28194400
2005-08-01,88.79996490478516,89.18620792332979,86.34718531459484,86.34718531459484,7299632
2005-08-02,90.15869903564453,90.50377600617487,88.64311753461365,89.18621287269704,13529184
2005-08-03,92.38794708251953,92.7389021123881,90.58218345861164,90.58218345861164,16539600
2005-08-04,90.71945190429688,93.40554762741955,90.3194804412482,92.73892533117012,11645728
2005-08-05,89.85676574707031,90.81944869999546,89.26856959336922,90.4253553623147,11954224
2005-08-08,89.03913116455078,89.87829639552544,88.22938530217786,89.87829639552544,9654112
2005-08-09,88.7823257446289,89.74696163257187,88.2392208337705,88.2392208337705,11292352
2005-08-10,90.77824401855469,91.24880079100508,89.32736063683265,89.56263902305784,12802928
2005-08-11,89.9312515258789,91.16842580757144,89.6018655650194,91.01353609470898,8460864
2005-08-12,88.67839050292969,90.58218686450105,88.3156696247926,90.58218686450105,11763968
2005-08-16,88.22744750976562,88.62154078948154,87.4451486551079,88.31567691984365,12505248
2005-08-17,90.89197540283203,91.32331919313988,87.74512638717702,88.15098551018642,20196512
2005-08-18,90.13710021972656,90.97430291430834,89.7528198748379,90.89587679110636,11132480
2005-08-19,90.24495697021484,90.9743239137524,89.13915029251565,90.9743239137524,7624864
2005-08-22,90.77628326416016,91.75857246097489,89.9547714638788,90.97431115788963,11903376
2005-08-23,89.60969543457031,91.17037735736677,89.50185950436267,90.58218137441602,14301312
2005-08-24,88.78623962402344,89.99400420959822,88.24118172858273,89.99400420959822,12144704
2005-08-25,89.0842514038086,90.44101783697724,88.87054209405476,89.01366596543494,9222448
2005-08-26,88.98619842529297,90.57432734552344,88.62151505483617,89.4057762500117,11712048
2005-08-29,90.23712158203125,90.45279348331407,88.23137672950267,89.60187171477178,11452032
2005-08-30,92.0291519165039,92.227179838498,90.26848886917811,90.54298036443626,13123360
2005-08-31,93.17420196533203,93.44476838429382,91.3782410107649,92.22720035195427,12841792
2005-09-01,95.11717224121094,96.17004692069176,94.15449910413012,94.19371217117221,13538608
2005-09-02,93.55060577392578,96.06416703001098,93.32709322166673,95.09168111871504,10917808
2005-09-05,92.33696746826172,94.50348937191241,92.15070540414695,93.56237578480622,10117952
2005-09-06,92.69970703125,93.7192469562976,91.95858376129026,93.7192469562976,9057808
2005-09-08,94.98973846435547,95.22501688813459,92.7389120396033,93.08006383938232,11959088
2005-09-09,94.78582000732422,95.47204865354111,94.15057026095535,94.73876624342697,9509824
2005-09-12,95.01129913330078,95.64067077573836,94.72112626580132,95.09168783565622,6922720
2005-09-13,95.92693328857422,96.07201973020081,94.76230704572916,95.44461062175868,11051552
2005-09-14,95.90339660644531,96.93470218925974,94.89562269336916,95.78184184213809,12849776
2005-09-15,96.09358215332031,96.2680783847755,95.48381705373863,95.9935869189126,6199904
2005-09-16,95.952392578125,96.62097714719188,95.67986373342053,96.26805961702762,6707744
2005-09-19,96.08377075195312,96.4641355506027,95.33479741482212,96.07200491828318,6897808
2005-09-20,98.173828125,98.77770546437718,95.37400968929258,96.22885637537975,12896112
2005-09-21,96.5406265258789,98.4248166639677,95.09170534267795,98.38560358959958,13787296
2005-09-22,94.60153198242188,96.79353878009503,94.11333117248789,96.2602467687729,10259648
2005-09-23,94.05449676513672,95.6798763565757,93.0290693953288,94.85640201088385,13589840
2005-09-26,97.4974365234375,97.82485996790216,93.9741377727416,94.85643199343289,9939280
2005-09-27,97.1621322631836,98.30715182163507,96.4661003745382,97.49740587635826,14758576
2005-09-28,96.88764953613281,97.02881083567574,95.09168912173111,96.856277167289,16086176
2005-09-29,99.06004333496094,99.60118554910139,96.94057524745382,97.05233631260863,22313104
2005-09-30,98.63263702392578,100.42467241073648,98.1111012774942,99.60119793958245,14860080
2005-10-03,100.11289978027344,100.38542861905084,99.01297158714975,99.01297158714975,8202864
2005-10-04,103.04606628417969,103.38525549861042,99.40905416679068,100.38153061053535,21453312
2005-10-05,103.5205307006836,104.34596764693916,101.29911436202777,103.01272341544876,24255616
2005-10-06,102.31082916259766,104.49891090381466,101.32657723390396,102.73824781456206,25993216
2005-10-07,100.87364959716797,103.44014284911866,100.39525210723677,102.31081420846218,17069872
2005-10-10,102.82844543457031,103.75779336978017,101.24815664428284,102.93431881922636,19278240
2005-10-11,105.20471954345703,107.051658581349,103.13035240620802,104.38517038225314,31311840
2005-10-13,102.84211730957031,105.24784212037302,101.69906055856463,103.99302433056232,32686992
2005-10-14,102.0127944946289,103.67934985346871,101.5618442210605,103.28721918080052,18580464
2005-10-17,101.8850326538086,103.34544319239401,101.51157541055166,102.91695398386068,15537200
2005-10-18,99.47917175292969,103.07221927541022,98.86787936657446,101.89484823783737,26224816
2005-10-19,98.42366790771484,99.22168895789483,97.13819073492795,98.86788737286271,24415248
2005-10-20,99.79566192626953,101.22658929123726,97.93820315189633,99.22171315381858,20649696
2005-10-21,100.36959838867188,101.10865266826336,99.10377658502797,99.85069120427252,14781568
2005-10-24,98.72245025634766,101.21478234876683,98.09543706376186,100.636908271548,8743696
2005-10-25,99.11555480957031,100.57596535596029,98.55340145774599,99.65411754901719,12948432
2005-10-26,98.67723083496094,100.0354378250649,96.39128315859031,98.23891379009673,10297408
2005-10-27,96.95144653320312,99.26098428640158,95.96866451056549,98.86983896088795,16793296
2005-10-28,94.95246887207031,96.86300105989017,94.34707895443847,96.3126430993226,12237088
2005-10-31,99.1411361694336,99.61483927807868,94.50437001756163,94.50437001756163,14165904
2005-11-02,101.67865753173828,102.36267017875002,98.16226435507647,100.2437953628195,16822304
2005-11-04,101.67865753173828,101.67865753173828,101.67865753173828,101.67865753173828,0
2005-11-07,103.71695709228516,104.56410780594749,99.61481969558278,99.61481969558278,17561600
2005-11-08,103.93118286132812,104.7645802292085,103.39457803337213,103.66386418927686,13967440
2005-11-09,102.56905364990234,105.31495123421482,102.13270406733237,104.76459314639138,11048208
2005-11-10,104.33021545410156,104.80391850562881,102.28996296509763,102.60248585884891,14055392
2005-11-11,105.3955307006836,106.06185511334843,104.25550334772322,104.56409120029372,11651168
2005-11-14,104.28105163574219,106.49427906704172,103.43193357442799,105.62943073205652,12823568
2005-11-16,107.74047088623047,108.05889623422804,104.37149461787364,104.76460759195226,22726016
2005-11-17,106.41761779785156,107.90947916960714,105.79060471087972,107.7129227412472,13644064
2005-11-18,106.70655059814453,107.88982414261838,106.1483322579123,106.92669763815704,13989968
2005-11-21,105.23633575439453,107.31786688614731,104.48942115621242,106.88741012932338,14338112
2005-11-22,105.21859741210938,106.92667043018389,104.84317280783104,105.7473321533804,12690544
2005-11-23,105.47807312011719,105.96357134087953,104.72526583272233,105.19700126440127,10239136
2005-11-24,106.17784118652344,107.28052493986537,105.47220535495009,105.47220535495009,16120992
2005-11-25,107.73258972167969,108.49915987295601,106.45497280288583,107.12326472963954,13458752
2005-11-28,108.43624877929688,108.77432968199231,107.75223623358906,108.10603781188249,12002480
2005-11-29,107.55565643310547,108.10601432421055,106.62004609873085,108.10601432421055,12830160
2005-11-30,105.5291976928711,108.37729892743427,105.20684701246041,107.71294192027707,12375648
2005-12-01,108.80972290039062,109.48194984254653,104.80390602521689,105.74737704719934,19262256
2005-12-02,111.69124603271484,113.79440025115892,109.48195324050026,109.48195324050026,34275584
2005-12-05,109.5763168334961,112.99640002877005,109.20679444219637,112.62687763747034,10846704
2005-12-06,109.83380126953125,111.32959810709856,108.9748551499714,109.67852355890007,12751936
2005-12-07,110.14435577392578,111.09371970951986,109.12815495882063,110.07162603915626,15383456
2005-12-08,110.90895080566406,111.71483229723407,109.87506189942148,110.46473128349709,12289840
2005-12-09,112.96292114257812,113.57027844842945,110.54527762420554,111.05435673825309,11613184
2005-12-12,115.02677154541016,115.417916857772,112.67989007375876,113.33441903983537,12087616
2005-12-13,115.8484115600586,116.16486938430782,114.15999346599996,115.41795482650686,17659152
2005-12-14,113.43470001220703,115.8503769746556,112.54822846231387,115.57519793196045,17530304
2005-12-15,114.69657897949219,115.32752709001119,112.62684344419662,112.62684344419662,24098512
2005-12-16,117.23806762695312,118.01249815705472,114.19930284685009,115.96831098045017,22891984
2005-12-19,118.86749267578125,119.30974461215249,115.33930500561956,115.33930500561956,11425008
2005-12-20,116.76238250732422,118.32697364646494,116.19433633074375,118.32697364646494,6876768
2005-12-21,116.91769409179688,118.2090740809603,115.49659449612949,116.55799955106329,10226992
2005-12-22,117.25772094726562,118.01249581646859,116.83315708412546,117.85525065215617,7761200
2005-12-23,117.19281768798828,118.52154086190362,116.95105715672369,117.54466131943569,10458144
2005-12-26,116.0036849975586,117.54076031762854,115.57913073192293,117.2262699890195,6277424
2005-12-27,117.71373748779297,117.93191709375908,114.83222725259114,116.16487630932889,6468448
2005-12-28,117.48768615722656,117.93387314963594,116.44004408974055,117.89456185858606,6864528
2005-12-29,117.44050598144531,119.11320321339392,116.79383721022882,117.73730812677056,17621552
2005-12-30,117.8100357055664,118.67684191638314,116.91962928579005,118.3269752968571,13610048
2006-01-02,117.12211608886719,118.20906960758863,116.87248551491885,118.20906960758863,6648000
2006-01-03,118.20510864257812,118.52353391597224,117.11029502476254,117.54075171103051,7959936
2006-01-04,120.10777282714844,120.48909037801643,117.74516072332086,118.37021592292267,12552928
2006-01-05,120.092041015625,120.68171029213791,119.55544581299094,120.44977754903552,7556560
2006-01-06,120.02519989013672,120.68563132306198,118.65127255401688,119.89940571183682,17007808
2006-01-09,119.34314727783203,121.0748013975261,118.92644389161218,120.68562358391848,16070784
2006-01-10,116.9570083618164,120.10584727712089,116.40075731529497,120.10584727712089,21501040
2006-01-12,111.55754089355469,115.96826413893629,108.61902301410197,115.96826413893629,78601776
2006-01-13,111.82495880126953,113.17726405694572,111.29032113414843,112.03723604108902,15359696
2006-01-16,109.29518127441406,112.23369932144668,108.98265853205174,111.26271266887973,22288528
2006-01-17,108.58566284179688,110.58071116799906,108.11000190576458,110.07163179046508,15081376
2006-01-18,107.70897674560547,108.89225016217233,106.14439541403982,108.89225016217233,20814656
2006-01-19,110.89323425292969,111.59297726145361,108.1060671249565,108.1060671249565,17848192
2006-01-20,110.60624694824219,112.62684337077008,110.15023215528717,111.8406175880771,11981008
2006-01-23,107.89569091796875,110.15019645820179,107.56351255192868,110.15019645820179,17982992
2006-01-24,110.93448638916016,111.29025546228917,108.49915403600075,108.65639918677755,12704704
2006-01-25,111.16646575927734,112.62687674438573,110.50800147115572,111.29029251775079,17247776
2006-01-27,114.11675262451172,114.43124297957321,111.95856640189572,112.23374546257455,16767456
2006-01-30,112.54230499267578,114.94618599415637,112.12166660670984,114.0027152472823,8504976
2006-01-31,113.22833251953125,113.60965018716769,109.34634187732266,109.34634187732266,4869184
2006-02-01,113.06124877929688,114.98553469686387,112.31433419494118,113.45239423423901,12155984
2006-02-02,111.17625427246094,114.39584482917581,110.75169045462943,112.4302804850319,11890224
2006-02-03,109.55270385742188,111.17626203859358,109.3345242804847,111.17232707063756,13423888
2006-02-06,111.74235534667969,112.0391575415916,109.48981623760864,109.6785123719389,8457248
2006-02-07,112.9256362915039,113.6096490244914,111.26473398310087,111.64408416247598,12724864
2006-02-08,114.10692596435547,114.3958678200079,110.91092537644354,111.64407718516235,20326704
2006-02-10,112.60128021240234,114.78894932894252,111.95853687973572,113.60961080843968,23660048
2006-02-13,112.5108642578125,113.21649989844713,112.0371613578383,112.50889677408183,13821120
2006-02-14,110.93251037597656,112.61897024687991,110.72416824520202,112.61897024687991,13125968
2006-02-15,109.13404083251953,111.8288318528329,108.36551274214797,110.85784484760062,28173536
2006-02-16,109.32862091064453,111.1349725758601,108.9964328672441,109.28537465721907,13848576
2006-02-17,109.49966430664062,109.99302306655426,107.94883536124303,108.10608056934389,15374384
2006-02-20,111.18807983398438,111.55170936798771,108.1060776766692,109.4819732107359,12612320
2006-02-21,110.76345825195312,111.78947682629402,110.22882104413091,111.25091424924767,8554512
2006-02-22,110.09127807617188,110.85784830380457,109.33650315615337,110.7399144226303,11238448
2006-02-23,109.8573989868164,111.67947204390182,109.12817242807546,110.46475667251154,18668240
2006-02-24,108.40283966064453,110.46077974384417,108.11783283443165,109.85538977267446,10003424
2006-02-27,112.05880737304688,112.37329771478038,108.78810973851529,108.89228082522108,19161632
2006-02-28,111.20970153808594,113.53103575018993,110.17188704473767,112.37331987091864,22055488
2006-03-01,114.2051773071289,114.59042982478095,109.87504304542277,110.81851389804893,20575840
2006-03-02,112.20621490478516,114.71034211227698,111.84061799500617,114.39585179805552,17470960
2006-03-03,111.02886199951172,113.29515436068932,110.11290688896557,112.43030585411917,13667856
2006-03-06,112.23372650146484,113.0946398640068,110.8578314305187,111.01507658148397,10632720
2006-03-07,110.83817291259766,112.43028002483749,110.18953668168514,112.43028002483749,18575472
2006-03-08,110.11682891845703,111.9349762918687,109.01021981557953,111.05440713271265,27120256
2006-03-09,111.76201629638672,112.2337518558509,109.28540460919982,109.56058368555392,14531072
2006-03-10,114.533447265625,114.94621582450232,111.72268993612708,112.43029317991677,19642368
2006-03-13,115.3864974975586,116.92749815953806,114.395854900392,115.02483554589243,17846048
2006-03-14,115.27839660644531,117.83166310900525,114.23861484983118,117.83166310900525,14881840
2006-03-16,114.85974884033203,115.53590122538655,114.18555434212868,115.41796733505781,20640000
2006-03-17,113.13591766357422,115.92898655309348,112.6327312653122,115.92898655309348,13591168
2006-03-20,116.63268280029297,117.1869759249432,113.01997845830651,113.01997845830651,14761520
2006-03-21,116.35161590576172,117.8552730755887,114.98554828088623,116.75455671597679,16013216
2006-03-22,114.78900146484375,116.36145353970463,114.04208672928483,116.36145353970463,7442064
2006-03-23,113.62731170654297,115.96830085170697,113.21651066200546,114.78896219897776,15045728
2006-03-24,113.85926055908203,114.59044480697735,113.21651711770185,113.62731818566357,10750080
2006-03-27,113.18897247314453,114.3958268715024,112.82731061009159,114.3958268715024,9298704
2006-03-28,116.36141967773438,117.04936726028855,113.41307289535935,113.99094694520825,17541456
2006-03-29,119.37068176269531,119.66158142630918,116.01153445276961,117.16138951374788,13873744
2006-03-30,119.62428283691406,120.84293310570943,118.41546039286703,119.70684040379423,17695040
2006-03-31,117.20266723632812,119.86011407682757,116.7545224034693,119.86011407682757,15430112
2006-04-03,123.5219955444336,124.02714958061019,117.93389817490667,117.93389817490667,25084640
2006-04-04,123.93669128417969,125.24182407916993,122.65710698647423,125.08851390049716,18142096
2006-04-05,122.44485473632812,125.12785059017013,121.90432443610354,124.02713434244008,15241792
2006-04-07,124.49884033203125,135.5846227676589,124.0172770879304,132.28444229186823,62828320
2006-04-10,125.3755111694336,128.54793065791662,124.75242332404008,126.54305467517847,17288448
2006-04-12,120.90775299072266,127.36463171856255,120.51071476046793,126.77889739594306,27119824
2006-04-13,118.67488098144531,123.62220062447575,117.2262562362467,121.70774289316559,41107040
2006-04-17,126.97348022460938,127.55725663278724,121.86891574008766,122.84776287568855,41311184
2006-04-18,131.14244079589844,131.57486491123265,127.97198964382703,127.97198964382703,25208544
2006-04-19,128.8938446044922,131.96798520602997,127.76167766446153,131.6928062079834,14768784
2006-04-20,128.80740356445312,129.3341711215164,127.21725387374016,128.94105813938413,12678016
2006-04-21,129.79412841796875,130.69828839548387,127.84035855996589,129.33418808803438,15791040
2006-04-24,125.98483276367188,130.1203788361894,125.20646724872002,130.1203788361894,17742992
2006-04-25,123.51016235351562,126.18922253819211,122.25809411021105,126.18922253819211,20161728
2006-04-26,126.77694702148438,127.56514033193798,123.83056765658078,124.22368056977628,13430896
2006-04-27,123.15046691894531,127.0540796392389,122.33672519718796,127.0540796392389,30133936
2006-04-28,123.42369079589844,123.90918907813885,117.96924917642136,123.43745358672462,14637024
2006-05-02,124.39073944091797,127.17201298613246,123.90917617690556,125.37941446640771,15986176
2006-05-03,124.67186737060547,125.47971659834431,123.40604528400162,124.89201451500894,11678928
2006-05-04,126.24032592773438,126.75529798025919,124.69539057519737,124.69539057519737,7749232
2006-05-05,126.27174377441406,127.7223259083428,125.40296080258956,126.38574262706128,8049840
2006-05-08,126.90670776367188,127.34895990100365,126.58238952962857,127.17205904607094,4936400
2006-05-09,127.2565689086914,128.2727698363368,125.05513614410823,126.46445006542922,9276272
2006-05-10,128.00743103027344,128.6265840556022,127.17206583736953,127.17206583736953,7891680
2006-05-11,127.9995346069336,128.6560312657389,126.39169700098537,127.87963324648953,8911760
2006-05-12,127.4590072631836,129.13759755544254,125.44233601199913,127.17203290467477,8930512
2006-05-15,123.87382507324219,127.72239700107059,122.29743831035105,125.40303060431368,14559856
2006-05-16,123.83253479003906,129.72726098721924,120.33186238844792,124.22368021806449,13823072
2006-05-17,126.11849212646484,127.72239484923924,124.42024613660887,125.39909352314501,10362320
2006-05-18,119.26848602294922,125.524883566419,117.93386965089648,125.524883566419,16559056
2006-05-19,116.92945098876953,123.63399263611633,115.26265632608614,122.6512105006941,20115264
2006-05-22,111.00328063964844,121.77457341905337,109.08882285711198,118.9048494303798,21428240
2006-05-23,114.4214096069336,115.77175634248536,108.94535424298213,111.25095770771938,16092064
2006-05-24,112.4676284790039,115.61449903073795,110.51189188370326,115.57518774239018,18099376
2006-05-25,112.71070861816406,114.2388552270387,111.53321241494179,112.76848557852277,27061504
2006-05-26,116.92259979248047,118.5344302270019,114.23886510244172,114.36239632083802,14654752
2006-05-29,118.25546264648438,118.9049790555031,116.67351832255801,117.15168847961768,6655264
2006-05-30,120.59852600097656,122.92960605088804,117.8091994455269,118.50653108438932,16896048
2006-05-31,115.9503173828125,119.50272012676501,113.56543926684904,118.34714197282163,19133968
2006-06-01,112.76251220703125,118.14790082724058,111.77628605341432,117.51034048550842,23703648
2006-06-02,114.9999008178711,115.55776589460366,111.97149040132285,113.56539062055877,16122752
2006-06-05,112.53937530517578,116.51416602366433,111.98150994117739,116.27508086766503,16765696
2006-06-06,110.1943130493164,113.32433726869586,109.40334572107213,111.57304094665898,11165872
2006-06-07,110.10867309570312,111.17459438596282,107.58831714770595,109.74008349066007,15958592
2006-06-08,107.73973083496094,110.99128276009537,103.81674427958673,110.99128276009537,26215328
2006-06-09,111.35989379882812,112.56927020370432,106.91689428459343,106.91689428459343,14375360
2006-06-12,110.10667419433594,113.48574610841233,108.58450075330884,111.5730649942256,12858304
2006-06-13,105.16159057617188,109.58067651215744,104.41444959995262,109.46113395596235,14349504
2006-06-14,99.02903747558594,108.34538797135856,97.62640696205534,107.3770914586678,34819152
2006-06-15,108.66617584228516,110.0189971318927,101.21269565918416,102.0096460187053,19508336
2006-06-16,111.61883544921875,116.1036741111685,110.01896200465247,110.01896200465247,24844288
2006-06-19,114.4101791381836,115.1593143397757,110.5768502743521,111.57303811466157,17583840
2006-06-20,113.3263168334961,114.36235207880935,111.61287392778571,113.88418196558786,11280512
2006-06-21,116.48426818847656,116.95247656997476,111.97153634127056,112.56924916871506,13676704
2006-06-22,117.62389373779297,119.33135395760688,116.79506346113263,119.33135395760688,12335936
2006-06-23,119.205810546875,119.94099509939657,115.15929429809172,116.7950363928838,10917136
2006-06-26,115.56575775146484,119.50269406652491,115.15931505577092,119.50269406652491,10961984
2006-06-27,118.2455062866211,118.74559454489734,113.25062612493362,115.75703092380093,16200736
2006-06-28,118.52644348144531,119.30347009024955,114.7608529926248,116.80303831063593,8796528
2006-06-29,119.28954315185547,120.33952936065027,118.95482782247723,119.30349367741289,12236576
2006-06-30,122.68855285644531,124.72277124690329,120.53878051817331,122.88978483241206,14027008
2006-07-03,125.69303131103516,125.91816591252562,122.0270593920629,122.92960184814606,9845760
2006-07-04,125.50570678710938,127.10160151854976,124.92194465321435,125.91813240961956,9697200
2006-07-05,127.27696228027344,127.68340502185062,123.96762393491963,126.71510838005923,16354128
2006-07-06,126.07157897949219,127.11358772733972,124.52349894919642,125.36428550546074,7380336
2006-07-07,123.7265625,129.10597826086956,123.21053900787795,127.1136020531401,11325776
2006-07-10,127.0358657836914,127.31280405340209,123.57112647351994,127.07371897536753,12224528
2006-07-11,125.4479751586914,128.50826699752162,124.92198977898612,127.47223135661136,12966096
2006-07-12,134.9097442626953,135.48156003242661,127.71129408939038,131.496808266767,68016688
2006-07-13,134.04307556152344,143.37138436679837,132.77194349921405,139.30693711682244,11386312
2006-07-14,131.39720153808594,132.3774544538084,129.10596906244078,131.49682034137484,13901696
2006-07-17,127.93041229248047,131.15407149237373,127.51201349818953,130.77950884408062,12418848
2006-07-18,129.86703491210938,131.0983191857475,127.91051811132202,128.33688455934706,10584456
2006-07-19,127.87464141845703,132.3734211663776,127.28090771405701,132.3734211663776,11589456
2006-07-20,131.32545471191406,135.37794508716104,130.1419854488274,135.37794508716104,12027920
2006-07-21,127.67945861816406,130.28549301798972,125.95804720127079,130.28549301798972,9124336
2006-07-24,128.4126434326172,129.074106538786,125.28062394268991,127.48817303047271,10318504
2006-07-25,128.36480712890625,131.01068850196916,127.51207402522226,129.8232303669294,10798144
2006-07-26,131.20997619628906,131.87941678610542,127.51212269252525,129.51246717158367,12250056
2006-07-27,132.1623077392578,132.8835519614585,129.54432682658478,131.0983805781187,14483288
2006-07-28,129.9188690185547,132.45716419066284,128.33294527697856,132.3814480547244,6279120
2006-07-31,131.93910217285156,133.0906913896247,130.43286425875073,131.09831577001955,14844888
2006-08-01,132.13438415527344,132.98711724247923,130.7795683949359,131.49682379746753,9172848
2006-08-02,132.8237762451172,133.8080083093359,131.49685152495786,132.0547169556698,9437032
2006-08-03,133.32579040527344,136.83636020641225,132.1423212099713,133.13453012480193,19218896
2006-08-04,133.939453125,135.15480232351524,133.09069911609518,133.48917426314935,9383824
2006-08-07,133.3776397705078,134.68065195129748,133.08277196352304,133.88769005927077,5687424
2006-08-08,134.22637939453125,134.68462590278037,133.41747274298564,133.48920022908703,3511136
2006-08-09,135.6449432373047,136.11912482175893,133.09071337958864,134.04705383501084,9770304
2006-08-10,136.1669464111328,136.91608174938776,134.76431562177805,135.48157099764796,8956856
2006-08-11,138.84471130371094,139.46633658097454,135.88404799844022,136.27853460198085,12244656
2006-08-14,139.90464782714844,140.63385941544763,138.6773422206666,139.62571517696617,6330792
2006-08-16,139.64964294433594,142.25566724280213,138.69728123976017,141.06024146765253,9409016
2006-08-17,140.0719757080078,141.311237253278,139.03196145607188,140.26723435868462,8248312
2006-08-18,140.4226531982422,140.96059469034668,128.30900774640745,140.66173830584418,4419160
2006-08-21,143.2996368408203,143.45105934914616,139.386612667587,140.58203816216323,11419320
2006-08-22,141.9488067626953,144.16831143585978,141.47461549003313,143.53075118628163,4609584
2006-08-23,140.89285278320312,143.01273874536798,140.10386999964163,142.56245985685683,6302656
2006-08-24,140.81320190429688,141.45872993748637,139.06787816389505,140.26330405069072,8702912
2006-08-25,140.7971954345703,141.85315450575874,140.26324266351668,141.37897300288554,5107408
2006-08-28,141.27940368652344,141.62607521766554,139.06786598955486,140.79724472969824,4842896
2006-08-29,143.913330078125,144.32774046086575,141.6978037213801,141.85719382680347,8916176
2006-08-30,143.5467071533203,144.24802742109176,142.7378102518824,144.24802742109176,5320704
2006-08-31,143.96109008789062,144.9652454222113,143.4550286424588,144.08860017776692,9828312
2006-09-01,144.28787231445312,144.64650000040453,143.4630305824446,144.24802479379184,4831256
2006-09-04,147.25250244140625,147.83428004940157,144.33965494377844,144.4073937733238,6050408
2006-09-05,146.2364044189453,149.02971936034743,145.44344269124815,149.02971936034743,2980088
2006-09-06,146.23240661621094,147.43579957517218,145.82197528252502,147.43579957517218,5890136
2006-09-07,144.0009765625,145.81005016508135,143.37138377091128,145.41954250485045,10036408
2006-09-08,142.6062774658203,144.96524822350315,141.69775224925155,144.00890793835634,9983680
2006-09-11,138.15536499023438,143.54274870420298,137.0834606750541,143.54274870420298,7521536
2006-09-12,141.18373107910156,141.85715017593753,137.163111069942,138.66934904838837,8129760
2006-09-13,144.2041778564453,144.64648919410047,142.65411330988422,142.65411330988422,9154136
2006-09-14,145.9455108642578,146.71854875613334,144.6464779969484,144.67436931148876,10625664
2006-09-15,144.2998504638672,146.24042306954598,142.57843925515908,146.24042306954598,7885912
2006-09-18,144.83377075195312,145.44343971892022,144.2878617047151,145.44343971892022,5744536
2006-09-19,144.75807189941406,146.21648528729978,143.61046138330178,144.88558201711578,9704216
2006-09-20,145.87777709960938,146.559173559721,143.1561993591824,143.4510671057628,7179560
2006-09-21,146.48741149902344,147.4357841644632,145.6546024473987,146.63883397979043,7663592
2006-09-22,145.84197998046875,146.47954054868939,144.35566496012396,145.3638095543033,5416664
2006-09-25,144.77003479003906,145.76223418771013,144.4074184516844,145.76223418771013,3144312
2006-09-26,146.626953125,147.16489477607323,145.12470320064602,146.2404340325016,5966920
2006-09-27,146.45556640625,147.58724177489142,146.04514474616897,146.64285752694497,6157840
2006-09-28,148.08535766601562,149.44415241828875,145.2043796907955,146.63889057687362,8825544
2006-09-29,147.40794372558594,149.66729633317854,147.0453273750591,149.66729633317854,3980408
2006-10-03,144.9015350341797,149.4282177347853,144.40742961889651,149.4282177347853,8849912
2006-10-04,143.4470672607422,146.63885714595745,143.05258074836607,146.07302437112804,13197136
2006-10-05,148.64718627929688,149.0297263666777,144.64649912059895,145.3637544881391,9789080
2006-10-06,149.31265258789062,149.80276932252292,147.06524652494744,148.63125607484747,6755016
2006-10-09,151.11373901367188,153.01047496510904,147.47565880564295,148.63123678601679,10756312
2006-10-10,151.91465759277344,155.4053036900943,151.42454095616066,152.44065255721128,16808400
2006-10-11,157.79615783691406,162.92851966375372,155.80378210664998,159.3900584211253,28620128
2006-10-12,160.98793029785156,161.38241675856963,157.07888564500777,160.62531406266524,18510200
2006-10-13,166.48695373535156,167.35562202706708,161.7809569820267,161.7809569820267,24227584
2006-10-16,167.38348388671875,171.0096079355636,166.60246866176232,167.27987645110696,17926504
2006-10-17,165.02452087402344,169.34398829298593,163.54617394195412,168.07684489795366,13177320
2006-10-18,165.23178100585938,167.26400514921525,164.17183275737594,164.1837792343216,12554088
2006-10-19,165.24774169921875,166.46203109012555,164.56869610847988,165.36757327405502,7731416
2006-10-20,164.89620971679688,166.96529334959598,164.1692238437415,166.96529334959598,7461600
2006-10-23,163.0947265625,167.76415840397772,162.5714582629022,167.76415840397772,6216096
2006-10-26,165.63516235351562,166.1664077305444,163.09472971917646,163.09472971917646,12725480
2006-10-27,167.1690216064453,168.96249668945063,164.20917822466467,164.20917822466467,6841680
2006-10-30,169.9770965576172,170.5602808096308,165.36757905196052,167.36477203567986,5696096
2006-10-31,167.4046630859375,170.56022700476095,166.7336142566317,170.56022700476095,8534712
2006-11-01,168.039794921875,169.18619132932062,166.25431635643196,167.44463540006066,4436984
2006-11-02,166.54588317871094,167.7641706081271,165.92675350146666,167.2049567061,5602288
2006-11-03,165.7589874267578,167.34876442138204,164.49277903441813,166.92535569401645,5849680
2006-11-06,165.36752319335938,166.95728046986935,164.21314993946663,166.95728046986935,3260760
2006-11-07,167.95193481445312,170.45640281907745,166.17443326807052,166.17443326807052,9325976
2006-11-08,169.8292694091797,171.91832489576205,168.3673206452197,169.36191857760946,13629480
2006-11-09,170.73199462890625,172.39766101812637,168.5870215312357,170.95568409540547,9479912
2006-11-10,170.94371032714844,172.39366433122242,170.48035775020963,171.3591224808808,12313296
2006-11-13,172.56939697265625,173.03674779107624,170.56022924004975,170.95966771602178,8334936
2006-11-14,176.59576416015625,177.90991296177896,173.7477558718267,173.7477558718267,18079232
2006-11-15,177.56240844726562,178.96044335350547,175.13382989738878,177.14699626160711,7553520
2006-11-16,175.7489013671875,177.72612148827292,172.08206458052416,177.11099024025648,12040896
2006-11-17,174.6664581298828,176.4639313660047,172.57740259254544,175.9127140417938,4314648
2006-11-20,180.0509033203125,180.73792584243716,171.93830343229993,173.35631011643204,19513432
2006-11-21,180.2666015625,180.9456470370319,177.01117766989114,180.9456470370319,22702552
2006-11-22,177.7940673828125,179.66742997062372,174.14718232428422,175.7529328303122,13906048
2006-11-23,178.7127685546875,179.34787181692548,177.79406007990147,177.79406007990147,6254504
2006-11-24,178.58900451660156,179.48374311218183,177.538488762157,178.14962204071637,3503792
2006-11-27,177.17495727539062,178.9005200130268,176.7954906740156,178.54902191012897,3800096
2006-11-28,172.94888305664062,175.96864217678893,172.55744110751368,175.96864217678893,10662840
2006-11-29,172.2898406982422,175.66111802977562,170.32061623421743,174.94610734448406,12407320
2006-11-30,174.13121032714844,175.35349599957482,172.55742658728093,173.74774547841022,10146224
2006-12-01,175.3574981689453,176.23226457511325,174.55462289058136,174.87417368763505,4253008
2006-12-04,176.3320770263672,176.8912907716088,174.24302205103132,175.59311600586932,5804192
2006-12-05,178.87660217285156,179.6674828016125,177.3507389148865,177.3507389148865,10435272
2006-12-06,179.659423828125,182.1439388659429,177.52642633954005,178.94843116654042,14148624
2006-12-07,177.654296875,180.05092822189584,176.07251628528158,179.6594667329347,12853768
2006-12-08,175.3974609375,177.97383951664173,174.9740521849671,177.75015003380972,8887960
2006-12-11,175.33750915527344,178.54899045189708,173.1605695625154,176.55179816496312,11614536
2006-12-12,172.89694213867188,177.83000725456097,171.05552688695423,175.5931518173967,15534088
2006-12-13,171.73056030273438,174.1551594293493,169.78530680681925,173.0367317999865,12483816
2006-12-14,175.44137573242188,176.36406301155742,172.637309821343,173.35629908020098,7347976
2006-12-15,178.42916870117188,178.94843872425565,175.35349241059873,175.35349241059873,8628504
2006-12-18,177.710205078125,180.54621869029558,174.32297408653125,178.78868912782366,15773392
2006-12-19,172.36569213867188,176.72754842154555,170.56022249712305,176.5557976852003,17929632
2006-12-20,173.41220092773438,175.67302640524827,171.83841737048158,172.95684500562186,10131408
2006-12-21,172.85304260253906,173.7557776700519,171.35914625391325,173.7557776700519,6686032
2006-12-22,173.65988159179688,174.23506911589715,172.5614257456971,173.35630443901735,4135512
2006-12-26,177.30674743652344,177.72615785104992,172.95686618091543,172.95686618091543,6068072
2006-12-27,179.9590301513672,180.482298517804,177.75014291843135,177.75014291843135,8637552
2006-12-28,179.60353088378906,181.8164163672106,178.9883994683735,181.74452523568388,8981616
2006-12-29,179.0922393798828,181.00954406874837,177.857978387192,179.90708997188432,6093568
2007-01-02,181.55682373046875,183.5020975640831,178.79671853648284,179.9870377935913,8629864
2007-01-03,184.64842224121094,185.33944296625538,181.5567529990109,181.5567529990109,10889256
2007-01-04,182.56736755371094,185.7389053923316,181.7485186159598,185.4353282268377,8777064
2007-01-05,181.74853515625,184.1411681254866,180.19072484022095,182.6233016637147,7021952
2007-01-08,176.2003173828125,182.14395440937477,175.1537807204185,181.74851419859468,18481368
2007-01-09,174.9620361328125,178.58493114017298,173.62789611847364,177.03111948409537,13416408
2007-01-10,172.91287231445312,175.75288302962906,172.03010961483443,175.75288302962906,15159184
2007-01-11,174.39488220214844,176.94329251433274,167.37673862349112,174.23510677182125,34092208
2007-01-12,177.622314453125,178.28538630150075,175.75294996862868,175.75294996862868,13832688
2007-01-15,179.18408203125,179.55157318964993,178.149540394746,178.3852051684933,10134760
2007-01-16,177.5264129638672,179.74729454838652,177.03910977872272,179.36382975258402,5113808
2007-01-17,176.18833923339844,179.3479019411917,175.52526736554378,179.3479019411917,8803400
2007-01-18,177.6822052001953,178.38921908722807,176.23225136875286,176.23225136875286,7906152
2007-01-19,175.94068908691406,178.78867787439864,174.55462964949106,177.75013774376092,11551144
2007-01-22,180.06686401367188,180.54619018229744,176.10442655150115,176.95124391760567,9721392
2007-01-23,178.56097412109375,179.58753880592548,177.36265869311828,179.58753880592548,6907168
2007-01-24,178.4730987548828,180.3065173499883,175.83280668468066,175.83280668468066,3660880
2007-01-25,179.0283203125,180.12277780766468,177.462513725548,179.02832031249997,6798352
2007-01-29,179.2999725341797,180.14679008066085,176.7395869744612,178.5490358449122,6550912
2007-01-31,179.5316162109375,180.14674754569313,177.4585344803021,178.94843215181933,9171104
2007-02-01,181.2611541748047,181.74447855700777,178.81660278090663,179.74728648495272,3367264
2007-02-02,180.98953247070312,182.14390551497772,179.11617032571155,181.74446712569048,9842920
2007-02-05,181.28915405273438,181.856344997101,178.54900215469456,178.54900215469456,7299072
2007-02-06,181.58071899414062,182.69914664126384,180.54617732131774,181.34505421212003,6560944
2007-02-07,188.29933166503906,189.3338736137649,180.19072906090526,180.19072906090526,14498464
2007-02-08,189.62937927246094,190.13267554968155,186.4258950547819,188.93436036764572,6571448
2007-02-09,188.63482666015625,191.57069955788447,186.77743768404247,189.68534208597362,6304808
2007-02-12,187.83595275878906,189.30987690837853,184.62846943718964,186.53777764668683,4868088
2007-02-13,184.07723999023438,188.4151461318141,181.87235110604394,187.81598836374602,7561016
2007-02-14,182.515380859375,184.93997975619814,180.68196249862672,182.319659943552,9642200
2007-02-15,190.3683624267578,192.92876673072033,183.34224416024978,185.73087823252663,9978848
2007-02-19,189.82119750976562,191.73050599711934,188.77066241002169,190.29252720214095,3086648
2007-02-20,188.5309295654297,190.75580929095673,187.81593871862765,189.73724135447756,2471920
2007-02-21,184.61251831054688,189.4936656444926,183.9095220006017,188.53501303583582,9348720
2007-02-22,182.7431182861328,186.53778413032572,181.34508350143014,184.3808161767845,10388800
2007-02-23,178.7646942138672,184.62046625683436,176.72755795703063,181.98417227739884,11559176
2007-02-26,177.20286560058594,179.50763317835083,172.1579659543151,178.46909324451968,11670248
2007-02-27,174.7144317626953,178.14960348916804,172.97687397081665,178.14960348916804,8956896
2007-02-28,165.970703125,174.1551944881367,163.7697929819634,174.1551944881367,25000392
2007-03-01,172.4895477294922,174.55065462574396,165.84689219480413,166.16644304681722,13634656
2007-03-02,167.24488830566406,174.07528618010124,165.76696595856362,173.64390043166946,12168104
2007-03-05,160.34661865234375,165.99866436796145,159.77541957697252,165.99866436796145,13950768
2007-03-06,168.91848754882812,172.05407873774087,160.81388696258205,160.81388696258205,14552864
2007-03-07,166.59381103515625,173.1485807464597,163.7937434504335,173.1485807464597,10270272
2007-03-08,170.62017822265625,171.4390272577878,166.2662979870787,166.96531545609344,12261208
2007-03-09,169.43780517578125,171.75854664870812,167.4725795536348,170.18876122156786,8085208
2007-03-12,168.98646545410156,171.2752403895334,167.76417967286105,169.36193376498352,9065944
2007-03-13,168.16761779785156,170.15681385657646,165.3515761884493,169.12227197459836,11465824
2007-03-14,161.37315368652344,166.94132246494036,160.75402401272615,165.7669771779882,16009280
2007-03-15,166.11846923828125,168.1556055105306,162.65135099214274,163.84966644640707,17149040
2007-03-16,163.56602478027344,168.1635646162725,161.77255028406262,166.96524942898316,7567776
2007-03-19,166.74562072753906,167.10511541829194,163.5461140790715,165.36755774631973,5461816
2007-03-20,164.24110412597656,168.45917831701604,163.76977452764922,167.764159272226,5378584
2007-03-21,167.2808380126953,167.7641624767877,163.63797075835578,164.69648273588788,9258712
2007-03-22,169.2860107421875,171.35909236443172,167.7641463707723,168.56302325825217,7974344
2007-03-23,167.17298889160156,170.56021916625153,166.24628388054774,169.3619038091116,10877280
2007-03-26,164.42083740234375,168.1635833900146,162.98685730223053,168.1635833900146,15948600
2007-03-28,159.1403350830078,162.1720701287356,158.81678591917557,162.1720701287356,21473904
2007-03-29,159.032470703125,162.0921740951914,156.50802085389898,156.7317103571634,25927192
2007-03-30,161.26528930664062,162.1480424405986,159.37594346505526,159.37594346505526,14493552
2007-04-02,153.6200408935547,159.7753917619502,152.74527452442442,159.7753917619502,14738880
2007-04-03,156.9513702392578,157.73826212627327,152.58550552604808,153.78382101447255,17553760
2007-04-04,159.32005310058594,159.76342400973203,155.7969975280489,158.17765502464113,12089584
2007-04-05,159.1602783203125,159.76742292696795,155.43351493757862,158.9765326983365,6129800
2007-04-09,163.5740509033203,164.0893226261854,156.57987942907664,156.57987942907664,6112144
2007-04-10,159.68353271484375,164.888218500152,158.26552599082356,163.76979066148814,11851632
2007-04-11,159.47581481933594,162.89101385929916,158.79676939618534,160.17483216669683,12324768
2007-04-12,163.438232421875,164.24109787382278,156.57987602689633,158.8966190905596,18025880
2007-04-13,166.71766662597656,170.32061041710392,161.88047127602275,167.76420350652825,37096144
2007-04-16,170.0569305419922,172.23786849184353,166.7256175985517,171.75854232720945,13423280
2007-04-17,166.38609313964844,170.0010112597152,165.05197256295358,168.5630327810146,13779368
2007-04-18,165.87083435058594,167.6603110176151,164.82429768574178,166.68568498461113,9491616
2007-04-19,162.96290588378906,164.36093075064625,161.79254923826187,163.7817449800118,12689648
2007-04-20,164.17723083496094,167.34876883211976,163.70188338573084,167.34876883211976,7901224
2007-04-23,165.30760192871094,166.14642267064713,164.58061615083403,166.14642267064713,6204520
2007-04-24,164.40089416503906,165.67112032929967,161.77259657044038,161.81254042144542,10435904
2007-04-25,161.2533721923828,163.76983551864492,160.73410198220174,163.45028462007195,11769504
2007-04-26,161.2812957763672,163.7618032344847,160.41451610338328,162.57148419839888,11592024
2007-04-27,160.1868438720703,162.5475198545909,159.05643082366822,162.1720515178536,13179936
2007-04-30,163.83767700195312,164.56864156465224,160.17481861025618,160.17481861025618,7900544
2007-05-03,166.29820251464844,167.22490752256394,164.32897875261628,164.32897875261628,8526624
2007-05-04,165.51934814453125,166.9653235809053,163.941565780549,166.1904166497421,7354320
2007-05-07,163.1186981201172,165.76697732266743,162.61141317604316,165.52731422292382,7725136
2007-05-08,159.95513916015625,162.57146120160718,159.38793846949207,162.17202272199634,11778832
2007-05-09,158.22555541992188,160.29464852242592,157.77818631038684,159.93515392070606,11830928
2007-05-10,157.7142791748047,160.94973073217508,157.37875476591773,160.49437478412625,12493392
2007-05-11,159.82333374023438,161.37315710039377,155.86090569448925,157.37877202365135,12702344
2007-05-14,159.92718505859375,161.6687310290929,158.38934686745878,161.213375049887,7335704
2007-05-15,157.65435791015625,159.775379980159,157.21897390047644,159.6954922901689,8705704
2007-05-16,155.9168701171875,158.3374721030832,154.66263672632144,157.61848257284723,15668240
2007-05-17,158.45726013183594,158.89664250175028,156.57989909674737,156.57989909674737,17139072
2007-05-18,158.32943725585938,160.2467420882583,157.21899625671165,158.09776097156117,9588872
2007-05-21,156.61183166503906,159.13628075474125,155.8009696495653,158.66095289321288,13263216
2007-05-22,155.5213623046875,156.6517750816335,154.26313117264755,155.78898411889708,19028016
2007-05-23,153.84368896484375,156.10051576648303,153.3923216541332,155.78096506890577,10531456
2007-05-24,154.74246215820312,155.77301535372865,153.22459598318719,153.7838098371404,19166928
2007-05-25,158.6169891357422,159.1362590573651,152.18603087564284,155.7809764868785,17904664
2007-05-28,157.50262451171875,160.86988381411348,156.23240792426574,156.23240792426574,13356216
2007-05-29,156.0765838623047,157.77819564521943,155.40553503425764,157.77819564521943,6663480
2007-05-30,152.27789306640625,156.55987047956728,151.8664695913547,155.38152727784583,20476856
2007-05-31,153.66400146484375,154.91024771973798,152.5855174410458,153.38439449571095,13968520
2007-06-01,154.86627197265625,155.7729952254489,154.34300374759093,154.4228914306901,7742200
2007-06-04,153.08885192871094,157.27496093386745,152.48969398882178,155.78106437117833,9405184
2007-06-05,155.23779296875,155.7810332933091,152.42574949929937,153.3844020118736,14302728
2007-06-06,155.3700408935547,158.22759800183425,154.70074171405273,158.22759800183425,16488016
2007-06-07,156.87698364257812,158.06729575356985,148.035791736012,148.035791736012,13315048
2007-06-08,156.37200927734375,158.3077746560165,153.21787911644333,156.29586514769747,20947712
2007-06-11,158.6924591064453,159.9909791718382,157.90692834094253,158.22755154569572,18446208
2007-06-12,159.4700164794922,160.22348320390444,157.26573125547307,157.26573125547307,9489648
2007-06-13,159.40988159179688,160.2314787187942,137.46722661467336,137.46722661467336,6143208
2007-06-14,161.8506317138672,162.7964743264218,159.91086473717945,159.91086473717945,15894848
2007-06-15,161.06512451171875,163.35757926080453,160.3116577633018,162.71633262975132,8519312
2007-06-18,159.46600341796875,162.63617023613452,159.15340352566594,162.31554693354974,9880776
2007-06-19,156.83285522460938,159.57819170547808,155.6625823604965,159.51006122419568,14005784
2007-06-20,156.64051818847656,158.22760752738213,156.31589294959622,157.58636089099963,6835384
2007-06-21,156.9811553955078,157.58633572581056,155.11753265612577,156.62446592483917,6758680
2007-06-22,156.36795043945312,157.4821083164259,155.1014847893311,157.4821083164259,6673960
2007-06-25,155.23377990722656,157.33787030621207,153.81902764393175,156.36798678398998,5557352
2007-06-26,154.07151794433594,156.14354402282245,153.89918096705293,154.70073920125634,6085936
2007-06-27,155.12957763671875,156.00327810687352,154.54043426592273,154.78090174662697,5488248
2007-06-28,154.303955078125,156.11146282971342,153.3460872212008,155.5022805946223,8399232
2007-06-29,154.62460327148438,157.90698050051705,153.89918911725522,156.3038639472123,13776528
2007-07-02,155.8108673095703,156.6965929125476,154.62055550329347,155.82289263784475,9189768
2007-07-03,156.09547424316406,156.54835666554357,155.1255906015194,156.30387745617608,5633960
2007-07-04,154.78489685058594,157.18555969494463,154.05948278107272,157.18555969494463,5838480
2007-07-05,153.6427001953125,155.50231155364145,153.09763663270886,154.7929344088958,7673904
2007-07-06,158.05123901367188,158.44399467717636,148.0237387876461,148.0237387876461,17535640
2007-07-09,159.81072998046875,161.06517102163414,159.2175747185329,159.4299896833366,14444344
2007-07-10,161.954833984375,163.6741724060597,159.91086057848457,159.91086057848457,17479504
2007-07-11,154.6727294921875,160.311691275887,154.30000285304126,160.311691275887,37621888
2007-07-12,154.0755157470703,157.08135904500227,153.49839774772582,156.30385149246234,31228624
2007-07-13,155.48626708984375,156.97716341885808,154.06350125245137,154.87307309595386,26942344
2007-07-16,155.16964721679688,156.70463317645198,154.5404259663424,155.9030749504855,13679896
2007-07-17,155.38604736328125,157.00117908600575,155.02133451867883,155.5022693724079,8854256
2007-07-18,155.86700439453125,156.66455089325297,155.11753964645018,155.59046094350228,6772224
2007-07-19,160.0311279296875,160.31167335806413,155.98325817739638,156.14356985075446,16677152
2007-07-20,159.20948791503906,161.834590862411,157.95104553046244,160.31163037385934,13050288
2007-07-23,156.12750244140625,159.02112544435212,154.79690806704374,158.23559453307635,15034016
2007-07-24,158.31581115722656,158.70056313596803,155.546432519336,156.12756240900114,8892384
2007-07-25,159.41786193847656,161.1131590767351,155.9030320419153,158.38786185852166,11647192
2007-07-26,163.06494140625,164.3193815688137,159.91081279501626,160.15128018267794,22691384
2007-07-27,160.9408721923828,161.5139883013492,157.2376769700021,160.39180674491303,13866488
2007-07-30,159.22152709960938,161.11320254570433,157.61439895140194,160.9408655711267,5598216
2007-07-31,158.3718719482422,163.11709254477734,156.72466594504957,159.5100806703228,7234104
2007-08-01,154.66065979003906,159.3497754146658,154.13964694285832,159.3497754146658,11838920
2007-08-02,152.2319793701172,156.30390027577658,151.69493911379857,156.30390027577658,11826664
2007-08-03,153.63067626953125,154.17172813169182,152.13576805640997,152.37623555070357,6699184
2007-08-06,149.51463317871094,155.4862408987729,149.11785605672546,155.4862408987729,9018400
2007-08-07,150.56869506835938,152.2960568906352,149.33830519725106,150.29216140523212,11022904
2007-08-08,157.68650817871094,160.15129919484787,151.49447221134255,151.49447221134255,24515808
2007-08-09,155.04141235351562,160.71243725929887,154.2999709347383,159.51009982344377,10244784
2007-08-10,157.09739685058594,157.6665012275232,148.69706282557118,148.69706282557118,14852240
2007-08-13,156.29583740234375,157.90696744831357,153.99535946771516,157.90696744831357,6277472
2007-08-14,156.73675537109375,157.18562618654758,155.07352143770729,156.30391181222222,4490672
2007-08-16,153.3461151123047,154.46028309676134,149.2661814430633,149.8914008256065,14135888
2007-08-17,148.6529541015625,153.81498018616443,139.7235953459977,153.81498018616443,27524232
2007-08-20,146.62098693847656,153.49835856233307,145.92363538523622,153.49835856233307,13752864
2007-08-21,141.1824493408203,148.29627825198236,140.45303334742187,146.76530407141072,20084032
2007-08-22,143.37474060058594,144.9538164478574,140.27271364693854,141.47505119248373,9464336
2007-08-23,145.20626831054688,148.28424373078565,143.65524548679088,148.20809962158236,13791248
2007-08-24,146.3324737548828,146.96570673620047,142.76955120873382,142.76955120873382,7405424
2007-08-27,148.1038818359375,148.36839991495972,145.5869973042097,147.4065302234527,5364912
2007-08-28,150.71302795410156,151.81517082572444,146.3645733515168,146.68519673235255,10137472
2007-08-29,147.26629638671875,149.89139977856257,145.92368625501237,147.56688074456346,11615696
2007-08-30,149.5066375732422,149.92345372482185,147.56687056495414,148.28827297401693,8973008
2007-08-31,148.6529541015625,151.09369448320265,148.12792965780292,151.09369448320265,7885336
2007-09-03,149.14190673828125,149.89136158929884,148.689024464251,149.4905825476162,4769872
2007-09-04,151.47047424316406,154.11561674154038,142.27660407933323,154.11561674154038,5593768
2007-09-05,151.89927673339844,154.2959277048192,150.95343422991448,151.01355108942462,8701272
2007-09-06,152.6006622314453,153.01746860398833,150.37232640182407,150.37232640182407,3881216
2007-09-07,152.9773712158203,154.29994214852192,152.37620261004685,153.17776075107813,5357776
2007-09-10,150.0115966796875,152.67276562704558,149.54268715354075,151.69486867021567,5928440
2007-09-11,146.10800170898438,151.1738445477338,145.4827825313557,151.1738445477338,7806928
2007-09-12,146.03187561035156,149.57075694516334,145.33452390501216,146.28436839492127,7977880
2007-09-13,147.02584838867188,149.25017293155625,146.16417311530225,146.28440687437708,9630800
2007-09-14,147.2542266845703,148.92948495776244,146.70917308403665,147.48668047485626,9550288
2007-09-17,144.66522216796875,148.6810266353143,143.67930170683348,148.60888444321856,11030912
2007-09-18,144.64517211914062,145.46275747445998,143.1983558220817,144.28045926658106,13408016
2007-09-19,148.41651916503906,149.7310766125712,147.48671357983457,147.48671357983457,17208904
2007-09-20,144.31256103515625,147.88750916425704,143.8917429196482,147.48673000663032,10340064
2007-09-21,146.35650634765625,148.28825955575073,140.5131454060708,143.47891059718583,15328600
2007-09-24,141.3186798095703,146.68109472506973,141.0742007183319,146.52479483699472,17386784
2007-09-25,141.98399353027344,143.87968041297788,140.152435210079,143.0781223048276,17385008
2007-09-26,146.2964324951172,147.06191489194435,141.87583598750342,142.67739438291306,13126264
2007-09-27,153.56654357910156,154.91716734562758,147.08594673832337,150.0597260478745,30952096
2007-09-28,151.71493530273438,156.3038562093948,149.6509228425334,154.29996061696667,16135888
2007-10-01,152.72486877441406,153.4983742884624,148.50466347216528,151.89525810790406,12118896
2007-10-03,160.43588256835938,161.50596078931113,153.09761346461343,153.89917165029203,26572224
2007-10-04,160.2234649658203,161.11319257985457,157.265713354067,161.11319257985457,14354928
2007-10-05,158.94097900390625,160.31164158250746,158.35583759827165,160.31164158250746,8433464
2007-10-08,160.6042022705078,162.31552698075856,159.0291385332469,160.3116315859344,8695752
2007-10-09,164.1110076904297,164.4797224602635,159.10928317915352,159.10928317915352,13053992
2007-10-10,170.3351593017578,171.68978507139286,165.1210183756012,167.89841020162797,22305808
2007-10-11,158.4560546875,168.32724736489968,157.34589837014192,168.32724736489968,35483448
2007-10-12,154.67665100097656,158.29969921106468,152.60062350595032,157.50615479486405,20546200
2007-10-15,154.52438354492188,157.7306161340092,153.4182293878286,157.7306161340092,14805752
2007-10-16,149.59881591796875,154.7007359276412,147.4947255977094,149.19403488904945,20676272
2007-10-17,151.51856994628906,152.93732422889317,143.07815710092993,144.28049455555959,16105088
2007-10-18,151.97686767578125,156.80153014167905,149.30722503763815,152.7809780867642,18871056
2007-10-19,153.55699157714844,155.1933547796697,150.86322091128372,152.78102284008932,11118784
2007-10-22,151.71556091308594,153.60119626245682,149.4037430377706,149.4037430377706,10683432
2007-10-23,151.4501953125,154.19623476219093,150.36867056550227,152.78100217885256,12346344
2007-10-24,148.3181915283203,154.22840409396494,147.40150353457,152.86141615361177,11446248
2007-10-25,147.7191162109375,150.8350442482957,146.75015917880614,148.84084637806583,12955840
2007-10-26,148.6197509765625,149.16252566564233,146.66978264912757,147.55430436466506,8279104
2007-10-29,149.61282348632812,152.78102136624145,149.17860177823175,152.78102136624145,5328480
2007-10-30,149.09817504882812,151.49442842691244,147.92417560273552,150.3686736509163,5996440
2007-10-31,147.75128173828125,151.58689476058328,146.19532986454269,150.32845984923324,10025528
2007-11-01,150.68626403808594,151.1727547549741,147.6346690053896,150.50132453611084,9522528
2007-11-02,154.1600341796875,155.19331412664508,146.42851037545114,148.76043063953026,10208808
2007-11-05,149.0821075439453,155.08880989245282,147.9844945948219,152.78101636110898,6211480
2007-11-06,148.9011993408203,150.7707567242004,148.76047996787773,148.76047996787773,4517832
2007-11-07,140.38963317871094,148.86897320776035,139.51315090152968,148.86897320776035,23151400
2007-11-08,138.01353454589844,140.31731360637892,136.9400487516695,138.2024985924654,15705240
2007-11-12,132.0229034423828,134.68853217668206,129.4738766403456,134.68853217668206,25324832
2007-11-13,130.84083557128906,136.1439401330956,129.2205510298761,130.66794985908444,23517112
2007-11-14,137.3380584716797,139.11112617379976,133.16070806000718,135.0905733942102,16262008
2007-11-15,132.46112060546875,136.6987788226503,131.71329394794188,136.6987788226503,13053800
2007-11-16,130.6679229736328,133.80395312500002,130.10504576697718,132.46109285829849,9711528
2007-11-19,130.26190185546875,132.67825830424027,129.94428207251653,132.67825830424027,14441160
2007-11-20,125.89960479736328,130.26592970068953,124.90653007422564,129.22058582037536,22736872
2007-11-21,124.40390014648438,127.61230214466126,123.83298380767381,124.23503894990652,16523872
2007-11-22,123.15756225585938,125.44927718158546,122.14438498869877,124.63310306066647,12576744
2007-11-23,125.24024200439453,129.03564059660079,123.32645460474717,124.63715897708606,16680696
2007-11-26,126.72380828857422,128.45264610869557,125.84331109255469,125.84331109255469,9515520
2007-11-27,126.53885650634766,127.53193105550461,125.66237405863168,126.72379604021276,11749864
2007-11-28,126.18907928466797,128.25563958233798,125.36084144756421,127.77317322654235,9458944
2007-11-29,126.02422332763672,129.7834400707007,124.63713265773612,129.05974059075257,24061072
2007-11-30,128.85870361328125,130.65991304036515,126.56698875962852,126.56698875962852,27369392
2007-12-03,128.68582153320312,131.2308332215236,127.74099169842808,128.8587072533649,20101040
2007-12-04,129.8879852294922,130.88507449079728,127.9179143188702,128.53707553588737,11367656
2007-12-05,128.9391326904297,130.24178791570495,127.89378892680288,130.24178791570495,9996752
2007-12-06,131.500244140625,132.5978572324842,129.5663637557347,129.5663637557347,14144400
2007-12-07,138.49195861816406,140.6630570195342,131.09011736420908,132.6782356392854,21737160
2007-12-10,140.6148223876953,142.14263258954028,136.6988075334983,139.87504453207075,12426168
2007-12-11,140.260986328125,141.4430247347212,137.26165049583236,140.61478706492852,8444392
2007-12-12,135.5529327392578,138.30701130744384,133.2411149630433,137.5029007765866,12351000
2007-12-13,133.4783477783203,136.61036475180885,132.85918648392706,136.21634855728396,6652856
2007-12-14,132.38072204589844,134.66438812546565,131.7213455140185,132.83906112709832,4281176
2007-12-17,130.61569213867188,133.40193709172277,129.6226175960561,132.67823761382914,7347000
2007-12-18,130.10108947753906,134.68854504247167,123.32244202548134,123.32244202548134,8413376
2007-12-19,131.8258819580078,132.6782371547506,131.24290182505513,131.4399049781458,5297880
2007-12-20,136.3409881591797,138.30703481496616,132.25207756215212,132.4370269420054,15204048
2007-12-24,145.55604553222656,146.26768127068576,137.50287794000693,138.17833263690747,16365336
2007-12-26,146.17120361328125,146.79438922092453,142.3275516811092,146.34810398848518,4604376
2007-12-27,144.93292236328125,147.85988743261422,144.10870885124106,146.66979960598053,8358504
2007-12-28,144.43838500976562,145.5440372262635,137.51096934105635,142.32759441463335,4784160
2007-12-31,142.31954956054688,145.14197605134856,141.45110610992907,144.82033178309072,5272944
2008-01-01,140.46603393554688,143.0190846495658,140.09614508659735,142.0541520962358,2001624
2008-01-02,140.58265686035156,141.4711931632401,137.69589791021406,140.71935173285655,6155056
2008-01-03,137.426513671875,144.49866183713797,135.8946791901854,144.49866183713797,12425960
2008-01-04,136.28871154785156,140.51029232146433,135.09058475560838,140.51029232146433,6166320
2008-01-07,131.620849609375,135.89469967167756,130.50715832374715,134.2864783737879,13254200
2008-01-08,133.66326904296875,135.08252605116354,130.4387878726516,133.08028892532005,15531264
2008-01-09,132.91546630859375,136.61839978772562,132.3847552413843,133.0803129185909,14714680
2008-01-10,128.8627471923828,135.8946904119335,127.69276235156828,135.68562362061422,15498280
2008-01-11,127.19017791748047,139.85491825065776,125.84329283442828,136.69878454858025,22633144
2008-01-14,122.98873138427734,129.46182250976562,122.62688156980906,128.57730074106536,16050824
2008-01-15,120.78543853759766,125.03114598461623,120.61657729254853,124.15466355979662,12786224
2008-01-16,120.23863983154297,122.14437767674234,118.21227560272446,120.61656781771792,11127096
2008-01-17,119.8446273803711,122.6469504278051,119.41040575990202,120.61657147464851,9699600
2008-01-18,118.07559204101562,120.45575724368497,116.67241327843522,120.0537019791867,8136992
2008-01-21,111.85980987548828,119.81246469670515,104.87208765585561,117.39209405089184,22169536
2008-01-22,111.03961944580078,116.11355467081813,100.91586642096728,107.75080558095311,27680552
2008-01-23,114.3445053100586,117.28754757639773,110.34003136655036,116.51560351214832,17827184
2008-01-24,114.38878631591797,120.85785380588544,112.17345712522301,116.51565546555422,13942864
2008-01-25,122.2127685546875,123.73656429271682,114.98783553674593,114.98783553674593,6650192
2008-01-28,116.3025131225586,120.61656765553174,113.15844322216469,118.52588048283584,7788688
2008-01-29,120.02153015136719,121.40058160921078,116.59602141636405,116.59602141636405,9040664
2008-01-30,120.07382202148438,121.50111841584656,118.38518966759106,121.50111841584656,7139816
2008-01-31,120.54014587402344,123.42287903565956,118.22028004787387,120.29488833178694,17885296
2008-02-01,128.22349548339844,129.30100582846327,121.09907635426971,121.09907635426971,11143960
2008-02-04,131.878173828125,133.88040153571157,129.05976201481323,131.43188848175217,11361168
2008-02-05,129.4054718017578,131.63285335990315,127.45147988726114,131.63285335990315,8020712
2008-02-06,121.41667175292969,126.63937580153413,120.61658566103266,121.01864094656943,9944016
2008-02-07,119.19730377197266,124.29134121807526,118.38515422710513,124.29134121807526,4179600
2008-02-08,124.82611846923828,126.80825324307881,118.92796864078223,119.00837970815259,13180592
2008-02-11,125.27637481689453,128.65766294755525,122.24488256001304,124.63711098044415,13978800
2008-02-12,124.25514221191406,128.65764603725125,123.45907106389869,125.44120488631997,8462432
2008-02-13,124.26724243164062,132.68226103452312,120.72513164454803,126.24535235894517,9893968
2008-02-14,124.37576293945312,128.60940570995893,122.66702852053386,122.66702852053386,11749944
2008-02-15,125.87552642822266,127.04952641803801,120.69705009713611,123.83308271125225,8952256
2008-02-18,125.05126953125,126.9690714657833,123.85314270118602,126.2453718817478,3266176
2008-02-19,125.1597900390625,126.6674971147017,122.74745871803978,125.44122869318183,5356392
2008-02-20,126.15689849853516,127.83749140923163,125.1597995138701,126.32575974062958,7002904
2008-02-21,130.873046875,132.6782715525291,126.43033505483199,128.64967872491331,10366768
2008-02-22,127.10172271728516,130.49105029319108,126.36998415669731,129.62260706396054,4970504
2008-02-25,129.87588500976562,130.5754570872257,127.29066827401583,128.56116655202854,7592448
2008-02-26,133.71153259277344,134.4472957738352,129.46180992576237,130.1855094843536,8402704
2008-02-27,130.17742919921875,135.6855852098865,129.87588781177345,133.88437602571975,8432760
2008-02-28,128.60540771484375,130.2658978199685,128.0264520952979,129.3813762915613,11706032
2008-02-29,124.49243927001953,128.81052047254016,122.30526165975733,126.24540486904603,7945088
2008-03-03,118.03540802001953,123.91345509477435,116.5960479477111,123.91345509477435,12364736
2008-03-04,114.10730743408203,122.55448256957534,113.37958348609504,122.55448256957534,10798960
2008-03-05,118.91191864013672,120.61662974757992,112.9775765302332,114.58579826020093,11396696
2008-03-07,115.03205871582031,116.59605008197751,112.59962387790318,116.59605008197751,9164680
2008-03-10,115.07624816894531,118.89577292701604,112.57546655366356,113.70122121920019,5657136
2008-03-11,114.69432830810547,115.71153031188159,112.97755391813318,115.71153031188159,16043424
2008-03-12,111.38135528564453,118.60628534863692,110.64559229811823,118.52587430772259,13626184
2008-03-13,107.56586456298828,111.35323311372898,105.41889331650187,110.96725612263354,7881488
2008-03-14,110.17926025390625,111.69099251666728,106.946738694865,107.34879410349231,9622768
2008-03-17,107.57392883300781,108.90071143202137,105.41890832162179,108.39411778607641,5832080
2008-03-18,105.70835876464844,109.4394332500743,104.53435946002689,107.75080128956617,14731424
2008-03-19,108.04832458496094,110.40437228993812,105.82094241337113,108.55089365037398,15637216
2008-03-24,109.39519500732422,111.61052307684852,108.00810457283168,109.13788360666618,13596008
2008-03-25,119.99739837646484,124.38783917747939,111.77134509528977,112.7081356702198,22739080
2008-03-26,120.576416015625,122.05195738950066,116.68451773025227,121.01867696133085,11819184
2008-03-27,115.93266296386719,119.8165216647025,114.67422772490633,119.8165216647025,16692504
2008-03-28,122.32130432128906,123.72849791472396,114.18370872443259,115.14864147421653,11829888
2008-03-31,115.78388977050781,120.61659261825174,112.9051698336975,119.16919350683273,20198320
2008-04-01,114.42897033691406,117.72179953276937,113.39568029574905,116.2020284362962,6289208
2008-04-02,119.23350524902344,120.53616029318279,117.80218467612595,118.6062951517309,11152080
2008-04-03,122.42584228515625,123.02892525207821,118.21230065976752,118.21230065976752,9778160
2008-04-04,119.44658660888672,122.78766955956895,115.1486200453849,118.28465089857626,8028032
2008-04-07,119.97732543945312,122.90026549365273,118.70682677106056,120.53617837752398,16097184
2008-04-08,117.958984375,120.21451822521185,116.77694588131365,119.97328507827162,12385648
2008-04-09,119.00432586669922,119.65163872564182,116.67642996700691,117.95898224880047,9028552
2008-04-10,116.8050765991211,121.41263319074419,116.0331325660002,117.80217547414435,17130064
2008-04-11,114.33647918701172,119.00835944250638,113.62081884612263,118.20424890573268,24134312
2008-04-15,121.45286560058594,122.62686510002224,114.18370389641416,115.7919250780538,36402536
2008-04-16,128.67376708984375,129.86385463761167,122.22480436481098,122.6268596423268,30611608
2008-04-17,133.40997314453125,135.89467659092213,130.2659030043159,131.0659890378055,36919280
2008-04-21,132.34056091308594,138.06582594864088,130.90923974629433,135.01020487348168,14821992
2008-04-22,128.54513549804688,132.28827476080008,127.04949154804723,131.0700450780487,16797448
2008-04-23,132.5133819580078,132.92750081628287,128.42448215095783,128.65767615214395,16632104
2008-04-24,136.3812255859375,137.33409498663133,131.3113027152214,132.67829116969705,18346552
2008-04-25,135.43634033203125,137.9532003984358,132.75864834401693,136.69476545733235,15895984
2008-04-28,133.77586364746094,136.6988037527788,132.76670090519997,135.89469314246833,8629856
2008-04-29,140.68312072753906,141.68020964168812,131.96253868013747,132.678198806557,33966768
2008-04-30,140.9686279296875,145.5440192265445,139.11917354172587,141.52346620923663,20999336
2008-05-02,143.73074340820312,144.4986729475735,142.19489414526544,142.72962965049695,17349008
2008-05-05,143.61013793945312,145.54402798345538,141.85718260791924,143.6945734842181,9792280
2008-05-06,145.3389434814453,148.760437469566,139.5935780795495,141.9737431159022,17782656
2008-05-07,148.29002380371094,149.4841258040744,146.23551777179932,147.70704375417918,22085248
2008-05-08,143.505615234375,147.55431056659737,140.35349546248887,145.14197851373746,15537672
2008-05-09,140.66708374023438,144.04837268889403,139.6740091272742,143.21209571426328,14412800
2008-05-12,142.60093688964844,144.65945750127014,136.32485144138593,142.27929273733878,16301840
2008-05-13,140.61883544921875,145.93802881479007,137.90496228472347,143.5337362555285,18049576
2008-05-14,146.7421112060547,147.5542607598835,139.9152118377097,139.9152118377097,16222912
2008-05-15,152.22618103027344,153.4645133606091,146.66977855370763,146.66977855370763,28982432
2008-05-16,150.4812774658203,154.00730090118014,149.5686137899114,152.53979888241153,16864744
2008-05-20,151.7919158935547,153.82631912667313,145.94603722682263,149.96658921654227,13969280
2008-05-21,150.4209747314453,151.49446058613194,149.08212841119354,150.69034986115247,8559384
2008-05-22,149.8581085205078,152.7006381844238,148.51926209933163,149.56460612060468,12277912
2008-05-23,147.05172729492188,151.49443839979924,146.05462817881138,149.85807527727204,11698168
2008-05-26,151.57888793945312,152.37897414120795,144.01622305377492,145.5440333485944,21397152
2008-05-27,151.42210388183594,152.7006420262596,150.04707636703552,151.97694230101666,10323560
2008-05-28,153.7137451171875,154.3891998296022,150.89131952096278,151.41399129121925,15428808
2008-05-29,153.80349731445312,155.68377958915954,151.44601970028882,155.39827095485927,15898512
2008-05-30,160.11326599121094,161.35318537397683,152.13533403562528,154.1746816768535,27614928
2008-06-02,159.13436889648438,165.59501782559414,158.2941537391948,161.5163228052593,16651424
2008-06-03,156.80543518066406,159.08542178843317,153.4405116789331,157.0297634141128,15588320
2008-06-04,152.6002960205078,156.621893412588,151.1645973224428,156.621893412588,12818832
2008-06-05,161.47962951660156,162.08735113286647,152.5432041361149,153.98705828842003,19144816
2008-06-06,162.6216278076172,166.94096117823705,161.56523998725103,163.1477754001828,14816264
2008-06-09,155.11276245117188,160.7005742986109,153.90139209331375,158.3390140045819,14026352
2008-06-10,151.2420654296875,156.62185916099796,146.5474843660067,154.17464261160737,23390272
2008-06-11,154.4071807861328,155.31673191679704,151.90693833594256,153.76682755418196,9619728
2008-06-12,152.94285583496094,153.8483238298969,149.36991622951308,149.77778559279488,12400424
2008-06-13,152.2699432373047,156.20588445023034,151.33184325909446,154.25626598222541,10279888
2008-06-16,155.62667846679688,158.25335386223472,153.35892023762952,154.65594713970003,12636592
2008-06-17,155.93255615234375,159.06906789256152,153.6811090713574,159.06906789256152,10754704
2008-06-18,151.92730712890625,157.00936511736435,151.23801165221118,156.45874128853347,10401800
2008-06-19,151.92323303222656,153.49760332426655,149.81454971320903,151.2380102821165,6695264
2008-06-20,149.03553771972656,153.80761158759958,148.13822468474189,152.13534638603724,11694864
2008-06-23,150.56912231445312,152.28217437044964,146.92276267775193,148.10558433546382,9632840
2008-06-24,146.38026428222656,151.72743680431756,143.97791718259165,150.56909153869657,10872056
2008-06-25,142.4892120361328,146.01728326588108,138.77351685037246,146.01728326588108,22294144
2008-06-26,145.61753845214844,146.83299131626072,141.94671366924192,141.94671366924192,17161832
2008-06-27,139.12022399902344,143.97795443340462,138.26778060318463,141.9508447152271,11410480
2008-06-30,141.67752075195312,142.65640732566698,139.4913367542258,139.89920615993992,11685696
2008-07-01,140.0623779296875,144.3042204761894,139.08757386604367,142.2648730980635,12359840
2008-07-02,148.51339721679688,150.42222791397953,140.4702150042694,140.7149366331967,14378920
2008-07-03,142.18739318847656,146.93499027921362,141.28599759255962,146.93499027921362,12169160
2008-07-04,143.22747802734375,145.93572791043968,141.2329899132788,142.59119753350953,9633904
2008-07-07,146.81666564941406,148.8723233364953,144.79362954645433,145.20149892545842,8322808
2008-07-08,141.6612548828125,144.9568429492936,139.6300624638914,144.9568429492936,12996936
2008-07-09,148.61947631835938,149.4433706387368,142.91745925713258,143.24375482621278,15005024
2008-07-10,147.2612762451172,153.76679447281313,145.20153536424795,153.76679447281313,15071872
2008-07-11,136.78717041015625,152.92248924017602,133.90353549655651,150.5038214993279,52769872
2008-07-14,126.89225006103516,136.22837642644242,125.81139617621459,135.43303111497067,29510328
2008-07-15,126.00313568115234,128.80519735595857,122.60558051045328,125.21594549803446,25855776
2008-07-16,126.24375915527344,128.64203368347174,124.64491278905822,127.35316214666251,12527008
2008-07-17,129.07440185546875,131.15453656174782,127.67132462795438,128.8867778792523,13024680
2008-07-18,126.22743225097656,130.43664274578208,122.60554974791148,129.29460835025927,17338848
2008-07-21,127.3613510131836,129.188598650308,124.40836946529873,125.13437926352817,10304048
2008-07-22,128.74807739257812,130.3754725506546,126.12954749997326,127.16554190033497,9302648
2008-07-23,130.7017364501953,134.60504423498637,126.87591986072768,130.5181952381417,16016456
2008-07-24,127.85076904296875,132.23128320171423,121.14131620932223,132.23128320171423,22910080
2008-07-25,126.49256896972656,129.04990872181014,120.33373957118252,124.40019646065768,10614584
2008-07-28,125.57894134521484,130.19194955600486,124.4817763298643,126.70874787115986,10468480
2008-07-29,125.68090057373047,126.10509081767148,123.00528269593488,124.79175305238068,8414120
2008-07-30,130.68548583984375,131.31360096057648,126.76585550100069,127.26345435794187,14986328
2008-07-31,129.16815185546875,131.4970900323799,127.28379728389939,131.1707945236147,19956728
2008-08-01,133.73634338378906,134.31144343504508,126.03169153182183,127.25530018747058,10149664
2008-08-04,135.31884765625,137.36635033731034,132.47599953463384,133.61803401338068,9726304
2008-08-05,136.92587280273438,138.31262909234968,131.99472461001028,135.31886101011756,14116240
2008-08-06,138.6226043701172,140.71497688756077,134.4093104619046,138.9203510953716,26720328
2008-08-07,140.8087615966797,141.4491145933407,137.20727263321746,138.92032419403648,7737432
2008-08-08,137.0115509033203,140.28674570787953,135.8491225699362,135.8491225699362,9523408
2008-08-11,136.26104736328125,140.06238919017122,135.1353235369515,138.26776335313932,13456128
2008-08-12,130.83642578125,138.41464572283718,129.34361890809785,135.0089342113839,26516792
2008-08-13,132.63507080078125,133.29174463966453,129.47408236455908,130.46928985977505,13614136
2008-08-14,138.14541625976562,139.03457386822282,132.06815997907324,133.78121208504024,16376056
2008-08-18,139.03045654296875,141.69384602602702,138.2799807428567,138.7571860047622,9670840
2008-08-19,138.0841827392578,139.87472538804528,137.3173862903168,139.57290602089506,6709328
2008-08-20,138.61854553222656,139.4669062072951,137.06455860525998,137.06455860525998,4518864
2008-08-21,135.53089904785156,138.9202972474097,134.8171277026285,138.67557564333322,4685448
2008-08-22,138.39007568359375,138.8958297136028,134.28690588447046,135.4044739203426,8749992
2008-08-25,139.20175170898438,142.34642895056226,138.75717802000366,141.93855952663515,2461128
2008-08-26,138.512451171875,141.92631613058603,137.85986011806168,140.31523196648442,18578752
2008-08-27,139.3445281982422,140.22553027732587,138.39011757736088,138.8387740151301,10978448
2008-08-28,138.626708984375,140.06240785375985,138.34935569014368,139.73611220354726,11480800
2008-08-29,142.6808624267578,142.75428090563037,139.40975203869846,139.40975203869846,9186688
2008-09-01,140.57630920410156,144.1166085822926,138.83062571093836,142.7543284029197,11153904
2008-09-02,144.81407165527344,145.36469550187144,140.41723628125905,142.67275669628123,8403728
2008-09-04,145.93572998046875,147.24091258510123,142.88486365058972,143.65981582209025,21589384
2008-09-05,139.6790008544922,145.19746753546082,139.20586822462732,145.19746753546082,11020920
2008-09-08,142.7584228515625,143.7332270770716,141.55928041945756,142.99906189903888,9518400
2008-09-09,142.70948791503906,143.40694890218703,140.07872904012694,142.57897163682674,9329816
2008-09-10,143.5496368408203,144.5693103515521,140.40495975062385,141.87737228322018,10927472
2008-09-11,142.8073272705078,143.5700411224207,141.3145211552827,142.61154795015455,13265864
2008-09-12,134.10748291015625,142.9990374340048,133.55685912083536,142.9990374340048,24315128
2008-09-15,128.73583984375,133.78118307994032,124.15546380955438,133.78118307994032,17211760
2008-09-16,127.77733612060547,129.37618228337723,123.17656699110947,124.81212737697209,15700792
2008-09-17,128.80516052246094,134.34810185760136,128.07099557964767,128.88673440499574,18332656
2008-09-18,124.43278503417969,127.2552389842028,115.9368643630117,123.1847008225816,26780192
2008-09-19,132.55349731445312,134.26247639731235,126.92898121111001,128.47888522332792,31199944
2008-09-22,132.95729064941406,135.4412117167046,131.17082039502128,134.18905444639927,12823792
2008-09-23,125.9460220336914,132.47601687313085,125.30566889442028,130.51824322475943,13378256
2008-09-24,124.34308624267578,127.89155050711949,121.545097793589,126.43953126178721,19385704
2008-09-25,122.91962432861328,124.81214470790127,121.63076273458849,124.81214470790127,18414264
2008-09-26,118.02928924560547,122.91964103752738,117.14421433708927,122.52400957605266,9755960
2008-09-29,113.65689086914062,118.44527363707138,111.42991996435228,117.88241187410574,17209792
2008-09-30,114.04439544677734,118.58397503821257,107.6775485369288,111.75624355726701,23483064
2008-10-01,118.22504425048828,119.66889813858994,115.42705580511571,116.24279471539923,26368016
2008-10-03,113.54270935058594,117.46641180904622,112.5719779836693,116.89539452941891,13768264
2008-10-06,107.56741333007812,113.38770845982937,104.0067109973255,110.94049173048053,12918216
2008-10-07,106.19290924072266,112.00096706000537,103.28479765289468,108.99497077321541,18535736
2008-10-08,102.3140869140625,106.04609367213972,97.25650398508353,106.04609367213972,22855192
2008-10-10,99.94432067871094,104.41457359379518,84.83684104495859,97.88866274418298,37255704
2008-10-13,107.55925750732422,110.9404912919076,99.52014660009358,101.96736331976801,19877088
2008-10-14,114.03622436523438,115.14155464335244,110.12476002020956,112.97984639110388,15414536
2008-10-15,108.93378448486328,112.57197831419202,106.78023160382416,112.57197831419202,12564520
2008-10-16,103.80516052246094,106.84616680855045,98.89023283611532,106.84616680855045,13400072
2008-10-17,98.8532485961914,107.58586773013059,97.82588163925739,104.79554308824996,12160624
2008-10-20,106.39822387695312,107.74612115038032,100.35319335189949,101.914790955246,11699384
2008-10-21,110.75837707519531,114.57196530126846,107.09273370699628,108.48995279603614,18240528
2008-10-22,106.8091812133789,109.25431454546059,105.41196216647509,108.65432823569682,15020952
2008-10-23,105.46949768066406,111.64603017678003,101.55728609705939,105.12019289582649,20359160
2008-10-24,102.41618347167969,106.84619301960777,98.62725509502255,102.67919550499634,18683728
2008-10-27,102.88463592529297,106.0242651914538,95.33964931944682,101.09290401975827,20009112
2008-10-29,107.20370483398438,110.95565165389438,105.20239564221097,108.92968163748941,24898056
2008-10-31,114.1568832397461,118.34443625939063,109.7186587452312,109.7186587452312,31084944
2008-11-03,113.30626678466797,118.92802186343442,110.99674742679211,115.15552766367783,18262272
2008-11-04,109.468017578125,113.25283182798827,105.61333434149716,110.95564308250675,22243704
2008-11-05,108.65435028076172,114.65417446419258,107.10096913628328,110.87346333490737,17302080
2008-11-06,102.38326263427734,108.3255562666062,101.09700741659542,106.43520133934373,13453256
2008-11-07,103.78874206542969,106.02428895109048,98.80395469072639,101.50387353069515,10109256
2008-11-10,110.01046752929688,111.35837515222023,101.66824679397851,105.61333640279902,10322104
2008-11-11,103.28736877441406,110.82413940353237,102.43260742299114,110.01046270084973,9235216
2008-11-12,103.51337432861328,107.40915158105027,99.86006168188075,99.86006168188075,13394360
2008-11-14,99.71215057373047,106.41058496116126,97.64098223641435,105.28459448219427,16017160
2008-11-17,101.29017639160156,102.2435710280521,96.26429466768973,99.86007942048496,18043056
2008-11-18,97.02452850341797,100.27100785613716,96.16154032104957,100.27100785613716,15308640
2008-11-19,96.38348388671875,98.62725801982313,92.5740080522798,97.14784914952578,22541064
2008-11-20,92.20413970947266,95.21638202793848,90.49871033780263,95.21638202793848,11597904
2008-11-21,97.36563110351562,98.62723582182691,89.58640587149277,92.05208676703845,12197704
2008-11-24,98.31490325927734,100.2545800797877,93.28491870440348,93.28491870440348,14039264
2008-11-25,97.14371490478516,101.66002648273613,96.62181444921929,97.39850995985255,9909928
2008-11-26,97.56700134277344,98.21629938713936,93.87259309027623,96.90126943718602,14369440
2008-11-27,97.56700134277344,97.56700134277344,97.56700134277344,97.56700134277344,0
2008-11-28,102.23124694824219,103.14766044000271,92.06031230326184,96.17389432838453,24031424
2008-12-01,101.1915283203125,106.73930969824367,100.10663286400245,102.73669218391056,18738696
2008-12-02,99.31349182128906,100.59975706153561,96.73685789332305,100.59975706153561,12814328
2008-12-03,95.05608367919922,100.43537188354205,93.69584611066934,98.95596378705778,17869336
2008-12-04,98.0025634765625,98.45870825871316,94.38211931517853,95.3396270590279,11324040
2008-12-05,93.24382019042969,97.96970794798783,92.26576489141993,97.96970794798783,12210128
2008-12-08,95.15473937988281,97.80534645826866,93.53971631624347,94.94515248146242,23661144
2008-12-10,96.46975708007812,99.17789236046254,95.26568100217241,97.38617041056719,22436400
2008-12-11,93.2767105102539,96.79440924332928,92.24112653820092,96.72455029102974,16501136
2008-12-12,90.80692291259766,92.05209386747065,88.53438483866807,92.05209386747065,13078352
2008-12-15,90.5973129272461,93.53146833370211,89.5904935185573,92.05206022297571,13738152
2008-12-16,92.44659423828125,93.12054296325671,89.17956724552799,90.65486221400896,8900720
2008-12-17,93.82328033447266,96.65470014793225,92.29866349160537,93.66711852323544,24437040
2008-12-18,96.74098205566406,97.34507179422417,94.10680927630627,94.10680927630627,12669424
2008-12-19,97.91220092773438,98.62724443674796,94.45613389077715,97.07386333029275,12520736
2008-12-22,97.54232788085938,99.03817008812554,95.84100225878765,98.6272233242744,8749184
2008-12-23,96.65880584716797,97.80534346539548,95.63554224244405,96.63825850610381,7100208
2008-12-24,96.49028778076172,100.45592354347191,95.97249091154654,96.98342383415574,8551056
2008-12-26,91.1685562133789,97.70672443367546,90.81925140030083,95.09721200656274,11889320
2008-12-29,91.53839874267578,92.01920448707126,87.53166748457886,91.23430212700842,14264688
2008-12-30,92.70140075683594,93.19042353911145,89.68094113801155,92.21648142369978,8457504
2008-12-31,91.67811584472656,93.61367924884486,90.66307927472391,93.28492181513512,7221320
2009-01-02,93.04658508300781,95.75061740072931,92.36441932211392,95.75061740072931,9012080
2009-01-05,96.39167022705078,97.36971543057801,93.67119481357132,93.6958556308364,11241232
2009-01-06,96.04239654541016,97.805354596197,94.13559705792285,96.98346086009451,11563864
2009-01-07,97.6039810180664,98.42587463942898,94.15613125672168,96.25607347245554,22538352
2009-01-09,98.90666198730469,104.1010246940982,96.161535796454,97.48478227391483,40182160
2009-01-12,95.31501770019531,99.44503394672093,93.55205955438387,94.65339922670064,31269176
2009-01-13,100.94085693359375,102.11205522591146,91.96988695463325,96.97932405844716,43956656
2009-01-14,107.14202880859375,107.99680000854005,100.72304293033929,100.72304293033929,41551264
2009-01-15,102.87639617919922,103.87911217923059,99.86005131717354,103.55857173632812,25359176
2009-01-16,104.16679382324219,104.7010246476136,101.91480341854657,103.3942118552674,12717272
2009-01-19,103.72708129882812,104.60650339950405,101.9600101355287,104.133914600017,9543688
2009-01-20,102.88052368164062,103.31201778935272,101.09290523540481,101.91479877390404,4974688
2009-01-21,100.5874252319336,102.85996256812064,99.77786221150495,101.1750810398374,7770736
2009-01-22,101.16688537597656,101.8326171863572,98.87380022210469,101.5038597458847,8776080
2009-01-23,99.00940704345703,100.82990323636677,97.85053916166711,99.44911807962978,11625024
2009-01-27,102.9093017578125,103.55859974692905,99.86007832739587,100.18883578690993,10507184
2009-01-28,105.75303649902344,106.51740149512658,102.73669125687363,103.80515284594512,7187848
2009-01-29,107.6803970336914,108.40777089704605,105.77771125435805,106.02427934586005,26001752
2009-01-30,107.3927230834961,107.99681283822977,105.7777002456634,106.9283512195867,11631672
2009-02-02,105.1736068725586,106.59959013103538,104.21198542913508,106.18864336877233,16870008
2009-02-03,105.40787506103516,107.01056789822049,103.60792571423507,105.69553787796586,16125072
2009-02-04,105.3379898071289,107.35573247113149,104.90238220848701,105.61332214232465,7574304
2009-02-05,103.21748352050781,106.43519827811699,101.70931109588399,105.69549419741965,17537624
2009-02-06,105.93387603759766,106.63248564987454,102.57232895547725,103.468195053091,14020016
2009-02-09,107.84066772460938,108.48996573825559,104.21611860311219,104.21611860311219,11513640
2009-02-10,107.53658294677734,108.90092459933201,106.43524328764903,108.03793614024296,13367760
2009-02-11,107.00231170654297,107.2488797448715,105.20236302016895,106.024256481264,7057024
2009-02-12,103.11064910888672,106.4352041759809,102.74490049565868,106.4352041759809,11242656
2009-02-13,102.87236022949219,105.19831413282934,102.24772282210036,104.37642016708081,12791336
2009-02-16,100.39019775390625,103.55860184738978,99.86829728291836,103.55448836590983,11885736
2009-02-17,96.48619079589844,100.17239145151909,95.750600070313,99.2847423905048,15025184
2009-02-18,96.88482666015625,97.64096479864303,91.66990547504535,96.86016583771111,11096656
2009-02-19,99.35462188720703,99.7532383410556,96.32594548828581,96.57251360813638,9882800
2009-02-20,96.74920654296875,98.3272382322322,95.75060381845759,97.80533780597814,7635856
2009-02-24,97.43958282470703,97.96970009141243,94.14789551569878,94.92869429998437,7708808
2009-02-25,100.06143951416016,100.63676507553122,97.80534543307915,97.96972416489946,10625008
2009-02-26,101.58604431152344,101.91480173647983,98.62722748691597,98.95598491187235,16571848
2009-02-27,101.19566345214844,101.73811129636118,98.93545574052686,100.90388717076803,13326776
2009-03-02,100.19293212890625,100.91208894857145,97.80532747446593,100.10662929739453,11820592
2009-03-03,98.4299545288086,100.25456395124586,97.92448806607669,99.12034701208543,8818448
2009-03-04,98.56148529052734,100.02446004217697,96.98345345091933,98.70943016487637,8641608
2009-03-05,97.14371490478516,100.66553718349823,96.62181444921929,99.03818376083161,6939760
2009-03-06,100.21760559082031,101.75043933700508,94.64105888252128,97.14783464970921,10278952
2009-03-09,98.79571533203125,99.94225278795159,97.81354654847432,99.04638683779937,9863440
2009-03-12,100.91210174560547,103.21750730870413,99.53131646359395,99.62172275438353,16502352
2009-03-13,106.60370635986328,106.84204746181591,101.91479966841824,102.68738160796455,14660976
2009-03-16,105.84343719482422,107.09271116300641,104.30649050069324,107.09271116300641,13499264
2009-03-17,104.01062774658203,105.53113079937678,103.3120182358385,105.53113079937678,9897992
2009-03-18,105.0420913696289,107.0105220751408,103.96951645549393,103.96951645549393,14668304
2009-03-19,106.61601257324219,107.71735178476528,104.38046643903796,105.61330659382975,13425064
2009-03-20,106.5338363647461,108.76939280746353,105.61331961549075,108.76939280746353,9503144
2009-03-23,109.41870880126953,110.12963880276943,106.45166461267837,106.86261144956005,12242840
2009-03-24,108.5516128540039,111.79809304157398,107.75848340919832,110.54470512105642,10746656
2009-03-25,110.04744720458984,110.95564370884075,107.85299515327873,107.85299515327873,13099280
2009-03-26,113.35145568847656,114.826750659184,110.31455287467485,110.54468709143754,23946120
2009-03-27,110.53646850585938,113.91444908023392,109.3159585580044,113.01036615102572,16699616
2009-03-30,106.95304107666016,109.22968282287,104.02298775884555,108.489978424521,12393408
2009-03-31,108.81049346923828,110.12552320215059,106.92835515743143,107.6680593821946,12775224
2009-04-01,112.9076156616211,113.41718560086396,107.2858623092728,109.40635147916325,12438888
2009-04-02,116.65959167480469,117.94174381704075,113.63091545165427,114.73635844500967,15717736
2009-04-06,116.21990203857422,120.73620465990808,113.75422052748011,118.61982802955231,13856976
2009-04-08,117.13215637207031,117.91295521182207,111.4898553813936,114.24731213914248,19805776
2009-04-09,117.28421783447266,118.09789451278064,114.73634765026196,117.94173272072057,15061688
2009-04-13,115.8294906616211,120.56770012292165,113.19120368731532,117.94175359437422,18836512
2009-04-15,112.64871215820312,113.58567268037679,106.85847692364659,110.7912350022778,44636272
2009-04-16,110.56111145019531,115.06509191844047,108.4899438088153,112.76379008007166,27307312
2009-04-17,114.84320068359375,116.77465070989831,110.9556398089857,110.9556398089857,23499408
2009-04-20,114.52676391601562,115.88700188749294,112.84599545498426,113.83638129277809,14932696
2009-04-21,111.97888946533203,114.23499341598233,111.366582746777,113.3391273858343,8013864
2009-04-22,113.51171875,114.07882731889624,111.40767322101144,111.9419040405884,10622240
2009-04-23,119.21159362792969,119.97184546575934,111.48168771815982,112.69398118929358,12194592
2009-04-24,119.05951690673828,119.8320989752953,115.43908125303683,118.44309664451967,11411288
2009-04-27,118.01569366455078,119.16634460348223,116.29793418485572,119.00196589792058,9638104
2009-04-28,117.5924301147461,120.74439015248264,116.54451574538525,117.53078809301897,9435696
2009-04-29,124.04427337646484,124.73466590572569,117.55953181752648,118.3526610317107,15414232
2009-04-30,124.04427337646484,124.04427337646484,124.04427337646484,124.04427337646484,0
2009-05-04,133.8206787109375,134.45354264552478,124.93601310759178,124.93601310759178,20014080
2009-05-05,130.02772521972656,133.55775541903284,127.41821215230854,132.7810697160574,18430600
2009-05-06,129.30441284179688,132.24268251228423,127.22091453657296,129.4893389049744,14468192
2009-05-07,127.6195297241211,129.36194015640513,125.69219323041105,129.037296195054,14538144
2009-05-08,124.98533630371094,129.1194644820091,123.38264403292852,127.31129884317767,12951168
2009-05-11,124.73466491699219,126.46474465766013,122.64294000880543,124.92780787654125,6537800
2009-05-12,131.3755645751953,131.91390883937396,123.57990661079643,123.6949737091949,14131776
2009-05-13,129.36195373535156,131.5235381600712,128.21541604731203,131.5235381600712,7508488
2009-05-14,128.8071746826172,130.51671756564747,125.98808535442336,126.57162786593017,8547272
2009-05-15,130.9112548828125,132.07834012276618,128.2606472481148,129.11952229798734,8377648
2009-05-18,147.94903564453125,157.05561894313507,138.16028681268313,140.13283106223957,139624
2009-05-19,128.12905883789062,147.52985523436922,127.22908963944488,140.6464984790052,44417904
2009-05-20,125.82367706298828,132.16047389817172,124.5456286660575,128.05100642621366,33408600
2009-05-21,123.48128509521484,127.80444302638007,122.62651382338204,125.0100050438097,19423488
2009-05-22,125.11687469482422,125.66753942867761,122.05532084020145,122.46215418491147,9119160
2009-05-25,124.19221496582031,125.74969905534763,122.50733337717023,125.74969905534763,10456560
2009-05-26,127.20037841796875,128.26472672900266,124.19635298018096,125.2648147728008,11653664
2009-05-27,130.52902221679688,131.25639598005398,127.89896293604438,128.37976864173095,9898848
2009-05-28,129.7769775390625,133.88644484555593,124.72644623253373,124.72644623253373,20866896
2009-05-29,131.92214965820312,132.73582639001856,129.44825174258776,130.57835552764212,13918392
2009-06-01,137.7904815673828,138.5466197733888,131.9427057680719,132.764599484549,13187728
2009-06-02,138.78904724121094,140.37940914976852,136.6808884168999,139.70956394379527,10426160
2009-06-03,134.91384887695312,140.37944190181904,132.58788572690253,138.75620186811827,13714024
2009-06-04,135.07130432128906,136.68728713913828,132.67633289110714,135.47737382181043,10945016
2009-06-05,140.78936767578125,142.12358708231838,135.49391538168547,136.90272061806996,16594680
2009-06-08,144.36940002441406,145.18982399830483,140.21756975178755,140.71479517643928,11278384
2009-06-09,148.73672485351562,149.16764957251587,142.5545463950362,143.3666854224736,16875544
2009-06-10,149.8969268798828,152.3167537416426,146.10143462813704,148.33894950899904,17733368
2009-06-11,145.10281372070312,152.8471062179112,142.58768366177327,152.8471062179112,16257800
2009-06-12,143.23818969726562,147.09583377885403,141.95783845812784,145.93564128707715,9467072
2009-06-15,142.1319122314453,147.17460566761739,139.5670613153781,142.94405129023522,16612752
2009-06-16,142.92332458496094,143.77688893388344,139.6374908048246,141.54352183658185,9519696
2009-06-17,141.82940673828125,144.3694020073125,138.92063998733246,140.7147971091421,13470704
2009-06-18,143.0144805908203,146.01855123918608,139.69135894508517,140.21758722854872,12714408
2009-06-19,146.7146759033203,147.93287435690996,142.30179950018228,143.2009469412679,14974920
2009-06-22,146.3831329345703,148.27258303837363,144.85830663102874,147.5267450751704,9418608
2009-06-23,144.804443359375,146.67318592034272,140.96337974406137,144.29893296845788,12632032
2009-06-24,145.64976501464844,147.08757321179573,142.7202703921137,145.05308842127798,10190424
2009-06-25,145.7782440185547,148.98535492693634,144.87494890122508,146.2257490425242,13230880
2009-06-26,151.4134521484375,152.48248901310382,145.43846098804195,147.9245885262991,12946176
2009-06-29,147.7546844482422,171.54278313131258,146.76438112345633,154.13160702124856,9795432
2009-06-30,147.22015380859375,149.08474905806935,145.70361229258964,148.75326545816256,8956848
2009-07-01,148.7698516845703,150.14136927397604,146.23400389418924,146.72709187203523,7992144
2009-07-02,148.89002990722656,149.4991291029169,146.2754485197769,148.43423987947378,8419040
2009-07-03,149.5944061279297,150.49355336352176,144.82932941074768,147.94112561467014,8891848
2009-07-06,145.95223999023438,150.77533293413373,145.05309265630828,149.99634437109043,13548688
2009-07-07,144.02137756347656,148.91904703714164,142.9523406450024,148.91904703714164,12685960
2009-07-08,141.4109344482422,144.02965339586027,140.05184938953042,143.28381514467344,9024592
2009-07-09,139.0200653076172,141.7092216366903,138.3943860428496,141.7092216366903,10921792
2009-07-10,142.63323974609375,146.66491072042766,137.98003707323176,140.8805183330294,24205400
2009-07-13,146.6897430419922,147.08752731344475,140.97165230728834,141.94124767542615,8249000
2009-07-14,150.1455078125,150.82089758678336,145.11523787344186,146.67321491402333,11646872
2009-07-15,148.4756622314453,151.11095099874896,145.43844147319138,149.30437129966862,15574832
2009-07-16,148.7615509033203,150.6261461575385,146.4245955644642,149.16762033745428,9393272
2009-07-17,154.66197204589844,155.3000739597076,149.333368876944,149.35408660292583,12571528
2009-07-20,163.3717041015625,165.24458453090395,154.97687738061776,154.97687738061776,20075736
2009-07-21,161.03062438964844,163.25570648785344,159.57209827368337,162.83306683437473,14524536
2009-07-22,159.09556579589844,163.65346552306832,156.8456187255437,161.03059938412693,15314264
2009-07-23,162.3234100341797,163.9642582509631,159.11216197351627,159.11216197351627,17288488
2009-07-24,166.04428100585938,167.1506054989609,162.43524926013285,162.43524926013285,14041208
2009-07-27,168.05393981933594,169.4627454520269,165.35234986456786,165.7418391401155,10443320
2009-07-28,165.49734497070312,168.93648753015697,163.00707022760744,166.9848736698673,14101128
2009-07-29,164.47389221191406,165.56779430141782,161.1176203328074,162.4518500862529,13927608
2009-07-30,166.89785766601562,167.56497250803994,164.60233760835524,164.60233760835524,22281496
2009-07-31,171.07452392578125,172.28857432927708,167.95442288630005,168.3853575689861,16582960
2009-08-03,172.07728576660156,173.48194355278446,169.7320351205854,171.04554705102407,14640824
2009-08-04,169.367431640625,172.98888656065006,167.482118334289,172.371502293578,9584856
2009-08-05,173.91287231445312,174.60897975550105,170.68918228598787,170.68918228598787,10347128
2009-08-06,170.5814666748047,174.0289044948018,169.06493514813934,174.0289044948018,6832848
2009-08-07,169.02764892578125,170.54832805897104,167.817735696489,170.54832805897104,9850600
2009-08-10,173.00961303710938,175.2719931655358,169.88538344650044,169.88538344650044,12412080
2009-08-11,172.7609405517578,174.8575781177995,170.66845057665142,172.2885805245996,9207256
2009-08-12,169.28871154785156,171.54279642056963,165.4103486258246,171.3770545882792,7314200
2009-08-13,171.0289764404297,172.67809934409888,168.77488177250993,169.98064736113122,11459720
2009-08-14,169.2513885498047,171.12841654627587,167.8964512943123,171.12841654627587,4906088
2009-08-17,164.29156494140625,167.81772590499057,163.3592672841095,167.81772590499057,10796904
2009-08-18,163.53330993652344,165.49320900174772,162.01263074532636,163.255694408334,10879064
2009-08-19,161.72256469726562,164.49873990472574,160.35519481896438,164.49873990472574,7609192
2009-08-20,164.9503936767578,165.46005178075788,162.42697859149948,163.33855857339054,4696576
2009-08-21,168.48486328125,169.471029239896,163.2557103191174,165.32748329271027,9837224
2009-08-24,172.03172302246094,172.7361257945021,169.93923243492688,170.7057883927364,5919008
2009-08-25,173.61456298828125,174.4391245274029,168.6423082010274,169.988960539242,8148232
2009-08-26,180.6295623779297,181.321542536688,174.44325733077162,174.44325733077162,14303176
2009-08-27,181.6364288330078,182.64744968957783,179.0508609963552,180.63368292651555,13123784
2009-08-28,181.54112243652344,182.23310251939674,177.44316062593523,180.74142637326253,7292688
2009-08-31,176.61032104492188,179.46523990703932,175.8727780835049,179.46523990703932,10788632
2009-09-01,177.74977111816406,181.48725650246828,175.9017663815087,177.3395642423628,11446120
2009-09-02,179.40304565429688,180.65853148436727,175.68627832424707,177.34369604428713,7847928
2009-09-03,181.25526428222656,182.6474997240135,177.00398222497756,179.9127594831367,13643728
2009-09-04,182.4029998779297,183.6419157959164,179.09231144419482,180.65441578177683,9014920
2009-09-07,184.32147216796875,184.80212748768622,182.00108671072425,183.55906384987668,8133400
2009-09-08,182.630859375,185.54791046404776,182.09634621620745,184.64462591552387,7909128
2009-09-09,181.46243286132812,183.8491191852145,180.40997632013162,182.73865705176112,7556600
2009-09-10,185.65570068359375,186.4512492672915,183.47619173980186,183.47619173980186,8824944
2009-09-11,187.90147399902344,188.52300576037527,182.96652799961288,182.96652799961288,9594120
2009-09-14,186.47195434570312,187.59900671968578,184.62394939399996,184.62394939399996,6304472
2009-09-15,188.16256713867188,188.53133867778587,185.63085654428147,186.11978686820913,6428216
2009-09-16,192.2646484375,192.6748553734771,188.29926751469367,188.93324208134436,10085952
2009-09-17,195.7327880859375,196.3874803936596,192.2605051589038,193.0892142328646,10261328
2009-09-18,195.92752075195312,197.8957045810147,194.04635541229112,194.8792119842825,5975112
2009-09-22,199.7313232421875,200.63048074275721,194.75494109309133,195.5132018555762,13272872
2009-09-23,196.15127563476562,199.20922402967625,195.41788029811678,198.89016296705518,10933336
2009-09-24,189.31442260742188,193.91790512815552,187.28408556655017,193.91790512815552,44169688
2009-09-25,185.67227172851562,189.96498886378276,185.05903509440128,189.7660865427673,21200256
2009-09-29,190.2176971435547,190.60303867235837,188.3820948709635,188.87517259849025,6782824
2009-09-30,191.1334228515625,192.67482958107186,187.6197050200201,187.6197050200201,8042976
2009-10-01,193.64859008789062,194.7466295951826,189.6334987284124,193.0892114709683,15046512
2009-10-05,192.51736450195312,193.5035199583455,189.8696234928202,191.84610222850958,7023408
2009-10-06,191.62655639648438,194.96211051641464,189.04926300847097,193.90963377607855,10445384
2009-10-07,186.68743896484375,192.93177000787833,184.55351307278082,191.8503006064406,15837168
2009-10-08,183.21104431152344,187.69849678965423,181.4251718384077,187.45403160830338,18074064
2009-10-09,180.45968627929688,188.68047580197629,179.5481063472383,184.80211349915075,25903608
2009-10-12,185.58106994628906,186.04515504058728,181.32151413309796,181.48725591932566,9146696
2009-10-13,185.58106994628906,185.58106994628906,185.58106994628906,185.58106994628906,0
2009-10-14,186.94435119628906,189.6086428710421,183.22758277442048,189.6086428710421,8163800
2009-10-15,184.576171875,189.09193707983965,181.96244677934524,188.5383997965311,7204728
2009-10-16,182.2911834716797,186.42405598656788,181.88331616098617,184.6260663280578,8313992
2009-10-20,182.1580352783203,185.0422895575068,180.64721896645668,183.04453204541494,12591872
2009-10-21,184.50961303710938,186.37417909838695,181.46302386533432,183.5273779260497,12899344
2009-10-22,184.22238159179688,187.28978011954027,182.39526980130125,183.12778500577272,15117160
2009-10-23,188.12213134765625,189.37072956456547,184.13909490682119,185.6249349138378,12532216
2009-10-26,189.27923583984375,191.4018536863642,185.62501167610452,188.57169655767024,10029776
2009-10-27,186.673828125,191.44762471466316,184.43049631878156,188.5383939584288,14337256
2009-10-28,187.84747314453125,188.78808805333682,184.82171505536294,186.5073229844106,12262776
2009-10-29,183.82284545898438,187.20653934175616,182.72822855583763,187.20653934175616,15260688
2009-10-30,183.6438751220703,187.2065471355638,178.3123551198571,185.45850912318193,14282728
2009-11-03,178.38726806640625,187.0650274617559,177.30931544817068,183.37749590364837,12042264
2009-11-04,186.2201385498047,188.12217843857815,179.7149483402169,179.7149483402169,12771288
2009-11-05,184.929931640625,186.64468185727327,180.2019211710281,185.30451122290071,9016400
2009-11-06,184.67611694335938,187.28984261810822,182.50771270104224,186.49073116070488,6601328
2009-11-09,185.7997589111328,186.45734588603213,183.12775042378155,185.62494702046948,5086712
2009-11-10,184.62193298339844,188.94209600646582,183.17773290515,188.62161426110626,6127880
2009-11-11,192.01361083984375,192.7003399129677,183.96015170957176,184.12663148487454,9474696
2009-11-12,193.6492919921875,195.53052182961915,190.34467208190776,190.34467208190776,8001216
2009-11-13,196.42117309570312,197.65312758688762,192.50058629585155,194.19033988013766,7251216
2009-11-16,195.77609252929688,197.66980038767298,194.3901562255802,197.06214501042686,5099088
2009-11-17,199.63426208496094,200.1753214508173,196.11737620689453,196.11737620689453,8147944
2009-11-18,202.5476531982422,203.38836399682253,199.7174965917617,199.74661836348363,8816704
2009-11-19,200.60401916503906,201.4405843338495,197.09963111026346,197.09963111026346,6498616
2009-11-20,201.998291015625,203.85454512346018,198.11099117755623,199.8673614551289,6156416
2009-11-23,200.354248046875,201.51544044141184,199.02657587327224,201.51544044141184,4655008
2009-11-24,202.66421508789062,203.67973797693023,198.96420496524402,200.83293697504246,7325904
2009-11-25,202.984619140625,204.5203909053201,201.12419964146815,202.77235337621482,5025976
2009-11-26,199.2305450439453,203.5548540113885,197.02885363787337,203.5215661785384,7643840
2009-11-27,193.77005004882812,199.359602379119,192.04282176099233,196.11324559716257,8169288
2009-11-30,198.056884765625,199.1847692699829,195.63459529513068,195.830217209346,7009016
2009-12-01,199.42202758789062,202.02327494764083,196.03000103077633,202.02327494764083,6511080
2009-12-02,199.3928680419922,200.44169901457036,196.27970360313824,200.18364717016428,7410024
2009-12-03,197.8571014404297,201.3573437456829,196.7874807825432,199.9422652654528,7344480
2009-12-04,198.41064453125,201.73190859250826,197.29938367707558,198.2774525551288,7718720
2009-12-07,198.99330139160156,201.97743943814208,197.69475089890642,199.35121668280547,6889896
2009-12-08,203.6464385986328,204.02101819139548,198.12346247422374,199.75080676945245,8611792
2009-12-09,204.4829559326172,204.93660926886616,201.61949152203226,202.2729327877111,7670064
2009-12-10,204.18333435058594,205.14059332112055,202.28131458943514,205.14059332112055,4517448
2009-12-11,204.83258056640625,207.15496560943015,204.0667775634112,205.18635013560558,6840432
2009-12-14,207.99566650390625,209.5980343198943,203.94188809362035,204.3539214675697,9189776
2009-12-15,208.6033935546875,209.34838673129025,206.86783319384227,207.26738885125752,8746848
2009-12-16,211.8372039794922,212.76117495738166,206.98433428266185,208.5991801420964,9163072
2009-12-17,213.0109405517578,214.0888933767756,211.02982652828902,211.84558175233437,8603088
2009-12-18,210.25985717773438,213.4271399770217,208.84894469670337,213.4271399770217,11180776
2009-12-21,208.94049072265625,211.82891132097163,206.16443180116073,206.6722033433965,8766008
2009-12-22,208.29957580566406,210.60533793741754,207.83344442882617,209.75627446249544,5762168
2009-12-23,215.0710906982422,216.00753956920698,209.0153879993367,209.0153879993367,10708656
2009-12-24,215.74111938476562,216.42368231839956,213.10656505858668,215.91591093483515,5583144
2009-12-29,214.52175903320312,216.58194712363715,213.3688982951366,216.015931906083,6281944
2009-12-30,214.75892639160156,217.25612321010857,213.40211205576483,213.68513988853945,4970400
2009-12-31,216.51535034179688,217.58913711295907,215.17517958569212,215.17517958569212,9255248
2010-01-04,217.47259521484375,218.92096150809112,216.03254071918212,217.25616332171782,4069264
2010-01-05,218.20086669921875,218.97914738078214,216.43201925625257,218.08848473277112,6895528
2010-01-06,215.01699829101562,223.33265634507578,214.35107907716525,223.33265634507578,6817288
2010-01-07,210.18495178222656,215.30837262338463,209.6147502346372,215.30837262338463,10892600
2010-01-08,205.11972045898438,210.0392057891353,204.6036372366673,209.6812702193511,12649312
2010-01-11,207.2381591796875,208.49092343853724,205.93546318616347,206.02703518308743,7849656
2010-01-12,215.33743286132812,215.92427815978772,208.09972837296425,208.09972837296425,24859680
2010-01-13,223.37428283691406,224.33154173485502,206.17276476933313,206.17276476933313,19704040
2010-01-14,223.89451599121094,224.9891125227048,220.60237395577948,222.99968708632926,8413904
2010-01-15,222.73333740234375,224.12343972355305,220.9311813018435,223.89452998938785,5049504
2010-01-18,223.63645935058594,223.91532113219318,221.0851646569164,221.66784393123808,6140088
2010-01-19,219.4120635986328,223.74887089935152,218.76280857926392,223.08295164072248,5837512
2010-01-20,221.22665405273438,222.51687236210574,219.5868322659166,220.47332897539553,6091992
2010-01-21,218.52139282226562,221.80936904389645,216.423751297218,220.0030671840566,6682792
2010-01-22,214.3927001953125,217.25614470156282,212.42823037486144,216.42374567971777,13486496
2010-01-25,211.62086486816406,213.92244065981848,209.5981306312211,212.2618082246282,6498712
2010-01-27,208.2870635986328,210.91745286839014,206.86365301692825,210.76345090687911,9840856
2010-01-28,207.4130096435547,212.6696009162802,206.39332092352518,209.18185742319773,12732872
2010-01-29,206.06033325195312,208.09971041401042,200.17527750589238,204.13748379883273,15012280
2010-02-01,204.0418243408203,210.59696709118833,198.95171209911436,203.6880547320703,12308784
2010-02-02,203.1011962890625,208.182996407357,201.57790200699932,208.182996407357,9889384
2010-02-03,205.86892700195312,208.09976049895033,203.93776528897132,203.93776528897132,6405608
2010-02-04,202.19386291503906,205.602532414302,200.81623864352372,205.18633295597346,6176408
2010-02-05,195.8385467529297,199.64677291856708,193.86576480370428,198.97668752879824,13544872
2010-02-08,200.07546997070312,203.2718746121185,195.15598281249459,197.68646812676135,9252480
2010-02-09,205.91883850097656,206.6014015164786,199.29710136213896,200.1086902681767,10387392
2010-02-10,205.34873962402344,207.78350755725592,203.77134702745585,207.3506639891309,7187984
2010-02-11,207.970703125,209.61052492524112,205.60253227318384,205.85225194800955,6453888
2010-02-15,207.98739624023438,211.62914235959863,206.0063026090954,208.6824576284849,8950128
2010-02-16,211.54998779296875,212.3449327070248,207.12163026587788,208.0996988504751,4418096
2010-02-17,209.6521759033203,213.62688131595738,209.23183064626969,212.27839893674673,7991184
2010-02-18,210.9008026123047,212.0120636069872,209.09866658058573,210.0143056460262,3721696
2010-02-19,210.79672241210938,211.8039333681844,208.52843505338151,210.17242313906502,5998992
2010-02-22,213.78915405273438,215.73279305853666,212.6862256420852,212.6862256420852,5855400
2010-02-23,214.86712646484375,215.5080695365225,212.67791335102936,212.93596513213137,3786032
2010-02-24,214.45094299316406,216.28222066130508,212.3449696103539,213.7600478084629,5427016
2010-02-25,217.86798095703125,218.89598162571278,213.97651526474124,213.97651526474124,8729568
2010-02-26,216.5861358642578,218.92102000903208,214.93383541609415,218.00538076184603,10546368
2010-03-02,219.83660888671875,220.64819803349857,218.30914836362518,219.04999577813484,8534656
2010-03-03,221.93836975097656,222.79157867360104,219.1415011537701,220.67729347228612,5904976
2010-03-04,218.40478515625,221.75102402186266,216.75663158893784,221.5845442740985,6755240
2010-03-05,219.39535522460938,219.7532907854118,217.5099800064248,219.24551937099008,4984808
2010-03-08,221.38070678710938,223.0288610701698,219.59521478139547,220.83548131195832,8664992
2010-03-09,223.4117431640625,224.8726075887489,217.90959753337847,220.58991846036344,7958752
2010-03-10,221.35577392578125,224.0360954871323,220.5858046078106,222.6584706429623,7330952
2010-03-11,223.3284912109375,224.33153609540423,220.5857405019745,221.83433903311774,4298424
2010-03-12,222.52113342285156,225.08076116165364,221.1102207337175,224.73946933424764,3176920
2010-03-15,224.8517608642578,225.78820966008306,219.4203578484715,220.95196375008095,10582856
2010-03-16,227.44053649902344,228.48934698852148,223.2743756666193,224.74771775187804,5881344
2010-03-17,227.93585205078125,229.21773854956857,225.82987824085015,227.66115628039998,6352000
2010-03-18,232.03958129882812,232.56397647415506,228.07735345300975,228.07735345300975,8923048
2010-03-19,230.7701416015625,232.6555171807679,229.74628678172132,231.41525081735892,12582544
2010-03-22,229.5256805419922,231.1571906285112,228.31870205293444,229.08452535205979,4108528
2010-03-23,231.03236389160156,232.98850172314636,230.087582810022,230.57871045894723,4792560
2010-03-25,234.23297119140625,238.8985728190996,228.98054437956756,230.65782065565332,15207528
2010-03-26,230.978271484375,235.15274482556683,229.9918704258553,234.40358563851194,9105680
2010-03-29,226.13368225097656,230.57453935996537,224.76855592301317,229.57566048909186,13981704
2010-03-30,220.0946502685547,225.9963516543133,218.97091150342274,225.9963516543133,10649936
2010-03-31,217.75135803222656,222.80818069602861,216.97307735467857,220.91030738491986,13070104
2010-04-01,222.2880096435547,222.91647501733152,218.0885603231548,218.1052042404102,8187000
2010-04-05,222.9122772216797,223.9153220409954,219.58684741418062,222.99968317763074,7318616
2010-04-06,220.68975830078125,223.49910458749557,220.1903189609209,223.2493849175654,5348808
2010-04-07,220.0655517578125,222.65015549397071,217.87217160477422,221.0477869374363,8380880
2010-04-08,221.73028564453125,222.90812211136256,218.92093899394357,219.7533380015251,7227984
2010-04-09,222.76666259765625,224.55632081947647,221.83437958841296,222.25057917488277,8260312
2010-04-12,223.34104919433594,224.58131593848503,220.75644547833352,223.57410472476198,8325648
2010-04-13,231.56509399414062,232.559827161375,219.33715952917254,223.91535450985734,57635400
2010-04-15,233.20494079589844,235.12777053023913,229.68388852620478,232.07286988706403,22395128
2010-04-16,232.12286376953125,233.82095011637958,230.6619990163874,232.4142035080173,6244344
2010-04-19,229.06784057617188,230.9615480357599,227.74433448056396,230.9615480357599,8754896
2010-04-20,227.02017211914062,232.2351434676128,226.41251681471192,230.19993207760507,9542128
2010-04-21,225.78404235839844,228.88889441325063,224.7726857933689,228.3270251388477,6496288
2010-04-22,226.27940368652344,229.97943460559097,224.16511772326825,225.41371659658762,6978144
2010-04-23,226.99105834960938,229.21772584244056,226.15034748958695,227.66114365956412,5888336
2010-04-26,227.98997497558594,229.24273983689253,226.8329482156925,227.25331387642942,4454288
2010-04-27,227.86509704589844,228.2771305530933,226.94529193767912,227.17005596182585,3280256
2010-04-28,224.7061309814453,227.40726192360825,224.00692388521045,225.58848213253307,5544496
2010-04-29,225.50936889648438,227.4863165384949,222.66673441592158,224.66449203311117,11319960
2010-04-30,227.9232940673828,229.64220996956334,222.84151509880445,225.74657909767782,8067024
2010-05-03,224.32318115234375,225.99214508361007,223.2493946537106,225.41363188749006,5408952
2010-05-04,221.93011474609375,225.247233838955,221.0436176863803,225.16399391514165,6576208
2010-05-05,224.1650390625,225.4136374976792,217.2561277211753,220.5357714820165,12122080
2010-05-06,221.2640838623047,223.9402582577486,220.21527354409204,223.9402582577486,7808360
2010-05-07,217.82635498046875,220.19869228878594,217.01059984158135,219.59520297351227,8984392
2010-05-10,222.72500610351562,223.39925745189166,218.088547535249,218.088547535249,5635408
2010-05-11,221.48057556152344,222.6251242466577,219.4203879282818,222.23390076055117,5802824
2010-05-12,223.2244873046875,224.6562098508022,220.77307574814213,221.08522544521276,9185176
2010-05-13,225.25961303710938,226.66221326793806,221.52215022376063,223.41585766108915,4923880
2010-05-14,220.743896484375,226.99522149417126,218.9209506892814,225.5801431056854,6824496
2010-05-17,217.78469848632812,220.42339898523406,214.4301267908659,219.337114335557,8170824
2010-05-18,218.8542938232422,221.418086254851,214.92954151344662,221.418086254851,7144600
2010-05-19,216.66098022460938,220.7813552438144,215.87851297711268,218.58797576631088,11939240
2010-05-20,216.48619079589844,219.2997037515905,215.30002210654283,217.42263976117914,6508872
2010-05-21,214.9045867919922,217.0896339124685,212.95678148777736,213.76003830031408,7127200
2010-05-24,216.45704650878906,218.92095589029182,214.69653060077383,217.33939765382203,7186104
2010-05-25,210.8799591064453,215.32914811576978,208.94048565215863,215.32914811576978,8838128
2010-05-26,219.47544860839844,221.053854201376,214.04937145555755,214.78624966404197,7868856
2010-05-27,221.34271240234375,223.07184597404193,217.30246594279137,220.04061852205984,11312696
2010-05-28,224.1981658935547,224.78012497185682,220.8361854156995,223.5785298355458,6793992
2010-05-31,222.5695037841797,229.01715306611416,219.76854854191888,229.01715306611416,7020752
2010-06-01,219.7517852783203,222.52761546513375,219.18656932182373,222.31827622198688,5782888
2010-06-02,221.08311462402344,222.06281792713,219.73079165800502,220.64350233284793,6557144
2010-06-03,225.9188995361328,226.5720420296755,222.73694320463798,222.73694320463798,5517096
2010-06-04,228.51051330566406,229.2683254092785,224.61680361555028,225.9188977188581,4950400
2010-06-07,223.71241760253906,226.92368905485276,221.89954833777114,226.92368905485276,7781952
2010-06-08,222.27635192871094,225.16523275053822,221.71951786065634,223.712410594713,6651144
2010-06-09,219.80197143554688,223.40679658605842,219.09440902077282,223.40679658605842,5427120
2010-06-10,221.52691650390625,222.23447886075647,219.43352465329627,219.8228873601978,5187448
2010-06-11,220.28768920898438,225.32438330513594,219.47126614720062,223.1472551403793,9912864
2010-06-14,229.9717559814453,231.01428197188253,221.90802310490565,221.90802310490565,9728848
2010-06-15,228.9918975830078,232.78512694161077,227.93684056859038,229.9799824263072,7946312
2010-06-16,231.89756774902344,232.7433062350145,229.60321845526525,230.68340047418707,5720064
2010-06-17,231.51669311523438,233.10348078004364,229.10090962986982,232.45033813323047,5639240
2010-06-18,233.30441284179688,235.71600518958752,226.74373274307843,226.74373274307843,8356232
2010-06-21,234.5269012451172,236.03414351476025,233.72722139673357,234.40965902484263,7164752
2010-06-22,231.7050323486328,234.40550830885292,231.1105007816276,233.62257144229744,4763688
2010-06-23,234.27154541015625,234.87443833765613,227.5810714220619,230.03034055019955,4948088
2010-06-24,236.3607177734375,237.2818103232951,233.04060598694574,235.6657074880702,12316104
2010-06-25,232.5926055908203,235.4605527706893,232.03158059611553,235.29727227538243,3345664
2010-06-28,235.21353149414062,235.8834169522941,231.94783988564242,231.94783988564242,3834168
2010-06-29,233.91976928710938,235.5986734463664,231.70496505320068,233.8779014549248,3773072
2010-06-30,233.706298828125,235.18422550366626,228.7658933709916,232.61773491384136,9449976
2010-07-01,231.7008819580078,233.70634796384488,230.3569198310775,233.70634796384488,5847248
2010-07-02,228.3891143798828,232.36236912800865,227.42615386095756,232.36236912800865,11169440
2010-07-05,229.72463989257812,230.44058402243766,227.76104234775815,228.5983991210955,3616720
2010-07-06,233.2122802734375,234.3761981964924,229.68699951874908,229.68699951874908,5872600
2010-07-07,232.93182373046875,234.42651441109686,231.54599356731123,234.42651441109686,5923392
2010-07-08,236.84646606445312,238.34532716150667,234.4683799740544,234.96241250728494,6278192
2010-07-09,240.63967895507812,241.20070410352997,237.65031830271988,237.65031830271988,7859112
2010-07-12,242.49021911621094,243.67090073005292,238.64675844695904,238.65094932085242,8597240
2010-07-13,234.1878204345703,240.74432987409085,232.8689831513507,240.32146049779809,25502384
2010-07-14,229.67864990234375,235.2135880074959,229.18461743557006,233.61841878834986,14193928
2010-07-15,231.07705688476562,232.45031425274797,229.43582890941263,230.18525937138998,8328136
2010-07-16,232.53399658203125,233.70629616868894,230.35686877823838,230.69181151728344,8205560
2010-07-19,231.9854736328125,233.85697396016243,229.07985008807464,230.1893476714309,7047120
2010-07-20,231.0811767578125,232.9945453524856,230.56621046830875,231.98552625161076,5054736
2010-07-21,232.08599853515625,232.70146398497343,231.11048600162889,231.72176057862293,2634480
2010-07-22,230.64993286132812,231.5082235898918,228.3513925110505,231.5082235898918,8226952
2010-07-23,233.32534790039062,240.3256609194519,231.52922114149467,233.3714066261648,5323096
2010-07-26,234.83255004882812,235.29728721365416,233.6225734256566,233.6225734256566,4470816
2010-07-27,236.8715057373047,237.30692720314946,234.7111210128539,234.7111210128539,5093960
2010-07-28,237.1479034423828,237.68380378867082,235.4648075581266,236.8883145739474,3725168
2010-07-29,237.23580932617188,237.80940709454248,235.36851942086957,236.53662844100387,3613008
2010-07-30,233.48861694335938,237.07669985400506,231.1105312484076,235.7159947334302,4472672
2010-08-02,234.20458984375,235.53180902370352,232.88156153795143,234.45998784774184,3815232
2010-08-03,233.145263671875,236.05088775099426,231.90597148860542,234.87858820203581,2434584
2010-08-04,240.69822692871094,242.16360141862307,233.62256153456374,233.62256153456374,9536024
2010-08-05,240.2586669921875,243.4029467436685,239.61390616463342,241.1588258037815,6594296
2010-08-06,239.80226135253906,242.16360360609968,238.81417617033065,239.5677973433787,3676480
2010-08-09,240.7108917236328,241.40171144922823,235.82073360097732,238.521210710123,4201544
2010-08-10,236.89248657226562,240.32145940437817,235.71599589662875,240.32145940437817,4811984
2010-08-11,235.37266540527344,239.30824321251723,234.45995447409922,237.306968206999,5344800
2010-08-12,232.1739044189453,234.12494975556442,230.60805136867825,234.12494975556442,6973400
2010-08-13,232.55491638183594,234.29243173512538,230.6917975090316,232.36651110256358,5561808
2010-08-16,231.2695770263672,232.61772971353895,230.27313056595827,231.11048740437994,5193608
2010-08-17,230.31500244140625,232.4921302594308,228.59842089257918,230.69181302529512,5140640
2010-08-18,235.06704711914062,236.0928094585153,230.95561601421014,231.5375954919947,6128144
2010-08-19,234.84507751464844,236.55327707265775,233.45086628823475,235.71592033965717,4826744
2010-08-20,231.9143524169922,234.71111601091195,230.60806760401408,234.71111601091195,4624824
2010-08-23,234.72369384765625,235.29729150782697,231.2193674482876,232.11533525256098,4511832
2010-08-24,231.5500946044922,233.53881705159702,230.70854691190306,233.53881705159702,5247552
2010-08-25,232.02325439453125,233.95336646336878,230.7714097064558,231.27801480509544,3502008
2010-08-26,231.58360290527344,233.0322344311434,230.05125613267484,232.36653978420216,7834984
2010-08-27,226.9153594970703,230.94305474222392,224.52889210760208,230.94305474222392,6973800
2010-08-30,226.12393188476562,229.10073833001104,223.26436761544878,227.7065479352465,4781168
2010-08-31,227.24609375,228.09600276360143,224.08924211483543,224.8303110940785,7722280
2010-09-01,232.46287536621094,233.16207669864684,226.77722902464006,227.24615716227572,10131800
2010-09-02,230.52439880371094,235.63227687382584,229.92986711331693,234.376241282814,3402512
2010-09-03,232.5716552734375,234.7948416177827,231.20258920115677,231.20258920115677,7606688
2010-09-06,237.1101837158203,237.80938497925325,233.2541711344298,233.3085911614241,6391192
2010-09-07,239.89857482910156,240.56426951438345,235.314045536881,237.8093733316233,8321272
2010-09-08,241.10853576660156,241.71144908462225,236.5533224427172,239.23286450224532,9386496
2010-09-09,242.414794921875,242.83347332415804,239.31657474498058,240.32978465581806,7591392
2010-09-13,245.92327880859375,246.60154590673528,241.32619874472363,241.99608409862986,6650488
2010-09-14,249.16390991210938,251.20705242787653,247.02026822074527,247.07051780854374,9767144
2010-09-15,255.63243103027344,256.2311328529293,248.6111873988062,249.11360138479236,14344648
2010-09-16,248.3559112548828,253.89084955718573,247.7111504121877,253.89084955718573,7088984
2010-09-17,248.70751953125,252.25373372457426,247.80736097936978,248.35583376707856,8616488
2010-09-20,251.92724609375,252.71435353047977,249.11371827474397,249.11371827474397,5025976
2010-09-21,256.1600646972656,256.64992673147395,250.9224128897241,252.4631416298186,9223912
2010-09-22,252.4044952392578,256.4740375199217,250.74233361028408,256.27308004061126,10806440
2010-09-23,253.12461853027344,254.11689467096176,248.9504064946221,251.6299486741989,11181376
2010-09-24,255.31845092773438,256.1223011295125,250.67529146514076,253.12455992155407,8791520
2010-09-27,253.93685913085938,256.2312088365926,253.16230400610823,255.81253039078115,7210320
2010-09-28,252.5971221923828,253.56008274770113,251.29083708785387,253.300493898953,6209144
2010-09-29,253.80697631835938,257.82209712649376,251.42470088013943,253.38410714672622,8972920
2010-09-30,255.43572998046875,257.4872544467928,251.83090432955677,255.13846418342615,13665816
2010-10-01,259.7606201171875,260.4221442260797,253.40928133432257,255.47754845075784,8086512
2010-10-04,257.7761535644531,264.7722751706653,256.44476415314824,260.58549030079394,7636640
2010-10-05,258.2994384765625,260.5016908679596,257.0685281146371,257.48720649918863,5189152
2010-10-06,259.8988342285156,261.4981736139637,257.62122758845135,260.083048654682,5788528
2010-10-07,255.6827850341797,259.3713469380498,254.72401529799754,258.6595934436274,6833672
2010-10-08,257.5960388183594,258.37895504594724,254.30941385878427,256.23114334521773,6548160
2010-10-11,257.4412536621094,259.3294980416419,256.1182253341691,257.93111575080485,4493832
2010-10-12,257.50396728515625,258.32039019127444,255.41895696376716,257.2360171892405,4625624
2010-10-13,264.0059509277344,265.006587851455,257.5038654725697,257.9895363287372,13024504
2010-10-14,266.7190856933594,270.3783309712518,264.2865600006241,265.03181984925436,9193376
2010-10-15,257.5960388183594,271.1360922064755,256.3274311858303,267.95413683160024,25870360
2010-10-18,260.17095947265625,261.16321505602974,254.49786691628734,257.94777298737114,12591096
2010-10-19,252.06114196777344,260.0034794598998,251.2907777939491,259.1368069872965,14077712
2010-10-20,252.76454162597656,254.9416693903923,250.3696929078065,252.0276635247487,7093856
2010-10-21,257.5039367675781,257.8391302929829,252.89179899361028,254.39806699973093,9231920
2010-10-22,259.0909118652344,261.78522322066647,254.83518111378314,255.0261165641681,11345744
2010-10-25,256.20562744140625,260.93658290631055,255.43765931687452,259.5703463148504,5224432
2010-10-26,255.75587463378906,258.2550029168256,254.80967114854477,256.2777564798906,6925872
2010-10-27,252.9003143310547,255.4291519389978,251.797131947265,254.7502704720503,9072696
2010-10-28,252.10694885253906,257.37250800983304,250.1721320308212,253.222852263555,18232152
2010-10-29,252.1790313720703,254.4108585913356,249.82840816974382,253.64711685440363,6886024
2010-11-01,254.7205810546875,257.2918489555373,253.1379467981395,253.1379467981395,4552944
2010-11-02,256.8759765625,257.3469546400663,253.29063445229366,254.75022520329998,4998504
2010-11-03,256.6468811035156,258.37802040362413,255.8576773245952,257.2918060092467,3047536
2010-11-04,261.1274719238281,261.79363256610634,257.3766564371086,258.31436548824234,5514792
2010-11-08,255.9298095703125,261.7087961379168,255.1533472074194,261.7087961379168,5381520
2010-11-09,259.65521240234375,260.9450831412994,257.12637460752427,257.7034280406365,5266960
2010-11-10,261.59423828125,263.49087168339304,257.1348521801545,258.6538411887221,9728432
2010-11-11,259.21820068359375,261.70885583150556,258.90846924186883,261.70885583150556,5586392
2010-11-12,254.398193359375,257.8689677229629,253.64717220039034,257.80532256433116,7499456
2010-11-15,257.13067626953125,258.3950850760723,252.67976252295995,254.83520350960453,5850488
2010-11-16,252.11537170410156,256.19290788606406,249.51016807287175,255.59888656933583,8375136
2010-11-18,254.91575622558594,257.2833678887212,251.07158558633392,253.64710056538516,7128224
2010-11-19,251.50869750976562,255.3189126966023,249.9133213993727,253.52412752105087,5664792
2010-11-22,258.2889099121094,260.35101630344764,252.14928869561703,252.14928869561703,8780144
2010-11-23,255.60736083984375,259.5703271701064,252.87909357545905,256.9481351325372,4579872
2010-11-24,254.23269653320312,257.5422447450904,250.35883620821377,256.60878242891704,4038888
2010-11-25,260.0412902832031,264.0000092319069,255.05150775878602,255.05150775878602,18331976
2010-11-26,258.1488952636719,263.40597887504066,256.86749835508516,260.5207329724146,9515792
2010-11-29,260.00738525390625,262.6974492393585,258.9211706355342,260.09649260048195,4964328
2010-11-30,258.9084167480469,261.5984803891156,255.61583752423937,258.27196537944303,9072544
2010-12-01,259.02734375,260.2238812153923,257.55078411502217,258.8067195946348,4624096
2010-12-02,262.9392395019531,263.8642070775256,257.2960381377834,259.3326822391379,7197360
2010-12-03,265.1881103515625,267.1314005370903,263.3211860546875,263.6606268359375,6647816
2010-12-06,266.7494812011719,269.54986713777356,265.2729223580906,265.6123630776787,6023648
2010-12-07,269.736572265625,271.1282709089856,266.4779289733056,266.95740141358453,6085496
2010-12-08,265.7099914550781,268.5061514563524,264.25464739703665,268.07335617445045,6951112
2010-12-09,267.43267822265625,270.03365583271955,266.5586140025009,266.8853340658314,7931128
2010-12-10,266.8216857910156,268.3279543519731,264.57713762825193,266.8853309414786,6125120
2010-12-13,266.9106750488281,267.8526104282214,260.9450014414178,267.22465350862586,6849080
2010-12-14,268.0436096191406,269.3462217195619,265.34082521247547,268.4721576882505,3933584
2010-12-15,271.8453674316406,272.3163456226354,267.0295517214242,267.0295517214242,8254392
2010-12-16,279.4700927734375,280.03865195353643,272.4012341729854,273.1989117429365,8509144
2010-12-20,284.27740478515625,285.45272676761226,275.9653528668186,275.9738471734078,11346320
2010-12-21,282.5207214355469,285.9448375877849,280.9762704825785,284.32824720307235,8059840
2010-12-22,282.79656982421875,285.1047627396853,281.20544133683563,282.1601184292655,5927280
2010-12-23,285.8006591796875,286.1485942866786,282.5208207381153,283.7725086876196,6231504
2010-12-24,285.99151611328125,286.9801496021629,283.6069575795775,284.0270113105248,3620064
2010-12-27,286.5643615722656,287.8287908085793,284.8756521122875,284.8756521122875,3691760
2010-12-28,287.05230712890625,287.67179064590135,285.4272428131289,286.06369422418834,2554440
2010-12-29,288.94049072265625,289.79758704173884,286.0722324969111,286.912340201499,3802920
2010-12-30,292.5088195800781,293.10708804637704,288.6943582900332,289.3732397910092,8991688
2010-12-31,292.1524353027344,292.8525319090077,288.9616836948935,291.32504840441135,5859728
2011-01-03,293.4762268066406,294.43937746823246,290.87524972586414,292.25847487420407,5048544
2011-01-04,295.43646240234375,296.9257626690399,293.361635194876,293.361635194876,8119288
2011-01-05,293.58233642578125,295.05889551916295,292.35186360868954,294.0405731877767,3523160
2011-01-06,295.156494140625,296.41667638835133,292.267020926442,295.31349379658246,4691840
2011-01-07,286.0424499511719,296.5863272504178,284.8204716539194,293.90051085729414,8550928
2011-01-10,288.1640319824219,292.1863972846226,284.4513981315109,286.40318278456124,10390408
2011-01-11,282.21954345703125,290.51038027945265,279.02881258863414,283.433048376579,12319416
2011-01-12,286.5982666015625,287.6759866557954,281.58302208689713,284.2815797336031,10035400
2011-01-13,271.9938659667969,279.95375561402716,271.1282962069769,279.44459449438966,22352872
2011-01-14,271.9174499511719,278.1631461031498,270.2796445080779,270.377225417556,10321640
2011-01-17,277.3909606933594,278.4856487288867,270.81004958686253,271.5525761623063,8218616
2011-01-18,281.9903564453125,283.0680765048356,275.7955637819036,275.7955637819036,9797168
2011-01-19,275.76171875,281.22670743290075,274.59064382714337,280.6454067661956,6935088
2011-01-20,279.6906433105469,280.6665353258911,273.0885382505576,274.268086399369,7231848
2011-01-21,275.27374267578125,278.1717099514481,274.18328091919733,277.5776886062193,4626824
2011-01-24,278.7360534667969,279.1900638334119,273.86933332580475,274.94705374475825,7501360
2011-01-25,276.6144104003906,280.45010618089754,274.61172306851904,277.06842054046854,9925912
2011-01-27,271.28955078125,277.40797916560706,270.32215283941304,277.40797916560706,12710648
2011-01-28,268.84979248046875,277.36976766452307,266.51613734384046,272.0447909436713,12684296
2011-01-31,264.5685729980469,266.3336688452846,261.895477389117,266.3336688452846,7749368
2011-02-01,262.15008544921875,265.4766006349431,258.2380432605177,265.29840667299413,10301688
2011-02-02,262.1543884277344,268.4976887546659,260.09652845545224,264.1698182974952,9174728
2011-02-03,264.5600891113281,267.5641310106197,261.89546719325074,263.1853377060026,6049408
2011-02-04,258.6454162597656,265.07782408476834,256.82092181186437,262.98178111841867,6959880
2011-02-07,262.0014953613281,264.24604243702566,259.7569482856306,260.9364962158105,7341128
2011-02-08,262.7780456542969,264.7637656092391,260.6904769075585,263.06656198353886,6023992
2011-02-09,265.6717224121094,268.1326672711232,260.34249974626835,261.7936168985367,7504144
2011-02-10,259.09515380859375,264.25465801880665,258.05986353088986,263.54606707449835,8252152
2011-02-11,258.0470886230469,260.41043222351715,256.30745491967895,257.1433152684115,11214152
2011-02-14,263.4527587890625,264.6195866308997,258.0174584077035,258.3144691310802,6979048
2011-02-15,263.62249755859375,265.52760518762767,260.87301424004966,263.06665902257777,4599952
2011-02-16,263.3211364746094,265.07773804326774,261.4627068343131,261.56028775342077,2920384
2011-02-17,264.19952392578125,265.44271762497095,263.25332022222335,264.6365456884501,3392984
2011-02-18,263.0920104980469,266.8852562606363,262.1415806606502,265.1880527232078,7102304
2011-02-21,268.60369873046875,269.66869818848386,261.0299272711229,263.0665716971655,9398952
2011-02-22,266.6180114746094,268.75223708794255,264.25464676092616,266.47797972241534,6085648
2011-02-23,261.267578125,263.5672770282349,260.52505140279084,263.5672770282349,7076384
2011-02-24,255.32737731933594,261.36941949660195,254.15630240010483,258.8236134625442,16486520
2011-02-25,255.1999969482422,258.1997915689431,251.69526773473822,256.54926538295774,10366720
2011-02-28,254.33453369140625,266.0197800060073,251.81416897911134,256.44754455030665,14514472
2011-03-01,261.5730285644531,263.7454576092372,255.25943902464138,257.12636311325247,8377632
2011-03-03,256.79534912109375,259.58724021384273,254.66535072956586,259.5108743537982,12571856
2011-03-04,259.8589172363281,262.21803509368067,258.6539064613394,260.2662503664462,9770912
2011-03-07,258.20404052734375,260.9450282193573,256.74444971631397,257.6354815199898,7357728
2011-03-08,264.44976806640625,265.78206867321643,256.2946969441916,257.1475458483442,8514512
2011-03-09,262.68463134765625,265.8499195323326,260.60555737963244,264.76370531568,6676440
2011-03-10,262.2392272949219,263.06661422676416,259.88435679660165,262.6423132360758,3438200
2011-03-11,259.1545104980469,261.2845094271429,258.39926313921734,260.35104739281405,7278272
2011-03-14,263.1343994140625,263.7453884483725,257.18144650729556,257.55059650605233,3557952
2011-03-15,257.1391296386719,259.57886041614717,255.0897640727216,257.2961292975688,9037824
2011-03-16,257.2027587890625,259.79524191054674,256.28203809666417,256.7020919216991,5594720
2011-03-17,252.7730712890625,254.49573747690206,252.11965189859154,253.23132879557278,8321376
2011-03-18,249.58224487304688,254.13923168683468,248.8609334552167,252.89601781247418,7468000
2011-03-21,247.98695373535156,250.93159837898747,246.4637173679578,250.45637299651835,6607096
2011-03-22,249.74778747558594,250.91036794038698,248.13119670506183,249.07737954080028,5119744
2011-03-23,254.0163116455078,254.47879563507246,248.38582856330626,249.0434951746372,7266720
2011-03-24,254.8181610107422,255.61583844179515,252.77726947119626,253.98227992318144,8189232
2011-03-25,268.4169921875,270.2796689650616,257.9791902149089,258.31438377696935,12662792
2011-03-28,266.4228210449219,267.950304507273,263.8939831692432,266.37614379556373,12056632
2011-03-29,269.2911071777344,270.5936987358772,265.52330210181105,265.7821298392481,9860592
2011-03-30,269.083251953125,271.8497032954866,267.8739938691666,269.1766064783155,5608128
2011-03-31,275.0573425292969,277.0685249219195,268.489151284223,270.0251290356961,18839928
2011-04-01,273.0926818847656,276.3258618685318,272.2313596542802,274.5310779933465,5588288
2011-04-04,278.6086120605469,279.69907334904747,273.33456166786465,273.67400229086104,7375992
2011-04-05,278.6172180175781,279.4446048677027,274.19176740891174,278.0825946785491,4302536
2011-04-06,277.9298095703125,279.9537331455636,275.96955184772537,278.2565295496523,6766920
2011-04-07,275.4476013183594,276.80536395851703,274.7517521088413,276.80536395851703,3800288
2011-04-08,273.8693542480469,277.03887059571264,272.1848708270362,275.11679516584474,4832928
2011-04-11,275.08282470703125,276.7969965542375,269.9402884475907,271.15379341630455,8000064
2011-04-13,280.56475830078125,281.489746809945,271.21316943080495,272.4860722910872,11068904
2011-04-15,253.68955993652344,279.9198552202667,252.6712375684892,279.71193116253573,81019736
2011-04-18,246.6122589111328,251.78023729445553,244.39739919380924,247.70694730789205,41086712
2011-04-19,245.02105712890625,248.38575509026865,244.4821866809238,246.6036912512199,19210632
2011-04-20,246.71400451660156,248.46211178724388,245.3307794443137,247.70686447525134,17949856
2011-04-21,246.94320678710938,249.53144314690553,246.18795921842974,247.6814864576503,23953696
2011-04-25,249.59925842285156,251.52133326543773,246.72248581126533,247.36743148408,15527240
2011-04-26,249.6884002685547,250.75762628297102,247.79176664426902,249.06466955511286,18230880
2011-04-27,250.60488891601562,251.58078120656512,249.7011360818965,249.913286579842,9981328
2011-04-28,248.56820678710938,251.01643145267155,247.87660455485246,250.25268977482366,23419304
2011-04-29,246.62481689453125,248.55538535366264,245.07187196845908,246.94304246471776,16254336
2011-05-02,248.0081329345703,249.82837972343455,246.94313349021553,247.7111222929154,13468184
2011-05-03,247.03221130371094,250.94425285700763,246.09025509419317,247.79170571018412,13234040
2011-05-04,243.5275421142578,246.51886395745936,241.23631687265666,246.17942318092585,16924400
2011-05-05,241.72425842285156,244.30399998864763,240.74836620875195,243.3196341859872,12661232
2011-05-06,245.5005340576172,246.94315731339992,241.68182543936874,242.5219330482553,11930664
2011-05-09,246.82008361816406,247.5371480041291,243.33656904416873,246.943126737064,4938200
2011-05-10,244.40164184570312,248.20760967609488,243.71851303989214,246.74801826802798,4873368
2011-05-11,246.60800170898438,248.131238237913,244.39314208190646,244.56710964489238,6410072
2011-05-12,244.5033416748047,246.85821116946008,243.71838517658622,245.9162550844727,4996480
2011-05-13,244.25738525390625,247.1129229340607,243.65486949671077,244.66894482741176,8282336
2011-05-16,241.88543701171875,244.0578658011083,241.2023291702212,244.0578658011083,6469368
2011-05-17,241.35513305664062,244.1682611582889,239.64096113524928,241.71578891189122,7570472
2011-05-18,241.2151336669922,244.59682113675296,237.86315555622835,241.85158520701063,10176496
2011-05-19,241.55027770996094,242.67467519966186,240.62955710191628,242.67467519966186,7455960
2011-05-20,241.83885192871094,243.01415328100106,240.33680979786013,241.4272716670353,8023672
2011-05-23,240.7526092529297,242.08915726247218,239.97189963853873,241.66910346018,6778880
2011-05-24,241.38479614257812,243.02684900884387,240.40890401544166,240.40890401544166,7625464
2011-05-25,236.64532470703125,239.95911876808938,233.92557260380167,239.95911876808938,11075416
2011-05-26,237.3206787109375,239.1327068437895,235.73514626938484,238.8121822612985,8476176
2011-05-27,238.25656127929688,239.92328879317898,235.90604811869397,235.90604811869397,6264944
2011-05-30,237.66673278808594,239.84629887930652,235.99145011215754,239.84629887930652,6867352
2011-05-31,238.0984649658203,240.86353195681832,237.3206711907802,238.72670147458962,20410608
2011-06-01,240.3121795654297,241.3763167316322,237.95738873260058,238.81212073235847,8105864
2011-06-02,239.58570861816406,241.03447549418,237.35912710898504,237.61554676376608,7117288
2011-06-03,240.70965576171875,242.98325155075344,240.25664356405593,240.26519923226,6293384
2011-06-06,242.5644073486328,243.25247084287696,238.9104277260288,241.2053916956397,3769264
2011-06-07,247.23548889160156,248.2141527791669,241.89341432249068,241.89341432249068,7978664
2011-06-08,245.45339965820312,247.20560036807876,245.07304806784845,246.9320902844238,5945968
2011-06-09,244.58157348632812,246.29103756800785,243.9875388914407,246.29103756800785,4221616
2011-06-10,244.65432739257812,246.2313044360492,243.70128828296777,245.1799794512387,7187264
2011-06-13,245.9576873779297,246.35085157538086,241.00877660337864,243.4704089239733,7733184
2011-06-14,245.50466918945312,246.46196482732043,244.85934237526138,245.97477177539045,7870104
2011-06-15,242.3677978515625,244.60291353318723,241.624164367944,244.60291353318723,7335880
2011-06-16,239.3505859375,241.80366239701746,238.90185167536342,241.80366239701746,7628960
2011-06-17,236.73077392578125,239.6112366553945,233.45289014162077,239.33344883296692,8525168
2011-06-20,231.59384155273438,237.59405416210856,226.71759282848922,236.6153904985115,12458152
2011-06-21,233.0982208251953,235.478657708368,230.20496562756037,232.7435154046773,7542816
2011-06-22,235.48287963867188,237.7607314507161,234.37600617391197,235.30765545294352,5625000
2011-06-23,237.53857421875,238.3933062034636,233.81193441840662,235.05129579624136,4158768
2011-06-24,244.44906616210938,245.96621541243087,238.55569338858177,238.55569338858177,11219288
2011-06-27,245.39781188964844,249.83814003737814,241.0557695656571,242.03015560676906,10724296
2011-06-28,244.90635681152344,245.8935764155046,243.06868306646444,245.31235449938532,4486792
2011-06-29,246.31236267089844,248.47056069551547,245.13710632085943,245.13710632085943,4800752
2011-06-30,248.76544189453125,249.49624184320993,246.2909972152139,246.67990440357303,11341840
2011-07-01,250.791259765625,253.85120545487032,249.93227053131105,250.86392035531213,6402464
2011-07-04,251.201416015625,254.45367491893754,250.8638011041591,253.56901909616204,4114592
2011-07-05,252.69720458984375,253.84681480450527,250.0945501671027,252.74421901713012,6423728
2011-07-06,252.46214294433594,254.0647651667889,251.04330059054368,251.8894767770081,3440224
2011-07-07,256.052001953125,256.41954080176936,251.54756952653574,252.59033815230111,5751472
2011-07-08,254.41522216796875,258.46236510330806,253.62031734528256,256.41956425506703,5669792
2011-07-11,249.68006896972656,254.37683873991773,246.89365473345148,252.47931670850156,9206520
2011-07-12,238.60281372070312,243.5987201409737,234.77788644831415,243.5987201409737,29652656
2011-07-13,237.38465881347656,239.9531319575298,235.9957196863028,236.4188077392392,13338168
2011-07-14,234.22650146484375,236.2479343798204,233.42731866544483,235.92740986682318,10891224
2011-07-15,233.45718383789062,236.15812386669836,232.487054875885,234.53841124243692,6392624
2011-07-18,231.92294311523438,234.4743261586018,231.40584701480873,233.76917234804554,9408656
2011-07-19,235.0940399169922,236.0769817308607,232.20076370917812,232.57258048141637,8324424
2011-07-20,235.26065063476562,237.0000381985802,234.6238796158607,237.0000381985802,6222712
2011-07-21,236.5983428955078,238.00009484857654,233.92302790543462,234.64099434627903,5897088
2011-07-22,241.73956298828125,243.08576580524064,236.76074939539964,237.9830202534999,7749624
2011-07-25,239.98741149902344,241.46610224323803,238.56429086321612,240.86351192387076,7404256
2011-07-26,239.4788360595703,241.3763370855424,238.25656502335318,240.0942389777934,6848736
2011-07-27,239.03860473632812,242.3934276721693,238.57277999261802,239.41042148512648,8506440
2011-07-28,235.1453094482422,237.09408155332446,233.72644609842243,236.33337848313695,9481376
2011-07-29,237.2650146484375,237.82486820433874,232.94861864668343,234.28200872886978,9757592
2011-08-01,240.61561584472656,241.35922851796067,237.6240538176509,237.6240538176509,6094952
2011-08-02,235.13253784179688,239.2010712437454,234.62397638342438,239.2010712437454,4932528
2011-08-03,233.56410217285156,234.17094944382913,231.50418946327216,233.76922953001636,5646088
2011-08-04,231.55970764160156,235.90175030400394,231.11952901580096,234.1965641654196,6529888
2011-08-05,221.47816467285156,225.95697313635873,215.81984267406162,225.95697313635873,15758072
2011-08-08,211.16152954101562,213.68298880896137,207.78533831783406,213.68298880896137,16170240
2011-08-09,202.9603729248047,208.55031135355418,200.87909234556108,200.9474750728885,16849744
2011-08-10,209.1614227294922,211.6657701568832,206.08438831415566,209.23834024288556,13955960
2011-08-11,208.60586547851562,211.03329560670934,206.41346574364624,207.8707877341098,8206232
2011-08-12,203.0159454345703,212.65732680400367,200.2081632663485,212.65732680400367,14098080
2011-08-16,205.07583618164062,208.40501287619693,202.76805997015398,207.69985903379822,10146704
2011-08-17,209.31954956054688,210.7341349277368,204.79374864605856,204.79374864605856,8531328
2011-08-18,201.21246337890625,210.95640793250985,200.2637025359055,210.69143267221813,10674664
2011-08-19,190.1522216796875,194.36605456472307,185.61360733237143,194.36605456472307,28899200
2011-08-22,187.57943725585938,191.89583257158796,185.9041546873196,189.22905283105942,15708072
2011-08-23,194.61822509765625,196.8148824636175,187.52822636461474,188.14790714909216,17143440
2011-08-24,192.3916015625,195.30196795440534,190.60522017778044,194.87887982302215,8606144
2011-08-25,186.62217712402344,193.60535428012292,184.75032238508763,192.3317910756014,26853752
2011-08-26,188.2589569091797,192.5625190045903,186.55802810554974,186.8871081957614,21021960
2011-08-29,196.2677764892578,197.63534727807792,190.77612504040218,191.37443726051094,11222528
2011-08-30,200.25942993164062,201.71675216633847,194.87889616069987,199.23802936429448,12142920
2011-09-02,198.2294158935547,203.85355590717268,194.47715124082887,203.85355590717268,14960904
2011-09-05,193.6053466796875,196.04986759097537,191.47705155601037,196.04986759097537,10902544
2011-09-06,196.80630493164062,198.2978079776318,189.9428033527122,192.64802156713966,10816696
2011-09-07,195.8575439453125,197.81061475254305,193.82327777821982,196.4088418667201,13157432
2011-09-08,199.87478637695312,201.20389871742253,196.50287304645474,196.58834624047233,11027872
2011-09-09,194.3917236328125,198.99018645596442,193.25492577826734,198.99018645596442,12392104
2011-09-12,187.90853881835938,189.5239947023738,186.38711179455765,188.72481199300242,8198264
2011-09-13,189.92567443847656,193.143731159994,187.67772574169504,190.01542544655135,10365216
2011-09-14,201.0030517578125,202.30651811828207,192.22923571777545,192.40018212570587,17236880
2011-09-15,205.98184204101562,207.5716517976993,199.15254218185686,203.25525549719126,13703456
2011-09-16,204.7211151123047,210.08455811047634,202.8791844499439,210.08455811047634,11304104
2011-09-19,201.9432373046875,206.12716692468618,201.38340456730435,205.0501963127753,6558432
2011-09-20,208.2597198486328,208.55459820128218,203.01165309471943,203.16978685428185,9008904
2011-09-21,208.18280029296875,209.82815946457356,206.84515300174752,208.55461707614214,7402480
2011-09-22,201.08425903320312,206.14426830892225,199.72094479673592,203.76810917109873,9037856
2011-09-23,199.90469360351562,204.26382613341602,198.38326670389807,198.9815790119236,10448432
2011-09-26,201.2893829345703,202.1441149215536,196.6823858717223,200.434650947587,6544288
2011-09-27,208.9093475341797,211.00344127600763,203.18692003357933,203.18692003357933,10341024
2011-09-28,211.14013671875,217.10189141407753,209.62298767441933,211.97350027831192,20061760
2011-09-29,218.05059814453125,219.6617547737027,211.22555761717572,212.1443941348832,23256344
2011-09-30,216.5079345703125,219.15332643944464,214.3839167997539,216.4096278511458,10730656
2011-10-03,211.62310791015625,215.2215383236406,210.92223177616512,212.82828849319503,9885128
2011-10-04,208.4263916015625,212.12310738453056,206.29811733593235,209.59737023099515,7838480
2011-10-05,209.1486358642578,213.59751995518775,207.5374786163762,210.08884103412856,10771856
2011-10-07,214.4266357421875,220.08495801761603,212.6274205150675,218.811415547555,18457728
2011-10-10,221.371337890625,222.30726537434268,216.11045759826638,217.52932124295432,16946432
2011-10-11,214.0718994140625,221.80294589817342,212.82826022599298,221.6661804361769,22339248
2011-10-12,229.01263427734375,229.75196913459766,221.80296127391404,221.80296127391404,34633704
2011-10-13,230.49563598632812,233.25642525908086,229.49560345204546,232.40169303020917,18041536
2011-10-14,234.51707458496094,235.62394826690945,229.6066437935707,231.72638316513738,19600992
2011-10-17,234.75640869140625,236.32482930445116,232.50418164857905,236.00004785634067,14145496
2011-10-18,230.91014099121094,232.91448347366224,229.72632875573746,230.76909768256357,10518136
2011-10-19,233.14956665039062,233.769247470926,230.87171377431306,232.6580956547936,10135320
2011-10-20,236.1404571533203,236.95264100808026,230.98370762104435,231.36616234811464,5573680
2011-10-21,234.00035095214844,236.26503143636273,232.65530742023788,236.14041420856927,6858312
2011-10-24,237.83782958984375,238.48242312522103,235.59463569358584,236.35096297166768,6075592
2011-10-25,245.69325256347656,249.15687247608403,241.59364212841402,241.59364212841402,15677584
2011-10-28,245.68899536132812,255.37510548647907,244.52014486845187,251.04772531328385,24868784
2011-10-31,247.31338500976562,249.0494862822293,245.4612484935025,245.4612484935025,10291624
2011-11-01,243.79383850097656,247.01680565497915,242.19523839944767,244.0860457964625,7906192
2011-11-02,243.60487365722656,245.2808174901303,242.14379441828487,242.36726198915358,5317856
2011-11-03,240.82876586914062,244.2579953416287,237.8292444696323,243.57042885227858,10779624
2011-11-04,242.87860107421875,245.02294522121335,239.92207307382898,244.51587324453865,7643688
2011-11-08,244.2666473388672,244.77371933338384,239.8619236324641,241.9418084835969,6107336
2011-11-09,243.6821746826172,246.42813928900298,242.79692858712474,244.51584489570615,6679648
2011-11-11,238.559814453125,241.31008076316942,224.37875379195836,224.37875379195836,9441224
2011-11-14,241.40457153320312,243.4328798595871,240.47635268010998,241.52058577555118,4633040
2011-11-15,240.50225830078125,242.3672789100037,239.0626654207307,240.65696501580885,5098024
2011-11-16,238.7832794189453,240.99208282889936,237.0643629936322,240.21857043750845,6552648
2011-11-17,236.65176391601562,239.70283986263578,234.88127201581815,237.92376597202397,6366984
2011-11-18,235.56027221679688,237.59288216088103,233.77259523314726,234.7223005978545,4737896
2011-11-21,229.48391723632812,235.0489084717111,225.7194865361295,233.77260479137732,9365792
2011-11-22,234.11642456054688,237.63160036876798,223.45914238525032,223.45914238525032,14859512
2011-11-23,227.98414611816406,231.15555911934538,224.95027578996618,229.90504337841526,12792816
2011-11-24,229.1487274169922,230.67856711829907,222.30745314284508,226.98289707877342,13231776
2011-11-25,223.43336486816406,228.18617335341716,222.68564036109373,228.18617335341716,8022528
2011-11-28,226.5660858154297,227.74784094900247,224.5291738908633,225.1823705760217,7290208
2011-11-29,223.28294372558594,225.86992135696158,221.84765269696246,225.36712990588669,10659368
2011-11-30,224.0478973388672,225.60780577421565,220.10727260486334,221.82618922028595,11640232
2011-12-01,228.2162628173828,231.2673397119769,226.08910357396866,229.81914411674765,8125208
2011-12-02,231.5509033203125,233.38155333077722,227.57590947559433,227.8423498886023,9451408
2011-12-05,232.15249633789062,233.57920505442922,229.92220695662752,231.19420903188836,7468184
2011-12-07,237.1201934814453,238.27616045461798,230.68286056500455,232.48342112725462,8070392
2011-12-08,234.06919860839844,237.03863163858887,231.71859242534563,236.09322737897156,7295584
2011-12-09,232.93899536132812,235.47439743466325,228.63310073516033,229.31636591089202,10570752
2011-12-12,235.5130157470703,236.86666231144085,231.8646201558636,233.76401004694412,11025800
2011-12-13,236.5400848388672,237.63159257120535,232.80144161779253,234.74382556947447,9648336
2011-12-14,235.5130157470703,237.83355271456264,234.20234208950518,236.35098742977587,9857632
2011-12-15,233.45895385742188,235.0059787321092,229.04562728009728,234.31411063324492,10053168
2011-12-16,234.15940856933594,239.68572951063643,231.36186766917197,231.62400664135083,13669288
2011-12-19,230.025390625,232.35883229234028,228.25491927368967,231.19426220251634,12064432
2011-12-20,229.36790466308594,231.89470335081813,227.8509693495144,231.19425331848288,10484608
2011-12-21,235.7493896484375,236.76355454419115,230.33480286467827,233.68668992129113,8422920
2011-12-22,233.84568786621094,236.17910843743005,227.7564182529802,227.7564182529802,12707136
2011-12-23,231.6024932861328,235.49154155450557,230.61411637814857,235.49154155450557,7045296
2011-12-26,238.5727081298828,239.53099561081635,231.2801970537161,231.2801970537161,4236568
2011-12-27,237.15890502929688,240.562368148663,235.16926754082857,237.64021005039413,6178200
2011-12-28,239.101318359375,240.9921267719941,236.48427182121043,237.98402247919103,6851248
2011-12-29,235.67205810546875,238.49106441481814,234.72235253063727,237.0385883471001,8837168
2011-12-30,237.86790466308594,238.49961473851153,235.6204302002268,235.83529471800924,5308816
2012-01-02,241.4174346923828,242.07921311189332,235.66336796080884,237.14163142613543,5826176
2012-01-03,246.17462158203125,248.12128605268398,242.3672174796604,242.7196037421924,8903008
2012-01-04,245.32382202148438,247.09431489702627,244.17645753159948,244.5159394372312,7341424
2012-01-05,244.09896850585938,247.1801339934639,243.35124420252117,244.01732418807381,7125272
2012-01-06,243.41143798828125,246.45823399679765,241.60229532103872,243.91422941245736,7087632
2012-01-09,243.78961181640625,246.34649987644048,242.12655186152352,244.73071431756003,8265784
2012-01-10,246.11439514160156,247.12853877004676,244.96270886057718,246.66443985475354,11179176
2012-01-11,242.93441772460938,248.80449934535946,241.76554639829106,246.49256561333053,13795800
2012-01-12,222.44923400878906,236.3509682311098,221.57259097774082,236.3509682311098,48970600
2012-01-13,222.10118103027344,225.09209972490956,219.35521631267676,225.00615390599972,20898944
2012-01-16,226.90985107421875,227.24075087844022,221.66287548489592,221.84765060702492,13188736
2012-01-17,228.7920684814453,229.71598602283723,226.36840061594845,227.75641718033518,8740424
2012-01-18,224.49476623535156,227.24073077871049,222.1699277847831,227.24073077871049,9700424
2012-01-19,223.0035858154297,225.418671434974,221.44797926643528,224.8342357387745,9652336
2012-01-20,222.49659729003906,224.29285697308546,221.42227427796078,223.1154031484219,11635712
2012-01-23,223.48487854003906,224.79125056544896,222.51368675738763,222.59963256146543,5160864
2012-01-24,225.2467803955078,226.86256580107775,223.02937432701336,225.0061279337653,5653208
2012-01-25,229.11441040039062,229.90510788326566,225.60781614712985,226.467274494357,10545360
2012-01-27,234.202392578125,235.06185089951262,230.86769009456725,232.22563843893352,12218872
2012-01-30,233.11082458496094,234.21951714046057,231.19422882600162,231.95913814161128,9588456
2012-01-31,236.00721740722656,236.75064034349484,232.56938467004917,233.0850595806258,8658896
2012-02-01,235.72357177734375,236.17908877249525,231.67981717074696,235.465734344186,6269336
2012-02-02,236.95265197753906,239.18724354497326,234.6321145805882,235.50017585185427,11538256
2012-02-03,239.20872497558594,239.96075096805384,235.49586941506072,235.49586941506072,11637200
2012-02-06,238.6801300048828,241.32724430700742,236.5314846409084,241.0866128125342,7937680
2012-02-07,234.4171905517578,241.07799064992875,233.22683272171358,241.07799064992875,7221640
2012-02-08,237.9968719482422,239.10128418819656,235.60759480914717,236.17912614995117,6671496
2012-02-09,241.49916076660156,242.54771659832346,234.79110603685604,236.26506851494653,10156840
2012-02-10,239.82321166992188,240.820191591427,236.44983817957086,240.56235412719636,5177616
2012-02-13,239.6513214111328,240.691274249349,236.96123397175052,238.5211422462081,5734008
2012-02-14,240.7386016845703,241.49920978629137,237.55430408483286,238.5856541749262,5477768
2012-02-15,246.1574249267578,247.09422594676627,241.9374768835294,241.9374768835294,7178328
2012-02-16,250.01214599609375,250.76417209285918,245.85237575113385,246.1488847012843,8256552
2012-02-17,253.35107421875,255.94663359998754,249.2557435998037,250.6394795956896,11457280
2012-02-21,252.5302734375,254.39099181026012,250.20973659318366,251.8212205128478,6049224
2012-02-22,253.73358154296875,257.32182001512354,249.68982596639776,249.68982596639776,10413120
2012-02-23,252.09197998046875,256.3420176743445,250.63520249082325,252.59477143346086,10474960
2012-02-24,253.37257385253906,255.60286364099747,251.26259981656224,251.99313927216025,8536440
2012-02-27,247.81185913085938,254.8293261093248,246.8363657962836,254.8293261093248,6910568
2012-02-28,246.8707275390625,250.10229827416947,245.37097740405974,248.03959890695984,7950200
2012-02-29,247.82046508789062,249.93904209449332,246.1660080889047,248.72719766572618,8868408
2012-03-01,245.51702880859375,247.09414242381612,241.07793721697539,245.0787178760962,9806632
2012-03-02,244.57603454589844,246.23479319576282,241.77421318860974,246.23479319576282,6077656
2012-03-05,241.49485778808594,246.13593181955622,240.36465772588846,245.64174338102,5780456
2012-03-06,245.15609741210938,247.52390844116582,240.74279309264105,241.08657629880932,10349688
2012-03-07,247.8548583984375,248.81314588668542,243.66499972417984,244.25801748185145,7908568
2012-03-09,245.4010772705078,249.50068824068694,244.7736686563818,248.72717594507336,6644808
2012-03-12,242.14373779296875,250.53205797278528,239.01531842961094,250.53205797278528,7294472
2012-03-13,245.78787231445312,246.6516320444851,244.25803244667952,244.42562260734428,7710424
2012-03-14,247.4250946044922,250.532027130999,245.2850314228149,248.38338195834893,10602088
2012-03-15,247.68728637695312,249.68552698329088,246.70751227925132,248.81318517625243,6251360
2012-03-16,246.23046875,250.36016952943947,244.70062898266679,249.6726029807833,9031008
2012-03-19,243.87130737304688,249.24292207289372,241.61953068744506,248.81319289690597,6061528
2012-03-20,243.3426971435547,245.2206006536452,240.90612484058664,242.8828786298601,9225384
2012-03-21,246.4324493408203,248.38341522229075,242.45315375158555,243.43722917587579,6250664
2012-03-22,243.0804901123047,247.05548303158574,241.8772490124142,247.00820864894672,5664640
2012-03-23,246.8965301513672,247.76028975929412,243.26101810402056,243.48448560856136,5497736
2012-03-26,243.2911834716797,246.57861180967905,242.46181451942425,246.57861180967905,4922664
2012-03-27,247.17156982421875,249.56516925090364,243.42434474563362,245.805039709887,7590752
2012-03-28,244.3525848388672,247.0684603345762,242.71101117889407,246.3207358494017,5919920
2012-03-29,239.96067810058594,243.94427439844486,237.88079389814888,242.41013344652671,14000208
2012-03-30,246.34649658203125,246.92232935262234,240.906122232997,241.499139970214,7963600
2012-04-02,244.96273803710938,248.27595313576205,244.17204079920378,246.14879438539938,4851584
2012-04-03,245.67185974121094,247.32201552210933,244.3053294030144,246.34654291681468,5451584
2012-04-04,245.0401611328125,247.0899565620459,244.42993735456758,244.8596664990025,5254144
2012-04-09,242.603515625,245.74914041062556,241.71396817004708,243.87121622033035,6541568
2012-04-10,238.19020080566406,244.7435685805826,235.23367344199357,244.2579831648322,7243056
2012-04-11,241.02645874023438,242.79695109535083,235.76657854493683,237.97968349739887,8179640
2012-04-12,236.4068603515625,243.38567769120473,235.35832554874088,242.6035623394933,11805608
2012-04-13,206.48912048339844,216.81550168541685,205.33315347685064,216.41156055450523,75255568
2012-04-16,203.2231903076172,208.5518310802313,200.51589701185355,206.2699653915145,33491480
2012-04-17,204.61122131347656,206.18403410703158,200.77805010946062,206.18403410703158,23687088
2012-04-18,203.79904174804688,206.48915032278126,202.40242206289946,206.26998426792304,19165328
2012-04-19,206.73406982421875,207.55485661286647,203.51970450599532,204.54245138464827,17113512
2012-04-20,206.90599060058594,208.7108530990774,203.04703108029238,205.81878420297573,11507520
2012-04-23,198.61216735839844,205.41048943969466,198.10509546380592,205.41048943969466,18136696
2012-04-24,201.9340057373047,203.24467949334144,188.93470045202213,198.59070074694037,53037912
2012-04-25,201.9683380126953,203.2618265601048,197.95467316049107,201.94685156168472,24638504
2012-04-26,202.50552368164062,204.44790748012042,201.31518674198458,201.9726638289627,17137064
2012-04-27,205.4963836669922,206.09800419633928,202.40233523034988,202.57422681016334,14062464
2012-04-30,211.6072540283203,212.11432607432877,205.44064021315293,205.58244245129433,10869608
2012-05-02,212.45802307128906,213.83315590670193,211.5770785986027,211.85640245579594,10124688
2012-05-03,213.39491271972656,214.62824388784347,211.42676142320352,211.42676142320352,11400728
2012-05-04,209.87539672851562,214.69266426866736,208.28109752706484,213.31753111082162,10800888
2012-05-07,209.50149536132812,210.46408414721543,203.51105617526744,207.0434370308311,10710000
2012-05-08,205.74569702148438,206.93605506164758,200.18070498940395,205.84024581980935,11526640
2012-05-09,203.3692626953125,205.82301964410954,202.19611084089667,203.51966785525622,10498144
2012-05-10,201.47413635253906,204.96784564617226,199.59193176128554,203.51965055042038,9084024
2012-05-11,198.64657592773438,202.83213312228634,196.99211890968184,201.45700001637252,8901312
2012-05-14,201.0229949951172,201.5859443785079,198.02779540765187,199.41151068170979,7918416
2012-05-15,207.5763397216797,208.7623962311346,198.10511457915408,198.10511457915408,10267152
2012-05-16,203.55841064453125,204.98081842387893,202.31649751354757,204.37919757315893,8589288
2012-05-17,203.73883056640625,204.33184822289192,201.66322680298168,203.55833598424329,5807416
2012-05-18,204.7960205078125,206.69971216642688,197.86017554196295,199.85413549759647,5938160
2012-05-21,201.1519012451172,205.0237648448602,199.73809662521697,204.97218895688746,4776760
2012-05-22,201.20777893066406,203.52401471358147,199.70800750087793,202.40241750282038,5823208
2012-05-23,201.81796264648438,203.2446715973321,198.29418416059505,202.40239839681473,5402032
2012-05-24,207.44677734375,208.1525436720059,201.53914069023665,204.67593665428703,7612048
2012-05-25,206.7540740966797,207.81273423367207,204.854565604688,205.89580335185204,4313728
2012-05-28,207.8824920654297,208.94551335840504,205.86100511484696,208.59698039200237,4725784
2012-05-29,209.94749450683594,211.29805942273381,207.2027980648499,208.3355299297965,5144760
2012-05-30,211.93411254882812,214.24314263138305,208.4836288974925,209.72963806451685,8051488
2012-05-31,211.67713928222656,222.36402236524404,208.344292943876,209.81683615027728,21626352
2012-06-01,208.17869567871094,211.8644353288669,207.63847394147226,210.4267371249079,6543040
2012-06-04,207.86500549316406,208.8016875511699,204.32738846731357,206.8542516935618,4812088
2012-06-05,208.14820861816406,210.15661239344024,206.91526074701176,207.8127371999534,5992720
2012-06-06,210.4702606201172,212.02559686760446,208.80600786433968,208.87571868419653,8777184
2012-06-07,213.73342895507812,214.7703270426066,212.26958659623486,213.30212376818687,6647088
2012-06-08,210.79708862304688,216.86591021525192,208.49241870416583,216.86591021525192,5564824
2012-06-11,211.35472106933594,213.71604022572126,210.41803880150331,211.47235944463378,3553784
2012-06-12,214.17784118652344,215.2190790349947,209.31144176077743,209.31144176077743,4134680
2012-06-13,215.227783203125,216.93558161472646,212.77933112133098,213.58531343618452,6157784
2012-06-14,217.6849822998047,218.7044369745756,214.43490812527114,214.43490812527114,7883336
2012-06-15,219.7978973388672,220.62130197200736,218.0726554148663,218.70873214350775,6311512
2012-06-18,218.85252380371094,221.69743645234658,217.52810299695577,220.88273226408288,7117032
2012-06-19,215.82901000976562,218.26874044185018,214.16475681306062,217.83307429326365,6414080
2012-06-20,215.227783203125,216.52605972010954,213.7334356611192,216.0903936039725,6535976
2012-06-21,217.07498168945312,218.09443604526103,212.61810500102234,213.99917496091135,6536616
2012-06-22,215.60684204101562,216.48253535991418,211.42444650981182,213.45465526180308,6414328
2012-06-25,215.05783081054688,216.7874335949146,214.19522051233875,215.6459799973498,7949448
2012-06-26,212.63995361328125,214.33905181906167,211.69457070859514,213.74656279628275,10330160
2012-06-27,215.05349731445312,215.65470799126513,213.34131686917092,213.65064403821498,8677384
2012-06-28,215.50662231445312,217.5716756137842,213.33265247746996,214.7834122498911,7612976
2012-06-29,218.6346435546875,219.48855325660463,215.7592476604962,217.3102230337324,9364968
2012-07-02,217.78079223632812,219.47118970609924,217.0227373700974,218.09448038161895,5175216
2012-07-03,217.0097198486328,219.24904011708367,215.7942152667694,219.24904011708367,6428808
2012-07-04,216.03811645507812,218.2556741203539,215.13193939524336,217.833069456504,6390816
2012-07-05,216.11216735839844,216.7874498085658,214.56555271446675,216.11216735839844,5780464
2012-07-06,213.01019287109375,216.52602639632983,212.60503195454518,215.7418275079729,4887440
2012-07-09,212.42640686035156,215.12317547809306,209.29397218892788,210.95822502309647,7314680
2012-07-10,214.2954864501953,214.63531885699493,212.72274845335605,212.9536430351027,7054720
2012-07-11,215.30621337890625,218.04218831783794,213.04074937734754,213.47641553149344,16945880
2012-07-12,197.30445861816406,198.66374538516624,193.34861886389643,196.04974873536142,54271864
2012-07-13,194.28968811035156,196.8165518792179,193.26151170157078,193.26151170157078,26756504
2012-07-16,189.19236755371094,195.3003935996493,188.4909408681002,194.30708338650803,18441096
2012-07-17,189.18801879882812,191.51883261707505,188.40818067306955,190.37737883623126,13503128
2012-07-18,189.85458374023438,190.7259160283125,188.46917391129458,189.18802304895902,7873264
2012-07-19,195.63153076171875,196.04977453527974,191.10496355533436,191.69311287894018,10912392
2012-07-20,193.3268280029297,195.60535315119046,192.15489047195373,195.60535315119046,5153832
2012-07-23,190.74334716796875,192.5557011899623,190.1769812179059,191.69309079050882,3890800
2012-07-24,188.9614715576172,192.73870560375738,188.6521656079721,190.86534115055628,7153512
2012-07-25,188.9527587890625,189.95042995791331,187.3364332153732,189.42763060940527,7036544
2012-07-26,185.0535430908203,188.81769406638742,183.08868465943544,188.81769406638742,11975336
2012-07-27,187.21876525878906,188.5562685564041,183.7900861704585,188.38200213444807,9862488
2012-07-30,192.53826904296875,193.00007935647727,187.9942801983745,188.207752329567,7166920
2012-07-31,194.0413360595703,194.8298960202868,190.386101433062,193.00009824907661,6914440
2012-08-01,193.30941772460938,194.34193366196104,191.75844208795334,193.00009052587373,3047984
2012-08-02,192.19415283203125,194.02831187162977,191.2574704596208,193.26153507035943,2420032
2012-08-03,192.43374633789062,193.20488396408413,190.3948371814729,191.3663642266662,3095592
2012-08-06,193.15692138671875,194.7340198645345,192.33785637611217,193.62743225352384,3250784
2012-08-07,196.33731079101562,197.74014302591084,193.61875827818773,194.4813687433481,5465344
2012-08-08,198.97747802734375,199.97078846748846,196.9211250268078,197.0953915091324,8039104
2012-08-09,198.8424072265625,201.4084767948997,198.22811365277823,199.55689551352762,6931096
2012-08-10,201.5435333251953,202.23623828839067,197.26964389699114,198.48950918610683,5635688
2012-08-13,202.1577911376953,203.10753472145493,200.41512674712084,200.51968235600356,4013928
2012-08-14,202.96377563476562,203.45606982137545,199.47844681555577,201.5652831915059,4044816
2012-08-16,201.75262451171875,202.8592122307924,200.4979145625386,202.8592122307924,3729624
2012-08-17,204.85458374023438,205.19875574266027,201.82670401112293,202.49762562460404,8493280
2012-08-21,209.90390014648438,212.51789641231855,206.07003895659426,206.07003895659426,12206136
2012-08-22,212.04742431640625,212.60506844584876,208.6100015809078,209.37241729767058,5149168
2012-08-23,215.846435546875,216.3518125411529,211.23273522065645,212.16941745376855,14722856
2012-08-24,213.0233154296875,214.203974897927,212.08227233322958,213.30213749866311,6724512
2012-08-27,210.1566162109375,213.17143429560988,209.6076939133628,211.75115847800112,7891360
2012-08-28,210.96258544921875,213.6027262491878,208.8583267117272,208.8583267117272,5666056
2012-08-29,208.1002960205078,211.03668159659358,207.59055811943801,211.03668159659358,5616416
2012-08-30,208.48370361328125,209.6556414621356,206.51014419360084,207.71258718622198,11175392
2012-08-31,205.77818298339844,207.89988563127977,205.17697220882482,207.89988563127977,5811064
2012-09-03,206.07879638671875,209.02388233678434,205.46014198782962,206.1572077791369,4321512
2012-09-04,205.7041015625,206.67998933177466,204.2489811029535,205.6648958696657,2333328
2012-09-05,203.84378051757812,205.37297258240562,203.21206475549818,204.5016404967781,4013224
2012-09-06,211.0366668701172,211.55074437857473,204.80664140305964,204.80664140305964,7623384
2012-09-07,216.72210693359375,217.31025618348892,213.5722494599256,213.91206051742796,6075696
2012-09-10,218.9092254638672,220.1857190457861,215.98153980401358,217.48458834122758,7337320
2012-09-11,220.4034881591797,220.96549319445845,215.6198827129805,217.83305807390758,5441904
2012-09-12,221.2922821044922,222.18539780129896,219.675956271816,220.534227182243,5083328
2012-09-13,222.62974548339844,223.66226141137764,219.40145531955756,221.21383061090327,5249704
2012-09-14,229.3433837890625,230.4412497262634,225.33525519862974,225.50079982695615,10627848
2012-09-17,223.453125,230.81588150711642,221.92829377071556,230.81588150711642,9859272
2012-09-18,226.61607360839844,228.20189389331165,224.6294320186932,224.8036984516014,7184200
2012-09-20,228.04507446289062,230.4673823963151,222.7648137395083,222.7648137395083,11625136
2012-09-21,225.96255493164062,230.90300362252225,225.1173670597245,227.88384644274905,12293872
2012-09-24,226.55943298339844,227.40898187655918,224.3811024881145,226.54637150953025,8854032
2012-09-25,226.37643432617188,227.5048051103719,225.50510224991615,225.67500775023487,8849752
2012-09-26,225.61407470703125,226.54639600526994,223.68406091586817,224.62946496214843,8489904
2012-09-27,222.13308715820312,225.93644377473274,220.86093361280516,225.89287716390072,13822880
2012-09-28,220.8783416748047,224.79497547998787,220.1159260347006,223.14816620646616,9685224
2012-10-01,227.38717651367188,228.3064361480597,222.1025557538568,222.3029663945336,8826288
2012-10-03,224.65121459960938,228.21495463200688,223.1046000125278,227.00381143629684,7823624
2012-10-04,224.4246368408203,226.10195108110375,222.80397194892714,224.37673059501677,7164280
2012-10-05,220.17257690429688,225.2393649411622,179.54235374372442,225.2393649411622,11632000
2012-10-08,216.8048858642578,221.57106901003493,214.34773317750668,219.9939704035637,8077440
2012-10-09,220.9916534423828,222.18973534867467,216.43894219847368,218.2687400189922,9084320
2012-10-10,218.1947021484375,220.28589998234563,216.92693047984224,218.45176223373358,5932104
2012-10-11,220.72586059570312,224.8080603128572,216.19493332102556,217.48450918452386,14966400
2012-10-12,208.71453857421875,213.2890320004064,201.36484396037488,204.76303907697144,56701776
2012-10-15,206.1223602294922,210.16533325565473,205.00705072383232,207.87372524296697,14790120
2012-10-16,205.2597198486328,208.16126029736716,204.50166509749715,207.36833949495858,7282048
2012-10-17,206.51885986328125,207.28999761952196,205.39484946978482,207.03295879169696,5707320
2012-10-18,208.4873809814453,210.1885227482762,205.63751573767433,207.29481342383184,10192576
2012-10-19,208.99160766601562,210.18854261825354,207.47020935952767,207.47020935952767,10937200
2012-10-22,209.18453979492188,210.2762533423435,207.6675300158486,207.6675300158486,4566864
2012-10-23,206.3390655517578,209.0486217587379,206.0672236296284,207.11948179284352,4743144
2012-10-25,205.60682678222656,206.68978419327343,204.3265709981079,205.45337249205963,11256776
2012-10-29,204.79574584960938,205.10265448179678,202.3229434376348,203.52426723054737,4736664
2012-10-30,206.79940795898438,207.38252573655237,203.9626870457593,203.9626870457593,5728256
2012-10-31,207.20713806152344,208.2155519793006,205.67698383315374,206.06719189360138,6517320
2012-11-01,207.3518524169922,207.8209927571904,205.28681284340814,207.11948729640665,7010976
2012-11-02,209.4081573486328,210.85501236096815,207.74208187988305,207.90868086345895,7049216
2012-11-05,208.56195068359375,209.62737493211498,207.60176937930726,208.96971357188485,4959200
2012-11-06,208.84249877929688,211.02155812984776,207.93055047388387,209.04857451965805,6815768
2012-11-07,210.83743286132812,211.67924787849262,208.26379784992324,208.87322636560455,4695264
2012-11-08,208.2856903076172,209.09680578597371,207.3824979797988,207.9963150985551,5229160
2012-11-09,205.95321655273438,207.38253811611415,205.6287745802485,207.38253811611415,5938920
2012-11-12,206.85205078125,207.73332136925745,204.6247793264919,206.505686713635,3696192
2012-11-15,201.3583984375,204.92730355015524,199.82385508614027,204.7650718325687,9133048
2012-11-16,205.48410034179688,209.31168074563138,200.8936156632767,200.8936156632767,13693104
2012-11-19,206.81700134277344,208.80313044178007,204.89661698327413,205.54113379460804,4036128
2012-11-20,203.85305786132812,208.4479090601273,202.80518859036124,208.4479090601273,5440304
2012-11-21,206.0540313720703,207.28603289367254,203.55928609307978,204.287102102844,6989808
2012-11-22,208.92587280273438,209.75013315736138,204.75190674015,205.89185311600522,5827312
2012-11-23,208.48300170898438,210.36390857318597,206.6853943201764,208.87320976295496,3477736
2012-11-26,211.9774169921875,212.2931030321148,209.64053534656276,209.64053534656276,3788056
2012-11-27,216.64682006835938,217.466713215759,212.3676534832942,212.38079814861624,5717304
2012-11-29,214.4195556640625,215.64719037597206,212.77540203204074,214.83607458417467,10365096
2012-11-30,213.6829376220703,217.1553765040356,212.64821287634106,214.09945645295,7050712
2012-12-03,213.8846435546875,215.0991335692447,212.58687544817496,213.69612250642044,5202984
2012-12-04,213.7355499267578,214.57297632688773,211.76695456862848,212.9945890878669,4510288
2012-12-05,208.9170684814453,213.0822566253566,208.4786276241915,212.99456845390583,13995024
2012-12-06,205.04129028320312,209.92551797789798,202.90607438374587,209.92551797789798,11011928
2012-12-07,203.5373992919922,205.9356794468905,202.65615025787304,203.5242546290112,9485912
2012-12-10,202.87094116210938,205.541041277604,201.5950741882302,203.51982496462088,6829920
2012-12-11,201.1610565185547,204.84395976562865,200.17895326765066,203.08580762436452,11384424
2012-12-12,201.48985290527344,203.7697450038957,200.47705040289097,202.55964414682478,15359688
2012-12-13,200.24032592773438,202.8797270135301,199.26258998219686,202.11684421220696,9967112
2012-12-14,199.8238067626953,201.24873953008034,198.70139390119846,199.3152110933028,8507992
2012-12-17,198.72337341308594,200.96819978526662,197.90786891180346,198.7891395598305,10961640
2012-12-18,199.1398162841797,199.42041412146963,196.8599240678042,198.1752465003285,8292000
2012-12-19,201.34518432617188,201.6740149658668,199.05653591884203,199.40289991100508,9991896
2012-12-20,201.6477508544922,202.55969937930786,199.75367756972437,202.21772403456384,8441728
2012-12-21,201.4065704345703,203.55054178814055,200.52530009427335,201.59509142610813,6924016
2012-12-24,203.63827514648438,204.17316022698677,202.8227707489828,203.53305360673377,4323992
2012-12-26,203.02008056640625,204.39239216760893,202.06428786497267,203.6996640344506,3263560
2012-12-27,200.60862731933594,204.22576462757442,199.63527998945685,204.1205430966204,8110232
2012-12-28,203.71713256835938,203.91881962151058,200.66996895543852,201.86692520517167,7064256
2012-12-31,203.3225860595703,203.7961150936951,202.007263311859,202.9981440634511,3451824
2013-01-01,202.45887756347656,204.30469675905266,202.16950226694902,204.10303105710037,2959992
2013-01-02,202.4895477294922,204.1380898501377,201.98972936846744,203.1033650099694,4349944
2013-01-03,205.00621032714844,205.9664131318567,202.64740658532264,202.99815934444914,10599288
2013-01-04,206.0277557373047,206.50126331874068,204.48882398526897,205.9269014911638,8454008
2013-01-07,208.2418975830078,208.68909446344125,204.80013646119613,206.16369196435318,8761624
2013-01-08,205.54104614257812,207.64117328376022,203.74343887042673,207.3824974945381,12867424
2013-01-09,204.401123046875,207.1019229483625,203.72592842356426,205.2078499243987,6149968
2013-01-10,203.63827514648438,205.42271685611473,202.48955136623238,204.40115806998656,10901016
2013-01-11,237.81912231445312,238.6872267359765,221.06190249867626,221.06190249867626,92852568
2013-01-14,246.0968475341797,248.76694801198767,241.33976434204382,242.00181430296692,50924760
2013-01-15,244.39134216308594,246.35554879813108,243.29085124129304,246.05302886396407,20377880
2013-01-16,242.67266845703125,244.54481980989183,241.624798905648,243.86084767069752,11660824
2013-01-17,245.34716796875,246.11005094333353,243.70301439928127,244.8254275176885,11767072
2013-01-18,244.47897338867188,246.4037241766597,243.5494703498333,245.96528338630978,7290592
2013-01-21,245.20240783691406,246.45635281549787,242.28677649613783,242.28677649613783,5899560
2013-01-22,244.08441162109375,245.4084901525639,243.51004982185992,244.96568201751032,5110280
2013-01-23,244.61488342285156,245.35145535454387,243.86075673373358,243.86075673373358,7458712
2013-01-24,245.36903381347656,247.98214556965723,244.71576122649256,246.40375850450383,11211296
2013-01-25,246.8114776611328,247.9821231921155,244.75080584535675,246.4037362693934,8442536
2013-01-28,246.460693359375,247.94702464731378,245.61451126444115,246.57908092667208,6723008
2013-01-29,245.43917846679688,247.71907079982176,244.52284140690293,246.0529956333805,6197184
2013-01-30,244.70703125,246.04866479692615,243.82139340349235,245.94344325384836,6805528
2013-01-31,244.60617065429688,246.1494911385546,242.89625119641596,244.82539109761493,17480440
2013-02-01,242.9795684814453,245.69351348686976,241.31788168102537,244.74649822896413,7899648
2013-02-04,242.68580627441406,244.65001286819353,240.70404491870656,243.86081927829613,7500016
2013-02-05,241.65985107421875,243.97922060381114,240.75229123973463,242.30436777218725,6166112
2013-02-06,243.42236328125,244.4790100259894,241.65545519464982,243.35659715284186,9097344
2013-02-07,244.60617065429688,245.4392083389055,243.77752166020386,244.29926203365156,10704472
2013-02-08,244.60177612304688,246.99127889815594,243.09354379068228,244.04933633742755,5482696
2013-02-11,244.8297882080078,246.83783897456107,244.20280487360787,245.63651518551296,7394792
2013-02-12,241.6028594970703,243.25579026398768,240.41906905946558,242.8962601603792,4442392
2013-02-13,244.61056518554688,245.27698250419843,240.70405251069118,241.7563106637434,6322888
2013-02-14,246.64488220214844,247.98212669724495,245.03142855496853,245.0357958365547,6894000
2013-02-15,244.52728271484375,246.27226904346713,243.4487137512519,244.65003761127764,5194256
2013-02-18,243.78192138671875,244.36065053832965,242.2824449232434,244.0362085491807,2754784
2013-02-19,247.32005310058594,247.71903848847222,242.6375141752861,243.78184888251823,4643344
2013-02-20,247.2324676513672,248.36365816853547,246.27228623450628,247.7410634445572,5545224
2013-02-21,246.2108612060547,247.27187527498475,244.92621660174314,245.66719880456,5558744
2013-02-22,249.08262634277344,250.34971607065918,245.2725797791437,245.41286800099707,8703536
2013-02-25,255.85659790039062,256.22488400642976,251.45465516728245,251.66509825409082,10457648
2013-02-26,259.5394287109375,260.38122222943565,255.69868289607624,255.69868289607624,12173544
2013-02-27,255.22079467773438,258.50471219792155,254.47983396003693,258.50471219792155,7029760
2013-02-28,254.9095458984375,257.4393585206185,253.0154725978126,255.63736209304093,11808104
2013-03-01,255.50587463378906,259.67981999762463,253.59426764307273,255.5234079916715,8414632
2013-03-04,254.5982208251953,258.0224482518692,251.85357673716274,256.5755934018587,10108320
2013-03-05,256.1634521484375,257.7505951609478,255.45755810698046,256.4484386974284,7171944
2013-03-06,260.4425964355469,261.02132541072854,256.5974622945938,258.4169915018088,12205480
2013-03-07,263.44598388671875,263.9238801710863,261.3107682073634,261.4203784289269,13715360
2013-03-08,260.4557800292969,262.09993317315656,259.3158338495541,262.0122450054841,6162896
2013-03-11,258.30743408203125,262.1876357142573,256.9263453654762,261.46859698157294,4866160
2013-03-12,255.8828887939453,258.21538155680173,255.3479823281047,257.8032513889519,5714056
2013-03-13,251.09072875976562,253.41885435041303,249.9201043363485,253.41885435041303,10730136
2013-03-14,252.02464294433594,253.3224110683671,249.28875420829695,251.3143600208931,8332320
2013-03-15,252.38851928710938,255.31729611221948,251.49410407888553,252.22192029837345,7260792
2013-03-18,250.85397338867188,253.41885278100557,249.99901359122728,251.33625840261496,6446824
2013-03-19,250.43746948242188,253.08564852653151,249.13092402076083,252.1035450847209,11976144
2013-03-20,251.2836151123047,252.07719739345288,247.94270842345017,251.20909300702326,8994640
2013-03-21,251.9105682373047,253.81339716292334,250.96353176033395,252.80498325123787,9940080
2013-03-22,251.0687255859375,252.14729419329524,248.1574830697359,249.9068575114944,7370288
2013-03-25,250.15248107910156,251.22666139396233,248.38993991754057,249.49043097074164,5036856
2013-03-26,250.3103485107422,251.63442744833478,248.5083517700676,249.47292194278134,3415584
2013-03-28,253.36181640625,254.02823363713597,250.01649995696047,251.2266009552524,12348048
2013-04-01,258.1714782714844,258.9913711367553,255.23831357976067,255.23831357976067,7422040
2013-04-02,260.3506164550781,262.16136895723093,255.59792099108543,256.92638846369886,9720888
2013-04-03,260.29803466796875,263.0251462686571,258.5048152481858,258.5837260653882,8355472
2013-04-04,252.54632568359375,258.6055655630349,251.84482030305676,258.2416682101794,7499960
2013-04-05,251.30117797851562,254.2080325678991,249.9113117690626,252.45426897653726,4372960
2013-04-08,248.3241424560547,251.98512388373857,247.91640099207834,249.9113070394989,3716360
2013-04-09,242.57620239257812,248.94235133916246,241.69054322191747,248.46884373614887,10840656
2013-04-10,246.89915466308594,247.96457863270936,243.44424978503892,245.78990802249945,6551616
2013-04-11,255.7600555419922,257.4173746339521,248.58715967273653,251.35811413051258,17018672
2013-04-12,201.38902282714844,230.18583009380592,198.9381428088983,230.18583009380592,98027744
2013-04-15,205.10708618164062,206.68108507226316,193.26479062336358,200.80597573843133,66559976
2013-04-16,201.3539276123047,203.96265024549623,200.54281217173255,203.34883315533352,14301736
2013-04-17,200.26663208007812,202.73065676860423,197.2983790147146,201.68278743726384,15149144
2013-04-18,201.30572509765625,203.69961639069817,200.04302402857084,200.49022084509326,13224368
2013-04-22,196.8204803466797,201.0689677739929,194.97902883195928,200.94621290297582,15401288
2013-04-23,198.37258911132812,199.10479399204544,196.80734650420675,197.2984088851755,7869960
2013-04-25,195.3428955078125,197.29834561488818,194.94391012725427,197.12296930767494,13762344
2013-04-26,193.9662322998047,196.22859137048388,193.13319468368888,194.6765150410539,11129584
2013-04-29,195.4832305908203,197.1931498089735,191.68632876322127,193.4400920638912,8965680
2013-04-30,196.02252197265625,196.62758321106102,194.86065368087182,195.89537840350627,8840720
2013-05-02,200.51654052734375,200.93305934828342,196.07075444654217,196.07075444654217,9376184
2013-05-03,202.37994384765625,203.78734350939447,199.7712203238161,201.3978404497426,9117192
2013-05-06,205.28683471679688,205.62881010206746,202.99816434383206,202.99816434383206,6000104
2013-05-07,205.96205139160156,206.50571395773795,203.85314586974576,206.06727295145825,6983104
2013-05-08,206.12420654296875,208.69786312420663,205.01934834784734,207.38254045745742,7278352
2013-05-09,207.0668487548828,207.72451007015613,206.06721211896578,206.23381108887,4561424
2013-05-10,207.95692443847656,209.13632627354764,206.68983441628868,207.12827535187265,4534040
2013-05-13,205.15525817871094,207.1326093538874,204.33975388790503,206.5056474800381,5014960
2013-05-14,206.07159423828125,207.89112381918383,204.95357003796764,204.95357003796764,4484448
2013-05-15,206.98355102539062,208.05773118278063,205.8392160454606,206.3302783949945,8893176
2013-05-16,204.54148864746094,206.92660322814868,202.84471354054918,206.37416332764832,6991752
2013-05-17,206.2206573486328,207.73327830718023,204.75188047584038,204.91847943841137,6431752
2013-05-20,208.00076293945312,208.96094428091556,205.54110507531095,205.71648144482916,8758288
2013-05-21,210.24118041992188,211.94671117022597,207.55352496678032,207.83851154024296,5660128
2013-05-22,209.1626434326172,213.34536580484777,208.54443741281514,210.45165554115687,6245672
2013-05-23,206.9309539794922,212.13962315322007,206.60649059654827,208.34710948105854,5100584
2013-05-24,205.883056640625,209.1362964825406,204.6641995766246,207.0844017595951,3688648
2013-05-27,208.05772399902344,209.22398098271364,204.33975402348378,205.29554654682082,3325168
2013-05-28,207.48780822753906,208.69790963226717,206.38731706946655,207.82102765902235,4234952
2013-05-29,206.27764892578125,209.66242095578505,204.57650693845528,207.82096932882084,5166528
2013-05-30,207.7013702392578,208.34005129383502,205.4881522957321,206.99615945697857,6338632
2013-05-31,213.93301391601562,215.99099607689428,207.7501881392216,207.7501881392216,18498304
2013-06-03,223.01657104492188,232.85409341444748,219.5614425048046,223.98346128437328,33215248
2013-06-04,221.402099609375,223.49113781621736,218.53690274468107,220.87874097421104,11714560
2013-06-05,218.32843017578125,220.89647380930933,217.7740156755888,219.99167367635854,5078784
2013-06-06,215.5253143310547,217.7429724607625,214.3056023597154,217.3304967113639,7509232
2013-06-07,217.0465850830078,219.36180658198003,214.66925184689467,215.11278335897504,6618168
2013-06-10,220.59043884277344,221.58838493183794,217.96916278413406,218.21754480877556,4289040
2013-06-11,219.59249877929688,223.0520453163167,218.73649143991483,220.87874044049656,5957704
2013-06-12,214.7890625,222.3335178979693,214.0350587592699,218.41714242502155,5927288
2013-06-13,211.11216735839844,215.11283114888383,210.6775150427213,215.02412482676058,4154328
2013-06-14,212.4471893310547,213.69351741487904,210.86821255885104,212.15889380112594,5584064
2013-06-17,214.89993286132812,215.20152567729218,212.4383325573113,213.91084442976884,2720504
2013-06-18,217.02442932128906,218.2175248718475,215.08618776488458,215.55633554414206,4284904
2013-06-19,216.29705810546875,217.21515549821152,213.54272261360887,216.97565277214017,5836832
2013-06-20,210.15411376953125,217.1530325024109,207.816693993065,215.37890641987485,6802928
2013-06-21,214.55838012695312,215.73373869509044,210.28718010622094,210.28718010622094,6161368
2013-06-24,211.15646362304688,213.183411200126,208.62833412374235,213.1168814764601,7336552
2013-06-25,210.57992553710938,211.72868971284603,208.01632153781344,211.12104275479575,5790640
2013-06-26,212.8419189453125,214.1902722296049,210.38031875729754,212.15002702872764,5567232
2013-06-27,220.24008178710938,221.76138669308085,214.0129017148187,214.75802622859678,10670944
2013-06-28,221.66384887695312,222.45332664914721,215.0241705901836,219.2111055541397,11707392
2013-07-01,217.41915893554688,219.41505084743991,216.54097515703927,219.0158724650613,4209080
2013-07-02,213.24557495117188,218.5324808144397,212.89518928350648,217.16197236479084,5110832
2013-07-03,213.29432678222656,217.49899729998637,212.2387303342397,212.9838546908405,5349856
2013-07-04,218.92718505859375,219.56142654707065,214.6692819456227,215.82246403871903,5210784
2013-07-05,217.8804473876953,220.3065737747583,216.32808686938105,218.8384799246466,4337360
2013-07-08,218.94046020507812,221.2335268749069,218.26186562779006,220.4351701219501,5415168
2013-07-09,221.60618591308594,223.00775049017227,220.08044111619625,220.08044111619625,8611368
2013-07-10,221.8677978515625,223.53992060292578,221.1448500250373,222.20932583743217,6865416
2013-07-11,224.28062438964844,227.3942031103197,222.63067823704907,224.87051273271018,15704960
2013-07-12,248.7501983642578,257.7450300422244,243.94232130837855,246.70551384883808,52873040
2013-07-15,243.2948760986328,247.4906903415218,242.01751345637288,247.0515982867963,12874240
2013-07-16,242.06179809570312,245.7697264153942,237.82607153008922,239.68890415580424,6301536
2013-07-17,244.0177459716797,244.68304325427133,242.31456760279508,242.31456760279508,6575048
2013-07-18,248.44424438476562,249.9300753562714,242.95333142742072,244.297223613548,13078696
2013-07-19,252.58682250976562,254.1436228554795,248.6438306680311,248.6438306680311,16402840
2013-07-22,255.1859130859375,256.79592417553874,250.32924193222058,250.34697886534565,6751136
2013-07-23,257.42132568359375,258.7696575455578,256.36128938928204,256.36128938928204,6168480
2013-07-24,258.01123046875,259.64341821709024,255.47422086273315,255.47422086273315,4875280
2013-07-25,258.60552978515625,261.2711589372536,257.33702512312755,258.04667565776566,7177688
2013-07-26,258.4281005859375,261.94973680697456,257.4789473880641,259.90949165067235,6899640
2013-07-29,259.12890625,261.15141474446597,258.1353997644008,258.1353997644008,4362952
2013-07-30,262.18927001953125,263.72389371222033,259.99822821073593,259.99822821073593,6336208
2013-07-31,263.42669677734375,265.3738176956129,259.7498243924301,263.3690463359544,11807328
2013-08-01,263.8702392578125,265.68871877048497,262.2824048338639,265.0544772617182,8690632
2013-08-02,266.8995666503906,267.8930730535307,264.44240604017,264.78835200820834,11962296
2013-08-05,266.9217224121094,268.33658370391277,265.8084539070329,266.01248274831926,8502784
2013-08-06,264.996826171875,267.1834282349091,261.7767825161668,266.8286029650089,10031832
2013-08-07,262.86785888671875,266.36731857119486,261.7945038465113,263.9012787609898,6503608
2013-08-08,262.9742736816406,264.1673691201459,260.796529621635,260.796529621635,5765368
2013-08-12,266.59796142578125,267.8930823408842,263.54647272674396,263.9900043200236,7594376
2013-08-13,273.5348205566406,274.45735763385966,266.82861401507756,266.83749330991907,10334312
2013-08-14,272.29736328125,274.5371979990795,269.89343485541275,272.32841915788765,9211208
2013-08-16,264.2028503417969,269.66272774988795,263.249257562352,267.89304129521094,12087616
2013-08-19,266.5625,268.5095994539943,261.7679189215484,265.2407844530763,5259328
2013-08-20,266.7088928222656,267.9818373891759,264.5666434999064,267.8931310543897,10362056
2013-08-21,262.45977783203125,265.65764443321876,259.2087004423544,265.65764443321876,7526584
2013-08-22,267.9107971191406,269.3522746781005,262.92550675428527,265.1431645373005,10965816
2013-08-23,266.1809997558594,267.88859609294036,264.5488124392445,266.56244119108925,5498864
2013-08-26,268.84222412109375,270.54096304479134,266.87294826251895,267.88863123632655,5571544
2013-08-27,271.0909423828125,273.21545432779703,268.9486718491075,268.9575511434677,8525552
2013-08-28,276.4310302734375,277.65074199947355,270.73165002632373,270.73165002632373,14329696
2013-08-29,275.3976745605469,277.3802479971768,271.53006999717377,272.3284269491419,20086288
2013-08-30,275.508544921875,277.0209704198731,269.4454590167465,274.27995367235565,12678560
2013-09-02,273.73883056640625,277.437901521548,271.849403232091,272.9582322577769,5125040
2013-09-03,269.1083679199219,274.5017166930159,267.60923972302294,272.50582442428333,6267312
2013-09-04,276.11614990234375,278.52895740480875,271.0510321717426,271.41471507907573,8979400
2013-09-05,266.5447692871094,274.6968718795184,265.6843222672779,274.6968718795184,9457072
2013-09-06,268.6958923339844,272.49694528496343,266.6423279600025,266.6423279600025,13465928
2013-09-10,280.2143859863281,282.79574856474926,268.9575626249434,268.9575626249434,21879136
2013-09-11,276.683837890625,281.4606593051563,275.6770126905218,278.9813224717854,9145680
2013-09-12,271.96026611328125,276.68387741495684,270.3768497184442,275.43310970333636,6957440
2013-09-13,268.6071472167969,271.960250077269,267.2987291399619,271.46348607689754,9255384
2013-09-16,265.5334167480469,271.2594124638766,264.3536403412967,268.3365443534384,6332184
2013-09-17,268.1236877441406,268.77566609566543,265.3205598268093,267.6269237704726,8027280
2013-09-18,267.6402587890625,268.71361389998225,266.5624856876939,268.3366120483441,7439816
2013-09-19,267.8043518066406,269.22365277679836,265.43589764405266,266.03022559394344,15327808
2013-09-20,265.6886291503906,268.9574645174238,264.6552095605982,266.1188633087966,7991712
2013-09-23,267.8398132324219,270.0175573887583,266.21206550193665,266.5624510813132,8886376
2013-09-24,267.45843505859375,268.86885688895006,265.8439627033224,268.7801505686304,11752256
2013-09-25,266.9748840332031,269.22359720636564,265.46687706367817,268.9397414022876,8080776
2013-09-26,267.2100524902344,269.387796981044,266.20766674128475,269.13497530591735,10682440
2013-09-27,266.70440673828125,270.642958334504,265.32057960619517,268.247887906765,5701568
2013-09-30,267.27215576171875,270.9978213913212,265.90164737933566,267.91083696685854,8679184
2013-10-01,267.44952392578125,269.51638527454725,266.3850482086637,268.7801185721782,5310216
2013-10-03,269.4143371582031,270.28810289790346,267.89303273766603,269.2236272711313,14686712
2013-10-04,267.57373046875,269.57850192963696,266.5624871005459,268.4474963687278,7352816
2013-10-07,268.05718994140625,269.64502433670356,266.68666003235256,267.44954301345877,9795344
2013-10-08,269.1482238769531,270.7316400675964,268.0970671676327,269.69378064116376,17982912
2013-10-09,275.8632507324219,277.77485386024557,267.0059194590713,268.5139263131591,17371792
2013-10-10,277.4378967285156,280.39623952384704,274.1690601545394,277.2161309272097,17434688
2013-10-11,290.46881103515625,296.1016616996034,280.0280827176145,295.8355427705744,41290600
2013-10-14,294.89080810546875,295.8843143712933,288.8277236108033,288.8277236108033,12231712
2013-10-15,297.592041015625,298.6786937071065,293.86637464483124,294.8598813456785,9221320
2013-10-17,291.6754455566406,299.6533425579664,290.91691984538727,297.1814454798101,11513008
2013-10-18,295.784912109375,296.6192774258174,291.00619516356215,293.23715342148586,10944776
2013-10-21,297.64996337890625,301.42028256727855,291.37206035857156,297.4313338424827,9383368
2013-10-22,298.26568603515625,300.2155301143793,296.75307919099055,297.8774906565,7208760
2013-10-23,296.6995544433594,297.9488908549343,292.61243525386755,296.2712061734798,6561584
2013-10-24,295.26727294921875,301.17931128178714,293.5985208262711,294.69169017833093,6480560
2013-10-25,297.302001953125,298.948445001839,295.04873382288724,296.9852014824239,6011344
2013-10-28,296.5791015625,297.60087600814546,293.8751760059931,296.0213620412197,3412448
2013-10-29,297.66339111328125,300.2825231046364,295.0888565015504,296.226645242881,5200392
2013-10-30,296.6192626953125,297.9533930966576,295.1512965918402,295.46809700607304,5591088
2013-10-31,295.369873046875,296.9850951697788,294.14731255931474,294.8701515837516,9687544
2013-11-01,292.40716552734375,295.8249971519286,291.7557215081012,294.4864225041823,6166704
2013-11-05,291.4389343261719,293.64311615699313,288.50744721954726,290.20297505659374,5320232
2013-11-06,295.0352783203125,295.575174541773,292.2822890769419,292.2822890769419,3704664
2013-11-07,299.62664794921875,303.40587843556665,295.700161135328,296.418512316234,7192712
2013-11-08,299.84521484375,302.44650309955574,298.94836539023953,298.94836539023953,8616112
2013-11-11,300.07281494140625,303.23184308523577,298.0649525313363,298.94840327708647,7803200
2013-11-12,297.77484130859375,301.17927386740956,296.9940061541227,300.063795075308,6452184
2013-11-13,297.34649658203125,299.71577792157814,295.91868371139753,295.91868371139753,4687512
2013-11-14,299.32763671875,301.1793318702486,298.9528401297625,299.1536263510093,4343528
2013-11-18,303.77618408203125,304.74887308818916,302.32606133307576,302.6071533358856,6326536
2013-11-19,307.2431335449219,307.6937915122211,303.41481753342174,303.9457812907845,8975208
2013-11-20,303.6065979003906,307.2743014457069,302.964086374991,304.21342281365077,4306608
2013-11-21,298.4441833496094,303.4102871286681,295.6554858576179,303.05333384969316,8495496
2013-11-22,298.7342834472656,301.17940531200566,297.6991099617336,298.59149338488027,2720936
2013-11-25,296.8066711425781,301.51845909472524,295.11114295505286,299.1268676097179,5707296
2013-11-26,295.93212890625,298.8591503225871,293.8305619958801,296.2712388984739,7321096
2013-11-27,293.8885803222656,297.68567541148786,293.21929288421353,296.271239244391,6779624
2013-11-28,296.96728515625,297.8775116613865,291.36311431229086,294.61138044017395,7499968
2013-11-29,299.35443115234375,300.37620562876754,295.378859367564,297.69905584597996,5411560
2013-12-02,297.94000244140625,301.3489022263106,296.72637424812524,299.1268765655489,4711376
2013-12-03,298.83685302734375,299.79616506020494,296.271251078994,296.271251078994,7001240
2013-12-04,300.31817626953125,302.1609387851869,297.77041798356873,298.9483594005836,8443120
2013-12-05,299.0643615722656,303.3210247287721,298.23444090719516,301.6254967882465,6317072
2013-12-06,296.7887878417969,298.85911236076964,296.11056794349827,297.9711954974494,6544848
2013-12-09,297.94891357421875,301.9869476409684,296.36493336018987,300.2869532511074,8856632
2013-12-10,300.8089904785156,302.50451850661324,297.3019202525319,297.6097880897678,12345896
2013-12-11,301.1214294433594,301.77731823165124,298.05608346312056,300.28704217167683,6256960
2013-12-12,300.1842956542969,302.1341396417883,298.76985973626705,300.23335929508744,5520232
2013-12-13,301.0766906738281,301.6254975834504,298.5021566321425,298.5021566321425,8315624
2013-12-16,308.0729675292969,309.1215177120673,299.28745992972154,301.6254993841765,10117696
2013-12-17,308.4388732910156,310.98660987489416,307.43494219998496,307.43494219998496,10713952
2013-12-18,308.53704833984375,309.99163742262147,307.64913134638,307.8722271631649,9183344
2013-12-19,313.4272766113281,316.34536519873626,308.31838300011066,308.9876703727592,7331456
2013-12-20,316.91644287109375,318.8484433358792,313.083640487561,314.56500497032584,8685456
2013-12-23,309.51861572265625,315.89468869228295,308.81364177976985,312.33408879470215,8845904
2013-12-24,311.12042236328125,312.5928544172011,309.308902174785,311.0847357554403,7109912
2013-12-26,314.1768798828125,315.40390677222655,310.883994617901,311.17401915539887,6869928
2013-12-27,317.80438232421875,318.7592278375015,315.0067527269241,315.01121899954654,7382064
2013-12-30,312.5438232421875,319.02697815348034,310.10314659673963,318.37553409249864,11863432
2013-12-31,311.0536193847656,314.2706659847256,310.57174105062245,312.3341983125289,3590808
2014-01-01,309.4784851074219,312.2448729500776,308.94752147560666,311.62020472754244,1478688
2014-01-02,310.59844970703125,313.0480373178713,309.0546223606379,309.0546223606379,4404744
2014-01-03,318.14794921875,319.02695527874204,308.25142944659996,310.10312436185416,10046344
2014-01-06,313.93157958984375,319.51790895828657,309.5321464084998,319.03603058782045,11098328
2014-01-07,308.51025390625,314.645388498382,307.57771780558585,314.03411906922196,7713688
2014-01-08,305.91790771484375,310.10317640254624,305.2843068987369,308.85383986452155,8990392
2014-01-09,307.943603515625,310.727834782992,305.00320518597476,306.97982528819426,12590808
2014-01-10,316.9075622558594,319.026972211108,307.69370634514695,311.44171552916555,30258176
2014-01-13,327.05841064453125,327.9507937567946,319.6516308127451,319.6516308127451,17119912
2014-01-14,328.9992980957031,329.7355140607915,324.8675605039896,325.273599120862,7425832
2014-01-15,331.2571105957031,332.35474629064134,328.4862563983285,329.76236873352656,17130144
2014-01-16,332.417236328125,333.5237828748338,329.6151397716189,330.09257353859226,17608232
2014-01-17,332.8366394042969,335.95104820157064,331.9665657440805,332.7697106612033,25667896
2014-01-20,334.58123779296875,335.53161718702654,330.5788904231833,331.25264409704596,9761944
2014-01-21,335.38885498046875,336.42847271329816,331.8193221134842,334.6437062798059,12102464
2014-01-22,336.0625305175781,337.14232274342527,333.7557333611898,333.8583486992258,6769760
2014-01-23,338.4363708496094,339.01642000202133,335.61198638369945,337.68677758271156,7907344
2014-01-24,335.3709716796875,338.83342273002813,335.063103843964,335.98226286465183,6876584
2014-01-27,333.0552062988281,335.88405628418235,331.1812018446779,331.9665033066134,8099048
2014-01-28,327.95977783203125,330.95817248832935,327.2235616487388,330.8064716927486,14108544
2014-01-29,331.7702331542969,334.08149694643333,326.0455818076727,327.1476837833247,8102080
2014-01-30,330.5610656738281,331.6720784637214,326.61226978908303,330.51198023769456,7183632
2014-01-31,330.27996826171875,333.72902075492095,328.9815462957193,330.18179739105756,5369928
2014-02-03,323.8592529296875,329.4678902748591,323.4710792945852,328.8432220105243,4384112
2014-02-04,317.7865905761719,320.5395796805661,316.4881686607504,319.5624244323393,4535112
2014-02-05,319.584716796875,320.27631374072865,316.1490416564409,319.4731689027051,4326992
2014-02-06,318.0185852050781,319.7408890765617,315.9928797711708,318.75926759181647,5749904
2014-02-07,318.2728271484375,321.4229431387337,316.6933137748027,320.0977458192574,7551456
2014-02-10,318.91998291015625,320.00868629760936,317.46539361509906,319.4643237105308,6049424
2014-02-11,320.9233093261719,323.22119607351954,318.8931375396803,319.8301399026764,5833592
2014-02-12,321.266845703125,323.70750038801214,320.6510882975551,321.3025323121305,4208712
2014-02-13,319.99078369140625,322.8597870676377,319.47766333300063,321.6863118322248,3588320
2014-02-14,325.2112121582031,326.9692026952675,321.54797478485875,322.64561047220724,5962168
2014-02-17,326.4471740722656,328.8432318439363,325.61727506847865,328.8432318439363,13569920
2014-02-18,328.5755615234375,329.6999733003665,325.45221968386113,325.45221968386113,4978240
2014-02-19,334.9471130371094,335.71457133005583,329.7445362324071,329.7935998807269,7064304
2014-02-20,331.1856994628906,334.1885600744293,330.71719830501115,334.1885600744293,8816848
2014-02-21,334.7061767578125,335.1255925223807,332.61354242180187,333.39437775514165,5517984
2014-02-24,334.6347961425781,334.9739061449909,332.85896213701017,334.28677537942093,4357608
2014-02-25,337.57965087890625,338.40066089814763,335.0899103264472,335.0899103264472,8099512
2014-02-26,339.7749328613281,340.6940919943668,336.6159047740937,337.3208788485411,7352168
2014-02-28,341.3232116699219,342.4208256238446,335.6342685248582,335.6342685248582,9839496
2014-03-03,338.9494934082031,343.5631108001431,338.38728756110515,341.33661878138014,7204176
2014-03-04,339.0654602050781,341.2874856393395,335.7056244138769,336.42846351435657,6937912
2014-03-05,341.04217529296875,343.0678813467175,339.9891584752374,341.5954486690531,4943504
2014-03-06,341.9523010253906,343.56305701790046,340.6539009316623,342.4966634782716,6226312
2014-03-07,333.7781066894531,342.13973326773834,330.9224803293677,341.5150650014696,15072744
2014-03-10,327.64739990234375,332.83213283424806,325.3004279046742,332.83213283424806,7432472
2014-03-11,327.9820556640625,330.97598375694025,324.02879388093817,325.987570573169,4124272
2014-03-12,327.62066650390625,330.480759173778,325.8983624763053,327.80805391414236,3940104
2014-03-13,299.62664794921875,306.97094562856546,298.05604450898113,305.195111443328,40790880
2014-03-14,302.88818359375,303.7582570657554,297.6142128508422,298.0559381023674,11167544
2014-03-18,298.9974365234375,304.4721940005496,298.0559679559377,303.4102667814935,11804312
2014-03-19,291.96551513671875,299.6489443001722,289.020650156353,298.94841467349517,15777848
2014-03-20,294.75860595703125,298.90372112386063,291.8092754366396,291.8092754366396,8023032
2014-03-21,294.9906005859375,297.87746852977654,291.85388281205337,297.1635620743427,12380320
2014-03-24,292.3268737792969,296.13287916219593,291.80928720001236,292.00560713375535,8160344
2014-03-25,290.4172058105469,292.67493986537,289.6676125703318,289.8460892262593,7548064
2014-03-26,289.9263610839844,291.7155937076491,288.29331730268257,290.91691512316294,8458568
2014-03-27,288.33343505859375,291.1756620533764,286.9859279135014,289.84601999897086,13599368
2014-03-28,291.14892578125,292.6124253850569,287.99880900668194,289.14106375893715,7146824
2014-03-31,292.9515380859375,294.9281580029413,288.24421707820517,293.17463386829445,9176928
2014-04-01,295.7313232421875,296.7174110256426,292.25549507036976,292.97386789650847,8628352
2014-04-02,296.4541320800781,298.9483384871314,295.42342524228314,298.84125687247536,5644400
2014-04-03,297.890869140625,298.76987524813387,296.18643041537985,298.0113495791945,4700216
2014-04-04,295.91876220703125,299.48382905672804,295.03084519991546,299.03763741629785,3925584
2014-04-07,293.8974304199219,295.7759011323298,290.5599264657371,294.3079353452091,7097544
2014-04-09,290.4305419921875,295.3609585488007,288.2843563102048,292.7953571731875,10664680
2014-04-10,285.669677734375,290.7161085949902,284.32663679216733,290.4260840833077,21263240
2014-04-11,288.6993713378906,290.5243125952273,282.43931127347656,286.45503607831273,18678336
2014-04-15,290.8990173339844,302.3393631403383,289.8013818766968,297.3598615978663,20782384
2014-04-16,281.7521667480469,289.3061822142723,280.8776268092198,289.3061822142723,13198304
2014-04-17,284.8531188964844,286.4594082909815,281.8457925541258,283.7777930278294,8391912
2014-04-21,284.0411071777344,287.34739130144646,282.88547528744886,286.45500809864694,6119624
2014-04-22,281.15869140625,285.5626110126399,280.42247529973304,283.068404439416,6626896
2014-04-23,283.1219787597656,284.8353721239163,282.3500759204917,283.2469254936983,12016720
2014-04-24,283.1219787597656,283.1219787597656,283.1219787597656,283.1219787597656,0
2014-04-25,283.38519287109375,285.5625989735884,282.29202354689795,284.49173922743745,5962904
2014-04-28,283.6038818359375,284.9379905253727,282.4393172605088,282.7962705840608,6042480
2014-04-29,283.5771484375,285.11650987579657,282.97478961381876,284.04564974480763,4835464
2014-04-30,283.84918212890625,284.6701701117015,282.97464245272903,283.5680684186919,7741936
2014-05-02,287.32061767578125,289.75682819565316,284.22405229539737,284.22405229539737,4764392
2014-05-05,283.5011901855469,288.5074683006801,283.29149322029156,284.8486974376031,4196688
2014-05-06,282.45263671875,284.17940678411907,281.54687655955274,283.5011868929417,4566024
2014-05-07,273.72515869140625,282.88546316078185,272.17686518624123,281.1899351481463,15596072
2014-05-08,273.54217529296875,275.6035670259016,271.8600245621302,273.9615909608793,9161992
2014-05-09,277.6605529785156,278.8697365133773,272.4312007514357,273.5154375723204,6179400
2014-05-12,283.3405456542969,284.357853597712,277.0893981478853,278.26287312214805,7044200
2014-05-13,291.3853454589844,292.2554188433271,284.04549562696496,284.04549562696496,7299968
2014-05-14,290.3904113769531,291.36310030187275,287.0930381876699,290.0468351473697,5184688
2014-05-15,292.0279846191406,294.02693639246354,286.03117287257754,290.3904742461232,8409192
2014-05-16,283.5592346191406,298.0559956804501,272.9844934550288,294.3972244759895,14188792
2014-05-19,269.0579833984375,285.38412861260383,267.7238749594173,285.38412861260383,17246512
2014-05-20,278.61981201171875,280.10564275798566,271.48074811141623,272.08757290028075,8787344
2014-05-21,281.73431396484375,282.376825523313,276.5540250362923,278.24508687403346,6788304
2014-05-22,277.879150390625,283.7778110905502,274.9565958896138,281.9930449830625,9832744
2014-05-23,273.9214782714844,282.97470110659634,268.7991858416859,278.8697385550658,9081776
2014-05-26,276.17926025390625,277.6159843257794,272.1902893877695,274.0509173229595,5750544
2014-05-27,279.67730712890625,281.5468452144333,276.5941194111366,276.63873856251763,4984128
2014-05-28,283.17987060546875,284.4916691138687,278.24498880082893,278.73579939685345,5389320
2014-05-29,264.5624084472656,273.6540555831692,263.70299901650856,273.6540555831692,41341328
2014-05-30,265.9102783203125,267.724088703844,260.53671735916816,265.96456563748416,28035616
2014-06-02,270.7727966308594,271.1844129835966,267.8191505871317,267.8191505871317,6229856
2014-06-03,272.94842529296875,274.73509223144674,269.1082265942957,272.1161595413535,6824936
2014-06-04,269.9902648925781,273.86666268680955,267.18587614683514,272.74942156177684,5508008
2014-06-05,275.11505126953125,277.5801994496052,267.9548223625322,271.3924601916261,12153720
2014-06-06,271.66845703125,272.2971786577985,266.86932792043376,271.40609766068866,16882424
2014-06-09,270.166748046875,272.7495048231764,269.23045702817546,271.93532719683856,10858344
2014-06-10,278.19085693359375,279.4618828177225,271.0622986881866,271.3924840427145,10479176
2014-06-11,288.8837890625,294.6644411505171,279.5659788119809,280.8912701734149,20375704
2014-06-12,287.2282409667969,298.26486869204575,282.31150494496944,296.72245031816595,21128856
2014-06-13,288.309326171875,290.11860967467936,283.24785998997584,288.4450224345853,10151744
2014-06-16,293.4792785644531,294.88600058689207,287.67601187624535,288.21879680431374,9375328
2014-06-17,293.7235107421875,295.54635438433496,291.163371084994,293.9179998147243,10079392
2014-06-18,293.1491394042969,296.2701532322395,290.63875871660383,293.5562281644633,9791280
2014-06-19,299.6082458496094,300.612406870658,293.5652575662512,293.6331056869713,11313704
2014-06-20,300.03350830078125,302.096073936535,297.8849840252199,300.34107767846905,8853000
2014-06-23,292.4299621582031,299.3414160301618,291.42580101961653,298.5317661119933,6328112
2014-06-24,289.82904052734375,292.64246226640375,288.7751199561132,292.1991967775084,10638024
2014-06-25,290.5030822753906,293.55624818486336,290.0281453561393,293.55624818486336,6433520
2014-06-26,287.9021911621094,292.65155959447725,286.65830895363206,291.2945971852293,7376552
2014-06-27,291.6021728515625,292.7058533039171,286.95232372893344,289.4853202813957,6890744
2014-06-30,294.5106506347656,295.18460432428606,290.51664403934745,291.29464478216397,7290576
2014-07-01,291.3896179199219,294.4427836440544,290.02812775018697,293.5562303647401,4662512
2014-07-02,290.8694152832031,293.4295554039123,289.32246932760813,290.57087914086316,6119632
2014-07-03,290.45330810546875,292.0545195077675,288.62593627668775,290.4080760201723,7504912
2014-07-04,293.64215087890625,294.76842531179665,289.4898545551492,289.4898545551492,5752968
2014-07-07,302.64324951171875,304.6832202641137,294.9130932485186,295.36541394368504,11638312
2014-07-08,302.3447265625,308.1525422093699,298.80759182431086,302.96441477617134,11460480
2014-07-09,299.4680480957031,306.130724805619,297.62709356101846,301.2456600480825,8270752
2014-07-10,297.871337890625,305.92264820295105,294.0628099719984,299.8886930939425,11345616
2014-07-11,300.942626953125,310.47303624449745,298.5634369140908,307.70482376526843,15826360
2014-07-14,291.7695617675781,299.8887209548164,288.20075470915776,299.8887209548164,8231600
2014-07-15,291.80572509765625,294.72772204535113,291.02774652997687,293.0134305352104,4139800
2014-07-16,292.1629943847656,293.55613330163897,289.77925546948387,293.1038126031773,4589488
2014-07-17,293.0405578613281,302.6840240642986,292.3484937858458,294.92221680624175,4946672
2014-07-18,294.1487731933594,296.24300987177503,293.4295874668481,294.27994182124223,4098368
2014-07-21,289.54864501953125,296.12087977940604,288.40880980581244,294.46085353720923,7435968
2014-07-22,292.5339050292969,293.70993892941266,289.30886705298406,289.9375884516205,8733360
2014-07-23,303.0051574707031,303.50723794470684,293.91803758043295,293.91803758043295,11827336
2014-07-24,305.9725036621094,307.1259220734308,300.4722765462191,302.5122484281451,5571560
2014-07-25,303.2538757324219,307.4876017625873,298.9568292235302,307.4876017625873,5337672
2014-07-28,304.9637451171875,306.4021164574864,300.41792098019647,302.6026216564193,4601448
2014-07-30,305.063232421875,307.0353555043605,302.65689904517086,307.0353555043605,9934720
2014-07-31,304.651611328125,307.11675962127555,302.43976709330065,305.76885250821846,8457168
2014-08-01,302.2679443359375,306.8544734697188,301.24569476832653,303.0549782203886,7607008
2014-08-04,313.508056640625,315.07759647760486,302.99159862646457,303.5072398925445,13086960
2014-08-05,317.8006286621094,318.43387785101766,313.91519698450367,314.4534543778799,10985624
2014-08-06,323.4862976074219,326.42638300952865,318.88618592081133,318.88618592081133,18004184
2014-08-07,317.28948974609375,320.6411693039299,315.02788567954985,316.5341051534772,7754224
2014-08-08,315.0550231933594,318.43386867405064,314.3629811483881,316.62458532931174,3811352
2014-08-11,323.2736511230469,324.19638106752956,317.529177400838,318.79567554431713,5628672
2014-08-12,323.57220458984375,325.5805044792446,320.3335833178675,325.5805044792446,5916936
2014-08-13,326.4309387207031,327.9326529451341,321.2156875710166,322.05700886335484,8941360
2014-08-14,326.80633544921875,328.1768587639007,324.45879470017985,326.39471906645974,6762480
2014-08-18,322.03436279296875,326.75658813789863,321.1478094932282,326.75658813789863,6777888
2014-08-19,320.94879150390625,324.67591094599567,319.33852483682494,322.14291414842313,6424824
2014-08-20,321.5593566894531,324.08782532679663,320.876347923,322.323774358514,3938224
2014-08-21,321.0527648925781,322.3599675412831,319.3384735382295,321.71315765448406,4298880
2014-08-22,325.761474609375,326.3947237963413,320.96687362234445,321.05281016623695,4855040
2014-08-25,328.18585205078125,328.900510010676,322.2378341110083,325.58048007973906,4198352
2014-08-26,327.85565185546875,329.2895175175105,325.6709513909445,327.6611627605558,5842128
2014-08-27,328.4346923828125,330.19421604839516,325.770527029426,328.38493267278756,5569872
2014-08-28,325.5625,328.7151634659447,323.97032157511677,328.2945138573954,7599304
2014-09-01,325.6392822265625,327.3807171863289,324.3139912084549,326.58012267719016,3643152
2014-09-02,326.9148864746094,327.9326083626313,321.64987632443814,325.671004167027,3583832
2014-09-03,337.8157958984375,338.9149266289301,326.5756238048763,326.5756238048763,11857560
2014-09-04,335.5089416503906,336.97898419890936,334.522891175313,336.97898419890936,6238464
2014-09-05,337.4991760253906,343.31149849664473,335.2013951201729,337.6122562291115,6468352
2014-09-08,342.1037292480469,342.90434577538224,337.6755137138618,337.6755137138618,6517296
2014-09-09,337.9786376953125,339.7336336080732,336.526683474417,339.05968001669754,4316800
2014-09-10,331.75921630859375,335.4411031803522,331.0988235275321,335.4411031803522,5080752
2014-09-11,333.2834777832031,334.690199683916,328.43914038816195,332.3652755270645,5013032
2014-09-12,331.9944152832031,335.4411086482024,330.19418731551747,333.6318254300352,3907552
2014-09-15,329.4071960449219,331.8225850357012,328.14069762875505,331.55119251795116,4958800
2014-09-16,330.30731201171875,333.85803080568246,327.8059864600445,329.83237510297204,5034904
2014-09-17,338.4309387207031,339.06871544429345,332.10297536026087,332.89904227251253,7926120
2014-09-18,334.4460144042969,337.4041881507531,330.59675980779303,332.360811006301,9104776
2014-09-19,334.9028625488281,342.6691977718977,333.0257311469747,334.62694243160115,14755016
2014-09-22,330.24847412109375,333.15688805528015,328.56583189648427,332.9081116131779,8612040
2014-09-23,326.3133544921875,333.2202814255041,325.2684887896518,329.7419381005967,12962304
2014-09-24,329.72381591796875,332.2070530025552,325.51270432744076,328.38494176575,5564560
2014-09-25,333.90325927734375,336.4181676793433,329.83237153215805,330.194228220619,24975512
2014-09-26,332.9216613769531,336.54928293785605,331.1440495111947,333.36042137652026,8864840
2014-09-29,339.15472412109375,340.2312389832317,333.0076877669265,334.8079160384965,4996144
2014-09-30,339.037109375,339.8105824827853,334.8169644765273,338.7159571389043,6927368
2014-10-01,348.0428161621094,349.18717911275456,336.7076509018189,336.7076509018189,9470864
2014-10-07,346.5953369140625,352.1724434839556,340.9865590541179,340.9865590541179,20063456
2014-10-08,330.207763671875,343.04011433605774,329.38002539493306,342.40686517984665,20327680
2014-10-09,329.9047546386719,335.9839427230891,328.01404014774283,334.717444285253,12432832
2014-10-10,351.7834777832031,353.5339682670231,323.20132834319156,331.0988546205999,45893056
2014-10-13,356.6594543457031,360.4996532612408,351.8422381509325,351.8422381509325,17726984
2014-10-14,354.46575927734375,358.6904315699377,352.81026056059443,358.6904315699377,6860512
2014-10-15,354.46575927734375,354.46575927734375,354.46575927734375,354.46575927734375,0
2014-10-16,352.3690185546875,359.0238546681972,351.37079758893736,355.54146542719855,10017392
2014-10-17,351.1246337890625,357.61083314824157,349.79824250944694,352.3325320964538,8190016
2014-10-20,347.5419616699219,352.1182962297341,346.6075498200483,351.24769342077104,7702720
2014-10-21,343.9501647949219,350.96508646869256,338.2115129814586,350.96508646869256,26081384
2014-10-22,346.0560607910156,347.5009674179514,344.2464833321095,347.2639591976492,5353320
2014-10-27,346.6941223144531,350.97417961195185,344.7933831145229,350.97417961195185,4767752
2014-10-28,345.3450012207031,347.54201785226564,343.2254813161611,343.2254813161611,6666368
2014-10-29,353.84130859375,354.86688274046236,347.59670156710166,347.59670156710166,8229336
2014-10-30,359.7759094238281,362.93923089077134,355.16765929053565,355.16765929053565,15245208
2014-10-31,369.320556640625,370.6651979761262,363.46795270280387,363.46795270280387,8670800
2014-11-03,372.4794006347656,374.6764172393795,367.60678841902404,371.65894132694217,8578408
2014-11-05,376.0256042480469,378.68755673215674,369.84482851766006,372.3973686208137,10241080
2014-11-07,379.83612060546875,381.3311705595218,375.43296324086407,375.43296324086407,9970400
2014-11-10,379.73590087890625,381.15803919058436,377.41126626783625,380.6064815261816,5594168
2014-11-11,376.0621032714844,379.6903388847724,374.11119773278745,379.6903388847724,6255088
2014-11-12,374.3117370605469,378.3867024171878,373.50040293829693,375.67916912482065,5392896
2014-11-13,380.9300842285156,382.9766473334933,374.8951334347129,375.77029878275573,4956680
2014-11-14,382.11968994140625,383.92472661819005,380.51068743207964,382.3339298251418,5233176
2014-11-17,384.5628967285156,385.4243521305994,378.1496321201333,381.5135057413224,5458184
2014-11-18,381.2719421386719,385.41523422680893,380.3375303090378,385.15999806869524,5267120
2014-11-19,380.4515380859375,381.9648385610747,377.3884811810454,381.0577574338474,5201120
2014-11-20,385.2146911621094,385.84370093325896,381.4086723755852,381.96931055176725,5347928
2014-11-21,377.971923828125,380.96660923543647,373.9106680171899,380.1461499190644,10463272
2014-11-24,389.72723388671875,390.32432803774395,382.1471116210094,382.8809489680946,11047440
2014-11-25,392.2889709472656,393.8159369179691,387.07447830489076,391.5414235326203,14886576
2014-11-26,392.0381774902344,393.6107241433913,389.4081412866063,391.9971367289626,7930800
2014-11-27,398.0047912597656,398.96199376135854,393.0911606541419,393.9936569673764,17389032
2014-11-28,397.45318603515625,400.9310120828006,395.95355132492426,398.3875977845534,14347264
2014-12-01,396.5416259765625,401.31397269624057,391.32259369326835,399.92829042465434,18341864
2014-12-02,387.7308349609375,394.7229444509308,385.6158554897886,394.7229444509308,10654992
2014-12-03,387.16546630859375,388.88842121890804,380.06394711473644,383.1543336225617,12775044
2014-12-04,383.20916748046875,391.0673169716449,381.9693535163834,384.704217622706,9399228
2014-12-05,377.4659729003906,385.90759612603676,375.5515679243112,385.61585946743315,7358760
2014-12-08,359.2061462402344,368.11268191351274,356.9453209589795,366.289439308691,166320408
2014-12-09,358.2307434082031,362.0960091247059,355.979020813224,361.50345523263377,10050460
2014-12-10,358.0392761230469,361.9136667621887,357.19146383779395,358.4495057201325,7804712
2014-12-11,350.25408935546875,356.25254074528203,349.1510184885001,355.7146929875006,8285932
2014-12-12,353.4629211425781,357.4284736858612,349.71614880257977,353.5358552957993,14572500
2014-12-15,350.9377746582031,356.8541885002323,347.30951712165177,347.3186199816051,12966284
2014-12-16,353.3444519042969,355.8240576418226,351.10185437510705,351.10185437510705,17792756
2014-12-17,353.4355773925781,356.53508980716356,345.7415025365708,352.9797667433744,17851776
2014-12-18,358.4312744140625,361.33023465780417,354.5751117860162,356.26161122502924,19949980
2014-12-19,364.40240478515625,366.1071322494841,362.095998330416,364.21095540010305,14294632
2014-12-22,364.57562255859375,366.49002748138014,360.154258808349,365.74250239137797,10465104
2014-12-23,359.4795837402344,368.6413765834217,358.01186474041697,364.8034425196951,8196952
2014-12-24,351.9861145019531,362.2783102359484,349.1600884281448,360.2727433448586,27339488
2014-12-26,355.9425964355469,357.4832277890471,352.0590801419949,354.63897330607114,2268748
2014-12-29,356.95440673828125,359.6892703441327,355.9880793616629,356.6353393175986,2792676
2014-12-30,358.51336669921875,360.0904762744315,356.7721830665065,357.76584155417885,4640552
2014-12-31,359.643798828125,360.81065651693376,355.53237705247744,356.44399853209916,6968808
2015-01-01,359.98101806640625,361.3666779706182,356.79034356363843,358.9873375102883,2002764
2015-01-02,367.05517578125,368.12179046217244,359.5434254899942,359.5434254899942,6778320
2015-01-05,363.9010314941406,370.11828493261913,360.54626032229277,366.45357139022764,9937024
2015-01-06,356.298095703125,361.91369237655823,352.6333821610669,361.0020709851815,9667316
2015-01-07,358.0028076171875,360.0448304151802,355.532305005495,358.2671688901527,7249916
2015-01-08,359.8077697753906,364.1015146164582,355.5322751637924,362.0230137873021,13564920
2015-01-09,378.2226257324219,384.5219390417523,348.79550225666645,361.0203329107781,44863328
2015-01-12,385.7890319824219,386.38158586265354,378.3228619940553,381.422374598344,12758888
2015-01-13,380.857177734375,384.30313339779804,378.3228880005853,384.30313339779804,8801236
2015-01-14,388.1045227050781,388.89765105029846,381.53176866673266,382.60746400799405,9921260
2015-01-15,389.1255798339844,392.50770400228373,385.11444582609045,389.2987789908638,8342452
2015-01-16,386.2174987792969,393.8204117140013,385.0688470092457,391.6325205378124,6690960
2015-01-19,383.3367614746094,388.77915850920994,381.89641760758497,386.5274360647667,4087744
2015-01-20,387.29315185546875,388.8976141120686,383.1452752867629,384.15718374783336,6804504
2015-01-21,395.62542724609375,396.72849801442794,386.16281516126963,388.62419287830323,8494908
2015-01-22,400.46612548828125,401.6603583341327,394.0574453381222,396.518822931182,9958396
2015-01-23,403.85736083984375,405.67147832350275,394.7502729593578,401.11337182548584,9486328
2015-01-27,389.5357666015625,404.94216598271487,388.3689091872645,404.94216598271487,13739968
2015-01-28,391.0035400390625,392.87236389215485,388.40541907256824,391.9971984535199,13134356
2015-01-29,391.1767578125,391.9789668703046,387.9131708798556,391.0855956689874,15369424
2015-01-30,390.5203857421875,394.2854091038705,387.7946464618042,394.09395969348543,10833744
2015-02-02,389.599609375,392.3618040847124,387.6304984816886,390.44739937147375,8702540
2015-02-03,386.6914978027344,390.1647837915839,383.2455871600144,389.5996053040931,5265956
2015-02-04,390.6935729980469,391.9971737008315,387.6943031983601,390.15568080066765,5160016
2015-02-05,399.98309326171875,404.7599814373893,391.63263068806856,392.14314767531886,11875936
2015-02-06,406.67431640625,409.8285354293266,399.01669646046986,402.0250471534549,7453728
2015-02-09,410.029052734375,410.95892436123825,401.11341330733103,401.11341330733103,6536868
2015-02-10,415.3893737792969,418.9811528274416,408.588669924411,408.95331844732436,8516920
2015-02-11,416.5835266113281,418.10590719454234,411.3690359297335,415.7903984211667,5796972
2015-02-12,421.38787841796875,423.34786448092115,414.42309963635597,416.246342485614,6287536
2015-02-13,418.63470458984375,424.213799617139,416.7932119637301,419.2728394288083,5657516
2015-02-16,415.4713134765625,420.6037224292755,413.0099365234375,415.75392491817473,6244276
2015-02-18,418.7077331542969,420.24836450654607,411.7155788081639,417.6229125283206,8613764
2015-02-19,423.8492126464844,425.54483722435197,417.89634316136784,418.25186657783354,9673624
2015-02-20,416.26446533203125,425.909399247913,415.1340195012236,424.5419675294373,6971628
2015-02-23,413.0738830566406,421.02319450442485,409.88320833828703,419.3458201264712,5090488
2015-02-24,414.3866882324219,418.60747807712323,411.61536770615936,415.5170900179378,6437676
2015-02-25,422.5547790527344,425.69074783979966,415.69936815869556,417.32203648368284,6044972
2015-02-26,411.70648193359375,420.98677014865535,409.3909279254229,420.71328372369953,6445776
2015-02-27,413.1011962890625,415.8178099855397,410.5030755576847,414.7694454798961,7801076
2015-03-02,417.83245849609375,420.8955146789594,415.34375038593987,419.8927313431421,7040992
2015-03-03,418.9538269042969,419.88365394096985,415.3893786484846,417.52256362998105,4905552
2015-03-04,414.723876953125,421.88010444713973,410.57599987060695,419.34581493589224,4375228
2015-03-05,409.7920227050781,419.1178907562809,407.19390201197234,413.33822064329195,5684916
2015-03-09,399.29925537109375,411.8705042224773,397.28456339122533,411.8705042224773,7984720
2015-03-10,400.7487487792969,402.38054210676034,393.8568824136611,400.7669990115525,6329916
2015-03-11,397.8680725097656,408.4064257921341,395.47965092373124,400.037758354447,6780912
2015-03-12,404.449951171875,405.9358762191771,396.9199496552833,397.28459820802124,5688564
2015-03-13,404.8327331542969,406.5830636999907,399.7276543275705,405.6714424809324,6179684
2015-03-16,413.26531982421875,416.064015383989,403.0369542167847,403.0369542167847,6818632
2015-03-17,408.4975891113281,415.60823672362085,404.2585491886152,413.2653516924121,5539312
2015-03-18,406.49188232421875,412.57241337242937,405.2247377922982,411.0499882036112,4905564
2015-03-19,406.6651611328125,410.04728526061353,405.2612731494125,407.4218335647164,6891740
2015-03-20,411.58782958984375,413.67543314858284,407.12088589538155,408.5886048689696,6430896
2015-03-23,407.2121276855469,414.7877099276569,405.7626586567035,410.7765760294554,5078700
2015-03-24,403.2009582519531,410.84945172211263,402.2072999809342,407.47645305953455,6736532
2015-03-25,404.5957946777344,406.42811793263826,401.25012660648065,405.2885912752303,6170968
2015-03-26,391.3317565917969,403.83005102739565,388.7153852322427,402.572031234893,15740840
2015-03-27,401.5054016113281,405.6168230915168,394.36742374395317,394.54974802677515,10074220
2015-03-30,406.2184143066406,408.40630522750223,400.1834640448287,402.1343690594675,4623088
2015-03-31,404.4591064453125,414.5416040700731,401.90656638582556,409.31803096772944,8016412
2015-04-01,396.36376953125,401.02216272920015,393.4010006545283,400.91275038095824,6738488
2015-04-06,397.1387023925781,398.3238101069378,393.893321595318,397.2845707061282,7741752
2015-04-07,393.72918701171875,397.9773506062688,389.8092159439938,396.5552126651948,8542268
2015-04-08,401.21368408203125,402.00676795447055,396.1997666216528,397.92272208275784,10185576
2015-04-09,403.8482666015625,404.55931346451456,398.26912601631864,403.19188141055895,10581548
2015-04-10,407.3031921386719,408.0416141499383,402.97299180977956,402.97299180977956,7123776
2015-04-13,408.1876220703125,409.1356994588405,404.04886966372305,408.04175373836233,4872336
2015-04-15,403.6112365722656,409.3179952527292,400.21090666625093,407.7682389232645,6237784
2015-04-16,400.1379699707031,406.7654754643472,393.91161350996066,405.12455691697875,9007812
2015-04-17,397.3301696777344,400.1926518450182,392.62619455850864,397.476037997858,6450316
2015-04-20,388.7426452636719,397.46687873270156,385.643132906582,396.7375817075039,12825384
2015-04-21,390.64801025390625,392.9270636962707,386.5457140576503,391.63254353590264,8881648
2015-04-22,389.7546081542969,392.9088271308,382.50721795548054,392.18865512051445,12350984
2015-04-23,386.8921203613281,391.99720017759444,385.0688775698044,391.7601697121437,11891800
2015-04-24,363.7734069824219,392.0336713479848,361.00208673428745,389.42642515235076,43565452
2015-04-27,361.84991455078125,365.013236600513,355.1859527022994,364.6485880125005,19822640
2015-04-28,357.5196533203125,361.36669083504023,355.8969629212909,361.36669083504023,10393500
2015-04-29,357.565185546875,359.54339908753667,353.3352498508426,357.51960448715295,8289056
2015-04-30,354.11932373046875,358.26720099388393,352.3052060936375,357.35557961730916,13134260
2015-05-04,363.3904724121094,364.64851423750457,355.51407340713087,357.2643818241951,13361592
2015-05-05,357.85693359375,365.32310297710546,355.9060729563942,364.64851213221243,9408516
2015-05-06,350.43634033203125,360.09040065202396,349.20565162094204,360.09040065202396,10508408
2015-05-07,354.4383544921875,358.65004036435283,348.2393297737027,350.427220850815,6779984
2015-05-08,356.9818115234375,358.73214239889165,354.6663020933412,356.9909366398982,5777676
2015-05-11,363.4908142089844,364.64856896416916,355.9334592633725,358.2672190072962,4785512
2015-05-12,355.0035400390625,363.6639418485695,354.07369082237,363.49074271493055,8284892
2015-05-13,356.7537841796875,358.24885610318245,351.61225019629694,355.8512882139604,7099084
2015-05-14,352.76092529296875,357.50135522172155,347.8746270792426,357.35548693674815,6233844
2015-05-15,357.6746826171875,358.5589509889991,352.30524107851437,352.79750776819566,5189344
2015-05-18,363.3814392089844,364.4480318663064,357.647326869611,359.17885537426014,6469976
2015-05-19,368.72344970703125,371.1574740405917,362.0959675419179,362.33299797407886,10272076
2015-05-20,373.27252197265625,374.1294372196804,370.7746658849525,371.9415457739513,5882188
2015-05-21,373.48211669921875,375.93436906218193,371.44009391598854,373.5641537126137,10059312
2015-05-22,373.11749267578125,374.0473642559838,370.1364953186546,372.67080711774713,6888824
2015-05-25,367.7115783691406,374.95896774156074,365.9339168249621,373.85589706031357,4675808
2015-05-26,365.97955322265625,370.38266698499405,365.0405786855686,368.29506278414203,3965040
2015-05-27,358.90533447265625,366.28946759236294,356.44395676608735,365.9248190432416,8454708
2015-05-28,367.6750793457031,370.48287725650147,360.1268509188275,360.1268509188275,10980540
2015-05-29,368.86932373046875,374.940708113832,364.8308370005512,365.5327809363079,18993044
2015-06-01,373.3636474609375,376.31729172014224,368.88757774843884,370.62878342227367,5724892
2015-06-02,366.2256774902344,374.6946538354558,365.56018940239,373.4183838475173,4673140
2015-06-03,368.45916748046875,371.8412697554138,366.10717965392536,367.9668785364666,5495796
2015-06-04,369.76275634765625,374.6763866767033,366.9458329334114,370.11827978282616,7489464
2015-06-05,366.7726135253906,372.67079906916723,366.1344785954777,370.1182593495154,6125788
2015-06-08,364.65771484375,369.1428880461086,362.27837389323145,368.2950756237179,6141048
2015-06-09,363.2081604003906,366.0433115967247,361.5490140559484,365.3322425187124,7561740
2015-06-10,369.4801330566406,371.8229954742408,361.91367585365487,362.8252972034122,6385840
2015-06-11,364.2200927734375,372.80756168334756,363.74605410923425,371.2030991591721,9229464
2015-06-12,360.09954833984375,369.3069237184839,356.535100058036,365.5601511717526,9852924
2015-06-15,366.6424255371094,369.73339960371766,358.33193351078074,361.64502770405613,5236426
2015-06-16,369.9369812011719,371.28813849945186,364.6249415971686,368.0860931727599,5223444
2015-06-17,368.58587646484375,377.9513661313059,367.290254739614,374.24958977350667,6412068
2015-06-18,370.89947509765625,373.1205408429263,368.6228736712148,372.25060986971937,3474426
2015-06-19,368.456298828125,374.0274902928449,367.623399151933,373.99045897314875,6670458
2015-06-22,379.00634765625,380.8202270339757,369.0670875848105,371.9914998238746,5710868
2015-06-23,370.3257141113281,380.320510229873,369.4928144347827,379.4320748706847,6952116
2015-06-24,368.3637390136719,375.73028265699884,366.92005985829417,375.73028265699884,7073694
2015-06-25,366.6424255371094,371.4732389236245,365.60593272754215,369.8814796881624,7117466
2015-06-26,372.12109375,374.4717128599974,369.47431443609787,369.80748336856504,5320284
2015-06-29,366.5313415527344,369.992492904043,363.6994740152299,365.3652731328569,5690668
2015-06-30,364.38433837890625,367.75296834349507,362.77407473776304,366.47585101059735,6212530
2015-07-01,369.2151184082031,372.02845891068586,364.99508506063313,366.10561777379934,6880852
2015-07-02,365.73553466796875,370.69592443886046,364.64350603252785,369.8074890013166,4007568
2015-07-03,366.5869140625,367.5863982138757,363.5144441551118,365.73551000534667,2695306
2015-07-06,363.9956970214844,365.7355365827028,360.92322689082516,364.62500357688486,4305602
2015-07-07,362.95916748046875,366.4758549777298,362.40390103353275,364.6249668212766,3497418
2015-07-08,354.4450988769531,362.40391832954265,353.4456147059973,362.40391832954265,7024178
2015-07-09,347.2266540527344,357.59162880057715,345.764447739179,354.44511860926775,8587772
2015-07-10,347.0414733886719,352.4460568967064,345.2461212038795,350.96534661024805,7411522
2015-07-13,351.7242431640625,353.5195954226493,345.7643704597914,348.3371092070293,6531768
2015-07-14,359.5350036621094,360.3679032844926,350.00293020594535,353.51961750045245,5367074
2015-07-15,364.2547607421875,364.9766115855986,358.3319191041032,359.0722743088637,4129566
2015-07-16,366.1241455078125,367.0310851335686,362.58895399730756,365.62441479252203,3472938
2015-07-17,370.86248779296875,371.8434676510922,366.1427225241271,366.84606913114226,3447978
2015-07-20,370.64031982421875,374.1755113646965,365.51336913185474,370.6958555014318,4377180
2015-07-21,411.87823486328125,425.33418547950816,383.13392686796425,383.13392686796425,38310112
2015-07-22,408.3614196777344,411.63748232959927,398.5517134891243,409.04623918543814,12665660
2015-07-23,406.455078125,413.48845379382965,403.4936567907559,408.65761716726263,7710748
2015-07-24,402.60516357421875,409.58300255408614,400.9393643127689,405.54810271539844,4480302
2015-07-27,394.3501892089844,402.7346751429223,392.55479181786603,402.3460158013083,6752244
2015-07-28,393.4433288574219,398.3111742719856,390.2598099221568,395.53484173756186,8476602
2015-07-29,401.790771484375,404.23393457890637,394.2391394931642,397.5707378550783,7071334
2015-07-30,396.090087890625,403.4936409353096,391.64795606381426,403.4936409353096,11956598
2015-07-31,398.69989013671875,400.2916270553523,392.38834258886294,399.2551566592502,7931012
2015-08-03,399.4031066894531,404.2339424837743,395.70133065938194,399.0514560416746,7961012
2015-08-04,391.37030029296875,399.4031368089106,389.0566900997022,399.0514861346137,9099054
2015-08-05,402.14251708984375,403.49367467100797,393.110172582603,393.12869954184447,4753476
2015-08-06,402.36456298828125,409.2313762045593,398.68131358870227,404.9743333946521,7238252
2015-08-07,405.5666198730469,407.56558819875534,399.2365911647208,399.6067688106779,4988058
2015-08-10,402.0129089355469,409.54601472014184,394.9795339173375,406.4550405259949,3992754
2015-08-11,410.5824890136719,413.4513653782889,405.6035732424615,406.7511599384641,7574406
2015-08-12,423.6312561035156,425.33406403251223,411.2673151785214,412.74802558420464,10168440
2015-08-13,428.6656799316406,431.9417428003145,390.7410011941146,424.59372614990656,9787960
2015-08-14,425.42669677734375,432.62663454504565,423.1500950183056,431.25699521044635,5109066
2015-08-17,422.7984313964844,426.98141192091174,415.5244312024815,425.70431704485856,3107436
2015-08-18,431.0163269042969,435.95818937001917,425.7042867978808,425.7042867978808,4150446
2015-08-19,435.1623840332031,439.10474012280304,430.44261867573977,433.1078798613431,6869518
2015-08-20,419.9850769042969,432.5525902269084,417.5603951869514,429.0359025014864,8369114
2015-08-21,425.667236328125,429.75767174404126,413.6734729082787,422.3356378885953,10822142
2015-08-24,404.2524719238281,415.709450732243,399.273556020161,410.87861490822803,14122684
2015-08-25,401.8833312988281,414.22874555370714,386.6505136111234,407.1953709643234,13735078
2015-08-26,394.091064453125,406.08482774681426,392.01807892787264,403.4195670983035,11498212
2015-08-27,400.82830810546875,407.2323532292081,399.0699645723654,402.75321347715715,15343392
2015-08-28,411.2859191894531,416.4128708921437,407.7877130880086,407.7877130880086,7208820
2015-08-31,405.12249755859375,420.09616795269557,400.71737374272544,420.09616795269557,9917064
2015-09-01,403.1234130859375,412.59995076557004,400.53216984296085,403.493590692077,9071550
2015-09-02,406.9918212890625,412.74810213381295,403.4936603819337,406.45508174253507,11171830
2015-09-03,406.95477294921875,411.63752905742086,404.4190651935542,410.9527094719785,8590536
2015-09-04,397.55230712890625,411.2674084469773,394.97959029066135,408.30598696401074,7318888
2015-09-07,391.92559814453125,401.64276173489156,390.53743191733696,401.6242347767812,5180988
2015-09-08,391.944091796875,397.5707736845564,389.53793720753646,393.1286421350083,5459496
2015-09-09,403.0123596191406,407.0473047427159,396.8304113972662,402.4200844605649,9148664
2015-09-10,399.95843505859375,404.04891628062944,392.758497639714,401.60575275980796,8363004
2015-09-11,403.77117919921875,409.56446713152457,401.82774698212415,404.06733932642385,9883810
2015-09-14,407.1028747558594,408.67612978446806,400.772845913586,406.82524151551667,6557076
2015-09-15,406.8992614746094,408.37997209888044,402.8088254876819,406.9733241184442,5291886
2015-09-16,407.8062438964844,410.8046740205261,406.5661577252226,410.1568630905545,7478240
2015-09-18,408.8426208496094,413.82153654345365,406.84369801547984,411.56346228393,11576876
2015-09-21,408.9167175292969,410.4714454603422,404.41905040261156,407.1953825564052,4351234
2015-09-22,409.953125,420.50318556945206,407.60250650715153,412.7479836820716,9626986
2015-09-23,413.2108459472656,416.94963157406244,406.25148730886076,409.953264204245,4758254
2015-09-24,422.2060852050781,426.7037069529789,410.8971413040197,412.19276292074414,13399262
2015-09-28,409.2498474121094,423.0574442281001,407.56552132429306,421.9839201934311,9788464
2015-09-29,415.28375244140625,419.5593220118562,406.26993646489547,407.93573574880617,8699370
2015-09-30,430.1279296875,432.7191734022365,416.8015334402838,419.92956189426684,9495692
2015-10-01,434.2369384765625,443.3803089475074,429.40610175671765,433.0708697661478,10864394
2015-10-05,437.4573669433594,440.2707075895689,430.1463595415135,434.2183130311492,6881760
2015-10-06,427.40704345703125,441.45531034287603,425.0008890821701,439.4193335641474,8711880
2015-10-07,419.4853210449219,432.6451553975504,417.7269770978516,427.9253900659408,9182488
2015-10-08,419.0965881347656,425.5561693223701,416.83851376242717,420.66984296951654,9080874
2015-10-09,432.1453552246094,434.1813320997412,420.5217691181356,420.5217691181356,11782138
2015-10-12,415.67242431640625,451.54264177902496,410.52694678445454,443.84292984180433,30404970
2015-10-13,406.97332763671875,411.2673794466864,401.7167777624924,409.95323068120416,15326862
2015-10-14,406.3069763183594,412.95169219477225,402.4571197519367,404.0303747517204,8865510
2015-10-15,406.2144470214844,408.8056906469577,403.1604813200336,407.1584181315593,8255666
2015-10-16,409.03497314453125,411.46325633583206,407.2044120796649,410.5666503445429,6418992
2015-10-19,415.404541015625,416.9175665549175,411.1270447972104,411.6874178705369,7347494
2015-10-20,420.6346740722656,422.14769955534507,414.9001989555981,415.79680496026464,8788310
2015-10-21,425.28582763671875,428.4425778128885,420.2798188954417,420.2798188954417,7278098
2015-10-23,429.5819396972656,430.7400347463546,420.31708809801336,426.5559346969783,6033362
2015-10-26,430.42242431640625,432.7946604211958,427.06018698900806,431.1135417574967,3195942
2015-10-27,429.3951721191406,431.4872222579184,427.415169221583,429.6193122048538,5263748
2015-10-28,430.8147888183594,432.6080008455582,425.5099421097502,427.56464332274726,5255472
2015-10-29,427.77008056640625,431.82343608155605,424.40784261965644,430.77738825681445,5887324
2015-10-30,424.1836242675781,427.7513502775757,422.1476207979568,427.7513502775757,4044676
2015-11-02,422.5959777832031,424.3144916188228,416.2077341351001,422.14769758460045,3544988
2015-11-03,427.93817138671875,429.7873840038691,423.4178384089186,423.4178384089186,3614682
2015-11-04,424.6880187988281,432.45849672504056,423.00689986629044,429.65663183747773,3205572
2015-11-05,419.4952392578125,427.7513923831562,418.18770225052776,426.9855310375807,2345306
2015-11-06,425.2484436035156,427.3404938538773,419.49527121256455,419.5326202949634,3026172
2015-11-09,423.8661193847656,425.8834712640389,416.6186196127762,418.41183141730136,6125676
2015-11-10,412.3785095214844,421.2137335408,410.9775769265593,421.2137335408,4680052
2015-11-13,411.2391052246094,413.1817134843111,407.2044011735073,410.92152402547885,3520868
2015-11-16,403.5432434082031,408.69869306106744,398.6866775857224,404.8321286230541,6808334
2015-11-17,396.55731201171875,404.5519763156526,393.0082828415715,403.46857934305814,7184106
2015-11-18,381.0536193847656,390.4492152971124,377.784777061612,388.8988409603343,10125252
2015-11-19,391.4393005371094,393.0083269471076,382.4733082994143,384.88291714568214,8539622
2015-11-20,393.1577453613281,397.19240400411286,389.2911803940976,391.5139752757746,6082978
2015-11-23,393.6433410644531,396.8935318751781,387.7781218177669,392.2611058850243,5616350
2015-11-24,388.9549865722656,392.56006271727756,387.40461184009894,392.26117881591506,4325802
2015-11-26,393.1577453613281,395.81016870675876,388.5440163191438,388.8802036702522,9853968
2015-11-27,398.369140625,399.73272399104394,390.393174365085,395.2497401705836,5142478
2015-11-30,406.419921875,410.3051843210027,394.5773435117348,399.73279405014114,18105534
2015-12-01,403.0950012207031,409.0723135650324,400.834811749194,406.4572394143883,5898550
2015-12-02,396.25836181640625,403.4498144572198,395.6232907335889,403.4498144572198,6397616
2015-12-03,395.1563720703125,397.7901434887388,391.9062268164557,396.370513605863,5504726
2015-12-04,391.90625,397.8275161029999,388.5626634423431,391.8875526570379,8375530
2015-12-07,390.86016845703125,395.623338968694,388.52528095131424,394.2411038066181,4513870
2015-12-08,390.16900634765625,397.0242261614299,388.2637474810846,390.41184374119115,5724372
2015-12-09,384.1170349121094,391.12169815527864,382.00631006915063,389.6460673400282,6818254
2015-12-10,391.2711486816406,392.8588723849487,384.90160212798264,387.25514166739066,5587746
2015-12-11,393.30718994140625,396.7067773846481,390.729464744829,393.7554701480821,5390198
2015-12-14,399.5459289550781,400.9095123073225,391.5326136984088,392.07428932992474,4816672
2015-12-15,402.55340576171875,403.1324306485138,395.54874146214325,400.94698450770284,5431808
2015-12-16,409.3898620605469,410.1930725527762,404.7387839873926,404.7387839873926,5495852
2015-12-17,413.59271240234375,414.60141138215386,406.4573037819746,410.9402887501581,4958782
2015-12-18,404.6454162597656,412.21045295326786,403.2631352797264,412.21045295326786,7219820
2015-12-21,412.2291259765625,413.70480254752164,398.2197980431081,402.3478982488117,4331012
2015-12-22,404.8695373535156,409.98759307921136,403.50595378179656,409.98759307921136,4109254
2015-12-23,411.2577819824219,411.87420147262804,406.10237716268966,409.091033499906,2870928
2015-12-24,409.57672119140625,412.6027270436394,407.2418330950407,411.7061664972615,1230054
2015-12-28,412.71466064453125,414.6759658885989,407.2043268635791,407.2043268635791,5526952
2015-12-29,412.69610595703125,414.67610922437,409.93163504482715,411.4072660210248,3345062
2015-12-30,405.822265625,413.40595512014835,404.58942641676504,411.3512535086135,5153970
2015-12-31,412.9576416015625,414.65741270873434,406.08372218811746,407.2605148643327,7943938
2016-01-01,412.90155029296875,414.28378560160974,408.39986846330237,410.9402445801996,1806550
2016-01-04,403.0576171875,411.8554456694291,401.99291763914806,410.9214906966169,3975362
2016-01-05,401.2457580566406,405.5232536376736,396.83747229536505,405.5232536376736,4949786
2016-01-06,399.48992919921875,401.46993217246415,395.5860152803914,401.46993217246415,5588328
2016-01-07,392.5600280761719,398.9482718753644,391.4766310334371,396.01566196556325,5294088
2016-01-08,397.22979736328125,398.76147459116373,394.31583923938706,396.55733145675924,3156716
2016-01-11,394.3904724121094,399.7140155510799,393.04558642397046,394.6146580795228,5360622
2016-01-12,392.2424621582031,397.0990288948989,385.10705399648276,396.7441441823748,6565212
2016-01-13,404.73876953125,407.5779837621925,391.5513059858108,394.87619508399405,8751294
2016-01-14,423.2684326171875,431.4872371340261,393.8861973488347,398.23843704317903,30227006
2016-01-15,425.84619140625,434.8495097643933,424.9682827022095,428.8721969153982,13036614
2016-01-18,422.8573913574219,434.13954728658285,421.53115727819784,425.8460467668168,10066612
2016-01-19,425.75274658203125,432.96285200908585,421.60599539397583,424.0155811158361,7500436
2016-01-20,418.8788757324219,433.3551802449136,417.29115201169697,423.64204689459655,7507998
2016-01-21,424.7813720703125,426.8173754449143,419.1589455135176,424.01551083586673,6743000
2016-01-22,424.4825134277344,430.55322044045226,422.521208085164,428.9094506517397,6436018
2016-01-25,425.0055236816406,428.44245945427605,420.11160915200696,425.97682765188404,4579262
2016-01-27,425.3231506347656,429.469902139535,424.01561350062275,428.29310959815115,6971962
2016-01-28,421.99822998046875,426.8547961174328,420.72804202399277,424.3891639685517,7788598
2016-01-29,435.1856689453125,437.09092797222974,422.74537044633325,425.1363043011944,10232108
2016-02-01,438.34246826171875,440.7894488133835,433.95287938436513,437.0909775747879,4251126
2016-02-02,439.1643981933594,444.56264058775673,434.84950726399063,439.65002749758105,7632702
2016-02-03,432.4958190917969,439.295038160989,430.6466066215213,436.2690333899622,5245966
2016-02-04,440.7333068847656,446.41173430113986,433.3737606881572,433.3737606881572,5549346
2016-02-05,438.84674072265625,443.3110728174174,437.7820411831865,439.1456245527708,3984224
2016-02-08,429.918212890625,437.9128317481994,427.303138713926,434.75608187620827,4221044
2016-02-09,413.798095703125,421.5125728307559,408.51190148325924,421.5125728307559,7579572
2016-02-10,414.13433837890625,421.2136989356742,412.8081040566918,413.92885004055614,5866054
2016-02-11,402.9643249511719,415.7968604453379,400.16245931474776,415.0496962756248,5214378
2016-02-12,405.2057800292969,412.5840255236459,398.6120477200206,408.9602522733155,7408096
2016-02-15,407.85809326171875,411.01484249287563,405.93413710163554,409.5392120340363,5093478
2016-02-16,403.151123046875,408.23183036915646,401.11507328681625,406.0837333436496,5125448
2016-02-17,410.136962890625,412.0609191860823,402.34778781814197,404.1223022026695,4164598
2016-02-18,419.68206787109375,421.02695407846204,410.94023911828594,410.94023911828594,4189072
2016-02-19,421.1203308105469,423.7167076006264,416.1143226365665,418.112977317053,3974018
2016-02-22,420.8962707519531,423.6233926465482,416.18914553936116,422.52134372253715,3857010
2016-02-23,419.86883544921875,423.0816316550394,416.9362257544279,422.24107212194997,2501960
2016-02-24,420.4105529785156,427.28447185402496,417.795478615256,418.2251070955899,4950714
2016-02-25,414.7881774902344,422.3718659102659,411.3511951925831,420.4292574487993,4484528
2016-02-26,418.8415832519531,422.89493994258345,416.917626303819,418.4680011495303,4235636
2016-02-29,404.9815979003906,422.29711501671625,399.0976812179216,421.96088208563486,8166076
2016-03-01,420.4478759765625,422.2597852984527,408.99762327905205,408.99762327905205,6386154
2016-03-02,431.86083984375,434.66270515415493,420.27979656074285,424.78147840077077,7214898
2016-03-03,436.8294372558594,445.62726572028294,431.1136145923136,436.3437624296553,5814304
2016-03-04,437.33380126953125,442.6946941412195,433.01891069292117,439.18301402906474,4281680
2016-03-08,434.6439208984375,444.74933133857564,428.6479576951026,434.4758272547362,7617746
2016-03-09,440.26641845703125,442.2277240971665,426.9855591668054,427.75142056283477,6305782
2016-03-10,426.8175048828125,434.43858805126644,425.640712269482,434.43858805126644,24381016
2016-03-11,427.0043029785156,431.84217250935757,425.2110908139344,428.19974735271666,4058548
2016-03-14,426.3317565917969,431.20701989231674,425.3231034415444,428.12496841810264,4174262
2016-03-15,423.79150390625,431.30049429651655,421.7554542888332,427.37788261170635,6720258
2016-03-16,430.53460693359375,431.4872593839339,422.72677872260107,426.5933437444771,5588850
2016-03-17,434.0089111328125,436.9975672886657,431.1323478241133,432.1970474589812,6474622
2016-03-18,445.83282470703125,447.92487505284447,434.1023392922479,434.4012231716258,8477422
2016-03-21,446.3931884765625,447.9248657190834,440.8455043062016,443.81546328129366,5138392
2016-03-22,444.54388427734375,446.0569096241615,437.83810559423557,445.02955912042074,7097950
2016-03-23,451.2124328613281,452.2957843588324,441.611346503058,444.56265391440604,6333176
2016-03-28,450.1290588378906,462.1210345258684,446.7107736736517,460.40256607270175,10787510
2016-03-29,447.2712097167969,455.3592720346719,445.14180979533415,447.924978450983,6995356
2016-03-30,450.5212097167969,452.03423510867646,446.63599326955557,447.4018090331891,5756818
2016-03-31,455.1349792480469,459.4685214264797,448.41050309429056,452.1276258379746,17996320
2016-04-01,450.3345031738281,456.59200305661346,446.4679377400469,454.2758123860891,5511428
2016-04-04,464.62396240234375,466.2303834069956,453.36050043967543,453.36050043967543,4577054
2016-04-05,455.6953430175781,464.10093803927515,453.52854917067646,463.9888451976772,4790716
2016-04-06,448.5598449707031,458.7586508073192,446.80402798497863,458.7586508073192,4931354
2016-04-07,441.3871765136719,451.4365424250319,438.9588932742822,451.4365424250319,5657890
2016-04-08,435.5032653808594,439.8928543735466,434.12103006702597,439.2764348837054,4195578
2016-04-11,442.2838439941406,443.3485438264274,430.0303332417624,435.52201730838607,5768678
2016-04-12,441.64862060546875,446.3931393507458,440.30373453085286,441.01354944901084,5842138
2016-04-13,438.0997009277344,446.4119024724699,435.72746376483724,446.4119024724699,12511386
2016-04-18,462.7560119628906,473.66463388525,460.8134037756358,466.9775068662706,25015990
2016-04-20,464.5865478515625,465.65124738913534,457.93681587442376,464.7359897663535,8072848
2016-04-21,458.1236267089844,467.3510839052942,455.06022693453264,467.3510839052942,5441100
2016-04-22,452.5011291503906,458.9454176769906,450.9134058902138,458.12355564244024,5143938
2016-04-25,454.2197570800781,457.5633440155931,448.7094214700433,452.80017255607146,5364134
2016-04-26,460.3091735839844,463.07369012421515,451.51129727091796,454.0703254237866,5846744
2016-04-27,463.2977600097656,464.1196222280421,458.9642176162379,459.20700945122314,4486208
2016-04-28,451.71673583984375,463.0922907934215,450.91352532775954,459.8794943483612,12165168
2016-04-29,451.32440185546875,457.0962710762023,450.1663067843955,452.5758924258749,5036410
2016-05-02,448.69073486328125,452.4639044095272,446.86017371610933,452.03427593570973,3615250
2016-05-03,440.0048828125,452.85606669093767,437.76339088906036,449.3257351528283,6824810
2016-05-04,444.1329650878906,445.6833395557004,437.33379072239865,441.200355419348,5812842
2016-05-05,445.47784423828125,447.9248246157311,441.23769759630966,446.48654301514233,6302668
2016-05-06,441.3871765136719,444.4879256606644,439.7247546910924,444.4879256606644,2596720
2016-05-09,447.943603515625,448.87755869946704,441.0509868969026,441.5740109205102,5123678
2016-05-10,453.0803527832031,454.5186346321928,447.0282958866221,449.2324392205014,3395704
2016-05-11,448.989501953125,453.7900213653978,445.49651949534586,447.73801141733503,3709888
2016-05-12,452.0342712402344,453.1550173672763,447.10300652256063,449.75542990257117,3406932
2016-05-13,451.0069274902344,452.0342781223306,445.3658476855616,450.53994993019063,5652064
2016-05-16,453.9022216796875,457.1337157530427,450.16640092512216,452.10900947618387,4533878
2016-05-17,453.6219177246094,457.9181104804941,451.3430767747504,455.7700141025517,3796294
2016-05-18,451.9781799316406,453.5285543740846,447.5138932102062,447.92482429532737,4256596
2016-05-19,450.4465637207031,454.33182622116,448.67204895589003,452.3891721692924,3954400
2016-05-20,448.89617919921875,455.58330697077776,448.29845704381574,450.1663672814983,3994548
2016-05-23,443.8155212402344,450.2224631801417,442.69477497447616,449.5686945251161,4585946
2016-05-24,443.72198486328125,445.21631274326705,439.9301187471637,444.9548236055766,3485060
2016-05-25,451.5300598144531,453.19248208576545,446.09442147005194,446.09442147005194,3857396
2016-05-26,461.0562744140625,463.1670220178094,452.07160829339693,452.07160829339693,6136436
2016-05-27,466.0436096191406,470.52659424072755,460.1036458748824,460.1036458748824,6180764
2016-05-30,473.5525817871094,475.1963518733643,463.80209972545737,463.80209972545737,5285700
2016-05-31,466.47332763671875,473.2351549515243,462.86825102422625,472.5813862353884,13782038
2016-06-01,470.04083251953125,473.88874518369437,465.48315057066077,465.5018479111086,4840534
2016-06-02,471.2924499511719,476.2797611613211,468.4718872531138,468.8454693003651,5053552
2016-06-03,473.291015625,477.92344125891753,470.7319882040524,470.7319882040524,3998380
2016-06-06,473.235107421875,477.0643238032243,471.1243595154017,472.5439896834586,4225768
2016-06-07,469.74200439453125,475.38308333546104,468.88274757430634,473.3283823858775,5692420
2016-06-08,462.5319519042969,472.1890392964387,461.504601211446,472.1890392964387,8741370
2016-06-09,448.0382995605469,463.4390255893046,445.97858901163517,463.4390255893046,12740804
2016-06-10,446.1864318847656,449.7390012898756,442.2181465792667,444.2212042824167,6383956
2016-06-13,446.2998046875,447.8115323374641,440.66860996453045,444.75029307314014,5286722
2016-06-14,444.0699768066406,446.8666820576375,441.14100461919253,446.8666820576375,2940728
2016-06-15,449.7200012207031,450.7404449297656,445.60058082784593,447.3579270806426,6711572
2016-06-16,448.2272033691406,449.5499649305167,442.2180773348942,449.5499649305167,5302564
2016-06-17,445.7707214355469,450.77831962038874,444.10781167938694,449.3610748510939,8515082
2016-06-20,456.82513427734375,457.97784490026885,445.84619532663305,446.33752519672635,6229566
2016-06-21,455.8236083984375,459.11164327022163,451.8742389040575,457.7510516629949,4761724
2016-06-22,453.3292541503906,458.0344872299695,449.039736879029,455.02994747567345,3031258
2016-06-23,457.90228271484375,459.1305613949449,451.005025511199,452.497884202958,3828626
2016-06-24,451.4584655761719,453.1402436899599,438.4009029861163,448.9829937478502,7808348
2016-06-27,440.744140625,447.16898259407736,438.40098141939455,442.9550790335339,5583778
2016-06-28,438.0796813964844,443.12506200137597,436.5490390612421,439.45914177583444,7655974
2016-06-29,444.7691650390625,445.9218758337737,438.4765894260703,441.8024087325111,5459150
2016-06-30,442.4826354980469,447.6602834720057,441.4054928009428,446.1485560478706,9346224
2016-07-01,443.08740234375,445.9596757744265,442.21814045421104,445.9596757744265,3991912
2016-07-04,447.452392578125,451.4773759825087,444.5234207587942,444.5234207587942,5381322
2016-07-05,444.2400207519531,448.79411847098527,442.5771573467138,447.84928874788847,3596416
2016-07-07,437.3617248535156,442.55828887748265,436.5113780132301,441.68902698703886,5954876
2016-07-08,437.7206726074219,441.0464915112541,435.9444112752627,439.53476403392335,5551648
2016-07-11,444.08880615234375,445.4682203960392,438.4009137742429,441.19761848551593,6668882
2016-07-12,444.6558532714844,446.09196699783814,441.42451665221387,445.95970004247636,6197368
2016-07-13,451.175048828125,451.9309125077605,444.14547970010875,445.95957098493705,5275420
2016-07-14,444.54241943359375,452.0254898786165,439.9127534288656,451.6286429102185,7413328
2016-07-15,405.350830078125,449.701124095062,397.58431199374485,449.5499421260071,61484126
2016-07-18,408.9034423828125,410.0183692818852,398.7748941121579,407.12718072567276,14332824
2016-07-19,410.7930603027344,411.94577105158476,405.93664461397924,411.4166571646655,10404644
2016-07-20,409.3380126953125,411.9079679499324,404.3871142615794,404.3871142615794,9822896
2016-07-21,408.1285705566406,410.88744508713313,406.50344532109057,407.7884227010308,8668002
2016-07-22,405.3129577636719,408.1285774744541,403.13984982087743,404.38704326783534,9386538
2016-07-25,408.4876708984375,409.39471665422644,401.7415959413272,401.7415959413272,8469552
2016-07-26,411.4543762207031,411.90792210977196,404.5193361756934,404.5193361756934,7189610
2016-07-27,410.18829345703125,414.4022424958557,407.6183847500134,409.94262854607405,7431820
2016-07-28,407.22161865234375,410.7930566220853,405.9177720625688,410.20728986281944,11258562
2016-07-29,405.8420715332031,406.938083026855,403.064281911438,405.3696567630303,8156784
2016-08-01,410.1505126953125,411.1331262125367,403.76345563197134,404.9539501064523,9096662
2016-08-02,409.60260009765625,410.0560999111336,406.2767810179434,408.12865650245936,6822502
2016-08-03,410.0182800292969,410.62296177238125,404.50048415547997,410.3017289214545,7213460
2016-08-04,405.0673828125,410.7741446267171,404.4060020627072,410.58517869820486,4237278
2016-08-05,403.63128662109375,405.6909971112867,400.6078312905987,405.1430142863413,5609968
2016-08-08,407.6752014160156,408.54446340889314,401.57163695058233,404.0092797262782,4643064
2016-08-09,409.4513244628906,409.8670402192037,404.95392678181355,407.03255169763247,7192664
2016-08-10,409.05450439453125,411.1520444915088,406.3522826002176,406.6546465160138,5576454
2016-08-11,407.1648864746094,413.8353931341722,406.37123878312207,408.8088808643176,5038552
2016-08-12,401.57147216796875,407.71286421809043,400.60772757717064,406.2956198988316,7449928
2016-08-16,397.50872802734375,399.8708020288985,388.5139317757202,393.8049775392028,16429408
2016-08-17,390.51702880859375,397.83000143634985,389.45880109427355,396.80955768305625,6599316
2016-08-18,386.77545166015625,392.7089630542184,386.0573719421739,391.726349503733,8434000
2016-08-19,385.98187255859375,392.67127228212024,384.9047757931433,389.2698849380018,5686016
2016-08-22,383.7709655761719,389.26987029556113,381.3710840889241,384.7346873406614,10253518
2016-08-23,392.9168395996094,393.8049701807472,385.5282538071027,385.5282538071027,7406138
2016-08-24,399.6251525878906,401.3825449399826,395.69465207017925,395.69465207017925,6129966
2016-08-25,391.5941162109375,399.70073636632293,390.06347368418795,398.71812273146736,4796562
2016-08-26,385.5849914550781,395.31673713502744,384.3756048542408,391.5374184243675,6881054
2016-08-29,386.5487365722656,389.26985082250957,382.0891448364633,384.5834861100265,5220282
2016-08-30,393.2002868652344,394.9387640639276,387.3801274311251,390.1957011231413,4375438
2016-08-31,391.48065185546875,395.2221859601637,388.438328498986,391.9530666127723,11139814
2016-09-01,392.123291015625,393.21925670127024,390.0257503579576,392.29334192980616,2877826
2016-09-02,389.9689636230469,393.04911737548525,387.83363947968417,392.69010057773977,3332592
2016-09-06,394.93878173828125,396.4127251744912,391.38621313502773,392.38774176054596,8215044
2016-09-07,398.47247314453125,400.2298656340831,394.5608873673114,396.0726149051172,7425470
2016-09-08,392.1610107421875,394.9388007358217,387.002231534432,394.9388007358217,9092774
2016-09-09,391.3484191894531,393.4270443034483,387.96594768492776,391.9153169478155,5053438
2016-09-12,398.34014892578125,399.8518762461827,387.47460881039586,387.47460881039586,6203096
2016-09-14,395.16552734375,399.77632352675465,393.29478316736106,398.3212490181651,5152418
2016-09-15,393.8804931640625,395.61901630581593,391.2916696288886,395.1654704771731,4701722
2016-09-16,400.66455078125,402.3085454743712,392.33113314697863,396.450600472161,9949384
2016-09-19,401.06121826171875,403.9713208788607,393.55928106112793,395.3166732042308,5809154
2016-09-20,396.8851623535156,399.53068544249015,395.2222528993079,398.07565697040644,4214004
2016-09-21,399.0015563964844,401.0801816014862,397.2252951295503,398.3401756494383,4231532
2016-09-22,400.1542053222656,400.9856368223905,397.5842506476483,400.22977322800335,3629514
2016-09-23,394.01287841796875,400.15427113238945,393.0491337229248,399.4739753318572,5205294
2016-09-26,391.4996032714844,394.5608419563632,389.6477280239564,394.0884271551702,6371798
2016-09-27,392.95465087890625,396.7906684793297,390.53587775147713,391.17838959312405,6525660
2016-09-28,392.6522521972656,393.9183607218617,390.498059242613,393.04909906829664,5434708
2016-09-29,388.9674987792969,394.9199262923359,387.0022713239363,394.9199262923359,8902638
2016-09-30,391.5563049316406,394.5230606764137,389.68551462566626,389.68551462566626,6502354
2016-10-03,392.3310852050781,393.04916502187467,387.79590253174877,391.3484715193762,3656160
2016-10-04,396.5260925292969,397.35757030913135,392.4066721266456,393.0491378405654,5066586
2016-10-05,393.61602783203125,396.77174960124023,391.9153344808607,396.52608466810807,2307574
2016-10-06,388.28717041015625,394.93876137488195,387.7391415774554,394.93876137488195,3721882
2016-10-07,382.6749267578125,390.7060024066822,381.7489890231975,389.25092773740363,6288558
2016-10-10,389.2509460449219,389.9312419257824,381.7112230143351,384.35674634215724,5413170
2016-10-13,397.71661376953125,399.85193816712524,386.01964027023814,386.01964027023814,9778690
2016-10-14,388.1927185058594,409.18680560936485,376.51461482666707,397.9244638828096,33461690
2016-10-17,386.3975830078125,393.72947107988324,384.4890084629544,391.1406006626907,8014858
2016-10-18,392.690185546875,393.2381683850065,388.2494854233538,389.26988316824287,6388134
2016-10-19,393.7294006347656,395.2032978706757,391.53737755767054,393.80496854738675,3509836
2016-10-20,391.7830810546875,397.0929961312629,390.7059844553599,394.844319965399,3535490
2016-10-21,396.61517333984375,397.64651452416797,390.5797897223456,395.354603777631,3863620
2016-10-24,392.3368835449219,398.2958417283957,391.7257167159318,396.30953787691783,2902974
2016-10-25,388.55523681640625,396.8443179025613,387.7912666391481,395.9275443640436,5636014
2016-10-26,387.4093322753906,389.56753432001426,385.53759577022726,388.4788860006886,2775216
2016-10-27,383.3221435546875,388.8418342907021,382.4053697599869,388.82273969383874,7227790
2016-10-28,381.0302429199219,385.80505799410633,379.3686165999164,383.97153366852484,5840706
2016-11-01,377.9552001953125,384.58263302674965,376.79015018504117,384.58263302674965,6332798
2016-11-02,374.74658203125,377.2103912751424,374.34550222748305,376.1790265550797,5377194
2016-11-03,369.32232666015625,375.1094109098806,368.65385265904393,374.7465203606579,5225108
2016-11-04,370.9075927734375,374.03987576872356,367.0877411485823,369.3796521234954,6005548
2016-11-07,373.56231689453125,376.6372921523438,372.4354562358369,376.255307069025,4537672
2016-11-08,375.3385925292969,377.30582534335537,370.75477080910423,376.98114729731753,5261108
2016-11-09,366.0564270019531,372.28278134576493,344.168678837564,355.2462500765089,12764158
2016-11-10,358.83685302734375,367.6607005138674,357.15610907061404,367.6607005138674,7287330
2016-11-11,352.0184631347656,360.97602090911954,350.9298146197393,359.0660948725633,7096782
2016-11-15,352.7823791503906,359.0469449101104,347.052601924253,352.9542771300794,9235850
2016-11-16,359.4097900390625,365.5024337345357,354.69226006373253,355.24614312182655,12222616
2016-11-17,355.1698303222656,362.5039507430922,353.87109464551605,356.86966910614746,5706730
2016-11-18,351.42626953125,356.4875717826512,350.4713068423064,355.24612028702444,6040228
2016-11-21,348.0267333984375,354.06211867835896,346.44150868415187,354.06211867835896,7940568
2016-11-22,349.2107849121094,354.7304742989262,348.2367275649112,350.24214935041584,5483126
2016-11-23,351.5218505859375,352.5341206061811,348.54237094069754,352.2285138203929,8251786
2016-11-24,355.3607482910156,359.0278193885724,352.6868524824835,354.5585888742645,16780644
2016-11-25,373.39044189453125,376.25533019551233,355.4180472826142,355.4180472826142,12631380
2016-11-28,374.2499694824219,375.6633192712109,370.7547958588176,374.07807149339595,7365712
2016-11-29,371.5187072753906,376.14074107787496,369.4177891782216,373.88701961146717,6125506
2016-11-30,372.6456604003906,373.1995436080571,367.1068749527787,371.67160279492276,8500918
2016-12-01,372.6646728515625,375.70145921117665,369.3796101532573,372.81747622500427,4611590
2016-12-02,368.4247131347656,370.3728282641003,367.12595417219205,368.5393040280455,4453228
2016-12-05,367.3360595703125,369.9908379334058,365.94180433030033,368.9594965936985,3659576
2016-12-06,369.1885681152344,374.1543739977983,367.33594986177746,367.3932336332499,3562110
2016-12-07,369.15045166015625,371.67154427909736,366.78213910975893,369.76161856337745,3385980
2016-12-08,376.1217041015625,376.6755639422244,370.5447066733252,370.5447066733252,5941662
2016-12-09,377.9170227050781,385.09836263044406,374.9184484139249,376.25539652339893,8648384
2016-12-12,373.3331604003906,375.4149840380818,368.6920550232951,375.4149840380818,5345020
2016-12-13,378.2417297363281,379.253976474178,370.945798812749,374.53646882901575,4854282
2016-12-14,381.8896484375,383.87597585296777,375.9115715967652,378.54727842116785,5382614
2016-12-15,379.06298828125,389.2238081714595,377.7833472397667,380.99203211341717,7966416
2016-12-16,383.952392578125,385.690420391764,381.12569307068367,383.4366986238427,6436742
2016-12-19,383.7614440917969,385.13658149883605,379.73148154251857,384.31530398535125,4124134
2016-12-20,386.62628173828125,389.2428707091921,382.48172884162335,382.74912311149217,7636498
2016-12-21,382.5772399902344,390.3888413314446,381.3166935999164,388.0969303255848,7343976
2016-12-22,376.14080810546875,384.6590728817525,370.3346287575562,382.94013958684894,7060054
2016-12-23,377.5732116699219,384.50622788726577,371.900718421707,376.2171691024405,7306036
2016-12-26,375.3959045410156,379.6932374599537,372.4737088303284,377.4013265698534,3213828
2016-12-27,381.5841064453125,382.71096740759003,374.3454825033878,375.3959417655147,4912816
2016-12-28,381.41217041015625,385.72859792114724,380.075222391693,383.1120089822499,5476816
2016-12-29,379.06298828125,385.04106574083403,377.45866915895016,383.41762870770054,6240124
2016-12-30,386.0342102050781,386.56899877820973,379.21578412753723,381.22120630499336,7267768
2017-01-02,382.40533447265625,386.93187260882024,381.73686044244215,386.22518607387957,2335222
2017-01-03,379.635986328125,383.8569414912682,375.1094709786837,383.55133467591673,6778482
2017-01-04,381.12567138671875,383.589480189382,379.0247531280097,380.09430685135703,7073586
2017-01-05,380.5145263671875,385.6140189261367,377.687826858066,382.59632683706167,8207074
2017-01-06,371.385009765625,381.5458039983314,369.78066769874505,380.0369815200176,14393448
2017-01-09,370.6593322753906,373.18044860302336,368.6157207658672,371.385113486647,10545692
2017-01-10,370.7356872558594,374.7274367856448,369.7425351793827,373.1994961667431,11939854
2017-01-11,370.1817932128906,373.7533682930674,368.21458371272365,372.12993143331147,12241574
2017-01-12,382.0042724609375,383.665921973365,373.4096059589761,373.4096059589761,11855740
2017-01-13,372.7410888671875,397.26453911795,367.7370929406453,393.44468778027743,31276246
2017-01-16,365.04412841796875,368.7875783326846,363.8217712399225,368.615680347338,12351372
2017-01-17,364.9485778808594,368.2336404511925,363.80262256825193,365.2732558936233,5560094
2017-01-18,363.1914978027344,367.08775122999515,362.80951262975833,365.9799849025547,5952962
2017-01-19,365.9799499511719,366.5529276559161,362.16009858621015,363.267864807858,8876480
2017-01-20,362.38934326171875,364.0891819678036,361.35797861755856,362.8859193305292,9124742
2017-01-23,363.9172668457031,365.9417835321936,359.0660506474551,360.97597644877135,7948580
2017-01-24,361.18609619140625,362.88593497075345,359.10427221735307,362.88593497075345,6826010
2017-01-25,357.76727294921875,361.6635260417681,357.07970435983304,361.39613178075064,9978090
2017-01-27,359.8873291015625,361.9500349841946,344.22593748578385,356.7168336106515,10635138
2017-01-30,362.6376037597656,363.4588811828354,354.8069079486798,358.1110889216061,11369208
2017-01-31,354.71136474609375,359.6389820037647,345.4482258044142,359.6389820037647,24068534
2017-02-01,350.18487548828125,352.64868429288134,345.75385721042073,351.8465015138483,11531782
2017-02-02,357.4999084472656,360.9759639595857,347.64467300182986,350.28037984226467,11828268
2017-02-03,357.5762939453125,359.4098413392681,351.8274220306823,356.69773275251424,8423958
2017-02-06,357.2515869140625,360.4984604652729,355.45625216990067,358.01555716140615,6727934
2017-02-07,359.9255065917969,362.8094898034139,354.6923053883694,356.3921439640716,9268002
2017-02-08,357.7291259765625,360.63220405857066,356.18209063924866,357.5381333839429,6319962
2017-02-09,361.35797119140625,362.8859118729767,357.74820666829123,357.9201046578728,11907266
2017-02-10,369.876220703125,371.28957043868724,360.3265918338172,361.45345270330023,12252452
2017-02-13,376.0070495605469,376.6755235312393,367.7943693491824,371.61422061028213,13724268
2017-02-14,377.2867431640625,377.7833192038524,371.42325703199225,374.34545280058177,9338818
2017-02-15,375.0331115722656,381.52686078391554,370.0673033515921,377.8598117313838,7259486
2017-02-16,386.607177734375,387.29476968577546,378.1844094749629,378.54730004608547,12815858
2017-02-17,382.02337646484375,387.2374835969158,379.19670006774686,387.2374835969158,4851208
2017-02-20,385.9005432128906,393.8267360084041,379.5022911972352,380.6482467821287,4650662
2017-02-21,387.18011474609375,391.3437619491556,382.0042209469083,390.4269883200985,7613996
2017-02-22,378.2226257324219,387.71494788942204,376.7901813436678,387.71494788942204,6607838
2017-02-23,385.36572265625,389.62486655270936,379.44495262530194,381.56498893316393,9542656
2017-02-27,386.72174072265625,390.77077362601267,384.63991717777566,384.7736026425528,5328696
2017-02-28,386.72174072265625,390.65618275412925,385.518478281577,386.5116302572618,5940132
2017-03-01,391.59210205078125,392.29876528171076,385.8432066537969,386.5689877946361,4282448
2017-03-02,390.8854064941406,392.6807413949405,388.2879120894524,391.30560415555374,2948498
2017-03-03,393.9031066894531,395.0872980739173,382.13799089215047,385.90053566313,5401612
2017-03-06,394.9344482421875,395.71748980705485,389.5102545546069,389.6439400287017,5286386
2017-03-07,389.54833984375,391.8402734024713,387.6002254619827,390.38871159619504,4644496
2017-03-08,384.9646301269531,388.4407089862642,383.684989198202,388.4407089862642,6179176
2017-03-09,386.3971252441406,386.9510084482601,381.6032156365369,384.9646807410005,3480630
2017-03-10,390.33148193359375,392.54701426070574,387.1037263510845,387.7148932116194,4550324
2017-03-14,395.2782287597656,397.99031384038113,390.69438391325895,390.69438391325895,7878396
2017-03-15,386.54986572265625,395.31642931764367,384.85002719274655,395.31642931764367,6373978
2017-03-16,393.00543212890625,394.094080535658,387.06556740888766,387.06556740888766,6702956
2017-03-17,397.3792419433594,398.3723941868635,389.33843443247457,395.50750504460837,9507846
2017-03-20,390.19781494140625,392.1268585224946,387.7531007544862,392.1268585224946,4427388
2017-03-21,394.5333251953125,395.33548462827264,389.16643887693033,389.96862162441215,4869584
2017-03-22,392.566162109375,397.2454806987709,389.77769819271697,390.56076317130254,3990852
2017-03-23,397.4365234375,398.41060444899347,392.1460372008776,392.77632217131116,4501662
2017-03-24,393.9794616699219,398.7924648509349,392.5660887500167,396.5005541334008,4883896
2017-03-27,393.00543212890625,397.9712393300642,391.34380596817476,392.37514727371877,7684824
2017-03-28,395.41192626953125,396.88255973001725,393.4638113849235,394.01767118528664,4796796
2017-03-29,394.1513671875,397.8375332060005,391.8594562904899,395.0872587812071,6981186
2017-03-30,391.7257385253906,395.6983930785654,389.7203166558067,394.9726120285265,12157180
2017-03-31,390.48431396484375,393.1773278851852,385.04102565572265,390.86629910934346,14153854
2017-04-03,385.3466796875,394.38061602083667,384.31531494554406,394.2660484339304,4315600
2017-04-05,380.4381103515625,384.0478746397071,378.547279218294,383.8950712556867,7398338
2017-04-06,381.8323669433594,384.2006796623556,378.9292889746057,381.2785070979899,5379008
2017-04-07,374.93756103515625,382.3289884987406,373.96350345718724,382.3289884987406,6404508
2017-04-10,364.1846618652344,377.974316853116,362.9240921821697,376.2171944381229,9528472
2017-04-11,369.4369201660156,371.1749478086719,365.19687132197896,365.19687132197896,8655466
2017-04-12,370.0862731933594,373.16127205272727,366.83939968206977,370.5255654059895,6696752
2017-04-13,355.781005859375,378.1653280741135,353.96657625497903,370.5256244766567,30973188
2017-04-17,353.2981262207031,356.04840105123463,352.76333760669604,355.24624144475075,7213434
2017-04-18,352.4386291503906,356.7741515375911,351.08256313478967,353.2407886877809,4647518
2017-04-19,351.1207580566406,355.24619305502,348.6187599620073,352.5722969782618,10071702
2017-04-20,354.21484375,355.1316174845135,350.8724735099343,351.9993344252042,4549000
2017-04-21,352.83966064453125,357.0796861583849,351.8464853420235,357.0796861583849,3577466
2017-04-24,353.92828369140625,354.67315928657604,348.7523903377964,350.4713232584098,5556666
2017-04-25,354.99786376953125,356.392118790501,351.6363993591704,353.6800337503798,4737060
2017-04-26,349.2298889160156,357.3661671450022,347.6828538741237,355.22705984195665,9084496
2017-04-27,353.4317321777344,354.8641763773199,349.89836981875675,349.89836981875675,7797208
2017-04-28,351.0252990722656,354.25307862799315,349.7456346822536,354.04296811944306,5029702
2017-05-02,352.4194641113281,353.8710262260509,349.55457569730413,352.9542526077546,3231126
2017-05-03,356.88873291015625,358.7222570285323,350.5286939388028,353.9092533034797,4659448
2017-05-04,358.16845703125,358.93242748441577,354.8260862986498,357.92015730815996,5279806
2017-05-05,355.8192138671875,358.05381796179887,351.426384066358,357.53814726751204,4432788
2017-05-08,361.1669921875,362.332042338103,356.010192193284,358.30210330182445,4707098
2017-05-09,361.6062316894531,363.6307482102252,359.8681807009057,363.115054297368,5649372
2017-05-10,360.4602966308594,362.88589301096545,357.97739315236333,361.7972446577419,3364302
2017-05-11,360.63214111328125,362.8285555450414,358.1301432495718,361.68260018934046,3229482
2017-05-12,368.3291931152344,368.99766714992626,363.4397876958213,364.03186003507216,10979996
2017-05-15,363.4779968261719,368.04272443353017,362.542128463358,368.04272443353017,7297164
2017-05-16,364.7958068847656,366.7630396717857,361.72083118597135,364.070025796568,6130168
2017-05-17,363.95550537109375,366.11373114494415,360.53673306040884,363.49711845373747,2915508
2017-05-18,367.3741760253906,372.0153043932665,360.15464818969946,360.2119552814592,8057848
2017-05-19,365.9227294921875,367.73715920453066,362.0646649572262,367.2787722985071,4257396
2017-05-22,367.25958251953125,369.3414059970577,365.387846186081,366.09453261645405,5503052
2017-05-23,365.6744079589844,369.37966886594285,364.45205072072156,368.4820130192245,4039982
2017-05-24,364.7194519042969,368.8066980683217,362.73312426888504,366.7057795397088,5636286
2017-05-25,375.6060791015625,376.86662572150306,367.08781297432523,367.08781297432523,10438514
2017-05-26,380.3426208496094,381.9851523417743,374.5746310605345,377.01934536133126,4988004
2017-05-29,376.31268310546875,380.7246069632513,372.7029187438199,378.50909773697975,6308434
2017-05-30,380.53363037109375,381.9851693517254,373.82979531187584,375.1094363033943,3716910
2017-05-31,373.2185974121094,379.5213525773903,372.37822539383376,379.5213525773903,7763900
2017-06-01,376.7479553222656,379.96702403917953,371.76419487225587,375.9334767519401,5508606
2017-06-02,375.9916076660156,378.3186483773363,373.95544704361004,377.52358086867815,3917966
2017-06-05,371.84185791015625,376.9807414744948,371.1825247184666,376.20506093648146,5462698
2017-06-06,379.831298828125,382.9922059970073,374.03310664699694,374.2658013034046,7008686
2017-06-07,372.830810546875,383.5352151606634,366.50901949525013,382.0226287860544,12455046
2017-06-08,370.94976806640625,373.47072939387573,367.73069910570734,373.47072939387573,6195352
2017-06-09,367.9051818847656,368.8166205024878,357.9764828371272,364.0073928461058,14757662
2017-06-12,373.8197326660156,374.3433310906354,364.60852876945415,365.8690093026678,8591676
2017-06-13,371.47332763671875,373.47071407531166,369.06871373476906,369.8056195613281,4937794
2017-06-14,371.7835998535156,373.06349142900075,368.91359662603554,372.3265855929267,7438110
2017-06-15,369.2626037597656,375.40988444716487,368.29300336792517,372.1908158806315,5528062
2017-06-16,364.66668701171875,369.9413033800932,363.0183664376163,368.09906273844933,10948450
2017-06-19,360.63323974609375,364.6667877337876,359.91574476676936,364.5504403955039,6855860
2017-06-20,365.9466247558594,367.2459036601656,362.2621427674568,362.63059570067463,5184396
2017-06-21,365.8690490722656,368.0603557061839,363.03782030121096,366.50899488128954,3735864
2017-06-22,364.6278991699219,375.70072988836506,362.6692876216721,367.55608734863785,9465242
2017-06-23,365.83026123046875,368.1185278328145,363.79410022176484,366.50898156670337,6403018
2017-06-27,359.5472106933594,367.67246666899734,358.26734291717963,366.5089462048549,6904660
2017-06-28,358.6358337402344,361.85490263054453,357.2008202815986,361.77732985701806,5905224
2017-06-29,360.7689514160156,367.65311482560395,359.37271252136145,360.7689514160156,15914040
2017-06-30,362.8438415527344,363.7940546387796,360.3034933469363,361.0016008709282,4216700
2017-07-03,369.18505859375,370.38735362366975,362.4754048733212,364.9963659189273,5088924
2017-07-04,373.160400390625,376.2049360226736,368.2154386026981,369.94130828921277,5167726
2017-07-05,368.7972106933594,371.93870646166454,366.6640898533811,371.93870646166454,4226228
2017-07-06,367.2846984863281,371.16310079346994,366.19875057470625,366.5090180248998,3829720
2017-07-07,362.78564453125,366.6834328612078,361.87420607924696,366.0628744886327,5776886
2017-07-10,371.1824645996094,372.24902516663144,364.56979381845014,365.8108872126351,1464376
2017-07-11,378.27996826171875,383.76791712134576,371.02737471800845,371.02737471800845,11539708
2017-07-12,377.1163635253906,380.6651103962078,375.7201484425128,378.1247621269218,6275976
2017-07-13,378.939208984375,381.4213953814332,373.91667437163187,379.0167817477613,5170392
2017-07-14,377.0000305175781,390.49686362772354,374.67298950990187,387.62686058805394,22478180
2017-07-17,381.6541442871094,384.7374786131954,377.7563550093269,378.14419520954186,7698250
2017-07-18,382.2552185058594,389.7017536553258,380.5099379398227,382.4297512968396,8260180
2017-07-19,380.0252685546875,383.4382817735762,375.85598576777926,380.6458271726176,5890278
2017-07-20,375.9916076660156,380.0251306958421,375.022007369632,379.81182336501416,6809740
2017-07-21,380.1221923828125,381.0724056617635,376.7480013865322,377.36853627341657,5980754
2017-07-24,384.17510986328125,385.5131633032889,381.0917755028865,381.4408411557189,6129176
2017-07-25,385.4549865722656,387.45237313978953,382.4880231432469,383.96181121961126,7145614
2017-07-26,385.5325622558594,387.45237606080855,384.1169596695809,387.1033103974039,6870024
2017-07-27,376.6122131347656,389.3915521761182,374.9638923212711,386.2888306448344,12676852
2017-07-28,386.8124084472656,389.00371501455703,373.21861436682724,378.5320297649129,11098428
2017-07-31,392.1839904785156,396.2563123241579,382.7012934464286,384.6986798204265,19158248
2017-08-01,389.99267578125,394.4334504344813,387.20022184025714,392.10640942896816,7689398
2017-08-02,385.2610168457031,392.78512548443797,382.8758140439175,390.1672043814807,4257584
2017-08-03,381.6347351074219,387.35537773225366,380.18033444009177,384.34961635310475,4640348
2017-08-04,381.53778076171875,383.57394172639374,378.55140661248487,383.1861015426461,5349018
2017-08-07,375.5262756347656,381.5377987665383,374.537287853916,381.44083871602584,6073744
2017-08-08,373.8197326660156,376.3019191847904,370.40674395661404,375.6231988976753,6004648
2017-08-09,375.95281982421875,377.7175113498336,374.0911919381731,375.2935105419922,3922410
2017-08-10,380.56817626953125,382.99217739226714,375.95286866308777,376.16619969939734,9140684
2017-08-11,383.06976318359375,386.6766722424509,376.04984149040314,378.5320281932117,6544156
2017-08-14,380.6457214355469,383.65148260976264,378.9780135184234,383.18606969357177,3816470
2017-08-16,378.2217102050781,382.4491535384847,375.81709659670804,380.85901842927484,6178080
2017-08-17,395.9266052246094,399.18447193333384,387.08385459335096,389.7793483536561,25784260
2017-08-18,358.07342529296875,394.7825056569075,342.92827188199993,394.7825056569075,164404960
2017-08-21,338.73956298828125,358.3642631692745,337.42089713990134,358.3642631692745,90407176
2017-08-22,339.51531982421875,347.9120459331676,333.5425712882099,347.1945510334536,49242598
2017-08-23,346.263671875,350.49113886508206,338.93350744023,341.29932282286234,61284190
2017-08-24,353.7684020996094,356.1342175445741,349.96754969416105,352.9345363088074,42380524
2017-08-28,364.9576110839844,369.9801461728117,363.79409053855187,366.1017443547035,40712108
2017-08-29,359.702392578125,365.34546266516827,358.96548674093737,365.13215529289397,13369392
2017-08-30,359.3921203613281,364.1819372234679,358.4031089425411,363.4838296181197,16149664
2017-08-31,354.8543701171875,360.2841325253621,354.059302498939,360.225947030806,15022452
2017-09-01,356.7934875488281,359.10114076708476,352.93447400527356,355.2421272235302,8433922
2017-09-04,349.13372802734375,357.239573429659,346.5351941371536,357.20079888116226,10177108
2017-09-05,349.7930603027344,350.9953553661737,347.9895940356899,349.83183485114773,9783392
2017-09-06,347.349609375,349.17246271206267,345.1777141256591,349.0561154079699,7735910
2017-09-07,347.4078063964844,349.250047066742,346.0891404479675,349.0561269961886,6241192
2017-09-08,342.96710205078125,348.66835802313454,342.1138488318086,348.66835802313454,8604542
2017-09-11,340.7951965332031,345.8758938045921,338.83660821126557,345.3329317148849,13787642
2017-09-12,342.8699951171875,344.3050080518355,340.83383483301725,342.288235035996,17241354
2017-09-13,342.7537536621094,344.2469288627742,341.6871931839529,343.4324739663908,11478228
2017-09-14,346.1086120605469,347.7375220012141,341.91991886486613,343.0446649399819,13698006
2017-09-15,352.2558898925781,354.1950910480561,346.0310589178716,346.06983347222547,13459460
2017-09-18,352.5855712890625,355.94039901054697,351.4996232942339,352.9346369922068,8475860
2017-09-19,353.80712890625,355.2615292717183,350.4135280534907,352.15880849205263,6033330
2017-09-20,353.9817810058594,355.6494892527102,351.94561980784766,355.6494892527102,5767830
2017-09-21,352.760009765625,354.97070339302593,352.2170477494165,354.87374335385823,8204152
2017-09-22,348.39678955078125,353.0314839119058,344.40204088302374,352.2170290947871,17604088
2017-09-25,347.2526550292969,349.81241412066845,344.82865418815896,349.44396125843883,9088700
2017-09-26,351.34442138671875,352.31402181700344,346.8454611870664,347.89263438615103,7366478
2017-09-27,348.9786071777344,352.1201270004356,347.1557535036071,351.42199570302165,6000138
2017-09-28,347.5047607421875,350.56870727552035,346.8454277787241,347.5435352869099,17537266
2017-09-29,349.01739501953125,349.98699549055794,347.1169686275643,348.2804891927963,5705832
2017-10-03,350.4330139160156,353.7102683959477,349.6767207788178,352.9733625347011,4947522
2017-10-04,348.9010314941406,351.15052357258486,347.9508419497037,350.21969763171916,4991492
2017-10-05,350.2390441894531,350.97594994629196,348.66829630975377,349.0561364613775,8611300
2017-10-06,356.87109375,357.58858849895114,350.58807910924287,350.60746638075034,8574308
2017-10-09,358.3255310058594,360.3035063404817,354.48590397761063,356.8129449227591,3504832
2017-10-10,362.8050842285156,364.55036495728103,360.51681780426924,364.55036495728103,7143220
2017-10-11,360.9628601074219,363.79408868584494,359.9156868874884,362.80510096164124,5982504
2017-10-12,359.6441955566406,362.3784641017325,356.63843415013207,360.6913687810273,10280972
2017-10-13,360.7301330566406,362.0487991048877,359.741145356398,361.77730625120324,7180728
2017-10-16,364.18194580078125,365.345466394394,361.85490461355585,362.9990379316524,5758750
2017-10-17,360.8852233886719,363.3286113542941,360.497383277561,363.3286113542941,5625102
2017-10-18,358.5,360.69130611342035,357.95703804338854,360.26469145666266,7231852
2017-10-19,359.5084533691406,361.46704150989757,358.8297330658763,360.6913611633098,1091434
2017-10-23,364.3758544921875,365.34545495650946,359.9544669061249,360.6913727277641,9154096
2017-10-24,359.33392333984375,367.14891236099726,357.4334970072306,366.89680677764943,14529328
2017-10-25,362.74688720703125,366.3925940822312,354.97069694148803,356.42509750257034,13984134
2017-10-26,367.42047119140625,369.14636513139783,364.60862922720486,365.3455352107177,33659258
2017-10-27,367.0325622558594,371.43456271045716,366.1211472584518,370.38738944048885,8524956
2017-10-30,366.15985107421875,370.2515833140533,364.9769434320927,370.2515833140533,12968326
2017-10-31,362.5222473144531,365.7272863603951,361.7947348941543,363.76101062727474,9954988
2017-11-01,364.5672302246094,365.49139435077285,363.0925232170649,363.7610618609636,5633134
2017-11-02,362.9352111816406,364.1542926251095,361.7947615713831,362.99418505654916,4686138
2017-11-03,364.4099426269531,365.6880220337782,360.59536236610427,360.6150203257307,3699086
2017-11-06,365.21612548828125,367.6936285593791,362.83693622161104,363.03356383046633,5066534
2017-11-07,375.7553405761719,377.52498896193094,364.09531438904696,364.25262606873804,13442820
2017-11-08,374.49688720703125,378.2524692160373,372.60926722368487,377.6232705557186,5369994
2017-11-09,375.36212158203125,378.7047910775234,372.9042763647576,374.77223872988554,4723232
2017-11-10,378.3311462402344,379.23562836600064,373.5924260575615,377.0530668879322,6589428
2017-11-13,374.3592834472656,381.2215913228913,373.336805550393,378.33115127089263,5021216
2017-11-14,373.238525390625,375.49974294009456,370.9379919195136,374.3593171861464,5733710
2017-11-15,374.3003234863281,374.9688621784729,371.4295651049477,371.68519060566007,7023516
2017-11-16,388.6934509277344,391.64286494023014,373.00255878029975,374.30029614531935,15687502
2017-11-17,381.8311462402344,387.5530046746788,379.55027085084674,387.5530046746788,8057670
2017-11-20,377.7412414550781,381.8507627027693,376.44350421959416,381.06425237794383,5661190
2017-11-21,379.98284912109375,382.0474389869522,377.54466200283935,378.03623101851997,5364656
2017-11-22,380.0025329589844,381.8704953457767,378.82276724101024,380.1205047303028,6084920
2017-11-23,389.8141784667969,391.0725997828802,381.0642511317288,382.0473890345454,11894618
2017-11-24,397.01080322265625,400.84504162414754,389.401324303731,389.6766077586758,18619912
2017-11-27,392.763671875,395.89005584084197,390.62042601147346,395.89005584084197,6017730
2017-11-28,387.2384033203125,393.21588720833194,385.90132602872126,391.05298359112965,4616868
2017-11-29,386.451904296875,390.08951503295077,385.5080821806115,388.39852241017263,3838070
2017-11-30,383.8564147949219,389.1063864401704,380.80868680694107,389.1063864401704,17266944
2017-12-01,377.0530700683594,386.64850627215264,376.3648734882379,385.1541413557958,4085000
2017-12-04,387.4939880371094,391.9967647186004,380.88730571086165,385.39008239235267,17811606
2017-12-05,387.1007385253906,394.4349574548956,384.9968328497934,387.49399371726986,9976738
2017-12-06,389.4406433105469,390.93500836043853,386.96314020120093,387.3563954249826,7490094
2017-12-07,393.1765441894531,394.3956497109815,387.5923155485495,388.92939282960833,7549544
2017-12-08,393.982666015625,396.0079396575305,391.2888778145411,393.6484087360358,5983244
2017-12-11,395.3394470214844,395.96866974174526,390.8760101107739,391.26926531003977,5139098
2017-12-12,397.3844299316406,398.76082330597086,394.0417603082671,394.0417603082671,9320434
2017-12-13,394.72991943359375,400.7270614224976,392.3310722389895,397.5417038031191,5362398
2017-12-14,398.4068603515625,399.15405488284273,392.9799430265406,395.3198164246085,6023572
2017-12-15,402.2607421875,403.6371353481735,397.9152531497459,398.3675062177811,10384134
2017-12-18,399.7832336425781,405.3281224576487,395.5360822095035,397.9349533724832,4035448
2017-12-19,394.80853271484375,400.31410509474426,393.07820036591875,400.1174775097478,7118898
2017-12-20,399.48828125,400.56973303898474,393.6484511904394,395.2607878930597,4186326
2017-12-21,401.9264221191406,404.6398682585272,392.62595220312517,399.07532227552514,11059162
2017-12-22,408.7298278808594,410.8730977615957,399.5473275427205,399.5473275427205,12906940
2017-12-26,407.2550964355469,409.57531183566954,402.3000902620162,405.05287680339853,10808906
2017-12-27,406.7241516113281,408.631429547539,404.03036335051235,404.2663068469377,6970172
2017-12-28,406.3309326171875,408.985405199008,402.6146662021604,405.0528532259406,8433472
2017-12-29,409.7915344238281,412.4460065967065,405.0527908244083,405.09210673712505,6601768
2018-01-01,406.4489440917969,410.7550694668685,405.0528688854711,408.08091481988475,5431340
2018-01-02,404.934814453125,409.77187206812516,402.30002411294817,407.9039100793309,6112248
2018-01-03,401.6315002441406,405.6820236938922,400.5697064848644,404.46294226808027,6846552
2018-01-04,399.3113098144531,401.513529168781,397.030410623139,401.513529168781,8947614
2018-01-05,397.97430419921875,403.6371892749483,395.6147727513973,399.27204169504154,11025976
2018-01-08,407.43206787109375,408.5921515055043,401.13996068863577,403.0472628040286,5594690
2018-01-09,409.5162658691406,410.91234093883935,404.6202581544522,408.9853809851644,9948236
2018-01-10,413.8028564453125,415.27756370277973,406.25237448899753,411.6596344330442,9468634
2018-01-11,423.06402587890625,426.0527562395997,414.98261112278584,414.98261112278584,16775298
2018-01-12,424.1059875488281,427.0357671517255,420.99931033919523,426.99645123858676,18016528
2018-01-15,425.1678771972656,429.8082598429778,418.85611191486214,424.71562410767524,10649250
2018-01-16,441.5666198730469,446.2660486155505,425.2072121109386,425.2072121109386,22646966
2018-01-17,453.06927490234375,456.88387888070287,441.6255589768302,442.35307144542605,26154088
2018-01-18,453.3052978515625,458.1030406026039,445.2042494744676,450.27725169275004,13204970
2018-01-19,449.6676940917969,451.4177087481474,446.737961696321,450.27725892807007,5988278
2018-01-22,452.2434997558594,454.97660431333856,445.1649058466372,445.2239037301715,9650214
2018-01-23,462.90069580078125,467.1871871695398,454.2097653037192,454.2097653037192,15403796
2018-01-24,466.322021484375,480.18426687184063,459.12543233662825,461.9962144131091,20604718
2018-01-25,462.23211669921875,465.3781579250024,457.060801833381,464.8275911095344,13548914
2018-01-29,465.18157958984375,470.4315268401436,458.22093383811574,458.7518667549918,10823002
2018-01-30,460.36419677734375,465.26020468032584,457.23778922074496,463.60855208781675,8628312
2018-01-31,452.34173583984375,458.77144793502487,449.15637872895195,455.8417162723359,9213698
2018-02-01,450.1199035644531,455.3502170570369,439.8756341513902,449.1760814599165,13005454
2018-02-02,449.5890808105469,457.3165563532743,444.4177644851984,446.4430386968496,10244486
2018-02-05,447.60302734375,454.1507357015026,446.6788872703239,448.31090587072214,9860220
2018-02-06,435.62847900390625,443.7295271032243,430.67347272993806,432.56106902227475,10552078
2018-02-07,436.13970947265625,442.33347902476316,433.97680581953955,438.87281397786194,8342056
2018-02-08,446.0497131347656,450.82777344287496,439.0891152571247,441.54696027109196,8807244
2018-02-09,436.1790466308594,440.5638520330013,434.9402830591635,439.6593458048326,4382690
2018-02-12,433.6819152832031,440.68183003332655,431.71563900427094,438.4009783526404,6291972
2018-02-14,431.6959533691406,439.384112756315,428.72685701128046,434.94030920179415,8345712
2018-02-15,438.2632751464844,444.26041744879774,433.7605219312533,433.7605219312533,7986736
2018-02-16,443.611572265625,448.9598336825004,439.6986540048525,442.4121246369165,9889222
2018-02-19,445.06658935546875,446.73792401838966,440.5638363478672,443.74919398682965,6461840
2018-02-20,447.1114807128906,452.04685267783805,434.05542726678016,434.05542726678016,7188594
2018-02-21,451.22100830078125,452.99065663104903,448.3109103344954,451.260324218275,13771358
2018-02-22,456.470947265625,457.749026592451,448.48784796076814,450.49348776976717,17859974
2018-02-23,454.4653625488281,458.53554409831537,450.9653818136734,457.55240613927094,9459828
2018-02-26,447.7604064941406,454.2294839925744,446.0890717247711,452.6367810692592,5083608
2018-02-27,452.3221435546875,453.6789028926939,442.66775652059783,450.2575536099195,6616026
2018-02-28,461.1310729980469,467.7770959845779,449.3137821419571,451.2996922501575,17268416
2018-03-01,456.470947265625,459.9512459854101,454.62266713335885,459.9512459854101,6579852
2018-03-05,454.563720703125,460.42323311178416,449.58903254395096,456.4709989288354,8101456
2018-03-06,452.7742919921875,458.2995458641672,449.72656468307486,457.1787783256426,6689734
2018-03-07,449.92327880859375,456.17604628535906,447.5441135769602,454.20977022378423,6370416
2018-03-08,454.858642578125,458.45693730573333,451.85023065816443,451.85023065816443,6093014
2018-03-09,457.5131530761719,458.53560709308874,454.42610906162315,457.1002158747296,4220964
2018-03-12,466.3023376464844,468.70118468448493,460.79676503248413,462.46809957601994,7676970
2018-03-13,465.5355224609375,470.7264718711363,462.1338553982551,464.1197653447152,8581052
2018-03-14,464.35589599609375,468.20976928720376,459.7547799993695,464.04127254160346,4429710
2018-03-15,465.0242919921875,467.34450736291564,460.895112232426,464.041153954149,6101500
2018-03-16,460.8557434082031,464.98492269395797,459.81360760655633,464.8276110249729,17954826
2018-03-19,450.9653015136719,464.2376615974621,449.3529651488923,457.7489522231647,7526620
2018-03-20,457.9653625488281,460.1085841877888,451.692913303397,451.692913303397,8553766
2018-03-21,459.1254577636719,462.27149944427947,457.0411859483548,460.10859578886175,7692994
2018-03-22,456.687255859375,463.03828855863884,454.32772479940365,457.9456532227802,6813168
2018-03-23,459.1647033691406,461.60291410110585,449.2350108353149,451.06365688309404,12008084
2018-03-26,454.3080749511719,458.88950768407545,449.88395390100897,458.88950768407545,8930722
2018-03-27,453.8165283203125,456.68731065631636,452.2828233463486,456.17605966339903,3802088
2018-03-28,445.0863037109375,452.5384713719352,442.9037179080096,452.5384713719352,12558322
2018-04-02,447.1902160644531,452.06659075369987,440.9571299678812,448.70423917235865,8072702
2018-04-03,448.4879150390625,449.70704467543135,443.6312224716868,446.2266974303242,4077168
2018-04-04,442.09747314453125,450.10025480511956,440.44582051949703,449.8839452449148,4813302
2018-04-05,451.27996826171875,452.7546750796999,444.0243819143839,448.1339270500256,7763544
2018-04-06,443.19854736328125,450.6703951005504,441.2715875563983,449.49062966835,5937742
2018-04-09,437.0048828125,442.72676572188215,435.15660239757113,442.412142329865,7202882
2018-04-10,437.85028076171875,442.21540319766325,434.7042396540431,437.29971396691997,8926058
2018-04-11,442.1172180175781,444.96831860074684,439.0694898079839,439.65937268726026,9025574
2018-04-12,457.1984558105469,461.1900054286431,442.4120708652513,444.16203718809436,17044366
2018-04-13,460.67877197265625,466.36133825682964,452.34178116739844,461.68159190656445,21227038
2018-04-16,445.6367492675781,448.31090368445103,433.36720689496934,433.36720689496934,24745084
2018-04-17,442.49072265625,443.3559128811681,438.4795389013975,443.19860120347533,10397940
2018-04-18,442.7856140136719,446.24627851270765,438.02723633108167,441.5665326576861,10430380
2018-04-19,445.49920654296875,448.23235937126674,441.6649678022676,442.01890713313685,8525542
2018-04-20,463.4315185546875,469.42865967292596,447.1114296099729,447.9176218802382,24272692
2018-04-23,467.0692443847656,477.56918843371653,454.3081306377997,459.32213510924043,21830638
2018-04-24,454.0131530761719,470.49055645269596,452.2828205011691,466.0074373280759,8526216
2018-04-25,456.3136291503906,460.5018063324232,450.3558036946638,453.02995806571437,11594178
2018-04-26,462.6450500488281,464.6900058440092,456.1760213616052,461.68159403321073,11302084
2018-04-27,466.0860900878906,468.60293321859444,461.76028245863995,464.0411820468881,7663370
2018-04-30,471.7095642089844,475.03255110758573,464.2967140472565,464.7096031622036,5511678
2018-05-02,470.74615478515625,472.53543713629193,464.4343896443833,471.4736673017624,10295042
2018-05-03,465.0439758300781,473.75454047839315,462.5074508788386,470.8248083151397,5332230
2018-05-04,461.32763671875,466.40063808300386,454.209727644072,466.0073829075544,6023368
2018-05-07,465.2208251953125,467.97361114321376,462.271411679704,464.53262870833714,4638960
2018-05-08,458.3586120605469,463.21530412129823,456.5889636817867,463.21530412129823,5718556
2018-05-09,460.38385009765625,462.8220611757967,457.35580421576884,459.12545264136725,3783504
2018-05-10,459.32208251953125,465.22091063408,457.2968085992456,462.4681241806239,3182862
2018-05-11,464.3361511230469,465.2996073141016,458.55531796713313,461.0131633573674,3311706
2018-05-14,467.6985168457031,468.5636592470952,460.1086708511132,465.75187443537953,4432094
2018-05-15,469.76300048828125,475.0522635251203,467.22647574192035,467.22647574192035,5611974
2018-05-16,467.95404052734375,471.1197643225787,465.81081873129756,466.89227061100297,6205004
2018-05-17,465.18157958984375,470.90341387205063,461.50465311894664,470.33321304143095,9519598
2018-05-18,465.299560546875,466.6170039474586,461.28837647509374,465.2209287042079,7139660
2018-05-21,463.8445739746094,467.3445553503656,460.10864904645445,463.86425593930596,8475320
2018-05-22,469.48773193359375,471.1197506876009,461.642309544342,462.07488068274716,5636804
2018-05-23,465.9681396484375,474.91469628493013,464.63106224246525,469.9400079388455,9538442
2018-05-24,480.16461181640625,482.74045264600096,471.11974197875077,471.11974197875077,9740570
2018-05-25,483.0353088378906,491.03804135538513,480.08589528072235,483.74313928874426,8901438
2018-05-28,477.569091796875,484.72631674513167,474.2657387419943,484.09711806915004,5739794
2018-05-29,478.4736022949219,482.34720457788677,474.3444225252853,477.4315143759385,3388934
2018-05-30,476.5073547363281,483.21237577504127,474.1085073751476,478.59162670862685,6323066
2018-05-31,484.411865234375,488.42304982327653,475.9371948861678,476.50739583098425,19720340
2018-06-01,480.0859680175781,490.09429366933267,478.67021089181645,483.861208341777,4998356
2018-06-04,487.4005432128906,488.81625244443484,476.6253402756678,480.20395327909,4270156
2018-06-05,480.1055603027344,488.42291667312423,478.5915375130372,488.42291667312423,4710862
2018-06-06,486.6336669921875,488.24605184508397,479.7910643682783,481.81629040656566,4038184
2018-06-07,492.53240966796875,494.71499502440037,486.84989176487096,486.84989176487096,6676226
2018-06-08,495.5212097167969,496.288038117363,490.0156371861763,490.7824655867425,6459878
2018-06-11,496.4454040527344,499.4341341522152,493.55498775918903,497.68416760847896,5171290
2018-06-12,494.9116516113281,499.9256552331354,491.74592816192074,497.7627517100029,7839820
2018-06-13,501.3217468261719,504.93967545461805,498.1757052345543,498.1757052345543,5766928
2018-06-14,499.4683532714844,504.8268704516572,497.2121536308982,504.8268704516572,7598848
2018-06-15,516.2086181640625,520.3382871093751,497.57474609375004,498.38053515625,19957760
2018-06-18,510.6285400390625,520.2375647974807,508.5939029784994,517.3165794385017,8214846
2018-06-19,500.2337951660156,509.01691482977935,498.8035492176103,508.85574719548464,7545700
2018-06-20,500.8584289550781,504.56503958124176,498.7835119406788,503.0139052164277,5371802
2018-06-21,502.228271484375,506.23705298745426,497.9777138818094,501.9864953848886,5798790
2018-06-22,502.7520446777344,505.8341983750958,500.0727856027347,500.7980155955747,4343118
2018-06-25,512.6631469726562,515.2215666928494,505.2297622485229,506.4988899086456,7731178
2018-06-26,514.8387451171875,517.2762766006008,510.1651785889136,511.27313850292705,4483504
2018-06-27,511.6761169433594,521.1239751781125,509.90337095387633,517.296476665544,6952142
2018-06-28,519.5728759765625,522.957200515732,514.1942428029298,514.2144072058924,10996818
2018-06-29,526.6637573242188,529.806354613524,517.0144521352127,522.9773113882401,9966600
2018-07-02,537.743408203125,539.8787692765832,529.4035095742017,529.4035095742017,4830144
2018-07-03,545.4185180664062,547.0905403495881,536.5548376250686,536.6152816461889,8127452
2018-07-04,541.9736938476562,544.9752875594211,539.4153234573251,544.7335606813866,5025722
2018-07-05,517.316650390625,542.7997330520012,510.91061661257834,542.7392890275778,17019902
2018-07-06,517.4172973632812,524.5082312167642,511.2731558139022,519.83466453025,11215356
2018-07-09,523.2997436523438,524.9717664054336,515.3224585220697,522.5543983329603,6644998
2018-07-10,524.3270874023438,529.9877275106431,521.466545332446,527.1876294722415,5974488
2018-07-11,532.0021362304688,540.7248138507006,520.2779136181434,530.8337812766399,11899832
2018-07-12,521.486572265625,534.6813693173017,517.497906221344,534.2784747508383,13272240
2018-07-13,530.7733764648438,536.4944603341751,523.0982143645385,529.8064195510418,19496158
2018-07-16,536.9981079101562,557.7673461518494,518.8074051855001,530.7734054315791,35344680
2018-07-17,535.0038452148438,543.7063603007384,528.8798166866375,535.7290261161392,11161690
2018-07-18,532.8482055664062,541.2485470785587,529.4034374991347,539.7981365381414,6919016
2018-07-19,530.4912719726562,536.6152990762868,527.4292830115745,533.0295274904356,5118864
2018-07-20,543.1422729492188,550.8174357766673,532.3447257363096,534.2383109365711,11705738
2018-07-23,546.3048706054688,551.1597698295508,538.3678672768547,544.7739007537107,7675702
2018-07-24,554.8463134765625,556.9615101465777,546.3250827696359,553.7383533160784,6172246
2018-07-25,557.5053100585938,561.5544197879725,550.1323204318468,555.5915610267757,6936922
2018-07-26,553.27490234375,560.1845532324326,551.6431598570445,555.4102629829621,7362218
2018-07-27,553.35546875,559.6204983209943,551.2806012799397,553.2547451181928,6493232
2018-07-30,544.3104248046875,553.1741030768586,543.1017414039369,551.965419676108,6409970
2018-07-31,549.9913940429688,551.9655873669252,538.0858884374757,543.3235180986217,7943996
2018-08-01,545.5394287109375,551.3410713495545,544.310580562617,549.4676508874627,4675706
2018-08-02,545.3782348632812,550.656143800566,543.9681038932414,547.775437839763,5940742
2018-08-03,549.5885009765625,550.434569780183,546.3250646303298,550.434569780183,3970390
2018-08-06,548.198486328125,553.9800133585193,542.9004130913489,550.374126762335,6178930
2018-08-07,551.1397094726562,555.9744452084236,548.1986080756162,553.5772417453624,7351528
2018-08-08,549.0445556640625,552.9727775813067,545.2372217860884,552.6907710649621,3992358
2018-08-09,555.974365234375,559.8018638079582,553.4361588470902,553.4361588470902,6409524
2018-08-10,558.1903076171875,559.6206031293068,553.1944538890709,558.3313600733032,4779520
2018-08-13,567.5776977539062,568.0208719229582,555.4706968444052,560.0234249355314,9979746
2018-08-14,567.3965454101562,573.943583358914,565.6640787726643,569.6728607979289,6151320
2018-08-16,575.9579467773438,578.1134228701965,568.5849565433801,570.0756467657172,6626774
2018-08-17,576.2802124023438,579.2213623034343,573.318947282539,576.5018240784468,6390408
2018-08-20,557.7069702148438,567.2555546196161,553.375852331651,559.2178252903761,16101876
2018-08-21,557.5859375,562.440836889289,553.476432433138,560.0234693954955,8361482
2018-08-23,563.0049438476562,564.6568019299583,558.1500440728514,561.232197708478,7717182
2018-08-24,555.3096923828125,564.8179958861109,554.4232946812543,562.6423550314347,7053000
2018-08-27,570.2569580078125,572.0900987081898,556.5585432573308,557.2031647034137,7012950
2018-08-28,574.0040283203125,579.5237149201685,568.6858382410221,570.9823182340159,6496890
2018-08-29,568.1216430664062,577.5896657904779,566.1273345481783,577.5896657904779,5646496
2018-08-30,570.5792236328125,572.7347487509547,562.5012176747548,569.2094215521677,11507962
2018-08-31,580.6112670898438,585.929504117576,572.5533769097572,574.1649549457745,10875864
2018-09-03,577.8515625,591.4089752145401,576.1392605020045,583.7942576695136,10976328
2018-09-04,593.9874267578125,603.1331129394196,576.9449684230119,581.7797027952718,15370124
2018-09-05,588.1454467773438,599.5473323164636,584.5193960553662,597.8551949854582,8658978
2018-09-06,585.9296264648438,592.657946497565,583.4719301015618,590.280858561791,5598659
2018-09-07,590.4823608398438,592.3759951127685,583.2302574881991,591.7313243585546,6510605
2018-09-10,588.9108276367188,601.9243387015766,587.7424730178694,594.4707910001181,5629871
2018-09-11,591.6909790039062,600.1114856853314,589.8376737450991,592.9802711876397,6963561
2018-09-12,598.6207885742188,601.5216098870213,593.2622709702872,599.829472318131,4636617
2018-09-14,591.2075805664062,600.3129892243877,587.4606408939603,597.8150622304055,7896514
2018-09-17,584.9625244140625,596.2838498347691,583.8746797737332,592.254904903453,5427054
2018-09-18,579.44287109375,588.2259911826222,577.7507338053974,588.2259911826222,7729732
2018-09-19,579.966796875,585.8087687782216,574.6888872676941,585.8087687782216,4849498
2018-09-21,568.3231201171875,578.0731990694799,557.6061334578325,575.2126080280965,14350769
2018-09-24,578.758056640625,588.1857995262679,569.2900341337996,569.2900341337996,8637881
2018-09-25,585.1641235351562,593.060847813774,577.7508531011902,578.7580895954392,9602273
2018-09-26,578.435791015625,589.7168404683449,573.7219435954703,589.1931069669236,6599606
2018-09-27,584.0358276367188,588.8705613906344,578.1132984607541,581.7796283878491,14592616
2018-09-28,588.2662963867188,591.8923471750257,576.3003484578901,580.9739151931935,7490031
2018-10-01,601.6424560546875,608.2902161834658,590.6434150781232,594.2694660574568,8252398
2018-10-03,587.0175170898438,605.9132863986948,585.2447707571891,599.3460837964099,7792464
2018-10-04,569.8541259765625,588.0246624057708,566.066906940807,587.0174259165523,6173037
2018-10-05,583.8748779296875,589.4348434944321,571.5463120920726,574.5277421893782,8543578
2018-10-08,575.6961059570312,587.178602100527,571.5059922648652,584.237451836798,7259306
2018-10-09,578.3551635742188,582.1021028018317,566.1877670573652,577.8313809530799,6777212
2018-10-10,564.4151611328125,580.0877738568479,560.3459347437569,580.0877738568479,8866251
2018-10-11,542.5780029296875,558.3312172089508,534.479833324154,551.9654644427939,10985897
2018-10-12,546.9697265625,551.2001200747181,533.0295825394851,545.0358618943693,8909221
2018-10-15,563.0853881835938,568.0812902175438,549.1452472102924,554.8663298930901,6222176
2018-10-16,560.2247924804688,575.2527767409849,555.5109465852546,572.1101800232044,11588963
2018-10-17,568.36328125,581.6185208306409,565.1401250811614,572.1102199688589,20360697
2018-10-19,550.797119140625,554.1411635155058,546.3249995557751,553.5771013197899,10421001
2018-10-22,547.8963012695312,560.0636968490115,542.9406786962704,554.9469558030129,6672840
2018-10-23,529.8869018554688,549.5481759156527,526.4220185005046,544.6731616107583,9041701
2018-10-24,523.6016235351562,537.0583081595402,521.4663124339407,534.2380469764068,7058164
2018-10-25,528.4484252929688,534.6390921610283,518.2663747092892,523.7646820244761,8270469
2018-10-26,516.1077270507812,528.4076731984894,513.093880044633,525.638135730253,5464141
2018-10-29,525.1903076171875,529.9147703906116,514.397331152003,516.1893824707657,7137446
2018-10-30,537.2864379882812,540.7076170085178,519.2438737585728,522.217002768922,8793411
2018-10-31,559.1168823242188,564.4522678484144,540.0967785751158,540.789187969846,11947995
2018-11-01,543.0697631835938,561.8047329218933,537.2863296515499,561.8047329218933,5860244
2018-11-02,539.4451293945312,550.4824641144593,537.6937965168486,542.4590268105876,6654067
2018-11-05,542.4995727539062,544.617419067032,535.168497446421,540.4631629462715,5799426
2018-11-06,542.8662109375,549.8307234916523,538.1417494790544,544.0473387313722,6975525
2018-11-07,550.2379150390625,551.8670428408066,547.3869413860103,548.2015052868824,758956
2018-11-09,537.2050170898438,553.0890168370036,533.946760731452,553.0890168370036,9694143
2018-11-12,541.0333251953125,550.9710142204312,539.4856339761018,542.4995301983881,7118080
2018-11-13,542.25537109375,543.925217677842,534.5984481052125,540.4633199988741,4137808
2018-11-14,532.0732421875,542.2552927126854,521.7282689105028,542.2552927126854,7323026
2018-11-15,534.6798706054688,542.4996657200204,526.7785892544258,532.7248969683084,5513390
2018-11-16,530.1590576171875,539.6487498600369,524.742235845049,537.5309029549535,8583785
2018-11-19,530.8514404296875,539.2414408192666,528.8557484167807,536.7977484892699,6018930
2018-11-20,522.4613647460938,534.3539791513658,521.4023917820699,530.8513639265561,5384830
2018-11-21,504.29656982421875,521.3616961534232,498.59462162848746,521.3209778954335,14359086
2018-11-22,505.6405944824219,511.6683878676994,502.3823385373076,506.86244046183975,6632975
2018-11-26,506.2108459472656,511.5462306065202,488.61623238917116,505.84428217619273,15075209
2018-11-27,520.4249877929688,522.1355523991907,509.3468869602012,509.5098097124708,12285851
2018-11-28,542.8255615234375,544.699049097681,521.3210483905093,522.0948942651238,17719890
2018-11-29,538.4674682617188,549.7492083606659,536.6346994454998,546.5723891924054,13399070
2018-11-30,543.6807250976562,547.3869811726047,538.3860593571474,538.4267776117437,10445773
2018-12-03,546.04296875,553.0889673818134,542.4589169064698,548.323787770569,8260890
2018-12-04,558.1800537109375,560.6237460292634,546.8168744873127,547.8350796199485,7827923
2018-12-05,555.0440063476562,556.8767756014527,547.7943658569312,556.3472890413145,5177288
2018-12-06,544.5359497070312,558.3428173131666,541.3184124616907,550.7266152619134,8039771
2018-12-07,556.184326171875,558.5873000747744,542.1738144985557,547.3870443313865,5553948
2018-12-10,545.1062622070312,556.998877232122,541.8480060667824,545.6764669749834,5121196
2018-12-11,549.4234619140625,555.4512558826656,538.1010015222698,545.1062823124092,7120933
2018-12-12,552.6815795898438,554.4329117774942,546.2465052022794,551.5411702978344,6926183
2018-12-13,568.3621826171875,570.1949521061,553.9036677602114,555.5327961948002,7521474
2018-12-14,575.1229248046875,581.3543595358117,565.6332836628642,568.117694016859,9560576
2018-12-17,565.63330078125,579.8474037950681,564.2892502010627,579.8474037950681,4778465
2018-12-18,551.1340942382812,559.1982993598615,549.4642476431806,559.1982993598615,8021298
2018-12-19,541.5628662109375,547.0204550621521,538.5082511505982,547.0204550621521,8295459
2018-12-20,543.3548583984375,547.0203960755806,534.6797823927541,537.612192647654,11705260
2018-12-21,526.371337890625,537.2050306115577,524.1312865878474,537.2050306115577,12802132
2018-12-24,528.652099609375,536.6348178264769,527.5116899853404,535.1686123934659,8379825
2018-12-26,524.6199951171875,527.0229691393621,519.1624057406502,527.0229691393621,6178552
2018-12-27,535.0055541992188,540.259501244818,528.6519657864861,531.706580380784,15333902
2018-12-28,535.1278686523438,540.4632532968692,532.1546899493487,540.3410488011674,4736598
2018-12-31,536.7570190429688,539.2414295832891,534.1911222631178,537.6123013972368,3373319
2019-01-01,541.7257690429688,542.7439740256513,532.8470514242018,538.3860765865863,2943390
2019-01-02,544.984130859375,549.0162333175056,539.2821818486591,542.4997201624016,7416655
2019-01-03,545.0654907226562,551.4597978866686,540.1373390181329,547.3869781090714,6827249
2019-01-04,538.4674682617188,548.9346444423463,530.2811108260147,547.1833121311449,7889310
2019-01-07,547.1427001953125,548.6903421106242,538.8341366705881,541.6851109386865,8046340
2019-01-08,545.7986450195312,551.8264390227971,544.576798914846,549.7900288483215,8621545
2019-01-09,550.7266235351562,561.886158718736,540.8704203996273,558.9537486154312,18130292
2019-01-10,553.6592407226562,555.532728249884,547.8350873945076,555.2068827159974,9572493
2019-01-11,556.7545776367188,558.3837058814494,547.7943722906998,554.0665259763227,12281903
2019-01-14,571.742431640625,578.5033021895339,566.8957664045334,575.8966877189687,19312937
2019-01-15,591.8622436523438,594.6317814252524,576.0597302501743,576.0597302501743,19671304
2019-01-16,600.1707763671875,600.9853404094114,593.4099047601375,594.5503143060685,9658944
2019-01-17,597.3605346679688,601.9628415026759,593.8986374062822,599.3562265622323,6903771
2019-01-18,595.4056396484375,599.6821011792555,591.6178966914656,594.6317938089753,5902151
2019-01-21,606.8502197265625,611.737604046508,597.8900151399959,601.3111941073665,8129422
2019-01-22,607.1353149414062,610.1084937094522,597.8900325537222,603.7956221123251,6723375
2019-01-23,595.975830078125,604.895266996342,593.9801381351687,604.6916259759801,7212099
2019-01-24,599.5386352539062,602.8966868486704,590.5291748880688,596.3443520371522,7429783
2019-01-25,598.1871948242188,604.3710007806147,593.19105953809,596.2624664739103,5543112
2019-01-28,596.2216186523438,600.030133860744,588.8911829417159,598.7196866903954,7944693
2019-01-29,596.1806030273438,600.2348203314026,586.843505621456,594.2148825238887,6760819
2019-01-30,594.54248046875,601.831922713427,590.6110397184234,596.1805641179376,5763026
2019-01-31,613.912841796875,615.3461651117188,594.6244151866188,594.6244151866188,13825233
2019-02-01,620.0556640625,624.5194524419586,609.7766981548041,615.387115206831,6276585
2019-02-04,619.1138305664062,624.5194874452003,613.6262394983253,620.0147567160874,3945391
2019-02-05,618.2537231445312,622.4308665917667,611.8242645904229,611.8242645904229,4694366
2019-02-06,625.1746215820312,628.1641442707773,617.8441871733214,618.8270473717,5880482
2019-02-07,625.7479248046875,630.2117125386012,623.2907994455068,624.9698251095449,3961797
2019-02-08,623.208984375,632.5050896853397,618.2947331116629,622.4718266893599,5915169
2019-02-11,624.7650146484375,629.6383228854235,621.6526661073644,628.1231156980301,5500216
2019-02-12,614.6499633789062,622.7584476607594,606.9100079355055,622.7584476607594,7310690
2019-02-14,606.1318969726562,616.7384986811111,603.8385898441556,615.1004150192755,4610535
2019-02-15,607.688232421875,611.4148635883407,600.0301595950405,607.9748771306965,5586389
2019-02-18,606.9509887695312,612.3566952928098,602.8148371809656,608.015733239308,5346825
2019-02-19,593.2319946289062,606.5414245269986,590.7748691092584,605.3538038610995,9401334
2019-02-20,606.6643676757812,608.5481541171042,594.6653834026342,595.4434832343671,5210675
2019-02-21,600.7263793945312,604.4530105863894,595.5254325748105,604.4530105863894,7202786
2019-02-22,601.9548950195312,604.61678137414,596.262543432374,599.9482322310631,3750833
2019-02-25,618.294677734375,620.833687330221,602.4461888353666,602.4461888353666,6547552
2019-02-26,608.1384887695312,616.4107903041322,606.2137606867335,613.134623361266,8319610
2019-02-27,602.2005615234375,611.3328987735545,600.1529567579719,610.1862201087534,5936354
2019-02-28,601.4225463867188,608.0568167550541,599.784462343726,605.026351277446,8559921
2019-03-01,607.647216796875,608.8757796695008,602.4053285441976,602.4053285441976,3998826
2019-03-05,599.9482421875,608.1386618760665,598.1053977575725,606.5005779383532,4826505
2019-03-06,599.9482421875,602.8967732792421,595.4435113587883,602.8967732792421,6076668
2019-03-07,592.1263427734375,601.5862665793036,590.1606222466097,601.1767456354103,5951551
2019-03-08,583.4444580078125,592.126331852435,582.0521268165346,592.126331852435,7193994
2019-03-11,582.5435180664062,588.481571501881,581.0283106341827,584.2225438673331,9932198
2019-03-12,579.0216674804688,585.5740025251808,577.9159309474641,580.7006933376064,11997387
2019-03-13,580.2501831054688,588.5634275230623,578.4892232092941,581.519687919054,11348867
2019-03-14,580.1683349609375,585.533099630242,578.407424793989,584.79594189222,6415187
2019-03-15,588.5225219726562,592.7815496678211,581.1920872843938,583.1578077561155,14638664
2019-03-18,581.6835327148438,592.7405977059399,577.7111497423526,590.9796377297374,8065544
2019-03-19,591.5530395507812,595.0339677862826,579.3902867711118,583.8130832408314,8917337
2019-03-20,605.2310180664062,607.9747884174195,595.5663337073393,595.6482179006665,13471173
2019-03-22,608.6300048828125,611.2918910096549,599.7843625209138,610.1862044607986,8883260
2019-03-25,602.2005615234375,608.0567311488095,598.351054566292,608.0567311488095,7644966
2019-03-26,596.0578002929688,602.2006151362491,588.9730671775767,602.2006151362491,9406261
2019-03-27,597.6548461914062,599.784334999026,595.566299478097,597.9005487476167,7387487
2019-03-28,604.2891235351562,610.1862354056029,597.900606504819,597.900606504819,9277241
2019-04-01,618.4583740234375,622.4716983907766,607.7289476394161,607.7289476394161,6584982
2019-04-02,621.98046875,627.222307167725,618.0490274487653,621.6528319781129,7283600
2019-04-03,616.9843139648438,621.2433422618756,611.6605410911428,619.1957373104522,6897127
2019-04-04,612.5614013671875,617.393718144058,610.2680442632128,615.42804775681,7688525
2019-04-05,621.8985595703125,623.2499988207516,612.6433952813786,615.0186369971943,6276040
2019-04-08,628.409912109375,630.6622773857528,618.7042853691245,624.969926052837,4919911
2019-04-09,622.9631958007812,633.1193344872718,620.9975254033078,630.6622089976705,6730692
2019-04-10,616.4927978515625,627.9593835164342,615.3461192889368,625.7479605687112,7031088
2019-04-11,608.302490234375,615.7148101759008,606.1320089852018,615.7148101759008,8200995
2019-04-12,612.4385986328125,615.5509479457481,606.582428880437,608.6300336903092,7043212
2019-04-15,595.8528442382812,599.0061348267744,583.6491027587775,593.5595374475281,31574803
2019-04-16,593.0682373046875,596.1806366088639,584.8778180628586,596.1806366088639,12524411
2019-04-18,587.2938842773438,591.7576718694446,583.7720147058085,591.7576718694446,13801105
2019-04-22,590.570068359375,594.4195747422713,585.614875564208,587.2939012233514,6455426
2019-04-23,596.4263305664062,597.9005960105538,588.3997298235129,592.9044603414006,5516668
2019-04-24,603.1834106445312,604.3710313845896,592.9863291031814,596.4263150435627,8285120
2019-04-25,596.712890625,604.1662009646459,595.4843279306967,603.1833408111345,8005235
2019-04-26,604.452880859375,605.9271461804748,597.0815042635289,598.7195879514948,6895168
2019-04-30,615.3871459960938,617.3938087614246,604.4529560155313,604.4529560155313,9920046
2019-05-02,598.5557250976562,612.9708904745726,597.4909807776837,611.8242119820833,6351352
2019-05-03,592.6588134765625,598.7197447050145,588.2360163553105,592.0855240279566,6348116
2019-05-06,588.3997802734375,591.1844930199576,582.0522049085307,585.615017536562,8858265
2019-05-07,593.436767578125,596.1805877936852,588.6453927101129,590.0377738652862,5747536
2019-05-08,589.177734375,594.6243826696974,586.8434851003282,590.529173422661,6247642
2019-05-09,590.570068359375,598.1462048614294,586.270098993344,589.0139189639698,7396525
2019-05-10,587.1301879882812,594.6244416498438,585.6149804127249,590.365413612408,8352335
2019-05-13,589.4644165039062,594.992948870051,583.2396685863355,586.8844147369002,6808993
2019-05-14,584.6730346679688,587.8673180432361,576.2778552741086,586.8435156781311,10513001
2019-05-15,586.515869140625,593.969180228459,583.6492225661541,585.5330588787999,6668929
2019-05-16,600.439697265625,603.6339812057337,588.9731087488268,589.710266578193,6468556
2019-05-17,592.9044189453125,602.650987027489,589.7920199034324,600.4805561055279,8155948
2019-05-20,591.6759643554688,594.9521323751771,578.2436554785219,589.4645409440943,11213708
2019-05-21,580.9464111328125,591.8806505195186,579.6359640856573,591.8806505195186,8645535
2019-05-22,581.31494140625,588.2767969919536,579.0625763638164,581.519701864653,5795713
2019-05-23,574.1893920898438,587.0074195643061,571.2408608449674,585.6150381468644,7233736
2019-05-24,580.8644409179688,582.9529874608558,573.6978253362582,576.4415953056902,7016424
2019-05-27,579.9635009765625,584.6320494148865,577.8340122104795,579.3902116867029,10247544
2019-05-28,596.3444213867188,600.7263257957065,581.3559637604159,583.1578660411981,23860490
2019-05-29,596.0986328125,600.8900575036598,592.6996392182714,594.2148466049299,10293077
2019-05-30,600.8082275390625,603.8386928283711,591.7987658624099,595.4435126296721,15089296
2019-05-31,604.248046875,608.5070739435528,600.5214169363941,603.224244694595,8290306
2019-06-03,609.8995971679688,615.0186092640191,597.0815708833176,597.7367944335415,7744761
2019-06-04,602.2415161132812,605.6405600906025,600.4806059726637,603.8386578615449,11733702
2019-06-06,602.4872436523438,609.8996133564523,600.8901518282667,603.2244014098823,7563925
2019-06-07,605.353759765625,609.3261423939055,602.6918739799049,602.6918739799049,3218358
2019-06-10,617.1480102539062,617.6394153488794,606.1728298896163,606.1728298896163,4435148
2019-06-11,618.294677734375,621.6527291340867,614.690873801228,618.3765619186238,5733127
2019-06-12,617.3937377929688,619.9737396218774,610.1861794963166,619.9737396218774,8738342
2019-06-13,616.8538818359375,620.6331554374073,614.6527402577572,614.6527402577572,4808577
2019-06-14,615.0264282226562,619.221007064812,613.1990723884608,617.850477515037,5556353
2019-06-17,615.109619140625,618.390546214176,612.8254364648843,617.1446283910446,3085588
2019-06-18,623.0835571289062,624.9939544211218,614.8189583184542,614.8189583184542,6202838
2019-06-19,624.537109375,627.444251031919,621.7960495412545,625.0354562375752,4596253
2019-06-20,627.02880859375,628.6900320361004,611.2471858914216,612.8253177437448,7148684
2019-06-21,623.1250610351562,627.1119880383462,620.5917048651678,627.1119880383462,13200318
2019-06-24,619.2210693359375,624.5370048979119,616.8538460899207,624.5370048979119,4758178
2019-06-25,621.3806762695312,623.7064299003147,612.4100788393664,617.9751881189896,3677911
2019-06-26,613.9883422851562,624.1633383197702,612.991597840419,617.1446574463839,5447130
2019-06-27,606.8035278320312,618.5567067750658,604.8100896425549,616.3140444524427,11122346
2019-06-28,608.0078735351562,614.2374624033442,605.1007320633352,610.9150150069773,5919494
2019-07-01,607.4263916015625,612.5761948364407,606.2219943673258,610.4996653624189,3224968
2019-07-02,614.65283203125,616.0233620029044,606.4297535943824,609.6691604201858,4837606
2019-07-03,607.4263916015625,617.3106921765145,606.3466064143752,615.4833361000713,5958379
2019-07-04,609.5028076171875,611.662428286071,605.1836169759314,605.5158819085323,3274064
2019-07-05,596.3792114257812,611.662487261817,592.6414587079316,610.4996105821019,4926289
2019-07-08,596.0470581054688,602.1520857727191,591.6448253302872,595.0918848721274,7177092
2019-07-09,594.302734375,597.9158753745627,588.945278202546,596.3792638452131,5022638
2019-07-10,595.7562866210938,600.2831308657792,586.8272101746988,588.9037395808372,7573816
2019-07-11,599.2864379882812,600.9476616556084,589.4021368890753,597.5836938685756,6252688
2019-07-12,603.647216796875,606.8450524311194,597.7083212515313,600.1171161138523,7874441
2019-07-15,647.3372802734375,649.2477279536022,626.4474241078071,633.7567977432616,31064152
2019-07-16,651.9056396484375,654.3559545552573,644.5547456244981,645.3853574100967,9924322
2019-07-17,659.6304321289062,660.3364319347548,645.1777654154979,651.1166605222003,6754348
2019-07-18,658.4259643554688,663.2435025124355,653.0269878165446,655.3942110973113,6534471
2019-07-19,652.3624877929688,659.9210344285209,648.9154287568055,655.103496424734,6812754
2019-07-22,651.5319213867188,657.8445508383775,649.5799532232627,652.8193595476663,7107151
2019-07-23,656.2249755859375,667.8120226860275,652.4872217276202,653.6916192212732,10782564
2019-07-24,653.1100463867188,659.2981144188359,650.8673843936434,654.5220965821011,5745146
2019-07-25,659.9210205078125,664.6555175154539,654.2313504271008,654.7296971872665,9773568
2019-07-26,653.6915283203125,660.3364231444071,649.7046015651606,658.0937610019704,4941763
2019-07-29,657.3876953125,661.9560600461567,653.0269835212823,655.7679922221724,6244316
2019-07-30,658.4259643554688,662.6620641304783,654.9789052097018,657.7614850745973,8673253
2019-07-31,659.2151489257812,664.3233816480152,649.2062350614366,656.8893950689794,7350584
2019-08-01,638.615966796875,654.8544707049806,634.9197842384244,653.2347672902671,10066407
2019-08-02,644.2223510742188,647.7940215912218,633.1337062450866,635.4594086377442,10838336
2019-08-05,645.1361694335938,652.7778078277031,638.4497548499427,641.730630771693,9976238
2019-08-06,643.267333984375,650.9504933175365,639.4049687436903,646.8804751219016,9331718
2019-08-07,644.6378173828125,650.7428447171175,641.5230230377148,646.9635710510368,5130457
2019-08-08,655.14501953125,658.4674665399663,648.9154313899069,650.1198285698702,8009009
2019-08-09,656.0587158203125,661.789957570191,651.8641363320932,657.8445514848964,4362520
2019-08-13,635.2103881835938,652.860889326322,631.3895940971885,651.3242777407403,7517099
2019-08-14,643.5579833984375,646.4236041181558,637.909833553156,643.8071567878654,5940968
2019-08-16,643.350341796875,647.9187065708069,633.3414800223826,647.877186121257,5128088
2019-08-19,645.9253540039062,650.369107319368,642.3536823336925,644.2225590788631,3881451
2019-08-20,658.467529296875,662.8282414114238,651.0750637193164,652.1964201095427,8435344
2019-08-21,664.0327758789062,667.6043973521836,658.6753183207236,658.6753183207236,5926896
2019-08-22,660.9178466796875,665.5692526730729,658.1352666169197,664.4064265229881,5222488
2019-08-23,666.3168334960938,672.7540753073816,661.0008973991304,661.5408153780414,6895015
2019-08-26,666.6075439453125,670.1376443812475,653.608498640314,661.0840054458234,5412074
2019-08-27,651.7396240234375,660.2949161444673,648.7909113279466,657.0139891189174,16061642
2019-08-28,666.5660400390625,668.6425697588104,653.1101173157911,654.0238208103959,5881134
2019-08-29,670.2621459960938,672.5463282547296,660.7516315435613,660.7516315435613,7830413
2019-08-30,676.8656005859375,678.9005590123404,666.1506876996899,672.7955823400858,8174186
2019-09-03,676.3257446289062,683.0952519431029,674.4983882959458,676.9487035585614,5647088
2019-09-04,682.1814575195312,683.1366813629851,673.0032073183628,673.4185132161217,6199015
2019-09-05,692.7717895507812,695.637410515493,686.6252924011552,689.4908626693439,7926895
2019-09-06,697.8386840820312,703.5283559382196,693.6025325126537,700.4550814341299,6106841
2019-09-09,688.6602783203125,697.9631413655492,687.372840066386,695.0559998324455,4377870
2019-09-11,681.1846923828125,688.2033719794862,676.2425929079153,683.0120484163427,7981036
2019-09-12,678.1114501953125,680.9770201638365,673.5015144445196,678.1114501953125,4400017
2019-09-13,688.826416015625,690.2799867931134,679.0252060552941,679.5235529003942,4832021
2019-09-16,687.4973754882812,696.0111461718949,681.5584810254942,691.1105164266216,4846496
2019-09-17,690.446044921875,693.5608391094925,681.5584887005691,690.6536978677162,5540901
2019-09-18,689.283203125,691.85813020201,684.4241442243464,689.3247742734939,3199389
2019-09-19,681.6831665039062,686.9160111045757,677.1148012547222,685.1301753194666,6601607
2019-09-20,668.642578125,693.5609350737578,666.1507424301243,683.5105513830363,22462366
2019-09-23,634.878173828125,670.2207500813512,616.230977572765,670.2207500813512,17279260
2019-09-24,659.5473022460938,663.3681470169731,635.4180391346006,635.4180391346006,13717998
2019-09-25,658.384521484375,665.3201103460766,649.2477908803714,654.2729825732683,9313576
2019-09-26,649.9952392578125,661.9975896358084,646.2990066920602,654.314430659483,18442824
2019-09-27,649.7045288085938,659.7133903772483,647.9602136946899,653.7329755659696,5087642
2019-09-30,669.182373046875,671.134290370211,651.3242205184598,652.1132611194779,8178091
2019-10-01,659.132080078125,670.7606469775567,657.4708562353491,670.303820560099,5881438
2019-10-03,652.5286865234375,662.703682269778,651.3243398290514,658.301449351483,5497672
2019-10-04,659.0489501953125,662.4959587858216,653.7330143374506,656.183329314067,8201713
2019-10-07,655.8095092773438,666.1506358965884,652.943888547213,660.2117414949626,3679845
2019-10-09,650.9089965820312,661.0839917453272,646.8804986913017,660.7102062734932,6335025
2019-10-10,650.4105224609375,660.0871696532703,645.0530665196142,652.3624904966385,10402917
2019-10-11,676.7825927734375,684.2581001693809,645.0532067980163,649.1232255477527,20636344
2019-10-14,652.9439697265625,661.9976593742814,647.8772576059466,653.4838877198442,15150858
2019-10-15,638.1590576171875,644.5132583830244,635.4180487227859,642.1459842541828,13762133
2019-10-16,640.775390625,644.5131431847066,632.5523147150401,635.6255880701016,10767032
2019-10-17,639.1558227539062,640.0279550628036,635.5011103114015,637.0792931153295,9860495
2019-10-18,637.7852783203125,642.7274288863458,631.2649956829857,634.421310522096,10037200
2019-10-22,534.540283203125,574.0358692854535,530.2210911426314,574.0358692854535,90152532
2019-10-23,547.1983032226562,552.2868008823475,517.3404174351423,529.8723393277127,60516887
2019-10-24,534.3720092773438,549.3850891568092,531.5544547740378,546.6936639289946,25666433
2019-10-25,536.1383666992188,548.7964194400583,534.9188088335281,544.1705492378816,16549337
2019-10-27,545.7263793945312,548.7962949114259,542.9508681699579,547.6187804114672,2945281
2019-10-29,547.2404174804688,549.8477053774536,544.1705015360803,547.5347704791163,16709764
2019-10-30,555.6089477539062,564.6925141887414,551.908283034775,555.4407753889147,22879467
2019-10-31,576.6356201171875,584.9201623829996,560.2348106179234,562.1693061394149,27405901
2019-11-01,578.5701293945312,583.700618620877,574.11243230563,580.3363499256558,9713519
2019-11-04,596.3165283203125,616.0816036595612,570.3696308024386,573.4394946819951,29381982
2019-11-05,585.466796875,596.1063163892159,581.5979086887376,596.1063163892159,12897805
2019-11-06,599.0921630859375,606.8299916806073,582.0185089992797,585.2145541285847,21372589
2019-11-07,605.6524047851562,609.2269399991624,598.9238679117328,603.0451172805697,13733737
2019-11-08,595.6017456054688,609.1429067049463,593.3728970387845,607.250505545007,8585630
2019-11-11,592.4476928710938,594.8026705123729,587.0648428327452,587.8218237656781,6951494
2019-11-13,581.4718017578125,588.7470537414857,578.4439803010097,585.8033184727783,9973690
2019-11-14,593.2046508789062,596.9894530555067,585.6770896162902,585.6770896162902,10539902
2019-11-15,592.0270385742188,599.6386841011017,590.6813006717589,596.3585025069236,7362623
2019-11-18,593.12060546875,597.1577178010346,588.1582884066768,592.9523817601822,7490916
2019-11-19,599.5546875,600.5219352404855,592.952331014765,597.0735805159674,6495885
2019-11-20,599.6808471679688,601.3629813816236,592.9523103133492,599.5126234796708,6142171
2019-11-21,599.8910522460938,606.787812079682,597.5781179402028,601.7834530418228,9692973
2019-11-22,583.0277709960938,598.8398234840772,576.2150961359949,598.6295566921235,14415826
2019-11-25,587.1488037109375,593.0783666393174,583.027606551838,583.1537357906356,7334511
2019-11-26,580.8410034179688,594.8447932087118,576.9721147277148,592.9523919577827,27253106
2019-11-27,585.1725463867188,586.7705947152475,580.4204958318871,583.9109454961977,3861635
2019-11-28,590.3028564453125,591.5644569517865,583.742544078579,587.9899221834436,4837683
2019-11-29,585.6771850585938,590.6815456856564,581.6400723459293,589.5040822840773,4262379
2019-12-02,582.6072387695312,592.1112875210467,580.5886570282067,591.3543065343835,9383736
2019-12-03,587.3591918945312,588.4946632864052,579.1167445373522,582.607193554897,5239013
2019-12-04,596.1904296875,597.578211021063,583.153888841861,586.2238044780871,7427886
2019-12-05,601.23681640625,602.1199779590996,591.943034901219,594.1718833260984,4814422
2019-12-06,601.4470825195312,605.5683319793674,596.8212133169111,602.162020378916,5226096
2019-12-09,603.2554931640625,607.5449156627999,600.7322913801765,602.2041590874434,6435865
2019-12-10,600.9844970703125,604.3067224432308,597.1576519619956,599.6808533083139,4457939
2019-12-11,606.4515380859375,607.8393196000186,599.6809569039561,602.708778508733,6043554
2019-12-12,590.5131225585938,606.1569996227681,588.3684119668357,604.3066419483404,11112042
2019-12-13,598.2510986328125,599.5968369750725,589.0414023790205,589.0414023790205,10302412
2019-12-16,600.5218505859375,605.7364763621586,597.3258061858849,599.0920263890396,5616324
2019-12-17,613.7266845703125,615.0303283326663,601.3629877030515,605.3160134136265,10525565
2019-12-18,616.0396118164062,620.1187667450507,607.8812506244552,614.8200542462494,12215295
2019-12-19,614.69384765625,618.9833205146085,609.4371784680606,616.9226959259063,7199210
2019-12-20,615.2826538085938,618.1843456981916,612.5071425234122,614.8200771501741,7794167
2019-12-23,619.0254516601562,620.1188287399051,615.3668299185862,615.7873635134639,4975608
2019-12-24,616.838623046875,619.8244009431841,612.5491500960696,619.8244009431841,2890759
2019-12-26,613.0958862304688,617.8058415596886,611.0773046124243,615.6611306746806,3821806
2019-12-27,619.824462890625,620.2870395684547,613.011787994226,613.768768983159,3399094
2019-12-30,616.4181518554688,620.6655308137696,611.6661017923799,619.1095257423395,5368416
2019-12-31,614.9464111328125,620.4974350876964,610.1523169892253,613.7268532130446,6927885
2020-01-01,619.7403564453125,622.3897387047475,616.123777690043,618.1844026324181,2112415
2020-01-02,617.9320068359375,623.0624955971197,614.7359621321849,621.4644989125743,5658200
2020-01-03,627.4360961914062,629.1182304975495,617.2592041731061,617.2592041731061,7882938
2020-01-06,621.4224243164062,633.9963880928626,619.4459371079719,627.5201609681819,6519403
2020-01-07,612.2127075195312,624.576351708969,609.8576787837743,620.7074639310664,7899363
2020-01-08,604.054443359375,613.1379584021026,595.7278579583198,609.731646677913,8639443
2020-01-09,611.9185180664062,615.2407442455352,600.7743760824645,606.9982947809511,13521186
2020-01-10,620.8336791992188,624.8287477877989,614.3994955700625,622.7681231962308,9341405
2020-01-13,650.6074829101562,653.9297084159871,635.0056975615051,639.2110333069456,36952038
2020-01-14,652.3736572265625,653.4670340900385,645.2666306119829,647.5795649263063,11414418
2020-01-15,645.5610961914062,650.8598090964978,641.0193642733277,650.8598090964978,6047430
2020-01-16,645.0984497070312,649.7243186423489,639.4212469227776,648.2104081668134,5740586
2020-01-17,645.8134155273438,650.0608458665614,641.1034598393667,648.2104877981894,3762957
2020-01-20,646.3180541992188,651.3224139506946,641.6921849277924,648.967384890237,3887680
2020-01-21,641.313720703125,648.042258100666,639.8418531474128,646.3180806594794,4448374
2020-01-22,647.7899169921875,654.3502303716543,644.2574247618087,646.3180495074183,9733935
2020-01-23,659.6909790039062,660.6582267315861,653.2568462980249,653.5932423472493,12528017
2020-01-24,658.3453369140625,661.4993388475377,650.6495516625163,652.4578666382421,7540490
2020-01-27,654.434326171875,660.0694863204792,651.3224187974897,655.2333502280002,3741610
2020-01-28,654.3502197265625,657.5462645174204,649.3038170037356,656.873421087976,5121009
2020-01-29,664.1907958984375,666.7980837544111,659.6069692687182,661.5834567077947,6832757
2020-01-30,656.6212158203125,664.1908211104117,654.3503239663485,664.1908211104117,3859680
2020-01-31,652.6260375976562,660.195641626236,648.9673648497117,656.4949257895097,6092028
2020-02-03,645.4349975585938,665.2421200893305,642.995882115459,657.714558292072,6416745
2020-02-04,662.634765625,664.35899443358,647.7058229908439,647.7058229908439,5771311
2020-02-05,659.8591918945312,661.0787494728322,651.3223915157496,656.8734139163893,6310409
2020-02-06,648.757080078125,661.7515769003892,647.6216600391936,659.690952260605,7341622
2020-02-07,653.7615356445312,655.0651795602332,648.4628224594617,652.6261154386838,2853344
2020-02-10,650.313232421875,654.3503451067559,647.411540033323,650.986075980243,3827682
2020-02-11,650.6074829101562,655.2753953206621,646.9488613454889,655.1913091396193,4312817
2020-02-12,656.9154052734375,658.7657630394906,651.9110460884273,652.4998032868976,2948825
2020-02-13,666.3353881835938,667.8072555604587,657.8826743719583,660.2376519080102,4387430
2020-02-14,661.4573364257812,672.1809436589497,659.9013312421273,668.2279173923379,5321680
2020-02-17,663.9805297851562,667.3447986787821,658.8079458273388,664.695416391184,2929629
2020-02-18,670.8772583007812,672.0547215548595,659.1023177519982,660.2377379139069,5083346
2020-02-19,673.232177734375,676.9328422135535,669.6155994322401,672.8536872683541,3985192
2020-02-20,670.3304443359375,677.9841340197113,667.6810625728916,675.5871134414577,4564569
2020-02-24,669.36328125,682.6100890694331,666.2513738141197,672.9378166933391,6627536
2020-02-25,671.508056640625,677.9001466709008,668.9848551021477,672.0126764144537,6996695
2020-02-26,658.3453369140625,674.073303489259,656.4529357539774,667.7652996223086,8760569
2020-02-27,654.2241821289062,656.6632978452946,649.4721826603213,654.3503627584234,5223386
2020-02-28,615.4088745117188,636.5196404921938,607.2925555769194,630.8003938548435,14123957
2020-03-02,623.2728271484375,644.1733774955193,617.1330469651554,619.8665153162788,9821523
2020-03-03,628.2772827148438,638.370090469299,623.4411456658339,635.005821217814,7826587
2020-03-04,638.1595458984375,640.472480002188,627.0574519335045,634.0803917402294,11013444
2020-03-05,634.6691284179688,650.6073581026538,632.2721080367596,642.3649118896909,7755293
2020-03-06,621.5065307617188,625.7539092606012,613.221989199878,623.2307080135826,9216022
2020-03-09,592.4896850585938,610.4884888671276,586.2237253599098,609.353068899935,10308654
2020-03-11,576.9720458984375,585.3406740322644,562.7159479085041,580.8830285510021,16165009
2020-03-12,530.8816528320312,563.5150515187185,527.7696937731281,561.832917036573,13965574
2020-03-13,540.2595825195312,560.9919128771215,479.4083813192792,497.9118627035321,16903113
2020-03-16,490.46832275390625,523.2699411824093,487.8189407315845,523.1437605776648,19140152
2020-03-17,466.750244140625,497.9117730484286,462.58695131188466,494.6315904961684,16059887
2020-03-18,449.38214111328125,486.1367836379627,444.0834286519798,477.72611264076613,15390183
2020-03-19,458.84417724609375,469.3154736179433,428.31344971314985,428.31344971314985,16583991
2020-03-20,492.1925354003906,519.3169525834973,460.9048253129434,462.16642611215764,21354894
2020-03-23,442.77984619140625,471.79666514742166,433.90659732831216,454.1762967028495,17146150
2020-03-24,496.0613708496094,505.607513341951,439.037031100093,439.037031100093,20027097
2020-03-25,509.8549499511719,534.0776751888671,475.79172814778747,502.11712139803734,18339548
2020-03-26,540.8062133789062,547.4085704111733,514.8172161834398,517.2563316143504,14843813
2020-03-27,548.9645385742188,567.6362395542232,540.1753765977544,559.3516973334354,13495283
2020-03-30,527.0968017578125,558.0480631150446,522.3867948402923,525.7510634950928,14624804
2020-03-31,539.5444946289062,556.7863685804145,532.9841821240443,546.6935643161171,15175521
2020-04-01,506.9952697753906,536.1803102637381,499.5938890928006,533.5309281968041,13083824
2020-04-03,492.6130676269531,509.6867214617925,489.62728934406925,507.5840534689633,10221655
2020-04-07,537.4419555664062,541.8575584877266,515.4901215771391,517.2563422117995,15145605
2020-04-08,531.2178955078125,551.4455978814304,526.8022937674407,529.8722088446091,11806896
2020-04-09,535.1290283203125,549.0486807939698,531.6385787608582,544.0022773834835,11931114
2020-04-13,536.0962524414062,548.1235031036816,526.5501089450446,529.0312674456261,8330276
2020-04-15,537.4839477539062,549.4691545480491,534.5822558420756,547.8711577762954,11963447
2020-04-16,524.69970703125,533.9935398591708,507.5840115180687,521.419576034334,17783287
2020-04-17,528.8209838867188,543.3293925897739,526.5080491659418,541.6472582473906,8878320
2020-04-20,549.46923828125,555.9454665396447,537.4419865640439,538.2830538356621,13322913
2020-04-21,532.563720703125,543.7499033433327,528.0219376355332,528.0219376355332,11660575
2020-04-22,539.8389282226562,542.488310271803,528.2322118512158,532.5637281957789,8266728
2020-04-23,571.3369140625,574.995587025574,536.6849366494273,544.2124980318446,14451289
2020-04-24,553.4221801757812,567.7203216088942,550.7307550508507,562.2954282688096,7319940
2020-04-27,558.9732055664062,572.7667273161079,555.9874274603991,555.9874274603991,7183306
2020-04-28,555.6930541992188,569.4024379327346,549.2588702234253,566.0381694663669,7296571
2020-04-29,569.0239868164062,573.6078131857772,553.4222009915563,560.15073838963,8639056
2020-04-30,601.7835083007812,605.5683102397799,587.1489202694552,588.7469682886748,16253821
2020-05-04,566.626953125,589.7562999093207,563.8093473522927,580.168113799409,9122740
2020-05-05,566.626953125,576.6356214781432,563.5149943816311,573.3975334622045,6393053
2020-05-06,560.0665893554688,573.1451721883653,558.5105844559789,569.318327239592,7934250
2020-05-07,559.267578125,567.1735780601467,557.1649103760788,559.7721978508764,4779548
2020-05-08,567.0474853515625,572.6826455488828,562.2533923080315,565.4073941347407,8400321
2020-05-11,574.36474609375,587.5274154760135,570.2434967485754,574.0282987181456,7370186
2020-05-12,578.35986328125,581.1774177829448,568.1408765736312,570.6640780980144,7356039
2020-05-13,583.826904296875,588.6630414165714,575.0797835812929,584.3735672574265,8287101
2020-05-14,553.5484008789062,564.9868943201093,548.8804368286982,554.2632874684809,16888262
2020-05-15,548.6279907226562,559.1413281630515,543.9180360832213,559.1413281630515,9255353
2020-05-18,558.384521484375,563.9775874320625,549.21686868607,554.9781583367356,10435442
2020-05-19,562.33740234375,567.552028258066,550.8989111349637,558.4685144940701,5902208
2020-05-20,563.136474609375,566.0381664128967,554.8099410008298,562.25336440865,5794636
2020-05-21,565.3652954101562,571.46303167509,559.6460495941161,560.5712028383799,7213225
2020-05-22,582.3128051757812,585.2565401219556,566.4587103566795,567.720311047897,11867731
2020-05-26,572.3883056640625,588.28449719359,571.0846616959029,582.859603174169,7099606
2020-05-27,593.330810546875,596.484812249405,567.7203064553988,577.0140878719212,8774636
2020-05-28,594.9708862304688,597.1576401535042,580.3362981773491,594.634438857081,9440091
2020-05-29,589.0885620117188,597.4432084902894,575.4056904787728,590.3673360247687,28290128
2020-06-01,596.3775634765625,602.4304583583724,589.5148200132496,595.6955610762953,12276438
2020-06-02,603.6665649414062,606.693038399021,594.6725314563955,597.1874640887264,7059304
2020-06-03,598.0826416015625,606.9062141918644,593.3511877952305,605.8831844958719,11378568
2020-06-04,603.3681640625,604.8174515852697,594.6298755684829,598.4661973463441,10782424
2020-06-05,599.7875366210938,606.735561852459,597.2726043698574,602.728726812084,7718679
2020-06-08,614.5360717773438,618.7560359307533,600.1711995336993,603.2829034128403,10719105
2020-06-09,611.7654418945312,621.99563357861,609.5915365683536,613.8115010447252,10078029
2020-06-10,610.2735595703125,613.3426483993511,604.6043593738111,609.5489417815735,7263049
2020-06-11,600.1286010742188,608.1848870428197,596.9742817173634,606.9913439239739,8825715
2020-06-12,589.983642578125,592.6264731974438,575.8745142565444,576.1302586304287,9795316
2020-06-15,586.1473999023438,600.5123265681375,584.1866233935939,590.7936227825764,7857344
2020-06-16,597.7842407226562,606.9914032871766,596.0365932968477,598.4662431286489,10131760
2020-06-17,599.8728637695312,605.5420635672415,595.0561278809,596.6759289850708,7291916
2020-06-18,608.6111450195312,610.9128964105056,601.876248339466,603.7517937976373,6670195
2020-06-19,601.4925537109375,606.9060606338522,597.6136169604639,604.4337438301982,22438862
2020-06-22,599.9154663085938,604.1780459298948,596.7611469821425,602.8139892310129,7804096
2020-06-23,614.3656616210938,617.6478273297574,590.0262887724396,593.0953775196116,12157390
2020-06-24,608.8244018554688,619.6086994461257,604.7749503257483,611.168821162149,10220838
2020-06-25,597.1875,601.5353110924012,591.2198875802998,600.8959240474334,14945284
2020-06-26,637.8524169921875,640.7509398784986,605.2862986844485,605.4568122738649,26030458
2020-06-29,623.8285522460938,634.8686443085215,622.4218801020619,626.9402563060698,8954428
2020-06-30,627.4092407226562,629.9667890492381,617.4347918422964,624.7237941663637,10411290
2020-07-01,623.9564819335938,632.8226171237593,622.1235517180992,628.5174217254794,5477468
2020-07-02,645.0135498046875,652.5583472155681,626.94025321164,628.6026176947248,17263756
2020-07-03,650.2139282226562,651.3221885556562,641.5182550891772,643.6495449731943,7796572
2020-07-06,651.3222045898438,660.6998803103781,649.1909146533586,652.3452341660457,8810958
2020-07-07,677.025634765625,679.4126692737071,652.6436447732398,655.9258627511214,19362533
2020-07-08,660.444091796875,669.1397645634188,658.3128020027929,669.1397645634188,8476642
2020-07-09,666.4116821289062,673.487553614625,660.6998152548535,664.9623947081107,6854166
2020-07-10,666.5396118164062,673.4024072228784,659.4211240508266,659.4211240508266,5206452
2020-07-13,679.497802734375,686.5736744543672,670.1201276267259,671.7825440752249,10804688
2020-07-14,667.7330932617188,687.4688575912256,666.1132922029575,676.0025080790534,8961822
2020-07-15,708.3981323242188,723.3171613073787,677.5796602113422,681.1602375739893,30060599
2020-07-16,776.64208984375,814.5790525199815,762.3624465892135,767.349644464732,90432109
2020-07-17,769.9498901367188,784.2295339513297,760.5722136017504,776.6421203051116,31682878
2020-07-20,796.505615234375,805.6275460032164,773.0188119983243,774.5107148612932,18421053
2020-07-21,798.5942993164062,809.6343910427079,792.1578144363707,805.627555755542,12877784
2020-07-22,782.5243530273438,800.512417419017,775.7894567106554,800.4698020313803,14354201
2020-07-23,774.0419311523438,780.7341610993074,767.8185746099248,780.6063149163126,13051307
2020-07-24,786.7442626953125,789.2165795721606,770.0349721831532,770.0349721831532,18209580
2020-07-27,808.5689086914062,812.2773329278835,783.1639392163061,785.6362046961398,16827870
2020-07-28,820.8449096679688,824.8517447859435,802.3879717392343,806.4800376334346,15818463
2020-07-29,813.42822265625,818.4154208134515,804.4341365611746,812.6609373858569,11152710
2020-07-30,819.6515502929688,829.1997402687743,817.3497465972956,820.1204237044051,12492320
2020-07-31,823.5303955078125,840.9643568338954,812.7034326964146,826.3010723042933,12704346
2020-08-03,815.7726440429688,823.0190306010745,807.7163568157961,818.4154230331327,8479792
2020-08-04,809.7622680664062,827.5372571462865,801.8338800032506,818.7989685101674,11133170
2020-08-05,805.371826171875,819.2252103215355,799.9157032934003,811.5951821831875,9614176
2020-08-06,827.6651000976562,830.6915733865991,803.4962934115978,812.8739689845713,10976491
2020-08-07,810.6575317382812,826.4716940391913,809.0377304319395,826.4716940391913,8010948
2020-08-10,811.041015625,815.6872378870407,805.8833046142795,808.9523932066882,5716319
2020-08-11,808.5689086914062,820.1204914859995,806.5654646283069,809.8050674480498,6802442
2020-08-12,814.1101684570312,817.3923342591754,803.2405894056235,808.1851718223195,6908726
2020-08-13,810.9130859375,825.6615997178214,808.3981537763802,813.982122180381,5097703
2020-08-14,812.959228515625,820.9728996474734,811.6378391357582,814.8773894961097,4663873
2020-08-17,816.2840576171875,829.0291820305367,813.3854824477792,813.3854824477792,9008210
2020-08-18,824.851806640625,826.2584787879165,817.3070612084666,821.7401546068832,6141761
2020-08-19,817.8185424804688,828.2618628941742,816.2414087823889,827.7077587453504,6622744
2020-08-20,814.28076171875,823.1042824102327,810.9985435620866,817.4776970465991,5656501
2020-08-21,808.8671875,821.3565679775162,806.9490264594328,821.0155407569249,6513773
2020-08-24,807.6737060546875,811.595258971633,800.683064215679,807.3326788299753,5798574
2020-08-25,799.7451782226562,808.7392629683003,795.9088565131773,807.7588488291673,6233918
2020-08-26,810.572265625,813.5134564611279,800.0010976204253,802.4307475965802,5153601
2020-08-27,807.375244140625,819.22523701272,805.7981103994258,818.415336429356,6154280
2020-08-28,797.3155517578125,812.0214520709077,795.4400062387288,811.1263207194082,7593610
2020-08-31,791.6463012695312,810.3164216452781,779.7110778050032,797.31555322856,12808355
2020-09-01,779.3274536132812,797.1023898352681,777.5797543403642,789.64287549189,6907773
2020-09-02,787.7247314453125,789.7707905221844,778.7733140425248,780.0520879572088,5678118
2020-09-03,797.5714111328125,809.3787901037493,787.724860779756,789.8561509874935,8827948
2020-09-04,783.5902099609375,792.4137309608367,779.583373803288,780.052247261071,8650342
2020-09-07,788.6198120117188,790.7511017323242,778.3896213528129,783.3768705190938,6700385
2020-09-08,800.7682495117188,811.5952128631155,789.0461547881181,792.7972459130488,12891964
2020-09-09,790.9216918945312,806.4801083613328,789.4297889456599,797.1024326827127,5528947
2020-09-10,801.4076538085938,803.070070411996,788.4067848343019,797.3582028166012,5171884
2020-09-11,806.224365234375,813.4281356054228,793.6923700376182,797.0172031422388,6671903
2020-09-14,834.1016235351562,844.885919046928,808.4408623049452,815.8577614521076,21871587
2020-09-15,837.55419921875,847.4007467852716,828.3470385336057,835.0392670786455,11608203
2020-09-16,854.0079345703125,857.3327679066014,837.1707429478881,840.5808070739487,10059251
2020-09-17,861.8936157226562,870.4187751264412,848.2533606766004,848.2533606766004,15628241
2020-09-18,854.348876953125,868.5432362481778,851.748661688465,861.8936222694053,12897633
2020-09-21,860.9558715820312,878.943937164553,852.9422009050778,853.3684588765447,14140637
2020-09-22,858.9098510742188,871.6975907924453,845.0138509871017,860.1886250460414,12625762
2020-09-23,869.3532104492188,884.05911177822,859.4213780136444,869.6942376702272,13486204
2020-09-24,831.5440063476562,860.1885189707698,826.940399803416,855.0734237142539,14427432
2020-09-25,862.2772827148438,865.2184731991076,831.2030654016025,831.885067766525,13311078
2020-09-28,861.3822021484375,866.2841692334301,851.2372407591603,865.1332413934064,8554526
2020-09-29,860.1885986328125,876.3864017785245,856.0112496397511,867.8612422281498,8708463
2020-09-30,859.5492553710938,872.9337669524186,856.7785783763444,860.188642369882,8048817
2020-10-01,867.5629272460938,875.1076730243029,862.5330620383229,870.0778078165321,5563358
2020-10-05,894.0335083007812,899.3191700634624,867.9039235150535,867.9039235150535,14212509
2020-10-06,900.0436401367188,903.6668326260212,879.2422318553475,899.4042532268419,9090819
2020-10-07,909.2510986328125,913.8972698049645,882.7804317938813,890.7941040402542,9284008
2020-10-08,932.3966064453125,958.227880070405,927.878334575502,929.2423392141828,21482613
2020-10-09,943.564697265625,949.106050953421,927.9209462934899,933.590198187459,10567867
2020-10-12,965.1332397460938,971.8681362404349,948.082921566437,957.3753657877267,14633537
2020-10-13,987.0430908203125,994.0763479941307,968.0746093515298,968.0746093515298,17523825
2020-10-14,969.3106079101562,993.0958230601151,964.2807431331294,990.6235060612152,16649573
2020-10-15,944.80078125,1011.0838949357095,931.3736553265284,1005.9687993458155,44288251
2020-10-16,961.2118530273438,968.415572072939,935.1248825301815,949.5749880509273,18365685
2020-10-19,959.8477172851562,971.0156552814246,950.8110691380568,967.6055915227543,12902123
2020-10-20,969.737060546875,975.8751348198377,946.2928678743132,953.8802819526327,10448776
2020-10-21,978.9864501953125,984.101544744929,967.6053856357887,972.8483783625187,19811433
2020-10-22,962.5333862304688,987.21368677303,958.0576765106429,973.5734285792748,11271335
2020-10-23,967.229248046875,978.0001750852589,965.2043348006257,976.2768267591174,9069862
2020-10-26,958.5693359375,973.3470681820671,950.5558297055002,967.0137844157754,6309368
2020-10-27,939.957275390625,956.1998129434361,928.1523809828644,952.7531161604592,10172479
2020-10-28,927.635498046875,951.9346709266639,922.0346151674694,943.9641837521251,7608392
2020-10-29,926.17041015625,932.3314011732425,913.4607168408107,921.9913116962749,6935616
2020-10-30,913.8917236328125,933.7102321444144,906.7829107971291,923.7148314972719,8800386
2020-11-02,923.9733276367188,930.5650514106525,905.7057706771407,917.6830636243235,7183119
2020-11-03,915.5718994140625,930.0910876342429,911.2204029336852,923.7146779620905,7204782
2020-11-04,942.6284790039062,961.6284377922875,919.2341078775322,920.2680748764902,15702690
2020-11-05,951.288330078125,967.6601401066434,946.9799590179886,956.3722289660541,9568890
2020-11-06,958.8280639648438,966.0230232326201,940.6897781286392,954.7351110968742,8807127
2020-11-09,979.3357543945312,987.4785326817189,966.0659520283349,973.0886170804454,10160320
2020-11-10,940.1296997070312,959.7758088100804,928.8848090632657,959.7758088100804,15622869
2020-11-11,967.229248046875,970.5466725377303,936.6398152578646,944.394882725501,12514800
2020-11-12,963.13623046875,984.0318275064304,959.6895340501636,972.054536414877,9180976
2020-11-13,968.6941528320312,976.2769283298909,962.4901402863973,965.0751630445524,6363212
2020-11-14,976.6646728515625,982.0071165108313,974.6397593258476,979.7236586265789,1136144
2020-11-17,968.26318359375,986.6168847463703,958.7417475112447,986.4014662125829,12813968
2020-11-18,956.9321899414062,976.0181866321086,949.0908716792846,972.3991975763787,9839468
2020-11-19,945.0411987304688,960.5082088719068,942.4993018609314,947.8416399393806,10092343
2020-11-20,950.7282104492188,955.5966907311198,940.1727014668417,953.0116681231907,8063554
2020-11-23,982.1793823242188,986.4447330138761,949.5219068964183,952.1500554582732,10546363
2020-11-24,982.351806640625,995.1476486831826,976.578525844003,986.6170522598613,8515426
2020-11-25,961.3267822265625,985.3243861608058,957.5353949463887,979.7235042106132,8958701
2020-11-26,959.2156372070312,965.0319378135229,946.3767763124209,965.0319378135229,10962256
2020-11-27,947.8414916992188,965.9366474498403,940.0864249489524,963.3516251997514,25306145
2020-12-01,980.4560546875,982.5240939885103,952.1932015231857,952.1932015231857,8933802
2020-12-02,983.084228515625,988.7281320617266,965.9368889329231,977.1386548170694,6741637
2020-12-03,970.6328125,988.340258507969,967.4015344098475,988.340258507969,16212632
2020-12-04,977.6987915039062,979.7237051257265,960.7668700221504,969.3836132510487,10564055
2020-12-07,985.324462890625,993.5103679168261,978.8619062909926,988.5988669750417,7792141
2020-12-08,993.8119506835938,1005.5738249429021,986.6169919105595,986.6169919105595,12308330
2020-12-09,1012.6394653320312,1016.3447064204707,996.9570371585288,1006.4785790255509,10039346
2020-12-10,1006.2200927734375,1009.5806433431113,990.9253750284335,997.3017854351504,9488782
2020-12-11,1002.2994995117188,1009.8391496053179,995.449230929189,999.2836394742791,10574009
2020-12-14,1003.4629516601562,1010.3993673798337,989.3744912538539,1007.6420514093185,6728187
2020-12-15,994.8890991210938,1002.7303140043028,992.6487670380124,996.0954641457832,6905926
2020-12-16,1004.4535522460938,1007.2109727403913,994.027315677097,999.5420514808553,7788404
2020-12-17,998.852783203125,1007.2110868292062,996.2677603633811,1004.6260639894623,6658153
2020-12-18,1025.2200927734375,1029.7007569220882,1012.9842549777642,1019.2313934611827,15995676
2020-12-21,1014.4490966796875,1042.4103829179542,992.6918227233508,1023.6689687179414,10858352
2020-12-22,1051.6734619140625,1054.5600497238047,1013.415102729625,1018.4990020339384,10901851
2020-12-23,1079.720703125,1084.718349470312,1060.3330371311058,1066.7524666862673,15878346
2020-12-24,1065.0723876953125,1077.0065537760643,1056.4125203121318,1077.0065537760643,7313885
2020-12-28,1068.734619140625,1075.3694688214343,1065.0293777750744,1067.1404376231014,4607051
2020-12-29,1077.351318359375,1080.9271822212474,1064.1676607314378,1064.1676607314378,6878105
2020-12-30,1074.3355712890625,1079.9364543014929,1066.8820674740116,1079.6779099346707,5194690
2020-12-31,1082.0904541015625,1084.3307858845285,1067.6142861142157,1071.0609827602664,7430470
2021-01-01,1086.0972900390625,1090.4487871704575,1082.0905888370053,1083.9000837645226,4253550
2021-01-04,1110.0518798828125,1111.5598098574253,1086.700528170064,1093.4646501620718,7208454
2021-01-05,1114.834228515625,1119.3148927096533,1098.6778357224719,1104.6664299105278,8145280
2021-01-06,1104.75244140625,1121.8997785672482,1092.6459823290795,1120.1764302130741,7161715
2021-01-07,1087.56201171875,1118.1514429822316,1081.8318577831321,1116.729659647104,10954918
2021-01-08,1130.6025390625,1134.6524703484326,1101.4348924983926,1101.4348924983926,13186251
2021-01-11,1185.8360595703125,1191.997051488517,1154.6434938259667,1156.452988712158,20528626
2021-01-12,1182.001708984375,1187.3871733045153,1171.8770360625115,1187.3871733045153,8309868
2021-01-13,1195.2716064453125,1200.1400876037974,1171.8771265943435,1183.8112954127628,14442997
2021-01-14,1180.9244384765625,1192.5570396581995,1136.074256291206,1171.8768597797336,27521697
2021-01-15,1158.90869140625,1175.7113385699836,1154.6434461232384,1171.8769303937345,15018441
2021-01-18,1130.5594482421875,1154.643195202522,1125.3462783093237,1152.9198471499808,8861765
2021-01-19,1134.5233154296875,1146.8883187154604,1130.5165095076513,1137.4099028583078,5585744
2021-01-20,1154.16943359375,1161.8814805840243,1137.883875806407,1137.883875806407,8225838
2021-01-21,1154.3848876953125,1172.7817160773957,1150.3350610151126,1163.2601740602263,6142421
2021-01-22,1155.3758544921875,1168.430239935515,1143.0539762822382,1143.4416876065104,9646591
2021-01-25,1141.8043212890625,1161.4505327125012,1131.3780857852798,1158.9516568021336,6542611
2021-01-27,1121.0379638671875,1143.9154524750704,1107.337325131923,1137.0650805150267,8133665
2021-01-28,1099.66845703125,1117.117357757531,1096.523430677832,1113.1106572941733,4660690
2021-01-29,1067.6573486328125,1112.550548750536,1060.720829969721,1108.3283245723426,12183519
2021-02-01,1086.48486328125,1101.1763431636662,1069.337528134791,1077.566557633126,8880279
2021-02-02,1095.4033203125,1115.351098962238,1088.8114916842712,1102.9429695181907,6892490
2021-02-03,1106.949951171875,1123.6233284520413,1096.9114241713562,1100.91823085043,8182968
2021-02-04,1102.3828125,1114.4893764883388,1096.0926542603552,1107.251292527457,5032240
2021-02-05,1096.1357421875,1110.4826388299136,1087.4328536980415,1108.4577254721191,5477481
2021-02-08,1123.2354736328125,1128.7932302881572,1099.0654696431639,1107.682211859104,6921922
2021-02-09,1124.958740234375,1147.7499796635198,1118.3237860998943,1126.1219793119321,7965949
2021-02-10,1117.16064453125,1123.924766232091,1106.0450258741864,1116.5575146413062,5951207
2021-02-11,1113.8431396484375,1116.7297270881256,1105.5710886329,1110.6980078831743,4673317
2021-02-12,1128.620849609375,1140.6411619904115,1121.5120378349307,1124.4847715939468,5797875
2021-02-15,1128.4915771484375,1144.6479675405958,1126.2942659811706,1137.4098836079422,4363513
2021-02-16,1111.904296875,1137.1944110642016,1108.1129097393925,1132.2397849125675,6896421
2021-02-17,1104.063232421875,1115.4372901782608,1098.6346427016474,1111.9044468739928,4575741
2021-02-18,1113.6708984375,1125.3466271870793,1098.6347240915209,1099.496398384926,6437551
2021-02-19,1112.6800537109375,1119.7457408210937,1100.1857764951576,1116.816027195596,5389696
2021-02-22,1090.1903076171875,1127.5439735379998,1085.7096432270175,1115.8682444277679,7371303
2021-02-23,1091.180908203125,1112.4211944951671,1083.5982397016564,1095.316985701977,6612942
2021-02-24,1098.03125,1100.0130371427626,1078.8158772058725,1085.7523951675848,4537258
2021-02-25,1098.2469482421875,1119.9610970869585,1096.049636849095,1110.2241360693142,8788221
2021-02-26,1079.9365234375,1098.031685097625,1072.5691655447913,1093.4647688904117,15132388
2021-03-01,1091.7413330078125,1106.8206331874785,1084.8479386399652,1088.5531801866234,5756286
2021-03-02,1124.053955078125,1128.793163014445,1102.2535564971179,1104.8817047902842,10461434
2021-03-03,1157.70263671875,1160.675371208034,1127.0700709280686,1136.7207817550382,9056399
2021-03-04,1146.3282470703125,1175.194332673044,1142.4938389671688,1150.3350531237788,12041941
2021-03-05,1134.5662841796875,1154.643333469925,1124.527864719399,1144.7340809811906,6486176
2021-03-08,1150.9813232421875,1159.8996302572925,1134.9972246111543,1141.5460327392925,5119392
2021-03-09,1159.42578125,1163.6479007526516,1136.33287023034,1145.5958680350614,6518173
2021-03-10,1178.8994140625,1183.94018639556,1167.5683788689837,1169.2055806586063,7925984
2021-03-12,1184.6727294921875,1199.1919184391575,1180.5367565245792,1183.0786532905622,9462061
2021-03-15,1183.5955810546875,1189.0241702261578,1170.5843225404135,1180.4935751787755,6658635
2021-03-16,1192.5570068359375,1211.513837869457,1189.5411473533322,1194.323480892539,9352771
2021-03-17,1195.1422119140625,1206.3439774186643,1190.8338405661386,1199.6660018293824,7626744
2021-03-18,1152.1446533203125,1200.9585220891945,1131.809161445135,1200.9585220891945,10961755
2021-03-19,1158.47802734375,1167.741026522775,1135.68678306558,1146.0268751723984,12767112
2021-03-22,1181.18310546875,1185.6637695004824,1151.2829458450037,1163.3463853602702,4862758
2021-03-23,1181.8291015625,1191.9106460118596,1171.5320334128635,1182.60452407028,7165335
2021-03-24,1166.491455078125,1180.8813722284217,1160.028898540296,1170.0242982818368,6134303
2021-03-25,1149.3011474609375,1165.4144137321318,1143.958704043089,1160.4597868345645,8749994
2021-03-26,1151.3690185546875,1169.0333395716661,1147.750029005632,1158.6932492202639,4922071
2021-03-30,1193.677490234375,1206.3440607988207,1151.326175920074,1160.5891749583507,10546381
2021-03-31,1178.813232421875,1196.0035877365226,1174.7202806626901,1190.8335434091314,8220987
2021-04-01,1193.5909423828125,1199.1056777574358,1181.3552120200663,1189.1102790573973,5675155
2021-04-05,1214.874267578125,1227.8855247330691,1195.1419107401873,1198.5886069499645,9479572
2021-04-06,1215.8653564453125,1228.747342967001,1211.9015711911009,1226.162320506341,5793571
2021-04-07,1232.3662109375,1236.4591627636812,1212.0307239538593,1215.1758553414684,5879234
2021-04-08,1240.681640625,1250.8924593912707,1224.4391021437357,1232.1941703487278,5654434
2021-04-09,1241.7158203125,1253.736134996775,1232.2374027970604,1253.736134996775,6052712
2021-04-12,1228.5321044921875,1273.1668742622135,1219.2691059838298,1270.1078884948163,20384532
2021-04-13,1203.88818359375,1236.7179510500807,1184.8020781702567,1234.7791840130749,14855206
2021-04-15,1172.5228271484375,1177.3913060015952,1137.4096136953426,1148.0082453514271,25342491
2021-04-16,1166.491455078125,1181.226062947407,1160.3304634750934,1176.1852898848683,10879878
2021-04-19,1174.0743408203125,1188.8519706818274,1148.0517142642886,1154.6435435911633,12508028
2021-04-20,1164.4234619140625,1188.2487756609848,1156.7115195484307,1188.2487756609848,8560766
2021-04-22,1164.2080078125,1176.013007638109,1159.0810883205606,1168.0425211701513,6622446
2021-04-23,1149.3011474609375,1161.8815703725743,1146.8884175064454,1157.2285084231075,7316262
2021-04-26,1157.70263671875,1164.3806130564353,1138.271837688057,1147.9656743072778,7088606
2021-04-27,1161.9677734375,1165.8453077203837,1154.7728141940079,1159.8135877247869,3636115
2021-04-28,1168.43017578125,1171.4460353795055,1158.6070691956795,1170.1535241231102,4879234
2021-04-29,1168.7318115234375,1179.6320114831685,1164.4665661928148,1178.7703372600251,5412357
2021-04-30,1167.00830078125,1183.854071574896,1159.7271966822093,1160.0718873604987,8354677
2021-05-03,1165.0264892578125,1172.7384302483372,1152.9199262838172,1155.332655796906,4560337
2021-05-04,1145.509521484375,1167.5252307041808,1140.9426068721798,1166.706682417477,4887060
2021-05-05,1155.935791015625,1158.003829867303,1144.1308980639017,1155.5911003428744,3939788
2021-05-06,1173.2554931640625,1175.9266619728828,1152.403020957983,1158.951723413913,4810090
2021-05-07,1165.4573974609375,1183.1217172904696,1161.967575128,1176.4437427207686,4991435
2021-05-10,1154.255615234375,1165.7589437563593,1150.3780816751782,1163.1307956034163,7195348
2021-05-11,1146.5870361328125,1155.5053449393317,1141.8047012442423,1151.9725010141478,6420988
2021-05-12,1143.4415283203125,1146.0265506149326,1132.6706020927286,1146.0265506149326,5241898
2021-05-14,1134.307861328125,1143.3123140362059,1129.913344241812,1143.3123140362059,4824609
2021-05-17,1145.509521484375,1150.291749427704,1137.6683085405425,1137.6683085405425,5017129
2021-05-18,1154.6435546875,1158.6072354054272,1145.5959745947994,1152.9202060984142,5620150
2021-05-19,1152.058349609375,1169.6795440720994,1148.8270715158558,1156.3667204007338,4435878
2021-05-20,1154.0404052734375,1162.4847501064953,1150.3351637955125,1161.8816201844372,4490092
2021-05-21,1167.1378173828125,1169.7228402341586,1160.1151509330189,1161.1060973963379,4969733
2021-05-24,1161.580078125,1174.46206679099,1159.038075837983,1168.9904560421035,4225371
2021-05-25,1173.2554931640625,1178.7702287213629,1167.0945019989106,1170.153487283341,4099340
2021-05-26,1203.974365234375,1206.3439694601002,1173.6434732190312,1178.6842466258772,6850024
2021-05-27,1208.28271484375,1220.346154321598,1199.1920094490051,1209.9629375542268,15365391
2021-05-28,1210.6954345703125,1218.4073769544673,1202.983387001314,1214.7452614296749,4261312
2021-05-31,1213.91796875,1220.6680058856502,1204.5550140134528,1220.6680058856502,4429904
2021-06-01,1208.21337890625,1220.2328456093844,1200.7666255461947,1219.3618728430679,4791325
2021-06-02,1200.7662353515625,1212.3501055873878,1188.877439690679,1202.5952563024946,9272276
2021-06-03,1210.34716796875,1218.4907410067083,1199.372933809797,1208.9971178292371,5115645
2021-06-04,1206.8631591796875,1216.6616005621086,1199.895378641077,1214.09216769656,4194328
2021-06-07,1210.34716796875,1212.3939324384116,1199.5906769729504,1211.5229597857979,5154576
2021-06-08,1230.640625,1238.305225986675,1215.485787648902,1215.8776827694026,7360630
2021-06-09,1232.6873779296875,1241.1357683512133,1223.3679087192618,1231.0325089745763,5394317
2021-06-10,1240.5262451171875,1244.619773572991,1235.9100480756292,1240.2649108243102,3496575
2021-06-11,1260.2100830078125,1264.3036110722962,1245.011549675881,1245.5777030430665,6140828
2021-06-14,1273.1876220703125,1286.4263613244386,1265.9149167591186,1281.2005264104598,7132294
2021-06-15,1283.726318359375,1285.5553392447312,1274.2326973679144,1275.103669819977,5403104
2021-06-16,1289.561767578125,1297.2698523733502,1278.1520499296114,1282.6810640692133,7661710
2021-06-17,1302.3651123046875,1308.7667383776072,1284.7714054916353,1284.7714054916353,7677951
2021-06-18,1309.3331298828125,1320.2202871980096,1295.4846445139028,1314.297631090584,13533974
2021-06-21,1306.72021484375,1311.5105640723955,1292.6974711367075,1300.3620724304985,5454052
2021-06-22,1316.7799072265625,1325.141222942779,1308.287924356051,1314.90729486806,6427862
2021-06-23,1309.2022705078125,1328.2329974366169,1305.2828944498028,1328.2329974366169,5529809
2021-06-24,1358.020263671875,1366.3380934780537,1316.2135841582835,1321.2652671274627,10785137
2021-06-25,1371.0848388671875,1374.3945768272977,1343.9105399521675,1369.1687419344182,9780240
2021-06-28,1368.9945068359375,1376.2671053562678,1359.23955183632,1369.9525552441462,5019178
2021-06-29,1361.3734130859375,1370.6056989957037,1358.020084386749,1359.5878771894832,5913567
2021-06-30,1376.83349609375,1385.7173738759964,1369.2124860237218,1369.2124860237218,6058722
2021-07-01,1359.0654296875,1373.3928839350976,1357.8896381461875,1373.3928839350976,4814317
2021-07-02,1365.5107421875,1366.9477617714929,1343.562171167975,1357.8025504266625,5166064
2021-07-05,1375.221923828125,1380.491349741526,1359.6316018427842,1366.6864575080867,4058338
2021-07-06,1360.63330078125,1382.015719815571,1356.1913619563304,1370.6494852954324,4089574
2021-07-07,1362.723388671875,1367.905738216782,1345.347531910408,1363.9863624372147,4797120
2021-07-08,1359.3702392578125,1372.6525690022825,1349.1363130612535,1365.6847894641999,3326813
2021-07-09,1361.2430419921875,1367.3398499422146,1350.8784472131626,1355.2333100346107,3436594
2021-07-12,1348.1348876953125,1374.3947322658926,1335.8541955721248,1367.9060290680072,4588982
2021-07-13,1345.609130859375,1355.5818313290629,1338.0753026172606,1355.5818313290629,4456160
2021-07-14,1373.4366455078125,1378.575404854763,1339.642867790141,1353.491352701451,5657716
2021-07-15,1376.83349609375,1390.8125422016935,1355.2333335958833,1356.8882027607826,10021355
2021-07-16,1354.7542724609375,1371.4770099793125,1349.6591040738929,1370.6931133844064,6265593
2021-07-19,1342.7783203125,1352.5332765373414,1339.1638693330044,1345.3912379284575,5669162
2021-07-20,1350.051025390625,1356.7138802520703,1339.5557637771587,1339.8170980665798,5069939
2021-07-22,1385.0205078125,1387.3286063361954,1359.936562140339,1359.936562140339,7854575
2021-07-23,1385.2379150390625,1392.2492849010428,1380.5347494609446,1383.583152649655,4179719
2021-07-26,1396.952880859375,1403.7029180573702,1388.4173074229864,1388.4173074229864,4586710
2021-07-27,1395.777099609375,1401.6561643095713,1391.7270559963727,1397.9109398244527,5892859
2021-07-28,1398.4334716796875,1400.1754167381625,1380.9269451059924,1397.9979854150688,4686788
2021-07-29,1408.3626708984375,1410.9755886552064,1393.6432129379934,1393.6432129379934,4660873
2021-07-30,1402.701171875,1413.9367380735853,1398.9124628703291,1402.2656856372244,6234257
2021-08-02,1421.0352783203125,1423.8223478971256,1410.278682485059,1417.4642058801662,5553389
2021-08-03,1441.6334228515625,1444.638341316973,1424.5623856806412,1434.4914919526664,5513668
2021-08-04,1436.451416015625,1463.146744783546,1427.5675389174712,1453.7401991220645,6740391
2021-08-05,1440.19677734375,1451.0403436262031,1434.5354554748603,1436.6692958051754,5420536
2021-08-06,1437.2789306640625,1446.3806580542653,1431.8789431145817,1443.2015868253418,3754855
2021-08-09,1448.6884765625,1452.3029270691816,1433.9690213207793,1446.6851974576966,5018477
2021-08-10,1460.838623046875,1463.233797417648,1446.7289110997303,1452.7821274360933,6846517
2021-08-11,1461.099853515625,1466.7175832036262,1452.7820242183186,1458.7046793150253,4899639
2021-08-12,1471.5950927734375,1477.6048241977232,1458.0079432401938,1462.4934728122273,5659579
2021-08-13,1491.279296875,1500.2503575058986,1473.076053935639,1478.0405554063918,5612790
2021-08-16,1484.4854736328125,1498.0290315167445,1472.0305249977998,1487.359618942514,4564109
2021-08-17,1516.9293212890625,1523.2438721030503,1468.9387563667328,1484.0501084300226,9510390
2021-08-18,1509.7872314453125,1528.9922175200145,1504.1695013711565,1505.9114463640587,6686090
2021-08-20,1509.3516845703125,1519.8469452589354,1494.6758198585792,1494.6758198585792,6206972
2021-08-23,1514.4034423828125,1526.9454677131089,1508.5243779767254,1511.790524868996,6189051
2021-08-24,1498.81298828125,1530.298665061431,1491.7145412231635,1524.2018576309072,7602939
2021-08-25,1511.6163330078125,1521.5018494102508,1496.3307234273852,1496.3307234273852,6153253
2021-08-26,1504.7791748046875,1520.7180143906892,1498.0727289530273,1510.2663441886914,5302248
2021-08-27,1488.318115234375,1504.7794133562086,1485.1825286207836,1502.4278297159194,6698514
2021-08-30,1478.9549560546875,1496.8969690174113,1472.2919948958422,1483.3098187310713,6559667
2021-08-31,1486.2711181640625,1493.7179762587919,1468.3291042613178,1480.7840546962734,12255438
2021-09-01,1461.2740478515625,1488.927423514973,1457.267595791076,1488.927423514973,7801974
2021-09-02,1471.1595458984375,1475.688666436114,1448.122367094647,1460.9256195979472,6830050
2021-09-03,1481.2193603515625,1485.835450675509,1467.0660576377923,1477.2129082319484,5339139
2021-09-06,1507.130615234375,1508.5241497669524,1480.0868805296004,1485.1385628200474,4876026
2021-09-07,1486.4451904296875,1511.0501627608223,1484.13709211518,1506.7823763845429,3520341
2021-09-08,1474.774169921875,1481.393539587416,1465.8031107394431,1481.393539587416,4584896
2021-09-09,1473.337158203125,1476.2114101731731,1465.1065100560027,1468.3726571492882,3331674
2021-09-13,1473.598388671875,1481.9597033775865,1459.0530841826737,1465.8467121859994,4662374
2021-09-14,1468.5902099609375,1477.1256761332663,1462.0143254707277,1477.1256761332663,4945167
2021-09-15,1490.6258544921875,1493.8049254065334,1472.117688719493,1474.7741973936459,4062344
2021-09-16,1482.61279296875,1497.4193240191062,1473.2062483617503,1493.8918432115127,3246568
2021-09-17,1473.0760498046875,1496.3309764686437,1467.1098022407282,1478.0405512615182,7454864
2021-09-20,1470.07080078125,1487.3595823241576,1461.4481524246728,1467.5885506094764,5660743
2021-09-21,1496.722412109375,1503.9515252378576,1467.283610082249,1480.6530145674578,4672222
2021-09-22,1495.37255859375,1514.533951698331,1492.0193360644232,1495.4596345711595,4553892
2021-09-23,1517.7132568359375,1519.8470970516926,1499.030831879671,1508.5244539217945,3826090
2021-09-24,1536.2647705078125,1557.2987769299875,1526.335663082202,1531.169602820424,8280446
2021-09-27,1499.0740966796875,1540.7501027861592,1496.4175884572815,1540.5323596964495,5045337
2021-09-28,1469.417724609375,1489.3630166815442,1458.878978328413,1489.3630166815442,6557197
2021-09-29,1473.9031982421875,1481.872617800693,1441.4594729447897,1445.1611060324121,7792548
2021-09-30,1459.05322265625,1483.2663028944044,1454.6112837647613,1483.2663028944044,6914031
2021-10-01,1450.2996826171875,1462.3190376924388,1446.9028690646644,1450.2560914701553,5733906
2021-10-04,1462.1451416015625,1470.2016375418839,1450.517679535455,1456.7015632635075,2947154
2021-10-05,1474.38232421875,1483.2226102398492,1448.4273005977032,1455.3950807569224,4373310
2021-10-06,1457.6160888671875,1488.492021865943,1454.524093924005,1482.4822902737767,4271698
2021-10-07,1472.814697265625,1484.311493297042,1460.3162614593732,1469.3308067930866,5476108
2021-10-08,1501.4259033203125,1508.0888641225727,1479.2596960117546,1485.2258362951297,4738376
2021-10-11,1472.77099609375,1506.7825168192749,1449.036994022464,1464.975834271688,8840633
2021-10-12,1467.71923828125,1471.0724609335527,1447.5562048973147,1460.6207915841135,7439300
2021-10-13,1488.6661376953125,1492.5420290685638,1463.277374662343,1477.1257522003684,7104171
2021-10-14,1494.3712158203125,1553.4666845714335,1479.0856043938277,1527.6859172658185,19655776
2021-10-18,1560.9134521484375,1566.8795927579404,1515.4922131177411,1515.4922131177411,13438109
2021-10-19,1587.0426025390625,1597.799091923905,1552.3343687944996,1579.944155219386,10324260
2021-10-20,1569.7972412109375,1609.5571565198998,1562.5682333583247,1593.3570895202022,5876115
2021-10-21,1527.3809814453125,1579.9441517799685,1521.4583257794832,1579.9441517799685,8779629
2021-10-22,1497.8984375,1535.6985561548709,1486.7499477946783,1524.1146865515605,7369809
2021-10-25,1487.229248046875,1506.564796489911,1469.5048712675496,1499.858350257659,5905209
2021-10-26,1497.0264892578125,1517.1485436893581,1490.1727607226414,1502.6062654350915,5871709
2021-10-27,1519.2135009765625,1523.7827607577628,1494.785943644436,1501.77149758961,5090259
2021-10-28,1497.202392578125,1515.5230879740864,1486.789920282188,1510.7781326616437,5329972
2021-10-29,1465.4376220703125,1504.8469109760645,1459.5504324355952,1492.8967290645846,5875091
2021-11-01,1493.8194580078125,1500.102016130917,1472.6868855107523,1474.0049226994552,3636806
2021-11-02,1491.9300537109375,1499.4428003412402,1481.7811257877784,1489.3818273621403,3471772
2021-11-03,1495.9720458984375,1509.1084388738689,1492.896626127134,1501.6835397594302,3530713
2021-11-04,1501.4200439453125,1508.713225915456,1498.1689284716672,1506.955843008158,483407
2021-11-08,1526.7261962890625,1529.8016159650406,1496.4113451972798,1520.1360112691098,5245903
2021-11-09,1531.11962890625,1537.7098138226327,1516.621222090208,1524.3097711593211,4016134
2021-11-10,1529.0546875,1538.5444891849152,1513.0624414790395,1516.6211841497086,4780368
2021-11-11,1523.03564453125,1528.7031604047386,1501.6834034382516,1522.7280167723425,4731349
2021-11-12,1564.2464599609375,1566.5750137314162,1527.2097015420263,1531.5591812690018,5069009
2021-11-15,1570.353271484375,1581.6444339073435,1560.1164957791602,1565.9158372510615,4354074
2021-11-16,1574.8785400390625,1589.5086651188797,1561.4345195600592,1572.8575070413654,6034233
2021-11-17,1570.6168212890625,1583.4018234229952,1564.6856546363958,1575.0982330141132,4732492
2021-11-18,1563.5435791015625,1572.3743637688792,1545.6182521663638,1565.4766573762213,4326924
2021-11-22,1545.9697265625,1568.815703789317,1538.7205222501445,1567.5855143323686,6621839
2021-11-23,1526.1990966796875,1535.293531113381,1502.5622768372482,1524.6174092729004,8436160
2021-11-24,1490.2608642578125,1529.3626381136337,1483.231331879238,1528.9232923399727,7333061
2021-11-25,1513.4580078125,1516.7969705965193,1491.0952485220696,1493.7753000534872,4476260
2021-11-26,1486.4384765625,1509.8994963783227,1479.7164652294268,1496.0162352304876,4494181
2021-11-29,1490.5679931640625,1504.3195337185286,1466.667632262169,1485.867016073617,3942776
2021-11-30,1504.8909912109375,1520.048419306774,1493.8194999672771,1497.7736116444519,14808963
2021-12-01,1506.8677978515625,1530.5924639911489,1505.198262855981,1506.9556455329875,5193264
2021-12-02,1536.1722412109375,1538.1492968624316,1503.748507074007,1506.9557521388576,5559574
2021-12-03,1525.0128173828125,1569.913923973845,1522.3767433293804,1556.2502305587047,6754012
2021-12-06,1489.6456298828125,1523.6069679725288,1486.3065595311832,1520.1361797156055,3991449
2021-12-07,1504.011962890625,1515.6546224437207,1488.5030402221907,1494.7417269076518,4202122
2021-12-08,1540.653564453125,1546.3211884129332,1522.4207176698017,1522.7722156867264,3029169
2021-12-09,1549.5283203125,1554.7565985466379,1530.680432518433,1545.6181864523098,2082171
2021-12-10,1545.837890625,1549.7920020405534,1534.1952292347592,1546.496909194259,1823469
2021-12-13,1533.009033203125,1556.470051607841,1527.8687097618824,1552.6917427954177,4040584
2021-12-14,1539.5992431640625,1549.1330239292365,1502.869897706602,1520.927049880741,4768144
2021-12-15,1523.8265380859375,1535.9085444800232,1512.4035502224383,1533.3164478312353,3053149
2021-12-16,1556.6895751953125,1561.9617232986577,1544.7393942801555,1548.8253305126736,4481031
2021-12-17,1599.9654541015625,1618.5498014501218,1587.5759249565729,1599.2185877520203,18887243
2021-12-20,1580.677978515625,1607.6977390246545,1570.4851797435072,1583.1382500746142,5773891
2021-12-21,1591.83740234375,1615.0348779738215,1582.5232944672757,1582.5232944672757,5353584
2021-12-22,1603.3480224609375,1607.258263225774,1592.4962060182195,1603.6116727640501,4156428
2021-12-23,1632.257080078125,1635.771845585297,1605.3691454006876,1609.1035837520574,4112933
2021-12-24,1637.44140625,1648.2053757839751,1629.0938380399784,1645.744996985642,3780347
2021-12-27,1639.769775390625,1647.1068262235926,1621.2294105889453,1634.365802494469,2647733
2021-12-28,1658.9696044921875,1665.9112890142615,1650.5341872777078,1652.5551134343652,3340933
2021-12-29,1656.816650390625,1664.0658546078334,1648.7766024427483,1655.0152900742216,3236635
2021-12-30,1663.2310791015625,1678.124963441618,1646.9752873799528,1655.8940269931556,4584738
2021-12-31,1658.7496337890625,1668.0637408590383,1644.602724183878,1660.7266893716478,4619420
2022-01-03,1668.151611328125,1681.8592826976471,1658.7496564451544,1658.7496564451544,3329616
2022-01-04,1668.7667236328125,1675.3569088558613,1650.1823798513894,1668.1515753213837,3921999
2022-01-05,1620.8780517578125,1672.0618238908942,1616.792115448411,1669.5135974739028,6995719
2022-01-06,1597.2852783203125,1606.2478877431283,1581.6445284122708,1606.2478877431283,6449205
2022-01-07,1594.2099609375,1613.2775227404143,1587.6197749785931,1595.2203703081527,4834389
2022-01-10,1626.238037109375,1643.0649981325935,1593.0674382165591,1594.8248209393573,7857560
2022-01-11,1630.4996337890625,1643.152810574252,1625.710808876999,1629.972440435956,5142287
2022-01-12,1649.69921875,1659.8481478952956,1634.3660958630228,1642.1864712150102,5362535
2022-01-13,1666.7017822265625,1680.4971934061439,1639.9455664762318,1673.907008333963,14277630
2022-01-14,1695.3033447265625,1698.5105900038816,1652.8186341424216,1653.697325601296,7688506
2022-01-17,1704.2218017578125,1716.8749781188799,1696.3135799399108,1703.3870879152166,5262464
2022-01-18,1687.74658203125,1709.0548494342218,1679.574708740925,1688.9327940218743,3690315
2022-01-19,1640.5609130859375,1683.5728166181689,1636.8703446421212,1683.5728166181689,5747770
2022-01-20,1602.469482421875,1623.8217266018507,1595.2642557606387,1620.3069609598556,5533463
2022-01-21,1569.079345703125,1588.6742087714806,1560.5560811826049,1577.2512194384997,8252758
2022-01-24,1526.1112060546875,1554.097504585174,1518.3786791357186,1550.89025964962,7116712
2022-01-25,1513.2384033203125,1528.923023226851,1494.214713216816,1517.1485371127924,9137653
2022-01-27,1474.9713134765625,1502.29859365424,1463.0211322868854,1495.5327130043718,11231734
2022-01-28,1481.6494140625,1517.9833897106614,1475.7622245146904,1477.0802616309584,10998502
2022-01-31,1525.5838623046875,1537.2705000369122,1507.263169309688,1509.591722814184,8788872
2022-02-01,1557.0850830078125,1564.0706364850143,1524.2658745729877,1551.8568050061044,5119935
2022-02-02,1570.309326171875,1575.3179313391013,1557.041107934789,1571.978861227617,4253717
2022-02-03,1527.64892578125,1563.191948829261,1523.6508371388077,1563.191948829261,3832922
2022-02-04,1529.8897705078125,1541.180934987661,1502.694311108858,1521.8936991988624,4700077
2022-02-07,1506.9556884765625,1521.8934416567965,1489.7333592035418,1513.2822233892216,4310209
2022-02-08,1508.9766845703125,1515.742564999081,1490.2605160802557,1502.5621948686542,6053401
2022-02-09,1526.550537109375,1531.5590349384013,1515.7425905156294,1524.5295040838362,3867244
2022-02-10,1554.9322509765625,1558.7106668309207,1536.611557080806,1542.6745490801131,4334630
2022-02-11,1512.535400390625,1534.1511870988509,1505.1983487478708,1528.9230162412698,7551371
2022-02-14,1478.1346435546875,1510.0751620435087,1474.6638553981247,1484.9884794415796,7459637
2022-02-15,1527.385498046875,1534.8543757879354,1485.384001492288,1492.8968567131544,4669915
2022-02-16,1523.03564453125,1542.4985706502596,1517.368021395642,1527.385123479544,5350642
2022-02-17,1515.5670166015625,1536.8313062358195,1511.6129051790003,1532.4378490996394,3937950
2022-02-18,1499.8822021484375,1513.5458959572875,1496.850759804493,1502.5622537515017,5602215
2022-02-21,1520.7510986328125,1526.550547436766,1486.3064401172699,1494.6540080635389,5120890
2022-02-22,1523.95849609375,1538.5887302005694,1485.911220635109,1493.6876185215017,8878515
2022-02-23,1531.4271240234375,1544.9589916131247,1523.12353407133,1537.7097883253055,5478811
2022-02-24,1474.575927734375,1506.9117054360172,1467.8539173756792,1485.0762465850694,13592379
2022-02-25,1489.030517578125,1518.5106587861058,1473.565569428914,1506.9558447051804,9737281
2022-02-28,1507.48291015625,1518.4226821951142,1463.0211477782968,1478.134596610253,15076542
2022-03-02,1496.23583984375,1506.428639183248,1485.8672378574524,1502.5623753614689,6771489
2022-03-03,1512.0960693359375,1523.5630349736196,1498.6521553167977,1511.5248984753623,7344147
2022-03-04,1514.2489013671875,1525.408239012716,1477.0802130071288,1489.6015651994855,9074499
2022-03-07,1528.7911376953125,1538.5885677889987,1490.2605431011661,1491.1392344591268,9742588
2022-03-08,1562.489013671875,1581.644529208251,1509.9872022162124,1509.9872022162124,10984500
2022-03-09,1593.3751220703125,1609.411241059636,1573.7363895823908,1573.7363895823908,10193515
2022-03-10,1604.402587890625,1620.9658987002945,1590.6070690763233,1620.9658987002945,6547182
2022-03-11,1600.9759521484375,1609.2356739028405,1591.3103454120858,1593.9464199765455,4758657
2022-03-14,1661.3416748046875,1665.1200904742025,1609.3671678167375,1609.3671678167375,10289724
2022-03-15,1616.1771240234375,1659.2768725454414,1608.0052511537049,1659.2768725454414,7140443
2022-03-16,1660.1993408203125,1664.1973218230087,1624.7001913365227,1638.7592519430043,5233979
2022-03-17,1629.6209716796875,1689.9871323532464,1610.6852372652634,1689.9871323532464,17731459
2022-03-21,1628.259033203125,1658.002713659227,1617.7586073153645,1635.2445864629065,8362085
2022-03-22,1658.4422607421875,1660.7268370550205,1615.9135731979802,1625.57917912793,5709382
2022-03-23,1645.26171875,1669.5135787574188,1631.7298503960667,1666.8775046856965,6192824
2022-03-24,1657.8270263671875,1664.7687099000984,1630.9830683752546,1630.9830683752546,3784303
2022-03-25,1648.9083251953125,1664.2414466217965,1632.6085574568626,1662.4840638904113,3438588
2022-03-28,1646.579833984375,1652.7306737771728,1627.9076417562392,1639.6381504800765,4008555
2022-03-29,1657.2120361328125,1660.1996084457126,1634.8493821555994,1646.5798912876753,3917785
2022-03-30,1672.984375,1686.208722896825,1665.1201302185948,1678.3005006424887,7795839
2022-03-31,1675.5325927734375,1680.9365660718338,1664.4171256540967,1669.5135784299448,5399145
2022-04-01,1672.6329345703125,1678.564101084847,1650.4459783492766,1657.9587249104113,6171518
2022-04-04,1654.531982421875,1663.362874183329,1645.7890456129824,1660.5071270406477,7364074
2022-04-05,1635.33251953125,1660.3752240705198,1631.8617314560988,1655.278878381211,5472024
2022-04-06,1606.994873046875,1632.1694051083773,1601.1076831042346,1629.9726764339382,5407453
2022-04-07,1591.31005859375,1606.379636923527,1588.2786162958694,1600.1409496978658,5797544
2022-04-08,1594.4735107421875,1615.034912473109,1588.6741685263228,1601.854540499716,5131446
2022-04-11,1552.2523193359375,1593.946182924903,1548.7375537727073,1593.946182924903,8248407
2022-04-12,1531.075927734375,1544.3002774245751,1518.1592058721535,1544.3002774245751,6456184
2022-04-13,1536.43603515625,1544.3002810224598,1521.8936482110387,1542.0595748364601,6257693
2022-04-18,1424.710205078125,1449.8407567425704,1397.1192746792042,1410.738990878907,30523965
2022-04-19,1372.515869140625,1438.1101989357824,1361.9715730908893,1438.1101989357824,17044923
2022-04-20,1395.0982666015625,1402.6550983089535,1373.3946323351558,1383.9389289365774,10678747
2022-04-21,1422.42578125,1429.8067037193202,1396.4604056492583,1401.5128815545488,7766514
2022-04-22,1393.1212158203125,1415.3081733294175,1390.4412714487692,1409.728504477574,8134245
2022-04-25,1371.7252197265625,1382.0059741881291,1365.5743794932316,1382.0059741881291,7000570
2022-04-26,1389.2110595703125,1398.8766646653621,1376.5140121457584,1385.8719894508067,5345435
2022-04-27,1364.4320068359375,1381.961856821622,1362.2791486149092,1381.961856821622,8819356
2022-04-28,1390.616943359375,1407.4878820528004,1368.5178339093395,1379.5454535287045,9245177
2022-04-29,1377.3927001953125,1403.5337684574995,1371.4615334467492,1397.1192785504973,9831395
2022-05-02,1354.0633544921875,1364.387977733773,1345.2764410950936,1362.7624202077359,7072627
2022-05-04,1349.2747802734375,1379.545659645514,1344.52982470503,1359.5554279531984,6220959
2022-05-05,1392.8577880859375,1396.592226787759,1368.5179703073688,1370.8026539111372,6144870
2022-05-06,1355.68896484375,1372.3841009487683,1348.8352364842315,1361.9716296199067,6171472
2022-05-09,1379.8529052734375,1394.3074419742286,1337.5000261747937,1353.1846449249074,6832202
2022-05-10,1364.6077880859375,1378.7986761047448,1358.5009255643938,1369.0012452272317,6212545
2022-05-11,1341.5421142578125,1361.9277121263535,1328.2299179037932,1361.9277121263535,7846080
2022-05-12,1325.7696533203125,1342.201139918884,1321.8155419424827,1330.3388057853947,7034979
2022-05-13,1321.9033203125,1343.7387794348365,1316.3675217689756,1334.9958431960715,6723761
2022-05-16,1308.45947265625,1328.4497039979815,1299.2771895162246,1326.8241461984453,6145331
2022-05-17,1334.2489013671875,1340.0043728900273,1301.2541039526504,1313.555783441477,6516378
2022-05-18,1326.1209716796875,1361.70797213733,1322.694161149026,1337.3682641118933,6594126
2022-05-19,1254.0245361328125,1304.593165199384,1245.6769672791786,1301.3420497086145,16561140
2022-05-20,1278.6278076171875,1288.8206063685275,1271.2028009563014,1276.7385996614764,10488908
2022-05-23,1290.2705078125,1307.4928382619098,1274.1465416425442,1278.5838689742561,5887569
2022-05-24,1266.1943359375,1291.2810188777573,1261.1418602736273,1290.446197671662,5693167
2022-05-25,1239.350341796875,1267.5124463343247,1229.50904023106,1260.9222603048568,9630092
2022-05-26,1251.212646484375,1256.5287726581694,1236.3628467990359,1245.9844752652336,13040065
2022-05-27,1284.0755615234375,1289.0401890208304,1263.030946945637,1268.7863108351823,8284860
2022-05-30,1341.5860595703125,1344.3978291185176,1304.8567164973847,1306.6140992805463,10904213
2022-05-31,1335.1923828125,1347.9795623962705,1321.4728713370666,1341.4971403772934,16033857
2022-06-01,1312.9482421875,1345.0936959690998,1307.220595475762,1343.539700941573,8738508
2022-06-02,1339.099609375,1344.2943706627866,1310.3284820297667,1317.787679252321,7205840
2022-06-03,1351.2652587890625,1380.8356080966064,1347.9797125984878,1354.1069147899177,9395707
2022-06-06,1358.68017578125,1364.4964924732922,1325.7798357609638,1346.2037716099271,6624883
2022-06-07,1337.9453125,1349.6224971381034,1334.3045457286844,1349.6224971381034,4904592
2022-06-08,1331.9959716796875,1349.9334740723968,1324.8919931640626,1349.9334740723968,4697608
2022-06-09,1345.3155517578125,1347.0471026731207,1315.5676501182832,1318.675639841816,4361061
2022-06-10,1311.394287109375,1326.6233521245908,1308.5526310764772,1319.6525958969517,6516436
2022-06-13,1264.951904296875,1281.9126277011962,1253.5854977400272,1281.9126277011962,6987685
2022-06-14,1279.2042236328125,1286.618977493986,1245.9931115070253,1252.075869762069,6090247
2022-06-15,1262.909423828125,1284.3990185434857,1259.9346552426048,1278.8933715213977,4651958
2022-06-16,1240.7095947265625,1282.0459060881565,1236.0920528309707,1276.9399223929138,6641772
2022-06-17,1231.91845703125,1240.487542584052,1214.0252932515164,1235.2484462558373,9692047
2022-06-20,1255.76123046875,1263.0427639663321,1227.2120995273342,1234.3605201667415,4595194
2022-06-21,1287.5068359375,1292.9235958062504,1263.3976963827904,1264.5076926017175,6270787
2022-06-22,1276.2740478515625,1296.1207647139372,1274.27605403861,1275.2084945105619,6253366
2022-06-23,1289.7716064453125,1294.700034710345,1272.5001027022802,1278.538527567716,6254281
2022-06-24,1279.692626953125,1303.1357725824364,1268.8591054568187,1294.6997999490238,6114340
2022-06-27,1309.440673828125,1317.787869343207,1301.0491434910748,1303.6243570986562,4511097
2022-06-28,1314.369140625,1321.5618966121417,1290.2599938030853,1304.4679496880472,4412178
2022-06-29,1299.3616943359375,1311.5716538760837,1293.8117127267801,1300.6492467100306,5060038
2022-06-30,1298.1630859375,1316.01180739461,1292.035883778109,1300.9602987057103,9165177
2022-07-01,1313.7030029296875,1318.675765280758,1280.802665224558,1291.1478536823045,4651635
2022-07-04,1321.3397216796875,1325.1137094600226,1298.2517964352844,1314.4577439626057,4800224
2022-07-05,1310.639404296875,1340.8313086434368,1307.1318587687915,1330.9302267306132,7379669
2022-07-06,1324.5810546875,1331.9958096817759,1305.3558934881405,1316.189416047647,5209162
2022-07-07,1330.8414306640625,1344.3833886802468,1328.177438923174,1334.7043054068324,3323472
2022-07-08,1344.8272705078125,1347.0472634324174,1331.9513115451052,1345.3157123104625,3652582
2022-07-11,1308.1529541015625,1331.9068766093092,1302.1589736556825,1327.555669124535,4702638
2022-07-12,1277.4727783203125,1304.1126949058805,1275.164007229183,1298.0743788520106,4710356
2022-07-13,1282.6676025390625,1296.476003331042,1277.4728402327335,1287.596030705487,5264025
2022-07-14,1268.814697265625,1290.215406752036,1255.6279613595361,1288.4838556808252,6157606
2022-07-15,1270.1468505859375,1284.0440292907308,1252.6533480412868,1284.0440292907308,5620018
2022-07-18,1323.02685546875,1326.3124012665216,1285.8641997914458,1287.5957507176618,5835171
2022-07-19,1317.9210205078125,1320.3185695057068,1305.4446169198009,1306.7322778541525,3418540
2022-07-20,1345.58203125,1354.9060006770792,1331.9956324398804,1333.105628800247,5079392
2022-07-21,1361.2108154296875,1363.475143060979,1334.7484577291702,1347.0916394538826,5008061
2022-07-22,1337.590087890625,1367.5155470877928,1325.0249071257533,1362.1875644368015,7020642
2022-07-25,1335.1923828125,1347.2247865607108,1314.3244515105814,1314.3244515105814,7859626
2022-07-26,1288.6170654296875,1329.0209351127858,1283.1558613643324,1329.0209351127858,7268273
2022-07-27,1306.2882080078125,1308.019759034265,1283.1558396500427,1288.483822375233,4517285
2022-07-28,1347.4466552734375,1353.7069690185922,1322.9822948221376,1328.7987184700435,6636841
2022-07-29,1376.1290283203125,1381.4570107879367,1356.8595350883038,1361.1219644216355,7009465
2022-08-01,1377.328125,1388.8276455859902,1365.6509399319816,1388.8276455859902,2983249
2022-08-02,1370.7122802734375,1373.7314920454614,1357.1703247119033,1373.3319367159932,4374635
2022-08-03,1390.6922607421875,1394.1554711718493,1367.4267796780443,1375.5075317485316,6011955
2022-08-04,1420.7066650390625,1424.214210429917,1398.5510710597634,1409.6954786756162,7402209
2022-08-05,1435.5806884765625,1443.6169980608536,1422.8379503946153,1428.2547116101568,5361971
2022-08-08,1438.0223388671875,1440.3311093480575,1417.2431877432182,1435.8911244240498,3763409
2022-08-10,1422.9708251953125,1439.6207698334588,1410.2280892451997,1439.6207698334588,4423829
2022-08-11,1438.5108642578125,1448.6340529159374,1435.0033190587033,1447.4352785059941,3462090
2022-08-12,1415.556396484375,1433.2275634632008,1412.048850701311,1432.6060087465903,3562286
2022-08-16,1417.6429443359375,1428.7873514369574,1412.8921814722432,1428.7873514369574,3004430
2022-08-17,1426.345458984375,1431.4514427285992,1407.475519060068,1417.643043330634,4067324
2022-08-18,1405.6549072265625,1419.1968624345182,1397.707376873584,1415.5560961565852,4635706
2022-08-19,1418.22021484375,1425.1466359156411,1407.5642491319722,1407.741913599355,4739884
2022-08-22,1399.172607421875,1419.9073173622771,1397.707390574249,1408.3633554325027,3950555
2022-08-23,1369.6468505859375,1380.391594615452,1361.2996555455054,1374.619613036166,5551574
2022-08-24,1365.29541015625,1372.843384781504,1359.5234295604673,1363.0754176194105,2888426
2022-08-25,1348.11279296875,1375.2410388101719,1344.2055841247086,1374.6194842114278,4331088
2022-08-26,1351.1319580078125,1371.9110023088876,1347.4910833756708,1363.2086962369879,3079136
2022-08-29,1298.0296630859375,1304.0680862700244,1287.595697947398,1304.0680862700244,8079050
2022-08-30,1325.7352294921875,1328.5324420418817,1301.8037509629814,1308.1085087048089,6725875
2022-09-01,1300.2054443359375,1303.6686550621423,1288.5283679870784,1296.520342709969,8140604
2022-09-02,1290.2596435546875,1312.4595685986428,1285.8196585458963,1312.4595685986428,5175653
2022-09-05,1297.6302490234375,1302.6917893036236,1284.3546268952266,1288.4838352280558,3669352
2022-09-06,1292.124755859375,1305.3559363496136,1283.5555608560994,1297.6304037590292,3428442
2022-09-07,1294.388916015625,1301.5816704099107,1276.9841955904926,1278.715746471275,3600574
2022-09-08,1310.594970703125,1315.212512366536,1299.6725627710948,1309.7957516157421,4061475
2022-09-09,1342.3409423828125,1349.7556970653623,1314.2358103004844,1321.33978765346,4816910
2022-09-12,1364.1412353515625,1372.7548731045804,1350.7769427256635,1354.9061513249576,5494819
2022-09-13,1371.911376953125,1379.0597985340028,1368.6702735462734,1378.0830231895497,4947158
2022-09-14,1310.1510009765625,1331.0632685678052,1307.1317890233854,1329.33171750544,14332197
2022-09-15,1272.322265625,1309.9732552773253,1268.9922765591873,1309.7956992197146,12784100
2022-09-16,1222.8165283203125,1265.3959486362396,1215.0908880161,1265.3959486362396,20464045
2022-09-19,1234.58251953125,1248.5240318620802,1225.9688818685945,1236.092071374122,6595241
2022-09-20,1233.0284423828125,1255.2283703476603,1229.964787284812,1250.2554997650657,7219797
2022-09-21,1222.993896484375,1233.2503054303857,1215.13514453256,1225.347110268316,7917054
2022-09-22,1214.7357177734375,1228.9436728727633,1207.676183442698,1213.3149439431238,9168498
2022-09-23,1212.5155029296875,1238.5783025146602,1209.4519565311844,1214.3359402029328,10426200
2022-09-26,1225.657958984375,1242.7074594125004,1203.2360329098556,1207.6760182711466,9414587
2022-09-27,1237.46826171875,1248.9677795003172,1223.6598650205738,1237.379375300364,8561254
2022-09-28,1238.4896240234375,1248.390814263547,1222.7721172911329,1224.5481116517592,7022098
2022-09-29,1241.9971923828125,1251.9427167580907,1236.9799869799815,1247.547174377518,6119965
2022-09-30,1255.1395263671875,1260.3343964051253,1221.884076510353,1233.3835962258331,8120130
2022-10-03,1237.6458740234375,1253.8518199971973,1230.7638969660875,1253.8518199971973,4943169
2022-10-04,1269.3031005859375,1271.8338706895042,1255.6279233059583,1260.689463513092,6631341
2022-10-06,1292.1689453125,1296.2981533267844,1282.3565344267981,1283.155753461511,6180672
2022-10-07,1288.6612548828125,1294.5664568499894,1278.8489526769124,1284.3544909391683,3994466
2022-10-10,1298.8289794921875,1300.9157509967636,1266.5946414154234,1266.5946414154234,5274677
2022-10-11,1264.3302001953125,1313.9248120732866,1261.0445461830916,1298.8288627361512,12824774
2022-10-12,1268.681396484375,1279.6925820570834,1255.2283273173289,1276.0518156752744,5481467
2022-10-13,1260.8670654296875,1276.8953475559135,1256.5158580930706,1270.7238112587875,4821514
2022-10-14,1309.1298828125,1326.6678276560115,1302.913902361635,1318.6758527906138,14990688
2022-10-17,1323.0714111328125,1327.5558404413687,1310.239894696481,1311.4831124808618,4286396
2022-10-18,1335.2811279296875,1341.7191065769207,1329.553590285518,1340.8755527341007,4692004
2022-10-19,1319.0751953125,1336.391138059882,1315.3900942154946,1335.5475842083438,3553171
2022-10-20,1332.7950439453125,1335.547813636886,1309.085453225533,1309.7958943579833,4583939
2022-10-21,1332.439697265625,1337.3236814941895,1324.314501823941,1332.2621411983666,3594485
2022-10-24,1347.846435546875,1351.3540892842454,1341.7636768252662,1348.423655366755,982837
2022-10-25,1355.35009765625,1361.2108571850185,1350.6881126041244,1356.9484274924105,3914341
2022-10-27,1368.0523681640625,1377.8822668553057,1357.7737282362873,1374.201712053986,6760137
2022-10-28,1358.4471435546875,1371.6433151587364,1352.8365077395763,1369.892840617514,3053981
2022-10-31,1380.35107421875,1388.2059642832278,1373.70805956196,1373.70805956196,4542336
2022-11-01,1412.0845947265625,1413.879997898497,1388.834101733467,1394.1754919196,4542692
2022-11-02,1394.4000244140625,1411.8602777690894,1386.9490568451713,1411.1870015279026,2938906
2022-11-03,1374.1568603515625,1385.9616594777258,1365.9877968987141,1381.3384738631173,3174027
2022-11-04,1359.1202392578125,1364.9103708165444,1347.5847954712758,1364.9103708165444,4509682
2022-11-07,1353.2403564453125,1371.598421588422,1338.5629558638961,1365.7633606565107,4898592
2022-11-09,1356.6065673828125,1372.5856991457824,1347.5398034514983,1372.5856991457824,3334755
2022-11-10,1348.3028564453125,1357.3248012390143,1333.0868583597462,1333.0868583597462,3435763
2022-11-11,1409.4813232421875,1412.5335307351531,1388.430263614367,1388.430263614367,7214098
2022-11-14,1423.1265869140625,1428.602545514008,1408.000225198226,1414.0148924987643,4908813
2022-11-15,1430.9364013671875,1434.3925307337452,1411.8602416877316,1416.438498094257,3497614
2022-11-16,1438.83642578125,1444.4021328641024,1430.4877555742369,1433.764388917107,4497697
2022-11-17,1425.01171875,1438.8363470236297,1421.0168803841925,1433.8091297730527,3469515
2022-11-18,1430.39794921875,1434.527355233414,1414.3290664394517,1428.8717905380126,3126064
2022-11-21,1407.7757568359375,1425.4156170914362,1404.0503824610678,1420.2538323357628,3071764
2022-11-22,1422.9019775390625,1425.550153449475,1402.2099116423676,1408.4938228981273,3399329
2022-11-23,1421.1964111328125,1429.1410489418556,1417.7402816433105,1426.3581957002846,3245067
2022-11-24,1463.0740966796875,1468.6398027101736,1422.6325961766183,1426.4478279379375,5282215
2022-11-25,1468.3258056640625,1475.8215929330347,1448.7110454604212,1464.510573443889,4563255
2022-11-28,1457.3289794921875,1484.3497790755966,1454.276771758371,1461.4583854460668,3825766
2022-11-29,1462.4010009765625,1471.1086636498967,1449.8331771528563,1455.3539549520883,3131710
2022-11-30,1467.6973876953125,1477.3926101335646,1448.12755589009,1454.2318618548122,11868134
2022-12-01,1487.5814208984375,1501.49579683449,1483.272518616262,1486.7734674759286,5407928
2022-12-02,1470.3455810546875,1491.8006727944214,1466.799593723397,1486.5939592971272,4283343
2022-12-05,1472.00634765625,1476.5846043633042,1457.2391986740056,1470.4353696971718,3824966
2022-12-06,1447.90283203125,1459.6627002582406,1443.1001507212345,1458.7649987205664,4822398
2022-12-07,1441.2601318359375,1457.6881173772813,1433.3603127551614,1443.5043861676659,4898087
2022-12-08,1454.411376953125,1457.777758202631,1434.976113956099,1441.2600256218434,4206837
2022-12-09,1408.763427734375,1461.4584776596478,1401.4022074903794,1461.4584776596478,8880658
2022-12-12,1388.9239501953125,1405.7558561467295,1373.5284545512598,1391.437558650479,8037679
2022-12-13,1411.321533203125,1416.1242146452848,1383.492784769525,1388.9238134722627,6135067
2022-12-14,1417.829833984375,1425.998896080634,1412.084522212677,1420.1638360714908,4976020
2022-12-15,1382.909423828125,1409.3916231159728,1378.1964900565588,1408.7632757795202,6443866
2022-12-16,1366.4815673828125,1390.9888691230103,1357.3699822373837,1368.995176129455,9630453
2022-12-19,1353.150634765625,1361.7237298285659,1342.1089696118938,1353.689233868756,6222740
2022-12-20,1353.1058349609375,1360.9157960258838,1330.797859741164,1347.4502703396117,7396259
2022-12-21,1355.12548828125,1365.4041277239296,1348.6619710394373,1360.0179181471094,6236361
2022-12-22,1366.346923828125,1373.4386796309227,1357.100552434212,1365.8531440573202,6302640
2022-12-23,1343.94921875,1355.4398445619386,1340.2686636264464,1354.362536751784,6283822
2022-12-26,1348.7071533203125,1355.439916556154,1343.2760138103065,1347.0014980506858,4115459
2022-12-27,1359.883544921875,1365.8083548640152,1344.3084406644473,1355.4847842011498,4860076
2022-12-28,1355.6641845703125,1368.9501033965662,1345.2059383085596,1351.1307473515324,5029860
2022-12-29,1362.3072509765625,1365.673632332556,1347.4502440923538,1350.1433491771486,4624745
2022-12-30,1353.91357421875,1373.8426164441485,1350.188200066258,1371.6881105842783,5060544
2023-01-02,1368.0972900390625,1370.341544123772,1350.1881862761663,1359.1202737002234,3801140
2023-01-03,1366.795654296875,1375.862418801588,1360.107711434535,1364.3717941574034,4551130
2023-01-04,1341.884521484375,1365.4042617792377,1338.5629595029297,1365.4042617792377,7059590
2023-01-05,1324.2894287109375,1351.8489350836053,1318.948147732721,1351.8489350836053,9868404
2023-01-06,1300.32080078125,1324.109893788294,1298.5253975354353,1319.6213856737572,6443714
2023-01-09,1332.5931396484375,1336.9918995481128,1300.051455589557,1300.051455589557,11498717
2023-01-10,1319.3970947265625,1332.0995959017448,1305.3032216437111,1330.3939407278556,7158624
2023-01-11,1320.7435302734375,1341.166242466281,1314.2351934207732,1319.6214032298747,6173092
2023-01-12,1329.1370849609375,1333.0869942679058,1306.1559438786553,1330.348960311909,6591385
2023-01-13,1349.8291015625,1363.9679024832087,1317.8260159746374,1331.7403914839063,11610426
2023-01-16,1369.44384765625,1371.6881017494266,1348.6172135046606,1355.5294722785563,6073063
2023-01-17,1382.01171875,1384.435469422026,1368.097342887301,1370.7904478929847,5922644
2023-01-18,1387.308349609375,1393.098482244262,1382.1016354639867,1386.7248215371396,5843098
2023-01-19,1381.4730224609375,1391.0335664749514,1370.0273269921345,1382.3707240663339,6165284
2023-01-20,1369.4888916015625,1386.9491460799632,1368.0974101138277,1380.6652340912512,6496429
2023-01-23,1389.6422119140625,1394.4000746897525,1371.777926420586,1377.9720899793838,4855020
2023-01-24,1393.143310546875,1408.3144914155778,1391.2132299470666,1400.414672506807,5200802
2023-01-25,1385.1536865234375,1396.8238083152746,1381.338454399183,1388.744493228618,4158617
2023-01-27,1363.7435302734375,1392.2903779726057,1353.1955355242728,1387.8467984858346,6209955
2023-01-30,1381.38330078125,1386.0513053859913,1364.5064664421677,1372.4062845546568,6964719
2023-01-31,1376.8499755859375,1390.450178190422,1358.2226654027863,1390.450178190422,9448126
2023-02-01,1392.425048828125,1395.9710362007636,1371.7330909295972,1384.4354819888624,6194199
2023-02-02,1421.7349853515625,1424.607586792744,1393.2329580209157,1393.2329580209157,6916834
2023-02-03,1435.7840576171875,1440.4969913344742,1412.084711865144,1434.0784025458154,7040194
2023-02-06,1409.257080078125,1434.527406432134,1401.8510405893485,1434.527406432134,4570612
2023-02-07,1402.5692138671875,1414.822864476851,1396.0159473630506,1408.494023406654,4336238
2023-02-08,1427.79443359375,1439.0157038986365,1405.3518929839772,1405.3518929839772,7983338
2023-02-09,1451.5836181640625,1454.0522977867906,1423.79979497045,1432.9113793663391,6904911
2023-02-10,1443.9981689453125,1450.9553573880837,1433.1358902910588,1447.9479689111524,4786762
2023-02-13,1407.102294921875,1433.6294203908712,1405.8006714665648,1433.6294203908712,4001199
2023-02-14,1430.26318359375,1432.731863182567,1416.7079103135172,1422.5877904936112,5043736
2023-02-15,1433.6744384765625,1435.424912829853,1414.7777752469344,1421.9593883192538,3465747
2023-02-16,1437.938720703125,1449.2945602827897,1434.3927330071513,1436.3228137046135,4290289
2023-02-17,1421.7799072265625,1431.8341218036317,1414.328939750233,1430.9364201598676,2857734
2023-02-20,1429.544921875,1439.0157179378093,1420.6128344582553,1422.8121596263827,2417716
2023-02-21,1417.9197998046875,1437.80391388057,1414.7778439330089,1435.1556281819492,2723288
2023-02-22,1402.030517578125,1413.8801358358503,1396.1954567000723,1403.1077157532914,3656244
2023-02-23,1392.06591796875,1409.256926645148,1389.7768444892642,1409.256926645148,4766854
2023-02-24,1392.021240234375,1408.4940454265454,1386.949203431493,1400.4147296784008,2790986
2023-02-27,1354.9010009765625,1382.4603948856802,1348.3477357910986,1382.4603948856802,4920268
2023-02-28,1335.376220703125,1368.0974041544362,1329.7655850233577,1360.5566878842833,9679811
2023-03-01,1343.006591796875,1347.3154939495362,1329.9449890099597,1339.7299588712954,5125043
2023-03-02,1321.5516357421875,1336.318785501753,1317.1978042286796,1333.0870811609395,4644499
2023-03-03,1327.9700927734375,1337.3959600849184,1322.3145285534606,1334.6579262232572,4615015
2023-03-06,1353.2403564453125,1364.8656589746784,1340.4032881447426,1341.6600924158531,6561742
2023-03-08,1339.999267578125,1342.961726985448,1329.585949900398,1338.0692966126087,4137080
2023-03-09,1328.95751953125,1345.0712200119858,1323.7508062262864,1342.0639414577045,5104656
2023-03-10,1321.012939453125,1323.481619051477,1308.5348642940003,1310.6444413069564,3699580
2023-03-13,1288.291748046875,1327.072529051493,1281.9180875951263,1314.4148468229184,8798403
2023-03-14,1274.736328125,1300.1861476889799,1266.657013369278,1293.5880625550176,7402784
2023-03-15,1274.4222412109375,1295.2488768323813,1271.9086326160925,1290.8950455008883,7556182
2023-03-16,1260.462890625,1272.7614692311392,1255.615279699322,1272.7614692311392,7323117
2023-03-17,1275.3646240234375,1295.2936653670802,1267.016064862061,1283.7132927675293,9090018
2023-03-20,1260.058837890625,1274.4668824223245,1243.1820044445224,1274.4668824223245,8221829
2023-03-21,1248.4337158203125,1261.2708940195814,1247.8053684606537,1255.8846837960104,8536755
2023-03-22,1247.132080078125,1263.2907105920037,1240.7584199586402,1259.475478387338,8356487
2023-03-23,1233.9356689453125,1242.3739755725935,1229.8510831935948,1242.3739755725935,7607718
2023-03-24,1239.411865234375,1255.8397404782686,1236.584082982878,1246.0099507660507,7559127
2023-03-27,1246.862548828125,1252.9669633225694,1233.531702462138,1244.4387984280222,4170193
2023-03-28,1236.673828125,1254.9869645456447,1235.1028501650894,1249.6905026499728,6633366
2023-03-29,1242.01513671875,1247.7155201650944,1224.958805711683,1237.930550460286,8813966
2023-03-31,1281.8731689453125,1283.668572443724,1251.306490134495,1260.373255884927,8711975
2023-04-03,1266.5223388671875,1288.2018554237902,1261.4054833442367,1288.2018554237902,5242764
2023-04-05,1277.9234619140625,1281.4693402483783,1256.7825403486722,1256.7825403486722,7506334
2023-04-06,1276.44189453125,1282.2769547830226,1266.0733974815537,1271.1454333092524,6948465
2023-04-10,1281.558837890625,1287.304150296638,1270.247819156027,1278.2822049918059,4993788
2023-04-11,1262.3033447265625,1286.7207886297933,1246.9077377115614,1282.7260596530837,6942255
2023-04-12,1282.187255859375,1285.0598571838073,1256.7822564144815,1268.4973062805743,5831169
2023-04-13,1247.0870361328125,1266.7019040302373,1241.5213299689306,1265.5348481010121,11267238
2023-04-17,1129.5780029296875,1132.136430654267,1064.0457840517952,1122.3963899019734,53171705
2023-04-18,1130.5205078125,1140.0361230223534,1124.9098727143887,1140.0361230223534,12430884
2023-04-19,1106.1478271484375,1126.0319387762609,1103.634328510182,1126.0319387762609,11307230
2023-04-20,1098.248291015625,1111.2200368576048,1096.4528876003903,1104.801447731595,8621249
2023-04-21,1101.794189453125,1107.0906515432816,1095.1961036957662,1102.4674657463806,8691352
2023-04-24,1100.8515625,1104.1730147274745,1093.4005950715969,1102.3776114514949,8313774
2023-04-25,1099.5948486328125,1109.1104648607622,1090.707579769993,1100.5373696805075,6808576
2023-04-26,1101.9737548828125,1106.8661852668383,1095.6898430443146,1102.3776768107684,5680192
2023-04-27,1118.7607421875,1120.1522236538028,1100.043683683095,1104.1730895812436,8020704
2023-04-28,1124.5958251953125,1130.2064609226888,1117.5937079744554,1127.2440014255426,10118277
2023-05-02,1146.768798828125,1148.833556221912,1126.2115210420693,1126.2115210420693,8886401
2023-05-03,1139.3179931640625,1142.3252715695298,1132.9891531309258,1136.4902112432417,5549783
2023-05-04,1143.2679443359375,1145.2877729850925,1133.3482975814445,1139.1384292092687,4505401
2023-05-05,1130.296142578125,1148.1604275980321,1125.9423114267645,1148.1604275980321,5373791
2023-05-08,1136.1312255859375,1140.3504892363796,1126.7951061867552,1133.3034433741707,5260842
2023-05-09,1140.7095947265625,1141.876650860064,1131.7325770311218,1136.4904402427994,4969897
2023-05-10,1134.0216064453125,1145.8264050289897,1130.3410516063245,1145.8264050289897,6515734
2023-05-11,1127.60302734375,1145.3775639523772,1124.8651030446258,1140.305527683217,6888461
2023-05-12,1117.818115234375,1127.5133374467855,1112.2973374345554,1125.1344060204995,8292212
2023-05-15,1129.6226806640625,1139.0934754902905,1118.2219152447317,1122.037146687468,5534710
2023-05-16,1134.9642333984375,1143.6269666049225,1133.5727520158546,1135.5925807167341,5236469
2023-05-17,1119.3441162109375,1131.9567575948706,1115.3492784510368,1131.642583960043,10465667
2023-05-18,1118.536376953125,1130.7900277183155,1115.3494919176374,1129.8473970507112,6948732
2023-05-19,1139.09375,1143.0436595385552,1124.6407740269224,1127.5583046568154,11094136
2023-05-22,1160.5489501953125,1163.0624495275167,1140.3057304351832,1142.729481502441,7625947
2023-05-23,1167.05712890625,1179.714700851119,1164.3640238293533,1166.293994801615,7436031
2023-05-24,1165.8004150390625,1171.5007993107326,1159.2023290054685,1163.6908378150881,4824077
2023-05-25,1170.9173583984375,1173.296290161143,1157.3620827010357,1162.0750173019123,4334121
2023-05-26,1182.677001953125,1188.063211884976,1172.398361832931,1172.398361832931,5521606
2023-05-29,1179.9390869140625,1196.3669615854992,1175.8545005172648,1196.3669615854992,4419365
2023-05-30,1188.4222412109375,1190.7114241239608,1175.2260715243845,1180.4776039676979,6274719
2023-05-31,1183.4400634765625,1194.9305782104627,1179.7145799188752,1184.831435207361,17800782
2023-06-01,1184.517333984375,1193.4943505359809,1183.2605297506059,1187.2553678657034,4277841
2023-06-02,1181.7882080078125,1194.4340008819925,1179.104437792939,1190.8858847438232,10909311
2023-06-05,1186.7918701171875,1191.2951754512299,1180.241587621195,1186.3369863034209,5002553
2023-06-06,1163.5927734375,1172.3265202842344,1158.134167776339,1172.3265202842344,10008100
2023-06-07,1172.644775390625,1177.2391456905614,1166.7768194344242,1174.0549594386935,5397578
2023-06-08,1167.0499267578125,1175.4197442918237,1165.5032551977433,1170.1430477667195,5034942
2023-06-09,1151.7200927734375,1166.7767889359425,1149.9460906160089,1166.7767889359425,5339073
2023-06-12,1175.374267578125,1178.7858962557063,1158.1342150829948,1158.5890989066725,4785588
2023-06-13,1187.110107421875,1188.6112460171735,1180.0139875118512,1182.606802691583,4846587
2023-06-14,1183.061767578125,1188.7932366228665,1176.5113744554915,1188.474840185205,3457981
2023-06-15,1170.6890869140625,1177.1938369363772,1166.9135288571645,1177.1938369363772,6161155
2023-06-16,1175.101318359375,1184.0625068222432,1165.4578042106698,1170.8708768960637,8536287
2023-06-19,1177.2393798828125,1182.2431021311552,1170.9165389185205,1177.2393798828125,4451787
2023-06-20,1185.791015625,1187.24662145551,1174.6008306327171,1177.239178669295,4009180
2023-06-21,1182.1064453125,1186.154977548267,1178.1489786763307,1182.6522836320391,4041529
2023-06-22,1165.91259765625,1173.0542504034897,1158.588924773524,1173.0542504034897,6676607
2023-06-23,1150.8560791015625,1163.9112226889422,1149.354940265523,1161.2728742885731,7239467
2023-06-26,1155.72314453125,1159.0438181837924,1148.3540498449702,1155.6321899905513,3403244
2023-06-27,1163.729248046875,1166.322063496411,1159.2258317923613,1164.5025282959484,3240024
2023-06-28,1176.647705078125,1179.6954038137092,1165.7760285113764,1173.6000063425408,5662358
2023-06-30,1214.9945068359375,1218.0877385740087,1186.7461812925758,1190.1578094473005,12821692
2023-07-03,1213.35693359375,1224.5471188494619,1208.5806539697087,1209.9908380904787,7732412
2023-07-04,1223.77392578125,1224.5472060405089,1211.2646211133026,1223.0006455219911,5797775
2023-07-05,1225.72998046875,1235.4189169481579,1219.9983999394044,1235.327962395677,5414936
2023-07-06,1222.6365966796875,1225.8662047537898,1216.495665897886,1221.4084327344483,5963897
2023-07-07,1210.1728515625,1224.365315371182,1205.7605007879629,1213.6300129632032,6295647
2023-07-10,1209.217529296875,1220.8170652524432,1200.256341377616,1215.9498311998555,3940315
2023-07-11,1226.912353515625,1229.0048630603399,1207.2613989243584,1213.129354519499,6126128
2023-07-12,1212.9932861328125,1229.914942685519,1207.2617053550714,1229.0961295664667,8102770
2023-07-13,1241.9237060546875,1252.5680534152623,1210.7641663190607,1214.4487694545699,9977644
2023-07-14,1297.2830810546875,1300.9676843031073,1256.0706748916025,1256.0706748916025,12833381
2023-07-17,1294.5538330078125,1327.3054684043354,1286.684431680645,1297.2831359575227,11569884
2023-07-18,1342.089111328125,1344.5909722136412,1300.0578928736984,1304.6067308473641,16743977
2023-07-19,1341.8616943359375,1363.559740717556,1328.8975058703597,1351.9146708665796,13687062
2023-07-20,1318.7081298828125,1338.2681331891117,1310.7021306189188,1338.2681331891117,8347221
2023-07-21,1211.446533203125,1228.1862795203028,1187.2467368696261,1201.0751601871634,45548305
2023-07-24,1215.9952392578125,1228.0951916387085,1213.857307807066,1219.998238537962,8859789
2023-07-25,1214.17578125,1221.681363730559,1204.759709076421,1216.359245637285,6801982
2023-07-26,1227.1400146484375,1228.186269607745,1218.5427551834298,1221.817896357927,5528885
2023-07-27,1231.052001953125,1240.7410487249037,1225.5024420215238,1236.0101907567564,9191861
2023-07-28,1219.54345703125,1240.7865080925476,1215.4495028674003,1231.6888321728816,6122735
2023-07-31,1233.371826171875,1235.0094521881804,1212.9475890459607,1227.0489861059361,7902180
2023-08-01,1242.0146484375,1245.471809643269,1234.55459874793,1239.1034366209878,6064652
2023-08-02,1234.418212890625,1248.1556821855895,1226.776142424458,1245.7448867591504,7419145
2023-08-03,1241.19580078125,1243.242777583865,1227.2763141012276,1228.1860815690566,6503741
2023-08-04,1253.9781494140625,1260.8469392172133,1239.1034713632262,1245.380890015176,5712345
2023-08-07,1267.306396484375,1269.1259318705693,1252.7501133948201,1262.6666034607047,3729093
2023-08-08,1264.7587890625,1267.8065991644844,1259.482203966465,1267.1696952534337,4161877
2023-08-09,1268.580078125,1270.0356842052277,1257.7538204969392,1259.1184720200824,4090828
2023-08-10,1263.7581787109375,1269.853688398212,1260.5739920409878,1266.0325977609016,3873025
2023-08-11,1248.0645751953125,1270.8087636526227,1243.6977576448737,1266.396413303026,5783517
2023-08-14,1267.806640625,1269.1257591782453,1242.378570429603,1248.0646177377491,4304135
2023-08-16,1290.5052490234375,1291.8243675275844,1278.5873165202784,1283.5000834227826,7735313
2023-08-17,1284.1824951171875,1291.8699868845008,1279.1332405349353,1291.8699868845008,5618346
2023-08-18,1263.4852294921875,1281.5895150593437,1261.0743232513742,1277.0406772674733,5134103
2023-08-21,1278.58740234375,1280.04300828704,1261.9841437074754,1264.3495172472738,3032722
2023-08-22,1277.0863037109375,1279.178813670877,1270.6269757839684,1277.9505385325194,2890714
2023-08-23,1280.9072265625,1288.7767383819312,1278.8148277508842,1288.2309000421885,2559125
2023-08-24,1295.14501953125,1296.4642490688886,1286.820624510391,1293.2345299499723,5171963
2023-08-25,1291.9609375,1294.14440193583,1284.0460038576823,1285.5016097963642,4307172
2023-08-28,1287.9124755859375,1296.236871016697,1284.0459634347399,1291.9608968278883,3133464
2023-08-29,1289.7320556640625,1295.8729869417455,1287.594124022955,1295.509057691945,3074444
2023-08-30,1305.653076171875,1307.0177276584382,1295.5091445772975,1298.2384475504239,3070887
2023-08-31,1305.92578125,1314.523151204695,1299.739428562197,1305.6529176191962,9792735
2023-09-01,1313.5679931640625,1315.524015813637,1299.3301072963106,1301.8319683222358,3582133
2023-09-04,1332.900634765625,1337.3585187057697,1305.2436744805843,1312.794790811174,4609014
2023-09-05,1345.4552001953125,1346.5014550487228,1325.0763856474239,1332.8094095252152,5496840
2023-09-06,1344.135986328125,1349.0942859762029,1331.2628646848657,1348.1845184505673,5075786
2023-09-07,1333.9012451171875,1340.4516386395803,1330.1257983242597,1337.9042448716023,4411743
2023-09-08,1336.9945068359375,1341.6798324116455,1328.4426687748935,1331.4449464210497,3125838
2023-09-11,1343.226318359375,1344.6820353527714,1332.3546400444875,1336.994432557999,4182226
2023-09-12,1365.652099609375,1368.2904478169532,1343.8176775697427,1348.7304447397828,6793161
2023-09-13,1363.1502685546875,1369.2002453382354,1354.3255672096375,1369.2002453382354,4804686
2023-09-14,1370.974365234375,1376.0691531027826,1363.8782439415936,1369.2003626750861,6444213
2023-09-15,1375.2047119140625,1381.3911761511094,1372.839338313645,1381.0272468920564,8657816
2023-09-18,1357.1912841796875,1369.1092169496771,1353.7341230453653,1369.1092169496771,3991916
2023-09-20,1355.7811279296875,1360.193478454991,1342.9988490854248,1342.9988490854248,4169337
2023-09-21,1366.2435302734375,1368.7909240446215,1342.8170139394665,1352.4151068014573,6779195
2023-09-22,1361.148681640625,1370.9741041105199,1351.186660777571,1357.2821697249913,5455613
2023-09-25,1341.1339111328125,1355.417217832278,1338.7685376167728,1355.417217832278,4217863
2023-09-26,1328.8519287109375,1346.3649531864253,1327.3507901162034,1345.6826275575102,3996528
2023-09-27,1334.6290283203125,1336.994401796738,1319.2085123948889,1324.6215850268404,3863586
2023-09-28,1309.5650634765625,1339.7238847615324,1305.5166416581312,1335.4480210194674,5814602
2023-09-29,1305.92578125,1316.251731755555,1288.2308468786073,1302.8780821778992,6068968
2023-10-03,1304.606689453125,1307.3359921507258,1292.142918222993,1306.4717573853966,4181867
2023-10-04,1314.022705078125,1319.1173810169118,1290.2322620419864,1296.41872564626,4510406
2023-10-05,1331.3992919921875,1342.4985228636597,1319.3448718155562,1320.982497846701,7384621
2023-10-06,1345.2734375,1350.5501345192267,1331.2631039318392,1336.9036191822188,3598672
2023-10-09,1342.3165283203125,1356.4634585781648,1330.2621079137662,1332.7185470073355,3567552
2023-10-10,1360.2391357421875,1361.9221836979577,1336.539643834747,1350.0042495921527,5688951
2023-10-11,1359.5567626953125,1381.2546983673178,1347.7752053035967,1361.922136312119,7220129
2023-10-12,1333.2642822265625,1368.6542604790434,1320.9824208754478,1357.2821666354187,11081662
2023-10-13,1302.013916015625,1308.2458018313064,1273.6746332154582,1278.2234711912276,17973439
2023-10-16,1304.7431640625,1313.340423053773,1300.9676064898863,1302.8780961484347,4850745
2023-10-17,1312.2943115234375,1322.2108011891066,1308.291422679862,1310.2928671016498,3923764
2023-10-18,1310.5657958984375,1322.8021260257406,1308.5642404911625,1311.8849145317179,4264837
2023-10-19,1304.2884521484375,1309.7470582096269,1297.419661765858,1297.419661765858,6795691
2023-10-20,1298.4658203125,1308.700705916645,1296.6462850939854,1300.9676812379575,3928622
2023-10-23,1281.544189453125,1303.1056377818345,1278.4509573114844,1296.9647063021316,2636516
2023-10-25,1262.5601806640625,1292.5103316871437,1254.4966784655405,1289.2388086550927,6940777
2023-10-26,1252.7919921875,1266.2004921783227,1246.940214740459,1248.7372916684367,6357656
2023-10-27,1272.0521240234375,1276.3373223697179,1256.6623976967833,1256.6623976967833,4634358
2023-10-30,1269.01123046875,1272.0522558250557,1256.155634097897,1272.0522558250557,2667696
2023-10-31,1261.039794921875,1272.7894712580314,1256.0634389161826,1271.6835518717269,3451595
2023-11-01,1247.90771484375,1269.379603358429,1245.6038569027073,1265.3249033766447,3090672
2023-11-02,1262.65234375,1268.319856505661,1254.819227134566,1262.5140897817043,3758060
2023-11-03,1280.069580078125,1282.7880874213406,1269.6560973022642,1271.7756915818663,3349045
2023-11-06,1293.2015380859375,1296.8415885050185,1281.6822487938339,1284.5390100396637,2736381
2023-11-07,1294.1231689453125,1295.5976155760281,1285.4145181543718,1290.1604881630135,2272209
2023-11-08,1281.8665771484375,1294.7681818070128,1277.6735106371746,1294.7681818070128,3550635
2023-11-09,1266.9376220703125,1287.8566074771882,1262.5602919196745,1286.3821608724284,5498051
2023-11-10,1261.454345703125,1265.4170263311844,1254.2202543175401,1262.46802069147,2943649
2023-11-13,1265.78564453125,1273.9872886097166,1263.2974105189112,1271.5912989072524,3462092
2023-11-15,1299.8367919921875,1303.0621934611509,1283.7097846473714,1289.2390443084512,8551860
2023-11-16,1331.5377197265625,1339.3708365003445,1299.9287446892533,1304.9972320134652,6673907
2023-11-17,1324.7645263671875,1337.1592379171582,1322.4606682729127,1327.9899276991723,4901251
2023-11-20,1323.8890380859375,1338.0808269307881,1321.170530438921,1328.8653942384274,3584210
2023-11-21,1326.1007080078125,1336.2376835381015,1324.0272357402534,1328.8653376978914,3793135
2023-11-22,1343.4256591796875,1344.4853438157159,1323.5202369954038,1323.5202369954038,3108786
2023-11-23,1335.546630859375,1352.7334359458998,1334.1181937435772,1352.7334359458998,3186928
2023-11-24,1324.626220703125,1338.6797545299087,1321.3546973396635,1332.1368202960523,2973195
2023-11-28,1329.5103759765625,1331.6299704076575,1315.088314388403,1330.7084271755414,3755373
2023-11-29,1345.0845947265625,1346.0982698704156,1336.0535377713234,1337.2514765802114,3875778
2023-11-30,1340.983642578125,1346.0521303013406,1335.8230230312827,1339.2326879569457,10120867
2023-12-01,1338.357421875,1345.3611286776788,1332.6899079023092,1345.3611286776788,3489187
2023-12-04,1349.461669921875,1356.4193656021828,1335.592513208383,1345.867629189617,5511948
2023-12-05,1339.8778076171875,1351.8118605948976,1328.8654104130064,1350.7981854850148,5123039
2023-12-06,1358.63134765625,1361.1194695973477,1337.2054656873006,1342.4582175598755,5269178
2023-12-07,1350.8902587890625,1357.2949393135057,1347.1119540015106,1357.2949393135057,4424453
2023-12-08,1374.1593017578125,1377.4307129471217,1351.2128512985264,1355.0372784572535,6323433
2023-12-11,1371.717041015625,1380.471701337861,1365.727010268832,1373.0993558033465,3862018
2023-12-12,1360.243896484375,1373.0993792323097,1352.5029110424384,1361.5800891380788,6103494
2023-12-13,1335.316162109375,1360.2439518858023,1320.7097241735976,1360.19782972632,8549258
2023-12-14,1383.65087890625,1392.4516607400496,1346.6970221224815,1348.5862305244145,12489858
2023-12-15,1454.5638427734375,1463.917528966799,1401.6672393803897,1403.5564479809898,18395389
2023-12-18,1441.6160888671875,1468.0183241638513,1437.88390638634,1444.9336219034078,6467243
2023-12-19,1436.0408935546875,1450.4629554436433,1422.1716226248461,1446.915036424613,4221721
2023-12-20,1415.859130859375,1459.2637972463308,1409.961231314737,1442.2613685718252,6592367
2023-12-21,1415.4903564453125,1425.3048140325604,1401.897594233354,1401.897594233354,5319038
2023-12-22,1440.2799072265625,1443.1366686825568,1403.5103106025122,1414.522706978693,6741060
2023-12-26,1422.8165283203125,1426.5488231455345,1403.5102439603677,1414.5687619692478,6878067
2023-12-27,1444.150390625,1446.8228885227966,1422.8627642542663,1422.8627642542663,4225849
2023-12-28,1440.049560546875,1445.8552154390939,1432.9997322913293,1445.8552154390939,5702253
2023-12-29,1421.8489990234375,1437.1004712006081,1419.1765012951132,1420.144166634131,4388990
2024-01-01,1429.6361083984375,1434.8428502960069,1414.7992844681723,1418.255071679868,2808451
2024-01-02,1414.0159912109375,1427.608754205272,1403.5103756183967,1424.7058704570197,5396313
2024-01-03,1373.099365234375,1400.6995390215577,1371.2562788380874,1400.6995390215577,7550363
2024-01-04,1394.018310546875,1400.5152349032498,1375.7718232468026,1386.8763509676678,7056038
2024-01-05,1412.31103515625,1418.8999788505123,1388.07440470264,1388.5351762892633,8895403
2024-01-08,1403.326171875,1415.4904983479466,1394.525388427754,1408.9935731336889,4440136
2024-01-09,1409.316162109375,1431.1566925228285,1406.1367703448866,1420.9275847658068,4412074
2024-01-10,1400.6534423828125,1414.983370728282,1386.9224270844938,1405.3071677486228,4096845
2024-01-11,1376.9698486328125,1405.3534251009314,1369.9661425866611,1405.261293276588,11296088
2024-01-12,1486.2188720703125,1491.056974118596,1433.3683893367258,1439.450552270239,26754401
2024-01-15,1522.4815673828125,1534.3233755421343,1507.6447436874366,1515.8925107048797,13228305
2024-01-16,1503.5438232421875,1519.1639351762556,1497.5076704042556,1515.7542704008683,6500917
2024-01-17,1511.51513671875,1518.2424471875822,1493.1303945709744,1493.1303945709744,9209876
2024-01-18,1513.7269287109375,1519.6248280436816,1500.5028054955274,1513.7730508709333,6375464
2024-01-19,1529.0244140625,1534.830181149936,1515.1552565650597,1522.0207083253042,4522736
2024-01-23,1513.3121337890625,1543.3082963711743,1509.2111992011553,1520.638356967558,9401255
2024-01-24,1543.95361328125,1548.1926898142694,1515.9386754431387,1529.669692631178,8999681
2024-01-25,1538.147705078125,1548.6994420250173,1527.9185982399085,1541.6956238359799,8865304
2024-01-29,1526.6285400390625,1547.5936491768944,1518.3346507098104,1534.5077798990815,4253785
2024-01-30,1521.8824462890625,1557.4079810311105,1518.9335530973535,1532.0194213135253,4995943
2024-01-31,1530.5911865234375,1536.4429635862402,1509.5799556993886,1518.93364206389,6763779
2024-02-01,1527.043212890625,1545.4279548337279,1520.8688059210901,1529.3470709031976,5760011
2024-02-02,1560.4951171875,1583.6719506012253,1534.3693906028748,1535.3370559365164,7858483
2024-02-05,1554.8277587890625,1567.3147150838886,1549.8975247974827,1561.785455468717,3634135
2024-02-06,1593.762939453125,1597.0344630098957,1542.6172887335351,1554.4130874102375,7694265
2024-02-07,1560.86376953125,1593.3481668011993,1554.5050990563916,1593.3481668011993,4613877
2024-02-08,1559.3431396484375,1572.4751295193644,1550.7728558600897,1564.7802667251876,5919715
2024-02-09,1538.3780517578125,1560.0804381745947,1529.5773820750176,1552.5237167662156,4600004
2024-02-12,1548.284912109375,1560.1267212932257,1539.2998647238455,1539.2998647238455,3555808
2024-02-13,1552.3857421875,1556.578696520759,1532.9872115852988,1550.957305138598,2696481
2024-02-14,1535.47509765625,1538.4701127886613,1507.1837689411561,1529.9458389502597,3768579
2024-02-15,1544.828857421875,1555.3344719693396,1531.2360957797196,1545.4278829759044,4834391
2024-02-16,1568.1439208984375,1574.9172405402414,1555.5187122701257,1556.4863775731233,4880654
2024-02-19,1566.3931884765625,1577.221322004787,1555.2885469674084,1571.2312906913012,3690993
2024-02-20,1553.0306396484375,1561.3245282446908,1537.825177221973,1552.800253854097,3706389
2024-02-21,1525.6610107421875,1542.663439133254,1516.2151921931338,1542.663439133254,4300508
2024-02-22,1549.4366455078125,1552.4316609246032,1515.3856690741432,1534.3694366019563,5841277
2024-02-23,1545.289794921875,1565.1951068635992,1540.7282007765268,1563.858914132195,5373072
2024-02-26,1529.89990234375,1543.5386736406174,1515.9385009458492,1543.5386736406174,2782438
2024-02-27,1533.0792236328125,1539.9907975363865,1523.1266247075048,1530.683233844853,5159088
2024-02-28,1540.129150390625,1555.380736114235,1531.6509975218291,1538.9772213327412,3188916
2024-02-29,1542.5711669921875,1550.2660301238518,1523.5873997921522,1534.369410109207,7814722
2024-03-01,1524.87744140625,1540.774061120071,1521.467776667757,1538.05555376044,6387291
2024-03-04,1508.75048828125,1533.8625405850848,1505.479077403563,1527.7803779385492,4445156
2024-03-05,1480.4591064453125,1508.8886908149464,1476.3121621695554,1505.8015436860508,4596579
2024-03-06,1490.642333984375,1493.0383239437163,1452.3521668225044,1477.0495710017406,6420684
2024-03-07,1489.6285400390625,1500.6870590284748,1478.3396352373709,1489.7667940250446,6348359
2024-03-11,1475.02197265625,1487.186409973432,1463.4105512344881,1481.9796685740168,6752895
2024-03-12,1486.4029541015625,1497.5075938718044,1472.3034116366352,1474.469015504546,4614222
2024-03-13,1484.9747314453125,1497.046924837975,1473.1329238521018,1486.3570462420234,5688997
2024-03-14,1523.58740234375,1527.6882245455754,1481.8414508033693,1487.7393497230903,8803799
2024-03-15,1505.8016357421875,1516.6758908384104,1491.3794617139743,1512.344570167545,11809997
2024-03-18,1476.9112548828125,1504.5575513115562,1473.4093456712776,1502.11543929507,4958904
2024-03-19,1438.943603515625,1473.5475961267095,1435.764324431153,1467.4193112677192,6870411
2024-03-20,1432.9534912109375,1451.3843544053573,1430.5575014942751,1440.371958643916,4759059
2024-03-21,1432.72314453125,1453.2274803947662,1422.3097740379771,1441.2935411478331,11062497
2024-03-22,1390.4705810546875,1408.9475691551058,1380.6561224439051,1401.6673546108455,14673890
2024-03-26,1375.54150390625,1389.1802760076575,1371.164173630106,1374.9424783172167,8351081
2024-03-27,1367.4317626953125,1381.3931637333237,1365.3122809739452,1378.6285343195814,6857402
2024-03-28,1380.5179443359375,1393.189164332538,1370.47310016729,1370.47310016729,12499530
2024-04-01,1378.1217041015625,1409.9149438246613,1375.6797046680076,1405.3533500790074,6580002
2024-04-02,1366.510498046875,1376.0024392990347,1364.6674113954327,1368.353584698317,7279400
2024-04-03,1364.48291015625,1377.7991638971826,1359.2761687738598,1362.9623414349414,8736248
2024-04-04,1370.058349609375,1378.306229462609,1352.825535267705,1373.6063812324333,11186915
2024-04-05,1363.054443359375,1370.0581487632178,1360.2438042627782,1363.9299768430176,5072482
2024-04-08,1360.8428955078125,1373.97488704448,1358.4469055155266,1366.6486630791478,6610887
2024-04-09,1377.56884765625,1395.0321590156452,1370.6112639030227,1373.0993855776476,9423230
2024-04-10,1388.581298828125,1391.3919380114644,1368.076963217734,1382.6372778632074,6744595
2024-04-12,1368.2611083984375,1388.5811786121503,1363.4230071564157,1386.0008129525172,12275616
2024-04-15,1352.963623046875,1374.8962829242955,1346.420689060188,1363.8838870765444,8531224
2024-04-16,1303.476806640625,1340.983684459676,1302.1867360834249,1337.159257468646,16173541
2024-04-18,1307.900146484375,1331.3533752077963,1297.072014216493,1309.6049788534715,22107945
2024-04-19,1300.52783203125,1314.903883353496,1270.5776782377934,1276.3373231980736,20603621
2024-04-22,1320.341064453125,1324.1193692022916,1302.1867077963823,1308.4992564312556,5859087
2024-04-23,1329.2340087890625,1333.334831262017,1320.571479724218,1329.786912241484,4856174
2024-04-24,1318.4979248046875,1330.9848800805114,1315.0882599841418,1330.9848800805114,4268213
2024-04-25,1325.59375,1331.5377710414832,1308.5913232271268,1308.5913232271268,9089398
2024-04-26,1318.0372314453125,1331.9986341616486,1315.0422158870554,1326.7457701482465,8062444
2024-04-29,1322.1842041015625,1326.838042603384,1316.1941728580287,1317.7607514168,5055957
2024-04-30,1309.0982666015625,1323.8429581264434,1306.3336369406475,1322.1380131744238,6936588
2024-05-02,1303.476806640625,1312.2775896866656,1301.08081668616,1302.1406139236367,10076354
2024-05-03,1305.1817626953125,1313.0148803966708,1293.109456008172,1310.5266461015717,8842345
2024-05-06,1314.028564453125,1332.27505360971,1305.9189387214822,1308.5914366893924,6445422
2024-05-07,1327.8978271484375,1330.1095536570126,1304.5367260418682,1313.1531337487147,6080661
2024-05-08,1315.3187255859375,1326.7918940500197,1313.7520345652563,1322.6449494254493,6234983
2024-05-09,1326.607421875,1336.1913801730982,1313.060670734901,1315.5489046143746,6088406
2024-05-10,1313.1070556640625,1323.2900415168567,1302.140668020757,1322.4607425507959,8777481
2024-05-13,1311.770751953125,1313.199189050727,1300.4818466437416,1313.199189050727,3735954
2024-05-14,1312.922607421875,1321.2626187308836,1306.7944348778417,1314.489298423798,3463230
2024-05-15,1308.545166015625,1319.4655424641765,1307.255095585117,1314.120547134986,4327544
2024-05-16,1339.3248291015625,1341.5365553493355,1315.0421875208667,1321.4468679639122,9249145
2024-05-17,1330.98486328125,1342.6884167000094,1326.3310252131012,1342.6884167000094,7542860
2024-05-21,1321.63134765625,1331.3535619861623,1316.3324736753857,1317.8069204584017,6752663
2024-05-22,1340.6610107421875,1345.4068679388222,1315.9636094884577,1316.6547668463822,7173285
2024-05-23,1356.8802490234375,1362.17912249703,1336.2376585581328,1340.5688666610595,8641428
2024-05-24,1350.1529541015625,1359.737026123514,1345.4531061608475,1353.0558377538796,5277938
2024-05-27,1355.91259765625,1363.5153292403581,1345.6834903871545,1356.373369267408,5821844
2024-05-28,1351.9500732421875,1360.1978403527887,1345.7296562893546,1359.7370687266528,6186922
2024-05-29,1337.1131591796875,1350.521658721026,1336.237738072663,1350.4295268928772,7401634
2024-05-30,1315.456787109375,1336.0993771509409,1310.0197722599248,1329.6025651299135,9663150
2024-05-31,1322.459716796875,1350.5181357141773,1315.9738228639974,1325.18568552157,37113815
2024-06-03,1321.519775390625,1353.5731158092904,1319.7337879140582,1353.5731158092904,10589244
2024-06-04,1310.0050048828125,1330.0735833506835,1276.8236180013437,1324.4336953647442,13736134
2024-06-05,1344.2672119140625,1351.6930870098186,1316.1148183429186,1316.1148183429186,9233424
2024-06-06,1383.8875732421875,1385.8145809499692,1351.2232206049546,1358.2260359203012,12660930
2024-06-07,1441.5552978515625,1447.2891608293014,1388.5873745776473,1392.1123044504961,24075302
2024-06-10,1409.737060546875,1437.983546630723,1407.4341520864498,1433.7536304630544,6810606
2024-06-11,1405.97705078125,1416.0348049461413,1404.2850385180848,1410.0190163300265,4853054
2024-06-12,1396.060302734375,1418.1969101793593,1393.7573942458623,1416.5519427607585,9564320
2024-06-13,1404.28515625,1414.6719965407349,1399.961264790733,1405.2721826102318,7307565
2024-06-14,1399.5382080078125,1413.4498626747718,1396.8592841989566,1413.4498626747718,4237727
2024-06-18,1408.2799072265625,1416.5517883847267,1405.6480284899164,1407.151975588544,5420939
2024-06-19,1420.6407470703125,1424.6827126496337,1406.8699977638037,1414.6718886285164,5493456
2024-06-20,1424.4476318359375,1426.4215695435462,1409.125891319924,1425.2936379231433,7927010
2024-06-21,1440.70947265625,1464.256053061363,1432.2496398990345,1452.2712899886412,17301941
2024-06-24,1435.492431640625,1437.3253492351942,1424.4476516241698,1433.0485032665965,5564989
2024-06-25,1449.4041748046875,1451.237207255743,1429.1006009006553,1434.4115183965616,4551525
2024-06-26,1448.2291259765625,1455.889996430208,1442.8712785271127,1448.5111662607692,4851004
2024-06-27,1478.9195556640625,1483.6665071274144,1440.0983968135813,1446.1141853395814,14757754
2024-06-28,1472.7156982421875,1493.1602914681441,1470.3657449978248,1478.1676356666337,8197544
2024-07-01,1495.3223876953125,1503.8761950899986,1465.900925341744,1465.900925341744,6801771
2024-07-02,1523.7568359375,1535.7415983279318,1491.2804339153117,1500.3982072481522,10493173
2024-07-03,1529.7257080078125,1537.8095248596555,1509.6100836947476,1527.469729765856,7269965
2024-07-04,1551.580322265625,1560.3691254148293,1530.2897205875556,1530.4776709701966,8008311
2024-07-05,1548.572265625,1565.8679458210338,1535.3185512266714,1552.332191113537,7065022
2024-07-08,1561.9200439453125,1566.008939897241,1541.5694246287367,1544.483343885064,5880533
2024-07-09,1557.6900634765625,1566.7138611771477,1551.9091554243114,1560.2750121000736,5191182
2024-07-10,1549.32421875,1573.5287378659184,1539.2664644712022,1557.5490553427878,9852770
2024-07-11,1553.507080078125,1565.0688961998292,1543.4963708254108,1556.6090643284788,8857679
2024-07-12,1609.012939453125,1616.532789615605,1566.6198071109059,1579.1685341207829,17078316
2024-07-15,1604.59521484375,1624.2877782953476,1600.4592739409936,1622.5957659620963,6942230
2024-07-16,1622.4549560546875,1633.5937127967557,1597.9683944654953,1615.452025715,6886281
2024-07-18,1652.5341796875,1659.4430193327232,1615.827863817848,1615.827863817848,11248896
2024-07-19,1685.3394775390625,1733.3255702708213,1679.2295989019908,1733.3255702708213,29819116
2024-07-22,1702.1650390625,1713.5858343024156,1685.33935158603,1692.1072854937383,8462126
2024-07-23,1726.6517333984375,1729.5186076175692,1676.2217119382558,1701.3662125939957,7113056
2024-07-24,1723.8787841796875,1731.7746506207213,1710.3900744958235,1727.2157639340674,6002845
2024-07-25,1715.324951171875,1721.0118842620095,1703.246213719811,1710.7660645530111,5815599
2024-07-26,1766.1309814453125,1769.9848820315087,1715.7949342558115,1715.7949342558115,11369047
2024-07-29,1758.799072265625,1788.78450012986,1752.1252276626687,1779.9486525351583,4635931
2024-07-30,1764.4859619140625,1767.1178407699306,1748.365259289592,1758.7990290172347,2721265
2024-07-31,1756.1201171875,1772.0058245898792,1753.1122228334534,1764.344953812893,5004209
2024-08-01,1741.409423828125,1755.7911843622094,1734.3595637121655,1744.699358548906,7475014
2024-08-02,1711.89404296875,1747.8953757120823,1707.1472058471231,1732.3856829456133,7400938
2024-08-05,1646.75341796875,1689.616546348778,1615.405061601391,1677.8197340219435,10736703
2024-08-06,1646.0013427734375,1689.0994653436978,1640.126459251215,1654.5551502330297,7690163
2024-08-07,1684.11767578125,1689.9925594528395,1656.341179884447,1688.2065718679119,5094329
2024-08-08,1638.5284423828125,1673.1196857214622,1623.4416964698462,1673.1196857214622,6227910
2024-08-09,1664.471923828125,1673.8717370362467,1650.6071993461458,1664.9419144885312,4258524
2024-08-12,1689.5225830078125,1695.2564465708763,1661.9810822256,1666.634058979033,4315329
2024-08-13,1689.5693359375,1701.366147109179,1681.673584839887,1701.366147109179,4176918
2024-08-14,1713.821044921875,1715.4660123309595,1689.5694795075585,1693.8464406687062,7450718
2024-08-16,1747.378173828125,1750.1041425189478,1719.6957707243737,1738.9653871768742,7335657
2024-08-19,1752.8773193359375,1755.46226812506,1738.2135180462226,1748.3653628246682,2585989
2024-08-20,1759.8331298828125,1772.5228787734409,1756.073204285589,1767.165030694927,3870333
2024-08-21,1760.3028564453125,1766.2247842698705,1755.0389843478197,1762.5588344138969,1966902
2024-08-22,1767.39990234375,1779.9956751616294,1757.4830533776285,1770.9248323444356,4300287
2024-08-23,1750.3392333984375,1769.6088509029312,1745.5453515046195,1765.4729100507645,5015935
2024-08-26,1763.5460205078125,1775.3897624868237,1752.125224235838,1757.7651122966831,3728589
2024-08-27,1786.0584716796875,1788.5494451104064,1761.431007151832,1763.54596510821,3830679
2024-08-28,1822.7178955078125,1833.9036970289214,1783.5207173325039,1792.4505405625268,6514531
2024-08-29,1817.3128662109375,1833.4335688344042,1805.610144647818,1816.9838956969513,7228284
2024-08-30,1827.041748046875,1832.9636765918535,1812.284086394407,1821.6839001205192,13466759
2024-09-02,1846.5933837890625,1857.1681741009113,1826.195834151735,1826.712755054023,5573739
2024-09-03,1824.7388916015625,1848.943412636329,1820.226934986873,1848.943412636329,4694322
2024-09-04,1807.0670166015625,1811.5319278069883,1786.0115271331308,1805.7980647866775,4778310
2024-09-05,1817.1248779296875,1823.5637269032381,1794.9882723576418,1810.638983993486,4081810
2024-09-06,1787.7034912109375,1820.2738676395406,1783.00358450389,1806.6441381891027,5848106
2024-09-09,1780.9356689453125,1805.5631341580754,1775.6247514250556,1776.564732765143,4772612
2024-09-10,1797.5263671875,1818.8638977650467,1782.2046254069915,1790.5704823041315,6909600
2024-09-11,1795.5052490234375,1810.4039292305977,1790.6643225255912,1799.7820949632378,5312946
2024-09-12,1833.3865966796875,1838.9795546148218,1796.1164275717779,1809.464116978717,8555092
2024-09-13,1827.417724609375,1841.0474542218399,1819.4749280775688,1833.3865832495185,3843127
2024-09-16,1833.19873046875,1834.8436979233431,1817.0310962411352,1828.9688141569388,1570181
2024-09-17,1835.360595703125,1840.9063937669002,1825.584766901514,1830.8486394119768,2793127
2024-09-18,1778.585693359375,1822.388800311061,1768.3869188956942,1822.388800311061,6385468
2024-09-19,1780.5125732421875,1809.370068657787,1766.036952686509,1795.9282898631557,7976570
2024-09-20,1791.3695068359375,1800.0643345616268,1755.3212440246816,1790.664520804125,15242974
2024-09-23,1782.6275634765625,1803.73021337189,1765.7078993837924,1794.4243751721033,3636672
2024-09-24,1784.6485595703125,1796.210376017183,1759.0811128709156,1774.6847802570394,7277616
2024-09-25,1781.546630859375,1787.4684442930745,1764.156976545127,1773.1337292502485,4268341
2024-09-26,1786.1995849609375,1802.8372091877666,1779.384720079492,1783.8966765192179,8952803
2024-09-27,1792.3094482421875,1856.0871602157958,1789.0665584656958,1816.137952637302,14908931
2024-09-30,1763.029052734375,1787.1395980713203,1758.2351706468926,1767.1649937536263,6986955
2024-10-01,1790.053466796875,1794.3773580722982,1762.4650370326212,1762.4650370326212,4029072
2024-10-03,1779.7606201171875,1797.1032292411892,1768.1048290238766,1776.0946700907043,7503887
2024-10-04,1803.0252685546875,1836.8175525476968,1772.8048448832324,1776.1418246086153,10001483
2024-10-07,1818.2059326171875,1825.4437429610623,1801.0512733437376,1807.772048058558,6112575
2024-10-08,1831.6005859375,1840.4363182559603,1791.933306709296,1821.5897622643915,5637391
2024-10-09,1835.5484619140625,1858.3430081700687,1828.3575821051584,1835.3605115538048,4857163
2024-10-10,1803.82421875,1846.1233796899428,1799.2182871655539,1840.3895163779584,4782119
2024-10-11,1818.9578857421875,1830.1436867455332,1795.4583520140732,1802.8842276209207,4709431
2024-10-14,1841.3294677734375,1851.2932470173037,1815.1979406537325,1816.1849669571325,3751378
2024-10-15,1841.70556640625,1871.9258760220825,1834.6086610794148,1842.3635074756771,5353705
2024-10-16,1804.8582763671875,1841.9406117141925,1801.3333460914546,1837.66365041544,3111512
2024-10-17,1849.977294921875,1859.2831333510103,1814.3050481446446,1819.0518851747047,8162822
2024-10-18,1766.7889404296875,1820.6028732629586,1757.0601563072833,1780.1367445813487,10526196
2024-10-21,1741.550537109375,1784.8367264336412,1727.6858114732324,1777.5988008145812,4654601
2024-10-22,1740.4693603515625,1765.0969393741664,1736.098424337156,1746.6732140121014,4125240
2024-10-23,1760.961181640625,1772.804924358305,1733.325705470156,1734.5006822227795,4311910
2024-10-24,1751.51416015625,1770.9247972575436,1748.3652457001226,1749.6812424897346,2906475
2024-10-25,1750.2923583984375,1763.7340231622866,1735.5816269882255,1751.6082405232555,4689120
2024-10-28,1753.394287109375,1768.951025226307,1745.5454653432146,1748.0833692337449,7018940
2024-10-29,1748.59326171875,1760.2866061853301,1738.8011693476826,1754.9627985871089,4621252
2024-10-30,1713.227783203125,1748.308049494395,1707.7613496606602,1741.6532608340028,5919715
2024-10-31,1670.5897216796875,1699.7282140714156,1660.369867072741,1699.7282140714156,7395236
2024-11-01,1674.011962890625,1678.9080088899161,1665.6460129974564,1677.4819828348002,371966
2024-11-04,1676.6739501953125,1679.8587185569368,1633.275200045737,1639.4546463788554,7336722
2024-11-05,1667.68994140625,1681.2371893406507,1658.9436944231081,1673.2039554066878,3160880
2024-11-06,1733.7625732421875,1737.089967643031,1675.7233776805178,1677.0067780250674,10421494
2024-11-07,1714.1309814453125,1735.6638830746192,1698.8724555004114,1723.5426610222241,4550965
2024-11-08,1739.704345703125,1749.829154713953,1723.7329222391422,1728.3437169759088,4210960
2024-11-11,1768.367431640625,1775.8778590726738,1732.669314114394,1738.8011800020988,3804234
2024-11-12,1776.6383056640625,1788.2366040442323,1769.2229240437619,1778.8248092339409,5012450
2024-11-13,1776.2581787109375,1780.8213927172376,1764.7549244206982,1769.3181384269985,4257495
2024-11-14,1772.5980224609375,1783.4833086013102,1764.469627272938,1773.5961711004963,4311431
2024-11-18,1722.11669921875,1758.005024675079,1706.477991896976,1758.005024675079,4839244
2024-11-19,1734.7607421875,1767.987103735295,1730.7679155470983,1735.4737552340218,4669769
2024-11-21,1743.6021728515625,1774.9271666789355,1730.8154024223286,1751.16006482196,5436504
2024-11-22,1808.438720703125,1819.6568388300636,1743.5545347717343,1762.6632608249854,6301486
2024-11-25,1796.5076904296875,1824.6480325215346,1789.1874693080074,1821.5107285834974,12764638
2024-11-26,1829.2586669921875,1842.9960045611826,1803.7328244508496,1811.0054643107326,6850495
2024-11-27,1829.591552734375,1845.6581372544963,1817.4703304442407,1834.9153604909611,4447143
2024-11-28,1765.0875244140625,1820.4648690644453,1760.3341042723987,1820.4648690644453,8468790
2024-11-29,1766.2283935546875,1784.4340168837268,1754.0121263454853,1759.811276019277,5244346
2024-12-02,1787.0960693359375,1789.9481217185034,1744.6954644082105,1767.321793063357,2868263
2024-12-03,1798.789306640625,1806.0620629902432,1778.8725217831325,1793.9408410909798,4715792
2024-12-04,1796.079833984375,1819.5616835014869,1782.53258632828,1791.0887427426558,4705573
2024-12-05,1839.4310302734375,1853.7388717964993,1795.7946087095554,1806.2997139926326,9050038
2024-12-06,1827.5950927734375,1842.3781605401093,1818.088252003757,1837.4822303839658,3573331
2024-12-09,1828.783447265625,1835.0103583375276,1803.6377838079438,1829.3062538776032,4274645
2024-12-10,1852.4554443359375,1868.6645376907804,1836.7215769538172,1843.3763652761136,6174921
2024-12-11,1876.79296875,1880.4530791874988,1855.7352935156714,1858.5873457085745,5025612
2024-12-12,1889.00927734375,1900.2273959695365,1873.3705705619063,1877.7911587179638,6462130
2024-12-13,1901.0828857421875,1907.500003205855,1857.4465798294907,1872.6099443049989,5362693
2024-12-16,1882.402099609375,1900.9879041439099,1880.0728539329739,1897.042541916786,3119221
2024-12-17,1879.1221923828125,1884.2559097971648,1861.439491111427,1870.9463322304846,5811050
2024-12-18,1881.54638671875,1887.060284654621,1864.8618349910091,1869.8054617493733,3064095
2024-12-19,1850.2213134765625,1863.1031292043601,1825.3134369549032,1838.623014099366,5323592
2024-12-20,1827.357421875,1882.3068918972044,1816.9949422253026,1877.7436779576376,11056720
2024-12-23,1829.4013671875,1844.3270603797318,1814.8558547757257,1834.8678004850174,2781793
2024-12-24,1814.9034423828125,1846.2284355881454,1749.2586619372746,1832.015755380025,2360544
2024-12-26,1813.3348388671875,1825.0757640546135,1808.4863732653307,1814.9034908105154,3623321
2024-12-27,1822.2237548828125,1829.25884045684,1810.007487366256,1815.236249934069,3937500
2024-12-30,1812.0037841796875,1821.5106246003575,1793.4654453593812,1821.2253729676181,7789055
2024-12-31,1787.2860107421875,1803.4476395627287,1754.0596496753712,1798.9794709559926,3613063
2025-01-01,1789.662841796875,1799.597444352464,1781.5820268405544,1781.5820268405544,1838368
2025-01-02,1861.296875,1865.8602051810894,1792.3248119514092,1793.9409285299619,7083645
2025-01-03,1843.1387939453125,1856.6384617090841,1827.214835312903,1856.6384617090841,6218003
2025-01-06,1842.283203125,1875.6997732327457,1832.9189877307317,1855.7354066651392,7164403
2025-01-07,1835.6282958984375,1861.9623140172655,1828.7834170796311,1849.08049857111,4294832
2025-01-08,1837.81494140625,1842.9961231909604,1795.6045452981161,1834.8202633622047,5482050
2025-01-09,1822.7467041015625,1855.5927707165636,1816.3295863112587,1838.670663062687,6833503
2025-01-10,1869.947998046875,1880.2630131182193,1836.9593070090002,1841.475056372847,8036913
2025-01-13,1865.4322509765625,1885.0164358188285,1852.8832675701437,1859.538056114521,5804152
2025-01-14,1844.374755859375,1874.5589763818855,1835.8660634362316,1871.7543886244132,5792162
2025-01-15,1853.501220703125,1861.4869901029845,1841.5700892018165,1850.981884706997,2985439
2025-01-16,1833.3466796875,1869.948017007702,1822.3187674971882,1868.9973329214629,7533579
2025-01-17,1725.9193115234375,1766.3709642563163,1722.6394979722525,1759.7161759087412,16409953
2025-01-20,1723.8756103515625,1737.8030402662885,1704.7193015774908,1733.0496195308024,4333011
2025-01-21,1711.896728515625,1741.3204695981628,1704.6240883474466,1729.3418737355341,7169109
2025-01-22,1764.8974609375,1773.7864501626696,1716.1274359637641,1718.2664752007781,8373913
2025-01-23,1773.4534912109375,1786.8582289789933,1761.3322697336553,1766.370941552174,5907471
2025-01-24,1782.96044921875,1801.4513245969808,1772.312833717117,1773.501188842313,4887027
2025-01-27,1732.146484375,1771.1245336940863,1722.639643077662,1757.5772848453794,7652371
2025-01-28,1739.51416015625,1771.599747206543,1734.9033656716754,1739.7518311714375,6999495
2025-01-29,1788.474365234375,1795.5094503993766,1749.7339902797964,1754.0120684956396,5145155
2025-01-30,1768.2247314453125,1794.1308715011382,1753.0613674474346,1780.7738303869369,7336056
2025-01-31,1787.0960693359375,1803.8755513464537,1778.7300025936208,1778.7300025936208,5820470
2025-02-01,1760.0489501953125,1797.3633003755383,1754.9628135718901,1787.571323971164,1701402
2025-02-03,1771.40966796875,1784.0062318529979,1742.0335070965566,1745.4559465267448,4823228
2025-02-04,1805.1590576171875,1816.9474478919842,1782.5327290891591,1795.8423067996916,7334787
2025-02-05,1803.4952392578125,1825.0281403385413,1800.88085809743,1812.0038151596648,4996744
2025-02-06,1821.177978515625,1829.116167362465,1806.2997494743677,1822.46137881177,4765255
2025-02-07,1809.7696533203125,1828.8307982430788,1796.2698706401704,1824.647881405861,4126260
2025-02-10,1787.5712890625,1811.0531389851265,1785.9550565261386,1811.0531389851265,3828734
2025-02-11,1783.150634765625,1809.1518213900456,1777.7792464526458,1790.2331848086437,4411601
2025-02-12,1771.2672119140625,1801.1661822584174,1755.9136395546725,1792.0396375530902,5633947
2025-02-13,1752.3485107421875,1781.106705479717,1745.1233346132335,1776.3532848619434,5237744
2025-02-14,1764.8499755859375,1767.6069826690268,1738.1832403249714,1762.568310549922,5292961
2025-02-17,1751.4451904296875,1761.3797918708847,1732.2888845014002,1747.8801254076848,4428956
2025-02-18,1760.619384765625,1769.8410902296603,1746.977091046225,1751.445375977347,4365260
2025-02-19,1721.498779296875,1758.004955145868,1716.840404092615,1756.2937934312417,4611411
2025-02-20,1735.14111328125,1740.7025920720746,1716.5077280780874,1716.5077280780874,2218020
2025-02-21,1725.4915771484375,1739.6092122968646,1717.1255109603246,1731.956275207461,3379879
2025-02-24,1677.1016845703125,1718.8367369576058,1663.9347338827708,1711.2788452920981,7594720
2025-02-25,1680.5242919921875,1690.7441464007027,1659.0864344677666,1659.0864344677666,5092963
2025-02-27,1677.2919921875,1688.2723238346587,1664.7428925260701,1668.640674098442,5757079
2025-02-28,1604.469482421875,1668.5456129045258,1599.478390980019,1668.4981483304996,12182167
2025-03-03,1624.3388671875,1643.3525496222132,1608.8427856333933,1608.8427856333933,7504969
2025-03-04,1605.0400390625,1615.2123126810395,1587.6424733239176,1611.4095762179882,6759673
2025-03-05,1627.0958251953125,1647.4879525703643,1608.9852468032536,1608.9852468032536,8180782
2025-03-06,1631.2313232421875,1637.3633054431778,1607.7018912844446,1630.42326495067,10610547
2025-03-07,1602.853271484375,1620.9162680194895,1592.8710891886537,1619.109945155919,8019331
2025-03-10,1617.5413818359375,1634.225933863566,1593.5366088108908,1602.8533592169706,7558981
2025-03-11,1579.656494140625,1597.149102761885,1556.3172718227022,1597.149102761885,12671234
2025-03-12,1512.395751953125,1556.174800445261,1486.6798171088662,1556.174800445261,14870008
2025-03-13,1501.938232421875,1526.8462251444753,1492.8592690164621,1520.381526929375,7822888
2025-03-17,1511.6353759765625,1515.3905319411103,1468.9496345204805,1468.9496345204805,7526032
2025-03-18,1511.6353759765625,1511.6353759765625,1511.6353759765625,1511.6353759765625,0
2025-03-19,1508.307861328125,1523.9465678973438,1495.2359553339961,1523.9465678973438,7387068
2025-03-20,1535.8778076171875,1551.4214700841842,1513.4891497172634,1513.4891497172634,7186750
2025-03-21,1514.011962890625,1524.8022038807094,1486.5371700431922,1500.131882621123,10074677
2025-03-24,1514.2021484375,1527.844442496362,1495.140885206093,1519.1456594946171,8857726
2025-03-25,1548.141357421875,1555.461694060302,1525.8478634077803,1525.8478634077803,9890140
2025-03-26,1520.5716552734375,1556.9829031533513,1516.3411573986234,1545.8123648464964,6651302
2025-03-27,1524.469482421875,1540.0606082841557,1507.7849306219216,1516.8640098840594,9426573
2025-03-28,1493.1920166015625,1519.620965158934,1483.0672076469882,1511.5877308709687,6799047
2025-04-01,1451.21923828125,1471.0885586286036,1442.9957978349414,1463.3404602190724,12680733
2025-04-02,1473.7030029296875,1478.9317655581158,1459.4902057913214,1459.4902057913214,6193478
2025-04-03,1422.6986083984375,1458.967226269639,1411.8133230002038,1458.967226269639,10459504
2025-04-04,1380.060546875,1399.4069443976105,1376.5905268259103,1388.4740776445042,9590254
2025-04-07,1327.8680419921875,1336.5668248830998,1242.5441423903983,1285.3249277060586,21715252
2025-04-08,1358.3375244140625,1384.671428260199,1345.218037067066,1360.4289830692378,12805001
2025-04-09,1334.4752197265625,1339.9416532809853,1313.7503760547593,1335.758736096975,8546854
2025-04-11,1339.9417724609375,1367.8444460129276,1328.1533814570482,1341.653050406826,12567440
2025-04-15,1355.675537109375,1376.3053358191778,1339.513907284088,1374.3089224037624,10178530
2025-04-16,1343.4117431640625,1357.1016180730755,1327.9156612183533,1354.7249077086744,12022740
2025-04-17,1349.4959716796875,1359.2880635441882,1310.3278363222762,1329.0562651695689,14264227
2025-04-21,1379.442626953125,1399.2169026224717,1340.4645789137878,1340.4645789137878,15648970
2025-04-22,1352.6334228515625,1368.985143422317,1349.3060284057444,1368.985143422317,9399738
2025-04-23,1402.1639404296875,1414.4277879886072,1368.6047467603623,1374.6891479419496,11136642
2025-04-24,1398.8365478515625,1409.7694145318515,1389.4247524558623,1397.4105217628291,7114292
2025-04-25,1407.2025146484375,1427.642222162945,1391.3261370921732,1402.7343459374797,8329979
2025-04-28,1409.0087890625,1416.1389193452367,1393.0373668593481,1407.2024661808139,5886253
2025-04-29,1423.6495361328125,1435.3429977745961,1401.403503476668,1408.9139315851942,8056743
2025-04-30,1426.1212158203125,1434.3922372400868,1409.4842438297574,1422.9840278751349,7704183
2025-05-02,1432.5859375,1448.082019175758,1422.4135476873855,1425.740942139582,7402310
2025-05-05,1434.2020263671875,1447.8919007730015,1428.6881281546378,1440.2864278864722,4282493
2025-05-06,1436.9588623046875,1440.8566434846055,1425.1703575249446,1431.730100318134,4270530
2025-05-07,1433.9168701171875,1443.8990531370239,1422.7937965506155,1426.026145690909,5691799
2025-05-08,1436.864013671875,1441.7124795125974,1427.1669659401214,1433.631664427957,8424409
2025-05-09,1433.2513427734375,1436.8639888159648,1420.4171072727893,1426.6915991963783,4478653
2025-05-12,1546.66796875,1551.516434397431,1456.4480254270004,1461.2014458755218,11372857
2025-05-13,1491.2430419921875,1532.6928451513845,1487.4403056280353,1529.6507024801845,12846210
2025-05-14,1513.869384765625,1516.3411402167324,1492.0986956552736,1496.3767741072957,4870057
2025-05-15,1533.453369140625,1538.7771765983814,1493.5246391320036,1511.3975456512203,11151167
2025-05-16,1511.49267578125,1533.0731584594146,1503.5069061207216,1533.0731584594146,4576751
2025-05-19,1482.8770751953125,1506.8342676039738,1478.9791776249906,1498.7534529196623,8855798
2025-05-20,1483.6375732421875,1505.4082621953962,1481.1658178089215,1492.5740269319685,7143998
2025-05-21,1491.14794921875,1493.5246593705174,1475.556707413097,1490.577561992386,4157309
2025-05-22,1471.1834716796875,1483.82761514235,1464.0533417684774,1478.7889435849781,6158990
2025-05-23,1487.6304931640625,1508.9257236923431,1473.5603223754533,1473.5603223754533,5038421
2025-05-26,1502.55615234375,1505.693456152503,1485.6339297061554,1489.3416207391451,3170102
2025-05-27,1492.669189453125,1504.8379932276155,1479.6448627674063,1501.985940722686,7775714
2025-05-28,1494.2852783203125,1509.4010623010483,1492.5740005619675,1503.0315254066693,3623370
2025-05-29,1507.40478515625,1529.5557725671263,1498.8486276920114,1510.6371345194693,8609500
2025-05-30,1506.5369873046875,1515.5027951891782,1499.2101525439637,1514.5387348868949,13148092
2025-06-02,1497.9569091796875,1503.9340358386107,1483.6887699715526,1503.9340358386107,4374509
2025-06-03,1487.5450439453125,1510.9717563250315,1480.410974183671,1502.9700087561519,6853403
2025-06-04,1495.4503173828125,1501.3311794658816,1486.0025968815146,1487.545069852834,4548307
2025-06-05,1498.43896484375,1511.3572786610305,1486.195328477135,1492.2689554139665,6948539
2025-06-06,1507.5975341796875,1512.5142181403369,1487.641415492617,1498.8244913615613,3960020
2025-06-09,1516.3704833984375,1530.9277705261318,1514.5387452749073,1521.2871674371763,2903202
2025-06-10,1538.6402587890625,1549.726952383094,1520.8051430073597,1527.0715350387688,8591925
2025-06-11,1572.478759765625,1575.8529708756475,1532.9522867625028,1532.9522867625028,10597410
2025-06-12,1550.787353515625,1569.4901466126246,1540.6647205061456,1558.8854834598367,10483574
2025-06-13,1544.424560546875,1551.1729824718614,1513.7673967286814,1519.3589933969258,6968315
2025-06-16,1565.441162109375,1576.0458254086714,1539.7006814911979,1542.4964798976407,5591842
2025-06-17,1580.9625244140625,1588.192976732241,1557.5358118299073,1562.45249586964,7622083
2025-06-18,1574.214111328125,1585.589952431105,1562.7417700471647,1562.7417700471647,5629707
2025-06-19,1560.2352294921875,1571.4183055533617,1553.5831898154863,1565.5375611980423,5147760
2025-06-20,1564.573486328125,1572.0930860674746,1551.076642111549,1560.8136276168789,9202821
2025-06-23,1527.071533203125,1543.4605584963404,1518.7806380620095,1543.4605584963404,7943676
2025-06-24,1524.7576904296875,1551.172965207259,1519.9373891083474,1543.4604830931148,8083992
2025-06-25,1556.8609619140625,1561.6812632899293,1528.1319186406413,1532.8558375256184,7813533
2025-06-26,1557.92138671875,1565.6338688312192,1548.8591966999713,1550.9801998907828,6519233
2025-06-27,1550.208984375,1571.0326636135578,1544.8102701550988,1560.8136478253264,8912268
2025-06-30,1544.2318115234375,1556.9573602116636,1536.8084767193552,1556.9573602116636,6294505
2025-07-01,1549.05224609375,1559.5604099565173,1542.9786187031953,1551.1731318297038,4178937
2025-07-02,1552.619140625,1589.735462831807,1545.7743359105034,1559.8495930029494,8653641
2025-07-03,1560.5244140625,1573.7321112354073,1556.9574379034102,1560.331649069145,5259695
2025-07-04,1581.733642578125,1584.3366759246808,1554.3544249759318,1566.5979433677658,4411273
2025-07-07,1568.5262451171875,1584.915271648836,1564.670003580329,1581.0590301119776,3294523
2025-07-08,1579.8055419921875,1587.035994129852,1563.2237521630664,1569.490144015709,4590681
2025-07-09,1574.9853515625,1579.1308581535004,1565.2483655342028,1578.9380931561673,4580828
2025-07-10,1557.728759765625,1579.9985303020203,1549.3413641152463,1579.9985303020203,5330179
2025-07-11,1537.5797119140625,1549.341199857552,1506.826166489392,1522.3475129338776,11391755
2025-07-14,1513.8638916015625,1534.5911874414394,1503.7412587495296,1534.5911874414394,9173426
2025-07-15,1528.614013671875,1545.967099361679,1507.790334380739,1508.8507771918205,7614807
2025-07-16,1550.1126708984375,1554.0652948238287,1521.769272878048,1522.2513030563432,6223491
2025-07-17,1526.589599609375,1552.1371994765352,1523.3117708067696,1540.5684750083872,7374814
2025-07-18,1529.095947265625,1541.821613244393,1523.2152032454187,1534.8803087969368,5161833
2025-07-21,1527.36083984375,1531.8918763569468,1510.4897839367352,1523.2153333190533,3682661
2025-07-22,1514.4423828125,1528.806905141675,1508.7544033781517,1508.7544033781517,8473741
2025-07-23,1517.9129638671875,1534.6876368616054,1494.2934861823694,1519.648319505044,8035026
2025-07-24,1496.70361328125,1525.14339208434,1492.558106924831,1523.21527148752,14169664
2025-07-25,1461.2261962890625,1493.8114825426642,1456.9844249801497,1487.930738061539,10851259
2025-07-28,1461.515380859375,1464.6968268487494,1429.2193615593824,1459.4908778130184,6439855
2025-07-29,1459.2979736328125,1462.6721845547067,1442.3305365336291,1458.5267960319763,7070448
2025-07-30,1464.40771484375,1467.0106307922656,1451.8749299240865,1465.2753927209724,5719051
2025-07-31,1454.76708984375,1472.21655890233,1443.198365471235,1455.4418850255533,6851407
2025-08-01,1416.782958984375,1444.8370894973941,1412.83033538686,1440.2096707795008,8702978
2025-08-04,1427.291259765625,1429.5086455065348,1398.8514812022438,1408.9741142502269,8610216
2025-08-05,1407.8172607421875,1425.5558755811649,1402.7076942328947,1425.5558755811649,10213323
2025-08-06,1385.0654296875,1403.768223634903,1378.895537719122,1399.8155998166778,10566934
2025-08-07,1385.2581787109375,1390.1748623852432,1363.3739407112198,1378.60613953599,9892020
2025-08-08,1371.9542236328125,1381.6912093691872,1366.169861688454,1373.785961785155,10048009
2025-08-11,1376.870849609375,1381.884033692687,1363.1812406590395,1368.8692198674414,6625368
2025-08-12,1372.9183349609375,1389.2109785794498,1369.9297713819558,1376.8709588997938,9899184
2025-08-13,1375.3284912109375,1382.462561438393,1371.279484756972,1373.7860181657672,10318063
2025-08-14,1395.6700439453125,1417.1686356270611,1374.9427475738962,1374.9427475738962,12902347
2025-08-18,1384.19775390625,1412.0590009823861,1378.2205097468736,1412.0590009823861,7254561
2025-08-19,1388.2469482421875,1397.309139357621,1381.2092603896435,1381.2092603896435,3986094
2025-08-20,1442.427001953125,1445.1264179190935,1388.921654258322,1388.921654258322,10413061
2025-08-21,1442.619873046875,1453.802949118853,1430.9547668193538,1453.802949118853,6565539
2025-08-22,1434.0396728515625,1450.2359327005538,1432.6899649169563,1444.258688328196,5543397
2025-08-25,1477.0367431640625,1483.6887826854402,1452.549588321255,1452.549588321255,10694531
2025-08-26,1474.6265869140625,1483.1103644867733,1464.021923789744,1468.2638125760993,15994798
2025-08-28,1446.1868896484375,1474.6266696224122,1444.162386475055,1474.6266696224122,5443364
2025-08-29,1416.782958984375,1447.922152992462,1414.951220922169,1447.922152992462,8169075
2025-09-01,1445.5120849609375,1449.368326287933,1423.1458146544753,1423.6278448203498,4546057
2025-09-02,1444.837158203125,1458.4305028963795,1432.8829043510907,1445.5120710387366,5218763
2025-09-03,1425.9415283203125,1447.9221496497632,1420.0607841831338,1446.0904115917858,4623483
2025-09-04,1410.4202880859375,1430.665555379037,1407.6244895421655,1430.665555379037,5787724
2025-09-05,1392.681396484375,1419.771465639559,1381.4983212585462,1417.1685500698275,5466487
2025-09-08,1381.402099609375,1405.5999908675153,1376.967445534214,1398.8515684147906,3811567
2025-09-09,1450.2359619140625,1453.0316426482493,1419.5787971834648,1427.7733097648295,13072640
2025-09-10,1477.518798828125,1479.7361846012639,1455.056264347903,1455.8274419814547,7281071
2025-09-11,1455.4417724609375,1472.6020926929066,1452.3568266067848,1469.1314991861996,8003662
2025-09-12,1470.7703857421875,1487.4486761823323,1466.4321143461764,1481.7606968153777,12856963
2025-09-15,1454.1885986328125,1472.6021270614033,1447.2472937742573,1470.7703889313757,6167414
2025-09-16,1456.9844970703125,1459.5874130189484,1449.4647790449067,1454.18869843609,8923112
2025-09-17,1467.685546875,1471.830935901443,1459.58741614181,1462.3832147820146,4795698
2025-09-18,1485.2313232421875,1499.1138155530703,1483.2068200825713,1494.2935138953433,9331945
2025-09-19,1484.845703125,1495.546867150236,1465.4681136380061,1489.0875921991392,12988129
2025-09-22,1445.6083984375,1460.2620677071914,1428.7373434373958,1429.4121385641438,15655204
2025-09-23,1443.6802978515625,1458.6232324870878,1439.3420265057648,1439.3420265057648,9832164
2025-09-24,1440.884521484375,1442.909024606748,1429.4121802134027,1433.7504516255494,4937004
2025-09-25,1431.436767578125,1448.6933526456728,1423.4350200871756,1435.4857737282794,9491867
2025-09-26,1396.8270263671875,1425.555953399892,1389.4036912657584,1421.9889772759154,8597058
2025-09-29,1389.982177734375,1412.3483294621576,1384.872611107433,1407.5280279964163,10513117
2025-09-30,1389.982177734375,1400.0083106366037,1386.4150840398418,1391.1390030128964,7556305
2025-10-01,1393.83837890625,1397.405354815276,1376.099646484765,1394.031143886091,6250692
2025-10-03,1394.609619140625,1396.2485922754322,1381.6911874663804,1387.282784330546,6877533
2025-10-06,1422.9530029296875,1425.6524188431904,1390.4642178899833,1394.6096065704758,4630590
2025-10-07,1406.0819091796875,1429.6050033943986,1401.743637948074,1424.5918193613172,5570320
2025-10-08,1441.2701416015625,1444.1623224877194,1402.707729786136,1404.6358503769075,4657192
2025-10-09,1455.0562744140625,1459.5873108023447,1433.557682406266,1448.0185870707542,7028753
2025-10-10,1460.4549560546875,1467.0104954131987,1444.933608930849,1455.7310370996563,3738353
2025-10-13,1439.5347900390625,1450.6214834671307,1430.087069727637,1443.1982662450723,5859355
2025-10-14,1436.353515625,1459.9729938155936,1433.075686951717,1445.1264411305913,5600789
2025-10-15,1421.41064453125,1435.1002548224249,1414.7586043879573,1430.569218120133,6986098
2025-10-16,1418.61474609375,1421.5069270236047,1408.0100826842827,1420.9285143742625,8005748
2025-10-17,1389.307373046875,1405.9856644896408,1382.4625679694304,1402.6114532010124,16959378
2025-10-20,1408.395751953125,1414.276496397426,1397.8874708768014,1401.4544470050912,6994246
2025-10-21,1419.482421875,1432.5936185349226,1417.1686535978035,1424.881136066363,1698704
2025-10-23,1473.566162109375,1490.4372172856354,1451.8748054541832,1455.7310466373283,20358624
2025-10-24,1470.57763671875,1487.5450748262833,1463.4435668090073,1484.1708637038648,8652257
2025-10-27,1472.633056640625,1483.2043487095048,1466.3685916918344,1478.0165606695539,7273211
2025-10-28,1468.4241943359375,1474.5908017388306,1458.9296979699484,1467.9347848431598,8211019
2025-10-29,1478.408203125,1488.0005573851865,1465.1941469679696,1468.4241778932897,4884976
2025-10-30,1462.1597900390625,1476.2546872805226,1457.5592692997866,1475.0801523386458,5608867
2025-10-31,1450.9034423828125,1465.3898918009988,1449.3372364048548,1458.4403008415877,4819814
2025-11-03,1454.0355224609375,1459.8105780526128,1442.974820743242,1450.9033496746388,5470600
2025-11-04,1436.808349609375,1450.511814804534,1431.9142548968182,1448.3583414401685,8691330
2025-11-06,1435.6336669921875,1451.58846323567,1430.9354078512456,1447.2816360762577,7944752
2025-11-07,1445.5198974609375,1449.533031326473,1418.4065403991735,1438.8638806951196,8765759
2025-11-10,1481.4425048828125,1487.8048281611332,1458.4402591842686,1458.5381171839108,9787975
2025-11-11,1497.88671875,1500.9210336624128,1479.0933228205395,1492.6989304110698,13692989
2025-11-12,1518.8333740234375,1526.1745164244364,1505.5214596999074,1507.3812396717751,14635417
2025-11-13,1509.14306640625,1524.5104757353395,1497.8866487683968,1524.1189242683809,19655689
2025-11-14,1470.9691162109375,1497.59294295853,1457.2656513734084,1487.8047537888665,9739549
2025-11-17,1475.66748046875,1478.212385937251,1460.8873376663598,1464.3132041198487,7910354
2025-11-18,1454.91650390625,1474.1013313334302,1451.784211591062,1474.1013313334302,7525119
2025-11-19,1508.4578857421875,1510.317665675936,1458.9296699222182,1458.9296699222182,10981126
2025-11-20,1503.955322265625,1522.0634729079381,1501.5082748815287,1522.0634729079381,7387584
2025-11-21,1512.2752685546875,1518.6375916910017,1493.9714020948772,1498.5718033380108,9186302
2025-11-24,1515.2117919921875,1551.4280945139647,1508.3600590826622,1530.4813442936104,19270381
2025-11-25,1498.1802978515625,1517.7566773334454,1493.5798964672151,1516.1905908718425,8107952
2025-11-26,1524.902099609375,1527.251289037942,1499.6485223505715,1499.6485223505715,7575038
2025-11-27,1533.2220458984375,1540.954739594805,1519.3227449478784,1530.8728564928056,7552252
2025-11-28,1527.055419921875,1535.179665000364,1524.0211050739736,1531.8516566735827,4453221
2025-12-01,1530.872802734375,1540.6609920101703,1523.042251313739,1529.4045743430058,5341800
2025-12-02,1527.9364013671875,1546.4361036663386,1523.1401645511503,1533.8093151456649,6335969
2025-12-03,1545.261474609375,1552.406900951154,1521.182551618934,1522.1613705980963,12895312
2025-12-04,1563.7611083984375,1565.1314788059085,1534.7880917871573,1534.7880917871573,12609619
2025-12-05,1581.9671630859375,1597.2368345243183,1566.1103436503722,1575.8985332981872,10344725
2025-12-08,1576.681640625,1595.4749170068917,1566.306063981828,1582.8481284293375,7550413
2025-12-09,1565.1314697265625,1572.8641631737528,1548.883099378693,1567.2848235795727,6957599
2025-12-10,1551.2322998046875,1573.9408513587562,1549.2746619298632,1573.9408513587562,5116140
2025-12-11,1564.1527099609375,1573.3536321517727,1547.023378030827,1564.1527099609375,5159319
2025-12-12,1564.348388671875,1567.8722324584342,1549.0788370408115,1567.4806809838458,4633912
2025-12-15,1572.766357421875,1576.6816332735752,1551.4280562362142,1551.4280562362142,4190558
2025-12-16,1559.1607666015625,1569.0468143358012,1552.0153403019585,1566.1103574156468,5499258
2025-12-17,1568.0679931640625,1572.8642300238714,1552.4068896118622,1553.5814245843821,4817628
2025-12-18,1592.3427734375,1595.4749463972676,1572.6684162407605,1576.3879761796316,6577293
2025-12-19,1603.9906005859375,1619.847539612933,1595.2792073285575,1615.0513027562847,13149023
2025-12-22,1653.8125,1657.3362243784013,1628.7547583833573,1628.7547583833573,23098923
2025-12-23,1632.9637451171875,1643.4370603643276,1621.3157754082474,1643.4370603643276,6593060
2025-12-24,1628.16748046875,1632.2784723030877,1617.4983299175808,1625.8182910699556,4271167
2025-12-26,1621.0220947265625,1633.453167508233,1616.7152673020842,1628.167521100225,2006491
2025-12-29,1609.863525390625,1637.6620082639456,1602.4245250544589,1622.8818655924697,4062817
2025-12-30,1587.2528076171875,1612.9957941560388,1582.554548282334,1612.1148331917736,9395937
2025-12-31,1581.1842041015625,1594.1045668429529,1575.1154547350545,1586.6655664923117,6538656
2026-01-01,1595.2791748046875,1604.8715288376811,1579.9116455766828,1581.184158007412,3658165
2026-01-02,1605.6546630859375,1608.6889779975038,1593.0278744696911,1601.2499777187402,2524526
2026-01-05,1572.374755859375,1602.3265912739637,1549.568226955718,1602.3265912739637,5917885
2026-01-06,1578.0518798828125,1585.5888575673962,1565.1315174017209,1566.2081943610224,4466729
2026-01-07,1604.2843017578125,1607.2207586859843,1580.7926463324388,1580.7926463324388,4508079
2026-01-08,1579.128662109375,1609.472049603195,1574.5281413468902,1604.186403368615,3942131
2026-01-09,1579.91162109375,1596.747378487979,1572.9620305433675,1575.898487352098,6816681
2026-01-12,1562.09716796875,1579.1286413969012,1558.867017677559,1575.996349102621,6985362
2026-01-13,1565.1314697265625,1583.7290294043642,1552.7983751003353,1583.7290294043642,8080618
2026-01-14,1565.91455078125,1582.7501883551427,1549.5682031809922,1554.3644397699236,7557157
2026-01-15,1565.91455078125,1565.91455078125,1565.91455078125,1565.91455078125,0
2026-01-16,1654.00830078125,1658.119292555676,1618.3792672921977,1628.461030733189,19335957
2026-01-19,1645.59033203125,1649.309891747184,1631.201741600405,1649.309891747184,5104958
2026-01-20,1623.7628173828125,1644.6115898062917,1617.889903547792,1637.5641409981627,6406503
2026-01-21,1619.358154296875,1621.9030597634667,1596.6494821313709,1616.0301458476063,6224582
2026-01-22,1628.265380859375,1635.8022392467942,1618.7708845027832,1630.712428320841,6228892
2026-01-23,1635.4107666015625,1640.2068839190629,1626.9928279555104,1631.8869227568262,5869137
2026-01-27,1647.05859375,1653.6167523834592,1625.9161283991023,1650.0930280724322,10673087
2026-01-28,1631.2017822265625,1653.029492632909,1615.05126953125,1644.4158380681818,8588664
2026-01-29,1624.35009765625,1631.2018305177105,1607.318623503672,1622.8818691859371,4749582
2026-01-30,1606.241943359375,1619.9454090553113,1583.8269648597889,1619.9454090553113,9207926
2026-02-02,1594.8875732421875,1626.7970461591942,1583.7290136495644,1626.7970461591942,6784887
2026-02-03,1620.9241943359375,1691.3991593070652,1617.9877374621406,1690.616056346825,8805868
2026-02-04,1503.2701416015625,1551.3301265638145,1478.1144237257668,1540.66097646391,28828622
2026-02-05,1488.00048828125,1518.1481590925844,1483.5958031001303,1501.5082372972433,10628127
2026-02-06,1475.177978515625,1492.6988611765453,1448.6520095352703,1489.86026239605,13900866
2026-02-09,1465.4876708984375,1495.6353420798034,1461.376679139494,1489.8602864300617,8294615
2026-02-10,1466.0750732421875,1483.7916723660803,1459.4190565785855,1468.2284271414342,8657000
2026-02-11,1440.7236328125,1474.003477029586,1437.885033967625,1469.4029562852068,7934411
2026-02-12,1356.64306640625,1405.2903204885395,1351.259562174479,1398.6344233110094,26048896
2026-02-13,1340.1009521484375,1348.1273389393946,1254.3564391221673,1266.493817560756,45785709
2026-02-16,1336.6751708984375,1346.854912154694,1309.953484521095,1344.6035807140283,14621891
2026-02-17,1361.73291015625,1400.6899531531467,1338.0455387563604,1340.9819956812096,25347684
2026-02-18,1344.603515625,1371.3253201935424,1316.805153615715,1361.4392729027982,20241373
2026-02-19,1341.471435546875,1372.3042339560152,1334.326009074035,1355.6643110050506,14574228
2026-02-20,1324.5377197265625,1336.0878308198503,1309.8554358713993,1330.4106332686276,12633552
2026-02-23,1299.3822021484375,1323.3632672728343,1290.0834217940796,1323.3632672728343,12887826
2026-02-24,1248.4835205078125,1275.988307999553,1237.3249610296912,1273.4434027288626,27839061
2026-02-25,1262.7742919921875,1295.564726518415,1258.9568742250233,1258.9568742250233,16669618
2026-02-26,1261.7955322265625,1286.168148899459,1259.054910753846,1277.848187510079,11493914
2026-02-27,1272.5625,1306.723305439908,1266.7874442662774,1298.207628321947,23141724
2026-03-02,1261.5997314453125,1271.290062662244,1246.0364867011174,1263.6552272829085,9700361
2026-03-04,1279.7078857421875,1289.104523520103,1264.6340504084835,1264.6340504084835,15154950
2026-03-05,1278.141845703125,1292.0410271405913,1262.7743163409898,1292.0410271405913,10362147
2026-03-06,1280.686767578125,1299.0884925711757,1275.4011212294208,1275.4011212294208,8724291
2026-03-09,1287.14697265625,1290.0834296280893,1255.3353554613236,1262.676497890922,10068514
2026-03-10,1268.1578369140625,1293.0198627132945,1256.9014187299574,1292.0410437407636,9600171
2026-03-11,1249.2667236328125,1271.975276386956,1244.3726286871142,1260.7188580118502,7868891
2026-03-12,1238.9891357421875,1251.5179472285731,1231.3542997621664,1245.5471752363726,7599940
2026-03-13,1221.8597412109375,1242.7085131232232,1216.280401513626,1224.5025045780033,7366098
2026-03-16,1223.3280029296875,1227.7326883178384,1198.2701415781937,1213.931245180508,12314450
2026-03-17,1206.785888671875,1218.6295738865974,1189.3628638376754,1218.6295738865974,11223276
2026-03-18,1240.261474609375,1263.459555545422,1208.7435520363658,1211.7778669014497,12365381
2026-03-19,1194.9422607421875,1228.4178221249233,1189.3629208552388,1217.846529327881,9156461
2026-03-20,1229.2987060546875,1238.0102183433878,1203.1641691885866,1215.6930991638783,27299975
2026-03-23,1230.1796875,1234.3885372371806,1201.4023868626336,1211.9735596886824,12420293
2026-03-24,1251.224365234375,1269.5282325903943,1224.5025589595862,1242.1213008151199,13613495
2026-03-25,1252.00732421875,1263.263742406015,1230.4733068170258,1243.100095463166,10824030
2026-03-27,1242.806396484375,1267.3748481809973,1236.444073189259,1257.9780904958054,13092541
2026-03-30,1224.1109619140625,1238.6953882487069,1216.6719617488286,1223.5236944376795,14108486
2026-04-01,1248.6793212890625,1275.4011271577126,1242.610691424955,1262.6764804554484,8137156
2026-04-02,1273.247802734375,1277.7503462365091,1233.116223742555,1233.3119397486187,12873492
2026-04-06,1278.5333251953125,1292.041075138383,1271.4858762157266,1273.8350657038357,10208682
2026-04-07,1311.0301513671875,1316.609371698259,1266.1023367797188,1274.4222980187042,15355792
2026-04-08,1317.68603515625,1347.7358488962445,1302.8080347694565,1320.4267760360608,16030133
2026-04-09,1303.395263671875,1309.170319257509,1286.1680743957882,1301.7313192842819,14894607
2026-04-10,1265.12353515625,1290.9643801968148,1256.1184483091881,1290.0834192154255,19233369
2026-04-13,1249.756103515625,1261.6976471062894,1238.8911174058185,1245.0577246851824,10366082
2026-04-15,1277.6524658203125,1294.4881045276459,1272.9540869097948,1278.631284802942,12098912
2026-04-16,1291.2579345703125,1302.808046184627,1281.2740288923192,1294.0965334739733,18527029
2026-04-17,1290.7685546875,1300.165312581974,1278.4354593069281,1285.1893342368037,12064048
2026-04-20,1284.7977294921875,1296.8372503675125,1280.3930442184933,1292.0410136169874,7172300
2026-04-21,1285.385009765625,1296.9351212811175,1271.7795218169556,1282.2528368892558,10057440
2026-04-22,1241.729736328125,1270.2133447995752,1229.2987830540255,1267.5705813427946,20088378
2026-04-23,1214.32275390625,1238.891085420282,1200.0320212693207,1227.438951608261,14792854
2026-04-24,1130.144287109375,1197.9764852174349,1127.7950978335834,1174.5826894228176,42078914
2026-04-27,1145.5118408203125,1154.9084786451926,1130.04645394258,1130.1443119385692,19579883
2026-04-28,1127.697265625,1144.6308809119316,1125.4460537763027,1138.0727223885278,12720276
2026-04-29,1142.7711181640625,1153.2444330805374,1132.2978032475876,1133.961747660014,8303109
2026-04-30,1156.768310546875,1164.5988623339997,1135.0384576467616,1142.7711514334947,12205669
2026-05-01,1156.768310546875,1156.768310546875,1156.768310546875,1156.768310546875,0
2026-05-04,1143.652099609375,1169.6886601132755,1140.5198072387318,1169.6886601132755,7735811
2026-05-05,1153.1466064453125,1160.0961972461241,1135.5278649580357,1144.728787187228,8164108
2026-05-06,1142.4774169921875,1166.2627649868193,1139.443102180398,1161.8580797644604,9856963
2026-05-07,1138.07275390625,1150.5038263553197,1134.6468875555572,1148.1546369607545,12013987
2026-05-08,1154.2232666015625,1158.4322359116547,1134.2554554613432,1136.4088093734103,7582770
2026-05-11,1152.0699462890625,1161.8581361470833,1147.2737093616843,1151.0911273032605,7336288
2026-05-12,1116.1473388671875,1137.3876630949442,1099.2137225952,1137.3876630949442,16891948
2026-05-13,1099.3115234375,1118.398492694932,1097.2560275682617,1112.5255790772605,6664111
2026-05-14,1071.8067626953125,1098.137016652994,1065.933848927119,1096.0815207310736,16914842
2026-05-15,1095.2984619140625,1109.1976439317652,1078.266987402901,1078.658538900176,17482450
2026-05-18,1118.3006591796875,1121.8243835304838,1094.319594715878,1095.2984136735845,12096377
2026-05-19,1171.5484619140625,1173.0166903851343,1137.3876555901809,1137.3876555901809,32175705
2026-05-20,1168.4161376953125,1181.3366195800531,1159.802602590221,1161.8580984968487,15121010
2026-05-21,1156.180908203125,1176.3446743746752,1152.0699163634372,1170.7653346096859,10021033
2026-05-22,1149.622802734375,1166.5564175672662,1147.6651649263981,1157.4533539662823,8803066
2026-05-25,1143.75,1159.900513478819,1141.4008105061328,1157.9428754813864,5856136
2026-05-26,1142.966796875,1155.6914427435413,1138.2685377836078,1141.5965459846338,8005767
2026-05-27,1135.3321533203125,1142.5754376343073,1130.5359164445094,1136.4088302961693,6371871
2026-05-28,1135.3321533203125,1135.3321533203125,1135.3321533203125,1135.3321533203125,0
2026-05-29,1136.3109130859375,1184.370898370815,1129.1654871448488,1156.96396849116,69085430
2026-06-01,1177.02978515625,1191.222659904496,1148.8397516554953,1150.1122640819906,19439331
2026-06-02,1243.8831787109375,1251.811588367994,1206.3943648530496,1206.3943648530496,36032600
2026-06-03,1196.7039794921875,1223.425783618914,1190.2437985614154,1215.7909483013548,18534303
2026-06-04,1175.855224609375,1189.4607121046952,1170.8631524946943,1182.4132636253246,12755957
2026-06-05,1172.1357421875,1197.8787294549086,1169.0035692089534,1194.159169493737,8692290
2026-06-08,1162.4453125,1175.26781631171,1151.5804465064052,1152.559265415463,8631711
2026-06-09,1155.300048828125,1168.3182691086097,1142.5754025403635,1168.3182691086097,10984054
2026-06-10,1145.300048828125,1171.4000244140625,1143.300048828125,1160.0999755859375,8887626
2026-06-11,1114.5999755859375,1133.699951171875,1109.0,1129.699951171875,9372176
2026-06-12,1116.4000244140625,1123.300048828125,1111.5,1120.0,8075333
2026-06-15,1134.9000244140625,1151.0,1123.0,1130.0,7856192
2026-06-16,1143.5999755859375,1153.800048828125,1123.199951171875,1136.9000244140625,10456090
2026-06-17,1157.699951171875,1162.5,1148.0,1149.0,5995119
2026-06-18,1127.5,1142.9000244140625,1125.300048828125,1142.9000244140625,16781447
2026-06-19,1051.4000244140625,1066.0,1030.0,1062.300048828125,45665442
2026-06-22,1065.4000244140625,1080.300048828125,1055.0,1055.0,10178505
2026-06-23,1029.300048828125,1055.300048828125,1026.0,1053.800048828125,19323064
2026-06-24,1056.5999755859375,1065.5,1037.699951171875,1040.9000244140625,12346266
2026-06-25,1041.199951171875,1068.0,1039.0999755859375,1065.0,15866779
2026-06-26,1041.199951171875,1041.199951171875,1041.199951171875,1041.199951171875,0
2026-06-29,1036.699951171875,1046.5999755859375,1029.0999755859375,1037.0999755859375,15080892
2026-06-30,1000.4000244140625,1030.4000244140625,996.0,1030.0,24128263
2026-07-01,985.2999877929688,1014.0,982.4000244140625,1006.0,13037982
2026-07-02,1040.9000244140625,1045.0,1006.0,1006.4000244140625,18741111
2026-07-03,1047.199951171875,1068.699951171875,1042.0,1063.0,11653534
2026-07-06,1042.199951171875,1053.0,1033.0,1050.0999755859375,5559747
2026-07-07,1071.800048828125,1087.5,1040.5999755859375,1040.5999755859375,18866296
2026-07-08,1069.300048828125,1079.699951171875,1064.4000244140625,1071.9000244140625,13022221
2026-07-09,1050.800048828125,1062.699951171875,1040.4000244140625,1062.699951171875,9003333
2026-07-10,1068.0,1091.300048828125,1064.699951171875,1075.0,9747266
2026-07-13,1102.5999755859375,1114.9000244140625,1057.0999755859375,1057.0999755859375,20994760
2026-07-14,1092.9000244140625,1113.5,1090.0,1107.800048828125,14819413
2026-07-15,1076.300048828125,1088.0999755859375,1073.0,1079.0,8501933
2026-07-16,1082.4000244140625,1097.300048828125,1077.9000244140625,1082.5,8592146
2026-07-17,1096.5,1116.800048828125,1092.0,1105.0,12547728
2026-07-20,1087.0999755859375,1103.800048828125,1083.199951171875,1102.0,6372645
2026-07-21,1073.5,1094.5,1067.199951171875,1080.0,9485229
2026-07-22,1052.0999755859375,1069.300048828125,1046.199951171875,1064.0,7517203
2026-07-23,1047.4000244140625,1058.5,1032.0,1046.9000244140625,13794578
2026-07-24,1040.9000244140625,1043.4000244140625,1013.9000244140625,1028.0,29036900
2026-07-27,1079.199951171875,1082.0,1057.4000244140625,1065.0,15956349
2026-07-28,1105.699951171875,1118.5,1097.0,1097.0,28100895
2026-07-29,1155.5999755859375,1164.5,1128.4000244140625,1147.0,34400369
2026-07-30,1155.0999755859375,1187.699951171875,1151.300048828125,1168.0,22630218
2026-07-31,1130.0999755859375,1139.300048828125,1107.199951171875,1118.9000244140625,14367075
2026-08-03,1180.0,1180.0,1138.0999755859375,1145.0999755859375,8582270
2026-08-04,1167.5,1175.699951171875,1153.300048828125,1168.0,9243589
2026-08-05,1174.0,1177.5,1162.300048828125,1174.699951171875,9964155
2026-08-06,1165.0,1185.800048828125,1163.0,1174.0999755859375,8521064
2026-08-07,1175.0999755859375,1183.0,1155.5999755859375,1160.0,7581410
2026-08-10,1183.0,1195.0,1175.199951171875,1178.0999755859375,9377001
2026-08-11,1190.699951171875,1193.5,1182.0,1188.0,10160091
2026-08-12,1176.0999755859375,1190.4000244140625,1163.300048828125,1185.5999755859375,7529777
2026-08-13,1175.0,1175.0,1157.0,1170.0,6234215
2026-08-14,1169.199951171875,1174.0999755859375,1158.9000244140625,1170.4000244140625,5844763
2026-08-17,1139.9000244140625,1166.5,1129.699951171875,1163.9000244140625,5817153
2026-08-18,1115.0,1131.9000244140625,1112.5,1124.5,8851110
2026-08-19,1119.800048828125,1134.699951171875,1113.800048828125,1125.5999755859375,8408573
2026-08-20,1130.0,1144.699951171875,1125.699951171875,1143.0,8559841
2026-08-21,1121.0,1133.5,1118.0,1133.0,6094967
2026-08-24,1130.0,1144.5,1122.0,1126.5,8565354
2026-08-25,1144.0,1144.0,1119.9000244140625,1132.0,8121237
2026-08-26,1120.0,1142.0,1118.300048828125,1142.0,6323984
2026-08-27,1110.800048828125,1130.699951171875,1107.199951171875,1120.0,6933998
2026-08-28,1144.0,1145.0,1123.300048828125,1123.5999755859375,9621969
2026-08-31,1133.800048828125,1143.9000244140625,1111.0999755859375,1138.5999755859375,8808120
2026-09-01,1156.0,1156.0,1125.5999755859375,1128.0,13516123
2026-09-02,1140.0,1147.800048828125,1118.5999755859375,1137.699951171875,8564358
2026-09-03,1130.300048828125,1144.0,1122.5,1144.0,5786250
2026-09-04,1130.0,1146.699951171875,1125.4000244140625,1133.0,5881388
2026-09-07,,,,,7663550
