Price,Close,High,Low,Open,Volume
Ticker,INFY.NS,INFY.NS,INFY.NS,INFY.NS,INFY.NS
2026-06-16 09:15:00+05:30,1136.0999755859375,1136.0999755859375,1123.4000244140625,1131.5,0
2026-06-16 09:20:00+05:30,1136.0999755859375,1139.5,1133.4000244140625,1136.300048828125,355575
2026-06-16 09:25:00+05:30,1136.5999755859375,1138.0,1134.0999755859375,1135.4000244140625,214271
2026-06-16 09:30:00+05:30,1142.199951171875,1143.4000244140625,1136.0,1136.5999755859375,205879
2026-06-16 09:35:00+05:30,1144.5,1145.4000244140625,1140.0,1142.0999755859375,248608
2026-06-16 09:40:00+05:30,1142.5999755859375,1145.0,1142.300048828125,1144.5,141430
2026-06-16 09:45:00+05:30,1142.199951171875,1144.0,1140.699951171875,1142.800048828125,118809
2026-06-16 09:50:00+05:30,1141.5,1142.199951171875,1140.4000244140625,1142.0,94454
2026-06-16 09:55:00+05:30,1143.0999755859375,1143.300048828125,1141.0,1141.199951171875,79166
2026-06-16 10:00:00+05:30,1141.0,1144.800048828125,1140.300048828125,1143.300048828125,78893
2026-06-16 10:05:00+05:30,1141.5,1142.5,1140.199951171875,1140.9000244140625,58965
2026-06-16 10:10:00+05:30,1141.800048828125,1141.9000244140625,1140.300048828125,1141.5,76828
2026-06-16 10:15:00+05:30,1145.5,1147.0,1141.699951171875,1141.800048828125,146760
2026-06-16 10:20:00+05:30,1150.0,1153.300048828125,1146.0,1146.0999755859375,315926
2026-06-16 10:25:00+05:30,1148.199951171875,1151.0,1148.0,1150.0,73304
2026-06-16 10:30:00+05:30,1147.4000244140625,1153.699951171875,1146.800048828125,1148.199951171875,113325
2026-06-16 10:35:00+05:30,1146.5,1148.300048828125,1145.199951171875,1147.4000244140625,91163
2026-06-16 10:40:00+05:30,1145.199951171875,1147.5,1144.800048828125,1146.5999755859375,69751
2026-06-16 10:45:00+05:30,1144.199951171875,1146.0999755859375,1144.0999755859375,1145.0999755859375,90524
2026-06-16 10:50:00+05:30,1144.699951171875,1145.199951171875,1143.5,1144.199951171875,105299
2026-06-16 10:55:00+05:30,1144.800048828125,1145.800048828125,1144.5,1144.5999755859375,76459
2026-06-16 11:00:00+05:30,1143.699951171875,1145.800048828125,1143.5,1144.9000244140625,76545
2026-06-16 11:05:00+05:30,1143.199951171875,1144.0,1143.0,1143.800048828125,55816
2026-06-16 11:10:00+05:30,1143.300048828125,1144.199951171875,1142.0,1143.300048828125,66738
2026-06-16 11:15:00+05:30,1141.300048828125,1143.800048828125,1140.9000244140625,1143.300048828125,78788
2026-06-16 11:20:00+05:30,1140.300048828125,1142.0,1140.300048828125,1141.0,67063
2026-06-16 11:25:00+05:30,1136.5999755859375,1140.9000244140625,1136.4000244140625,1140.5999755859375,172892
2026-06-16 11:30:00+05:30,1138.0,1138.800048828125,1136.300048828125,1136.5999755859375,92989
2026-06-16 11:35:00+05:30,1136.0,1137.9000244140625,1135.199951171875,1137.9000244140625,161042
2026-06-16 11:40:00+05:30,1135.5,1136.0,1134.800048828125,1135.800048828125,123369
2026-06-16 11:45:00+05:30,1137.5,1137.5,1134.0,1135.5,127612
2026-06-16 11:50:00+05:30,1136.9000244140625,1139.5999755859375,1136.800048828125,1137.5,154105
2026-06-16 11:55:00+05:30,1137.4000244140625,1138.0,1135.300048828125,1137.199951171875,68264
2026-06-16 12:00:00+05:30,1137.0,1137.5,1136.5,1137.300048828125,40061
2026-06-16 12:05:00+05:30,1137.4000244140625,1137.4000244140625,1136.300048828125,1136.9000244140625,39255
2026-06-16 12:10:00+05:30,1136.9000244140625,1138.0,1136.5999755859375,1137.4000244140625,42838
2026-06-16 12:15:00+05:30,1136.0999755859375,1137.5,1136.0,1136.800048828125,43027
2026-06-16 12:20:00+05:30,1136.9000244140625,1137.4000244140625,1135.800048828125,1136.0999755859375,37315
2026-06-16 12:25:00+05:30,1138.300048828125,1138.4000244140625,1136.300048828125,1136.699951171875,40620
2026-06-16 12:30:00+05:30,1137.5999755859375,1139.300048828125,1137.0,1138.300048828125,53776
2026-06-16 12:35:00+05:30,1138.5999755859375,1139.4000244140625,1137.0999755859375,1137.4000244140625,109323
2026-06-16 12:40:00+05:30,1138.0,1138.5999755859375,1136.5999755859375,1138.0999755859375,48304
2026-06-16 12:45:00+05:30,1139.0,1139.199951171875,1137.199951171875,1137.800048828125,34416
2026-06-16 12:50:00+05:30,1137.699951171875,1139.5,1137.5999755859375,1138.800048828125,39371
2026-06-16 12:55:00+05:30,1138.5,1138.9000244140625,1137.199951171875,1137.699951171875,31296
2026-06-16 13:00:00+05:30,1138.300048828125,1138.9000244140625,1137.4000244140625,1138.5999755859375,24373
2026-06-16 13:05:00+05:30,1140.5,1140.5,1138.0,1138.300048828125,1057149
2026-06-16 13:10:00+05:30,1140.0999755859375,1141.300048828125,1139.800048828125,1140.800048828125,39434
2026-06-16 13:15:00+05:30,1140.0,1140.5,1139.0999755859375,1140.0999755859375,76286
2026-06-16 13:20:00+05:30,1140.0999755859375,1140.699951171875,1139.0,1140.0,69487
2026-06-16 13:25:00+05:30,1142.0,1142.0999755859375,1139.699951171875,1140.0999755859375,132233
2026-06-16 13:30:00+05:30,1142.4000244140625,1142.5999755859375,1141.5,1142.0,60226
2026-06-16 13:35:00+05:30,1141.4000244140625,1142.5,1141.0999755859375,1142.5,53270
2026-06-16 13:40:00+05:30,1141.5999755859375,1142.4000244140625,1141.0999755859375,1141.4000244140625,77343
2026-06-16 13:45:00+05:30,1139.5999755859375,1141.800048828125,1139.0,1141.300048828125,43644
2026-06-16 13:50:00+05:30,1140.0,1140.199951171875,1139.5,1139.5999755859375,38983
2026-06-16 13:55:00+05:30,1141.0,1141.800048828125,1139.699951171875,1140.199951171875,41444
2026-06-16 14:00:00+05:30,1141.5,1142.0,1140.5,1140.9000244140625,71634
2026-06-16 14:05:00+05:30,1140.699951171875,1142.800048828125,1140.5,1141.5999755859375,139908
2026-06-16 14:10:00+05:30,1142.5,1142.800048828125,1140.9000244140625,1140.9000244140625,209695
2026-06-16 14:15:00+05:30,1142.199951171875,1142.9000244140625,1141.800048828125,1142.699951171875,50853
2026-06-16 14:20:00+05:30,1142.5999755859375,1142.9000244140625,1141.800048828125,1142.300048828125,80682
2026-06-16 14:25:00+05:30,1143.0999755859375,1143.699951171875,1142.300048828125,1142.5999755859375,60051
2026-06-16 14:30:00+05:30,1143.300048828125,1143.5,1142.199951171875,1143.0,60148
2026-06-16 14:35:00+05:30,1144.5999755859375,1144.9000244140625,1143.0,1143.300048828125,142857
2026-06-16 14:40:00+05:30,1145.5,1148.5999755859375,1144.5,1144.5999755859375,181639
2026-06-16 14:45:00+05:30,1147.4000244140625,1147.800048828125,1145.5,1145.5,195954
2026-06-16 14:50:00+05:30,1146.300048828125,1148.0,1146.0,1147.5,128426
2026-06-16 14:55:00+05:30,1145.5,1146.9000244140625,1144.199951171875,1146.5999755859375,139697
2026-06-16 15:00:00+05:30,1142.0,1146.4000244140625,1141.5999755859375,1145.9000244140625,395709
2026-06-16 15:05:00+05:30,1143.699951171875,1144.4000244140625,1142.0999755859375,1142.0999755859375,283163
2026-06-16 15:10:00+05:30,1143.4000244140625,1143.9000244140625,1142.699951171875,1143.699951171875,271856
2026-06-16 15:15:00+05:30,1143.699951171875,1144.0,1142.300048828125,1143.4000244140625,273466
2026-06-16 15:20:00+05:30,1142.800048828125,1144.9000244140625,1142.800048828125,1143.699951171875,397098
2026-06-16 15:25:00+05:30,1145.0,1146.0,1142.300048828125,1142.9000244140625,194385
2026-06-17 09:15:00+05:30,1157.0,1160.5,1148.0,1149.199951171875,0
2026-06-17 09:20:00+05:30,1157.199951171875,1159.5,1155.0999755859375,1158.0999755859375,249850
2026-06-17 09:25:00+05:30,1158.199951171875,1158.9000244140625,1154.0,1157.300048828125,130993
2026-06-17 09:30:00+05:30,1161.800048828125,1161.9000244140625,1156.800048828125,1157.300048828125,195656
2026-06-17 09:35:00+05:30,1161.800048828125,1162.5,1161.0,1161.800048828125,136770
2026-06-17 09:40:00+05:30,1156.699951171875,1162.0,1156.699951171875,1161.5,126098
2026-06-17 09:45:00+05:30,1157.4000244140625,1158.5,1154.0999755859375,1157.0,148352
2026-06-17 09:50:00+05:30,1157.699951171875,1158.300048828125,1156.5999755859375,1157.699951171875,51909
2026-06-17 09:55:00+05:30,1157.699951171875,1158.5999755859375,1157.0,1157.5999755859375,56619
2026-06-17 10:00:00+05:30,1153.9000244140625,1158.0,1152.9000244140625,1158.0,90768
2026-06-17 10:05:00+05:30,1153.5,1154.9000244140625,1153.0,1154.0,53801
2026-06-17 10:10:00+05:30,1151.9000244140625,1154.300048828125,1151.4000244140625,1153.9000244140625,84831
2026-06-17 10:15:00+05:30,1155.0999755859375,1155.5,1151.5999755859375,1151.9000244140625,71624
2026-06-17 10:20:00+05:30,1155.0999755859375,1155.300048828125,1153.5999755859375,1155.0999755859375,44516
2026-06-17 10:25:00+05:30,1155.199951171875,1156.9000244140625,1154.4000244140625,1155.300048828125,43968
2026-06-17 10:30:00+05:30,1157.199951171875,1157.4000244140625,1154.9000244140625,1155.5,60556
2026-06-17 10:35:00+05:30,1155.4000244140625,1157.800048828125,1155.0999755859375,1157.4000244140625,53606
2026-06-17 10:40:00+05:30,1157.800048828125,1157.9000244140625,1155.5999755859375,1155.5999755859375,88180
2026-06-17 10:45:00+05:30,1158.699951171875,1159.0,1157.300048828125,1158.199951171875,86982
2026-06-17 10:50:00+05:30,1161.0999755859375,1161.5,1158.199951171875,1158.699951171875,103378
2026-06-17 10:55:00+05:30,1160.300048828125,1162.4000244140625,1160.300048828125,1161.199951171875,103462
2026-06-17 11:00:00+05:30,1159.800048828125,1161.5,1159.0,1160.5999755859375,54562
2026-06-17 11:05:00+05:30,1158.9000244140625,1160.5,1158.4000244140625,1159.800048828125,43374
2026-06-17 11:10:00+05:30,1158.300048828125,1159.0,1157.0,1158.9000244140625,68132
2026-06-17 11:15:00+05:30,1158.0,1158.5,1157.5999755859375,1158.4000244140625,41770
2026-06-17 11:20:00+05:30,1158.0999755859375,1158.5,1157.300048828125,1158.0,32172
2026-06-17 11:25:00+05:30,1157.0999755859375,1158.4000244140625,1156.5999755859375,1158.300048828125,47090
2026-06-17 11:30:00+05:30,1158.300048828125,1159.5,1157.0999755859375,1157.0999755859375,41848
2026-06-17 11:35:00+05:30,1156.699951171875,1158.5999755859375,1156.5,1158.4000244140625,47800
2026-06-17 11:40:00+05:30,1155.699951171875,1156.800048828125,1155.0999755859375,1156.699951171875,72729
2026-06-17 11:45:00+05:30,1155.199951171875,1155.699951171875,1154.699951171875,1155.699951171875,80988
2026-06-17 11:50:00+05:30,1155.0,1155.5999755859375,1154.0999755859375,1155.199951171875,67950
2026-06-17 11:55:00+05:30,1155.4000244140625,1156.800048828125,1154.5999755859375,1154.5999755859375,45864
2026-06-17 12:00:00+05:30,1155.4000244140625,1156.0,1154.199951171875,1156.0,56242
2026-06-17 12:05:00+05:30,1155.0,1155.4000244140625,1154.0,1155.300048828125,56761
2026-06-17 12:10:00+05:30,1155.9000244140625,1155.9000244140625,1154.300048828125,1154.9000244140625,32993
2026-06-17 12:15:00+05:30,1156.0,1156.0999755859375,1155.0,1155.9000244140625,34414
2026-06-17 12:20:00+05:30,1154.800048828125,1156.0,1154.5,1155.5999755859375,36042
2026-06-17 12:25:00+05:30,1154.9000244140625,1155.199951171875,1154.300048828125,1154.9000244140625,46639
2026-06-17 12:30:00+05:30,1154.5999755859375,1155.0999755859375,1154.199951171875,1154.9000244140625,35207
2026-06-17 12:35:00+05:30,1154.5999755859375,1155.199951171875,1153.5999755859375,1154.699951171875,61799
2026-06-17 12:40:00+05:30,1155.5,1155.699951171875,1154.5999755859375,1154.5999755859375,42745
2026-06-17 12:45:00+05:30,1156.9000244140625,1157.4000244140625,1155.0999755859375,1155.4000244140625,71529
2026-06-17 12:50:00+05:30,1157.5999755859375,1158.0,1156.9000244140625,1156.9000244140625,34869
2026-06-17 12:55:00+05:30,1157.4000244140625,1157.9000244140625,1157.0,1157.5999755859375,25582
2026-06-17 13:00:00+05:30,1157.699951171875,1157.9000244140625,1157.0,1157.9000244140625,21660
2026-06-17 13:05:00+05:30,1156.800048828125,1157.699951171875,1156.4000244140625,1157.699951171875,24925
2026-06-17 13:10:00+05:30,1156.5999755859375,1157.0999755859375,1156.5,1157.0,34919
2026-06-17 13:15:00+05:30,1157.800048828125,1157.800048828125,1156.199951171875,1156.300048828125,41308
2026-06-17 13:20:00+05:30,1158.199951171875,1158.699951171875,1157.300048828125,1157.4000244140625,39408
2026-06-17 13:25:00+05:30,1158.199951171875,1158.5,1157.699951171875,1158.0999755859375,21702
2026-06-17 13:30:00+05:30,1158.0999755859375,1158.5,1157.5,1158.199951171875,23833
2026-06-17 13:35:00+05:30,1159.0,1159.0,1157.5999755859375,1158.0,28317
2026-06-17 13:40:00+05:30,1158.699951171875,1159.199951171875,1158.4000244140625,1158.800048828125,39138
2026-06-17 13:45:00+05:30,1158.9000244140625,1159.5,1158.5,1159.0999755859375,29190
2026-06-17 13:50:00+05:30,1158.0,1158.800048828125,1157.0,1158.800048828125,48891
2026-06-17 13:55:00+05:30,1157.5999755859375,1158.0,1156.5999755859375,1158.0,62345
2026-06-17 14:00:00+05:30,1159.699951171875,1160.0,1157.5,1157.699951171875,44037
2026-06-17 14:05:00+05:30,1158.699951171875,1159.9000244140625,1158.5,1159.5,28061
2026-06-17 14:10:00+05:30,1157.4000244140625,1158.699951171875,1157.199951171875,1158.5,32208
2026-06-17 14:15:00+05:30,1157.9000244140625,1158.300048828125,1156.300048828125,1157.4000244140625,71479
2026-06-17 14:20:00+05:30,1157.9000244140625,1158.5,1157.300048828125,1157.699951171875,33992
2026-06-17 14:25:00+05:30,1156.0999755859375,1157.5999755859375,1156.0,1157.5999755859375,37867
2026-06-17 14:30:00+05:30,1155.9000244140625,1156.699951171875,1155.5,1156.0999755859375,42710
2026-06-17 14:35:00+05:30,1158.0,1158.699951171875,1155.5,1155.9000244140625,74658
2026-06-17 14:40:00+05:30,1159.0,1159.5,1157.800048828125,1158.0,65499
2026-06-17 14:45:00+05:30,1159.5,1160.5,1158.4000244140625,1158.9000244140625,420341
2026-06-17 14:50:00+05:30,1158.9000244140625,1160.5,1158.4000244140625,1160.0,94943
2026-06-17 14:55:00+05:30,1160.0,1160.0,1158.699951171875,1159.0,94459
2026-06-17 15:00:00+05:30,1158.9000244140625,1160.300048828125,1158.800048828125,1159.9000244140625,163552
2026-06-17 15:05:00+05:30,1159.0999755859375,1159.5999755859375,1158.5999755859375,1158.9000244140625,126576
2026-06-17 15:10:00+05:30,1157.0999755859375,1159.199951171875,1156.5,1159.0999755859375,167895
2026-06-17 15:15:00+05:30,1156.699951171875,1157.5,1156.5,1157.0,146343
2026-06-17 15:20:00+05:30,1156.5999755859375,1156.9000244140625,1156.4000244140625,1156.5999755859375,135944
2026-06-17 15:25:00+05:30,1156.4000244140625,1156.5999755859375,1155.0,1156.5,152283
2026-06-18 09:15:00+05:30,1131.5,1142.0999755859375,1125.5999755859375,1142.0999755859375,0
2026-06-18 09:20:00+05:30,1131.199951171875,1133.300048828125,1129.9000244140625,1132.0,517118
2026-06-18 09:25:00+05:30,1130.300048828125,1130.9000244140625,1127.5,1130.300048828125,406476
2026-06-18 09:30:00+05:30,1128.5,1130.5999755859375,1127.300048828125,1130.300048828125,363120
2026-06-18 09:35:00+05:30,1127.0999755859375,1129.5,1127.0,1128.800048828125,332495
2026-06-18 09:40:00+05:30,1129.5999755859375,1130.800048828125,1127.0,1127.0,290217
2026-06-18 09:45:00+05:30,1131.199951171875,1131.5999755859375,1129.0999755859375,1129.0999755859375,169594
2026-06-18 09:50:00+05:30,1132.4000244140625,1133.0,1130.199951171875,1131.4000244140625,222101
2026-06-18 09:55:00+05:30,1131.699951171875,1132.4000244140625,1131.0,1132.300048828125,117716
2026-06-18 10:00:00+05:30,1130.699951171875,1132.5,1130.5,1131.9000244140625,161555
2026-06-18 10:05:00+05:30,1135.0,1135.0,1130.5,1131.199951171875,191320
2026-06-18 10:10:00+05:30,1135.0,1138.300048828125,1134.5,1135.0,328815
2026-06-18 10:15:00+05:30,1133.5,1135.9000244140625,1133.0,1135.0,155508
2026-06-18 10:20:00+05:30,1135.0,1135.5,1132.5,1133.699951171875,116961
2026-06-18 10:25:00+05:30,1136.0999755859375,1136.699951171875,1134.0,1135.0,115079
2026-06-18 10:30:00+05:30,1135.5,1137.0,1135.0,1136.0999755859375,100144
2026-06-18 10:35:00+05:30,1134.5,1135.800048828125,1134.0,1135.699951171875,127088
2026-06-18 10:40:00+05:30,1135.0,1135.300048828125,1134.0,1134.5,109798
2026-06-18 10:45:00+05:30,1135.0999755859375,1136.0,1134.199951171875,1134.9000244140625,71430
2026-06-18 10:50:00+05:30,1135.0,1135.800048828125,1134.699951171875,1135.0999755859375,68463
2026-06-18 10:55:00+05:30,1134.9000244140625,1135.699951171875,1134.0999755859375,1135.0,56891
2026-06-18 11:00:00+05:30,1135.5,1136.5,1134.5,1134.9000244140625,74204
2026-06-18 11:05:00+05:30,1135.5,1136.199951171875,1135.199951171875,1135.9000244140625,58183
2026-06-18 11:10:00+05:30,1133.4000244140625,1136.0,1133.0,1135.5,133579
2026-06-18 11:15:00+05:30,1131.300048828125,1133.800048828125,1131.0,1133.699951171875,217625
2026-06-18 11:20:00+05:30,1129.699951171875,1131.800048828125,1128.800048828125,1131.199951171875,263211
2026-06-18 11:25:00+05:30,1130.5,1131.0,1128.5999755859375,1129.5,210697
2026-06-18 11:30:00+05:30,1131.4000244140625,1131.5999755859375,1130.199951171875,1130.800048828125,178356
2026-06-18 11:35:00+05:30,1130.5999755859375,1132.199951171875,1130.199951171875,1131.4000244140625,156549
2026-06-18 11:40:00+05:30,1131.800048828125,1131.9000244140625,1130.300048828125,1130.5999755859375,349088
2026-06-18 11:45:00+05:30,1131.5999755859375,1132.699951171875,1131.0999755859375,1131.800048828125,217131
2026-06-18 11:50:00+05:30,1132.0999755859375,1132.699951171875,1131.300048828125,1131.5999755859375,138084
2026-06-18 11:55:00+05:30,1132.5,1132.800048828125,1131.9000244140625,1132.199951171875,64832
2026-06-18 12:00:00+05:30,1133.0,1134.0999755859375,1131.9000244140625,1132.5,84458
2026-06-18 12:05:00+05:30,1132.800048828125,1133.4000244140625,1132.199951171875,1133.0,93968
2026-06-18 12:10:00+05:30,1132.199951171875,1133.5,1131.5999755859375,1132.9000244140625,120765
2026-06-18 12:15:00+05:30,1131.5,1132.5,1131.0,1132.199951171875,303321
2026-06-18 12:20:00+05:30,1131.699951171875,1132.300048828125,1131.0,1131.4000244140625,149517
2026-06-18 12:25:00+05:30,1131.9000244140625,1132.4000244140625,1131.0999755859375,1131.9000244140625,93556
2026-06-18 12:30:00+05:30,1131.0,1132.5,1130.0999755859375,1132.0,316311
2026-06-18 12:35:00+05:30,1130.9000244140625,1131.800048828125,1130.5999755859375,1130.9000244140625,155240
2026-06-18 12:40:00+05:30,1131.5,1132.5,1130.699951171875,1131.0999755859375,64843
2026-06-18 12:45:00+05:30,1131.0999755859375,1131.699951171875,1130.800048828125,1131.5,79617
2026-06-18 12:50:00+05:30,1132.0999755859375,1132.5,1131.199951171875,1131.4000244140625,80596
2026-06-18 12:55:00+05:30,1132.0999755859375,1132.9000244140625,1132.0,1132.0999755859375,74446
2026-06-18 13:00:00+05:30,1132.199951171875,1132.5,1131.300048828125,1132.199951171875,127455
2026-06-18 13:05:00+05:30,1131.5999755859375,1132.4000244140625,1131.5,1132.0,79492
2026-06-18 13:10:00+05:30,1132.300048828125,1132.300048828125,1131.4000244140625,1132.0,99611
2026-06-18 13:15:00+05:30,1132.0999755859375,1132.800048828125,1131.5999755859375,1132.300048828125,72697
2026-06-18 13:20:00+05:30,1131.699951171875,1132.300048828125,1131.5999755859375,1132.0999755859375,85492
2026-06-18 13:25:00+05:30,1131.5,1132.199951171875,1131.5,1131.800048828125,111421
2026-06-18 13:30:00+05:30,1131.800048828125,1132.0,1130.800048828125,1131.5999755859375,177443
2026-06-18 13:35:00+05:30,1131.800048828125,1132.0999755859375,1131.0,1131.800048828125,99757
2026-06-18 13:40:00+05:30,1131.800048828125,1132.4000244140625,1131.300048828125,1131.800048828125,118787
2026-06-18 13:45:00+05:30,1132.300048828125,1132.9000244140625,1131.4000244140625,1131.800048828125,127707
2026-06-18 13:50:00+05:30,1132.5,1132.9000244140625,1131.9000244140625,1132.300048828125,84396
2026-06-18 13:55:00+05:30,1132.300048828125,1132.699951171875,1131.5,1132.5,142576
2026-06-18 14:00:00+05:30,1131.699951171875,1132.300048828125,1131.5999755859375,1132.300048828125,111884
2026-06-18 14:05:00+05:30,1131.9000244140625,1132.0999755859375,1131.5,1131.800048828125,134431
2026-06-18 14:10:00+05:30,1131.4000244140625,1132.300048828125,1131.0,1131.5999755859375,160054
2026-06-18 14:15:00+05:30,1129.5,1131.5,1129.5,1131.0999755859375,224560
2026-06-18 14:20:00+05:30,1129.4000244140625,1130.0,1128.4000244140625,1130.0,203579
2026-06-18 14:25:00+05:30,1128.5,1130.0,1128.199951171875,1129.699951171875,132481
2026-06-18 14:30:00+05:30,1129.0999755859375,1129.5999755859375,1128.0,1128.5999755859375,130213
2026-06-18 14:35:00+05:30,1128.199951171875,1129.9000244140625,1128.0,1129.5,253349
2026-06-18 14:40:00+05:30,1128.300048828125,1128.800048828125,1127.5,1128.4000244140625,212727
2026-06-18 14:45:00+05:30,1127.800048828125,1129.300048828125,1127.699951171875,1128.4000244140625,224552
2026-06-18 14:50:00+05:30,1128.9000244140625,1129.0999755859375,1127.800048828125,1127.800048828125,194032
2026-06-18 14:55:00+05:30,1127.9000244140625,1129.5,1127.9000244140625,1128.9000244140625,352578
2026-06-18 15:00:00+05:30,1128.0,1128.5999755859375,1127.199951171875,1128.0,790259
2026-06-18 15:05:00+05:30,1127.699951171875,1128.5,1127.0999755859375,1128.199951171875,627035
2026-06-18 15:10:00+05:30,1127.199951171875,1127.9000244140625,1126.0,1127.9000244140625,832002
2026-06-18 15:15:00+05:30,1127.4000244140625,1128.199951171875,1126.5999755859375,1127.4000244140625,546688
2026-06-18 15:20:00+05:30,1126.800048828125,1128.5,1126.699951171875,1127.4000244140625,633628
2026-06-18 15:25:00+05:30,1128.0,1128.0,1126.199951171875,1127.0,574003
2026-06-19 09:15:00+05:30,1042.9000244140625,1057.800048828125,1034.699951171875,1057.800048828125,0
2026-06-19 09:20:00+05:30,1038.9000244140625,1043.0,1038.300048828125,1042.4000244140625,1908672
2026-06-19 09:25:00+05:30,1032.5,1039.699951171875,1032.5,1039.0,2322113
2026-06-19 09:30:00+05:30,1036.4000244140625,1037.9000244140625,1030.0999755859375,1032.5,1819701
2026-06-19 09:35:00+05:30,1040.0,1040.0,1035.5,1036.9000244140625,979419
2026-06-19 09:40:00+05:30,1036.9000244140625,1040.5,1036.0,1039.800048828125,1072160
2026-06-19 09:45:00+05:30,1036.199951171875,1037.5999755859375,1035.0,1036.699951171875,832549
2026-06-19 09:50:00+05:30,1042.0,1042.199951171875,1036.0,1036.300048828125,899817
2026-06-19 09:55:00+05:30,1041.0,1044.4000244140625,1040.5,1041.699951171875,811684
2026-06-19 10:00:00+05:30,1041.0,1042.699951171875,1040.199951171875,1040.9000244140625,636750
2026-06-19 10:05:00+05:30,1042.0999755859375,1042.9000244140625,1040.4000244140625,1041.0,576435
2026-06-19 10:10:00+05:30,1043.5,1046.4000244140625,1042.0,1042.0999755859375,896919
2026-06-19 10:15:00+05:30,1042.199951171875,1044.0,1041.300048828125,1043.300048828125,500403
2026-06-19 10:20:00+05:30,1043.0999755859375,1044.4000244140625,1042.0999755859375,1042.199951171875,535400
2026-06-19 10:25:00+05:30,1041.0999755859375,1043.4000244140625,1040.0999755859375,1043.199951171875,543792
2026-06-19 10:30:00+05:30,1040.5,1041.300048828125,1040.0,1041.199951171875,317488
2026-06-19 10:35:00+05:30,1041.800048828125,1041.9000244140625,1040.199951171875,1040.5999755859375,251134
2026-06-19 10:40:00+05:30,1040.699951171875,1042.0,1040.4000244140625,1041.800048828125,250241
2026-06-19 10:45:00+05:30,1039.0999755859375,1042.800048828125,1039.0,1040.699951171875,465657
2026-06-19 10:50:00+05:30,1039.4000244140625,1039.5999755859375,1038.300048828125,1039.0999755859375,422515
2026-06-19 10:55:00+05:30,1037.300048828125,1039.699951171875,1037.0,1039.4000244140625,323824
2026-06-19 11:00:00+05:30,1037.800048828125,1038.4000244140625,1037.0999755859375,1037.300048828125,251955
2026-06-19 11:05:00+05:30,1038.199951171875,1038.9000244140625,1037.5999755859375,1038.0999755859375,204963
2026-06-19 11:10:00+05:30,1038.4000244140625,1040.5,1038.199951171875,1038.4000244140625,286788
2026-06-19 11:15:00+05:30,1039.5,1040.0,1038.699951171875,1038.699951171875,177126
2026-06-19 11:20:00+05:30,1038.9000244140625,1040.0,1038.5,1039.4000244140625,203229
2026-06-19 11:25:00+05:30,1038.800048828125,1039.5999755859375,1038.0,1039.0,247793
2026-06-19 11:30:00+05:30,1038.5999755859375,1039.699951171875,1038.5,1039.0,188080
2026-06-19 11:35:00+05:30,1038.300048828125,1039.0,1038.0,1038.9000244140625,207256
2026-06-19 11:40:00+05:30,1039.5,1039.800048828125,1038.199951171875,1038.699951171875,177529
2026-06-19 11:45:00+05:30,1038.4000244140625,1039.5999755859375,1038.300048828125,1039.5,141366
2026-06-19 11:50:00+05:30,1038.0999755859375,1039.0,1037.5999755859375,1038.699951171875,265381
2026-06-19 11:55:00+05:30,1038.0999755859375,1038.4000244140625,1037.5999755859375,1037.800048828125,202063
2026-06-19 12:00:00+05:30,1040.9000244140625,1040.9000244140625,1038.0,1038.0,318740
2026-06-19 12:05:00+05:30,1041.800048828125,1042.800048828125,1040.5,1040.9000244140625,387535
2026-06-19 12:10:00+05:30,1042.5999755859375,1043.0,1041.800048828125,1041.800048828125,319110
2026-06-19 12:15:00+05:30,1041.699951171875,1042.9000244140625,1041.199951171875,1042.800048828125,244392
2026-06-19 12:20:00+05:30,1041.800048828125,1042.300048828125,1041.5,1041.699951171875,228597
2026-06-19 12:25:00+05:30,1041.800048828125,1042.5,1041.4000244140625,1041.9000244140625,209239
2026-06-19 12:30:00+05:30,1041.9000244140625,1042.300048828125,1041.0999755859375,1041.800048828125,188936
2026-06-19 12:35:00+05:30,1041.199951171875,1042.4000244140625,1040.0,1042.300048828125,270243
2026-06-19 12:40:00+05:30,1042.0,1042.0,1040.0,1041.4000244140625,247263
2026-06-19 12:45:00+05:30,1043.0,1044.0,1041.800048828125,1041.9000244140625,367582
2026-06-19 12:50:00+05:30,1042.4000244140625,1043.4000244140625,1042.0,1043.4000244140625,203085
2026-06-19 12:55:00+05:30,1041.9000244140625,1042.5999755859375,1040.4000244140625,1042.5,265985
2026-06-19 13:00:00+05:30,1040.9000244140625,1041.9000244140625,1040.699951171875,1041.5,159131
2026-06-19 13:05:00+05:30,1039.5999755859375,1040.9000244140625,1039.300048828125,1040.9000244140625,254235
2026-06-19 13:10:00+05:30,1039.9000244140625,1040.0,1039.4000244140625,1039.5999755859375,128352
2026-06-19 13:15:00+05:30,1039.5,1040.199951171875,1039.5,1039.699951171875,121742
2026-06-19 13:20:00+05:30,1039.5,1039.800048828125,1039.0999755859375,1039.5999755859375,140518
2026-06-19 13:25:00+05:30,1040.0,1040.699951171875,1039.0999755859375,1039.300048828125,178951
2026-06-19 13:30:00+05:30,1040.0999755859375,1040.5,1039.5,1040.300048828125,177069
2026-06-19 13:35:00+05:30,1039.699951171875,1040.5999755859375,1039.5999755859375,1040.199951171875,221933
2026-06-19 13:40:00+05:30,1040.5,1040.800048828125,1039.5999755859375,1039.699951171875,177906
2026-06-19 13:45:00+05:30,1042.699951171875,1043.0,1040.0,1040.5,344078
2026-06-19 13:50:00+05:30,1042.199951171875,1043.0,1042.0,1042.5999755859375,248647
2026-06-19 13:55:00+05:30,1042.5999755859375,1042.800048828125,1042.0,1042.199951171875,206226
2026-06-19 14:00:00+05:30,1042.0999755859375,1042.800048828125,1041.0999755859375,1042.5999755859375,241621
2026-06-19 14:05:00+05:30,1041.0,1042.699951171875,1041.0,1042.0999755859375,192495
2026-06-19 14:10:00+05:30,1041.5999755859375,1042.0,1040.5999755859375,1041.0999755859375,176504
2026-06-19 14:15:00+05:30,1043.0,1043.300048828125,1041.0,1042.0,232754
2026-06-19 14:20:00+05:30,1042.199951171875,1043.0,1041.9000244140625,1043.0,208752
2026-06-19 14:25:00+05:30,1042.300048828125,1042.9000244140625,1041.9000244140625,1042.0,192643
2026-06-19 14:30:00+05:30,1041.800048828125,1042.9000244140625,1041.800048828125,1042.300048828125,211003
2026-06-19 14:35:00+05:30,1042.300048828125,1042.5999755859375,1041.300048828125,1042.0,247902
2026-06-19 14:40:00+05:30,1042.0,1042.300048828125,1041.300048828125,1042.300048828125,214365
2026-06-19 14:45:00+05:30,1042.800048828125,1043.699951171875,1042.0999755859375,1042.0999755859375,345957
2026-06-19 14:50:00+05:30,1042.300048828125,1043.4000244140625,1042.0,1042.9000244140625,297117
2026-06-19 14:55:00+05:30,1041.0,1042.199951171875,1040.0999755859375,1042.0,462090
2026-06-19 15:00:00+05:30,1046.5,1046.9000244140625,1040.800048828125,1040.800048828125,2153869
2026-06-19 15:05:00+05:30,1050.699951171875,1051.800048828125,1046.5,1046.5,2629826
2026-06-19 15:10:00+05:30,1054.699951171875,1055.0,1050.5,1050.5,1852437
2026-06-19 15:15:00+05:30,1054.5999755859375,1055.5,1053.0,1054.699951171875,1835862
2026-06-19 15:20:00+05:30,1055.4000244140625,1055.4000244140625,1054.300048828125,1054.5999755859375,1629724
2026-06-19 15:25:00+05:30,1054.5999755859375,1056.9000244140625,1052.5999755859375,1055.300048828125,1507895
2026-06-22 09:15:00+05:30,1066.199951171875,1071.5999755859375,1056.9000244140625,1056.9000244140625,0
2026-06-22 09:20:00+05:30,1066.0,1069.0,1065.199951171875,1066.0999755859375,398236
2026-06-22 09:25:00+05:30,1063.699951171875,1066.9000244140625,1063.199951171875,1065.9000244140625,274469
2026-06-22 09:30:00+05:30,1062.5999755859375,1065.0,1062.0,1063.800048828125,219883
2026-06-22 09:35:00+05:30,1062.5999755859375,1062.9000244140625,1059.5,1062.199951171875,212577
2026-06-22 09:40:00+05:30,1063.9000244140625,1064.5999755859375,1062.199951171875,1062.300048828125,189919
2026-06-22 09:45:00+05:30,1063.9000244140625,1065.5,1063.0999755859375,1064.0,146668
2026-06-22 09:50:00+05:30,1066.4000244140625,1066.699951171875,1063.5999755859375,1063.5999755859375,184686
2026-06-22 09:55:00+05:30,1065.5,1066.699951171875,1064.5,1066.300048828125,120839
2026-06-22 10:00:00+05:30,1064.5,1065.5,1064.0999755859375,1065.300048828125,53417
2026-06-22 10:05:00+05:30,1064.0999755859375,1064.5,1063.5,1064.199951171875,53204
2026-06-22 10:10:00+05:30,1064.5999755859375,1065.0,1063.699951171875,1064.300048828125,82434
2026-06-22 10:15:00+05:30,1064.5,1065.0,1064.300048828125,1064.300048828125,33284
2026-06-22 10:20:00+05:30,1063.5999755859375,1064.9000244140625,1063.5,1064.5,63229
2026-06-22 10:25:00+05:30,1063.699951171875,1064.4000244140625,1063.4000244140625,1063.5999755859375,47088
2026-06-22 10:30:00+05:30,1061.300048828125,1063.699951171875,1061.0,1063.699951171875,78505
2026-06-22 10:35:00+05:30,1062.800048828125,1062.9000244140625,1059.5999755859375,1061.300048828125,128560
2026-06-22 10:40:00+05:30,1062.0999755859375,1063.300048828125,1062.0999755859375,1062.800048828125,49848
2026-06-22 10:45:00+05:30,1063.699951171875,1064.0,1061.699951171875,1062.300048828125,72119
2026-06-22 10:50:00+05:30,1065.5999755859375,1066.0,1063.800048828125,1063.800048828125,104910
2026-06-22 10:55:00+05:30,1069.0999755859375,1070.0,1065.0,1065.5999755859375,356264
2026-06-22 11:00:00+05:30,1068.9000244140625,1069.0999755859375,1068.0,1069.0,83026
2026-06-22 11:05:00+05:30,1070.0,1070.699951171875,1068.5,1069.0,231940
2026-06-22 11:10:00+05:30,1069.5999755859375,1070.9000244140625,1069.0,1070.0999755859375,100399
2026-06-22 11:15:00+05:30,1068.199951171875,1069.699951171875,1067.9000244140625,1069.699951171875,55719
2026-06-22 11:20:00+05:30,1067.5,1068.4000244140625,1067.300048828125,1068.300048828125,47841
2026-06-22 11:25:00+05:30,1068.0999755859375,1068.4000244140625,1067.0999755859375,1067.5,45871
2026-06-22 11:30:00+05:30,1068.0,1068.5,1067.5999755859375,1068.0,45433
2026-06-22 11:35:00+05:30,1067.699951171875,1068.300048828125,1067.4000244140625,1068.199951171875,35425
2026-06-22 11:40:00+05:30,1067.199951171875,1067.699951171875,1067.0,1067.699951171875,37064
2026-06-22 11:45:00+05:30,1067.199951171875,1067.800048828125,1067.0,1067.300048828125,34375
2026-06-22 11:50:00+05:30,1066.300048828125,1067.199951171875,1065.9000244140625,1067.0,37547
2026-06-22 11:55:00+05:30,1065.9000244140625,1066.300048828125,1065.300048828125,1066.300048828125,36325
2026-06-22 12:00:00+05:30,1066.0,1066.0,1065.199951171875,1066.0,51633
2026-06-22 12:05:00+05:30,1065.699951171875,1066.199951171875,1065.5999755859375,1066.0,20985
2026-06-22 12:10:00+05:30,1066.0,1066.5,1065.699951171875,1065.699951171875,30968
2026-06-22 12:15:00+05:30,1065.800048828125,1066.0,1065.4000244140625,1066.0,22223
2026-06-22 12:20:00+05:30,1065.5999755859375,1065.800048828125,1064.4000244140625,1065.5,48448
2026-06-22 12:25:00+05:30,1066.5999755859375,1067.699951171875,1065.699951171875,1066.0,91652
2026-06-22 12:30:00+05:30,1067.0999755859375,1067.300048828125,1066.0,1066.5,55405
2026-06-22 12:35:00+05:30,1068.300048828125,1069.0,1067.0,1067.199951171875,63995
2026-06-22 12:40:00+05:30,1067.5999755859375,1068.4000244140625,1067.199951171875,1068.4000244140625,37523
2026-06-22 12:45:00+05:30,1067.800048828125,1068.0999755859375,1066.9000244140625,1067.5,48232
2026-06-22 12:50:00+05:30,1067.5999755859375,1068.300048828125,1067.5,1068.0,33486
2026-06-22 12:55:00+05:30,1067.5,1067.9000244140625,1067.5,1067.5999755859375,29529
2026-06-22 13:00:00+05:30,1066.800048828125,1067.699951171875,1066.800048828125,1067.5999755859375,33813
2026-06-22 13:05:00+05:30,1066.5,1067.5999755859375,1066.4000244140625,1066.9000244140625,33506
2026-06-22 13:10:00+05:30,1066.4000244140625,1067.0,1066.0,1066.300048828125,39917
2026-06-22 13:15:00+05:30,1067.0,1067.300048828125,1066.0,1066.300048828125,44936
2026-06-22 13:20:00+05:30,1066.4000244140625,1067.300048828125,1066.0,1066.699951171875,38335
2026-06-22 13:25:00+05:30,1066.9000244140625,1067.0,1066.199951171875,1066.300048828125,28399
2026-06-22 13:30:00+05:30,1066.699951171875,1067.5,1066.5999755859375,1067.0,55702
2026-06-22 13:35:00+05:30,1066.300048828125,1067.0,1066.199951171875,1066.800048828125,24472
2026-06-22 13:40:00+05:30,1066.5999755859375,1067.0,1065.0,1066.199951171875,93570
2026-06-22 13:45:00+05:30,1066.4000244140625,1067.5,1066.0999755859375,1066.9000244140625,46647
2026-06-22 13:50:00+05:30,1067.0,1067.0,1065.9000244140625,1066.199951171875,34477
2026-06-22 13:55:00+05:30,1070.0,1070.0999755859375,1066.5999755859375,1067.0,368029
2026-06-22 14:00:00+05:30,1070.9000244140625,1072.5,1069.699951171875,1070.0,203790
2026-06-22 14:05:00+05:30,1072.199951171875,1073.5,1070.9000244140625,1070.9000244140625,155908
2026-06-22 14:10:00+05:30,1074.699951171875,1075.5999755859375,1071.5999755859375,1072.199951171875,370683
2026-06-22 14:15:00+05:30,1075.4000244140625,1075.4000244140625,1073.5,1075.0,138945
2026-06-22 14:20:00+05:30,1075.199951171875,1075.699951171875,1074.300048828125,1075.300048828125,95120
2026-06-22 14:25:00+05:30,1080.0,1080.0999755859375,1074.9000244140625,1075.300048828125,559882
2026-06-22 14:30:00+05:30,1074.800048828125,1080.0999755859375,1074.5,1080.0999755859375,267314
2026-06-22 14:35:00+05:30,1074.800048828125,1076.199951171875,1073.300048828125,1074.5,193217
2026-06-22 14:40:00+05:30,1072.699951171875,1074.9000244140625,1072.199951171875,1074.800048828125,155067
2026-06-22 14:45:00+05:30,1072.199951171875,1073.5,1072.0,1072.699951171875,73649
2026-06-22 14:50:00+05:30,1071.800048828125,1072.699951171875,1071.300048828125,1072.199951171875,82368
2026-06-22 14:55:00+05:30,1070.5,1071.800048828125,1070.5,1071.800048828125,97149
2026-06-22 15:00:00+05:30,1066.5999755859375,1071.199951171875,1066.300048828125,1071.0,296423
2026-06-22 15:05:00+05:30,1065.5999755859375,1066.699951171875,1065.5,1066.699951171875,217099
2026-06-22 15:10:00+05:30,1064.5999755859375,1065.5999755859375,1064.0999755859375,1065.5999755859375,188539
2026-06-22 15:15:00+05:30,1064.5999755859375,1066.0999755859375,1064.300048828125,1064.5999755859375,209270
2026-06-22 15:20:00+05:30,1064.300048828125,1065.5,1063.800048828125,1065.0,249628
2026-06-22 15:25:00+05:30,1065.0,1065.0,1062.0,1064.4000244140625,323863
2026-06-23 09:15:00+05:30,1041.800048828125,1053.0,1034.300048828125,1053.0,0
2026-06-23 09:20:00+05:30,1041.4000244140625,1042.5,1040.0,1041.9000244140625,589985
2026-06-23 09:25:00+05:30,1040.0999755859375,1041.5999755859375,1037.5999755859375,1041.300048828125,593624
2026-06-23 09:30:00+05:30,1040.0999755859375,1041.0,1038.5999755859375,1040.0999755859375,366276
2026-06-23 09:35:00+05:30,1039.4000244140625,1040.0999755859375,1036.699951171875,1039.9000244140625,470965
2026-06-23 09:40:00+05:30,1037.5,1040.0999755859375,1037.0999755859375,1039.699951171875,449725
2026-06-23 09:45:00+05:30,1035.9000244140625,1037.5999755859375,1034.5,1037.4000244140625,707911
2026-06-23 09:50:00+05:30,1036.300048828125,1037.0,1034.300048828125,1036.0,422920
2026-06-23 09:55:00+05:30,1035.5999755859375,1036.5,1034.5999755859375,1036.300048828125,300228
2026-06-23 10:00:00+05:30,1036.5999755859375,1037.699951171875,1035.5999755859375,1035.5999755859375,238285
2026-06-23 10:05:00+05:30,1036.4000244140625,1037.0999755859375,1035.699951171875,1036.800048828125,224253
2026-06-23 10:10:00+05:30,1035.800048828125,1036.699951171875,1035.5,1036.5999755859375,168874
2026-06-23 10:15:00+05:30,1036.300048828125,1036.699951171875,1035.5,1035.800048828125,134035
2026-06-23 10:20:00+05:30,1037.199951171875,1037.300048828125,1036.300048828125,1036.5999755859375,144131
2026-06-23 10:25:00+05:30,1035.0,1037.300048828125,1034.5,1037.300048828125,307726
2026-06-23 10:30:00+05:30,1034.199951171875,1035.4000244140625,1034.0,1035.199951171875,252505
2026-06-23 10:35:00+05:30,1034.0,1034.699951171875,1033.5,1034.300048828125,248400
2026-06-23 10:40:00+05:30,1034.300048828125,1035.300048828125,1033.5,1034.0999755859375,137802
2026-06-23 10:45:00+05:30,1032.800048828125,1034.300048828125,1032.300048828125,1034.300048828125,237876
2026-06-23 10:50:00+05:30,1032.9000244140625,1033.5,1032.0,1032.9000244140625,187769
2026-06-23 10:55:00+05:30,1032.5,1033.0,1031.5,1032.800048828125,213510
2026-06-23 11:00:00+05:30,1032.199951171875,1033.300048828125,1031.5999755859375,1032.5,157681
2026-06-23 11:05:00+05:30,1032.0999755859375,1032.800048828125,1032.0,1032.199951171875,104545
2026-06-23 11:10:00+05:30,1035.300048828125,1035.699951171875,1031.5,1032.0999755859375,448172
2026-06-23 11:15:00+05:30,1038.0,1038.0999755859375,1035.0,1035.300048828125,422272
2026-06-23 11:20:00+05:30,1035.5999755859375,1038.5,1035.300048828125,1038.0999755859375,187901
2026-06-23 11:25:00+05:30,1034.699951171875,1036.0,1034.5999755859375,1035.5999755859375,145686
2026-06-23 11:30:00+05:30,1033.9000244140625,1035.0,1033.699951171875,1034.9000244140625,107311
2026-06-23 11:35:00+05:30,1033.800048828125,1034.800048828125,1033.300048828125,1033.9000244140625,102516
2026-06-23 11:40:00+05:30,1034.4000244140625,1034.9000244140625,1033.300048828125,1033.800048828125,111159
2026-06-23 11:45:00+05:30,1033.0999755859375,1034.699951171875,1032.5,1034.4000244140625,138377
2026-06-23 11:50:00+05:30,1034.0999755859375,1034.4000244140625,1032.699951171875,1033.0,115405
2026-06-23 11:55:00+05:30,1033.0999755859375,1034.5,1033.0,1034.199951171875,112058
2026-06-23 12:00:00+05:30,1034.0999755859375,1035.0,1033.300048828125,1033.300048828125,124335
2026-06-23 12:05:00+05:30,1033.699951171875,1035.0,1033.5999755859375,1034.0999755859375,79792
2026-06-23 12:10:00+05:30,1033.699951171875,1034.800048828125,1033.5,1034.0,121987
2026-06-23 12:15:00+05:30,1034.199951171875,1034.699951171875,1033.4000244140625,1033.699951171875,91884
2026-06-23 12:20:00+05:30,1033.5,1034.5999755859375,1033.5,1034.4000244140625,108699
2026-06-23 12:25:00+05:30,1034.699951171875,1035.0,1033.699951171875,1033.9000244140625,99602
2026-06-23 12:30:00+05:30,1033.699951171875,1034.9000244140625,1033.5,1034.699951171875,70336
2026-06-23 12:35:00+05:30,1033.800048828125,1034.300048828125,1033.0999755859375,1033.699951171875,85620
2026-06-23 12:40:00+05:30,1033.5,1033.9000244140625,1033.0,1033.9000244140625,97148
2026-06-23 12:45:00+05:30,1033.0,1034.0,1033.0,1033.0999755859375,129112
2026-06-23 12:50:00+05:30,1033.9000244140625,1034.199951171875,1032.5999755859375,1033.0,91876
2026-06-23 12:55:00+05:30,1034.300048828125,1034.699951171875,1033.300048828125,1033.800048828125,100423
2026-06-23 13:00:00+05:30,1032.9000244140625,1034.800048828125,1032.5,1034.5999755859375,104786
2026-06-23 13:05:00+05:30,1032.699951171875,1033.800048828125,1032.5,1033.0,112325
2026-06-23 13:10:00+05:30,1032.800048828125,1033.0,1032.199951171875,1032.699951171875,95416
2026-06-23 13:15:00+05:30,1032.800048828125,1033.0999755859375,1032.199951171875,1032.5,99228
2026-06-23 13:20:00+05:30,1032.5999755859375,1033.0,1032.5,1032.800048828125,73232
2026-06-23 13:25:00+05:30,1032.5,1033.300048828125,1032.199951171875,1032.5999755859375,100978
2026-06-23 13:30:00+05:30,1031.5,1032.5,1031.5,1032.5,159112
2026-06-23 13:35:00+05:30,1031.0999755859375,1032.199951171875,1031.0,1031.5,139177
2026-06-23 13:40:00+05:30,1031.5,1032.0999755859375,1031.0,1031.300048828125,106176
2026-06-23 13:45:00+05:30,1031.9000244140625,1032.0,1031.199951171875,1031.800048828125,112004
2026-06-23 13:50:00+05:30,1032.199951171875,1032.5999755859375,1031.0,1031.800048828125,179945
2026-06-23 13:55:00+05:30,1032.0,1032.5,1031.199951171875,1032.5,99790
2026-06-23 14:00:00+05:30,1033.5,1034.0999755859375,1031.5999755859375,1031.9000244140625,157449
2026-06-23 14:05:00+05:30,1034.0,1034.4000244140625,1033.0,1033.5,101545
2026-06-23 14:10:00+05:30,1034.800048828125,1035.4000244140625,1033.800048828125,1034.199951171875,167176
2026-06-23 14:15:00+05:30,1034.4000244140625,1035.5,1034.199951171875,1034.699951171875,120067
2026-06-23 14:20:00+05:30,1037.0999755859375,1037.4000244140625,1034.199951171875,1034.4000244140625,159421
2026-06-23 14:25:00+05:30,1037.0,1037.800048828125,1036.199951171875,1036.9000244140625,165285
2026-06-23 14:30:00+05:30,1036.5,1037.199951171875,1036.0999755859375,1036.800048828125,154166
2026-06-23 14:35:00+05:30,1037.0,1038.300048828125,1036.0,1036.4000244140625,295544
2026-06-23 14:40:00+05:30,1036.0,1037.699951171875,1035.300048828125,1037.199951171875,299954
2026-06-23 14:45:00+05:30,1037.5999755859375,1038.199951171875,1036.0,1036.0,286572
2026-06-23 14:50:00+05:30,1036.199951171875,1037.5,1035.699951171875,1037.0999755859375,235043
2026-06-23 14:55:00+05:30,1036.300048828125,1037.0,1035.0999755859375,1036.0,255838
2026-06-23 15:00:00+05:30,1030.9000244140625,1036.199951171875,1030.0999755859375,1036.199951171875,637957
2026-06-23 15:05:00+05:30,1029.9000244140625,1031.0999755859375,1029.5,1030.9000244140625,755272
2026-06-23 15:10:00+05:30,1028.199951171875,1031.9000244140625,1028.0,1029.9000244140625,751019
2026-06-23 15:15:00+05:30,1028.0,1029.800048828125,1027.0999755859375,1028.199951171875,661070
2026-06-23 15:20:00+05:30,1027.0999755859375,1028.4000244140625,1026.199951171875,1028.0,775383
2026-06-23 15:25:00+05:30,1029.0,1029.0,1026.0999755859375,1027.0,525496
2026-06-24 09:15:00+05:30,1044.4000244140625,1046.4000244140625,1038.800048828125,1040.800048828125,0
2026-06-24 09:20:00+05:30,1040.300048828125,1045.5,1040.199951171875,1044.9000244140625,329464
2026-06-24 09:25:00+05:30,1040.5,1041.5,1038.5,1040.300048828125,290467
2026-06-24 09:30:00+05:30,1039.699951171875,1044.0,1039.300048828125,1041.0,239226
2026-06-24 09:35:00+05:30,1040.300048828125,1041.800048828125,1039.5,1039.5999755859375,149096
2026-06-24 09:40:00+05:30,1044.0,1044.5,1039.4000244140625,1040.4000244140625,200899
2026-06-24 09:45:00+05:30,1046.0999755859375,1048.5,1043.9000244140625,1043.9000244140625,398612
2026-06-24 09:50:00+05:30,1043.0999755859375,1046.699951171875,1041.5,1046.5999755859375,188968
2026-06-24 09:55:00+05:30,1042.0,1044.699951171875,1041.5,1043.0999755859375,153288
2026-06-24 10:00:00+05:30,1042.699951171875,1042.699951171875,1040.5999755859375,1042.4000244140625,85167
2026-06-24 10:05:00+05:30,1042.0,1044.0,1041.800048828125,1042.800048828125,72899
2026-06-24 10:10:00+05:30,1044.199951171875,1044.5,1041.4000244140625,1042.0,75384
2026-06-24 10:15:00+05:30,1047.0999755859375,1048.0,1043.9000244140625,1044.199951171875,226821
2026-06-24 10:20:00+05:30,1048.5,1049.300048828125,1046.5,1047.300048828125,213489
2026-06-24 10:25:00+05:30,1050.5,1051.5999755859375,1048.300048828125,1048.4000244140625,287349
2026-06-24 10:30:00+05:30,1050.800048828125,1051.4000244140625,1049.699951171875,1050.5,122134
2026-06-24 10:35:00+05:30,1052.300048828125,1052.699951171875,1050.4000244140625,1050.800048828125,203712
2026-06-24 10:40:00+05:30,1050.9000244140625,1053.5999755859375,1050.300048828125,1052.4000244140625,156494
2026-06-24 10:45:00+05:30,1048.0,1051.5,1047.800048828125,1050.5,136664
2026-06-24 10:50:00+05:30,1047.9000244140625,1049.9000244140625,1047.800048828125,1048.199951171875,97067
2026-06-24 10:55:00+05:30,1048.0,1048.5,1046.300048828125,1048.0,113148
2026-06-24 11:00:00+05:30,1046.199951171875,1048.0,1046.0999755859375,1048.0,56722
2026-06-24 11:05:00+05:30,1045.9000244140625,1046.9000244140625,1045.5,1046.199951171875,69069
2026-06-24 11:10:00+05:30,1049.4000244140625,1049.5,1045.800048828125,1045.9000244140625,82130
2026-06-24 11:15:00+05:30,1049.300048828125,1049.9000244140625,1048.9000244140625,1049.199951171875,102431
2026-06-24 11:20:00+05:30,1049.199951171875,1050.699951171875,1049.0,1049.300048828125,90544
2026-06-24 11:25:00+05:30,1047.5,1049.4000244140625,1047.0999755859375,1049.0999755859375,69203
2026-06-24 11:30:00+05:30,1048.0,1048.5,1047.0,1047.800048828125,77315
2026-06-24 11:35:00+05:30,1049.5,1049.5,1047.9000244140625,1048.0,51069
2026-06-24 11:40:00+05:30,1050.199951171875,1050.5,1048.5999755859375,1049.5999755859375,80338
2026-06-24 11:45:00+05:30,1049.800048828125,1050.300048828125,1048.699951171875,1050.300048828125,53710
2026-06-24 11:50:00+05:30,1050.5999755859375,1051.5,1049.300048828125,1050.0,83852
2026-06-24 11:55:00+05:30,1049.699951171875,1051.0,1049.699951171875,1050.5999755859375,49065
2026-06-24 12:00:00+05:30,1051.0,1051.5,1049.300048828125,1049.9000244140625,66892
2026-06-24 12:05:00+05:30,1047.5,1051.0,1047.0,1050.699951171875,79978
2026-06-24 12:10:00+05:30,1046.9000244140625,1047.699951171875,1046.5,1047.4000244140625,72099
2026-06-24 12:15:00+05:30,1046.0999755859375,1047.0,1046.0,1046.800048828125,59159
2026-06-24 12:20:00+05:30,1046.5999755859375,1047.300048828125,1046.0,1046.0,103433
2026-06-24 12:25:00+05:30,1045.199951171875,1046.5999755859375,1044.5,1046.5999755859375,135997
2026-06-24 12:30:00+05:30,1045.0999755859375,1045.4000244140625,1044.0,1045.199951171875,93080
2026-06-24 12:35:00+05:30,1045.300048828125,1045.5999755859375,1044.4000244140625,1045.0999755859375,84741
2026-06-24 12:40:00+05:30,1044.800048828125,1045.800048828125,1044.5,1045.0,65210
2026-06-24 12:45:00+05:30,1045.199951171875,1045.5999755859375,1044.4000244140625,1044.800048828125,65699
2026-06-24 12:50:00+05:30,1045.0,1045.4000244140625,1044.4000244140625,1045.199951171875,81251
2026-06-24 12:55:00+05:30,1045.699951171875,1047.0,1044.4000244140625,1044.9000244140625,110638
2026-06-24 13:00:00+05:30,1046.5,1047.0,1045.5999755859375,1045.800048828125,92669
2026-06-24 13:05:00+05:30,1050.699951171875,1051.0,1046.199951171875,1046.5,173448
2026-06-24 13:10:00+05:30,1050.199951171875,1050.9000244140625,1049.5,1050.5,101652
2026-06-24 13:15:00+05:30,1050.699951171875,1051.199951171875,1050.0,1050.5,123943
2026-06-24 13:20:00+05:30,1049.5,1050.9000244140625,1049.0,1050.699951171875,130194
2026-06-24 13:25:00+05:30,1049.800048828125,1050.5,1049.199951171875,1049.5999755859375,96985
2026-06-24 13:30:00+05:30,1051.199951171875,1051.4000244140625,1049.0,1049.800048828125,168456
2026-06-24 13:35:00+05:30,1050.300048828125,1052.9000244140625,1049.800048828125,1051.199951171875,174136
2026-06-24 13:40:00+05:30,1053.199951171875,1053.5999755859375,1050.300048828125,1050.5,162685
2026-06-24 13:45:00+05:30,1055.300048828125,1056.0,1053.0999755859375,1053.199951171875,288587
2026-06-24 13:50:00+05:30,1056.5,1057.0,1055.199951171875,1055.199951171875,129182
2026-06-24 13:55:00+05:30,1055.5999755859375,1056.5,1054.699951171875,1056.5,100537
2026-06-24 14:00:00+05:30,1057.0999755859375,1057.300048828125,1054.699951171875,1055.5,170706
2026-06-24 14:05:00+05:30,1057.0999755859375,1057.300048828125,1055.699951171875,1057.0999755859375,83700
2026-06-24 14:10:00+05:30,1063.0,1063.300048828125,1056.699951171875,1057.0999755859375,377850
2026-06-24 14:15:00+05:30,1064.4000244140625,1065.0999755859375,1062.5999755859375,1063.199951171875,299717
2026-06-24 14:20:00+05:30,1062.4000244140625,1065.0,1062.0999755859375,1064.699951171875,219008
2026-06-24 14:25:00+05:30,1062.300048828125,1062.5999755859375,1060.800048828125,1062.5999755859375,113400
2026-06-24 14:30:00+05:30,1060.0,1063.0,1059.300048828125,1062.4000244140625,169217
2026-06-24 14:35:00+05:30,1061.4000244140625,1062.800048828125,1059.5,1059.9000244140625,94293
2026-06-24 14:40:00+05:30,1062.4000244140625,1062.5,1060.199951171875,1061.300048828125,144288
2026-06-24 14:45:00+05:30,1062.800048828125,1063.5999755859375,1061.4000244140625,1062.5999755859375,127565
2026-06-24 14:50:00+05:30,1060.0999755859375,1063.0,1059.5,1063.0,177854
2026-06-24 14:55:00+05:30,1058.199951171875,1061.0,1058.0,1060.0,181642
2026-06-24 15:00:00+05:30,1058.300048828125,1058.9000244140625,1056.0,1058.199951171875,276127
2026-06-24 15:05:00+05:30,1057.199951171875,1058.800048828125,1056.699951171875,1058.300048828125,226940
2026-06-24 15:10:00+05:30,1056.300048828125,1057.800048828125,1055.800048828125,1057.199951171875,305110
2026-06-24 15:15:00+05:30,1055.4000244140625,1056.800048828125,1055.4000244140625,1056.199951171875,310506
2026-06-24 15:20:00+05:30,1055.4000244140625,1057.0999755859375,1055.300048828125,1055.5,305754
2026-06-24 15:25:00+05:30,1056.0,1057.199951171875,1055.0,1055.5,254430
2026-06-25 09:15:00+05:30,1050.699951171875,1067.699951171875,1049.300048828125,1064.5,0
2026-06-25 09:20:00+05:30,1049.0999755859375,1051.699951171875,1048.199951171875,1051.0999755859375,328195
2026-06-25 09:25:00+05:30,1048.699951171875,1050.5,1048.5,1049.0,224617
2026-06-25 09:30:00+05:30,1045.300048828125,1048.800048828125,1045.0999755859375,1048.800048828125,293203
2026-06-25 09:35:00+05:30,1045.5999755859375,1046.9000244140625,1044.0999755859375,1045.300048828125,243028
2026-06-25 09:40:00+05:30,1047.5,1048.5,1045.5,1045.5999755859375,203657
2026-06-25 09:45:00+05:30,1048.5999755859375,1049.0,1047.0,1047.5,190694
2026-06-25 09:50:00+05:30,1048.4000244140625,1050.199951171875,1047.699951171875,1048.699951171875,143870
2026-06-25 09:55:00+05:30,1049.5,1049.5,1047.5,1048.0999755859375,115546
2026-06-25 10:00:00+05:30,1056.800048828125,1057.0,1049.0,1049.5,321454
2026-06-25 10:05:00+05:30,1056.699951171875,1058.9000244140625,1055.4000244140625,1056.800048828125,309837
2026-06-25 10:10:00+05:30,1057.300048828125,1057.9000244140625,1055.0999755859375,1056.5,151589
2026-06-25 10:15:00+05:30,1053.800048828125,1057.300048828125,1053.699951171875,1057.300048828125,126173
2026-06-25 10:20:00+05:30,1053.699951171875,1054.699951171875,1052.699951171875,1053.800048828125,101030
2026-06-25 10:25:00+05:30,1054.199951171875,1055.0,1053.0999755859375,1053.699951171875,88353
2026-06-25 10:30:00+05:30,1056.5999755859375,1056.5999755859375,1053.699951171875,1054.4000244140625,127819
2026-06-25 10:35:00+05:30,1053.4000244140625,1056.5,1053.199951171875,1056.5,82685
2026-06-25 10:40:00+05:30,1052.800048828125,1053.5,1052.300048828125,1053.5,80799
2026-06-25 10:45:00+05:30,1052.5999755859375,1053.5,1051.5999755859375,1053.0,97234
2026-06-25 10:50:00+05:30,1052.5999755859375,1053.0999755859375,1051.699951171875,1052.300048828125,66501
2026-06-25 10:55:00+05:30,1053.0,1053.5,1051.800048828125,1052.5999755859375,79767
2026-06-25 11:00:00+05:30,1051.199951171875,1053.4000244140625,1051.0,1053.0,109890
2026-06-25 11:05:00+05:30,1051.800048828125,1052.0,1050.0,1051.800048828125,131402
2026-06-25 11:10:00+05:30,1054.800048828125,1055.0999755859375,1051.199951171875,1052.199951171875,131555
2026-06-25 11:15:00+05:30,1053.0,1055.5,1052.699951171875,1055.0,126203
2026-06-25 11:20:00+05:30,1051.9000244140625,1053.5999755859375,1051.4000244140625,1053.0999755859375,92041
2026-06-25 11:25:00+05:30,1050.5999755859375,1051.9000244140625,1049.9000244140625,1051.800048828125,158675
2026-06-25 11:30:00+05:30,1050.5,1051.300048828125,1050.199951171875,1050.5,151519
2026-06-25 11:35:00+05:30,1052.9000244140625,1053.699951171875,1050.5,1050.699951171875,144625
2026-06-25 11:40:00+05:30,1053.300048828125,1054.199951171875,1052.0,1052.9000244140625,96749
2026-06-25 11:45:00+05:30,1054.0,1054.5,1053.0999755859375,1053.5,84628
2026-06-25 11:50:00+05:30,1052.9000244140625,1054.300048828125,1052.5,1054.0,83827
2026-06-25 11:55:00+05:30,1053.4000244140625,1054.4000244140625,1052.199951171875,1052.699951171875,111837
2026-06-25 12:00:00+05:30,1054.5,1054.5,1052.5,1053.5,114528
2026-06-25 12:05:00+05:30,1055.9000244140625,1056.5,1054.4000244140625,1054.5,187971
2026-06-25 12:10:00+05:30,1053.300048828125,1055.9000244140625,1053.199951171875,1055.800048828125,91900
2026-06-25 12:15:00+05:30,1052.0,1053.5999755859375,1051.199951171875,1053.5,114974
2026-06-25 12:20:00+05:30,1051.300048828125,1052.199951171875,1050.9000244140625,1052.199951171875,111004
2026-06-25 12:25:00+05:30,1051.300048828125,1052.5,1051.0999755859375,1051.5,101842
2026-06-25 12:30:00+05:30,1048.199951171875,1051.5,1048.0999755859375,1051.300048828125,207268
2026-06-25 12:35:00+05:30,1049.800048828125,1050.0,1047.5999755859375,1048.300048828125,110183
2026-06-25 12:40:00+05:30,1048.699951171875,1050.0999755859375,1048.199951171875,1049.9000244140625,122860
2026-06-25 12:45:00+05:30,1048.300048828125,1049.4000244140625,1048.300048828125,1048.699951171875,67148
2026-06-25 12:50:00+05:30,1048.5,1049.0,1048.0,1048.300048828125,96987
2026-06-25 12:55:00+05:30,1047.9000244140625,1048.699951171875,1047.4000244140625,1048.5,67128
2026-06-25 13:00:00+05:30,1047.5999755859375,1048.5,1046.4000244140625,1047.9000244140625,191673
2026-06-25 13:05:00+05:30,1046.5999755859375,1048.0999755859375,1046.5,1047.5,100628
2026-06-25 13:10:00+05:30,1045.800048828125,1046.9000244140625,1045.5999755859375,1046.4000244140625,153114
2026-06-25 13:15:00+05:30,1048.0,1048.5999755859375,1045.5,1045.5999755859375,167083
2026-06-25 13:20:00+05:30,1045.5999755859375,1047.9000244140625,1045.199951171875,1047.800048828125,162322
2026-06-25 13:25:00+05:30,1046.5,1046.800048828125,1045.199951171875,1045.5,250085
2026-06-25 13:30:00+05:30,1046.5,1046.9000244140625,1046.0,1046.5,200580
2026-06-25 13:35:00+05:30,1046.699951171875,1046.9000244140625,1046.0999755859375,1046.4000244140625,133285
2026-06-25 13:40:00+05:30,1047.699951171875,1048.5,1046.699951171875,1046.699951171875,356622
2026-06-25 13:45:00+05:30,1047.199951171875,1048.199951171875,1047.0,1047.800048828125,443940
2026-06-25 13:50:00+05:30,1048.0,1048.5,1046.9000244140625,1047.5,258725
2026-06-25 13:55:00+05:30,1048.5,1050.0,1047.5999755859375,1048.0,268763
2026-06-25 14:00:00+05:30,1050.5,1050.800048828125,1047.800048828125,1048.5,148002
2026-06-25 14:05:00+05:30,1052.0999755859375,1052.4000244140625,1049.0,1050.300048828125,142907
2026-06-25 14:10:00+05:30,1049.5999755859375,1052.199951171875,1049.4000244140625,1052.0999755859375,131327
2026-06-25 14:15:00+05:30,1050.5,1050.9000244140625,1048.5,1049.800048828125,111360
2026-06-25 14:20:00+05:30,1045.5,1050.699951171875,1045.4000244140625,1050.5,219834
2026-06-25 14:25:00+05:30,1043.5,1045.699951171875,1042.5999755859375,1045.5999755859375,326401
2026-06-25 14:30:00+05:30,1043.5999755859375,1044.699951171875,1042.800048828125,1043.300048828125,250065
2026-06-25 14:35:00+05:30,1043.699951171875,1045.5,1043.5,1043.5999755859375,320668
2026-06-25 14:40:00+05:30,1043.0,1045.0,1042.5999755859375,1043.5,342950
2026-06-25 14:45:00+05:30,1043.199951171875,1044.9000244140625,1043.0,1043.0999755859375,312801
2026-06-25 14:50:00+05:30,1044.0999755859375,1045.5,1043.199951171875,1043.5,296512
2026-06-25 14:55:00+05:30,1043.5,1045.0999755859375,1043.199951171875,1044.0999755859375,234995
2026-06-25 15:00:00+05:30,1042.0999755859375,1043.9000244140625,1040.800048828125,1043.9000244140625,601775
2026-06-25 15:05:00+05:30,1042.0,1043.199951171875,1041.199951171875,1042.4000244140625,564472
2026-06-25 15:10:00+05:30,1040.199951171875,1042.5,1040.0999755859375,1042.0,543124
2026-06-25 15:15:00+05:30,1040.5999755859375,1041.5,1039.800048828125,1040.199951171875,492488
2026-06-25 15:20:00+05:30,1041.4000244140625,1041.4000244140625,1039.0999755859375,1040.5,456012
2026-06-25 15:25:00+05:30,1042.9000244140625,1043.0,1040.199951171875,1041.199951171875,348007
2026-06-29 09:15:00+05:30,1030.800048828125,1046.0,1030.800048828125,1039.300048828125,0
2026-06-29 09:20:00+05:30,1036.5,1037.199951171875,1029.4000244140625,1030.300048828125,313489
2026-06-29 09:25:00+05:30,1035.800048828125,1036.5,1034.300048828125,1036.4000244140625,172517
2026-06-29 09:30:00+05:30,1033.699951171875,1036.5,1033.199951171875,1035.5999755859375,169301
2026-06-29 09:35:00+05:30,1035.0999755859375,1036.300048828125,1033.0,1033.5,109349
2026-06-29 09:40:00+05:30,1035.199951171875,1036.4000244140625,1034.5999755859375,1035.199951171875,111151
2026-06-29 09:45:00+05:30,1033.5,1034.800048828125,1032.300048828125,1034.800048828125,115967
2026-06-29 09:50:00+05:30,1031.5999755859375,1033.800048828125,1031.4000244140625,1033.800048828125,130280
2026-06-29 09:55:00+05:30,1034.9000244140625,1034.9000244140625,1031.5,1031.5999755859375,84966
2026-06-29 10:00:00+05:30,1034.4000244140625,1038.0,1033.9000244140625,1034.9000244140625,177604
2026-06-29 10:05:00+05:30,1033.0,1034.5999755859375,1032.699951171875,1034.300048828125,79373
2026-06-29 10:10:00+05:30,1032.0,1033.300048828125,1031.699951171875,1032.5,131628
2026-06-29 10:15:00+05:30,1032.5999755859375,1032.9000244140625,1031.5999755859375,1031.9000244140625,108086
2026-06-29 10:20:00+05:30,1038.5999755859375,1038.5999755859375,1032.5999755859375,1032.699951171875,206152
2026-06-29 10:25:00+05:30,1037.300048828125,1040.9000244140625,1037.0,1038.5,197880
2026-06-29 10:30:00+05:30,1035.199951171875,1037.300048828125,1035.199951171875,1037.0999755859375,75817
2026-06-29 10:35:00+05:30,1033.5,1035.0,1032.5,1035.0,119596
2026-06-29 10:40:00+05:30,1033.9000244140625,1034.5,1032.0999755859375,1033.800048828125,83336
2026-06-29 10:45:00+05:30,1034.199951171875,1034.9000244140625,1033.4000244140625,1033.9000244140625,72730
2026-06-29 10:50:00+05:30,1034.300048828125,1034.9000244140625,1033.5,1034.5,58021
2026-06-29 10:55:00+05:30,1033.699951171875,1034.9000244140625,1033.0,1034.0999755859375,52293
2026-06-29 11:00:00+05:30,1034.4000244140625,1035.300048828125,1033.800048828125,1033.800048828125,66564
2026-06-29 11:05:00+05:30,1034.0,1035.0,1034.0,1034.4000244140625,76794
2026-06-29 11:10:00+05:30,1034.5,1035.4000244140625,1034.0999755859375,1034.199951171875,47519
2026-06-29 11:15:00+05:30,1034.199951171875,1034.699951171875,1033.5999755859375,1034.4000244140625,70010
2026-06-29 11:20:00+05:30,1034.699951171875,1035.300048828125,1033.5999755859375,1034.4000244140625,59975
2026-06-29 11:25:00+05:30,1034.800048828125,1036.0,1034.4000244140625,1034.699951171875,82506
2026-06-29 11:30:00+05:30,1032.300048828125,1035.5,1031.5,1034.5999755859375,197363
2026-06-29 11:35:00+05:30,1033.5999755859375,1034.199951171875,1032.9000244140625,1032.9000244140625,76679
2026-06-29 11:40:00+05:30,1032.5999755859375,1033.800048828125,1032.0,1033.699951171875,80731
2026-06-29 11:45:00+05:30,1032.5,1033.300048828125,1032.5,1032.5999755859375,98640
2026-06-29 11:50:00+05:30,1032.300048828125,1033.0,1031.5,1032.300048828125,95694
2026-06-29 11:55:00+05:30,1031.300048828125,1033.0,1031.199951171875,1032.5,106100
2026-06-29 12:00:00+05:30,1033.4000244140625,1033.699951171875,1031.0,1031.5,114184
2026-06-29 12:05:00+05:30,1033.199951171875,1034.300048828125,1033.0,1033.199951171875,120649
2026-06-29 12:10:00+05:30,1033.199951171875,1033.9000244140625,1032.199951171875,1033.0,89803
2026-06-29 12:15:00+05:30,1031.5,1033.5999755859375,1031.199951171875,1033.300048828125,55930
2026-06-29 12:20:00+05:30,1032.0999755859375,1032.800048828125,1031.4000244140625,1031.5999755859375,49296
2026-06-29 12:25:00+05:30,1032.199951171875,1032.9000244140625,1031.800048828125,1032.300048828125,60185
2026-06-29 12:30:00+05:30,1031.5999755859375,1033.0,1031.5999755859375,1032.300048828125,71522
2026-06-29 12:35:00+05:30,1031.9000244140625,1032.800048828125,1031.300048828125,1032.0,69194
2026-06-29 12:40:00+05:30,1032.0,1032.199951171875,1031.199951171875,1031.800048828125,53116
2026-06-29 12:45:00+05:30,1033.0,1033.9000244140625,1032.0,1032.4000244140625,78563
2026-06-29 12:50:00+05:30,1033.5,1033.699951171875,1032.800048828125,1033.0999755859375,53497
2026-06-29 12:55:00+05:30,1033.5,1034.0,1033.0,1033.5999755859375,61676
2026-06-29 13:00:00+05:30,1034.199951171875,1034.9000244140625,1032.699951171875,1033.699951171875,71847
2026-06-29 13:05:00+05:30,1033.9000244140625,1034.5999755859375,1033.5999755859375,1034.300048828125,60400
2026-06-29 13:10:00+05:30,1031.9000244140625,1034.0,1031.5999755859375,1034.0,80228
2026-06-29 13:15:00+05:30,1029.9000244140625,1032.0,1029.5,1031.699951171875,186880
2026-06-29 13:20:00+05:30,1029.800048828125,1030.699951171875,1029.300048828125,1029.9000244140625,92228
2026-06-29 13:25:00+05:30,1031.800048828125,1031.800048828125,1029.5,1029.800048828125,68336
2026-06-29 13:30:00+05:30,1032.5,1035.699951171875,1030.9000244140625,1031.699951171875,591463
2026-06-29 13:35:00+05:30,1032.0,1032.699951171875,1031.300048828125,1032.5,86135
2026-06-29 13:40:00+05:30,1032.199951171875,1032.5999755859375,1031.5,1032.0999755859375,125057
2026-06-29 13:45:00+05:30,1034.5,1034.800048828125,1032.199951171875,1032.199951171875,179360
2026-06-29 13:50:00+05:30,1033.0999755859375,1035.0,1033.0,1034.9000244140625,104754
2026-06-29 13:55:00+05:30,1032.5,1033.5999755859375,1032.0999755859375,1033.0999755859375,185245
2026-06-29 14:00:00+05:30,1033.0999755859375,1033.699951171875,1032.0999755859375,1032.4000244140625,85449
2026-06-29 14:05:00+05:30,1033.5,1034.9000244140625,1032.699951171875,1032.699951171875,206741
2026-06-29 14:10:00+05:30,1033.300048828125,1034.4000244140625,1033.0,1033.5,152076
2026-06-29 14:15:00+05:30,1034.699951171875,1035.9000244140625,1033.300048828125,1033.5999755859375,164355
2026-06-29 14:20:00+05:30,1034.9000244140625,1034.9000244140625,1033.4000244140625,1034.800048828125,129996
2026-06-29 14:25:00+05:30,1036.0,1036.800048828125,1034.199951171875,1034.5,236579
2026-06-29 14:30:00+05:30,1033.5,1036.4000244140625,1032.4000244140625,1036.300048828125,132906
2026-06-29 14:35:00+05:30,1033.0,1033.9000244140625,1033.0,1033.4000244140625,79733
2026-06-29 14:40:00+05:30,1034.0999755859375,1034.4000244140625,1032.800048828125,1033.0,108958
2026-06-29 14:45:00+05:30,1033.699951171875,1035.0,1033.5999755859375,1034.199951171875,118935
2026-06-29 14:50:00+05:30,1033.4000244140625,1034.0,1032.9000244140625,1034.0,108283
2026-06-29 14:55:00+05:30,1034.0,1034.5,1033.0999755859375,1033.300048828125,202713
2026-06-29 15:00:00+05:30,1037.800048828125,1043.5999755859375,1034.9000244140625,1035.0999755859375,1113702
2026-06-29 15:05:00+05:30,1036.699951171875,1040.0,1036.0999755859375,1038.0,934803
2026-06-29 15:10:00+05:30,1036.0,1036.9000244140625,1033.5999755859375,1036.5999755859375,950753
2026-06-29 15:15:00+05:30,1037.699951171875,1038.5,1035.199951171875,1036.0,1020910
2026-06-29 15:20:00+05:30,1032.5,1038.199951171875,1032.4000244140625,1038.199951171875,1258228
2026-06-29 15:25:00+05:30,1034.0,1036.0,1030.199951171875,1030.699951171875,776462
2026-06-30 09:15:00+05:30,1019.5,1030.0,1018.9000244140625,1029.9000244140625,0
2026-06-30 09:20:00+05:30,1016.5999755859375,1021.0999755859375,1016.2999877929688,1019.5999755859375,431501
2026-06-30 09:25:00+05:30,1016.5999755859375,1017.0,1014.0,1016.5999755859375,368139
2026-06-30 09:30:00+05:30,1009.0999755859375,1016.5,1008.2000122070312,1016.5,863734
2026-06-30 09:35:00+05:30,1009.2999877929688,1010.5999755859375,1006.2000122070312,1008.7999877929688,466293
2026-06-30 09:40:00+05:30,1007.7000122070312,1009.7000122070312,1007.0999755859375,1009.2000122070312,263577
2026-06-30 09:45:00+05:30,1007.7000122070312,1008.2999877929688,1006.0,1007.7999877929688,417769
2026-06-30 09:50:00+05:30,1010.0,1010.4000244140625,1007.5999755859375,1007.7999877929688,198796
2026-06-30 09:55:00+05:30,1012.0,1012.2000122070312,1010.0,1010.0,217111
2026-06-30 10:00:00+05:30,1012.5999755859375,1013.2999877929688,1011.7000122070312,1012.0,189942
2026-06-30 10:05:00+05:30,1012.0999755859375,1013.2000122070312,1010.4000244140625,1013.0,276690
2026-06-30 10:10:00+05:30,1011.4000244140625,1012.5,1011.0,1012.2000122070312,151888
2026-06-30 10:15:00+05:30,1011.7000122070312,1013.0,1010.9000244140625,1011.5,375983
2026-06-30 10:20:00+05:30,1014.0,1014.2000122070312,1011.0,1011.5,152976
2026-06-30 10:25:00+05:30,1012.5999755859375,1016.5999755859375,1012.2000122070312,1014.0,255771
2026-06-30 10:30:00+05:30,1012.4000244140625,1013.5,1010.4000244140625,1012.7000122070312,170903
2026-06-30 10:35:00+05:30,1011.4000244140625,1012.5,1011.0,1012.4000244140625,108940
2026-06-30 10:40:00+05:30,1011.5999755859375,1012.0,1011.0,1011.5,59053
2026-06-30 10:45:00+05:30,1010.7000122070312,1011.7000122070312,1010.5,1011.5999755859375,98786
2026-06-30 10:50:00+05:30,1011.5999755859375,1012.0,1010.5,1010.7999877929688,97943
2026-06-30 10:55:00+05:30,1011.5999755859375,1012.7000122070312,1011.0,1011.5999755859375,80519
2026-06-30 11:00:00+05:30,1011.7000122070312,1013.4000244140625,1011.4000244140625,1011.5999755859375,129671
2026-06-30 11:05:00+05:30,1012.0,1012.2000122070312,1010.5,1011.4000244140625,97668
2026-06-30 11:10:00+05:30,1015.2000122070312,1015.9000244140625,1011.9000244140625,1012.2000122070312,169954
2026-06-30 11:15:00+05:30,1014.7999877929688,1015.7999877929688,1013.0999755859375,1015.2000122070312,134732
2026-06-30 11:20:00+05:30,1016.7000122070312,1017.0,1014.5,1015.0,307986
2026-06-30 11:25:00+05:30,1015.0999755859375,1016.7999877929688,1014.5999755859375,1016.7999877929688,120405
2026-06-30 11:30:00+05:30,1011.0,1015.2000122070312,1010.5,1015.0999755859375,176193
2026-06-30 11:35:00+05:30,1011.0,1011.0999755859375,1009.4000244140625,1011.0,261455
2026-06-30 11:40:00+05:30,1010.0,1011.9000244140625,1010.0,1011.0,149872
2026-06-30 11:45:00+05:30,1010.5,1010.9000244140625,1009.5999755859375,1010.4000244140625,114186
2026-06-30 11:50:00+05:30,1009.7999877929688,1011.0,1009.0,1010.5999755859375,129255
2026-06-30 11:55:00+05:30,1010.0,1010.7000122070312,1009.4000244140625,1009.7999877929688,125106
2026-06-30 12:00:00+05:30,1009.4000244140625,1010.2000122070312,1009.0,1010.2000122070312,128067
2026-06-30 12:05:00+05:30,1008.5,1009.9000244140625,1008.2000122070312,1009.2999877929688,162526
2026-06-30 12:10:00+05:30,1007.5,1008.9000244140625,1007.2999877929688,1008.5,187234
2026-06-30 12:15:00+05:30,1008.2999877929688,1008.5,1007.4000244140625,1007.7000122070312,127910
2026-06-30 12:20:00+05:30,1009.2999877929688,1009.7000122070312,1007.7000122070312,1008.2999877929688,93072
2026-06-30 12:25:00+05:30,1010.2000122070312,1010.2999877929688,1008.7000122070312,1009.2999877929688,73790
2026-06-30 12:30:00+05:30,1011.9000244140625,1012.0,1010.0,1010.2000122070312,104825
2026-06-30 12:35:00+05:30,1013.2000122070312,1013.4000244140625,1011.5,1012.0,127049
2026-06-30 12:40:00+05:30,1014.9000244140625,1015.0,1012.9000244140625,1013.2999877929688,145252
2026-06-30 12:45:00+05:30,1014.0,1015.0,1013.5999755859375,1015.0,213460
2026-06-30 12:50:00+05:30,1013.7000122070312,1014.2999877929688,1012.5999755859375,1014.0,140621
2026-06-30 12:55:00+05:30,1012.7999877929688,1014.0999755859375,1012.2000122070312,1013.5999755859375,244657
2026-06-30 13:00:00+05:30,1012.5999755859375,1013.0,1011.7000122070312,1012.7999877929688,112022
2026-06-30 13:05:00+05:30,1012.0,1012.7999877929688,1011.0999755859375,1012.7000122070312,143114
2026-06-30 13:10:00+05:30,1011.2999877929688,1012.4000244140625,1010.7999877929688,1012.0,95334
2026-06-30 13:15:00+05:30,1011.2999877929688,1012.7999877929688,1011.2000122070312,1011.4000244140625,139820
2026-06-30 13:20:00+05:30,1011.4000244140625,1011.9000244140625,1010.7999877929688,1011.2000122070312,94335
2026-06-30 13:25:00+05:30,1011.4000244140625,1012.2000122070312,1011.2000122070312,1011.4000244140625,80710
2026-06-30 13:30:00+05:30,1010.2999877929688,1012.0,1009.7000122070312,1011.5999755859375,167710
2026-06-30 13:35:00+05:30,1010.0,1010.9000244140625,1009.4000244140625,1010.2999877929688,149707
2026-06-30 13:40:00+05:30,1010.5999755859375,1011.2999877929688,1009.7999877929688,1010.0,114703
2026-06-30 13:45:00+05:30,1010.9000244140625,1011.2999877929688,1009.9000244140625,1010.2999877929688,104210
2026-06-30 13:50:00+05:30,1010.9000244140625,1011.9000244140625,1010.7000122070312,1011.0,108048
2026-06-30 13:55:00+05:30,1010.2000122070312,1011.0999755859375,1009.5999755859375,1010.9000244140625,129883
2026-06-30 14:00:00+05:30,1008.7999877929688,1010.4000244140625,1008.5,1010.2000122070312,168117
2026-06-30 14:05:00+05:30,1009.0999755859375,1009.2000122070312,1007.7000122070312,1008.5,248597
2026-06-30 14:10:00+05:30,1005.2999877929688,1009.0,1005.0,1009.0,359496
2026-06-30 14:15:00+05:30,1003.5999755859375,1006.0999755859375,1003.0,1005.2999877929688,519617
2026-06-30 14:20:00+05:30,1006.2999877929688,1006.5,1002.7000122070312,1003.5999755859375,281277
2026-06-30 14:25:00+05:30,1005.5,1007.7999877929688,1005.2999877929688,1006.5,323735
2026-06-30 14:30:00+05:30,1004.0,1005.0,1003.0,1004.5,317965
2026-06-30 14:35:00+05:30,1005.4000244140625,1005.9000244140625,1004.2000122070312,1004.5999755859375,257594
2026-06-30 14:40:00+05:30,1004.5,1005.7999877929688,1004.0,1005.4000244140625,216491
2026-06-30 14:45:00+05:30,1003.5,1004.7000122070312,1003.0,1004.7000122070312,224874
2026-06-30 14:50:00+05:30,1003.2000122070312,1004.4000244140625,1003.0,1003.4000244140625,172405
2026-06-30 14:55:00+05:30,1001.7999877929688,1003.9000244140625,1000.5,1003.2000122070312,468888
2026-06-30 15:00:00+05:30,996.2999877929688,1001.9000244140625,996.2000122070312,1001.9000244140625,1620788
2026-06-30 15:05:00+05:30,1000.0,1001.2000122070312,996.2000122070312,996.2999877929688,1807679
2026-06-30 15:10:00+05:30,1000.5999755859375,1001.2999877929688,999.2999877929688,1000.0999755859375,1415320
2026-06-30 15:15:00+05:30,1001.7999877929688,1002.0,999.5999755859375,1000.5999755859375,1530814
2026-06-30 15:20:00+05:30,1003.2000122070312,1003.2000122070312,1000.0999755859375,1001.7999877929688,1313337
2026-06-30 15:25:00+05:30,1005.9000244140625,1006.0,1002.0999755859375,1003.2000122070312,1226270
2026-07-01 09:15:00+05:30,1013.0,1013.9000244140625,1005.7999877929688,1007.0,0
2026-07-01 09:20:00+05:30,1010.4000244140625,1012.9000244140625,1009.0,1012.7999877929688,239698
2026-07-01 09:25:00+05:30,1009.5999755859375,1011.4000244140625,1008.5999755859375,1009.7000122070312,153725
2026-07-01 09:30:00+05:30,1005.2000122070312,1009.0,1004.0,1009.0,251352
2026-07-01 09:35:00+05:30,1003.7999877929688,1005.5,1003.0,1005.2000122070312,206960
2026-07-01 09:40:00+05:30,1002.4000244140625,1004.2000122070312,1001.5,1003.5999755859375,157227
2026-07-01 09:45:00+05:30,1005.9000244140625,1006.7999877929688,1002.2000122070312,1002.2999877929688,177457
2026-07-01 09:50:00+05:30,1003.0,1005.7000122070312,1002.0999755859375,1005.7000122070312,128829
2026-07-01 09:55:00+05:30,1001.2000122070312,1003.0,1001.0,1003.0,230878
2026-07-01 10:00:00+05:30,1000.9000244140625,1001.4000244140625,999.5,1001.0999755859375,354527
2026-07-01 10:05:00+05:30,1000.0999755859375,1000.9000244140625,999.2000122070312,1000.7999877929688,211882
2026-07-01 10:10:00+05:30,1000.2000122070312,1000.4000244140625,999.5,1000.0999755859375,148220
2026-07-01 10:15:00+05:30,1000.5,1002.0,1000.2999877929688,1000.4000244140625,130701
2026-07-01 10:20:00+05:30,999.7999877929688,1000.5,997.5,1000.2999877929688,307293
2026-07-01 10:25:00+05:30,998.0,1000.0,997.5999755859375,999.7999877929688,108742
2026-07-01 10:30:00+05:30,997.5,998.5,996.7000122070312,998.0,267882
2026-07-01 10:35:00+05:30,998.2999877929688,998.5,997.2000122070312,997.5,136473
2026-07-01 10:40:00+05:30,997.5999755859375,998.7000122070312,997.2999877929688,998.2999877929688,72155
2026-07-01 10:45:00+05:30,998.5,998.9000244140625,997.9000244140625,997.9000244140625,67796
2026-07-01 10:50:00+05:30,999.2000122070312,999.4000244140625,998.5,998.5,64155
2026-07-01 10:55:00+05:30,999.0,999.4000244140625,998.5,999.2999877929688,75790
2026-07-01 11:00:00+05:30,999.7999877929688,999.9000244140625,998.7999877929688,998.9000244140625,56885
2026-07-01 11:05:00+05:30,999.7000122070312,999.7000122070312,998.5,999.5999755859375,71490
2026-07-01 11:10:00+05:30,999.5999755859375,999.7999877929688,999.0,999.7000122070312,57399
2026-07-01 11:15:00+05:30,998.4000244140625,999.9000244140625,998.0999755859375,999.5999755859375,86181
2026-07-01 11:20:00+05:30,998.4000244140625,998.5999755859375,997.7000122070312,998.5,73364
2026-07-01 11:25:00+05:30,998.0,998.4000244140625,997.7999877929688,998.4000244140625,59308
2026-07-01 11:30:00+05:30,997.2999877929688,998.4000244140625,996.5,997.9000244140625,123863
2026-07-01 11:35:00+05:30,997.7000122070312,997.7999877929688,996.5,997.0999755859375,75830
2026-07-01 11:40:00+05:30,997.7999877929688,998.0,997.2999877929688,997.7000122070312,49186
2026-07-01 11:45:00+05:30,997.9000244140625,999.0,997.5999755859375,997.7000122070312,65078
2026-07-01 11:50:00+05:30,997.4000244140625,997.5,996.5999755859375,997.4000244140625,71966
2026-07-01 11:55:00+05:30,997.9000244140625,997.9000244140625,997.0,997.5,46666
2026-07-01 12:00:00+05:30,997.9000244140625,998.2000122070312,997.4000244140625,997.7000122070312,54635
2026-07-01 12:05:00+05:30,998.2000122070312,998.4000244140625,997.5999755859375,997.7999877929688,56254
2026-07-01 12:10:00+05:30,995.4000244140625,998.5,994.5999755859375,998.2000122070312,287415
2026-07-01 12:15:00+05:30,994.7000122070312,995.5,994.2000122070312,995.5,162588
2026-07-01 12:20:00+05:30,995.2000122070312,995.2000122070312,993.9000244140625,994.7000122070312,132185
2026-07-01 12:25:00+05:30,992.2000122070312,995.2999877929688,992.0,995.2000122070312,150187
2026-07-01 12:30:00+05:30,994.0999755859375,994.7999877929688,992.0,992.0,146945
2026-07-01 12:35:00+05:30,994.9000244140625,995.5,994.0999755859375,994.0999755859375,70027
2026-07-01 12:40:00+05:30,995.0999755859375,995.5,994.2000122070312,994.7999877929688,67357
2026-07-01 12:45:00+05:30,994.0,995.0999755859375,994.0,995.0999755859375,62542
2026-07-01 12:50:00+05:30,993.0999755859375,994.7000122070312,993.0,994.0999755859375,81212
2026-07-01 12:55:00+05:30,992.9000244140625,993.2000122070312,992.2999877929688,993.2000122070312,112530
2026-07-01 13:00:00+05:30,992.2999877929688,993.4000244140625,992.0999755859375,992.9000244140625,85536
2026-07-01 13:05:00+05:30,993.0,993.2000122070312,992.4000244140625,992.4000244140625,73701
2026-07-01 13:10:00+05:30,992.5999755859375,993.0,992.2000122070312,992.7999877929688,57543
2026-07-01 13:15:00+05:30,990.7999877929688,993.0,990.7999877929688,992.9000244140625,179764
2026-07-01 13:20:00+05:30,989.5999755859375,991.0,988.7000122070312,991.0,310489
2026-07-01 13:25:00+05:30,988.0999755859375,989.7999877929688,988.0,989.4000244140625,147956
2026-07-01 13:30:00+05:30,987.9000244140625,989.0999755859375,987.0999755859375,988.0999755859375,182122
2026-07-01 13:35:00+05:30,988.5,989.2999877929688,987.2000122070312,987.7000122070312,136715
2026-07-01 13:40:00+05:30,988.5999755859375,989.4000244140625,987.5,988.9000244140625,112873
2026-07-01 13:45:00+05:30,988.5,989.4000244140625,987.5999755859375,988.5999755859375,111823
2026-07-01 13:50:00+05:30,987.7000122070312,989.0,987.7000122070312,988.2999877929688,164755
2026-07-01 13:55:00+05:30,988.5,988.7000122070312,987.7000122070312,987.7000122070312,108181
2026-07-01 14:00:00+05:30,989.0,989.0,987.5,988.5,135079
2026-07-01 14:05:00+05:30,988.9000244140625,989.0,987.2000122070312,988.7000122070312,180974
2026-07-01 14:10:00+05:30,988.7999877929688,989.7999877929688,988.5,988.9000244140625,74527
2026-07-01 14:15:00+05:30,989.2000122070312,991.0,988.5,988.7000122070312,158812
2026-07-01 14:20:00+05:30,989.2999877929688,989.5999755859375,988.7000122070312,989.0999755859375,58520
2026-07-01 14:25:00+05:30,988.2000122070312,989.2999877929688,987.7000122070312,989.2999877929688,89347
2026-07-01 14:30:00+05:30,987.0,988.2999877929688,986.0999755859375,987.7999877929688,173452
2026-07-01 14:35:00+05:30,985.7999877929688,987.0,984.4000244140625,986.7000122070312,317711
2026-07-01 14:40:00+05:30,990.4000244140625,990.7999877929688,985.0,985.5999755859375,252303
2026-07-01 14:45:00+05:30,992.0,992.4000244140625,989.5,990.2999877929688,205635
2026-07-01 14:50:00+05:30,988.5,992.0,987.0,992.0,298206
2026-07-01 14:55:00+05:30,988.2999877929688,988.9000244140625,986.5999755859375,988.2999877929688,276226
2026-07-01 15:00:00+05:30,987.5,989.7999877929688,986.0999755859375,989.0,376727
2026-07-01 15:05:00+05:30,985.0,987.7999877929688,984.2000122070312,987.5999755859375,361506
2026-07-01 15:10:00+05:30,985.4000244140625,985.7000122070312,984.0999755859375,985.5,390569
2026-07-01 15:15:00+05:30,984.7000122070312,985.5999755859375,984.5,985.5999755859375,383914
2026-07-01 15:20:00+05:30,984.5999755859375,985.2999877929688,983.2999877929688,984.7000122070312,642287
2026-07-01 15:25:00+05:30,986.0,986.7000122070312,983.5999755859375,984.5999755859375,522318
2026-07-02 09:15:00+05:30,1023.5999755859375,1023.5999755859375,1007.9000244140625,1008.7000122070312,0
2026-07-02 09:20:00+05:30,1026.5,1027.5999755859375,1022.2999877929688,1023.7000122070312,1010012
2026-07-02 09:25:00+05:30,1027.300048828125,1029.0999755859375,1023.5999755859375,1026.5999755859375,675832
2026-07-02 09:30:00+05:30,1027.699951171875,1031.9000244140625,1027.0999755859375,1027.0999755859375,674439
2026-07-02 09:35:00+05:30,1030.9000244140625,1032.300048828125,1027.9000244140625,1027.9000244140625,426456
2026-07-02 09:40:00+05:30,1034.300048828125,1034.4000244140625,1030.199951171875,1031.199951171875,452565
2026-07-02 09:45:00+05:30,1030.9000244140625,1034.800048828125,1030.5,1034.0,283731
2026-07-02 09:50:00+05:30,1030.5,1031.9000244140625,1028.800048828125,1030.9000244140625,259626
2026-07-02 09:55:00+05:30,1034.4000244140625,1035.0,1030.4000244140625,1031.0,358283
2026-07-02 10:00:00+05:30,1033.300048828125,1034.5999755859375,1031.0,1034.4000244140625,192756
2026-07-02 10:05:00+05:30,1032.5,1033.699951171875,1031.0,1033.0,192583
2026-07-02 10:10:00+05:30,1033.0,1033.800048828125,1031.0999755859375,1032.5,190963
2026-07-02 10:15:00+05:30,1035.699951171875,1036.4000244140625,1032.5999755859375,1033.0,404736
2026-07-02 10:20:00+05:30,1038.5,1039.0,1035.699951171875,1035.9000244140625,366016
2026-07-02 10:25:00+05:30,1037.199951171875,1038.9000244140625,1035.9000244140625,1038.5,236561
2026-07-02 10:30:00+05:30,1035.5,1037.800048828125,1035.300048828125,1037.199951171875,190093
2026-07-02 10:35:00+05:30,1035.0,1036.699951171875,1033.199951171875,1035.300048828125,242196
2026-07-02 10:40:00+05:30,1036.0,1037.4000244140625,1035.0,1035.0,144183
2026-07-02 10:45:00+05:30,1035.4000244140625,1036.5,1033.5999755859375,1035.800048828125,115091
2026-07-02 10:50:00+05:30,1036.4000244140625,1038.300048828125,1035.0,1035.0999755859375,181999
2026-07-02 10:55:00+05:30,1036.5,1037.5999755859375,1036.0,1036.300048828125,101392
2026-07-02 11:00:00+05:30,1035.5999755859375,1036.5999755859375,1035.0999755859375,1036.5,87417
2026-07-02 11:05:00+05:30,1036.0999755859375,1036.5,1035.300048828125,1035.5999755859375,71746
2026-07-02 11:10:00+05:30,1037.4000244140625,1037.699951171875,1035.800048828125,1036.5,87996
2026-07-02 11:15:00+05:30,1038.199951171875,1038.199951171875,1036.699951171875,1037.4000244140625,102422
2026-07-02 11:20:00+05:30,1038.699951171875,1040.0,1037.699951171875,1038.0999755859375,303679
2026-07-02 11:25:00+05:30,1037.800048828125,1039.5,1037.5999755859375,1038.5999755859375,153108
2026-07-02 11:30:00+05:30,1037.800048828125,1038.800048828125,1037.5999755859375,1037.5999755859375,68888
2026-07-02 11:35:00+05:30,1038.800048828125,1038.9000244140625,1037.699951171875,1037.800048828125,55149
2026-07-02 11:40:00+05:30,1036.0999755859375,1038.4000244140625,1035.5999755859375,1038.4000244140625,154774
2026-07-02 11:45:00+05:30,1037.0999755859375,1037.0999755859375,1035.9000244140625,1036.199951171875,65624
2026-07-02 11:50:00+05:30,1039.199951171875,1039.699951171875,1037.5,1037.5999755859375,172984
2026-07-02 11:55:00+05:30,1039.0999755859375,1039.5,1038.5,1039.199951171875,116633
2026-07-02 12:00:00+05:30,1038.5,1039.699951171875,1038.0,1039.300048828125,172607
2026-07-02 12:05:00+05:30,1038.5,1040.0999755859375,1038.0999755859375,1038.5,171463
2026-07-02 12:10:00+05:30,1039.9000244140625,1039.9000244140625,1038.4000244140625,1038.5,99272
2026-07-02 12:15:00+05:30,1038.699951171875,1040.0,1038.5999755859375,1039.800048828125,94232
2026-07-02 12:20:00+05:30,1039.5,1039.5999755859375,1038.5,1038.800048828125,59157
2026-07-02 12:25:00+05:30,1039.5999755859375,1039.699951171875,1039.0999755859375,1039.5,91863
2026-07-02 12:30:00+05:30,1039.0,1039.800048828125,1038.5,1039.699951171875,87064
2026-07-02 12:35:00+05:30,1039.300048828125,1039.4000244140625,1038.699951171875,1039.0,54413
2026-07-02 12:40:00+05:30,1038.5999755859375,1039.5,1038.5,1039.300048828125,81105
2026-07-02 12:45:00+05:30,1040.0,1040.5,1038.199951171875,1038.5,195786
2026-07-02 12:50:00+05:30,1040.4000244140625,1040.5,1039.5,1040.0,85952
2026-07-02 12:55:00+05:30,1038.5,1040.800048828125,1038.0,1040.4000244140625,137086
2026-07-02 13:00:00+05:30,1038.699951171875,1039.5,1038.0999755859375,1038.5999755859375,134061
2026-07-02 13:05:00+05:30,1038.699951171875,1039.9000244140625,1038.199951171875,1038.699951171875,80129
2026-07-02 13:10:00+05:30,1038.9000244140625,1039.300048828125,1038.199951171875,1038.5,77362
2026-07-02 13:15:00+05:30,1039.699951171875,1039.800048828125,1038.5999755859375,1038.9000244140625,155072
2026-07-02 13:20:00+05:30,1039.199951171875,1039.9000244140625,1039.0999755859375,1039.699951171875,123087
2026-07-02 13:25:00+05:30,1040.300048828125,1040.5,1038.800048828125,1039.199951171875,149641
2026-07-02 13:30:00+05:30,1040.9000244140625,1041.300048828125,1040.0,1040.4000244140625,120548
2026-07-02 13:35:00+05:30,1040.199951171875,1041.199951171875,1039.800048828125,1040.9000244140625,117016
2026-07-02 13:40:00+05:30,1040.9000244140625,1041.0,1039.9000244140625,1040.199951171875,63614
2026-07-02 13:45:00+05:30,1041.0,1041.5,1040.699951171875,1040.699951171875,109868
2026-07-02 13:50:00+05:30,1038.800048828125,1041.699951171875,1038.699951171875,1040.9000244140625,152964
2026-07-02 13:55:00+05:30,1039.0999755859375,1039.9000244140625,1038.800048828125,1038.9000244140625,90076
2026-07-02 14:00:00+05:30,1038.800048828125,1039.800048828125,1038.800048828125,1039.0999755859375,71286
2026-07-02 14:05:00+05:30,1037.800048828125,1039.699951171875,1037.199951171875,1038.800048828125,179466
2026-07-02 14:10:00+05:30,1038.9000244140625,1039.699951171875,1037.5999755859375,1037.800048828125,129377
2026-07-02 14:15:00+05:30,1038.699951171875,1039.4000244140625,1038.199951171875,1039.0,112420
2026-07-02 14:20:00+05:30,1039.4000244140625,1040.0,1038.699951171875,1039.0999755859375,92948
2026-07-02 14:25:00+05:30,1039.0,1039.5999755859375,1038.300048828125,1039.4000244140625,111239
2026-07-02 14:30:00+05:30,1038.800048828125,1039.199951171875,1038.4000244140625,1038.9000244140625,118304
2026-07-02 14:35:00+05:30,1039.800048828125,1039.9000244140625,1038.300048828125,1038.800048828125,125520
2026-07-02 14:40:00+05:30,1040.9000244140625,1041.0,1039.300048828125,1039.699951171875,168790
2026-07-02 14:45:00+05:30,1041.0999755859375,1041.699951171875,1040.199951171875,1040.9000244140625,179689
2026-07-02 14:50:00+05:30,1039.0999755859375,1041.5999755859375,1038.9000244140625,1040.699951171875,206488
2026-07-02 14:55:00+05:30,1037.0,1039.0,1036.4000244140625,1038.9000244140625,395888
2026-07-02 15:00:00+05:30,1038.5999755859375,1039.300048828125,1036.699951171875,1037.0999755859375,519249
2026-07-02 15:05:00+05:30,1040.0,1040.800048828125,1038.300048828125,1038.699951171875,595052
2026-07-02 15:10:00+05:30,1040.4000244140625,1041.5999755859375,1038.800048828125,1040.0999755859375,574023
2026-07-02 15:15:00+05:30,1040.9000244140625,1041.699951171875,1040.0999755859375,1040.199951171875,639736
2026-07-02 15:20:00+05:30,1044.0,1044.0,1040.300048828125,1041.0,667889
2026-07-02 15:25:00+05:30,1042.199951171875,1044.4000244140625,1041.0,1044.0,779809
2026-07-03 09:15:00+05:30,1056.300048828125,1067.699951171875,1055.199951171875,1059.9000244140625,0
2026-07-03 09:20:00+05:30,1054.0,1057.800048828125,1053.5999755859375,1055.800048828125,313427
2026-07-03 09:25:00+05:30,1053.5,1055.4000244140625,1052.4000244140625,1054.199951171875,234066
2026-07-03 09:30:00+05:30,1051.300048828125,1054.199951171875,1050.9000244140625,1054.0999755859375,235455
2026-07-03 09:35:00+05:30,1050.0999755859375,1052.800048828125,1049.0,1051.800048828125,196291
2026-07-03 09:40:00+05:30,1045.300048828125,1050.5,1045.0,1050.199951171875,256192
2026-07-03 09:45:00+05:30,1043.0999755859375,1046.9000244140625,1042.0,1045.300048828125,293018
2026-07-03 09:50:00+05:30,1043.199951171875,1045.699951171875,1043.0,1043.4000244140625,201431
2026-07-03 09:55:00+05:30,1045.5999755859375,1047.4000244140625,1042.800048828125,1043.4000244140625,158953
2026-07-03 10:00:00+05:30,1043.300048828125,1046.300048828125,1043.300048828125,1045.800048828125,151362
2026-07-03 10:05:00+05:30,1047.199951171875,1049.5,1043.300048828125,1043.699951171875,280911
2026-07-03 10:10:00+05:30,1047.0999755859375,1047.5999755859375,1045.0999755859375,1046.9000244140625,136079
2026-07-03 10:15:00+05:30,1046.300048828125,1047.800048828125,1044.699951171875,1047.199951171875,221830
2026-07-03 10:20:00+05:30,1045.9000244140625,1047.0,1045.0,1046.300048828125,114128
2026-07-03 10:25:00+05:30,1046.4000244140625,1046.800048828125,1045.0,1046.0,125210
2026-07-03 10:30:00+05:30,1048.4000244140625,1048.5,1045.5,1046.4000244140625,115962
2026-07-03 10:35:00+05:30,1049.0999755859375,1049.800048828125,1047.199951171875,1048.699951171875,140718
2026-07-03 10:40:00+05:30,1048.199951171875,1049.9000244140625,1046.800048828125,1049.4000244140625,139670
2026-07-03 10:45:00+05:30,1050.199951171875,1050.300048828125,1047.9000244140625,1048.199951171875,151622
2026-07-03 10:50:00+05:30,1052.5,1052.699951171875,1049.300048828125,1050.199951171875,234491
2026-07-03 10:55:00+05:30,1051.5999755859375,1052.699951171875,1050.0999755859375,1052.699951171875,289697
2026-07-03 11:00:00+05:30,1055.800048828125,1056.5,1051.4000244140625,1051.800048828125,334287
2026-07-03 11:05:00+05:30,1055.5,1057.0999755859375,1055.0999755859375,1055.9000244140625,286494
2026-07-03 11:10:00+05:30,1053.699951171875,1055.699951171875,1053.4000244140625,1055.699951171875,167603
2026-07-03 11:15:00+05:30,1053.5,1054.199951171875,1052.699951171875,1053.699951171875,108899
2026-07-03 11:20:00+05:30,1053.0,1054.5,1052.800048828125,1053.699951171875,80212
2026-07-03 11:25:00+05:30,1053.0999755859375,1053.199951171875,1051.9000244140625,1052.9000244140625,91774
2026-07-03 11:30:00+05:30,1052.0,1053.0999755859375,1051.699951171875,1053.0999755859375,80884
2026-07-03 11:35:00+05:30,1053.5,1053.800048828125,1052.0,1052.199951171875,71934
2026-07-03 11:40:00+05:30,1054.300048828125,1054.9000244140625,1053.4000244140625,1054.199951171875,73006
2026-07-03 11:45:00+05:30,1053.0999755859375,1054.300048828125,1052.699951171875,1054.300048828125,53138
2026-07-03 11:50:00+05:30,1053.5,1053.9000244140625,1052.300048828125,1053.199951171875,76920
2026-07-03 11:55:00+05:30,1050.5,1053.5999755859375,1050.0,1053.5999755859375,127521
2026-07-03 12:00:00+05:30,1049.9000244140625,1050.699951171875,1049.4000244140625,1050.5,78679
2026-07-03 12:05:00+05:30,1052.199951171875,1052.4000244140625,1049.4000244140625,1049.5999755859375,123762
2026-07-03 12:10:00+05:30,1052.800048828125,1053.0,1051.4000244140625,1052.4000244140625,70499
2026-07-03 12:15:00+05:30,1054.4000244140625,1054.800048828125,1052.699951171875,1052.800048828125,99124
2026-07-03 12:20:00+05:30,1058.199951171875,1058.5999755859375,1054.5999755859375,1054.699951171875,239234
2026-07-03 12:25:00+05:30,1056.800048828125,1058.5,1056.0,1058.5,240636
2026-07-03 12:30:00+05:30,1055.5,1057.5,1054.9000244140625,1056.9000244140625,102507
2026-07-03 12:35:00+05:30,1053.0999755859375,1055.699951171875,1052.800048828125,1055.5,195323
2026-07-03 12:40:00+05:30,1051.4000244140625,1053.5,1050.5999755859375,1053.300048828125,176916
2026-07-03 12:45:00+05:30,1051.699951171875,1052.5,1050.9000244140625,1051.699951171875,97418
2026-07-03 12:50:00+05:30,1051.5,1052.0999755859375,1051.0,1051.9000244140625,70467
2026-07-03 12:55:00+05:30,1051.300048828125,1052.0999755859375,1051.0,1051.800048828125,67518
2026-07-03 13:00:00+05:30,1050.9000244140625,1051.5999755859375,1050.0,1051.5,72901
2026-07-03 13:05:00+05:30,1050.0999755859375,1050.9000244140625,1049.199951171875,1050.9000244140625,93070
2026-07-03 13:10:00+05:30,1050.699951171875,1051.300048828125,1049.0999755859375,1050.5,77571
2026-07-03 13:15:00+05:30,1050.800048828125,1050.800048828125,1049.800048828125,1050.699951171875,60667
2026-07-03 13:20:00+05:30,1047.5,1050.800048828125,1045.699951171875,1050.699951171875,198218
2026-07-03 13:25:00+05:30,1046.0,1047.5999755859375,1045.800048828125,1047.5,132285
2026-07-03 13:30:00+05:30,1046.0,1046.300048828125,1045.5,1046.0,81335
2026-07-03 13:35:00+05:30,1046.0,1046.199951171875,1044.5,1046.0,116165
2026-07-03 13:40:00+05:30,1045.5999755859375,1046.300048828125,1045.4000244140625,1046.0,76574
2026-07-03 13:45:00+05:30,1045.4000244140625,1046.0,1044.5999755859375,1045.800048828125,87441
2026-07-03 13:50:00+05:30,1045.0,1046.0,1044.800048828125,1045.199951171875,105948
2026-07-03 13:55:00+05:30,1045.0,1045.300048828125,1043.699951171875,1045.199951171875,91311
2026-07-03 14:00:00+05:30,1046.300048828125,1046.9000244140625,1044.5,1045.0,87003
2026-07-03 14:05:00+05:30,1047.4000244140625,1047.5,1046.199951171875,1046.300048828125,83055
2026-07-03 14:10:00+05:30,1047.0999755859375,1047.4000244140625,1046.5,1047.4000244140625,67058
2026-07-03 14:15:00+05:30,1047.4000244140625,1048.5,1046.199951171875,1046.9000244140625,88227
2026-07-03 14:20:00+05:30,1048.699951171875,1048.800048828125,1047.300048828125,1047.300048828125,90664
2026-07-03 14:25:00+05:30,1048.5999755859375,1049.0,1048.0,1048.4000244140625,60435
2026-07-03 14:30:00+05:30,1047.5999755859375,1048.9000244140625,1047.4000244140625,1048.5999755859375,67355
2026-07-03 14:35:00+05:30,1048.0,1050.0,1047.699951171875,1047.699951171875,75324
2026-07-03 14:40:00+05:30,1047.699951171875,1048.0999755859375,1047.199951171875,1047.699951171875,59622
2026-07-03 14:45:00+05:30,1048.300048828125,1048.5,1047.199951171875,1047.699951171875,56505
2026-07-03 14:50:00+05:30,1048.0,1048.5999755859375,1047.300048828125,1048.5,79495
2026-07-03 14:55:00+05:30,1047.4000244140625,1048.0,1047.0,1048.0,90517
2026-07-03 15:00:00+05:30,1048.699951171875,1049.5999755859375,1047.199951171875,1047.199951171875,183601
2026-07-03 15:05:00+05:30,1047.0999755859375,1049.300048828125,1047.0,1048.699951171875,121306
2026-07-03 15:10:00+05:30,1047.0,1047.699951171875,1046.5,1047.199951171875,157887
2026-07-03 15:15:00+05:30,1046.699951171875,1047.0999755859375,1046.199951171875,1047.0,148038
2026-07-03 15:20:00+05:30,1046.5,1047.0,1045.5,1046.800048828125,215859
2026-07-03 15:25:00+05:30,1047.0999755859375,1047.699951171875,1046.0,1046.4000244140625,185527
2026-07-06 09:15:00+05:30,1043.4000244140625,1051.0999755859375,1041.5,1051.0999755859375,0
2026-07-06 09:20:00+05:30,1045.5999755859375,1045.800048828125,1042.699951171875,1043.4000244140625,129324
2026-07-06 09:25:00+05:30,1046.800048828125,1047.699951171875,1045.0,1045.5999755859375,68112
2026-07-06 09:30:00+05:30,1044.300048828125,1046.9000244140625,1043.199951171875,1046.699951171875,47669
2026-07-06 09:35:00+05:30,1045.0,1046.0999755859375,1044.0,1044.0999755859375,136517
2026-07-06 09:40:00+05:30,1045.4000244140625,1048.699951171875,1044.699951171875,1044.9000244140625,161968
2026-07-06 09:45:00+05:30,1041.300048828125,1045.9000244140625,1041.0999755859375,1045.4000244140625,62987
2026-07-06 09:50:00+05:30,1041.0999755859375,1043.199951171875,1041.0,1041.5999755859375,229514
2026-07-06 09:55:00+05:30,1038.300048828125,1041.0,1037.5,1041.0,248092
2026-07-06 10:00:00+05:30,1035.5999755859375,1038.4000244140625,1035.5999755859375,1038.4000244140625,239492
2026-07-06 10:05:00+05:30,1035.800048828125,1036.699951171875,1035.0999755859375,1035.9000244140625,186810
2026-07-06 10:10:00+05:30,1035.300048828125,1037.300048828125,1035.0999755859375,1035.699951171875,149217
2026-07-06 10:15:00+05:30,1037.300048828125,1037.5,1034.300048828125,1035.199951171875,127775
2026-07-06 10:20:00+05:30,1038.699951171875,1039.9000244140625,1037.0,1037.0,69260
2026-07-06 10:25:00+05:30,1039.0,1039.800048828125,1038.300048828125,1038.5999755859375,37640
2026-07-06 10:30:00+05:30,1039.4000244140625,1040.4000244140625,1039.0,1039.0,40499
2026-07-06 10:35:00+05:30,1038.0,1040.5,1037.0,1039.9000244140625,86407
2026-07-06 10:40:00+05:30,1038.300048828125,1039.0999755859375,1037.300048828125,1037.4000244140625,65438
2026-07-06 10:45:00+05:30,1038.5999755859375,1039.4000244140625,1038.0,1038.300048828125,43182
2026-07-06 10:50:00+05:30,1038.199951171875,1039.9000244140625,1038.0,1038.800048828125,65191
2026-07-06 10:55:00+05:30,1039.0999755859375,1039.699951171875,1038.0,1038.300048828125,27636
2026-07-06 11:00:00+05:30,1037.4000244140625,1039.199951171875,1036.800048828125,1039.199951171875,122669
2026-07-06 11:05:00+05:30,1034.0,1037.300048828125,1033.5,1037.300048828125,85248
2026-07-06 11:10:00+05:30,1035.0,1035.699951171875,1033.0,1033.800048828125,43147
2026-07-06 11:15:00+05:30,1035.4000244140625,1035.4000244140625,1034.5999755859375,1035.0,30710
2026-07-06 11:20:00+05:30,1036.300048828125,1036.300048828125,1035.0,1035.5,42724
2026-07-06 11:25:00+05:30,1035.199951171875,1036.300048828125,1034.4000244140625,1036.300048828125,43272
2026-07-06 11:30:00+05:30,1035.0,1035.4000244140625,1034.199951171875,1035.300048828125,17262
2026-07-06 11:35:00+05:30,1037.800048828125,1037.9000244140625,1034.9000244140625,1035.0,276613
2026-07-06 11:40:00+05:30,1036.199951171875,1038.0999755859375,1036.0999755859375,1037.699951171875,47640
2026-07-06 11:45:00+05:30,1037.5,1037.800048828125,1036.5,1036.5,27430
2026-07-06 11:50:00+05:30,1037.0,1037.800048828125,1037.0,1037.0999755859375,24609
2026-07-06 11:55:00+05:30,1036.699951171875,1037.5,1036.5999755859375,1037.4000244140625,15559
2026-07-06 12:00:00+05:30,1036.0999755859375,1037.5,1036.0999755859375,1036.699951171875,21196
2026-07-06 12:05:00+05:30,1035.4000244140625,1036.699951171875,1035.0,1036.4000244140625,28936
2026-07-06 12:10:00+05:30,1035.199951171875,1035.4000244140625,1034.199951171875,1035.4000244140625,36477
2026-07-06 12:15:00+05:30,1036.199951171875,1036.300048828125,1034.800048828125,1035.199951171875,29192
2026-07-06 12:20:00+05:30,1036.199951171875,1036.4000244140625,1035.699951171875,1036.0,33696
2026-07-06 12:25:00+05:30,1034.699951171875,1036.199951171875,1034.0,1036.199951171875,55903
2026-07-06 12:30:00+05:30,1035.0,1035.699951171875,1034.300048828125,1034.5999755859375,36889
2026-07-06 12:35:00+05:30,1034.9000244140625,1035.5999755859375,1034.5999755859375,1035.300048828125,23196
2026-07-06 12:40:00+05:30,1035.199951171875,1035.699951171875,1034.9000244140625,1034.9000244140625,30477
2026-07-06 12:45:00+05:30,1034.800048828125,1036.199951171875,1034.4000244140625,1035.5999755859375,24780
2026-07-06 12:50:00+05:30,1034.300048828125,1036.300048828125,1034.199951171875,1034.800048828125,43316
2026-07-06 12:55:00+05:30,1035.0,1035.199951171875,1034.0999755859375,1034.699951171875,19702
2026-07-06 13:00:00+05:30,1035.199951171875,1035.4000244140625,1034.5,1034.5999755859375,11711
2026-07-06 13:05:00+05:30,1035.800048828125,1035.800048828125,1034.800048828125,1035.300048828125,18628
2026-07-06 13:10:00+05:30,1035.5,1036.0,1035.0999755859375,1035.9000244140625,19817
2026-07-06 13:15:00+05:30,1034.5,1036.0,1034.5,1035.4000244140625,25730
2026-07-06 13:20:00+05:30,1035.300048828125,1035.4000244140625,1034.4000244140625,1034.5,14989
2026-07-06 13:25:00+05:30,1035.699951171875,1035.800048828125,1034.0999755859375,1035.5,31345
2026-07-06 13:30:00+05:30,1036.0999755859375,1036.4000244140625,1035.199951171875,1035.4000244140625,19084
2026-07-06 13:35:00+05:30,1037.0999755859375,1037.800048828125,1036.0,1036.0999755859375,39481
2026-07-06 13:40:00+05:30,1037.199951171875,1037.5999755859375,1036.800048828125,1037.0,22595
2026-07-06 13:45:00+05:30,1036.5999755859375,1037.4000244140625,1036.0999755859375,1037.4000244140625,15916
2026-07-06 13:50:00+05:30,1034.5999755859375,1036.699951171875,1034.4000244140625,1036.5999755859375,36076
2026-07-06 13:55:00+05:30,1035.300048828125,1035.800048828125,1034.0,1034.5999755859375,55839
2026-07-06 14:00:00+05:30,1034.5,1035.699951171875,1033.4000244140625,1035.5,51351
2026-07-06 14:05:00+05:30,1033.9000244140625,1035.0,1033.5,1034.5,28455
2026-07-06 14:10:00+05:30,1033.5,1034.5999755859375,1033.199951171875,1034.300048828125,46745
2026-07-06 14:15:00+05:30,1033.800048828125,1034.0999755859375,1033.300048828125,1033.5,28622
2026-07-06 14:20:00+05:30,1035.0,1035.300048828125,1033.300048828125,1033.800048828125,36977
2026-07-06 14:25:00+05:30,1034.300048828125,1035.699951171875,1034.0,1034.699951171875,30300
2026-07-06 14:30:00+05:30,1034.300048828125,1034.699951171875,1033.300048828125,1034.4000244140625,33157
2026-07-06 14:35:00+05:30,1033.9000244140625,1035.0,1033.800048828125,1034.5,29998
2026-07-06 14:40:00+05:30,1034.199951171875,1034.300048828125,1033.699951171875,1033.800048828125,33276
2026-07-06 14:45:00+05:30,1033.800048828125,1034.5,1033.800048828125,1034.199951171875,40515
2026-07-06 14:50:00+05:30,1038.0,1038.199951171875,1033.9000244140625,1034.0,115531
2026-07-06 14:55:00+05:30,1038.4000244140625,1038.800048828125,1037.0999755859375,1038.0,100277
2026-07-06 15:00:00+05:30,1040.699951171875,1040.699951171875,1038.800048828125,1038.9000244140625,175566
2026-07-06 15:05:00+05:30,1042.0999755859375,1042.699951171875,1040.300048828125,1040.5999755859375,155657
2026-07-06 15:10:00+05:30,1042.5,1043.0999755859375,1041.5999755859375,1042.4000244140625,151118
2026-07-06 15:15:00+05:30,1043.5999755859375,1044.0999755859375,1040.0999755859375,1042.5999755859375,244265
2026-07-06 15:20:00+05:30,1044.300048828125,1044.5,1043.300048828125,1043.5999755859375,135953
2026-07-06 15:25:00+05:30,1043.9000244140625,1045.199951171875,1043.199951171875,1044.300048828125,129359
2026-07-07 09:15:00+05:30,1060.5,1061.0999755859375,1043.0,1043.0,0
2026-07-07 09:20:00+05:30,1061.0,1067.300048828125,1060.199951171875,1061.0,467772
2026-07-07 09:25:00+05:30,1059.699951171875,1061.0,1057.199951171875,1060.699951171875,205980
2026-07-07 09:30:00+05:30,1062.300048828125,1063.0,1058.5999755859375,1061.0999755859375,238982
2026-07-07 09:35:00+05:30,1065.0,1066.0999755859375,1062.0,1062.4000244140625,314355
2026-07-07 09:40:00+05:30,1069.199951171875,1069.5,1063.300048828125,1065.0,504116
2026-07-07 09:45:00+05:30,1070.5999755859375,1074.5,1068.4000244140625,1069.199951171875,764159
2026-07-07 09:50:00+05:30,1068.800048828125,1072.300048828125,1068.0999755859375,1070.699951171875,245770
2026-07-07 09:55:00+05:30,1069.5,1069.5,1065.800048828125,1068.4000244140625,187781
2026-07-07 10:00:00+05:30,1070.5,1071.5999755859375,1069.0,1069.0,271834
2026-07-07 10:05:00+05:30,1074.5,1074.800048828125,1069.199951171875,1070.5,435724
2026-07-07 10:10:00+05:30,1077.0,1077.699951171875,1074.0999755859375,1074.5,1043835
2026-07-07 10:15:00+05:30,1075.199951171875,1077.699951171875,1075.199951171875,1077.0,617219
2026-07-07 10:20:00+05:30,1078.300048828125,1082.5,1075.199951171875,1075.199951171875,958345
2026-07-07 10:25:00+05:30,1075.800048828125,1079.9000244140625,1075.300048828125,1078.800048828125,433271
2026-07-07 10:30:00+05:30,1070.300048828125,1076.0,1070.0,1075.5999755859375,477701
2026-07-07 10:35:00+05:30,1066.5999755859375,1071.0,1066.5999755859375,1070.800048828125,204356
2026-07-07 10:40:00+05:30,1067.300048828125,1070.0999755859375,1066.699951171875,1067.0999755859375,201600
2026-07-07 10:45:00+05:30,1068.9000244140625,1070.5,1066.9000244140625,1067.300048828125,104604
2026-07-07 10:50:00+05:30,1070.0,1070.5,1069.0,1069.4000244140625,60510
2026-07-07 10:55:00+05:30,1071.0999755859375,1071.4000244140625,1069.699951171875,1069.699951171875,80654
2026-07-07 11:00:00+05:30,1073.5,1076.5999755859375,1071.199951171875,1071.199951171875,340251
2026-07-07 11:05:00+05:30,1073.4000244140625,1074.9000244140625,1073.0999755859375,1073.9000244140625,52445
2026-07-07 11:10:00+05:30,1076.5,1077.0,1073.0999755859375,1073.300048828125,266563
2026-07-07 11:15:00+05:30,1077.300048828125,1078.5,1075.800048828125,1076.5,170269
2026-07-07 11:20:00+05:30,1078.0,1078.199951171875,1075.5,1077.300048828125,216414
2026-07-07 11:25:00+05:30,1078.300048828125,1079.4000244140625,1077.199951171875,1078.0,317802
2026-07-07 11:30:00+05:30,1079.0,1079.4000244140625,1078.0,1078.5,104372
2026-07-07 11:35:00+05:30,1079.199951171875,1080.4000244140625,1077.699951171875,1078.5999755859375,283188
2026-07-07 11:40:00+05:30,1085.0,1085.0999755859375,1078.9000244140625,1079.800048828125,1249394
2026-07-07 11:45:00+05:30,1085.0,1087.300048828125,1084.4000244140625,1085.0999755859375,551967
2026-07-07 11:50:00+05:30,1085.5,1085.5,1083.800048828125,1085.0,199280
2026-07-07 11:55:00+05:30,1085.0,1086.199951171875,1084.0999755859375,1085.4000244140625,115528
2026-07-07 12:00:00+05:30,1084.0,1086.0,1083.0,1084.800048828125,211871
2026-07-07 12:05:00+05:30,1083.800048828125,1084.9000244140625,1083.0,1083.9000244140625,103999
2026-07-07 12:10:00+05:30,1081.5999755859375,1084.300048828125,1081.0999755859375,1083.800048828125,128947
2026-07-07 12:15:00+05:30,1082.0,1082.699951171875,1081.0,1081.5999755859375,137447
2026-07-07 12:20:00+05:30,1081.9000244140625,1082.5,1080.800048828125,1081.800048828125,203618
2026-07-07 12:25:00+05:30,1080.199951171875,1082.9000244140625,1079.699951171875,1082.0999755859375,234259
2026-07-07 12:30:00+05:30,1079.699951171875,1080.9000244140625,1078.0,1080.199951171875,172349
2026-07-07 12:35:00+05:30,1078.800048828125,1079.9000244140625,1078.199951171875,1079.699951171875,169318
2026-07-07 12:40:00+05:30,1079.699951171875,1079.800048828125,1078.300048828125,1079.199951171875,139503
2026-07-07 12:45:00+05:30,1078.699951171875,1080.0999755859375,1077.5999755859375,1079.5,233571
2026-07-07 12:50:00+05:30,1078.199951171875,1079.800048828125,1077.300048828125,1078.800048828125,155468
2026-07-07 12:55:00+05:30,1078.9000244140625,1079.199951171875,1077.5999755859375,1078.199951171875,149277
2026-07-07 13:00:00+05:30,1078.5,1078.9000244140625,1078.0,1078.5999755859375,109538
2026-07-07 13:05:00+05:30,1079.0999755859375,1079.699951171875,1078.4000244140625,1078.4000244140625,94462
2026-07-07 13:10:00+05:30,1078.4000244140625,1079.699951171875,1077.800048828125,1079.0,84310
2026-07-07 13:15:00+05:30,1077.5999755859375,1078.800048828125,1076.5999755859375,1078.800048828125,108732
2026-07-07 13:20:00+05:30,1077.199951171875,1077.9000244140625,1077.0999755859375,1077.0999755859375,76059
2026-07-07 13:25:00+05:30,1077.9000244140625,1078.199951171875,1077.0,1077.300048828125,100232
2026-07-07 13:30:00+05:30,1077.4000244140625,1078.5,1076.5999755859375,1077.800048828125,86385
2026-07-07 13:35:00+05:30,1077.0999755859375,1078.300048828125,1076.9000244140625,1077.0999755859375,88059
2026-07-07 13:40:00+05:30,1077.5999755859375,1078.199951171875,1076.800048828125,1077.0999755859375,146113
2026-07-07 13:45:00+05:30,1077.9000244140625,1078.5,1077.199951171875,1077.800048828125,138355
2026-07-07 13:50:00+05:30,1078.4000244140625,1079.9000244140625,1077.0999755859375,1077.699951171875,124470
2026-07-07 13:55:00+05:30,1079.199951171875,1080.0,1078.199951171875,1079.0999755859375,113834
2026-07-07 14:00:00+05:30,1078.0,1079.4000244140625,1077.0999755859375,1079.300048828125,93282
2026-07-07 14:05:00+05:30,1079.0,1079.800048828125,1077.800048828125,1078.199951171875,129547
2026-07-07 14:10:00+05:30,1079.0,1079.699951171875,1078.4000244140625,1079.0,78344
2026-07-07 14:15:00+05:30,1078.300048828125,1079.0999755859375,1077.300048828125,1078.5999755859375,95603
2026-07-07 14:20:00+05:30,1076.699951171875,1078.4000244140625,1076.300048828125,1078.199951171875,119695
2026-07-07 14:25:00+05:30,1075.9000244140625,1076.800048828125,1074.9000244140625,1076.5,147542
2026-07-07 14:30:00+05:30,1076.5999755859375,1077.4000244140625,1075.5,1075.800048828125,114958
2026-07-07 14:35:00+05:30,1075.4000244140625,1076.5999755859375,1075.0,1076.5,120522
2026-07-07 14:40:00+05:30,1074.199951171875,1075.5,1073.800048828125,1075.199951171875,127697
2026-07-07 14:45:00+05:30,1075.5999755859375,1075.800048828125,1073.699951171875,1074.5999755859375,137153
2026-07-07 14:50:00+05:30,1074.9000244140625,1075.800048828125,1074.4000244140625,1075.4000244140625,116338
2026-07-07 14:55:00+05:30,1074.199951171875,1075.5999755859375,1073.5999755859375,1074.9000244140625,148641
2026-07-07 15:00:00+05:30,1072.4000244140625,1074.5999755859375,1071.199951171875,1074.199951171875,403864
2026-07-07 15:05:00+05:30,1071.0999755859375,1072.5999755859375,1070.4000244140625,1072.300048828125,365715
2026-07-07 15:10:00+05:30,1072.0,1072.5999755859375,1070.800048828125,1071.0999755859375,262520
2026-07-07 15:15:00+05:30,1072.300048828125,1072.5,1070.800048828125,1071.800048828125,349720
2026-07-07 15:20:00+05:30,1072.0,1072.699951171875,1071.0,1072.0,275695
2026-07-07 15:25:00+05:30,1071.5,1072.5999755859375,1070.5,1072.0,235561
2026-07-08 09:15:00+05:30,1076.5,1078.9000244140625,1069.199951171875,1069.199951171875,0
2026-07-08 09:20:00+05:30,1075.300048828125,1079.699951171875,1075.0,1076.4000244140625,248867
2026-07-08 09:25:00+05:30,1074.300048828125,1076.0,1073.300048828125,1075.199951171875,152649
2026-07-08 09:30:00+05:30,1072.0999755859375,1074.0999755859375,1071.699951171875,1074.0999755859375,200875
2026-07-08 09:35:00+05:30,1070.300048828125,1072.5,1068.0,1072.5,429735
2026-07-08 09:40:00+05:30,1070.5,1071.5999755859375,1069.9000244140625,1070.4000244140625,107372
2026-07-08 09:45:00+05:30,1070.300048828125,1071.800048828125,1070.199951171875,1070.4000244140625,77103
2026-07-08 09:50:00+05:30,1069.199951171875,1070.199951171875,1068.0,1070.199951171875,95202
2026-07-08 09:55:00+05:30,1071.0,1072.4000244140625,1069.199951171875,1069.199951171875,91606
2026-07-08 10:00:00+05:30,1070.0,1071.4000244140625,1070.0,1070.9000244140625,51802
2026-07-08 10:05:00+05:30,1068.800048828125,1070.800048828125,1068.4000244140625,1070.4000244140625,63271
2026-07-08 10:10:00+05:30,1071.0999755859375,1072.9000244140625,1068.800048828125,1068.800048828125,287930
2026-07-08 10:15:00+05:30,1069.5,1071.300048828125,1068.0,1071.300048828125,144839
2026-07-08 10:20:00+05:30,1069.4000244140625,1071.5,1068.699951171875,1069.800048828125,175948
2026-07-08 10:25:00+05:30,1068.699951171875,1069.4000244140625,1067.0,1069.0,74592
2026-07-08 10:30:00+05:30,1068.699951171875,1069.9000244140625,1068.300048828125,1068.300048828125,83620
2026-07-08 10:35:00+05:30,1069.9000244140625,1069.9000244140625,1067.199951171875,1069.0,87065
2026-07-08 10:40:00+05:30,1069.5,1070.5999755859375,1069.199951171875,1070.0999755859375,63655
2026-07-08 10:45:00+05:30,1066.300048828125,1070.0,1066.300048828125,1069.0999755859375,130804
2026-07-08 10:50:00+05:30,1066.9000244140625,1067.0,1066.0,1066.300048828125,90318
2026-07-08 10:55:00+05:30,1070.0999755859375,1070.800048828125,1066.9000244140625,1066.9000244140625,77994
2026-07-08 11:00:00+05:30,1069.0999755859375,1070.4000244140625,1068.9000244140625,1070.199951171875,108722
2026-07-08 11:05:00+05:30,1070.0,1070.0999755859375,1068.5999755859375,1069.0999755859375,77657
2026-07-08 11:10:00+05:30,1070.4000244140625,1070.800048828125,1069.5,1070.0999755859375,36111
2026-07-08 11:15:00+05:30,1075.9000244140625,1076.5,1070.5999755859375,1070.699951171875,253272
2026-07-08 11:20:00+05:30,1074.800048828125,1077.5,1074.699951171875,1075.9000244140625,203989
2026-07-08 11:25:00+05:30,1073.800048828125,1074.9000244140625,1073.5999755859375,1074.800048828125,52427
2026-07-08 11:30:00+05:30,1073.0,1073.800048828125,1072.5,1073.800048828125,40169
2026-07-08 11:35:00+05:30,1072.5999755859375,1073.300048828125,1071.5999755859375,1073.0,44545
2026-07-08 11:40:00+05:30,1072.699951171875,1073.5999755859375,1071.800048828125,1072.5999755859375,49628
2026-07-08 11:45:00+05:30,1072.4000244140625,1072.699951171875,1071.5,1072.699951171875,46308
2026-07-08 11:50:00+05:30,1073.699951171875,1073.9000244140625,1071.699951171875,1072.5,60524
2026-07-08 11:55:00+05:30,1074.5999755859375,1074.5999755859375,1072.699951171875,1073.699951171875,54713
2026-07-08 12:00:00+05:30,1073.0,1074.5999755859375,1072.800048828125,1074.4000244140625,48113
2026-07-08 12:05:00+05:30,1072.300048828125,1073.5999755859375,1071.5999755859375,1073.0999755859375,71340
2026-07-08 12:10:00+05:30,1073.0999755859375,1074.300048828125,1072.5,1072.699951171875,64769
2026-07-08 12:15:00+05:30,1074.9000244140625,1074.9000244140625,1071.9000244140625,1073.0999755859375,107424
2026-07-08 12:20:00+05:30,1073.300048828125,1074.9000244140625,1072.5999755859375,1074.9000244140625,71121
2026-07-08 12:25:00+05:30,1074.4000244140625,1075.0,1073.0999755859375,1073.4000244140625,122714
2026-07-08 12:30:00+05:30,1074.0999755859375,1074.800048828125,1073.0999755859375,1074.4000244140625,166685
2026-07-08 12:35:00+05:30,1073.5,1074.0999755859375,1073.0,1074.0999755859375,83734
2026-07-08 12:40:00+05:30,1074.0999755859375,1074.4000244140625,1073.0999755859375,1073.5,47289
2026-07-08 12:45:00+05:30,1074.0,1074.300048828125,1073.199951171875,1074.0999755859375,69534
2026-07-08 12:50:00+05:30,1072.699951171875,1074.5,1072.199951171875,1074.0,130801
2026-07-08 12:55:00+05:30,1072.9000244140625,1073.0,1072.199951171875,1072.5999755859375,61853
2026-07-08 13:00:00+05:30,1072.5,1073.0,1072.300048828125,1072.4000244140625,90762
2026-07-08 13:05:00+05:30,1073.0999755859375,1073.0999755859375,1072.300048828125,1072.5,99667
2026-07-08 13:10:00+05:30,1073.5999755859375,1073.5999755859375,1072.4000244140625,1072.5999755859375,92107
2026-07-08 13:15:00+05:30,1074.9000244140625,1075.0,1073.5,1073.5999755859375,84089
2026-07-08 13:20:00+05:30,1074.800048828125,1075.0,1073.300048828125,1074.699951171875,76324
2026-07-08 13:25:00+05:30,1073.9000244140625,1075.0999755859375,1073.5,1074.800048828125,93736
2026-07-08 13:30:00+05:30,1074.199951171875,1074.800048828125,1073.9000244140625,1074.4000244140625,63687
2026-07-08 13:35:00+05:30,1074.0999755859375,1075.0,1073.800048828125,1074.300048828125,73727
2026-07-08 13:40:00+05:30,1075.4000244140625,1075.5,1074.0,1074.0,93825
2026-07-08 13:45:00+05:30,1072.5,1075.4000244140625,1072.300048828125,1075.4000244140625,265247
2026-07-08 13:50:00+05:30,1072.0,1073.4000244140625,1071.5999755859375,1072.5999755859375,296258
2026-07-08 13:55:00+05:30,1070.5999755859375,1072.199951171875,1070.0,1072.0,561691
2026-07-08 14:00:00+05:30,1070.800048828125,1071.9000244140625,1070.0,1070.4000244140625,370097
2026-07-08 14:05:00+05:30,1070.0,1071.699951171875,1068.5999755859375,1070.800048828125,396557
2026-07-08 14:10:00+05:30,1067.4000244140625,1071.4000244140625,1067.0,1070.0,379166
2026-07-08 14:15:00+05:30,1068.0999755859375,1069.4000244140625,1066.800048828125,1067.0,232950
2026-07-08 14:20:00+05:30,1068.199951171875,1069.0,1067.199951171875,1068.0,162242
2026-07-08 14:25:00+05:30,1067.699951171875,1068.9000244140625,1067.4000244140625,1068.199951171875,135078
2026-07-08 14:30:00+05:30,1067.4000244140625,1068.300048828125,1067.0999755859375,1067.5,187544
2026-07-08 14:35:00+05:30,1065.4000244140625,1067.9000244140625,1064.9000244140625,1067.300048828125,448939
2026-07-08 14:40:00+05:30,1067.300048828125,1068.0,1065.0,1065.5,240907
2026-07-08 14:45:00+05:30,1065.800048828125,1067.9000244140625,1065.5,1066.800048828125,240577
2026-07-08 14:50:00+05:30,1066.0,1066.9000244140625,1065.300048828125,1066.0,230419
2026-07-08 14:55:00+05:30,1066.699951171875,1067.300048828125,1066.0,1066.199951171875,332271
2026-07-08 15:00:00+05:30,1066.5,1069.9000244140625,1066.5,1066.800048828125,498084
2026-07-08 15:05:00+05:30,1068.9000244140625,1069.199951171875,1066.0,1066.800048828125,330155
2026-07-08 15:10:00+05:30,1070.5999755859375,1070.9000244140625,1068.699951171875,1068.9000244140625,414221
2026-07-08 15:15:00+05:30,1068.5,1070.699951171875,1068.5,1070.5999755859375,375015
2026-07-08 15:20:00+05:30,1069.199951171875,1070.5,1068.4000244140625,1068.4000244140625,449720
2026-07-08 15:25:00+05:30,1069.300048828125,1071.0,1068.5,1069.5,337532
2026-07-09 09:15:00+05:30,1044.0999755859375,1059.9000244140625,1042.5,1059.9000244140625,0
2026-07-09 09:20:00+05:30,1049.199951171875,1049.199951171875,1040.5999755859375,1043.699951171875,288669
2026-07-09 09:25:00+05:30,1045.5,1049.300048828125,1044.300048828125,1048.800048828125,169211
2026-07-09 09:30:00+05:30,1049.199951171875,1049.9000244140625,1045.0,1045.5,205620
2026-07-09 09:35:00+05:30,1049.0,1049.800048828125,1047.5,1049.199951171875,159941
2026-07-09 09:40:00+05:30,1049.800048828125,1050.4000244140625,1047.199951171875,1048.9000244140625,159742
2026-07-09 09:45:00+05:30,1046.5999755859375,1049.699951171875,1046.300048828125,1049.699951171875,110303
2026-07-09 09:50:00+05:30,1047.0999755859375,1048.699951171875,1046.300048828125,1046.800048828125,71534
2026-07-09 09:55:00+05:30,1050.0,1051.0,1046.9000244140625,1046.9000244140625,104259
2026-07-09 10:00:00+05:30,1049.800048828125,1051.199951171875,1047.800048828125,1050.0,307064
2026-07-09 10:05:00+05:30,1052.5,1052.9000244140625,1048.0999755859375,1049.800048828125,254429
2026-07-09 10:10:00+05:30,1051.0999755859375,1053.800048828125,1049.5,1052.5,135664
2026-07-09 10:15:00+05:30,1050.699951171875,1051.800048828125,1050.199951171875,1051.5999755859375,50759
2026-07-09 10:20:00+05:30,1052.5,1052.5,1050.4000244140625,1050.4000244140625,76415
2026-07-09 10:25:00+05:30,1051.4000244140625,1052.9000244140625,1051.0,1052.4000244140625,53976
2026-07-09 10:30:00+05:30,1055.300048828125,1055.300048828125,1051.5,1051.5,106857
2026-07-09 10:35:00+05:30,1051.699951171875,1055.300048828125,1050.0999755859375,1055.300048828125,129261
2026-07-09 10:40:00+05:30,1052.9000244140625,1056.4000244140625,1051.4000244140625,1052.4000244140625,105145
2026-07-09 10:45:00+05:30,1049.4000244140625,1053.800048828125,1049.0999755859375,1053.0,110296
2026-07-09 10:50:00+05:30,1048.9000244140625,1049.5999755859375,1047.4000244140625,1049.4000244140625,114447
2026-07-09 10:55:00+05:30,1048.9000244140625,1048.9000244140625,1048.0,1048.699951171875,66249
2026-07-09 11:00:00+05:30,1048.5,1049.0999755859375,1047.199951171875,1048.4000244140625,55303
2026-07-09 11:05:00+05:30,1047.9000244140625,1048.699951171875,1047.0,1048.5,52098
2026-07-09 11:10:00+05:30,1048.199951171875,1048.800048828125,1047.4000244140625,1048.0,30546
2026-07-09 11:15:00+05:30,1048.5999755859375,1049.0999755859375,1048.0,1048.0999755859375,34724
2026-07-09 11:20:00+05:30,1048.5,1048.800048828125,1047.9000244140625,1048.699951171875,43112
2026-07-09 11:25:00+05:30,1048.9000244140625,1049.0999755859375,1047.9000244140625,1048.5,87313
2026-07-09 11:30:00+05:30,1048.0999755859375,1049.800048828125,1047.5999755859375,1048.800048828125,62453
2026-07-09 11:35:00+05:30,1048.0,1048.800048828125,1047.0,1047.9000244140625,51970
2026-07-09 11:40:00+05:30,1049.699951171875,1049.9000244140625,1048.0,1048.300048828125,44943
2026-07-09 11:45:00+05:30,1051.699951171875,1052.5,1049.699951171875,1049.699951171875,56829
2026-07-09 11:50:00+05:30,1052.199951171875,1052.199951171875,1050.4000244140625,1051.699951171875,60521
2026-07-09 11:55:00+05:30,1054.0,1054.199951171875,1051.9000244140625,1052.5999755859375,76443
2026-07-09 12:00:00+05:30,1055.0,1055.5,1053.0,1054.0,85618
2026-07-09 12:05:00+05:30,1054.5,1056.5,1054.0999755859375,1054.5999755859375,64947
2026-07-09 12:10:00+05:30,1053.199951171875,1054.9000244140625,1052.800048828125,1054.5,59373
2026-07-09 12:15:00+05:30,1054.199951171875,1055.0,1053.0999755859375,1053.199951171875,50147
2026-07-09 12:20:00+05:30,1054.300048828125,1054.300048828125,1052.199951171875,1054.199951171875,50806
2026-07-09 12:25:00+05:30,1054.0,1054.5999755859375,1053.0999755859375,1054.199951171875,39448
2026-07-09 12:30:00+05:30,1053.5,1055.5999755859375,1053.0,1054.4000244140625,55081
2026-07-09 12:35:00+05:30,1054.300048828125,1054.5,1053.4000244140625,1053.5999755859375,18770
2026-07-09 12:40:00+05:30,1055.300048828125,1055.4000244140625,1053.300048828125,1054.300048828125,53233
2026-07-09 12:45:00+05:30,1059.800048828125,1059.800048828125,1054.4000244140625,1055.0,129543
2026-07-09 12:50:00+05:30,1059.699951171875,1059.9000244140625,1057.800048828125,1059.800048828125,91744
2026-07-09 12:55:00+05:30,1057.5,1059.9000244140625,1057.5,1059.800048828125,66531
2026-07-09 13:00:00+05:30,1058.0,1058.9000244140625,1056.5,1057.4000244140625,54370
2026-07-09 13:05:00+05:30,1057.5999755859375,1058.0,1056.199951171875,1058.0,44357
2026-07-09 13:10:00+05:30,1057.0999755859375,1057.699951171875,1056.5999755859375,1057.699951171875,96872
2026-07-09 13:15:00+05:30,1059.800048828125,1059.800048828125,1055.699951171875,1057.0,127673
2026-07-09 13:20:00+05:30,1057.0999755859375,1060.0999755859375,1056.5,1059.800048828125,148646
2026-07-09 13:25:00+05:30,1055.800048828125,1058.0999755859375,1055.699951171875,1057.5,77400
2026-07-09 13:30:00+05:30,1057.800048828125,1057.9000244140625,1055.800048828125,1056.0,49081
2026-07-09 13:35:00+05:30,1059.5999755859375,1059.5999755859375,1056.699951171875,1057.5,54982
2026-07-09 13:40:00+05:30,1057.5999755859375,1059.800048828125,1057.199951171875,1059.5999755859375,69570
2026-07-09 13:45:00+05:30,1057.5,1058.199951171875,1057.0,1057.5999755859375,42447
2026-07-09 13:50:00+05:30,1056.9000244140625,1057.9000244140625,1056.5,1057.5,51348
2026-07-09 13:55:00+05:30,1057.0999755859375,1058.0999755859375,1056.5,1056.9000244140625,40736
2026-07-09 14:00:00+05:30,1057.4000244140625,1058.0,1056.9000244140625,1057.0999755859375,50540
2026-07-09 14:05:00+05:30,1056.5999755859375,1057.5,1056.5,1057.4000244140625,41365
2026-07-09 14:10:00+05:30,1058.800048828125,1058.800048828125,1056.199951171875,1056.199951171875,132800
2026-07-09 14:15:00+05:30,1058.0,1059.5,1057.199951171875,1058.800048828125,95434
2026-07-09 14:20:00+05:30,1057.699951171875,1058.199951171875,1057.0,1058.0,35792
2026-07-09 14:25:00+05:30,1058.0999755859375,1058.5999755859375,1057.4000244140625,1057.699951171875,55457
2026-07-09 14:30:00+05:30,1059.300048828125,1060.0,1057.699951171875,1058.0999755859375,99250
2026-07-09 14:35:00+05:30,1057.0,1059.199951171875,1056.199951171875,1058.9000244140625,136074
2026-07-09 14:40:00+05:30,1058.0,1061.5999755859375,1054.5,1057.199951171875,623054
2026-07-09 14:45:00+05:30,1057.800048828125,1058.800048828125,1057.199951171875,1058.0,91159
2026-07-09 14:50:00+05:30,1057.9000244140625,1058.9000244140625,1057.5,1057.5999755859375,55607
2026-07-09 14:55:00+05:30,1057.9000244140625,1058.4000244140625,1056.9000244140625,1058.0999755859375,87684
2026-07-09 15:00:00+05:30,1051.800048828125,1057.300048828125,1051.5999755859375,1057.300048828125,292990
2026-07-09 15:05:00+05:30,1049.0,1051.9000244140625,1048.0,1051.9000244140625,429581
2026-07-09 15:10:00+05:30,1048.300048828125,1050.0999755859375,1047.5999755859375,1048.9000244140625,363801
2026-07-09 15:15:00+05:30,1050.4000244140625,1050.800048828125,1048.0999755859375,1048.0999755859375,324001
2026-07-09 15:20:00+05:30,1051.0999755859375,1052.0,1049.800048828125,1050.199951171875,234153
2026-07-09 15:25:00+05:30,1050.800048828125,1055.9000244140625,1050.800048828125,1051.199951171875,344009
2026-07-10 09:15:00+05:30,1086.699951171875,1090.300048828125,1076.5,1079.699951171875,0
2026-07-10 09:20:00+05:30,1075.9000244140625,1087.5,1074.199951171875,1087.0,503941
2026-07-10 09:25:00+05:30,1071.800048828125,1077.199951171875,1069.199951171875,1075.699951171875,393542
2026-07-10 09:30:00+05:30,1066.199951171875,1071.699951171875,1065.5,1071.199951171875,316687
2026-07-10 09:35:00+05:30,1067.800048828125,1069.300048828125,1065.0,1066.0,326133
2026-07-10 09:40:00+05:30,1068.800048828125,1070.300048828125,1067.699951171875,1067.699951171875,153315
2026-07-10 09:45:00+05:30,1070.5,1072.9000244140625,1068.0999755859375,1068.5999755859375,176394
2026-07-10 09:50:00+05:30,1068.699951171875,1070.9000244140625,1068.4000244140625,1070.5999755859375,67692
2026-07-10 09:55:00+05:30,1069.5999755859375,1069.800048828125,1066.0,1068.5999755859375,168085
2026-07-10 10:00:00+05:30,1068.300048828125,1070.300048828125,1067.0999755859375,1069.699951171875,145628
2026-07-10 10:05:00+05:30,1067.5999755859375,1070.0,1067.0,1068.199951171875,125643
2026-07-10 10:10:00+05:30,1069.0,1069.5999755859375,1067.199951171875,1067.699951171875,83066
2026-07-10 10:15:00+05:30,1070.300048828125,1071.300048828125,1069.199951171875,1069.300048828125,91254
2026-07-10 10:20:00+05:30,1068.5,1070.199951171875,1068.0,1070.0999755859375,84692
2026-07-10 10:25:00+05:30,1070.0999755859375,1070.5,1068.0,1068.300048828125,76883
2026-07-10 10:30:00+05:30,1067.800048828125,1070.4000244140625,1066.4000244140625,1070.199951171875,128397
2026-07-10 10:35:00+05:30,1067.699951171875,1068.0,1067.0,1067.5,50510
2026-07-10 10:40:00+05:30,1073.199951171875,1073.800048828125,1067.699951171875,1067.699951171875,158248
2026-07-10 10:45:00+05:30,1071.800048828125,1073.4000244140625,1070.9000244140625,1073.4000244140625,74914
2026-07-10 10:50:00+05:30,1070.4000244140625,1071.9000244140625,1070.0999755859375,1071.9000244140625,50013
2026-07-10 10:55:00+05:30,1070.0999755859375,1071.0,1069.0999755859375,1070.5,59202
2026-07-10 11:00:00+05:30,1070.0999755859375,1071.0,1069.5,1070.0999755859375,55504
2026-07-10 11:05:00+05:30,1070.4000244140625,1070.9000244140625,1070.0,1070.199951171875,105632
2026-07-10 11:10:00+05:30,1069.699951171875,1070.800048828125,1068.699951171875,1070.5999755859375,78079
2026-07-10 11:15:00+05:30,1069.199951171875,1070.300048828125,1069.0,1069.800048828125,66534
2026-07-10 11:20:00+05:30,1071.0,1072.0,1069.0,1069.5999755859375,57548
2026-07-10 11:25:00+05:30,1070.5,1071.199951171875,1070.0999755859375,1071.0,43763
2026-07-10 11:30:00+05:30,1071.5,1071.5,1070.0999755859375,1070.5,35346
2026-07-10 11:35:00+05:30,1071.5,1072.4000244140625,1071.300048828125,1071.699951171875,107555
2026-07-10 11:40:00+05:30,1073.0,1073.4000244140625,1069.4000244140625,1071.5999755859375,289068
2026-07-10 11:45:00+05:30,1073.699951171875,1074.4000244140625,1072.9000244140625,1073.199951171875,145338
2026-07-10 11:50:00+05:30,1067.699951171875,1073.699951171875,1067.199951171875,1073.699951171875,187034
2026-07-10 11:55:00+05:30,1067.699951171875,1069.0,1066.5,1067.9000244140625,181082
2026-07-10 12:00:00+05:30,1069.300048828125,1070.0,1067.4000244140625,1067.699951171875,65107
2026-07-10 12:05:00+05:30,1070.5,1070.5,1069.0,1069.5999755859375,38892
2026-07-10 12:10:00+05:30,1070.699951171875,1070.800048828125,1069.800048828125,1070.300048828125,57052
2026-07-10 12:15:00+05:30,1071.9000244140625,1072.5,1070.5,1070.800048828125,56425
2026-07-10 12:20:00+05:30,1073.0,1073.0,1071.699951171875,1072.0,47729
2026-07-10 12:25:00+05:30,1073.0,1073.0,1071.9000244140625,1072.5999755859375,72314
2026-07-10 12:30:00+05:30,1072.300048828125,1073.199951171875,1071.9000244140625,1073.0,95486
2026-07-10 12:35:00+05:30,1072.199951171875,1072.9000244140625,1071.9000244140625,1072.300048828125,38469
2026-07-10 12:40:00+05:30,1069.800048828125,1072.199951171875,1069.5,1072.0,107372
2026-07-10 12:45:00+05:30,1068.800048828125,1069.9000244140625,1067.699951171875,1069.800048828125,108729
2026-07-10 12:50:00+05:30,1069.5,1069.800048828125,1067.699951171875,1068.800048828125,75362
2026-07-10 12:55:00+05:30,1070.800048828125,1071.5999755859375,1069.4000244140625,1069.5999755859375,68716
2026-07-10 13:00:00+05:30,1073.199951171875,1073.199951171875,1070.0,1070.300048828125,62169
2026-07-10 13:05:00+05:30,1072.800048828125,1073.4000244140625,1071.5999755859375,1073.199951171875,97865
2026-07-10 13:10:00+05:30,1073.5,1073.800048828125,1072.300048828125,1072.800048828125,84526
2026-07-10 13:15:00+05:30,1070.5999755859375,1073.5,1070.199951171875,1073.5,55555
2026-07-10 13:20:00+05:30,1069.5999755859375,1070.5999755859375,1069.0,1070.199951171875,105505
2026-07-10 13:25:00+05:30,1071.4000244140625,1071.800048828125,1069.300048828125,1069.300048828125,101154
2026-07-10 13:30:00+05:30,1071.4000244140625,1071.5999755859375,1070.199951171875,1071.4000244140625,35163
2026-07-10 13:35:00+05:30,1072.9000244140625,1072.9000244140625,1070.9000244140625,1071.4000244140625,62919
2026-07-10 13:40:00+05:30,1071.199951171875,1073.0,1071.199951171875,1072.9000244140625,37723
2026-07-10 13:45:00+05:30,1070.5999755859375,1072.199951171875,1070.4000244140625,1071.4000244140625,53272
2026-07-10 13:50:00+05:30,1070.5999755859375,1071.5999755859375,1070.300048828125,1070.5,42783
2026-07-10 13:55:00+05:30,1070.5,1071.199951171875,1070.0999755859375,1070.800048828125,45086
2026-07-10 14:00:00+05:30,1070.0,1070.5,1068.699951171875,1070.5,61775
2026-07-10 14:05:00+05:30,1069.199951171875,1069.9000244140625,1068.5999755859375,1069.800048828125,49930
2026-07-10 14:10:00+05:30,1069.300048828125,1069.800048828125,1069.0999755859375,1069.199951171875,43829
2026-07-10 14:15:00+05:30,1069.0,1069.5999755859375,1068.800048828125,1069.5999755859375,47220
2026-07-10 14:20:00+05:30,1069.5,1069.800048828125,1068.5999755859375,1069.4000244140625,49860
2026-07-10 14:25:00+05:30,1070.5999755859375,1070.699951171875,1069.4000244140625,1069.4000244140625,64708
2026-07-10 14:30:00+05:30,1069.4000244140625,1070.699951171875,1069.0999755859375,1070.5999755859375,50067
2026-07-10 14:35:00+05:30,1070.0,1070.5,1069.199951171875,1069.4000244140625,60853
2026-07-10 14:40:00+05:30,1069.199951171875,1070.300048828125,1068.5999755859375,1069.9000244140625,82009
2026-07-10 14:45:00+05:30,1068.199951171875,1069.300048828125,1068.199951171875,1069.199951171875,81804
2026-07-10 14:50:00+05:30,1067.5999755859375,1068.5,1067.0,1068.5,126981
2026-07-10 14:55:00+05:30,1067.0,1068.4000244140625,1066.9000244140625,1067.5999755859375,171619
2026-07-10 15:00:00+05:30,1065.5,1068.199951171875,1065.5,1067.0,290410
2026-07-10 15:05:00+05:30,1068.0,1068.5999755859375,1065.5,1065.5999755859375,323818
2026-07-10 15:10:00+05:30,1067.9000244140625,1068.300048828125,1067.4000244140625,1068.0999755859375,205644
2026-07-10 15:15:00+05:30,1068.5999755859375,1070.0,1067.800048828125,1068.0,311713
2026-07-10 15:20:00+05:30,1068.5999755859375,1069.5,1068.0,1069.0,241987
2026-07-10 15:25:00+05:30,1068.0,1069.0999755859375,1067.0999755859375,1068.5999755859375,247195
2026-07-13 09:15:00+05:30,1072.4000244140625,1073.300048828125,1058.300048828125,1058.300048828125,0
2026-07-13 09:20:00+05:30,1065.0,1072.5,1063.5999755859375,1072.199951171875,225168
2026-07-13 09:25:00+05:30,1061.4000244140625,1064.699951171875,1060.0,1064.699951171875,311976
2026-07-13 09:30:00+05:30,1062.4000244140625,1062.9000244140625,1060.5999755859375,1061.5,175051
2026-07-13 09:35:00+05:30,1067.699951171875,1067.9000244140625,1061.0999755859375,1061.5,174643
2026-07-13 09:40:00+05:30,1067.199951171875,1068.5,1066.0999755859375,1067.800048828125,143926
2026-07-13 09:45:00+05:30,1071.800048828125,1073.699951171875,1066.199951171875,1067.0,258666
2026-07-13 09:50:00+05:30,1070.5,1074.5,1069.4000244140625,1071.800048828125,205081
2026-07-13 09:55:00+05:30,1069.300048828125,1071.199951171875,1067.300048828125,1070.4000244140625,150849
2026-07-13 10:00:00+05:30,1070.0999755859375,1070.800048828125,1069.0,1070.0,66280
2026-07-13 10:05:00+05:30,1068.5999755859375,1070.0,1067.0999755859375,1070.0,119706
2026-07-13 10:10:00+05:30,1068.800048828125,1068.9000244140625,1067.4000244140625,1068.5999755859375,72714
2026-07-13 10:15:00+05:30,1069.0,1069.0,1067.5,1068.800048828125,60710
2026-07-13 10:20:00+05:30,1068.5999755859375,1070.5,1067.9000244140625,1069.4000244140625,84259
2026-07-13 10:25:00+05:30,1072.5,1073.199951171875,1068.5999755859375,1068.5999755859375,115166
2026-07-13 10:30:00+05:30,1071.199951171875,1073.699951171875,1071.199951171875,1072.5,88635
2026-07-13 10:35:00+05:30,1072.300048828125,1072.9000244140625,1070.300048828125,1071.699951171875,109636
2026-07-13 10:40:00+05:30,1075.4000244140625,1075.800048828125,1070.5999755859375,1071.800048828125,275751
2026-07-13 10:45:00+05:30,1080.4000244140625,1081.199951171875,1074.9000244140625,1075.0,324365
2026-07-13 10:50:00+05:30,1080.199951171875,1081.800048828125,1078.4000244140625,1080.0,228601
2026-07-13 10:55:00+05:30,1080.699951171875,1081.800048828125,1079.199951171875,1080.4000244140625,145307
2026-07-13 11:00:00+05:30,1079.9000244140625,1080.800048828125,1079.0,1080.800048828125,115021
2026-07-13 11:05:00+05:30,1081.0999755859375,1081.199951171875,1078.0,1079.9000244140625,225209
2026-07-13 11:10:00+05:30,1084.9000244140625,1085.800048828125,1080.699951171875,1081.0,407220
2026-07-13 11:15:00+05:30,1084.9000244140625,1085.0999755859375,1081.9000244140625,1085.0,126829
2026-07-13 11:20:00+05:30,1083.4000244140625,1086.199951171875,1083.0,1084.5999755859375,355517
2026-07-13 11:25:00+05:30,1084.4000244140625,1084.5999755859375,1082.5,1083.0999755859375,288997
2026-07-13 11:30:00+05:30,1087.199951171875,1087.5999755859375,1084.0999755859375,1084.300048828125,184407
2026-07-13 11:35:00+05:30,1086.800048828125,1087.699951171875,1086.4000244140625,1087.199951171875,123420
2026-07-13 11:40:00+05:30,1090.5999755859375,1091.0999755859375,1084.699951171875,1086.800048828125,589185
2026-07-13 11:45:00+05:30,1094.5999755859375,1095.0999755859375,1090.300048828125,1090.300048828125,738255
2026-07-13 11:50:00+05:30,1095.199951171875,1097.0,1093.5999755859375,1094.4000244140625,386419
2026-07-13 11:55:00+05:30,1097.0999755859375,1097.5,1095.0,1095.0,330052
2026-07-13 12:00:00+05:30,1101.4000244140625,1101.4000244140625,1096.0,1096.800048828125,430736
2026-07-13 12:05:00+05:30,1102.9000244140625,1102.9000244140625,1100.0,1101.699951171875,633674
2026-07-13 12:10:00+05:30,1104.0999755859375,1104.800048828125,1100.5,1102.800048828125,371467
2026-07-13 12:15:00+05:30,1103.9000244140625,1104.300048828125,1101.0,1104.0999755859375,268477
2026-07-13 12:20:00+05:30,1103.0999755859375,1104.0,1101.0,1104.0,316223
2026-07-13 12:25:00+05:30,1101.0999755859375,1103.300048828125,1100.5999755859375,1103.300048828125,202438
2026-07-13 12:30:00+05:30,1110.0,1110.0,1101.0999755859375,1101.0999755859375,967376
2026-07-13 12:35:00+05:30,1111.4000244140625,1112.5,1108.5,1110.0,633210
2026-07-13 12:40:00+05:30,1111.300048828125,1112.5,1110.0,1111.300048828125,219058
2026-07-13 12:45:00+05:30,1112.4000244140625,1112.699951171875,1110.0999755859375,1111.5,203979
2026-07-13 12:50:00+05:30,1111.0,1113.199951171875,1110.300048828125,1112.699951171875,325273
2026-07-13 12:55:00+05:30,1111.9000244140625,1112.5,1108.0,1111.0,333848
2026-07-13 13:00:00+05:30,1113.5999755859375,1114.5,1109.0999755859375,1111.9000244140625,241439
2026-07-13 13:05:00+05:30,1113.0,1114.800048828125,1112.199951171875,1113.5999755859375,200201
2026-07-13 13:10:00+05:30,1114.199951171875,1114.5,1112.5,1113.0,263265
2026-07-13 13:15:00+05:30,1110.9000244140625,1113.9000244140625,1109.4000244140625,1113.9000244140625,275498
2026-07-13 13:20:00+05:30,1107.800048828125,1111.0,1106.5,1110.5,369146
2026-07-13 13:25:00+05:30,1104.5,1108.9000244140625,1104.0,1107.5999755859375,274804
2026-07-13 13:30:00+05:30,1107.0,1108.4000244140625,1104.300048828125,1104.5999755859375,208446
2026-07-13 13:35:00+05:30,1107.800048828125,1108.699951171875,1106.5999755859375,1107.300048828125,182816
2026-07-13 13:40:00+05:30,1105.199951171875,1107.9000244140625,1104.5999755859375,1107.800048828125,201335
2026-07-13 13:45:00+05:30,1104.9000244140625,1106.300048828125,1104.199951171875,1105.300048828125,123893
2026-07-13 13:50:00+05:30,1104.0,1106.4000244140625,1103.800048828125,1104.699951171875,283758
2026-07-13 13:55:00+05:30,1103.9000244140625,1104.9000244140625,1103.699951171875,1104.5,217119
2026-07-13 14:00:00+05:30,1104.4000244140625,1105.0,1102.5999755859375,1103.5999755859375,185513
2026-07-13 14:05:00+05:30,1103.4000244140625,1105.0,1102.800048828125,1104.0,140532
2026-07-13 14:10:00+05:30,1102.800048828125,1104.0999755859375,1102.4000244140625,1103.300048828125,147425
2026-07-13 14:15:00+05:30,1103.9000244140625,1104.0,1102.4000244140625,1103.0,142899
2026-07-13 14:20:00+05:30,1103.199951171875,1104.9000244140625,1102.9000244140625,1103.9000244140625,176474
2026-07-13 14:25:00+05:30,1103.199951171875,1104.300048828125,1102.0,1103.199951171875,169438
2026-07-13 14:30:00+05:30,1104.0,1104.300048828125,1102.800048828125,1103.199951171875,145129
2026-07-13 14:35:00+05:30,1103.699951171875,1104.5,1102.9000244140625,1104.300048828125,147063
2026-07-13 14:40:00+05:30,1103.9000244140625,1104.5,1103.0999755859375,1103.5,156672
2026-07-13 14:45:00+05:30,1103.9000244140625,1104.199951171875,1101.5999755859375,1103.9000244140625,250964
2026-07-13 14:50:00+05:30,1105.4000244140625,1106.0999755859375,1103.5,1103.5999755859375,519423
2026-07-13 14:55:00+05:30,1105.0,1108.300048828125,1104.5,1105.4000244140625,494452
2026-07-13 15:00:00+05:30,1104.699951171875,1105.699951171875,1103.5,1104.800048828125,629042
2026-07-13 15:05:00+05:30,1101.4000244140625,1105.199951171875,1101.0,1104.699951171875,550963
2026-07-13 15:10:00+05:30,1100.0999755859375,1102.199951171875,1100.0,1101.0999755859375,379029
2026-07-13 15:15:00+05:30,1100.800048828125,1101.4000244140625,1099.5,1100.300048828125,348574
2026-07-13 15:20:00+05:30,1102.0,1102.199951171875,1100.800048828125,1100.9000244140625,327658
2026-07-13 15:25:00+05:30,1101.0999755859375,1103.300048828125,1100.9000244140625,1102.0999755859375,496030
2026-07-14 09:15:00+05:30,1107.300048828125,1109.800048828125,1102.9000244140625,1107.0,0
2026-07-14 09:20:00+05:30,1105.699951171875,1113.0,1104.5999755859375,1107.0,666044
2026-07-14 09:25:00+05:30,1106.699951171875,1107.5,1103.5,1105.199951171875,315642
2026-07-14 09:30:00+05:30,1102.0999755859375,1106.5999755859375,1101.5,1106.5999755859375,434275
2026-07-14 09:35:00+05:30,1101.5,1102.5999755859375,1098.0,1102.300048828125,388461
2026-07-14 09:40:00+05:30,1098.699951171875,1101.5,1098.5999755859375,1101.5,204784
2026-07-14 09:45:00+05:30,1100.699951171875,1100.699951171875,1097.0999755859375,1098.9000244140625,210312
2026-07-14 09:50:00+05:30,1098.0999755859375,1100.5,1098.0999755859375,1100.5,109807
2026-07-14 09:55:00+05:30,1095.800048828125,1098.5999755859375,1095.0999755859375,1098.5999755859375,196944
2026-07-14 10:00:00+05:30,1094.5999755859375,1097.300048828125,1094.199951171875,1095.9000244140625,203867
2026-07-14 10:05:00+05:30,1096.199951171875,1096.199951171875,1094.199951171875,1094.9000244140625,128184
2026-07-14 10:10:00+05:30,1095.4000244140625,1097.0,1095.199951171875,1096.5,122242
2026-07-14 10:15:00+05:30,1093.199951171875,1095.699951171875,1092.199951171875,1095.199951171875,156832
2026-07-14 10:20:00+05:30,1094.0999755859375,1094.9000244140625,1093.199951171875,1093.4000244140625,107813
2026-07-14 10:25:00+05:30,1102.9000244140625,1103.5,1093.199951171875,1094.199951171875,787392
2026-07-14 10:30:00+05:30,1106.800048828125,1112.0,1101.0,1103.199951171875,1846127
2026-07-14 10:35:00+05:30,1104.800048828125,1107.800048828125,1103.5,1106.5,155346
2026-07-14 10:40:00+05:30,1100.5,1105.0,1100.300048828125,1104.699951171875,134366
2026-07-14 10:45:00+05:30,1099.199951171875,1100.9000244140625,1096.5,1100.199951171875,165403
2026-07-14 10:50:00+05:30,1099.0,1100.0,1096.5,1099.0,141445
2026-07-14 10:55:00+05:30,1100.300048828125,1101.0999755859375,1098.5999755859375,1098.699951171875,115576
2026-07-14 11:00:00+05:30,1099.5,1102.0,1099.4000244140625,1100.0,100631
2026-07-14 11:05:00+05:30,1102.199951171875,1102.4000244140625,1099.4000244140625,1099.5,91434
2026-07-14 11:10:00+05:30,1101.199951171875,1103.5,1100.4000244140625,1102.4000244140625,168416
2026-07-14 11:15:00+05:30,1102.4000244140625,1102.800048828125,1100.199951171875,1101.9000244140625,140734
2026-07-14 11:20:00+05:30,1101.4000244140625,1102.4000244140625,1100.300048828125,1102.300048828125,83343
2026-07-14 11:25:00+05:30,1101.699951171875,1101.800048828125,1100.4000244140625,1101.4000244140625,71870
2026-07-14 11:30:00+05:30,1100.0,1101.699951171875,1100.0,1101.699951171875,66123
2026-07-14 11:35:00+05:30,1099.699951171875,1100.699951171875,1098.4000244140625,1100.0999755859375,82871
2026-07-14 11:40:00+05:30,1098.9000244140625,1100.5999755859375,1097.9000244140625,1099.699951171875,136212
2026-07-14 11:45:00+05:30,1098.0999755859375,1099.699951171875,1097.9000244140625,1098.9000244140625,77715
2026-07-14 11:50:00+05:30,1098.0,1099.5,1097.699951171875,1098.0999755859375,64099
2026-07-14 11:55:00+05:30,1098.0,1098.800048828125,1096.5999755859375,1097.699951171875,216746
2026-07-14 12:00:00+05:30,1096.5,1098.0999755859375,1096.0999755859375,1098.0999755859375,69851
2026-07-14 12:05:00+05:30,1094.5,1096.5,1094.0,1096.300048828125,108922
2026-07-14 12:10:00+05:30,1093.699951171875,1094.9000244140625,1093.4000244140625,1094.5999755859375,98732
2026-07-14 12:15:00+05:30,1094.9000244140625,1095.4000244140625,1093.199951171875,1093.5999755859375,91743
2026-07-14 12:20:00+05:30,1095.9000244140625,1096.5,1094.4000244140625,1094.9000244140625,97664
2026-07-14 12:25:00+05:30,1095.5999755859375,1096.0,1094.5999755859375,1095.800048828125,67325
2026-07-14 12:30:00+05:30,1094.300048828125,1096.5,1093.5999755859375,1095.5999755859375,119968
2026-07-14 12:35:00+05:30,1092.0,1094.800048828125,1091.199951171875,1094.199951171875,229403
2026-07-14 12:40:00+05:30,1092.699951171875,1094.5,1091.9000244140625,1092.0,87742
2026-07-14 12:45:00+05:30,1093.0999755859375,1093.4000244140625,1092.0,1092.699951171875,74874
2026-07-14 12:50:00+05:30,1094.300048828125,1095.0,1092.5,1093.4000244140625,77815
2026-07-14 12:55:00+05:30,1093.5999755859375,1095.699951171875,1093.5,1094.300048828125,78684
2026-07-14 13:00:00+05:30,1093.5999755859375,1094.5,1092.300048828125,1093.699951171875,116257
2026-07-14 13:05:00+05:30,1092.0,1094.0,1092.0,1093.800048828125,87016
2026-07-14 13:10:00+05:30,1091.199951171875,1093.0999755859375,1091.199951171875,1092.0999755859375,95223
2026-07-14 13:15:00+05:30,1092.5,1092.800048828125,1091.0,1091.300048828125,112187
2026-07-14 13:20:00+05:30,1091.699951171875,1092.9000244140625,1091.5,1092.9000244140625,76600
2026-07-14 13:25:00+05:30,1092.300048828125,1092.5999755859375,1090.0,1091.699951171875,122922
2026-07-14 13:30:00+05:30,1092.5,1092.5999755859375,1091.0,1092.4000244140625,114894
2026-07-14 13:35:00+05:30,1092.5999755859375,1094.0999755859375,1092.0,1092.5,58505
2026-07-14 13:40:00+05:30,1093.5,1094.4000244140625,1092.5,1093.0,75005
2026-07-14 13:45:00+05:30,1094.5999755859375,1094.9000244140625,1093.300048828125,1093.5,98911
2026-07-14 13:50:00+05:30,1094.300048828125,1094.9000244140625,1092.4000244140625,1094.800048828125,221377
2026-07-14 13:55:00+05:30,1095.199951171875,1096.0,1094.0,1094.699951171875,97454
2026-07-14 14:00:00+05:30,1094.300048828125,1095.5,1093.300048828125,1095.199951171875,88486
2026-07-14 14:05:00+05:30,1094.5,1095.0,1093.0999755859375,1094.0999755859375,100600
2026-07-14 14:10:00+05:30,1097.0,1097.5999755859375,1094.4000244140625,1094.5,147796
2026-07-14 14:15:00+05:30,1096.0999755859375,1097.5999755859375,1095.4000244140625,1097.0,447898
2026-07-14 14:20:00+05:30,1096.300048828125,1097.699951171875,1095.800048828125,1096.0999755859375,232701
2026-07-14 14:25:00+05:30,1095.199951171875,1097.5,1095.0,1096.5999755859375,94998
2026-07-14 14:30:00+05:30,1096.699951171875,1096.9000244140625,1094.5,1095.199951171875,98568
2026-07-14 14:35:00+05:30,1097.0,1097.4000244140625,1096.0,1096.9000244140625,124907
2026-07-14 14:40:00+05:30,1094.5999755859375,1097.5,1094.300048828125,1097.0999755859375,113261
2026-07-14 14:45:00+05:30,1094.0999755859375,1095.199951171875,1092.699951171875,1094.5999755859375,147663
2026-07-14 14:50:00+05:30,1093.699951171875,1094.9000244140625,1093.4000244140625,1094.199951171875,155301
2026-07-14 14:55:00+05:30,1093.0,1094.9000244140625,1092.5,1093.800048828125,185031
2026-07-14 15:00:00+05:30,1093.800048828125,1095.5999755859375,1093.0999755859375,1093.300048828125,321468
2026-07-14 15:05:00+05:30,1092.300048828125,1095.0,1092.0999755859375,1093.9000244140625,367466
2026-07-14 15:10:00+05:30,1092.0,1093.199951171875,1091.5,1092.5,248277
2026-07-14 15:15:00+05:30,1092.199951171875,1092.4000244140625,1090.300048828125,1092.0999755859375,290328
2026-07-14 15:20:00+05:30,1092.4000244140625,1092.5999755859375,1091.5,1092.300048828125,233180
2026-07-14 15:25:00+05:30,1092.0,1093.199951171875,1091.300048828125,1092.5,224648
2026-07-15 09:15:00+05:30,1076.0,1080.5999755859375,1075.199951171875,1078.5,849773
2026-07-15 09:20:00+05:30,1081.800048828125,1082.699951171875,1074.0,1076.5,288613
2026-07-15 09:25:00+05:30,1085.300048828125,1087.0,1080.9000244140625,1081.4000244140625,296606
2026-07-15 09:30:00+05:30,1080.0999755859375,1088.0,1079.5999755859375,1085.0,425809
2026-07-15 09:35:00+05:30,1081.5,1085.800048828125,1078.800048828125,1080.0,326001
2026-07-15 09:40:00+05:30,1081.0,1083.5999755859375,1080.0,1081.0999755859375,152580
2026-07-15 09:45:00+05:30,1078.4000244140625,1082.699951171875,1078.0,1081.199951171875,117718
2026-07-15 09:50:00+05:30,1079.4000244140625,1081.699951171875,1078.300048828125,1078.300048828125,192428
2026-07-15 09:55:00+05:30,1080.0999755859375,1082.4000244140625,1079.199951171875,1079.699951171875,105823
2026-07-15 10:00:00+05:30,1082.199951171875,1082.9000244140625,1079.9000244140625,1080.4000244140625,127982
2026-07-15 10:05:00+05:30,1082.5999755859375,1083.0,1082.0,1082.4000244140625,56751
2026-07-15 10:10:00+05:30,1085.300048828125,1086.0,1081.5,1082.5999755859375,160454
2026-07-15 10:15:00+05:30,1086.199951171875,1087.5,1084.0,1085.0999755859375,112452
2026-07-15 10:20:00+05:30,1084.0999755859375,1086.5999755859375,1083.699951171875,1086.5999755859375,96343
2026-07-15 10:25:00+05:30,1082.300048828125,1084.4000244140625,1082.199951171875,1084.0999755859375,80385
2026-07-15 10:30:00+05:30,1078.5999755859375,1082.5,1078.4000244140625,1082.300048828125,138427
2026-07-15 10:35:00+05:30,1076.5,1079.0,1074.5999755859375,1078.699951171875,259709
2026-07-15 10:40:00+05:30,1079.199951171875,1079.699951171875,1076.0999755859375,1076.300048828125,107316
2026-07-15 10:45:00+05:30,1079.5999755859375,1080.0,1077.5,1078.800048828125,77317
2026-07-15 10:50:00+05:30,1077.0999755859375,1080.0,1077.0,1080.0,73368
2026-07-15 10:55:00+05:30,1078.5,1079.0,1077.0,1077.0999755859375,70996
2026-07-15 11:00:00+05:30,1078.0999755859375,1079.300048828125,1077.4000244140625,1078.5999755859375,76602
2026-07-15 11:05:00+05:30,1078.9000244140625,1079.800048828125,1077.699951171875,1078.0999755859375,34326
2026-07-15 11:10:00+05:30,1076.0999755859375,1079.0,1076.0999755859375,1078.9000244140625,43603
2026-07-15 11:15:00+05:30,1078.300048828125,1078.5999755859375,1076.0,1076.5,75067
2026-07-15 11:20:00+05:30,1078.0,1079.5,1077.0,1078.4000244140625,81303
2026-07-15 11:25:00+05:30,1079.800048828125,1080.800048828125,1077.800048828125,1077.9000244140625,61190
2026-07-15 11:30:00+05:30,1080.4000244140625,1080.5999755859375,1078.800048828125,1079.800048828125,54166
2026-07-15 11:35:00+05:30,1079.5999755859375,1081.0,1079.199951171875,1080.199951171875,47225
2026-07-15 11:40:00+05:30,1080.0,1080.5,1079.0,1079.699951171875,40774
2026-07-15 11:45:00+05:30,1079.5,1080.5,1079.0,1079.5999755859375,30934
2026-07-15 11:50:00+05:30,1079.0999755859375,1080.0,1078.5999755859375,1079.0999755859375,48808
2026-07-15 11:55:00+05:30,1078.9000244140625,1079.9000244140625,1078.0999755859375,1079.0999755859375,37456
2026-07-15 12:00:00+05:30,1080.5,1080.9000244140625,1079.300048828125,1079.4000244140625,68259
2026-07-15 12:05:00+05:30,1081.0,1081.800048828125,1080.5999755859375,1080.9000244140625,72487
2026-07-15 12:10:00+05:30,1080.199951171875,1081.300048828125,1080.0,1081.300048828125,39709
2026-07-15 12:15:00+05:30,1080.199951171875,1080.9000244140625,1078.9000244140625,1080.5999755859375,45376
2026-07-15 12:20:00+05:30,1081.9000244140625,1081.9000244140625,1080.0999755859375,1080.199951171875,53348
2026-07-15 12:25:00+05:30,1081.4000244140625,1082.0999755859375,1080.5999755859375,1081.9000244140625,52233
2026-07-15 12:30:00+05:30,1080.300048828125,1082.4000244140625,1080.300048828125,1081.300048828125,47114
2026-07-15 12:35:00+05:30,1079.5999755859375,1081.0,1079.0,1080.4000244140625,59372
2026-07-15 12:40:00+05:30,1080.199951171875,1080.800048828125,1079.0,1079.300048828125,51433
2026-07-15 12:45:00+05:30,1079.300048828125,1080.9000244140625,1079.300048828125,1080.300048828125,58696
2026-07-15 12:50:00+05:30,1078.9000244140625,1080.300048828125,1078.800048828125,1079.699951171875,48984
2026-07-15 12:55:00+05:30,1074.800048828125,1079.0999755859375,1073.0999755859375,1078.9000244140625,223504
2026-07-15 13:00:00+05:30,1076.699951171875,1077.300048828125,1074.0999755859375,1074.800048828125,80445
2026-07-15 13:05:00+05:30,1076.800048828125,1077.5,1075.300048828125,1076.699951171875,65555
2026-07-15 13:10:00+05:30,1078.0,1078.4000244140625,1076.800048828125,1076.800048828125,129742
2026-07-15 13:15:00+05:30,1079.5,1079.699951171875,1077.699951171875,1078.0999755859375,111500
2026-07-15 13:20:00+05:30,1079.0999755859375,1079.5999755859375,1078.5,1079.5,40766
2026-07-15 13:25:00+05:30,1078.300048828125,1079.5,1077.5999755859375,1079.5,42089
2026-07-15 13:30:00+05:30,1078.300048828125,1079.0,1077.5,1078.800048828125,37343
2026-07-15 13:35:00+05:30,1079.4000244140625,1079.4000244140625,1077.5999755859375,1078.199951171875,40195
2026-07-15 13:40:00+05:30,1079.0,1079.4000244140625,1078.4000244140625,1078.800048828125,50010
2026-07-15 13:45:00+05:30,1077.800048828125,1079.0999755859375,1077.300048828125,1078.800048828125,56602
2026-07-15 13:50:00+05:30,1078.0,1078.9000244140625,1076.5999755859375,1077.9000244140625,62539
2026-07-15 13:55:00+05:30,1080.0999755859375,1080.300048828125,1077.0,1078.0,80038
2026-07-15 14:00:00+05:30,1078.9000244140625,1080.800048828125,1078.300048828125,1080.0999755859375,45057
2026-07-15 14:05:00+05:30,1078.9000244140625,1080.0999755859375,1078.300048828125,1078.9000244140625,56555
2026-07-15 14:10:00+05:30,1079.4000244140625,1081.0,1078.699951171875,1078.800048828125,71079
2026-07-15 14:15:00+05:30,1081.0,1081.300048828125,1079.4000244140625,1079.5,90668
2026-07-15 14:20:00+05:30,1080.699951171875,1081.5,1080.0,1080.5999755859375,105162
2026-07-15 14:25:00+05:30,1080.5,1081.9000244140625,1080.5,1080.699951171875,63524
2026-07-15 14:30:00+05:30,1080.0,1081.0,1080.0,1080.800048828125,51210
2026-07-15 14:35:00+05:30,1080.0999755859375,1080.4000244140625,1079.199951171875,1080.0,63582
2026-07-15 14:40:00+05:30,1081.0,1081.5999755859375,1079.5999755859375,1080.0999755859375,81099
2026-07-15 14:45:00+05:30,1079.0999755859375,1081.4000244140625,1078.699951171875,1081.0999755859375,83145
2026-07-15 14:50:00+05:30,1079.0999755859375,1079.800048828125,1078.4000244140625,1079.199951171875,104536
2026-07-15 14:55:00+05:30,1077.4000244140625,1078.9000244140625,1077.0999755859375,1078.9000244140625,68988
2026-07-15 15:00:00+05:30,1077.0999755859375,1078.699951171875,1076.0,1077.300048828125,203690
2026-07-15 15:05:00+05:30,1076.300048828125,1077.300048828125,1075.4000244140625,1077.199951171875,188809
2026-07-15 15:10:00+05:30,1076.0,1076.4000244140625,1075.0,1076.300048828125,253697
2026-07-15 15:15:00+05:30,1075.4000244140625,1076.5,1075.0,1076.5,188139
2026-07-15 15:20:00+05:30,1076.9000244140625,1077.5,1075.0,1075.199951171875,246868
2026-07-15 15:25:00+05:30,1076.300048828125,1077.699951171875,1076.0,1076.9000244140625,0
2026-07-16 09:15:00+05:30,1093.0999755859375,1097.199951171875,1082.5999755859375,1082.5999755859375,447196
2026-07-16 09:20:00+05:30,1091.5,1094.5999755859375,1087.4000244140625,1093.0999755859375,289823
2026-07-16 09:25:00+05:30,1090.800048828125,1092.699951171875,1089.300048828125,1091.5,117306
2026-07-16 09:30:00+05:30,1085.9000244140625,1091.0999755859375,1085.5999755859375,1090.5,135894
2026-07-16 09:35:00+05:30,1086.0999755859375,1087.0,1085.199951171875,1086.0,77430
2026-07-16 09:40:00+05:30,1085.5,1087.699951171875,1084.5999755859375,1085.5,94255
2026-07-16 09:45:00+05:30,1083.699951171875,1086.4000244140625,1083.199951171875,1085.5,105727
2026-07-16 09:50:00+05:30,1086.0,1086.0999755859375,1082.0,1084.0,98602
2026-07-16 09:55:00+05:30,1087.9000244140625,1090.4000244140625,1084.300048828125,1086.0,136285
2026-07-16 10:00:00+05:30,1090.0999755859375,1091.5,1087.699951171875,1088.0999755859375,120282
2026-07-16 10:05:00+05:30,1086.800048828125,1090.4000244140625,1086.800048828125,1090.199951171875,90863
2026-07-16 10:10:00+05:30,1089.4000244140625,1089.5999755859375,1085.0999755859375,1086.4000244140625,74551
2026-07-16 10:15:00+05:30,1089.4000244140625,1092.0,1088.800048828125,1089.5,115697
2026-07-16 10:20:00+05:30,1089.699951171875,1089.800048828125,1087.0,1089.4000244140625,59910
2026-07-16 10:25:00+05:30,1090.4000244140625,1092.0,1089.5999755859375,1089.800048828125,72833
2026-07-16 10:30:00+05:30,1090.5,1092.9000244140625,1090.0999755859375,1090.5,85884
2026-07-16 10:35:00+05:30,1092.199951171875,1092.5,1089.5,1090.699951171875,52082
2026-07-16 10:40:00+05:30,1090.0,1093.0,1090.0,1092.699951171875,65518
2026-07-16 10:45:00+05:30,1091.5,1091.9000244140625,1088.699951171875,1089.5999755859375,149807
2026-07-16 10:50:00+05:30,1091.0,1092.800048828125,1090.9000244140625,1091.5999755859375,142097
2026-07-16 10:55:00+05:30,1091.5999755859375,1092.199951171875,1091.0,1091.4000244140625,79529
2026-07-16 11:00:00+05:30,1090.4000244140625,1092.4000244140625,1089.800048828125,1091.5999755859375,175768
2026-07-16 11:05:00+05:30,1089.199951171875,1090.0999755859375,1088.5,1090.0999755859375,74921
2026-07-16 11:10:00+05:30,1087.800048828125,1089.800048828125,1087.800048828125,1089.199951171875,61456
2026-07-16 11:15:00+05:30,1087.5999755859375,1088.4000244140625,1087.0,1087.800048828125,68316
2026-07-16 11:20:00+05:30,1087.199951171875,1088.5,1087.199951171875,1087.699951171875,67543
2026-07-16 11:25:00+05:30,1088.4000244140625,1088.4000244140625,1085.699951171875,1087.199951171875,94265
2026-07-16 11:30:00+05:30,1088.0,1088.699951171875,1087.699951171875,1088.0999755859375,78652
2026-07-16 11:35:00+05:30,1087.0,1089.199951171875,1086.699951171875,1088.4000244140625,65486
2026-07-16 11:40:00+05:30,1088.5,1088.800048828125,1087.0999755859375,1087.0999755859375,61362
2026-07-16 11:45:00+05:30,1088.300048828125,1088.5,1087.5,1088.4000244140625,57969
2026-07-16 11:50:00+05:30,1091.5,1091.5999755859375,1088.0,1088.300048828125,65070
2026-07-16 11:55:00+05:30,1090.800048828125,1092.0999755859375,1088.9000244140625,1091.5,339162
2026-07-16 12:00:00+05:30,1092.0999755859375,1092.800048828125,1091.0,1091.199951171875,146934
2026-07-16 12:05:00+05:30,1092.0,1092.5,1089.5999755859375,1092.0999755859375,136804
2026-07-16 12:10:00+05:30,1090.0,1092.0999755859375,1089.5,1092.0999755859375,104491
2026-07-16 12:15:00+05:30,1091.0,1092.0,1089.800048828125,1090.300048828125,78182
2026-07-16 12:20:00+05:30,1091.300048828125,1092.0,1090.699951171875,1091.0,62499
2026-07-16 12:25:00+05:30,1092.0,1093.4000244140625,1090.699951171875,1091.199951171875,99149
2026-07-16 12:30:00+05:30,1092.0,1092.5,1091.5999755859375,1092.0,81407
2026-07-16 12:35:00+05:30,1092.699951171875,1093.0999755859375,1091.699951171875,1092.0999755859375,87082
2026-07-16 12:40:00+05:30,1091.4000244140625,1093.5,1091.300048828125,1092.699951171875,77465
2026-07-16 12:45:00+05:30,1090.5999755859375,1092.800048828125,1090.4000244140625,1091.800048828125,51598
2026-07-16 12:50:00+05:30,1090.699951171875,1091.0,1090.199951171875,1090.5999755859375,56430
2026-07-16 12:55:00+05:30,1091.0,1091.5999755859375,1090.300048828125,1091.0,55029
2026-07-16 13:00:00+05:30,1090.9000244140625,1091.199951171875,1089.9000244140625,1090.9000244140625,67051
2026-07-16 13:05:00+05:30,1091.300048828125,1091.5,1090.5999755859375,1090.9000244140625,55798
2026-07-16 13:10:00+05:30,1091.5,1092.199951171875,1090.300048828125,1091.199951171875,91405
2026-07-16 13:15:00+05:30,1089.699951171875,1091.5,1089.0999755859375,1091.5,70644
2026-07-16 13:20:00+05:30,1088.699951171875,1090.0999755859375,1088.4000244140625,1089.699951171875,80309
2026-07-16 13:25:00+05:30,1089.300048828125,1089.800048828125,1088.5999755859375,1088.699951171875,59380
2026-07-16 13:30:00+05:30,1088.9000244140625,1089.4000244140625,1087.5999755859375,1089.300048828125,71945
2026-07-16 13:35:00+05:30,1088.0999755859375,1089.0,1087.699951171875,1088.800048828125,48696
2026-07-16 13:40:00+05:30,1087.5,1088.5999755859375,1087.5,1088.4000244140625,83852
2026-07-16 13:45:00+05:30,1087.9000244140625,1088.9000244140625,1087.5,1087.5,71244
2026-07-16 13:50:00+05:30,1088.699951171875,1089.5,1087.699951171875,1087.9000244140625,66725
2026-07-16 13:55:00+05:30,1089.5999755859375,1090.0,1088.5,1088.5999755859375,88015
2026-07-16 14:00:00+05:30,1088.699951171875,1089.9000244140625,1088.4000244140625,1089.5999755859375,76337
2026-07-16 14:05:00+05:30,1089.0,1090.0,1088.5999755859375,1088.9000244140625,61316
2026-07-16 14:10:00+05:30,1089.0999755859375,1089.699951171875,1088.5,1089.300048828125,76642
2026-07-16 14:15:00+05:30,1088.699951171875,1089.5,1088.4000244140625,1089.0999755859375,69952
2026-07-16 14:20:00+05:30,1088.5999755859375,1089.5,1087.699951171875,1088.800048828125,149499
2026-07-16 14:25:00+05:30,1089.300048828125,1089.5999755859375,1088.5,1088.699951171875,79479
2026-07-16 14:30:00+05:30,1089.699951171875,1090.199951171875,1089.199951171875,1089.4000244140625,91206
2026-07-16 14:35:00+05:30,1089.300048828125,1090.0,1088.0999755859375,1089.699951171875,231034
2026-07-16 14:40:00+05:30,1088.9000244140625,1089.9000244140625,1088.300048828125,1088.9000244140625,85171
2026-07-16 14:45:00+05:30,1089.0999755859375,1089.9000244140625,1088.9000244140625,1088.9000244140625,55082
2026-07-16 14:50:00+05:30,1088.300048828125,1089.4000244140625,1087.699951171875,1089.0999755859375,48231
2026-07-16 14:55:00+05:30,1088.9000244140625,1088.9000244140625,1087.800048828125,1088.4000244140625,56705
2026-07-16 15:00:00+05:30,1082.199951171875,1088.800048828125,1082.0999755859375,1088.800048828125,268006
2026-07-16 15:05:00+05:30,1082.199951171875,1083.9000244140625,1081.5999755859375,1082.300048828125,314572
2026-07-16 15:10:00+05:30,1081.199951171875,1082.800048828125,1081.0,1082.0999755859375,200840
2026-07-16 15:15:00+05:30,1081.199951171875,1081.699951171875,1080.199951171875,1081.199951171875,259987
2026-07-16 15:20:00+05:30,1080.5999755859375,1081.5999755859375,1080.5,1081.199951171875,220009
2026-07-16 15:25:00+05:30,1084.0,1085.5999755859375,1079.5,1080.5999755859375,532681
2026-07-17 09:15:00+05:30,1110.9000244140625,1116.0,1104.199951171875,1104.199951171875,0
2026-07-17 09:20:00+05:30,1110.9000244140625,1112.300048828125,1107.5,1111.5,607233
2026-07-17 09:25:00+05:30,1105.0,1112.300048828125,1104.199951171875,1111.5,475535
2026-07-17 09:30:00+05:30,1101.9000244140625,1105.0999755859375,1100.5999755859375,1105.0,267691
2026-07-17 09:35:00+05:30,1104.300048828125,1109.300048828125,1101.4000244140625,1102.0,323241
2026-07-17 09:40:00+05:30,1103.9000244140625,1105.9000244140625,1103.699951171875,1104.300048828125,248014
2026-07-17 09:45:00+05:30,1098.0999755859375,1104.5,1097.5,1104.5,409192
2026-07-17 09:50:00+05:30,1101.9000244140625,1102.0,1098.0,1098.0,157957
2026-07-17 09:55:00+05:30,1099.9000244140625,1104.300048828125,1098.699951171875,1101.800048828125,544868
2026-07-17 10:00:00+05:30,1098.5,1100.0,1098.199951171875,1099.4000244140625,65269
2026-07-17 10:05:00+05:30,1100.9000244140625,1101.4000244140625,1098.0,1099.0,109848
2026-07-17 10:10:00+05:30,1101.300048828125,1102.0,1100.5999755859375,1101.199951171875,289889
2026-07-17 10:15:00+05:30,1101.0,1101.5,1099.4000244140625,1101.199951171875,74179
2026-07-17 10:20:00+05:30,1100.199951171875,1101.9000244140625,1100.0,1100.800048828125,64906
2026-07-17 10:25:00+05:30,1098.300048828125,1101.0,1096.5,1100.0999755859375,162491
2026-07-17 10:30:00+05:30,1099.0999755859375,1100.4000244140625,1098.300048828125,1098.5,111107
2026-07-17 10:35:00+05:30,1100.199951171875,1100.9000244140625,1099.300048828125,1099.300048828125,51114
2026-07-17 10:40:00+05:30,1098.5999755859375,1100.0999755859375,1097.699951171875,1099.5999755859375,53713
2026-07-17 10:45:00+05:30,1099.0,1099.5999755859375,1097.199951171875,1098.0999755859375,68714
2026-07-17 10:50:00+05:30,1098.199951171875,1099.5,1097.9000244140625,1098.699951171875,46554
2026-07-17 10:55:00+05:30,1098.800048828125,1099.4000244140625,1096.0999755859375,1098.0,179202
2026-07-17 11:00:00+05:30,1099.9000244140625,1100.0,1098.0999755859375,1098.699951171875,38643
2026-07-17 11:05:00+05:30,1096.800048828125,1099.9000244140625,1096.5,1099.9000244140625,65272
2026-07-17 11:10:00+05:30,1096.5,1097.699951171875,1095.199951171875,1096.9000244140625,134039
2026-07-17 11:15:00+05:30,1098.5999755859375,1098.5999755859375,1096.199951171875,1096.5999755859375,52029
2026-07-17 11:20:00+05:30,1097.5,1099.4000244140625,1097.199951171875,1098.800048828125,110461
2026-07-17 11:25:00+05:30,1096.0999755859375,1097.5,1095.5,1097.199951171875,54498
2026-07-17 11:30:00+05:30,1098.0999755859375,1098.300048828125,1095.699951171875,1095.699951171875,40818
2026-07-17 11:35:00+05:30,1098.9000244140625,1099.9000244140625,1098.0,1098.0999755859375,55353
2026-07-17 11:40:00+05:30,1098.5,1099.699951171875,1098.4000244140625,1099.0,36292
2026-07-17 11:45:00+05:30,1098.800048828125,1099.0,1097.199951171875,1098.699951171875,40080
2026-07-17 11:50:00+05:30,1099.0999755859375,1099.4000244140625,1098.5,1098.9000244140625,33844
2026-07-17 11:55:00+05:30,1098.4000244140625,1099.0999755859375,1097.0999755859375,1099.0999755859375,52716
2026-07-17 12:00:00+05:30,1098.0,1098.5999755859375,1096.699951171875,1098.199951171875,48411
2026-07-17 12:05:00+05:30,1101.5,1101.9000244140625,1097.9000244140625,1098.0999755859375,213708
2026-07-17 12:10:00+05:30,1099.300048828125,1101.800048828125,1098.5,1101.5999755859375,89534
2026-07-17 12:15:00+05:30,1099.5,1100.0,1099.0,1099.4000244140625,53406
2026-07-17 12:20:00+05:30,1101.800048828125,1101.800048828125,1099.300048828125,1099.5,100740
2026-07-17 12:25:00+05:30,1101.300048828125,1102.0,1100.5,1101.5,142892
2026-07-17 12:30:00+05:30,1102.300048828125,1102.800048828125,1101.300048828125,1101.300048828125,99950
2026-07-17 12:35:00+05:30,1101.4000244140625,1102.9000244140625,1101.199951171875,1102.199951171875,76340
2026-07-17 12:40:00+05:30,1102.0999755859375,1102.5999755859375,1100.5999755859375,1101.300048828125,169291
2026-07-17 12:45:00+05:30,1102.0,1103.0,1101.9000244140625,1102.199951171875,67852
2026-07-17 12:50:00+05:30,1101.0,1102.5,1099.699951171875,1102.300048828125,102660
2026-07-17 12:55:00+05:30,1102.699951171875,1102.699951171875,1100.0,1101.0,88000
2026-07-17 13:00:00+05:30,1102.699951171875,1102.9000244140625,1102.0,1102.699951171875,62272
2026-07-17 13:05:00+05:30,1101.699951171875,1102.9000244140625,1101.4000244140625,1102.800048828125,70659
2026-07-17 13:10:00+05:30,1101.9000244140625,1102.5,1101.4000244140625,1101.800048828125,56347
2026-07-17 13:15:00+05:30,1101.800048828125,1102.0,1100.9000244140625,1101.9000244140625,75409
2026-07-17 13:20:00+05:30,1102.0,1102.5,1100.0999755859375,1102.0,152465
2026-07-17 13:25:00+05:30,1101.5,1102.9000244140625,1100.699951171875,1101.9000244140625,139004
2026-07-17 13:30:00+05:30,1101.4000244140625,1102.0999755859375,1100.0999755859375,1101.5,107889
2026-07-17 13:35:00+05:30,1098.9000244140625,1102.0,1098.4000244140625,1101.5,209149
2026-07-17 13:40:00+05:30,1098.9000244140625,1099.5,1097.0,1098.9000244140625,155497
2026-07-17 13:45:00+05:30,1098.699951171875,1098.9000244140625,1097.199951171875,1098.699951171875,75496
2026-07-17 13:50:00+05:30,1098.800048828125,1099.5,1097.300048828125,1098.9000244140625,68734
2026-07-17 13:55:00+05:30,1099.199951171875,1099.199951171875,1098.4000244140625,1098.800048828125,56361
2026-07-17 14:00:00+05:30,1099.699951171875,1101.300048828125,1099.199951171875,1099.4000244140625,67734
2026-07-17 14:05:00+05:30,1100.0,1101.5,1099.800048828125,1099.800048828125,59857
2026-07-17 14:10:00+05:30,1100.5,1100.800048828125,1100.0999755859375,1100.0999755859375,46139
2026-07-17 14:15:00+05:30,1099.199951171875,1102.0,1099.199951171875,1100.5,249821
2026-07-17 14:20:00+05:30,1097.699951171875,1099.4000244140625,1097.5,1099.199951171875,69056
2026-07-17 14:25:00+05:30,1095.0,1097.699951171875,1094.0999755859375,1097.0999755859375,147145
2026-07-17 14:30:00+05:30,1098.9000244140625,1099.0,1095.0,1095.4000244140625,115785
2026-07-17 14:35:00+05:30,1097.800048828125,1099.0999755859375,1097.699951171875,1098.699951171875,67222
2026-07-17 14:40:00+05:30,1097.5,1098.4000244140625,1097.300048828125,1097.800048828125,105001
2026-07-17 14:45:00+05:30,1100.699951171875,1102.0,1100.4000244140625,1100.9000244140625,609737
2026-07-17 14:50:00+05:30,1101.5,1101.5999755859375,1100.5,1100.800048828125,65423
2026-07-17 14:55:00+05:30,1101.300048828125,1101.800048828125,1100.699951171875,1101.5,88759
2026-07-17 15:00:00+05:30,1100.800048828125,1101.699951171875,1100.199951171875,1101.199951171875,223825
2026-07-17 15:05:00+05:30,1098.0,1101.199951171875,1097.9000244140625,1100.9000244140625,245644
2026-07-17 15:10:00+05:30,1095.300048828125,1098.0999755859375,1095.0999755859375,1098.0,280237
2026-07-17 15:15:00+05:30,1096.699951171875,1096.9000244140625,1094.0,1095.4000244140625,323342
2026-07-17 15:20:00+05:30,1093.9000244140625,1096.800048828125,1093.5,1096.5,291304
2026-07-17 15:25:00+05:30,1093.0,1094.0,1092.0,1093.800048828125,375680
2026-07-20 09:15:00+05:30,1097.5999755859375,1103.0999755859375,1091.0,1101.0,0
2026-07-20 09:20:00+05:30,1100.300048828125,1102.800048828125,1097.4000244140625,1097.5999755859375,212661
2026-07-20 09:25:00+05:30,1096.800048828125,1100.800048828125,1093.199951171875,1100.699951171875,128680
2026-07-20 09:30:00+05:30,1094.0999755859375,1098.800048828125,1093.5999755859375,1096.5,117493
2026-07-20 09:35:00+05:30,1094.199951171875,1097.0999755859375,1093.699951171875,1094.5,109298
2026-07-20 09:40:00+05:30,1096.9000244140625,1098.699951171875,1093.699951171875,1094.300048828125,118743
2026-07-20 09:45:00+05:30,1092.0,1097.800048828125,1091.0,1096.9000244140625,208531
2026-07-20 09:50:00+05:30,1094.300048828125,1096.0,1091.9000244140625,1092.0,141699
2026-07-20 09:55:00+05:30,1092.699951171875,1095.5,1091.5,1094.0,90239
2026-07-20 10:00:00+05:30,1093.4000244140625,1093.9000244140625,1092.300048828125,1092.699951171875,64497
2026-07-20 10:05:00+05:30,1092.0999755859375,1094.5999755859375,1091.199951171875,1092.9000244140625,82606
2026-07-20 10:10:00+05:30,1090.4000244140625,1093.0,1090.199951171875,1091.9000244140625,108270
2026-07-20 10:15:00+05:30,1090.800048828125,1092.0,1089.5,1090.5,112007
2026-07-20 10:20:00+05:30,1093.699951171875,1093.800048828125,1090.800048828125,1090.800048828125,87992
2026-07-20 10:25:00+05:30,1093.5999755859375,1094.699951171875,1092.800048828125,1093.300048828125,121359
2026-07-20 10:30:00+05:30,1094.4000244140625,1095.0999755859375,1093.199951171875,1093.5,96695
2026-07-20 10:35:00+05:30,1093.4000244140625,1095.4000244140625,1092.199951171875,1094.4000244140625,235817
2026-07-20 10:40:00+05:30,1092.699951171875,1094.300048828125,1092.0,1093.4000244140625,89641
2026-07-20 10:45:00+05:30,1093.0999755859375,1093.800048828125,1092.4000244140625,1092.699951171875,79121
2026-07-20 10:50:00+05:30,1093.0,1094.5,1092.5,1092.800048828125,68949
2026-07-20 10:55:00+05:30,1094.5,1094.800048828125,1092.800048828125,1093.5,57706
2026-07-20 11:00:00+05:30,1094.4000244140625,1095.5,1093.800048828125,1094.5999755859375,56745
2026-07-20 11:05:00+05:30,1094.199951171875,1095.4000244140625,1093.0,1094.199951171875,65304
2026-07-20 11:10:00+05:30,1093.9000244140625,1094.5,1093.300048828125,1094.199951171875,48313
2026-07-20 11:15:00+05:30,1095.699951171875,1095.800048828125,1093.300048828125,1093.699951171875,73053
2026-07-20 11:20:00+05:30,1093.300048828125,1096.699951171875,1093.0,1095.9000244140625,85611
2026-07-20 11:25:00+05:30,1092.4000244140625,1093.800048828125,1092.4000244140625,1093.300048828125,58989
2026-07-20 11:30:00+05:30,1092.699951171875,1093.300048828125,1091.5,1092.4000244140625,85804
2026-07-20 11:35:00+05:30,1092.0,1093.0,1091.300048828125,1092.699951171875,45540
2026-07-20 11:40:00+05:30,1090.9000244140625,1091.9000244140625,1090.5,1091.9000244140625,61934
2026-07-20 11:45:00+05:30,1090.699951171875,1091.699951171875,1090.5,1090.9000244140625,41016
2026-07-20 11:50:00+05:30,1088.5999755859375,1090.800048828125,1088.5999755859375,1090.5,94637
2026-07-20 11:55:00+05:30,1088.699951171875,1089.199951171875,1088.5,1089.0,51437
2026-07-20 12:00:00+05:30,1088.800048828125,1089.9000244140625,1088.5,1088.9000244140625,42458
2026-07-20 12:05:00+05:30,1088.9000244140625,1090.0,1087.5999755859375,1088.5999755859375,80925
2026-07-20 12:10:00+05:30,1085.699951171875,1089.300048828125,1085.4000244140625,1088.800048828125,84124
2026-07-20 12:15:00+05:30,1085.699951171875,1087.0,1085.5999755859375,1085.699951171875,47840
2026-07-20 12:20:00+05:30,1085.5,1086.0,1083.5,1085.800048828125,77637
2026-07-20 12:25:00+05:30,1087.0,1087.300048828125,1085.0999755859375,1085.0999755859375,51145
2026-07-20 12:30:00+05:30,1085.4000244140625,1087.300048828125,1084.699951171875,1087.300048828125,46248
2026-07-20 12:35:00+05:30,1087.0,1087.5,1085.4000244140625,1085.4000244140625,39784
2026-07-20 12:40:00+05:30,1088.199951171875,1088.300048828125,1086.4000244140625,1086.699951171875,43964
2026-07-20 12:45:00+05:30,1087.9000244140625,1088.699951171875,1087.0,1088.199951171875,54724
2026-07-20 12:50:00+05:30,1088.0,1088.5999755859375,1087.0999755859375,1087.9000244140625,134041
2026-07-20 12:55:00+05:30,1089.5,1089.699951171875,1087.800048828125,1088.199951171875,65590
2026-07-20 13:00:00+05:30,1088.0,1089.800048828125,1087.4000244140625,1089.0,48326
2026-07-20 13:05:00+05:30,1087.699951171875,1089.0999755859375,1087.5,1087.800048828125,56535
2026-07-20 13:10:00+05:30,1090.9000244140625,1091.0,1087.5,1087.5,57169
2026-07-20 13:15:00+05:30,1088.5999755859375,1091.300048828125,1088.5,1090.9000244140625,64066
2026-07-20 13:20:00+05:30,1089.5999755859375,1089.9000244140625,1088.5,1088.5999755859375,33290
2026-07-20 13:25:00+05:30,1089.5,1090.699951171875,1089.0,1089.199951171875,51330
2026-07-20 13:30:00+05:30,1089.4000244140625,1090.9000244140625,1089.0,1089.5,64741
2026-07-20 13:35:00+05:30,1090.5999755859375,1090.9000244140625,1089.300048828125,1089.4000244140625,56471
2026-07-20 13:40:00+05:30,1089.5,1090.800048828125,1089.300048828125,1090.4000244140625,41554
2026-07-20 13:45:00+05:30,1091.300048828125,1091.9000244140625,1089.5,1089.5,54902
2026-07-20 13:50:00+05:30,1090.5999755859375,1091.699951171875,1090.0,1091.5999755859375,39415
2026-07-20 13:55:00+05:30,1089.800048828125,1091.0999755859375,1089.699951171875,1090.4000244140625,43344
2026-07-20 14:00:00+05:30,1090.199951171875,1090.800048828125,1089.0,1089.5999755859375,49364
2026-07-20 14:05:00+05:30,1089.5,1090.5,1089.4000244140625,1089.9000244140625,38166
2026-07-20 14:10:00+05:30,1089.699951171875,1090.5999755859375,1089.0999755859375,1089.4000244140625,35840
2026-07-20 14:15:00+05:30,1090.0999755859375,1090.300048828125,1089.300048828125,1089.9000244140625,38998
2026-07-20 14:20:00+05:30,1089.0999755859375,1090.0,1089.0999755859375,1089.9000244140625,35265
2026-07-20 14:25:00+05:30,1089.699951171875,1089.800048828125,1088.5999755859375,1089.0999755859375,37107
2026-07-20 14:30:00+05:30,1090.5,1090.5,1089.0,1089.800048828125,44937
2026-07-20 14:35:00+05:30,1089.699951171875,1090.5,1088.5999755859375,1090.5,61355
2026-07-20 14:40:00+05:30,1090.4000244140625,1090.9000244140625,1089.199951171875,1089.5999755859375,61244
2026-07-20 14:45:00+05:30,1089.9000244140625,1090.5999755859375,1089.5,1090.199951171875,46916
2026-07-20 14:50:00+05:30,1089.800048828125,1090.5,1089.699951171875,1090.0,36769
2026-07-20 14:55:00+05:30,1088.9000244140625,1090.800048828125,1088.9000244140625,1089.699951171875,50925
2026-07-20 15:00:00+05:30,1087.4000244140625,1089.199951171875,1086.300048828125,1089.199951171875,137086
2026-07-20 15:05:00+05:30,1087.5,1087.5999755859375,1085.5,1087.5,138585
2026-07-20 15:10:00+05:30,1086.699951171875,1087.5,1085.5,1087.4000244140625,143866
2026-07-20 15:15:00+05:30,1087.300048828125,1087.800048828125,1086.300048828125,1086.300048828125,157570
2026-07-20 15:20:00+05:30,1088.199951171875,1088.300048828125,1087.0999755859375,1087.199951171875,175772
2026-07-20 15:25:00+05:30,1087.9000244140625,1088.9000244140625,1086.300048828125,1088.199951171875,166418
2026-07-21 09:15:00+05:30,1083.300048828125,1090.5,1078.300048828125,1083.199951171875,0
2026-07-21 09:20:00+05:30,1092.0999755859375,1092.300048828125,1083.5,1083.5,169983
2026-07-21 09:25:00+05:30,1093.800048828125,1094.4000244140625,1090.0999755859375,1091.800048828125,176777
2026-07-21 09:30:00+05:30,1090.5999755859375,1094.5,1088.300048828125,1093.9000244140625,147219
2026-07-21 09:35:00+05:30,1087.5999755859375,1090.5999755859375,1087.5,1090.5999755859375,77836
2026-07-21 09:40:00+05:30,1084.5,1087.5999755859375,1083.199951171875,1087.5999755859375,109891
2026-07-21 09:45:00+05:30,1076.9000244140625,1084.9000244140625,1076.300048828125,1084.5999755859375,222004
2026-07-21 09:50:00+05:30,1080.9000244140625,1082.800048828125,1077.0999755859375,1077.0999755859375,123485
2026-07-21 09:55:00+05:30,1078.0,1081.5,1078.0,1080.9000244140625,61994
2026-07-21 10:00:00+05:30,1079.5999755859375,1079.699951171875,1077.5,1078.5,46892
2026-07-21 10:05:00+05:30,1079.4000244140625,1081.4000244140625,1079.199951171875,1079.9000244140625,33178
2026-07-21 10:10:00+05:30,1080.0,1080.0,1079.199951171875,1080.0,27436
2026-07-21 10:15:00+05:30,1079.5999755859375,1080.199951171875,1079.5999755859375,1080.0,30310
2026-07-21 10:20:00+05:30,1072.9000244140625,1080.0999755859375,1072.199951171875,1079.5999755859375,184172
2026-07-21 10:25:00+05:30,1074.4000244140625,1075.0,1073.0999755859375,1073.300048828125,120357
2026-07-21 10:30:00+05:30,1074.5999755859375,1075.800048828125,1074.0,1074.699951171875,184009
2026-07-21 10:35:00+05:30,1073.0999755859375,1074.699951171875,1073.0999755859375,1074.5999755859375,50794
2026-07-21 10:40:00+05:30,1072.699951171875,1074.199951171875,1071.699951171875,1073.300048828125,118614
2026-07-21 10:45:00+05:30,1070.5,1072.699951171875,1069.800048828125,1072.699951171875,350530
2026-07-21 10:50:00+05:30,1067.800048828125,1070.9000244140625,1067.199951171875,1070.800048828125,121128
2026-07-21 10:55:00+05:30,1068.0,1069.5,1067.5,1067.800048828125,92090
2026-07-21 11:00:00+05:30,1073.5999755859375,1073.5999755859375,1067.5999755859375,1067.9000244140625,97612
2026-07-21 11:05:00+05:30,1075.300048828125,1075.5,1073.0,1073.699951171875,105160
2026-07-21 11:10:00+05:30,1075.699951171875,1077.0,1075.199951171875,1075.300048828125,113533
2026-07-21 11:15:00+05:30,1076.699951171875,1078.0,1076.0,1076.0,97731
2026-07-21 11:20:00+05:30,1076.4000244140625,1077.0,1075.199951171875,1076.699951171875,59509
2026-07-21 11:25:00+05:30,1075.5,1077.5999755859375,1075.199951171875,1076.5,72387
2026-07-21 11:30:00+05:30,1076.4000244140625,1076.5,1075.0999755859375,1075.800048828125,66237
2026-07-21 11:35:00+05:30,1075.4000244140625,1076.9000244140625,1074.5,1076.300048828125,69139
2026-07-21 11:40:00+05:30,1075.300048828125,1075.9000244140625,1074.4000244140625,1075.5,51506
2026-07-21 11:45:00+05:30,1075.699951171875,1076.0,1075.0,1075.300048828125,49872
2026-07-21 11:50:00+05:30,1076.5999755859375,1077.0,1075.4000244140625,1075.699951171875,59050
2026-07-21 11:55:00+05:30,1077.4000244140625,1078.5,1076.9000244140625,1076.9000244140625,111972
2026-07-21 12:00:00+05:30,1077.699951171875,1078.4000244140625,1077.0999755859375,1077.4000244140625,63134
2026-07-21 12:05:00+05:30,1077.0999755859375,1078.0999755859375,1076.699951171875,1077.699951171875,46888
2026-07-21 12:10:00+05:30,1076.699951171875,1077.300048828125,1076.4000244140625,1077.0999755859375,44822
2026-07-21 12:15:00+05:30,1074.300048828125,1076.9000244140625,1072.5999755859375,1076.5,97966
2026-07-21 12:20:00+05:30,1073.800048828125,1075.0999755859375,1073.5,1074.300048828125,81180
2026-07-21 12:25:00+05:30,1072.0999755859375,1074.4000244140625,1071.699951171875,1074.0999755859375,93716
2026-07-21 12:30:00+05:30,1071.0,1072.4000244140625,1070.4000244140625,1072.199951171875,147886
2026-07-21 12:35:00+05:30,1070.5999755859375,1072.0999755859375,1070.0999755859375,1071.0,114184
2026-07-21 12:40:00+05:30,1069.5999755859375,1071.0,1069.0,1070.5,107393
2026-07-21 12:45:00+05:30,1071.0,1071.0,1069.0999755859375,1069.0999755859375,97110
2026-07-21 12:50:00+05:30,1072.0,1072.4000244140625,1070.0999755859375,1070.800048828125,73795
2026-07-21 12:55:00+05:30,1071.5,1072.699951171875,1071.300048828125,1072.5,73760
2026-07-21 13:00:00+05:30,1071.5,1072.0999755859375,1070.699951171875,1071.5999755859375,92309
2026-07-21 13:05:00+05:30,1071.9000244140625,1073.0999755859375,1071.5,1071.5,85791
2026-07-21 13:10:00+05:30,1070.699951171875,1072.5,1070.4000244140625,1071.9000244140625,78500
2026-07-21 13:15:00+05:30,1070.0,1071.5999755859375,1070.0,1070.5999755859375,67905
2026-07-21 13:20:00+05:30,1069.9000244140625,1070.199951171875,1069.199951171875,1070.0,62136
2026-07-21 13:25:00+05:30,1070.0,1070.5999755859375,1069.0999755859375,1069.9000244140625,77140
2026-07-21 13:30:00+05:30,1071.199951171875,1071.5,1069.5,1070.0,75600
2026-07-21 13:35:00+05:30,1071.699951171875,1072.800048828125,1070.9000244140625,1071.300048828125,104526
2026-07-21 13:40:00+05:30,1070.800048828125,1072.699951171875,1070.5,1072.0,111801
2026-07-21 13:45:00+05:30,1071.199951171875,1072.0999755859375,1070.699951171875,1070.800048828125,104654
2026-07-21 13:50:00+05:30,1071.5,1072.4000244140625,1070.5,1071.5999755859375,113365
2026-07-21 13:55:00+05:30,1070.9000244140625,1071.9000244140625,1070.9000244140625,1071.4000244140625,126438
2026-07-21 14:00:00+05:30,1072.0,1072.4000244140625,1071.0,1071.0,83944
2026-07-21 14:05:00+05:30,1070.300048828125,1072.4000244140625,1070.0999755859375,1071.9000244140625,106085
2026-07-21 14:10:00+05:30,1071.300048828125,1071.4000244140625,1070.300048828125,1070.800048828125,85973
2026-07-21 14:15:00+05:30,1071.4000244140625,1072.5,1071.0,1071.199951171875,128060
2026-07-21 14:20:00+05:30,1072.800048828125,1074.0,1071.300048828125,1071.300048828125,170358
2026-07-21 14:25:00+05:30,1071.699951171875,1073.0,1071.5999755859375,1072.9000244140625,125269
2026-07-21 14:30:00+05:30,1071.4000244140625,1072.300048828125,1071.199951171875,1071.300048828125,166823
2026-07-21 14:35:00+05:30,1070.199951171875,1071.5,1069.199951171875,1071.4000244140625,237157
2026-07-21 14:40:00+05:30,1070.4000244140625,1070.9000244140625,1069.5,1070.0,132860
2026-07-21 14:45:00+05:30,1071.4000244140625,1071.4000244140625,1069.5999755859375,1070.5999755859375,202698
2026-07-21 14:50:00+05:30,1073.0,1073.0999755859375,1070.5999755859375,1071.4000244140625,231178
2026-07-21 14:55:00+05:30,1074.9000244140625,1075.0,1072.699951171875,1073.0,220657
2026-07-21 15:00:00+05:30,1073.699951171875,1075.0999755859375,1072.699951171875,1074.0999755859375,316393
2026-07-21 15:05:00+05:30,1073.800048828125,1075.199951171875,1073.699951171875,1073.699951171875,347844
2026-07-21 15:10:00+05:30,1073.4000244140625,1074.0,1072.0999755859375,1073.800048828125,251104
2026-07-21 15:15:00+05:30,1073.5999755859375,1074.4000244140625,1072.5999755859375,1073.4000244140625,259753
2026-07-21 15:20:00+05:30,1073.199951171875,1074.0,1073.0,1073.800048828125,241176
2026-07-21 15:25:00+05:30,1070.5999755859375,1073.300048828125,1070.0,1073.199951171875,250451
2026-07-22 09:15:00+05:30,1064.300048828125,1066.0,1058.5,1065.199951171875,0
2026-07-22 09:20:00+05:30,1066.0,1066.199951171875,1063.199951171875,1064.300048828125,154877
2026-07-22 09:25:00+05:30,1066.5,1067.199951171875,1065.0,1065.699951171875,83130
2026-07-22 09:30:00+05:30,1065.0,1067.199951171875,1065.0,1066.5,82342
2026-07-22 09:35:00+05:30,1064.9000244140625,1065.800048828125,1063.5999755859375,1065.0999755859375,99624
2026-07-22 09:40:00+05:30,1066.199951171875,1066.699951171875,1064.699951171875,1064.9000244140625,52251
2026-07-22 09:45:00+05:30,1064.5,1066.4000244140625,1063.5,1065.9000244140625,64507
2026-07-22 09:50:00+05:30,1063.699951171875,1066.4000244140625,1063.5,1064.199951171875,41961
2026-07-22 09:55:00+05:30,1064.699951171875,1065.4000244140625,1062.300048828125,1063.699951171875,63196
2026-07-22 10:00:00+05:30,1063.5,1065.4000244140625,1063.300048828125,1065.4000244140625,30634
2026-07-22 10:05:00+05:30,1067.199951171875,1069.0,1063.800048828125,1063.800048828125,84666
2026-07-22 10:10:00+05:30,1064.0999755859375,1067.300048828125,1063.9000244140625,1067.199951171875,38901
2026-07-22 10:15:00+05:30,1062.0,1064.0999755859375,1061.5999755859375,1064.0999755859375,87343
2026-07-22 10:20:00+05:30,1058.0999755859375,1062.300048828125,1058.0999755859375,1061.9000244140625,82750
2026-07-22 10:25:00+05:30,1059.300048828125,1060.0,1056.5999755859375,1058.5999755859375,148838
2026-07-22 10:30:00+05:30,1056.0,1059.9000244140625,1056.0,1059.0,84818
2026-07-22 10:35:00+05:30,1057.0999755859375,1057.699951171875,1056.0,1056.300048828125,54913
2026-07-22 10:40:00+05:30,1056.800048828125,1057.800048828125,1056.800048828125,1056.800048828125,33316
2026-07-22 10:45:00+05:30,1058.5,1059.0999755859375,1056.5999755859375,1056.9000244140625,75334
2026-07-22 10:50:00+05:30,1059.4000244140625,1059.5,1058.0,1058.699951171875,41651
2026-07-22 10:55:00+05:30,1060.9000244140625,1060.9000244140625,1059.5,1059.5,49969
2026-07-22 11:00:00+05:30,1058.5,1060.800048828125,1057.9000244140625,1060.800048828125,75041
2026-07-22 11:05:00+05:30,1058.199951171875,1059.0999755859375,1057.5,1058.5999755859375,30397
2026-07-22 11:10:00+05:30,1056.800048828125,1058.300048828125,1056.800048828125,1058.300048828125,39301
2026-07-22 11:15:00+05:30,1056.0999755859375,1057.300048828125,1055.0,1056.800048828125,82491
2026-07-22 11:20:00+05:30,1060.5,1060.5,1056.0,1056.199951171875,48206
2026-07-22 11:25:00+05:30,1061.0999755859375,1062.199951171875,1060.199951171875,1060.4000244140625,82728
2026-07-22 11:30:00+05:30,1061.0999755859375,1061.699951171875,1060.199951171875,1060.699951171875,52213
2026-07-22 11:35:00+05:30,1060.199951171875,1061.4000244140625,1059.199951171875,1060.5999755859375,43665
2026-07-22 11:40:00+05:30,1059.4000244140625,1060.300048828125,1058.699951171875,1060.0999755859375,27234
2026-07-22 11:45:00+05:30,1060.0,1060.300048828125,1058.699951171875,1059.4000244140625,32650
2026-07-22 11:50:00+05:30,1058.5999755859375,1060.199951171875,1057.9000244140625,1060.0,98747
2026-07-22 11:55:00+05:30,1057.4000244140625,1059.0,1057.199951171875,1058.800048828125,24521
2026-07-22 12:00:00+05:30,1056.0999755859375,1057.800048828125,1056.0999755859375,1057.4000244140625,46457
2026-07-22 12:05:00+05:30,1056.0,1056.9000244140625,1056.0,1056.199951171875,34460
2026-07-22 12:10:00+05:30,1056.800048828125,1057.4000244140625,1056.0,1056.0,22687
2026-07-22 12:15:00+05:30,1056.300048828125,1057.800048828125,1056.199951171875,1056.5999755859375,39935
2026-07-22 12:20:00+05:30,1054.300048828125,1056.300048828125,1053.699951171875,1056.0999755859375,113020
2026-07-22 12:25:00+05:30,1053.800048828125,1054.699951171875,1053.4000244140625,1054.4000244140625,64254
2026-07-22 12:30:00+05:30,1052.5,1054.0999755859375,1052.0,1053.5,71022
2026-07-22 12:35:00+05:30,1049.699951171875,1052.5999755859375,1048.300048828125,1052.5,298737
2026-07-22 12:40:00+05:30,1049.300048828125,1050.5,1048.699951171875,1049.9000244140625,102585
2026-07-22 12:45:00+05:30,1049.5,1050.0999755859375,1049.0,1049.300048828125,89424
2026-07-22 12:50:00+05:30,1049.699951171875,1050.0999755859375,1049.5,1049.699951171875,59534
2026-07-22 12:55:00+05:30,1049.0999755859375,1050.4000244140625,1049.0999755859375,1049.699951171875,169977
2026-07-22 13:00:00+05:30,1049.4000244140625,1049.5999755859375,1048.5,1049.0999755859375,55884
2026-07-22 13:05:00+05:30,1047.699951171875,1049.4000244140625,1047.5999755859375,1049.0999755859375,83181
2026-07-22 13:10:00+05:30,1048.0,1048.300048828125,1046.300048828125,1047.800048828125,87641
2026-07-22 13:15:00+05:30,1048.0999755859375,1048.9000244140625,1047.800048828125,1048.0,45245
2026-07-22 13:20:00+05:30,1046.5999755859375,1049.0,1046.5,1048.0999755859375,79889
2026-07-22 13:25:00+05:30,1046.5,1047.300048828125,1046.4000244140625,1046.9000244140625,75094
2026-07-22 13:30:00+05:30,1046.699951171875,1047.0,1046.4000244140625,1046.9000244140625,91753
2026-07-22 13:35:00+05:30,1047.199951171875,1049.800048828125,1046.699951171875,1046.800048828125,125812
2026-07-22 13:40:00+05:30,1047.699951171875,1048.0999755859375,1046.699951171875,1047.300048828125,79234
2026-07-22 13:45:00+05:30,1048.199951171875,1048.9000244140625,1047.0999755859375,1047.5,79662
2026-07-22 13:50:00+05:30,1048.5,1049.5,1048.199951171875,1048.199951171875,95276
2026-07-22 13:55:00+05:30,1047.9000244140625,1048.5,1047.5999755859375,1048.199951171875,82244
2026-07-22 14:00:00+05:30,1048.4000244140625,1048.9000244140625,1047.0999755859375,1047.9000244140625,78314
2026-07-22 14:05:00+05:30,1048.300048828125,1048.5999755859375,1047.5,1048.300048828125,93172
2026-07-22 14:10:00+05:30,1047.4000244140625,1048.5,1047.300048828125,1048.300048828125,59736
2026-07-22 14:15:00+05:30,1048.0999755859375,1048.0999755859375,1047.4000244140625,1047.5,75573
2026-07-22 14:20:00+05:30,1048.199951171875,1049.5999755859375,1047.9000244140625,1047.9000244140625,74168
2026-07-22 14:25:00+05:30,1048.4000244140625,1049.0,1048.199951171875,1048.300048828125,45131
2026-07-22 14:30:00+05:30,1048.699951171875,1049.0,1048.0,1048.5,59445
2026-07-22 14:35:00+05:30,1049.0,1049.699951171875,1047.5,1048.800048828125,147881
2026-07-22 14:40:00+05:30,1049.300048828125,1049.9000244140625,1048.699951171875,1049.0,134952
2026-07-22 14:45:00+05:30,1049.699951171875,1050.0,1048.800048828125,1049.0999755859375,190581
2026-07-22 14:50:00+05:30,1050.5,1051.0,1049.4000244140625,1049.9000244140625,191767
2026-07-22 14:55:00+05:30,1050.199951171875,1051.0999755859375,1049.699951171875,1051.0,163294
2026-07-22 15:00:00+05:30,1052.0,1052.4000244140625,1050.5,1050.5,267348
2026-07-22 15:05:00+05:30,1052.300048828125,1053.199951171875,1051.5999755859375,1051.800048828125,313457
2026-07-22 15:10:00+05:30,1053.800048828125,1053.800048828125,1051.199951171875,1052.300048828125,269675
2026-07-22 15:15:00+05:30,1053.4000244140625,1054.0,1053.0,1053.300048828125,225757
2026-07-22 15:20:00+05:30,1052.800048828125,1053.5999755859375,1051.5,1053.199951171875,272976
2026-07-22 15:25:00+05:30,1052.0,1052.699951171875,1049.0999755859375,1052.699951171875,294378
2026-07-23 09:15:00+05:30,1041.5999755859375,1046.0,1039.0999755859375,1045.9000244140625,0
2026-07-23 09:20:00+05:30,1040.699951171875,1042.0,1038.699951171875,1041.199951171875,235414
2026-07-23 09:25:00+05:30,1034.0,1040.300048828125,1032.5,1040.199951171875,499328
2026-07-23 09:30:00+05:30,1038.9000244140625,1039.4000244140625,1033.5999755859375,1034.0,233953
2026-07-23 09:35:00+05:30,1043.0,1044.199951171875,1037.5,1038.300048828125,261827
2026-07-23 09:40:00+05:30,1042.0,1044.800048828125,1040.9000244140625,1043.5,151398
2026-07-23 09:45:00+05:30,1045.5,1045.9000244140625,1042.0,1042.0,133863
2026-07-23 09:50:00+05:30,1041.9000244140625,1046.5,1041.5,1045.5,109930
2026-07-23 09:55:00+05:30,1042.5,1043.5999755859375,1041.5,1041.5,62342
2026-07-23 10:00:00+05:30,1043.0999755859375,1044.5,1042.0999755859375,1042.5,95305
2026-07-23 10:05:00+05:30,1042.9000244140625,1044.300048828125,1041.0,1043.0999755859375,70593
2026-07-23 10:10:00+05:30,1042.5,1045.0999755859375,1042.5,1043.0,57752
2026-07-23 10:15:00+05:30,1042.5999755859375,1044.4000244140625,1042.0999755859375,1042.9000244140625,64388
2026-07-23 10:20:00+05:30,1044.0,1044.5,1041.5,1042.800048828125,75294
2026-07-23 10:25:00+05:30,1043.800048828125,1044.300048828125,1043.0,1044.199951171875,57997
2026-07-23 10:30:00+05:30,1042.5999755859375,1044.0,1042.199951171875,1044.0,66271
2026-07-23 10:35:00+05:30,1043.0,1044.4000244140625,1042.699951171875,1043.0999755859375,60061
2026-07-23 10:40:00+05:30,1044.9000244140625,1044.9000244140625,1042.699951171875,1043.0,66967
2026-07-23 10:45:00+05:30,1046.5999755859375,1048.199951171875,1044.800048828125,1044.800048828125,255518
2026-07-23 10:50:00+05:30,1045.4000244140625,1047.0,1044.800048828125,1046.5999755859375,70592
2026-07-23 10:55:00+05:30,1046.300048828125,1046.4000244140625,1045.0,1045.5,58896
2026-07-23 11:00:00+05:30,1045.199951171875,1046.699951171875,1045.0,1046.300048828125,55846
2026-07-23 11:05:00+05:30,1046.199951171875,1046.9000244140625,1045.199951171875,1045.800048828125,76964
2026-07-23 11:10:00+05:30,1048.199951171875,1049.5999755859375,1044.0,1046.300048828125,284391
2026-07-23 11:15:00+05:30,1048.0,1050.300048828125,1047.4000244140625,1048.5999755859375,122095
2026-07-23 11:20:00+05:30,1047.5999755859375,1048.5,1047.4000244140625,1048.199951171875,85611
2026-07-23 11:25:00+05:30,1043.4000244140625,1048.199951171875,1043.0,1047.5,1120662
2026-07-23 11:30:00+05:30,1041.5999755859375,1044.199951171875,1041.300048828125,1043.0,152419
2026-07-23 11:35:00+05:30,1045.0999755859375,1045.699951171875,1041.199951171875,1041.800048828125,101362
2026-07-23 11:40:00+05:30,1046.199951171875,1046.800048828125,1044.300048828125,1044.800048828125,71616
2026-07-23 11:45:00+05:30,1048.0999755859375,1048.9000244140625,1046.0999755859375,1046.4000244140625,101159
2026-07-23 11:50:00+05:30,1050.800048828125,1051.4000244140625,1047.300048828125,1048.0999755859375,136447
2026-07-23 11:55:00+05:30,1052.0999755859375,1052.300048828125,1050.0,1051.0999755859375,161437
2026-07-23 12:00:00+05:30,1053.4000244140625,1054.0,1051.9000244140625,1052.300048828125,211127
2026-07-23 12:05:00+05:30,1056.5999755859375,1057.199951171875,1053.4000244140625,1053.4000244140625,188141
2026-07-23 12:10:00+05:30,1053.199951171875,1057.0,1052.0999755859375,1056.699951171875,130892
2026-07-23 12:15:00+05:30,1051.0,1053.5,1050.5,1053.0999755859375,84363
2026-07-23 12:20:00+05:30,1050.5999755859375,1051.0,1048.4000244140625,1050.9000244140625,158778
2026-07-23 12:25:00+05:30,1048.199951171875,1051.4000244140625,1047.699951171875,1050.800048828125,115142
2026-07-23 12:30:00+05:30,1047.699951171875,1048.5,1046.199951171875,1048.199951171875,122590
2026-07-23 12:35:00+05:30,1046.9000244140625,1049.0999755859375,1046.5999755859375,1048.0999755859375,83749
2026-07-23 12:40:00+05:30,1043.9000244140625,1047.4000244140625,1043.0,1046.9000244140625,143329
2026-07-23 12:45:00+05:30,1043.800048828125,1044.4000244140625,1043.199951171875,1043.800048828125,171198
2026-07-23 12:50:00+05:30,1044.199951171875,1044.699951171875,1043.5,1044.0,72287
2026-07-23 12:55:00+05:30,1043.5,1044.699951171875,1043.0999755859375,1043.800048828125,84703
2026-07-23 13:00:00+05:30,1041.199951171875,1044.5999755859375,1041.199951171875,1043.5999755859375,152821
2026-07-23 13:05:00+05:30,1042.0,1042.4000244140625,1040.5,1041.199951171875,137090
2026-07-23 13:10:00+05:30,1044.0999755859375,1045.0,1042.0,1042.199951171875,172905
2026-07-23 13:15:00+05:30,1044.5,1045.5,1043.0,1044.0999755859375,154689
2026-07-23 13:20:00+05:30,1042.699951171875,1044.800048828125,1042.300048828125,1044.5999755859375,169464
2026-07-23 13:25:00+05:30,1042.800048828125,1043.5999755859375,1041.5999755859375,1042.9000244140625,136006
2026-07-23 13:30:00+05:30,1042.199951171875,1043.5,1041.4000244140625,1042.800048828125,119664
2026-07-23 13:35:00+05:30,1043.0999755859375,1043.5,1041.5,1042.300048828125,138536
2026-07-23 13:40:00+05:30,1044.0999755859375,1044.4000244140625,1042.5,1043.0999755859375,205751
2026-07-23 13:45:00+05:30,1044.300048828125,1044.5999755859375,1042.800048828125,1044.300048828125,164744
2026-07-23 13:50:00+05:30,1042.5999755859375,1044.9000244140625,1042.300048828125,1044.4000244140625,115602
2026-07-23 13:55:00+05:30,1045.9000244140625,1046.0,1042.5999755859375,1042.5999755859375,159241
2026-07-23 14:00:00+05:30,1046.0,1046.4000244140625,1044.9000244140625,1045.699951171875,154216
2026-07-23 14:05:00+05:30,1046.0999755859375,1047.0999755859375,1045.300048828125,1046.199951171875,143612
2026-07-23 14:10:00+05:30,1045.0999755859375,1046.9000244140625,1044.5999755859375,1046.5999755859375,121129
2026-07-23 14:15:00+05:30,1047.300048828125,1049.0,1045.0,1045.0999755859375,135490
2026-07-23 14:20:00+05:30,1047.0,1048.5,1046.300048828125,1047.300048828125,113493
2026-07-23 14:25:00+05:30,1049.0999755859375,1049.300048828125,1046.5,1047.0999755859375,128307
2026-07-23 14:30:00+05:30,1054.800048828125,1055.0,1048.5999755859375,1049.199951171875,165964
2026-07-23 14:35:00+05:30,1048.199951171875,1055.699951171875,1048.199951171875,1054.9000244140625,243143
2026-07-23 14:40:00+05:30,1045.300048828125,1048.5,1044.800048828125,1048.199951171875,541424
2026-07-23 14:45:00+05:30,1044.5999755859375,1046.0999755859375,1044.0,1045.5999755859375,191285
2026-07-23 14:50:00+05:30,1046.5999755859375,1046.5999755859375,1043.0,1044.5,267911
2026-07-23 14:55:00+05:30,1045.4000244140625,1048.5,1044.4000244140625,1046.4000244140625,232895
2026-07-23 15:00:00+05:30,1044.699951171875,1046.5,1043.699951171875,1045.300048828125,302783
2026-07-23 15:05:00+05:30,1047.199951171875,1048.300048828125,1044.0999755859375,1044.800048828125,288098
2026-07-23 15:10:00+05:30,1045.4000244140625,1047.0999755859375,1042.9000244140625,1047.0999755859375,323199
2026-07-23 15:15:00+05:30,1046.699951171875,1047.199951171875,1044.0,1045.800048828125,370606
2026-07-23 15:20:00+05:30,1050.699951171875,1051.4000244140625,1046.300048828125,1046.800048828125,343078
2026-07-23 15:25:00+05:30,1052.9000244140625,1056.4000244140625,1049.0,1050.699951171875,428541
2026-07-24 09:15:00+05:30,1041.9000244140625,1041.9000244140625,1024.300048828125,1029.9000244140625,0
2026-07-24 09:20:00+05:30,1041.0,1042.5999755859375,1035.9000244140625,1041.9000244140625,1418036
2026-07-24 09:25:00+05:30,1037.5999755859375,1041.0,1032.9000244140625,1040.5,1149726
2026-07-24 09:30:00+05:30,1036.0,1041.5999755859375,1036.0,1037.199951171875,607490
2026-07-24 09:35:00+05:30,1029.699951171875,1037.0999755859375,1029.199951171875,1036.300048828125,772863
2026-07-24 09:40:00+05:30,1031.4000244140625,1031.4000244140625,1026.699951171875,1029.5,541918
2026-07-24 09:45:00+05:30,1040.4000244140625,1040.5999755859375,1031.199951171875,1031.5999755859375,708975
2026-07-24 09:50:00+05:30,1038.300048828125,1040.5999755859375,1035.300048828125,1040.5999755859375,315026
2026-07-24 09:55:00+05:30,1035.300048828125,1039.300048828125,1035.300048828125,1038.199951171875,320966
2026-07-24 10:00:00+05:30,1036.0,1038.0,1034.0,1035.0,248182
2026-07-24 10:05:00+05:30,1032.5,1036.199951171875,1032.199951171875,1035.800048828125,188366
2026-07-24 10:10:00+05:30,1031.800048828125,1033.0,1031.0,1032.699951171875,255414
2026-07-24 10:15:00+05:30,1032.0,1032.4000244140625,1030.5,1031.5999755859375,212464
2026-07-24 10:20:00+05:30,1025.4000244140625,1031.300048828125,1024.199951171875,1031.0999755859375,485538
2026-07-24 10:25:00+05:30,1022.2000122070312,1026.5999755859375,1021.7000122070312,1025.199951171875,382322
2026-07-24 10:30:00+05:30,1020.2000122070312,1022.5,1019.4000244140625,1022.5,413033
2026-07-24 10:35:00+05:30,1022.9000244140625,1024.300048828125,1020.0999755859375,1020.0999755859375,202681
2026-07-24 10:40:00+05:30,1023.7000122070312,1024.5,1022.0999755859375,1022.5999755859375,248826
2026-07-24 10:45:00+05:30,1023.5,1024.0,1021.5,1024.0,143053
2026-07-24 10:50:00+05:30,1020.9000244140625,1024.5,1020.0,1023.5,265265
2026-07-24 10:55:00+05:30,1021.0,1023.0999755859375,1020.9000244140625,1021.0,2805819
2026-07-24 11:00:00+05:30,1020.4000244140625,1021.5999755859375,1020.4000244140625,1021.0,108561
2026-07-24 11:05:00+05:30,1019.5999755859375,1020.7999877929688,1018.2999877929688,1020.5999755859375,227955
2026-07-24 11:10:00+05:30,1019.4000244140625,1020.4000244140625,1018.5999755859375,1019.7999877929688,106043
2026-07-24 11:15:00+05:30,1018.5,1020.9000244140625,1018.5,1019.4000244140625,179264
2026-07-24 11:20:00+05:30,1018.0999755859375,1019.9000244140625,1018.0999755859375,1018.5,207281
2026-07-24 11:25:00+05:30,1017.5999755859375,1018.9000244140625,1016.0999755859375,1018.0999755859375,292701
2026-07-24 11:30:00+05:30,1015.0,1017.9000244140625,1014.2000122070312,1017.7000122070312,352746
2026-07-24 11:35:00+05:30,1017.7000122070312,1017.9000244140625,1014.9000244140625,1015.0,298867
2026-07-24 11:40:00+05:30,1021.5999755859375,1023.2999877929688,1017.5,1017.7999877929688,351161
2026-07-24 11:45:00+05:30,1021.9000244140625,1022.7999877929688,1021.0,1022.0,176103
2026-07-24 11:50:00+05:30,1022.0,1023.9000244140625,1021.7000122070312,1022.0,277427
2026-07-24 11:55:00+05:30,1020.0,1022.2999877929688,1018.5,1022.2999877929688,148751
2026-07-24 12:00:00+05:30,1021.0999755859375,1021.2999877929688,1017.7999877929688,1019.9000244140625,151128
2026-07-24 12:05:00+05:30,1021.2000122070312,1021.7999877929688,1020.0,1021.2000122070312,89595
2026-07-24 12:10:00+05:30,1021.2999877929688,1022.2000122070312,1020.4000244140625,1021.5,82449
2026-07-24 12:15:00+05:30,1023.2000122070312,1023.2000122070312,1021.0,1021.2999877929688,101090
2026-07-24 12:20:00+05:30,1025.5,1025.9000244140625,1022.2999877929688,1023.2000122070312,302650
2026-07-24 12:25:00+05:30,1026.4000244140625,1026.699951171875,1024.4000244140625,1025.5,181168
2026-07-24 12:30:00+05:30,1028.0,1029.9000244140625,1026.4000244140625,1026.4000244140625,373254
2026-07-24 12:35:00+05:30,1028.5,1029.0,1027.0,1027.800048828125,251890
2026-07-24 12:40:00+05:30,1029.800048828125,1030.0999755859375,1028.199951171875,1028.5999755859375,285871
2026-07-24 12:45:00+05:30,1028.9000244140625,1030.5999755859375,1028.699951171875,1030.199951171875,327748
2026-07-24 12:50:00+05:30,1027.800048828125,1029.0,1026.9000244140625,1028.9000244140625,290948
2026-07-24 12:55:00+05:30,1029.4000244140625,1030.0,1027.9000244140625,1027.9000244140625,139115
2026-07-24 13:00:00+05:30,1027.5999755859375,1029.699951171875,1027.4000244140625,1029.5,189386
2026-07-24 13:05:00+05:30,1027.199951171875,1028.699951171875,1026.800048828125,1027.699951171875,209136
2026-07-24 13:10:00+05:30,1028.0,1028.0,1026.5999755859375,1027.199951171875,126788
2026-07-24 13:15:00+05:30,1029.5999755859375,1029.9000244140625,1027.9000244140625,1028.0,138024
2026-07-24 13:20:00+05:30,1029.9000244140625,1029.9000244140625,1028.4000244140625,1029.9000244140625,168592
2026-07-24 13:25:00+05:30,1030.0999755859375,1031.5,1029.5,1029.699951171875,230035
2026-07-24 13:30:00+05:30,1028.0,1030.0999755859375,1027.4000244140625,1030.0999755859375,212817
2026-07-24 13:35:00+05:30,1027.199951171875,1028.0999755859375,1026.300048828125,1028.0999755859375,223929
2026-07-24 13:40:00+05:30,1026.800048828125,1027.9000244140625,1026.199951171875,1027.5999755859375,282095
2026-07-24 13:45:00+05:30,1026.5999755859375,1027.199951171875,1026.199951171875,1026.800048828125,183299
2026-07-24 13:50:00+05:30,1026.0,1027.0,1025.5999755859375,1026.5,250983
2026-07-24 13:55:00+05:30,1026.699951171875,1028.699951171875,1025.5999755859375,1026.0,450738
2026-07-24 14:00:00+05:30,1030.199951171875,1030.699951171875,1026.300048828125,1026.5,245316
2026-07-24 14:05:00+05:30,1028.800048828125,1030.9000244140625,1028.5999755859375,1030.199951171875,285807
2026-07-24 14:10:00+05:30,1030.5999755859375,1030.9000244140625,1028.699951171875,1028.800048828125,208220
2026-07-24 14:15:00+05:30,1030.9000244140625,1031.4000244140625,1029.5999755859375,1030.800048828125,155202
2026-07-24 14:20:00+05:30,1031.5,1031.5,1029.5,1031.0,219090
2026-07-24 14:25:00+05:30,1030.300048828125,1032.0,1029.4000244140625,1031.5,248434
2026-07-24 14:30:00+05:30,1030.699951171875,1031.9000244140625,1029.5,1030.0999755859375,223189
2026-07-24 14:35:00+05:30,1034.300048828125,1034.800048828125,1030.5999755859375,1030.800048828125,428594
2026-07-24 14:40:00+05:30,1034.0,1034.699951171875,1033.0999755859375,1033.9000244140625,259553
2026-07-24 14:45:00+05:30,1039.5999755859375,1040.0,1033.4000244140625,1033.5999755859375,571736
2026-07-24 14:50:00+05:30,1037.199951171875,1040.0,1036.800048828125,1039.5999755859375,323375
2026-07-24 14:55:00+05:30,1038.5999755859375,1040.0,1036.4000244140625,1037.199951171875,325130
2026-07-24 15:00:00+05:30,1041.9000244140625,1041.9000244140625,1036.4000244140625,1038.699951171875,431386
2026-07-24 15:05:00+05:30,1041.199951171875,1042.199951171875,1041.0,1041.9000244140625,327694
2026-07-24 15:10:00+05:30,1042.300048828125,1042.699951171875,1040.0999755859375,1041.300048828125,584327
2026-07-24 15:15:00+05:30,1042.5999755859375,1043.0,1041.300048828125,1042.4000244140625,654725
2026-07-24 15:20:00+05:30,1041.0999755859375,1042.9000244140625,1039.0,1042.9000244140625,578472
2026-07-24 15:25:00+05:30,1039.800048828125,1041.0999755859375,1039.0,1041.0999755859375,356937
2026-07-27 09:15:00+05:30,1060.800048828125,1065.199951171875,1058.0,1059.0,0
2026-07-27 09:20:00+05:30,1066.199951171875,1066.4000244140625,1060.800048828125,1061.199951171875,424148
2026-07-27 09:25:00+05:30,1070.0999755859375,1071.5,1066.0,1066.0,342883
2026-07-27 09:30:00+05:30,1074.800048828125,1076.5,1069.0999755859375,1070.300048828125,641356
2026-07-27 09:35:00+05:30,1073.5999755859375,1077.5,1073.199951171875,1074.5,263023
2026-07-27 09:40:00+05:30,1075.0999755859375,1076.0,1072.699951171875,1073.5,226528
2026-07-27 09:45:00+05:30,1073.0999755859375,1075.5,1070.5999755859375,1075.5,289896
2026-07-27 09:50:00+05:30,1072.699951171875,1074.0,1072.0,1073.0,122787
2026-07-27 09:55:00+05:30,1073.4000244140625,1075.300048828125,1070.300048828125,1072.800048828125,319383
2026-07-27 10:00:00+05:30,1071.9000244140625,1073.699951171875,1071.5999755859375,1073.0999755859375,86083
2026-07-27 10:05:00+05:30,1071.0999755859375,1072.800048828125,1070.5,1071.9000244140625,172292
2026-07-27 10:10:00+05:30,1071.5,1072.0,1069.5999755859375,1071.199951171875,296460
2026-07-27 10:15:00+05:30,1074.199951171875,1074.9000244140625,1072.300048828125,1072.300048828125,273981
2026-07-27 10:20:00+05:30,1074.800048828125,1074.9000244140625,1074.0,1074.199951171875,124761
2026-07-27 10:25:00+05:30,1074.0,1074.5999755859375,1074.0,1074.5,334736
2026-07-27 10:30:00+05:30,1074.800048828125,1076.0999755859375,1074.0,1074.0999755859375,274235
2026-07-27 10:35:00+05:30,1074.0999755859375,1074.699951171875,1073.9000244140625,1074.5,363429
2026-07-27 10:40:00+05:30,1075.5,1075.9000244140625,1074.0,1074.300048828125,100592
2026-07-27 10:45:00+05:30,1070.5,1075.699951171875,1069.199951171875,1075.4000244140625,262417
2026-07-27 10:50:00+05:30,1073.0,1073.5999755859375,1069.9000244140625,1070.5,130369
2026-07-27 10:55:00+05:30,1076.800048828125,1076.800048828125,1071.0,1072.9000244140625,172205
2026-07-27 11:00:00+05:30,1079.300048828125,1080.0,1076.800048828125,1077.0,276266
2026-07-27 11:05:00+05:30,1078.199951171875,1079.4000244140625,1075.699951171875,1079.4000244140625,174997
2026-07-27 11:10:00+05:30,1075.800048828125,1079.0999755859375,1075.800048828125,1078.0999755859375,117593
2026-07-27 11:15:00+05:30,1076.5,1077.300048828125,1075.5,1076.0999755859375,159089
2026-07-27 11:20:00+05:30,1075.800048828125,1076.4000244140625,1074.0,1076.4000244140625,205012
2026-07-27 11:25:00+05:30,1079.300048828125,1079.5,1075.5,1075.699951171875,391985
2026-07-27 11:30:00+05:30,1078.5999755859375,1079.9000244140625,1078.5,1079.199951171875,102495
2026-07-27 11:35:00+05:30,1079.4000244140625,1079.800048828125,1078.300048828125,1078.5999755859375,153911
2026-07-27 11:40:00+05:30,1079.0,1079.9000244140625,1078.4000244140625,1079.800048828125,346170
2026-07-27 11:45:00+05:30,1077.199951171875,1078.699951171875,1076.9000244140625,1078.5,127322
2026-07-27 11:50:00+05:30,1079.9000244140625,1080.199951171875,1077.199951171875,1077.199951171875,274102
2026-07-27 11:55:00+05:30,1080.0,1080.199951171875,1079.699951171875,1079.9000244140625,137211
2026-07-27 12:00:00+05:30,1080.0,1080.199951171875,1079.300048828125,1080.0,452925
2026-07-27 12:05:00+05:30,1080.300048828125,1080.699951171875,1079.5999755859375,1080.0,186691
2026-07-27 12:10:00+05:30,1078.800048828125,1080.5,1078.4000244140625,1080.300048828125,283787
2026-07-27 12:15:00+05:30,1078.0,1079.5,1077.699951171875,1079.0,175820
2026-07-27 12:20:00+05:30,1078.0,1078.5,1077.800048828125,1078.0,91659
2026-07-27 12:25:00+05:30,1078.0,1078.5,1077.800048828125,1078.0,146229
2026-07-27 12:30:00+05:30,1078.9000244140625,1080.0,1077.5999755859375,1077.699951171875,104108
2026-07-27 12:35:00+05:30,1078.9000244140625,1079.0,1077.800048828125,1078.9000244140625,102390
2026-07-27 12:40:00+05:30,1078.9000244140625,1079.4000244140625,1078.0999755859375,1079.0,99759
2026-07-27 12:45:00+05:30,1078.9000244140625,1079.5,1078.300048828125,1078.800048828125,87975
2026-07-27 12:50:00+05:30,1078.4000244140625,1079.300048828125,1078.0,1078.9000244140625,111661
2026-07-27 12:55:00+05:30,1078.800048828125,1079.0,1077.5999755859375,1078.4000244140625,151531
2026-07-27 13:00:00+05:30,1080.300048828125,1081.0,1077.9000244140625,1078.800048828125,416654
2026-07-27 13:05:00+05:30,1080.5,1081.0999755859375,1079.5,1080.199951171875,345776
2026-07-27 13:10:00+05:30,1080.5,1080.800048828125,1080.0,1080.5,97362
2026-07-27 13:15:00+05:30,1080.0,1081.199951171875,1080.0,1080.5,98169
2026-07-27 13:20:00+05:30,1080.0,1080.5,1079.5,1080.0999755859375,186303
2026-07-27 13:25:00+05:30,1078.800048828125,1080.0999755859375,1078.300048828125,1080.0,138779
2026-07-27 13:30:00+05:30,1077.199951171875,1079.0,1076.9000244140625,1078.9000244140625,131750
2026-07-27 13:35:00+05:30,1079.5,1080.0,1077.0,1077.0999755859375,100141
2026-07-27 13:40:00+05:30,1079.5,1080.0,1079.0,1079.5,87066
2026-07-27 13:45:00+05:30,1078.5,1079.699951171875,1078.300048828125,1079.5,143866
2026-07-27 13:50:00+05:30,1078.9000244140625,1079.199951171875,1077.800048828125,1078.4000244140625,94284
2026-07-27 13:55:00+05:30,1078.300048828125,1079.199951171875,1077.699951171875,1078.9000244140625,103162
2026-07-27 14:00:00+05:30,1079.0,1079.4000244140625,1077.699951171875,1078.300048828125,118904
2026-07-27 14:05:00+05:30,1078.0999755859375,1079.300048828125,1077.699951171875,1079.300048828125,96103
2026-07-27 14:10:00+05:30,1079.5,1079.5,1077.9000244140625,1078.5,87270
2026-07-27 14:15:00+05:30,1079.9000244140625,1080.0999755859375,1079.0,1079.0,110661
2026-07-27 14:20:00+05:30,1080.4000244140625,1080.9000244140625,1079.5,1080.0,104449
2026-07-27 14:25:00+05:30,1080.199951171875,1081.0,1079.699951171875,1080.5,178227
2026-07-27 14:30:00+05:30,1079.199951171875,1080.9000244140625,1079.0,1080.0999755859375,144621
2026-07-27 14:35:00+05:30,1080.0,1080.699951171875,1079.0,1079.199951171875,151021
2026-07-27 14:40:00+05:30,1079.699951171875,1080.5,1079.0,1080.0,121380
2026-07-27 14:45:00+05:30,1078.0999755859375,1079.800048828125,1077.199951171875,1079.199951171875,165638
2026-07-27 14:50:00+05:30,1077.800048828125,1078.9000244140625,1077.699951171875,1078.0999755859375,86358
2026-07-27 14:55:00+05:30,1078.9000244140625,1079.4000244140625,1077.699951171875,1078.0,87876
2026-07-27 15:00:00+05:30,1077.699951171875,1079.0,1077.300048828125,1078.9000244140625,217145
2026-07-27 15:05:00+05:30,1078.199951171875,1079.0999755859375,1077.5999755859375,1077.699951171875,326158
2026-07-27 15:10:00+05:30,1080.0999755859375,1080.699951171875,1078.199951171875,1078.199951171875,394069
2026-07-27 15:15:00+05:30,1080.0,1080.5999755859375,1079.699951171875,1080.0999755859375,235108
2026-07-27 15:20:00+05:30,1079.9000244140625,1080.0,1079.300048828125,1080.0,277392
2026-07-27 15:25:00+05:30,1079.199951171875,1080.0,1078.0,1079.9000244140625,244275
2026-07-28 09:15:00+05:30,1107.4000244140625,1110.0,1099.0,1099.0,0
2026-07-28 09:20:00+05:30,1107.5999755859375,1108.300048828125,1104.4000244140625,1107.5,1000671
2026-07-28 09:25:00+05:30,1106.5,1108.300048828125,1105.699951171875,1107.199951171875,405961
2026-07-28 09:30:00+05:30,1110.4000244140625,1110.5999755859375,1106.0,1106.9000244140625,978286
2026-07-28 09:35:00+05:30,1110.699951171875,1111.5999755859375,1108.0999755859375,1110.199951171875,993006
2026-07-28 09:40:00+05:30,1115.0,1115.300048828125,1110.0999755859375,1110.699951171875,773911
2026-07-28 09:45:00+05:30,1112.699951171875,1115.0,1107.0999755859375,1115.0,461522
2026-07-28 09:50:00+05:30,1114.4000244140625,1114.800048828125,1110.800048828125,1112.5,366320
2026-07-28 09:55:00+05:30,1112.4000244140625,1114.699951171875,1111.699951171875,1114.699951171875,303998
2026-07-28 10:00:00+05:30,1112.699951171875,1114.5,1111.5,1112.300048828125,311050
2026-07-28 10:05:00+05:30,1111.0999755859375,1113.0,1110.5999755859375,1112.9000244140625,208825
2026-07-28 10:10:00+05:30,1110.4000244140625,1111.5999755859375,1109.0,1111.0999755859375,325336
2026-07-28 10:15:00+05:30,1111.5,1113.800048828125,1110.0,1110.199951171875,314788
2026-07-28 10:20:00+05:30,1111.800048828125,1113.0999755859375,1111.0999755859375,1111.4000244140625,225187
2026-07-28 10:25:00+05:30,1111.5,1111.9000244140625,1110.0,1111.5999755859375,105623
2026-07-28 10:30:00+05:30,1107.699951171875,1112.4000244140625,1107.4000244140625,1111.300048828125,274800
2026-07-28 10:35:00+05:30,1108.0,1108.5,1106.0999755859375,1108.5,212661
2026-07-28 10:40:00+05:30,1106.800048828125,1108.5999755859375,1106.4000244140625,1107.9000244140625,131656
2026-07-28 10:45:00+05:30,1109.5,1109.5,1106.800048828125,1107.0,165302
2026-07-28 10:50:00+05:30,1107.9000244140625,1109.9000244140625,1107.5999755859375,1109.300048828125,164754
2026-07-28 10:55:00+05:30,1107.0,1108.0,1106.5999755859375,1107.9000244140625,122849
2026-07-28 11:00:00+05:30,1107.4000244140625,1107.5999755859375,1106.800048828125,1107.0,129704
2026-07-28 11:05:00+05:30,1107.699951171875,1108.0999755859375,1107.0,1107.5999755859375,154948
2026-07-28 11:10:00+05:30,1106.699951171875,1108.0,1106.300048828125,1107.699951171875,167496
2026-07-28 11:15:00+05:30,1107.5,1107.800048828125,1105.800048828125,1106.800048828125,202509
2026-07-28 11:20:00+05:30,1107.5999755859375,1108.0,1106.5999755859375,1107.300048828125,176689
2026-07-28 11:25:00+05:30,1106.5,1107.699951171875,1105.4000244140625,1107.699951171875,273398
2026-07-28 11:30:00+05:30,1106.0,1106.699951171875,1104.699951171875,1106.4000244140625,420156
2026-07-28 11:35:00+05:30,1107.4000244140625,1107.699951171875,1104.4000244140625,1106.0,207082
2026-07-28 11:40:00+05:30,1108.0,1108.0999755859375,1106.5999755859375,1107.5,223149
2026-07-28 11:45:00+05:30,1111.300048828125,1111.300048828125,1107.0,1107.9000244140625,558539
2026-07-28 11:50:00+05:30,1113.5,1113.5999755859375,1110.800048828125,1111.300048828125,452217
2026-07-28 11:55:00+05:30,1112.0,1113.9000244140625,1111.0999755859375,1113.4000244140625,359507
2026-07-28 12:00:00+05:30,1112.5,1114.4000244140625,1112.0999755859375,1112.300048828125,426224
2026-07-28 12:05:00+05:30,1114.5999755859375,1114.5999755859375,1112.300048828125,1112.4000244140625,282765
2026-07-28 12:10:00+05:30,1117.0,1118.199951171875,1114.4000244140625,1114.5999755859375,646152
2026-07-28 12:15:00+05:30,1115.0999755859375,1116.9000244140625,1114.0,1116.5,261608
2026-07-28 12:20:00+05:30,1113.0999755859375,1115.4000244140625,1112.5999755859375,1115.0999755859375,239504
2026-07-28 12:25:00+05:30,1113.5,1114.300048828125,1112.5,1113.0999755859375,153978
2026-07-28 12:30:00+05:30,1110.5999755859375,1113.800048828125,1110.199951171875,1113.5,196890
2026-07-28 12:35:00+05:30,1112.0,1112.0999755859375,1110.0,1110.699951171875,165367
2026-07-28 12:40:00+05:30,1112.0,1112.800048828125,1111.5,1112.0999755859375,121558
2026-07-28 12:45:00+05:30,1111.0,1112.5999755859375,1110.699951171875,1112.0,125541
2026-07-28 12:50:00+05:30,1112.0,1112.5,1110.9000244140625,1111.0,127505
2026-07-28 12:55:00+05:30,1110.699951171875,1112.0999755859375,1110.0999755859375,1112.0,157911
2026-07-28 13:00:00+05:30,1110.0,1110.9000244140625,1109.0,1110.699951171875,361106
2026-07-28 13:05:00+05:30,1110.0,1110.5999755859375,1109.300048828125,1110.0,130353
2026-07-28 13:10:00+05:30,1107.199951171875,1110.4000244140625,1107.199951171875,1110.300048828125,204793
2026-07-28 13:15:00+05:30,1108.699951171875,1109.5,1106.800048828125,1107.199951171875,273424
2026-07-28 13:20:00+05:30,1109.199951171875,1109.800048828125,1108.4000244140625,1108.699951171875,278368
2026-07-28 13:25:00+05:30,1108.800048828125,1109.5999755859375,1107.9000244140625,1109.199951171875,246370
2026-07-28 13:30:00+05:30,1108.0999755859375,1109.0,1107.699951171875,1108.800048828125,291538
2026-07-28 13:35:00+05:30,1107.699951171875,1108.5,1107.199951171875,1108.199951171875,265202
2026-07-28 13:40:00+05:30,1107.5,1108.800048828125,1107.0999755859375,1107.699951171875,241856
2026-07-28 13:45:00+05:30,1107.800048828125,1108.5,1107.300048828125,1107.800048828125,209017
2026-07-28 13:50:00+05:30,1108.5999755859375,1109.0,1107.4000244140625,1107.699951171875,290706
2026-07-28 13:55:00+05:30,1108.199951171875,1109.0,1107.9000244140625,1109.0,238627
2026-07-28 14:00:00+05:30,1107.800048828125,1108.5,1107.0999755859375,1108.0999755859375,220612
2026-07-28 14:05:00+05:30,1108.0,1108.800048828125,1107.0,1108.0999755859375,255991
2026-07-28 14:10:00+05:30,1109.199951171875,1109.300048828125,1107.9000244140625,1108.0,227825
2026-07-28 14:15:00+05:30,1108.4000244140625,1110.0,1107.5,1109.300048828125,275511
2026-07-28 14:20:00+05:30,1107.9000244140625,1108.4000244140625,1107.4000244140625,1108.300048828125,207132
2026-07-28 14:25:00+05:30,1107.4000244140625,1108.300048828125,1107.0,1107.9000244140625,227279
2026-07-28 14:30:00+05:30,1107.5,1107.800048828125,1106.699951171875,1107.199951171875,263756
2026-07-28 14:35:00+05:30,1106.5,1107.5999755859375,1106.199951171875,1107.199951171875,289812
2026-07-28 14:40:00+05:30,1107.0999755859375,1107.699951171875,1106.4000244140625,1106.5,312265
2026-07-28 14:45:00+05:30,1106.9000244140625,1107.5,1104.0999755859375,1107.5,414853
2026-07-28 14:50:00+05:30,1106.0999755859375,1107.0,1105.5,1106.699951171875,369783
2026-07-28 14:55:00+05:30,1105.9000244140625,1107.0,1105.5,1106.5,259963
2026-07-28 15:00:00+05:30,1104.699951171875,1105.800048828125,1104.0,1105.699951171875,769727
2026-07-28 15:05:00+05:30,1104.5,1105.4000244140625,1104.0,1104.800048828125,782330
2026-07-28 15:10:00+05:30,1108.0999755859375,1108.0999755859375,1104.5,1104.5,807982
2026-07-28 15:15:00+05:30,1105.9000244140625,1108.0999755859375,1105.5999755859375,1108.0,771915
2026-07-28 15:20:00+05:30,1105.300048828125,1107.0,1104.9000244140625,1106.0,899946
2026-07-28 15:25:00+05:30,1105.0,1105.9000244140625,1104.5,1105.199951171875,486759
2026-07-29 09:15:00+05:30,1141.4000244140625,1151.800048828125,1141.4000244140625,1148.4000244140625,0
2026-07-29 09:20:00+05:30,1133.4000244140625,1142.0999755859375,1128.5,1142.0,1110067
2026-07-29 09:25:00+05:30,1138.4000244140625,1141.9000244140625,1133.300048828125,1134.4000244140625,664999
2026-07-29 09:30:00+05:30,1142.0,1144.5999755859375,1138.0999755859375,1138.0999755859375,497275
2026-07-29 09:35:00+05:30,1147.4000244140625,1147.800048828125,1140.800048828125,1142.0,528177
2026-07-29 09:40:00+05:30,1148.800048828125,1149.9000244140625,1146.0,1147.199951171875,723181
2026-07-29 09:45:00+05:30,1144.800048828125,1148.5999755859375,1144.199951171875,1148.5999755859375,343262
2026-07-29 09:50:00+05:30,1140.199951171875,1145.300048828125,1139.0,1144.800048828125,417872
2026-07-29 09:55:00+05:30,1143.199951171875,1144.0,1138.0,1140.4000244140625,385517
2026-07-29 10:00:00+05:30,1148.4000244140625,1149.5,1143.0999755859375,1143.199951171875,947700
2026-07-29 10:05:00+05:30,1147.9000244140625,1148.9000244140625,1145.199951171875,1148.5,330063
2026-07-29 10:10:00+05:30,1148.199951171875,1149.0,1146.9000244140625,1147.800048828125,568997
2026-07-29 10:15:00+05:30,1148.5999755859375,1149.5,1147.9000244140625,1148.199951171875,369050
2026-07-29 10:20:00+05:30,1154.4000244140625,1154.9000244140625,1148.0,1148.5999755859375,979898
2026-07-29 10:25:00+05:30,1151.0,1155.5,1151.0,1154.4000244140625,875728
2026-07-29 10:30:00+05:30,1152.300048828125,1153.9000244140625,1150.0,1151.0999755859375,324579
2026-07-29 10:35:00+05:30,1152.5999755859375,1153.699951171875,1151.5999755859375,1152.300048828125,228691
2026-07-29 10:40:00+05:30,1150.300048828125,1153.0,1150.0999755859375,1152.699951171875,409253
2026-07-29 10:45:00+05:30,1152.199951171875,1153.0,1150.0999755859375,1150.199951171875,200221
2026-07-29 10:50:00+05:30,1152.9000244140625,1153.4000244140625,1151.0999755859375,1152.199951171875,236422
2026-07-29 10:55:00+05:30,1158.800048828125,1159.0,1152.800048828125,1152.9000244140625,728409
2026-07-29 11:00:00+05:30,1159.199951171875,1161.0999755859375,1156.199951171875,1158.800048828125,521603
2026-07-29 11:05:00+05:30,1158.0,1159.5,1157.699951171875,1159.4000244140625,328645
2026-07-29 11:10:00+05:30,1158.5,1159.4000244140625,1157.300048828125,1158.300048828125,326103
2026-07-29 11:15:00+05:30,1161.5,1161.800048828125,1158.4000244140625,1158.4000244140625,514917
2026-07-29 11:20:00+05:30,1164.0,1164.199951171875,1161.199951171875,1161.5,585199
2026-07-29 11:25:00+05:30,1162.699951171875,1164.4000244140625,1161.5,1164.0,376698
2026-07-29 11:30:00+05:30,1159.0999755859375,1163.0,1158.0999755859375,1162.699951171875,438370
2026-07-29 11:35:00+05:30,1157.699951171875,1159.4000244140625,1157.0,1158.9000244140625,365692
2026-07-29 11:40:00+05:30,1159.4000244140625,1160.0,1157.5999755859375,1157.800048828125,318674
2026-07-29 11:45:00+05:30,1157.5999755859375,1159.5999755859375,1155.199951171875,1159.4000244140625,866045
2026-07-29 11:50:00+05:30,1153.300048828125,1158.4000244140625,1152.5999755859375,1157.5,1169648
2026-07-29 11:55:00+05:30,1154.4000244140625,1154.699951171875,1151.0999755859375,1153.300048828125,431932
2026-07-29 12:00:00+05:30,1155.300048828125,1155.800048828125,1153.800048828125,1154.699951171875,218313
2026-07-29 12:05:00+05:30,1155.9000244140625,1155.9000244140625,1154.199951171875,1155.300048828125,178433
2026-07-29 12:10:00+05:30,1154.800048828125,1156.300048828125,1154.0,1155.5,360242
2026-07-29 12:15:00+05:30,1154.300048828125,1155.0999755859375,1154.0,1154.9000244140625,200447
2026-07-29 12:20:00+05:30,1154.0999755859375,1155.0,1153.5,1154.300048828125,452326
2026-07-29 12:25:00+05:30,1153.5,1154.5,1153.0,1154.4000244140625,423041
2026-07-29 12:30:00+05:30,1152.9000244140625,1154.5,1151.5,1153.4000244140625,424968
2026-07-29 12:35:00+05:30,1153.699951171875,1153.800048828125,1152.0,1152.699951171875,267790
2026-07-29 12:40:00+05:30,1152.5,1153.800048828125,1152.199951171875,1153.800048828125,207943
2026-07-29 12:45:00+05:30,1150.199951171875,1153.0,1150.0999755859375,1152.5999755859375,317972
2026-07-29 12:50:00+05:30,1150.199951171875,1151.4000244140625,1149.0,1150.4000244140625,305078
2026-07-29 12:55:00+05:30,1150.300048828125,1150.9000244140625,1149.5999755859375,1150.199951171875,281653
2026-07-29 13:00:00+05:30,1151.0,1151.199951171875,1149.9000244140625,1150.4000244140625,252774
2026-07-29 13:05:00+05:30,1150.9000244140625,1151.9000244140625,1150.4000244140625,1151.0,275050
2026-07-29 13:10:00+05:30,1150.9000244140625,1152.199951171875,1150.199951171875,1151.0,269896
2026-07-29 13:15:00+05:30,1153.199951171875,1153.5999755859375,1150.9000244140625,1150.9000244140625,257196
2026-07-29 13:20:00+05:30,1154.5,1155.0,1152.0999755859375,1153.199951171875,249355
2026-07-29 13:25:00+05:30,1155.0999755859375,1155.800048828125,1154.199951171875,1154.5,263072
2026-07-29 13:30:00+05:30,1155.0,1156.5999755859375,1153.800048828125,1155.0999755859375,216870
2026-07-29 13:35:00+05:30,1155.0999755859375,1156.5,1155.0,1155.0999755859375,210693
2026-07-29 13:40:00+05:30,1157.0,1157.5,1153.199951171875,1155.0999755859375,242626
2026-07-29 13:45:00+05:30,1155.4000244140625,1157.5,1155.199951171875,1157.0,240718
2026-07-29 13:50:00+05:30,1157.5999755859375,1157.5999755859375,1153.800048828125,1155.4000244140625,272271
2026-07-29 13:55:00+05:30,1157.800048828125,1158.4000244140625,1156.699951171875,1156.800048828125,213494
2026-07-29 14:00:00+05:30,1156.9000244140625,1158.0,1155.9000244140625,1158.0,262784
2026-07-29 14:05:00+05:30,1157.0999755859375,1157.9000244140625,1156.199951171875,1157.0,228632
2026-07-29 14:10:00+05:30,1157.699951171875,1158.300048828125,1156.300048828125,1157.300048828125,228986
2026-07-29 14:15:00+05:30,1158.0999755859375,1158.5999755859375,1157.0999755859375,1157.699951171875,274838
2026-07-29 14:20:00+05:30,1158.0,1158.5999755859375,1157.300048828125,1157.699951171875,213768
2026-07-29 14:25:00+05:30,1157.699951171875,1158.5,1156.5999755859375,1158.0999755859375,286037
2026-07-29 14:30:00+05:30,1156.5,1157.9000244140625,1156.4000244140625,1157.5,245775
2026-07-29 14:35:00+05:30,1154.4000244140625,1156.5,1154.0,1156.5,275669
2026-07-29 14:40:00+05:30,1152.199951171875,1154.5,1151.9000244140625,1154.5,244168
2026-07-29 14:45:00+05:30,1153.0,1153.800048828125,1151.800048828125,1152.0,190932
2026-07-29 14:50:00+05:30,1154.300048828125,1154.5,1152.5,1152.5,121887
2026-07-29 14:55:00+05:30,1154.9000244140625,1155.800048828125,1154.300048828125,1154.4000244140625,230235
2026-07-29 15:00:00+05:30,1154.5999755859375,1155.199951171875,1153.800048828125,1154.800048828125,420247
2026-07-29 15:05:00+05:30,1155.0,1155.4000244140625,1154.0,1155.0999755859375,513113
2026-07-29 15:10:00+05:30,1155.9000244140625,1156.800048828125,1154.0,1155.0999755859375,638871
2026-07-29 15:15:00+05:30,1155.699951171875,1157.199951171875,1155.5,1155.800048828125,719714
2026-07-29 15:20:00+05:30,1155.699951171875,1157.0,1155.0999755859375,1155.5999755859375,1467457
2026-07-29 15:25:00+05:30,1154.0,1156.5,1153.0,1156.199951171875,1517916
2026-07-30 09:15:00+05:30,1183.699951171875,1185.0,1168.0,1168.0,0
2026-07-30 09:20:00+05:30,1181.300048828125,1186.0,1181.0,1183.9000244140625,1107467
2026-07-30 09:25:00+05:30,1182.199951171875,1184.5,1180.0,1181.4000244140625,635122
2026-07-30 09:30:00+05:30,1179.0,1185.699951171875,1178.5999755859375,1182.300048828125,639554
2026-07-30 09:35:00+05:30,1175.4000244140625,1180.0999755859375,1173.5,1178.5999755859375,628038
2026-07-30 09:40:00+05:30,1177.0,1179.0,1175.0,1175.4000244140625,414527
2026-07-30 09:45:00+05:30,1178.199951171875,1179.0,1177.0,1177.0999755859375,214369
2026-07-30 09:50:00+05:30,1179.5999755859375,1179.9000244140625,1178.0999755859375,1178.199951171875,213858
2026-07-30 09:55:00+05:30,1180.199951171875,1182.0,1179.4000244140625,1179.5999755859375,271404
2026-07-30 10:00:00+05:30,1185.0999755859375,1185.5999755859375,1178.699951171875,1180.0999755859375,382585
2026-07-30 10:05:00+05:30,1185.0,1187.300048828125,1184.300048828125,1185.199951171875,445435
2026-07-30 10:10:00+05:30,1183.5,1185.0,1183.300048828125,1184.800048828125,184197
2026-07-30 10:15:00+05:30,1180.5999755859375,1185.0,1178.199951171875,1183.5,625559
2026-07-30 10:20:00+05:30,1181.5,1182.5,1179.699951171875,1180.699951171875,316675
2026-07-30 10:25:00+05:30,1181.5,1182.5,1180.4000244140625,1181.0999755859375,419083
2026-07-30 10:30:00+05:30,1181.9000244140625,1182.0,1180.5999755859375,1181.9000244140625,180736
2026-07-30 10:35:00+05:30,1181.4000244140625,1182.5,1181.0,1181.699951171875,191379
2026-07-30 10:40:00+05:30,1181.699951171875,1181.699951171875,1181.0,1181.199951171875,147046
2026-07-30 10:45:00+05:30,1179.5999755859375,1182.0,1179.0999755859375,1181.5999755859375,570296
2026-07-30 10:50:00+05:30,1179.699951171875,1180.800048828125,1179.0999755859375,1179.4000244140625,123115
2026-07-30 10:55:00+05:30,1173.199951171875,1179.9000244140625,1173.199951171875,1179.9000244140625,346106
2026-07-30 11:00:00+05:30,1172.699951171875,1174.4000244140625,1172.5,1173.199951171875,294629
2026-07-30 11:05:00+05:30,1173.9000244140625,1174.0,1172.0999755859375,1172.5,173327
2026-07-30 11:10:00+05:30,1174.4000244140625,1175.5999755859375,1173.5,1173.800048828125,180913
2026-07-30 11:15:00+05:30,1173.5,1174.5,1173.0999755859375,1174.300048828125,194540
2026-07-30 11:20:00+05:30,1172.699951171875,1173.9000244140625,1170.5999755859375,1173.5,212249
2026-07-30 11:25:00+05:30,1174.300048828125,1174.5999755859375,1172.199951171875,1172.5,152872
2026-07-30 11:30:00+05:30,1173.5999755859375,1174.4000244140625,1172.9000244140625,1174.300048828125,174070
2026-07-30 11:35:00+05:30,1173.5,1174.0,1173.300048828125,1173.800048828125,97190
2026-07-30 11:40:00+05:30,1172.5,1173.699951171875,1172.0999755859375,1173.5999755859375,129478
2026-07-30 11:45:00+05:30,1171.699951171875,1172.699951171875,1171.0999755859375,1172.5,325214
2026-07-30 11:50:00+05:30,1171.199951171875,1173.5,1171.0999755859375,1171.699951171875,181575
2026-07-30 11:55:00+05:30,1172.800048828125,1173.199951171875,1171.0999755859375,1171.0999755859375,93723
2026-07-30 12:00:00+05:30,1173.699951171875,1173.699951171875,1172.0,1173.0999755859375,112874
2026-07-30 12:05:00+05:30,1173.0999755859375,1174.4000244140625,1173.0,1173.4000244140625,111997
2026-07-30 12:10:00+05:30,1173.9000244140625,1174.300048828125,1172.9000244140625,1173.0999755859375,138809
2026-07-30 12:15:00+05:30,1174.199951171875,1175.300048828125,1173.5,1174.199951171875,154979
2026-07-30 12:20:00+05:30,1174.5,1175.699951171875,1174.199951171875,1174.199951171875,111014
2026-07-30 12:25:00+05:30,1173.800048828125,1174.5999755859375,1173.0,1174.5,172052
2026-07-30 12:30:00+05:30,1175.699951171875,1176.699951171875,1173.0,1173.800048828125,216127
2026-07-30 12:35:00+05:30,1176.5999755859375,1177.5,1175.699951171875,1175.800048828125,173781
2026-07-30 12:40:00+05:30,1176.4000244140625,1177.300048828125,1175.5999755859375,1176.9000244140625,152710
2026-07-30 12:45:00+05:30,1175.9000244140625,1176.5,1175.0,1176.5,110115
2026-07-30 12:50:00+05:30,1176.9000244140625,1176.9000244140625,1175.5999755859375,1176.0,111376
2026-07-30 12:55:00+05:30,1176.9000244140625,1178.0,1176.9000244140625,1177.0,119682
2026-07-30 13:00:00+05:30,1176.0999755859375,1177.0999755859375,1175.699951171875,1176.699951171875,109414
2026-07-30 13:05:00+05:30,1176.0,1176.9000244140625,1175.300048828125,1176.199951171875,126183
2026-07-30 13:10:00+05:30,1176.199951171875,1176.5,1175.0,1175.9000244140625,111406
2026-07-30 13:15:00+05:30,1175.699951171875,1176.5,1175.0999755859375,1176.0999755859375,111461
2026-07-30 13:20:00+05:30,1174.300048828125,1176.0,1174.0,1175.800048828125,134145
2026-07-30 13:25:00+05:30,1172.4000244140625,1174.300048828125,1172.4000244140625,1174.300048828125,142123
2026-07-30 13:30:00+05:30,1171.9000244140625,1172.4000244140625,1171.0,1172.4000244140625,216240
2026-07-30 13:35:00+05:30,1172.5,1172.5,1171.0,1172.0,174584
2026-07-30 13:40:00+05:30,1174.199951171875,1174.5999755859375,1172.4000244140625,1172.5,168882
2026-07-30 13:45:00+05:30,1171.9000244140625,1174.5,1171.800048828125,1174.0999755859375,155049
2026-07-30 13:50:00+05:30,1170.4000244140625,1171.9000244140625,1169.5,1171.9000244140625,239290
2026-07-30 13:55:00+05:30,1170.4000244140625,1171.9000244140625,1169.9000244140625,1170.4000244140625,1026281
2026-07-30 14:00:00+05:30,1168.5999755859375,1170.5,1168.300048828125,1170.5,141265
2026-07-30 14:05:00+05:30,1165.800048828125,1169.199951171875,1165.800048828125,1168.699951171875,226676
2026-07-30 14:10:00+05:30,1162.9000244140625,1165.9000244140625,1162.5,1165.9000244140625,306910
2026-07-30 14:15:00+05:30,1160.0,1163.0,1159.0999755859375,1163.0,265660
2026-07-30 14:20:00+05:30,1160.199951171875,1160.5999755859375,1159.0,1160.0999755859375,156278
2026-07-30 14:25:00+05:30,1160.300048828125,1160.4000244140625,1158.9000244140625,1160.0999755859375,132272
2026-07-30 14:30:00+05:30,1158.0,1160.5,1157.800048828125,1160.0,178910
2026-07-30 14:35:00+05:30,1157.9000244140625,1158.300048828125,1157.0999755859375,1158.0,136255
2026-07-30 14:40:00+05:30,1151.5999755859375,1158.0999755859375,1151.300048828125,1158.0,400216
2026-07-30 14:45:00+05:30,1153.0,1154.0,1151.5,1151.699951171875,194337
2026-07-30 14:50:00+05:30,1153.0999755859375,1153.699951171875,1152.800048828125,1153.0999755859375,153117
2026-07-30 14:55:00+05:30,1154.699951171875,1155.0,1152.5999755859375,1153.0999755859375,150056
2026-07-30 15:00:00+05:30,1154.5,1157.0,1153.4000244140625,1154.699951171875,350276
2026-07-30 15:05:00+05:30,1157.800048828125,1157.9000244140625,1154.5,1154.699951171875,339427
2026-07-30 15:10:00+05:30,1154.300048828125,1158.9000244140625,1153.699951171875,1157.800048828125,368214
2026-07-30 15:15:00+05:30,1155.0999755859375,1156.0,1152.800048828125,1154.0999755859375,476860
2026-07-30 15:20:00+05:30,1155.800048828125,1155.9000244140625,1152.0999755859375,1155.300048828125,549071
2026-07-30 15:25:00+05:30,1156.699951171875,1156.9000244140625,1153.5999755859375,1155.5999755859375,373139
2026-07-31 09:15:00+05:30,1113.300048828125,1118.9000244140625,1107.300048828125,1118.0,0
2026-07-31 09:20:00+05:30,1113.9000244140625,1116.9000244140625,1111.199951171875,1112.9000244140625,439072
2026-07-31 09:25:00+05:30,1114.5999755859375,1117.0,1113.0999755859375,1114.0,335891
2026-07-31 09:30:00+05:30,1115.4000244140625,1116.800048828125,1113.5,1114.800048828125,140965
2026-07-31 09:35:00+05:30,1116.9000244140625,1118.0,1114.0999755859375,1115.199951171875,172532
2026-07-31 09:40:00+05:30,1121.9000244140625,1122.699951171875,1116.0999755859375,1116.699951171875,283616
2026-07-31 09:45:00+05:30,1126.4000244140625,1126.5999755859375,1121.5,1121.800048828125,414553
2026-07-31 09:50:00+05:30,1125.5999755859375,1126.300048828125,1121.4000244140625,1126.300048828125,177397
2026-07-31 09:55:00+05:30,1122.4000244140625,1126.5,1121.800048828125,1125.199951171875,193729
2026-07-31 10:00:00+05:30,1125.199951171875,1126.4000244140625,1122.199951171875,1122.300048828125,95355
2026-07-31 10:05:00+05:30,1124.699951171875,1125.800048828125,1124.0,1125.199951171875,58625
2026-07-31 10:10:00+05:30,1122.9000244140625,1126.800048828125,1122.699951171875,1124.699951171875,137074
2026-07-31 10:15:00+05:30,1125.0,1125.5,1122.0999755859375,1122.5999755859375,126007
2026-07-31 10:20:00+05:30,1125.5999755859375,1125.9000244140625,1124.0,1124.699951171875,79104
2026-07-31 10:25:00+05:30,1125.5,1126.0999755859375,1123.0,1125.699951171875,98476
2026-07-31 10:30:00+05:30,1125.5,1126.5,1125.0999755859375,1125.5,84276
2026-07-31 10:35:00+05:30,1128.0,1128.0,1125.4000244140625,1125.699951171875,138826
2026-07-31 10:40:00+05:30,1128.5999755859375,1129.9000244140625,1127.5999755859375,1128.0,118486
2026-07-31 10:45:00+05:30,1129.300048828125,1130.5999755859375,1128.300048828125,1128.5999755859375,150361
2026-07-31 10:50:00+05:30,1130.5,1130.5,1128.800048828125,1129.0,97012
2026-07-31 10:55:00+05:30,1132.300048828125,1132.300048828125,1130.0999755859375,1130.5999755859375,89273
2026-07-31 11:00:00+05:30,1132.699951171875,1132.699951171875,1131.199951171875,1132.300048828125,87594
2026-07-31 11:05:00+05:30,1133.5,1134.5999755859375,1132.0999755859375,1132.699951171875,125471
2026-07-31 11:10:00+05:30,1134.0,1135.699951171875,1133.0999755859375,1133.5999755859375,140032
2026-07-31 11:15:00+05:30,1131.4000244140625,1134.5,1131.199951171875,1134.300048828125,130830
2026-07-31 11:20:00+05:30,1132.5,1133.0,1131.0,1131.5,93928
2026-07-31 11:25:00+05:30,1134.199951171875,1134.4000244140625,1132.0,1132.5,107868
2026-07-31 11:30:00+05:30,1134.300048828125,1135.300048828125,1134.199951171875,1134.300048828125,93093
2026-07-31 11:35:00+05:30,1134.0,1135.199951171875,1133.4000244140625,1134.5,78959
2026-07-31 11:40:00+05:30,1134.5,1134.9000244140625,1134.0,1134.0,52409
2026-07-31 11:45:00+05:30,1135.699951171875,1136.4000244140625,1134.5,1134.5999755859375,85007
2026-07-31 11:50:00+05:30,1136.699951171875,1137.5,1135.0,1135.699951171875,93259
2026-07-31 11:55:00+05:30,1135.4000244140625,1138.0,1135.4000244140625,1137.0999755859375,144559
2026-07-31 12:00:00+05:30,1136.199951171875,1137.5999755859375,1135.4000244140625,1135.4000244140625,113141
2026-07-31 12:05:00+05:30,1136.9000244140625,1139.300048828125,1135.4000244140625,1136.199951171875,142724
2026-07-31 12:10:00+05:30,1136.5,1137.0,1135.199951171875,1137.0,120543
2026-07-31 12:15:00+05:30,1135.300048828125,1137.5,1135.300048828125,1136.5999755859375,107174
2026-07-31 12:20:00+05:30,1135.699951171875,1137.5999755859375,1135.300048828125,1135.5,96304
2026-07-31 12:25:00+05:30,1136.699951171875,1138.0,1135.699951171875,1135.699951171875,84623
2026-07-31 12:30:00+05:30,1136.0,1137.199951171875,1135.5,1137.0,66745
2026-07-31 12:35:00+05:30,1136.300048828125,1136.9000244140625,1135.0,1136.0,127719
2026-07-31 12:40:00+05:30,1136.9000244140625,1137.5,1136.0,1136.4000244140625,108684
2026-07-31 12:45:00+05:30,1137.699951171875,1137.800048828125,1136.5,1136.9000244140625,114477
2026-07-31 12:50:00+05:30,1137.0,1137.9000244140625,1136.699951171875,1137.699951171875,80745
2026-07-31 12:55:00+05:30,1137.199951171875,1138.800048828125,1136.800048828125,1137.199951171875,111002
2026-07-31 13:00:00+05:30,1136.9000244140625,1137.4000244140625,1136.5999755859375,1137.0999755859375,70824
2026-07-31 13:05:00+05:30,1136.699951171875,1137.800048828125,1136.5999755859375,1137.0999755859375,97037
2026-07-31 13:10:00+05:30,1136.199951171875,1137.300048828125,1135.5,1136.800048828125,98828
2026-07-31 13:15:00+05:30,1137.300048828125,1138.199951171875,1136.0999755859375,1136.300048828125,89159
2026-07-31 13:20:00+05:30,1134.699951171875,1137.699951171875,1134.5999755859375,1137.300048828125,107828
2026-07-31 13:25:00+05:30,1133.5,1135.699951171875,1132.0,1134.699951171875,148290
2026-07-31 13:30:00+05:30,1131.4000244140625,1133.9000244140625,1131.4000244140625,1133.5999755859375,131734
2026-07-31 13:35:00+05:30,1131.699951171875,1132.5,1130.4000244140625,1131.699951171875,123943
2026-07-31 13:40:00+05:30,1130.4000244140625,1132.800048828125,1130.0,1131.699951171875,126581
2026-07-31 13:45:00+05:30,1131.9000244140625,1132.5,1129.4000244140625,1130.5,108888
2026-07-31 13:50:00+05:30,1133.0,1133.5,1131.699951171875,1131.9000244140625,79599
2026-07-31 13:55:00+05:30,1132.699951171875,1133.800048828125,1132.0999755859375,1133.199951171875,83791
2026-07-31 14:00:00+05:30,1133.199951171875,1133.9000244140625,1132.0,1133.0,90982
2026-07-31 14:05:00+05:30,1133.9000244140625,1134.0,1132.5,1133.300048828125,90150
2026-07-31 14:10:00+05:30,1133.199951171875,1134.4000244140625,1133.199951171875,1133.9000244140625,66348
2026-07-31 14:15:00+05:30,1131.800048828125,1133.5,1130.800048828125,1133.300048828125,154753
2026-07-31 14:20:00+05:30,1132.0999755859375,1132.5999755859375,1131.0999755859375,1131.9000244140625,88885
2026-07-31 14:25:00+05:30,1132.5999755859375,1133.4000244140625,1131.199951171875,1132.199951171875,89641
2026-07-31 14:30:00+05:30,1132.0,1133.5999755859375,1132.0,1132.5,112704
2026-07-31 14:35:00+05:30,1131.300048828125,1132.9000244140625,1131.0,1132.0999755859375,328525
2026-07-31 14:40:00+05:30,1126.9000244140625,1132.300048828125,1126.199951171875,1131.4000244140625,496800
2026-07-31 14:45:00+05:30,1129.0,1129.9000244140625,1127.0,1127.199951171875,181369
2026-07-31 14:50:00+05:30,1127.0999755859375,1129.199951171875,1126.5,1129.199951171875,186424
2026-07-31 14:55:00+05:30,1127.0999755859375,1128.0999755859375,1126.5,1127.0999755859375,264611
2026-07-31 15:00:00+05:30,1128.0999755859375,1129.5,1127.0,1127.5,570476
2026-07-31 15:05:00+05:30,1131.5,1131.5999755859375,1128.0999755859375,1128.0999755859375,633940
2026-07-31 15:10:00+05:30,1130.4000244140625,1132.9000244140625,1129.5999755859375,1131.5999755859375,715317
2026-07-31 15:15:00+05:30,1130.4000244140625,1131.199951171875,1129.199951171875,1130.300048828125,552510
2026-07-31 15:20:00+05:30,1131.199951171875,1131.300048828125,1130.0999755859375,1130.5,632227
2026-07-31 15:25:00+05:30,1130.0999755859375,1131.5999755859375,1128.0,1131.300048828125,623721
2026-08-03 09:15:00+05:30,1140.0999755859375,1150.800048828125,1140.0999755859375,1146.0,0
2026-08-03 09:20:00+05:30,1140.800048828125,1143.300048828125,1138.4000244140625,1139.0999755859375,196870
2026-08-03 09:25:00+05:30,1141.800048828125,1142.800048828125,1140.5,1140.699951171875,104029
2026-08-03 09:30:00+05:30,1142.0,1142.800048828125,1140.4000244140625,1141.699951171875,117754
2026-08-03 09:35:00+05:30,1142.199951171875,1143.0,1140.5,1142.0999755859375,116325
2026-08-03 09:40:00+05:30,1143.4000244140625,1144.4000244140625,1142.0,1142.0,95911
2026-08-03 09:45:00+05:30,1149.699951171875,1149.800048828125,1142.699951171875,1143.199951171875,191453
2026-08-03 09:50:00+05:30,1146.800048828125,1150.0999755859375,1146.199951171875,1149.5,140783
2026-08-03 09:55:00+05:30,1148.800048828125,1149.0,1146.0,1146.300048828125,71173
2026-08-03 10:00:00+05:30,1149.9000244140625,1151.300048828125,1148.300048828125,1148.5999755859375,124417
2026-08-03 10:05:00+05:30,1151.0,1151.5,1150.0,1150.0,89963
2026-08-03 10:10:00+05:30,1158.0,1158.0,1151.0,1151.199951171875,239752
2026-08-03 10:15:00+05:30,1157.300048828125,1159.5999755859375,1156.5,1158.0999755859375,163417
2026-08-03 10:20:00+05:30,1157.800048828125,1157.800048828125,1155.0999755859375,1157.0999755859375,82064
2026-08-03 10:25:00+05:30,1157.4000244140625,1158.699951171875,1157.0,1157.5999755859375,55885
2026-08-03 10:30:00+05:30,1155.9000244140625,1158.300048828125,1155.4000244140625,1157.300048828125,94064
2026-08-03 10:35:00+05:30,1157.5,1157.699951171875,1155.800048828125,1155.9000244140625,78116
2026-08-03 10:40:00+05:30,1156.300048828125,1157.9000244140625,1155.5999755859375,1157.0999755859375,102156
2026-08-03 10:45:00+05:30,1157.199951171875,1157.4000244140625,1155.0999755859375,1156.300048828125,77797
2026-08-03 10:50:00+05:30,1157.5,1158.0,1156.5999755859375,1157.0,82541
2026-08-03 10:55:00+05:30,1157.0,1157.9000244140625,1156.5,1157.9000244140625,83061
2026-08-03 11:00:00+05:30,1157.800048828125,1158.4000244140625,1156.4000244140625,1157.0,100817
2026-08-03 11:05:00+05:30,1158.0,1158.0,1157.199951171875,1157.9000244140625,74033
2026-08-03 11:10:00+05:30,1158.9000244140625,1159.0,1157.5,1158.0,80788
2026-08-03 11:15:00+05:30,1159.5999755859375,1160.0,1158.5,1158.5,90515
2026-08-03 11:20:00+05:30,1160.800048828125,1160.9000244140625,1159.199951171875,1159.9000244140625,159219
2026-08-03 11:25:00+05:30,1159.300048828125,1160.9000244140625,1159.300048828125,1160.800048828125,83056
2026-08-03 11:30:00+05:30,1158.4000244140625,1159.9000244140625,1157.0999755859375,1159.9000244140625,120571
2026-08-03 11:35:00+05:30,1158.699951171875,1158.800048828125,1157.0999755859375,1158.199951171875,93612
2026-08-03 11:40:00+05:30,1160.800048828125,1161.5,1158.5999755859375,1158.800048828125,150680
2026-08-03 11:45:00+05:30,1158.699951171875,1161.0,1157.5,1160.800048828125,116108
2026-08-03 11:50:00+05:30,1159.0,1159.4000244140625,1158.0999755859375,1158.300048828125,87483
2026-08-03 11:55:00+05:30,1159.5999755859375,1160.0,1158.0999755859375,1159.0,80892
2026-08-03 12:00:00+05:30,1160.800048828125,1161.4000244140625,1159.5999755859375,1159.5999755859375,84301
2026-08-03 12:05:00+05:30,1162.800048828125,1163.0,1160.699951171875,1161.300048828125,137400
2026-08-03 12:10:00+05:30,1163.0,1164.5999755859375,1162.5999755859375,1163.0999755859375,147711
2026-08-03 12:15:00+05:30,1164.0999755859375,1164.4000244140625,1163.0,1163.0,83569
2026-08-03 12:20:00+05:30,1164.4000244140625,1164.5,1162.5999755859375,1164.0,100856
2026-08-03 12:25:00+05:30,1164.4000244140625,1165.199951171875,1163.699951171875,1164.199951171875,107069
2026-08-03 12:30:00+05:30,1164.4000244140625,1164.5999755859375,1163.0999755859375,1164.5999755859375,87677
2026-08-03 12:35:00+05:30,1166.0,1166.5999755859375,1163.0,1164.4000244140625,149118
2026-08-03 12:40:00+05:30,1164.800048828125,1166.0999755859375,1164.5,1166.0,71436
2026-08-03 12:45:00+05:30,1165.5,1165.9000244140625,1164.5,1164.699951171875,68136
2026-08-03 12:50:00+05:30,1165.699951171875,1166.4000244140625,1164.800048828125,1165.800048828125,64273
2026-08-03 12:55:00+05:30,1165.800048828125,1166.5,1165.0,1165.9000244140625,82570
2026-08-03 13:00:00+05:30,1165.699951171875,1166.4000244140625,1165.5,1165.800048828125,60923
2026-08-03 13:05:00+05:30,1165.0999755859375,1166.199951171875,1164.4000244140625,1165.699951171875,72280
2026-08-03 13:10:00+05:30,1164.5999755859375,1165.199951171875,1164.0999755859375,1165.0999755859375,64184
2026-08-03 13:15:00+05:30,1165.4000244140625,1165.5,1164.5999755859375,1164.699951171875,62263
2026-08-03 13:20:00+05:30,1165.5,1165.800048828125,1164.9000244140625,1165.4000244140625,57577
2026-08-03 13:25:00+05:30,1167.300048828125,1167.5,1165.4000244140625,1165.5,123138
2026-08-03 13:30:00+05:30,1168.0,1168.0,1167.0,1167.300048828125,87457
2026-08-03 13:35:00+05:30,1167.4000244140625,1168.0,1167.0,1167.9000244140625,91254
2026-08-03 13:40:00+05:30,1169.0999755859375,1169.699951171875,1167.0,1167.199951171875,139063
2026-08-03 13:45:00+05:30,1169.0999755859375,1169.699951171875,1168.0,1169.0999755859375,107920
2026-08-03 13:50:00+05:30,1167.5999755859375,1169.0999755859375,1167.300048828125,1168.9000244140625,78269
2026-08-03 13:55:00+05:30,1167.5,1167.699951171875,1167.0,1167.4000244140625,78081
2026-08-03 14:00:00+05:30,1169.0,1169.0,1167.199951171875,1167.4000244140625,91899
2026-08-03 14:05:00+05:30,1168.4000244140625,1169.5,1168.0999755859375,1169.199951171875,79850
2026-08-03 14:10:00+05:30,1170.699951171875,1171.0,1168.199951171875,1168.5,145291
2026-08-03 14:15:00+05:30,1167.9000244140625,1170.9000244140625,1167.0999755859375,1170.9000244140625,111482
2026-08-03 14:20:00+05:30,1167.9000244140625,1168.5,1167.4000244140625,1168.0,107621
2026-08-03 14:25:00+05:30,1167.800048828125,1168.0,1167.5,1168.0,72544
2026-08-03 14:30:00+05:30,1168.199951171875,1168.199951171875,1167.5999755859375,1167.5999755859375,61623
2026-08-03 14:35:00+05:30,1168.300048828125,1169.4000244140625,1167.5999755859375,1167.9000244140625,98567
2026-08-03 14:40:00+05:30,1168.699951171875,1169.5,1168.0999755859375,1168.300048828125,77004
2026-08-03 14:45:00+05:30,1168.5,1169.300048828125,1168.0999755859375,1168.4000244140625,58213
2026-08-03 14:50:00+05:30,1167.9000244140625,1169.0999755859375,1167.5999755859375,1168.5,90956
2026-08-03 14:55:00+05:30,1167.800048828125,1168.699951171875,1167.5999755859375,1168.0,108457
2026-08-03 15:00:00+05:30,1170.4000244140625,1171.0,1167.800048828125,1168.4000244140625,241797
2026-08-03 15:05:00+05:30,1173.800048828125,1174.0,1170.0999755859375,1170.9000244140625,263463
2026-08-03 15:10:00+05:30,1171.0999755859375,1175.9000244140625,1171.0999755859375,1173.5999755859375,294113
2026-08-03 15:15:00+05:30,1180.0,1180.0,1170.199951171875,1170.199951171875,380051
2026-08-04 09:15:00+05:30,1163.4000244140625,1175.0,1162.4000244140625,1168.0999755859375,0
2026-08-04 09:20:00+05:30,1164.5999755859375,1165.0,1162.0,1163.300048828125,202567
2026-08-04 09:25:00+05:30,1163.0,1165.300048828125,1162.800048828125,1164.5999755859375,126003
2026-08-04 09:30:00+05:30,1163.5999755859375,1163.5999755859375,1162.199951171875,1162.9000244140625,92387
2026-08-04 09:35:00+05:30,1163.4000244140625,1165.0,1162.5999755859375,1163.5,100622
2026-08-04 09:40:00+05:30,1162.0999755859375,1164.5999755859375,1162.0999755859375,1163.4000244140625,103854
2026-08-04 09:45:00+05:30,1162.0,1162.9000244140625,1161.5999755859375,1162.0999755859375,144642
2026-08-04 09:50:00+05:30,1161.0,1163.0,1160.5999755859375,1162.0,138906
2026-08-04 09:55:00+05:30,1161.0999755859375,1162.0,1160.5999755859375,1161.0,114951
2026-08-04 10:00:00+05:30,1158.199951171875,1161.5999755859375,1157.800048828125,1161.0999755859375,181289
2026-08-04 10:05:00+05:30,1158.300048828125,1159.199951171875,1157.4000244140625,1159.199951171875,167412
2026-08-04 10:10:00+05:30,1158.300048828125,1159.199951171875,1157.5,1158.0,96293
2026-08-04 10:15:00+05:30,1158.0,1158.699951171875,1157.699951171875,1158.4000244140625,77743
2026-08-04 10:20:00+05:30,1157.9000244140625,1158.699951171875,1157.5,1158.300048828125,96770
2026-08-04 10:25:00+05:30,1158.4000244140625,1158.5999755859375,1157.4000244140625,1158.0,105792
2026-08-04 10:30:00+05:30,1158.4000244140625,1159.0,1158.0,1158.4000244140625,89190
2026-08-04 10:35:00+05:30,1158.5999755859375,1159.0,1158.0,1158.300048828125,73361
2026-08-04 10:40:00+05:30,1157.5999755859375,1159.0,1157.300048828125,1158.5999755859375,74317
2026-08-04 10:45:00+05:30,1157.199951171875,1158.5,1156.4000244140625,1157.9000244140625,140939
2026-08-04 10:50:00+05:30,1158.5999755859375,1158.5999755859375,1157.199951171875,1157.5,74506
2026-08-04 10:55:00+05:30,1158.300048828125,1158.5999755859375,1156.699951171875,1158.5999755859375,76211
2026-08-04 11:00:00+05:30,1159.0,1159.0,1158.0,1158.0,70116
2026-08-04 11:05:00+05:30,1160.699951171875,1160.9000244140625,1158.199951171875,1158.800048828125,135206
2026-08-04 11:10:00+05:30,1158.0,1160.699951171875,1157.699951171875,1160.5999755859375,142663
2026-08-04 11:15:00+05:30,1161.0999755859375,1161.5999755859375,1157.9000244140625,1157.9000244140625,100727
2026-08-04 11:20:00+05:30,1159.4000244140625,1161.4000244140625,1158.800048828125,1161.4000244140625,84387
2026-08-04 11:25:00+05:30,1159.5,1159.800048828125,1158.800048828125,1159.5,41688
2026-08-04 11:30:00+05:30,1159.800048828125,1160.4000244140625,1159.0999755859375,1159.5,71100
2026-08-04 11:35:00+05:30,1161.800048828125,1161.800048828125,1159.800048828125,1159.9000244140625,72075
2026-08-04 11:40:00+05:30,1160.699951171875,1162.5999755859375,1160.4000244140625,1161.9000244140625,179532
2026-08-04 11:45:00+05:30,1158.800048828125,1161.0,1158.5,1160.699951171875,130183
2026-08-04 11:50:00+05:30,1158.5999755859375,1159.4000244140625,1158.0999755859375,1158.9000244140625,75062
2026-08-04 11:55:00+05:30,1157.5999755859375,1158.9000244140625,1157.199951171875,1158.9000244140625,62121
2026-08-04 12:00:00+05:30,1156.0999755859375,1158.199951171875,1155.800048828125,1158.199951171875,219411
2026-08-04 12:05:00+05:30,1154.0999755859375,1156.199951171875,1153.4000244140625,1156.199951171875,210569
2026-08-04 12:10:00+05:30,1155.300048828125,1155.699951171875,1153.5999755859375,1154.199951171875,85063
2026-08-04 12:15:00+05:30,1155.699951171875,1156.699951171875,1155.0,1155.699951171875,63307
2026-08-04 12:20:00+05:30,1155.800048828125,1156.0999755859375,1154.5999755859375,1156.0,70386
2026-08-04 12:25:00+05:30,1157.0999755859375,1157.300048828125,1155.5,1156.0,61476
2026-08-04 12:30:00+05:30,1157.199951171875,1158.5999755859375,1156.800048828125,1157.300048828125,65494
2026-08-04 12:35:00+05:30,1157.699951171875,1158.0,1156.5999755859375,1158.0,65482
2026-08-04 12:40:00+05:30,1156.699951171875,1158.0,1156.0,1157.699951171875,64108
2026-08-04 12:45:00+05:30,1157.5,1158.699951171875,1156.699951171875,1156.800048828125,60704
2026-08-04 12:50:00+05:30,1158.0,1158.9000244140625,1157.300048828125,1157.5,72660
2026-08-04 12:55:00+05:30,1158.4000244140625,1158.4000244140625,1157.0999755859375,1158.0,44943
2026-08-04 13:00:00+05:30,1159.0,1159.300048828125,1158.0,1158.300048828125,58609
2026-08-04 13:05:00+05:30,1157.0999755859375,1159.800048828125,1157.0999755859375,1159.300048828125,62816
2026-08-04 13:10:00+05:30,1158.0,1158.800048828125,1157.0999755859375,1157.0999755859375,45574
2026-08-04 13:15:00+05:30,1159.0999755859375,1159.0999755859375,1157.9000244140625,1158.0,72925
2026-08-04 13:20:00+05:30,1159.300048828125,1160.0,1158.699951171875,1159.0999755859375,126635
2026-08-04 13:25:00+05:30,1159.0,1159.800048828125,1158.5999755859375,1159.300048828125,85342
2026-08-04 13:30:00+05:30,1159.800048828125,1160.5,1158.5999755859375,1158.9000244140625,158732
2026-08-04 13:35:00+05:30,1160.199951171875,1160.5,1159.4000244140625,1159.800048828125,50251
2026-08-04 13:40:00+05:30,1160.300048828125,1160.9000244140625,1159.699951171875,1160.4000244140625,77351
2026-08-04 13:45:00+05:30,1159.5,1160.5,1159.5,1160.0,87607
2026-08-04 13:50:00+05:30,1158.800048828125,1159.9000244140625,1158.800048828125,1159.800048828125,70316
2026-08-04 13:55:00+05:30,1159.5999755859375,1159.699951171875,1158.5,1158.9000244140625,141683
2026-08-04 14:00:00+05:30,1159.300048828125,1159.9000244140625,1158.699951171875,1159.5,42611
2026-08-04 14:05:00+05:30,1160.0999755859375,1160.699951171875,1159.300048828125,1159.4000244140625,142964
2026-08-04 14:10:00+05:30,1159.5999755859375,1160.300048828125,1159.0,1160.0999755859375,48323
2026-08-04 14:15:00+05:30,1159.4000244140625,1159.5999755859375,1158.800048828125,1159.5999755859375,100629
2026-08-04 14:20:00+05:30,1158.800048828125,1159.5999755859375,1158.0999755859375,1159.300048828125,159211
2026-08-04 14:25:00+05:30,1159.199951171875,1159.800048828125,1158.5999755859375,1159.0,112265
2026-08-04 14:30:00+05:30,1159.0,1160.699951171875,1158.4000244140625,1159.4000244140625,329426
2026-08-04 14:35:00+05:30,1159.0999755859375,1159.199951171875,1158.5,1159.0,142453
2026-08-04 14:40:00+05:30,1158.5999755859375,1159.4000244140625,1158.5,1159.199951171875,57634
2026-08-04 14:45:00+05:30,1159.0,1159.0,1158.199951171875,1158.5999755859375,91598
2026-08-04 14:50:00+05:30,1159.4000244140625,1159.4000244140625,1158.5999755859375,1159.0,55198
2026-08-04 14:55:00+05:30,1159.5,1160.0999755859375,1159.0999755859375,1159.4000244140625,243921
2026-08-04 15:00:00+05:30,1157.199951171875,1159.699951171875,1157.0999755859375,1159.4000244140625,133109
2026-08-04 15:05:00+05:30,1158.300048828125,1158.5,1156.5,1157.0,226937
2026-08-04 15:10:00+05:30,1158.0999755859375,1159.800048828125,1157.0999755859375,1158.4000244140625,279528
2026-08-04 15:15:00+05:30,1167.5,1167.5,1158.0,1158.0,862446
2026-08-05 09:15:00+05:30,1169.0,1177.199951171875,1167.199951171875,1171.199951171875,0
2026-08-05 09:20:00+05:30,1167.0999755859375,1171.4000244140625,1166.5,1168.9000244140625,283442
2026-08-05 09:25:00+05:30,1169.0999755859375,1169.5,1165.5999755859375,1166.699951171875,185703
2026-08-05 09:30:00+05:30,1168.800048828125,1169.9000244140625,1168.0,1169.0999755859375,153351
2026-08-05 09:35:00+05:30,1169.800048828125,1169.800048828125,1167.199951171875,1168.699951171875,87925
2026-08-05 09:40:00+05:30,1169.5,1170.5999755859375,1168.699951171875,1170.199951171875,117320
2026-08-05 09:45:00+05:30,1166.5,1169.5,1166.5,1169.5,83166
2026-08-05 09:50:00+05:30,1164.0999755859375,1167.800048828125,1163.5999755859375,1166.5,134429
2026-08-05 09:55:00+05:30,1164.0,1165.5,1163.5,1164.199951171875,95990
2026-08-05 10:00:00+05:30,1163.300048828125,1164.800048828125,1163.300048828125,1164.0999755859375,73578
2026-08-05 10:05:00+05:30,1164.199951171875,1164.4000244140625,1162.4000244140625,1163.5,81019
2026-08-05 10:10:00+05:30,1166.9000244140625,1166.9000244140625,1163.5,1164.4000244140625,87072
2026-08-05 10:15:00+05:30,1167.5999755859375,1167.5999755859375,1164.0999755859375,1166.9000244140625,75446
2026-08-05 10:20:00+05:30,1167.699951171875,1168.0,1166.5,1167.0999755859375,100165
2026-08-05 10:25:00+05:30,1167.800048828125,1167.9000244140625,1167.199951171875,1167.699951171875,45554
2026-08-05 10:30:00+05:30,1167.5,1167.9000244140625,1166.699951171875,1167.5999755859375,64341
2026-08-05 10:35:00+05:30,1167.300048828125,1168.199951171875,1166.199951171875,1167.5,112628
2026-08-05 10:40:00+05:30,1168.9000244140625,1170.5999755859375,1166.9000244140625,1167.4000244140625,123255
2026-08-05 10:45:00+05:30,1167.300048828125,1169.5,1167.300048828125,1168.9000244140625,59818
2026-08-05 10:50:00+05:30,1171.199951171875,1171.5999755859375,1167.5999755859375,1167.5999755859375,96275
2026-08-05 10:55:00+05:30,1173.5999755859375,1174.0,1171.4000244140625,1171.4000244140625,144905
2026-08-05 11:00:00+05:30,1171.199951171875,1174.0,1170.9000244140625,1173.800048828125,142335
2026-08-05 11:05:00+05:30,1170.4000244140625,1171.699951171875,1170.199951171875,1171.0,78509
2026-08-05 11:10:00+05:30,1169.9000244140625,1171.300048828125,1169.9000244140625,1170.199951171875,61434
2026-08-05 11:15:00+05:30,1170.0,1171.199951171875,1169.5,1170.0999755859375,62828
2026-08-05 11:20:00+05:30,1170.0999755859375,1171.0,1170.0,1170.4000244140625,33377
2026-08-05 11:25:00+05:30,1168.699951171875,1170.699951171875,1168.0999755859375,1170.5999755859375,75556
2026-08-05 11:30:00+05:30,1168.0,1168.699951171875,1167.5,1168.5,45705
2026-08-05 11:35:00+05:30,1169.699951171875,1169.699951171875,1168.0,1168.0,42330
2026-08-05 11:40:00+05:30,1169.5,1169.800048828125,1168.300048828125,1169.699951171875,44845
2026-08-05 11:45:00+05:30,1169.9000244140625,1170.0,1168.9000244140625,1169.699951171875,44245
2026-08-05 11:50:00+05:30,1169.4000244140625,1171.300048828125,1169.0999755859375,1170.0,68813
2026-08-05 11:55:00+05:30,1170.5,1170.9000244140625,1168.699951171875,1169.4000244140625,46400
2026-08-05 12:00:00+05:30,1170.5999755859375,1171.0,1170.0999755859375,1170.5,55575
2026-08-05 12:05:00+05:30,1170.300048828125,1171.0,1170.300048828125,1170.9000244140625,47471
2026-08-05 12:10:00+05:30,1171.0,1171.4000244140625,1170.5,1170.5999755859375,51455
2026-08-05 12:15:00+05:30,1170.9000244140625,1171.5,1170.5,1171.0,65000
2026-08-05 12:20:00+05:30,1171.0999755859375,1171.5999755859375,1170.300048828125,1170.9000244140625,87661
2026-08-05 12:25:00+05:30,1170.9000244140625,1171.9000244140625,1170.5,1171.199951171875,77977
2026-08-05 12:30:00+05:30,1170.5999755859375,1171.199951171875,1169.0999755859375,1171.0,61675
2026-08-05 12:35:00+05:30,1170.5,1170.5,1168.800048828125,1170.5,87680
2026-08-05 12:40:00+05:30,1170.0999755859375,1170.699951171875,1169.0999755859375,1170.5,96863
2026-08-05 12:45:00+05:30,1170.4000244140625,1170.699951171875,1170.0,1170.4000244140625,37381
2026-08-05 12:50:00+05:30,1168.0999755859375,1170.800048828125,1168.0999755859375,1170.4000244140625,98817
2026-08-05 12:55:00+05:30,1166.5999755859375,1168.5999755859375,1164.699951171875,1168.4000244140625,175378
2026-08-05 13:00:00+05:30,1166.800048828125,1168.0,1166.0999755859375,1166.800048828125,157333
2026-08-05 13:05:00+05:30,1167.5,1167.5999755859375,1166.0999755859375,1166.800048828125,152542
2026-08-05 13:10:00+05:30,1167.300048828125,1168.300048828125,1166.5,1167.5,161096
2026-08-05 13:15:00+05:30,1167.5999755859375,1168.4000244140625,1165.4000244140625,1167.300048828125,189540
2026-08-05 13:20:00+05:30,1168.199951171875,1169.4000244140625,1167.0999755859375,1168.0999755859375,287593
2026-08-05 13:25:00+05:30,1167.300048828125,1168.300048828125,1167.0999755859375,1168.199951171875,152607
2026-08-05 13:30:00+05:30,1167.0999755859375,1169.5,1166.199951171875,1167.4000244140625,188232
2026-08-05 13:35:00+05:30,1166.0,1168.300048828125,1166.0,1167.0999755859375,119034
2026-08-05 13:40:00+05:30,1165.0,1166.699951171875,1164.0999755859375,1166.0,154966
2026-08-05 13:45:00+05:30,1166.0999755859375,1166.4000244140625,1164.5999755859375,1165.0999755859375,151957
2026-08-05 13:50:00+05:30,1165.199951171875,1166.5,1164.300048828125,1166.300048828125,220059
2026-08-05 13:55:00+05:30,1164.699951171875,1165.5,1164.0999755859375,1165.300048828125,142083
2026-08-05 14:00:00+05:30,1165.0999755859375,1165.5999755859375,1164.0,1164.5999755859375,128283
2026-08-05 14:05:00+05:30,1165.800048828125,1166.5,1165.199951171875,1165.5999755859375,197557
2026-08-05 14:10:00+05:30,1164.9000244140625,1166.199951171875,1164.9000244140625,1165.9000244140625,131401
2026-08-05 14:15:00+05:30,1164.800048828125,1165.9000244140625,1164.5,1165.0,119550
2026-08-05 14:20:00+05:30,1165.0,1166.0,1164.699951171875,1165.0999755859375,136395
2026-08-05 14:25:00+05:30,1165.0,1165.699951171875,1164.4000244140625,1165.0999755859375,144445
2026-08-05 14:30:00+05:30,1165.4000244140625,1166.0,1164.800048828125,1165.0,143457
2026-08-05 14:35:00+05:30,1164.800048828125,1166.800048828125,1164.800048828125,1165.5,332397
2026-08-05 14:40:00+05:30,1164.9000244140625,1165.0,1163.0999755859375,1164.5999755859375,68115
2026-08-05 14:45:00+05:30,1163.9000244140625,1165.199951171875,1162.5999755859375,1165.199951171875,184845
2026-08-05 14:50:00+05:30,1165.5999755859375,1165.800048828125,1163.5999755859375,1163.699951171875,225337
2026-08-05 14:55:00+05:30,1165.800048828125,1166.0,1164.5999755859375,1165.5999755859375,248772
2026-08-05 15:00:00+05:30,1166.699951171875,1167.300048828125,1164.699951171875,1165.5,237151
2026-08-05 15:05:00+05:30,1168.0,1169.699951171875,1166.5999755859375,1167.0999755859375,307115
2026-08-05 15:10:00+05:30,1174.0,1174.0,1167.0,1168.0,678610
2026-08-06 09:15:00+05:30,1177.0999755859375,1185.5,1175.0,1175.0,0
2026-08-06 09:20:00+05:30,1175.800048828125,1179.300048828125,1175.800048828125,1177.0999755859375,215625
2026-08-06 09:25:00+05:30,1174.800048828125,1175.800048828125,1170.0,1175.800048828125,199069
2026-08-06 09:30:00+05:30,1173.0,1176.4000244140625,1172.5999755859375,1174.9000244140625,151715
2026-08-06 09:35:00+05:30,1172.199951171875,1173.9000244140625,1170.5,1173.0999755859375,175539
2026-08-06 09:40:00+05:30,1172.5,1173.5,1172.0999755859375,1172.300048828125,92165
2026-08-06 09:45:00+05:30,1173.5999755859375,1173.699951171875,1172.0999755859375,1172.5999755859375,87589
2026-08-06 09:50:00+05:30,1171.800048828125,1174.9000244140625,1171.5999755859375,1174.0,87989
2026-08-06 09:55:00+05:30,1171.5,1172.5999755859375,1171.0,1171.9000244140625,108157
2026-08-06 10:00:00+05:30,1170.0,1172.4000244140625,1170.0,1171.699951171875,131505
2026-08-06 10:05:00+05:30,1169.699951171875,1170.300048828125,1168.5999755859375,1169.800048828125,79952
2026-08-06 10:10:00+05:30,1171.5,1171.9000244140625,1169.300048828125,1169.699951171875,60494
2026-08-06 10:15:00+05:30,1170.9000244140625,1171.800048828125,1170.0999755859375,1171.699951171875,58734
2026-08-06 10:20:00+05:30,1170.800048828125,1171.0,1169.800048828125,1171.0,71420
2026-08-06 10:25:00+05:30,1168.300048828125,1170.9000244140625,1168.0,1170.9000244140625,112578
2026-08-06 10:30:00+05:30,1170.9000244140625,1171.300048828125,1168.300048828125,1168.5,96277
2026-08-06 10:35:00+05:30,1171.300048828125,1171.800048828125,1170.699951171875,1170.9000244140625,71625
2026-08-06 10:40:00+05:30,1168.9000244140625,1171.199951171875,1168.5,1171.199951171875,59100
2026-08-06 10:45:00+05:30,1168.5,1169.699951171875,1168.300048828125,1169.0,63465
2026-08-06 10:50:00+05:30,1168.9000244140625,1169.0,1167.0999755859375,1168.0,96215
2026-08-06 10:55:00+05:30,1167.4000244140625,1169.0,1167.0999755859375,1169.0,92896
2026-08-06 11:00:00+05:30,1167.300048828125,1167.9000244140625,1166.800048828125,1167.800048828125,49856
2026-08-06 11:05:00+05:30,1168.0,1168.0999755859375,1167.300048828125,1167.4000244140625,55796
2026-08-06 11:10:00+05:30,1167.0999755859375,1168.5999755859375,1167.0999755859375,1168.0999755859375,56402
2026-08-06 11:15:00+05:30,1167.5999755859375,1168.4000244140625,1167.199951171875,1167.199951171875,74330
2026-08-06 11:20:00+05:30,1167.800048828125,1168.300048828125,1167.5999755859375,1167.5999755859375,107960
2026-08-06 11:25:00+05:30,1169.5,1170.0,1167.5999755859375,1168.0,77502
2026-08-06 11:30:00+05:30,1171.0999755859375,1171.5999755859375,1169.199951171875,1169.5,76556
2026-08-06 11:35:00+05:30,1171.300048828125,1171.9000244140625,1171.0,1171.300048828125,49030
2026-08-06 11:40:00+05:30,1170.300048828125,1171.9000244140625,1169.800048828125,1171.300048828125,68959
2026-08-06 11:45:00+05:30,1169.800048828125,1170.5,1169.5,1170.300048828125,47534
2026-08-06 11:50:00+05:30,1172.300048828125,1172.4000244140625,1170.0999755859375,1170.300048828125,64823
2026-08-06 11:55:00+05:30,1172.9000244140625,1173.0,1171.5999755859375,1172.300048828125,63497
2026-08-06 12:00:00+05:30,1171.699951171875,1172.699951171875,1171.699951171875,1172.699951171875,55358
2026-08-06 12:05:00+05:30,1171.699951171875,1172.699951171875,1171.5999755859375,1171.699951171875,46099
2026-08-06 12:10:00+05:30,1170.800048828125,1171.9000244140625,1170.0999755859375,1171.800048828125,84047
2026-08-06 12:15:00+05:30,1170.0999755859375,1171.199951171875,1170.0999755859375,1170.9000244140625,45281
2026-08-06 12:20:00+05:30,1169.699951171875,1170.199951171875,1169.0,1170.0999755859375,56252
2026-08-06 12:25:00+05:30,1168.9000244140625,1170.199951171875,1168.9000244140625,1169.5999755859375,32407
2026-08-06 12:30:00+05:30,1169.199951171875,1170.199951171875,1168.800048828125,1169.0,60810
2026-08-06 12:35:00+05:30,1168.800048828125,1169.699951171875,1168.5999755859375,1169.199951171875,53081
2026-08-06 12:40:00+05:30,1169.0,1169.199951171875,1167.4000244140625,1168.800048828125,52042
2026-08-06 12:45:00+05:30,1168.0999755859375,1169.5999755859375,1168.0,1169.0999755859375,77215
2026-08-06 12:50:00+05:30,1168.5,1169.5,1168.0,1168.0999755859375,81841
2026-08-06 12:55:00+05:30,1167.5,1169.0,1166.199951171875,1168.4000244140625,105731
2026-08-06 13:00:00+05:30,1169.0,1170.800048828125,1167.5,1167.5,310931
2026-08-06 13:05:00+05:30,1167.0999755859375,1170.4000244140625,1166.300048828125,1169.0999755859375,214687
2026-08-06 13:10:00+05:30,1167.4000244140625,1169.5,1167.0,1167.4000244140625,95197
2026-08-06 13:15:00+05:30,1169.300048828125,1169.300048828125,1166.800048828125,1167.300048828125,190559
2026-08-06 13:20:00+05:30,1167.0,1169.5,1166.699951171875,1169.300048828125,85402
2026-08-06 13:25:00+05:30,1166.0999755859375,1167.800048828125,1166.0999755859375,1166.800048828125,63687
2026-08-06 13:30:00+05:30,1166.5,1167.800048828125,1165.9000244140625,1166.4000244140625,111316
2026-08-06 13:35:00+05:30,1165.4000244140625,1168.0,1165.0,1166.5,141130
2026-08-06 13:40:00+05:30,1164.199951171875,1165.800048828125,1164.0,1165.4000244140625,69627
2026-08-06 13:45:00+05:30,1164.199951171875,1165.300048828125,1164.0,1164.9000244140625,187968
2026-08-06 13:50:00+05:30,1166.0999755859375,1166.5,1164.0,1164.199951171875,136000
2026-08-06 13:55:00+05:30,1167.199951171875,1167.199951171875,1165.4000244140625,1166.0,143162
2026-08-06 14:00:00+05:30,1167.0,1167.300048828125,1166.199951171875,1166.9000244140625,81716
2026-08-06 14:05:00+05:30,1167.5,1168.199951171875,1166.699951171875,1167.0,100687
2026-08-06 14:10:00+05:30,1168.5,1168.9000244140625,1167.199951171875,1167.199951171875,66904
2026-08-06 14:15:00+05:30,1169.5999755859375,1169.5999755859375,1168.4000244140625,1168.4000244140625,54097
2026-08-06 14:20:00+05:30,1169.5,1169.5,1168.0999755859375,1169.300048828125,80223
2026-08-06 14:25:00+05:30,1166.199951171875,1169.5,1166.0,1169.5,105264
2026-08-06 14:30:00+05:30,1166.300048828125,1167.0,1165.699951171875,1166.199951171875,94254
2026-08-06 14:35:00+05:30,1166.0,1166.9000244140625,1166.0,1166.300048828125,68613
2026-08-06 14:40:00+05:30,1165.199951171875,1167.0,1165.0999755859375,1166.0,187844
2026-08-06 14:45:00+05:30,1165.5999755859375,1166.0,1165.0,1165.199951171875,102057
2026-08-06 14:50:00+05:30,1164.9000244140625,1166.199951171875,1164.699951171875,1165.800048828125,111012
2026-08-06 14:55:00+05:30,1164.4000244140625,1165.0,1164.300048828125,1164.9000244140625,83237
2026-08-06 15:00:00+05:30,1164.199951171875,1165.0,1163.5,1164.800048828125,307381
2026-08-06 15:05:00+05:30,1165.4000244140625,1165.699951171875,1163.5,1164.300048828125,369901
2026-08-06 15:10:00+05:30,1165.5,1166.0,1164.9000244140625,1165.199951171875,249535
2026-08-06 15:15:00+05:30,1165.0,1165.5,1165.0,1165.0,387840
2026-08-07 09:15:00+05:30,1168.4000244140625,1169.9000244140625,1157.0999755859375,1157.0999755859375,0
2026-08-07 09:20:00+05:30,1174.0999755859375,1174.9000244140625,1168.4000244140625,1168.4000244140625,257432
2026-08-07 09:25:00+05:30,1176.699951171875,1177.699951171875,1172.199951171875,1174.4000244140625,252026
2026-08-07 09:30:00+05:30,1180.699951171875,1182.4000244140625,1175.4000244140625,1176.5999755859375,388580
2026-08-07 09:35:00+05:30,1180.800048828125,1181.4000244140625,1178.0,1180.0999755859375,270320
2026-08-07 09:40:00+05:30,1180.699951171875,1180.9000244140625,1179.0,1180.9000244140625,199352
2026-08-07 09:45:00+05:30,1180.699951171875,1182.9000244140625,1180.0999755859375,1180.699951171875,237962
2026-08-07 09:50:00+05:30,1180.5,1183.0,1180.5,1180.699951171875,138855
2026-08-07 09:55:00+05:30,1179.0,1181.0,1178.199951171875,1180.5,149789
2026-08-07 10:00:00+05:30,1178.0999755859375,1179.5,1177.4000244140625,1179.0,106540
2026-08-07 10:05:00+05:30,1176.5999755859375,1179.5,1176.0,1178.0999755859375,98044
2026-08-07 10:10:00+05:30,1176.699951171875,1177.0,1174.199951171875,1176.5999755859375,121650
2026-08-07 10:15:00+05:30,1173.9000244140625,1176.5999755859375,1173.0999755859375,1176.5,86631
2026-08-07 10:20:00+05:30,1172.199951171875,1174.0,1172.0999755859375,1173.9000244140625,88093
2026-08-07 10:25:00+05:30,1172.0,1172.5999755859375,1171.300048828125,1172.4000244140625,64417
2026-08-07 10:30:00+05:30,1171.0,1172.699951171875,1170.5,1171.5,86598
2026-08-07 10:35:00+05:30,1172.199951171875,1172.699951171875,1170.699951171875,1171.0999755859375,78849
2026-08-07 10:40:00+05:30,1172.0999755859375,1173.5999755859375,1170.699951171875,1172.5,58971
2026-08-07 10:45:00+05:30,1171.0999755859375,1172.699951171875,1171.0999755859375,1172.0999755859375,59667
2026-08-07 10:50:00+05:30,1171.800048828125,1172.300048828125,1170.699951171875,1171.0999755859375,44195
2026-08-07 10:55:00+05:30,1173.0999755859375,1173.5,1171.4000244140625,1172.0,179920
2026-08-07 11:00:00+05:30,1171.800048828125,1174.0,1171.5999755859375,1173.4000244140625,99025
2026-08-07 11:05:00+05:30,1173.0999755859375,1173.699951171875,1171.5999755859375,1171.800048828125,71315
2026-08-07 11:10:00+05:30,1174.5,1174.699951171875,1173.0999755859375,1173.0999755859375,51842
2026-08-07 11:15:00+05:30,1174.699951171875,1175.699951171875,1174.300048828125,1174.5,76036
2026-08-07 11:20:00+05:30,1173.5999755859375,1174.699951171875,1173.0,1174.699951171875,62043
2026-08-07 11:25:00+05:30,1175.0,1175.300048828125,1173.5999755859375,1174.0,43880
2026-08-07 11:30:00+05:30,1173.699951171875,1175.0,1173.5,1174.5999755859375,38691
2026-08-07 11:35:00+05:30,1174.5,1175.0,1173.699951171875,1174.0,34987
2026-08-07 11:40:00+05:30,1176.0999755859375,1176.4000244140625,1174.199951171875,1174.5999755859375,48204
2026-08-07 11:45:00+05:30,1173.199951171875,1176.5,1172.5999755859375,1176.4000244140625,129429
2026-08-07 11:50:00+05:30,1171.800048828125,1173.0999755859375,1171.300048828125,1173.0,85348
2026-08-07 11:55:00+05:30,1171.9000244140625,1172.5,1171.800048828125,1171.9000244140625,45716
2026-08-07 12:00:00+05:30,1172.0999755859375,1172.9000244140625,1171.800048828125,1172.0,47081
2026-08-07 12:05:00+05:30,1174.199951171875,1174.300048828125,1171.5999755859375,1172.300048828125,260932
2026-08-07 12:10:00+05:30,1175.0,1175.699951171875,1174.199951171875,1174.199951171875,247858
2026-08-07 12:15:00+05:30,1173.5,1175.0999755859375,1173.4000244140625,1175.0999755859375,160322
2026-08-07 12:20:00+05:30,1173.0,1173.9000244140625,1172.5999755859375,1173.5,54466
2026-08-07 12:25:00+05:30,1173.0,1174.0999755859375,1173.0,1173.5,75760
2026-08-07 12:30:00+05:30,1172.5999755859375,1173.4000244140625,1172.5999755859375,1173.0999755859375,30614
2026-08-07 12:35:00+05:30,1173.300048828125,1173.5999755859375,1172.199951171875,1172.5999755859375,31226
2026-08-07 12:40:00+05:30,1173.0,1173.300048828125,1173.0,1173.300048828125,29202
2026-08-07 12:45:00+05:30,1173.0,1173.300048828125,1172.0,1173.0,58337
2026-08-07 12:50:00+05:30,1172.9000244140625,1173.300048828125,1172.4000244140625,1173.300048828125,33001
2026-08-07 12:55:00+05:30,1172.5,1172.9000244140625,1172.199951171875,1172.699951171875,34977
2026-08-07 13:00:00+05:30,1173.300048828125,1173.5,1172.199951171875,1172.5999755859375,28444
2026-08-07 13:05:00+05:30,1172.800048828125,1173.699951171875,1172.5,1173.300048828125,158511
2026-08-07 13:10:00+05:30,1172.5,1173.0,1172.5,1172.800048828125,60206
2026-08-07 13:15:00+05:30,1172.699951171875,1173.5999755859375,1172.5,1172.699951171875,108115
2026-08-07 13:20:00+05:30,1173.199951171875,1173.4000244140625,1172.699951171875,1173.0,31186
2026-08-07 13:25:00+05:30,1173.699951171875,1174.199951171875,1173.199951171875,1173.199951171875,46949
2026-08-07 13:30:00+05:30,1174.4000244140625,1175.199951171875,1173.5999755859375,1173.699951171875,117247
2026-08-07 13:35:00+05:30,1177.699951171875,1178.5,1174.4000244140625,1174.5,102030
2026-08-07 13:40:00+05:30,1179.4000244140625,1180.199951171875,1177.9000244140625,1177.9000244140625,123240
2026-08-07 13:45:00+05:30,1178.0999755859375,1179.4000244140625,1178.0,1179.4000244140625,50629
2026-08-07 13:50:00+05:30,1179.4000244140625,1180.0,1178.0999755859375,1178.0999755859375,80144
2026-08-07 13:55:00+05:30,1179.300048828125,1179.800048828125,1178.699951171875,1179.5,47395
2026-08-07 14:00:00+05:30,1177.800048828125,1179.5,1177.5,1179.300048828125,45591
2026-08-07 14:05:00+05:30,1176.699951171875,1178.300048828125,1176.0,1177.800048828125,37803
2026-08-07 14:10:00+05:30,1176.699951171875,1176.9000244140625,1176.0,1176.699951171875,31018
2026-08-07 14:15:00+05:30,1177.4000244140625,1177.699951171875,1175.9000244140625,1176.4000244140625,41921
2026-08-07 14:20:00+05:30,1178.199951171875,1178.4000244140625,1176.800048828125,1177.699951171875,37992
2026-08-07 14:25:00+05:30,1178.0999755859375,1178.699951171875,1177.4000244140625,1178.300048828125,74295
2026-08-07 14:30:00+05:30,1179.0,1179.300048828125,1177.0,1178.0999755859375,59591
2026-08-07 14:35:00+05:30,1177.9000244140625,1178.800048828125,1177.4000244140625,1178.5999755859375,60573
2026-08-07 14:40:00+05:30,1177.5999755859375,1178.0,1176.800048828125,1177.9000244140625,37673
2026-08-07 14:45:00+05:30,1177.699951171875,1178.0,1176.9000244140625,1177.5999755859375,46970
2026-08-07 14:50:00+05:30,1176.699951171875,1177.800048828125,1176.0,1177.5999755859375,71178
2026-08-07 14:55:00+05:30,1177.4000244140625,1178.0,1176.800048828125,1176.800048828125,105911
2026-08-07 15:00:00+05:30,1176.800048828125,1177.5999755859375,1176.0,1177.5999755859375,99012
2026-08-07 15:05:00+05:30,1176.4000244140625,1177.300048828125,1175.5999755859375,1176.699951171875,208390
2026-08-07 15:10:00+05:30,1176.5999755859375,1177.0,1175.9000244140625,1177.0,211868
2026-08-07 15:15:00+05:30,1175.0999755859375,1175.0999755859375,1175.0,1175.0,255820
2026-08-10 09:15:00+05:30,1178.5,1184.699951171875,1175.300048828125,1178.5,0
2026-08-10 09:20:00+05:30,1176.5,1180.4000244140625,1176.199951171875,1178.5999755859375,300287
2026-08-10 09:25:00+05:30,1180.5,1181.0,1176.5,1176.5,331984
2026-08-10 09:30:00+05:30,1181.5999755859375,1183.0,1180.199951171875,1180.5,259320
2026-08-10 09:35:00+05:30,1181.300048828125,1181.9000244140625,1178.0,1181.5,152127
2026-08-10 09:40:00+05:30,1178.800048828125,1181.4000244140625,1178.5999755859375,1181.0999755859375,80055
2026-08-10 09:45:00+05:30,1178.9000244140625,1179.5,1177.300048828125,1178.800048828125,80392
2026-08-10 09:50:00+05:30,1180.9000244140625,1182.5,1178.699951171875,1178.9000244140625,146326
2026-08-10 09:55:00+05:30,1189.0,1190.5,1178.800048828125,1181.0,447378
2026-08-10 10:00:00+05:30,1187.0,1189.5999755859375,1184.4000244140625,1189.4000244140625,183003
2026-08-10 10:05:00+05:30,1188.5999755859375,1188.699951171875,1185.5,1186.800048828125,76513
2026-08-10 10:10:00+05:30,1188.199951171875,1188.699951171875,1187.4000244140625,1188.5999755859375,70280
2026-08-10 10:15:00+05:30,1189.4000244140625,1189.9000244140625,1187.699951171875,1187.800048828125,100836
2026-08-10 10:20:00+05:30,1193.199951171875,1195.0,1188.9000244140625,1189.0999755859375,825061
2026-08-10 10:25:00+05:30,1190.5,1193.9000244140625,1190.199951171875,1193.0,243949
2026-08-10 10:30:00+05:30,1191.5,1192.699951171875,1190.0999755859375,1190.699951171875,163974
2026-08-10 10:35:00+05:30,1189.9000244140625,1191.9000244140625,1189.300048828125,1191.699951171875,102369
2026-08-10 10:40:00+05:30,1189.300048828125,1190.199951171875,1188.300048828125,1189.9000244140625,75028
2026-08-10 10:45:00+05:30,1188.800048828125,1190.199951171875,1188.699951171875,1189.4000244140625,81259
2026-08-10 10:50:00+05:30,1187.9000244140625,1189.5999755859375,1187.800048828125,1189.199951171875,43222
2026-08-10 10:55:00+05:30,1188.0,1188.4000244140625,1186.5,1188.0,93735
2026-08-10 11:00:00+05:30,1189.9000244140625,1190.0,1187.5999755859375,1187.800048828125,71359
2026-08-10 11:05:00+05:30,1190.199951171875,1190.199951171875,1189.0,1189.9000244140625,53666
2026-08-10 11:10:00+05:30,1189.800048828125,1191.0,1189.5,1190.199951171875,90732
2026-08-10 11:15:00+05:30,1190.5,1190.5,1189.5999755859375,1189.9000244140625,57600
2026-08-10 11:20:00+05:30,1190.9000244140625,1191.300048828125,1190.0,1190.5,111950
2026-08-10 11:25:00+05:30,1190.5,1191.4000244140625,1190.0999755859375,1191.0,57931
2026-08-10 11:30:00+05:30,1189.0,1190.5,1188.0,1190.0999755859375,62113
2026-08-10 11:35:00+05:30,1188.800048828125,1189.9000244140625,1188.300048828125,1189.0,40951
2026-08-10 11:40:00+05:30,1188.300048828125,1189.699951171875,1188.0999755859375,1189.300048828125,37471
2026-08-10 11:45:00+05:30,1187.800048828125,1188.5999755859375,1186.5999755859375,1188.0,50381
2026-08-10 11:50:00+05:30,1184.300048828125,1188.5,1183.5999755859375,1187.800048828125,147078
2026-08-10 11:55:00+05:30,1182.800048828125,1184.699951171875,1182.0,1184.0999755859375,87796
2026-08-10 12:00:00+05:30,1184.199951171875,1184.199951171875,1182.199951171875,1182.800048828125,43447
2026-08-10 12:05:00+05:30,1183.9000244140625,1184.300048828125,1183.0999755859375,1183.9000244140625,36995
2026-08-10 12:10:00+05:30,1184.5999755859375,1185.0,1183.5,1184.0999755859375,44223
2026-08-10 12:15:00+05:30,1184.300048828125,1185.0,1184.300048828125,1184.800048828125,32259
2026-08-10 12:20:00+05:30,1183.800048828125,1184.9000244140625,1183.5,1184.5999755859375,54552
2026-08-10 12:25:00+05:30,1184.0,1184.5999755859375,1183.5999755859375,1183.699951171875,40019
2026-08-10 12:30:00+05:30,1184.300048828125,1184.5999755859375,1183.5999755859375,1184.0,37747
2026-08-10 12:35:00+05:30,1183.4000244140625,1184.5,1182.800048828125,1184.199951171875,44759
2026-08-10 12:40:00+05:30,1182.5999755859375,1184.0,1182.5999755859375,1183.5999755859375,50398
2026-08-10 12:45:00+05:30,1182.9000244140625,1183.5,1182.199951171875,1182.9000244140625,74735
2026-08-10 12:50:00+05:30,1184.5999755859375,1184.5999755859375,1182.699951171875,1182.800048828125,50535
2026-08-10 12:55:00+05:30,1184.0,1184.5999755859375,1183.0999755859375,1184.5,37394
2026-08-10 13:00:00+05:30,1184.800048828125,1184.800048828125,1183.5,1183.9000244140625,54398
2026-08-10 13:05:00+05:30,1184.199951171875,1185.0,1183.800048828125,1184.5,41498
2026-08-10 13:10:00+05:30,1183.5999755859375,1184.5,1183.199951171875,1184.0,37531
2026-08-10 13:15:00+05:30,1183.9000244140625,1184.0,1183.0999755859375,1183.300048828125,36859
2026-08-10 13:20:00+05:30,1184.300048828125,1184.300048828125,1183.5,1183.699951171875,39835
2026-08-10 13:25:00+05:30,1184.9000244140625,1185.5,1183.9000244140625,1184.199951171875,85667
2026-08-10 13:30:00+05:30,1185.300048828125,1185.4000244140625,1184.699951171875,1184.800048828125,43067
2026-08-10 13:35:00+05:30,1185.199951171875,1185.9000244140625,1184.5,1185.300048828125,57098
2026-08-10 13:40:00+05:30,1185.699951171875,1185.9000244140625,1184.699951171875,1185.0,88440
2026-08-10 13:45:00+05:30,1185.4000244140625,1186.5,1184.800048828125,1185.699951171875,173302
2026-08-10 13:50:00+05:30,1186.0,1186.4000244140625,1184.5,1185.5,237512
2026-08-10 13:55:00+05:30,1185.800048828125,1186.9000244140625,1185.5999755859375,1185.699951171875,198052
2026-08-10 14:00:00+05:30,1184.4000244140625,1186.0,1184.0999755859375,1185.800048828125,186280
2026-08-10 14:05:00+05:30,1183.9000244140625,1184.5999755859375,1182.699951171875,1184.4000244140625,200101
2026-08-10 14:10:00+05:30,1183.5,1184.0,1182.9000244140625,1183.4000244140625,181603
2026-08-10 14:15:00+05:30,1184.5,1185.0,1183.5999755859375,1183.9000244140625,204787
2026-08-10 14:20:00+05:30,1185.4000244140625,1186.0,1184.4000244140625,1184.5,212446
2026-08-10 14:25:00+05:30,1185.699951171875,1187.5999755859375,1183.0999755859375,1185.4000244140625,290880
2026-08-10 14:30:00+05:30,1184.699951171875,1186.4000244140625,1184.0999755859375,1185.4000244140625,106139
2026-08-10 14:35:00+05:30,1183.9000244140625,1184.9000244140625,1183.5999755859375,1184.5,66575
2026-08-10 14:40:00+05:30,1183.9000244140625,1183.9000244140625,1182.5999755859375,1183.5,60338
2026-08-10 14:45:00+05:30,1182.0999755859375,1183.9000244140625,1181.800048828125,1183.9000244140625,92152
2026-08-10 14:50:00+05:30,1183.0,1183.0,1181.5999755859375,1182.0,82315
2026-08-10 14:55:00+05:30,1183.4000244140625,1183.800048828125,1182.5999755859375,1183.0,82355
2026-08-10 15:00:00+05:30,1182.800048828125,1183.300048828125,1181.0,1183.300048828125,173726
2026-08-10 15:05:00+05:30,1182.300048828125,1183.4000244140625,1181.5999755859375,1182.5999755859375,189295
2026-08-10 15:10:00+05:30,1183.199951171875,1183.4000244140625,1180.699951171875,1181.800048828125,198143
2026-08-10 15:15:00+05:30,1183.0,1183.0,1182.0,1182.0,121185
2026-08-11 09:15:00+05:30,1189.9000244140625,1192.4000244140625,1183.199951171875,1187.300048828125,0
2026-08-11 09:20:00+05:30,1189.800048828125,1190.5,1188.0999755859375,1189.5999755859375,227022
2026-08-11 09:25:00+05:30,1189.699951171875,1190.0,1189.199951171875,1189.800048828125,110761
2026-08-11 09:30:00+05:30,1193.300048828125,1193.5,1189.0999755859375,1189.5,379597
2026-08-11 09:35:00+05:30,1191.300048828125,1193.5,1191.300048828125,1193.199951171875,139069
2026-08-11 09:40:00+05:30,1189.4000244140625,1191.300048828125,1189.0,1191.0999755859375,82591
2026-08-11 09:45:00+05:30,1189.9000244140625,1190.5,1188.800048828125,1190.5,85160
2026-08-11 09:50:00+05:30,1191.4000244140625,1192.0,1189.5,1189.5,107636
2026-08-11 09:55:00+05:30,1191.5,1191.699951171875,1190.199951171875,1191.0,114673
2026-08-11 10:00:00+05:30,1191.9000244140625,1192.0,1189.300048828125,1191.5,169880
2026-08-11 10:05:00+05:30,1189.300048828125,1192.0,1188.0999755859375,1192.0,146840
2026-08-11 10:10:00+05:30,1187.5999755859375,1189.300048828125,1187.0999755859375,1189.300048828125,72466
2026-08-11 10:15:00+05:30,1184.0,1188.300048828125,1183.5999755859375,1187.5999755859375,88446
2026-08-11 10:20:00+05:30,1185.0999755859375,1185.9000244140625,1182.0,1183.800048828125,124536
2026-08-11 10:25:00+05:30,1184.800048828125,1185.5,1183.5999755859375,1185.0999755859375,55293
2026-08-11 10:30:00+05:30,1185.0,1185.0,1183.800048828125,1184.800048828125,67485
2026-08-11 10:35:00+05:30,1184.9000244140625,1185.0,1184.300048828125,1185.0,49960
2026-08-11 10:40:00+05:30,1184.5999755859375,1185.0,1184.0999755859375,1184.5,68070
2026-08-11 10:45:00+05:30,1184.5999755859375,1185.0,1184.0,1184.9000244140625,114573
2026-08-11 10:50:00+05:30,1185.0,1185.0,1184.199951171875,1184.5999755859375,39955
2026-08-11 10:55:00+05:30,1185.0999755859375,1185.199951171875,1184.5,1184.9000244140625,92005
2026-08-11 11:00:00+05:30,1185.0,1185.5,1184.699951171875,1185.0,35006
2026-08-11 11:05:00+05:30,1185.699951171875,1186.0,1185.0,1185.0,56483
2026-08-11 11:10:00+05:30,1186.0,1186.5,1185.4000244140625,1185.5999755859375,60616
2026-08-11 11:15:00+05:30,1186.4000244140625,1187.0,1185.4000244140625,1186.0,133141
2026-08-11 11:20:00+05:30,1186.9000244140625,1188.5999755859375,1185.5999755859375,1186.5,166047
2026-08-11 11:25:00+05:30,1187.199951171875,1187.199951171875,1186.699951171875,1186.9000244140625,132419
2026-08-11 11:30:00+05:30,1189.5,1189.699951171875,1186.300048828125,1187.199951171875,187189
2026-08-11 11:35:00+05:30,1190.199951171875,1191.0,1187.800048828125,1189.199951171875,180523
2026-08-11 11:40:00+05:30,1190.699951171875,1191.5,1188.300048828125,1190.199951171875,156728
2026-08-11 11:45:00+05:30,1191.0,1191.5,1189.0999755859375,1190.699951171875,159098
2026-08-11 11:50:00+05:30,1190.5999755859375,1191.5,1189.800048828125,1191.0,138928
2026-08-11 11:55:00+05:30,1190.800048828125,1190.9000244140625,1189.199951171875,1190.9000244140625,152573
2026-08-11 12:00:00+05:30,1190.0,1190.800048828125,1189.5,1190.699951171875,162908
2026-08-11 12:05:00+05:30,1190.5,1190.699951171875,1189.699951171875,1190.0,148534
2026-08-11 12:10:00+05:30,1191.800048828125,1192.9000244140625,1190.5,1190.5,238255
2026-08-11 12:15:00+05:30,1191.0999755859375,1191.800048828125,1190.5,1191.800048828125,132868
2026-08-11 12:20:00+05:30,1190.699951171875,1191.800048828125,1190.699951171875,1191.0,143184
2026-08-11 12:25:00+05:30,1191.699951171875,1192.0,1190.9000244140625,1190.9000244140625,150457
2026-08-11 12:30:00+05:30,1190.4000244140625,1192.0,1190.0,1191.5999755859375,110284
2026-08-11 12:35:00+05:30,1190.0,1191.199951171875,1189.699951171875,1190.4000244140625,117921
2026-08-11 12:40:00+05:30,1189.800048828125,1191.199951171875,1189.0,1189.5999755859375,132686
2026-08-11 12:45:00+05:30,1190.4000244140625,1190.9000244140625,1189.699951171875,1189.800048828125,106192
2026-08-11 12:50:00+05:30,1189.300048828125,1190.800048828125,1188.800048828125,1190.4000244140625,128783
2026-08-11 12:55:00+05:30,1189.0999755859375,1189.9000244140625,1189.0999755859375,1189.699951171875,112713
2026-08-11 13:00:00+05:30,1189.699951171875,1189.9000244140625,1189.199951171875,1189.199951171875,171544
2026-08-11 13:05:00+05:30,1189.5,1189.9000244140625,1188.300048828125,1189.5999755859375,125577
2026-08-11 13:10:00+05:30,1189.0999755859375,1190.0,1188.4000244140625,1189.5,135731
2026-08-11 13:15:00+05:30,1189.5999755859375,1190.0,1189.0999755859375,1189.0999755859375,123465
2026-08-11 13:20:00+05:30,1186.9000244140625,1190.199951171875,1186.5999755859375,1189.5999755859375,202299
2026-08-11 13:25:00+05:30,1187.199951171875,1189.0999755859375,1186.800048828125,1186.9000244140625,256405
2026-08-11 13:30:00+05:30,1188.5999755859375,1188.9000244140625,1187.199951171875,1187.300048828125,121436
2026-08-11 13:35:00+05:30,1188.0,1188.699951171875,1187.0,1188.699951171875,130968
2026-08-11 13:40:00+05:30,1188.699951171875,1189.699951171875,1187.199951171875,1187.9000244140625,165699
2026-08-11 13:45:00+05:30,1188.800048828125,1189.800048828125,1188.5,1188.699951171875,137799
2026-08-11 13:50:00+05:30,1188.5,1189.199951171875,1188.199951171875,1189.0,120242
2026-08-11 13:55:00+05:30,1188.699951171875,1189.4000244140625,1187.5,1188.5999755859375,125542
2026-08-11 14:00:00+05:30,1188.199951171875,1189.0,1187.9000244140625,1188.800048828125,126150
2026-08-11 14:05:00+05:30,1189.0,1189.300048828125,1187.4000244140625,1188.199951171875,168937
2026-08-11 14:10:00+05:30,1187.699951171875,1189.199951171875,1187.699951171875,1188.9000244140625,164156
2026-08-11 14:15:00+05:30,1187.5,1188.9000244140625,1187.199951171875,1187.5999755859375,145837
2026-08-11 14:20:00+05:30,1188.800048828125,1189.699951171875,1187.5,1187.5,187146
2026-08-11 14:25:00+05:30,1187.300048828125,1189.199951171875,1186.699951171875,1188.4000244140625,163219
2026-08-11 14:30:00+05:30,1186.9000244140625,1188.0,1186.5999755859375,1187.300048828125,97062
2026-08-11 14:35:00+05:30,1186.5999755859375,1188.0999755859375,1186.0999755859375,1187.199951171875,79481
2026-08-11 14:40:00+05:30,1187.0999755859375,1188.199951171875,1186.5999755859375,1187.0,47914
2026-08-11 14:45:00+05:30,1187.5999755859375,1187.800048828125,1186.800048828125,1187.199951171875,55695
2026-08-11 14:50:00+05:30,1187.5,1188.5,1186.800048828125,1187.699951171875,165207
2026-08-11 14:55:00+05:30,1188.199951171875,1188.800048828125,1187.5,1188.0,94267
2026-08-11 15:00:00+05:30,1188.5999755859375,1188.9000244140625,1188.0,1188.0,155971
2026-08-11 15:05:00+05:30,1187.699951171875,1189.199951171875,1187.5,1188.9000244140625,240805
2026-08-11 15:10:00+05:30,1187.199951171875,1189.0999755859375,1187.0999755859375,1187.699951171875,137394
2026-08-11 15:15:00+05:30,1190.699951171875,1190.699951171875,1187.699951171875,1187.699951171875,319718
2026-08-12 09:15:00+05:30,1184.699951171875,1188.800048828125,1183.5,1188.800048828125,0
2026-08-12 09:20:00+05:30,1185.9000244140625,1186.4000244140625,1183.5,1184.699951171875,142001
2026-08-12 09:25:00+05:30,1187.9000244140625,1187.9000244140625,1185.699951171875,1186.5,113458
2026-08-12 09:30:00+05:30,1188.800048828125,1188.800048828125,1186.9000244140625,1187.699951171875,95466
2026-08-12 09:35:00+05:30,1187.9000244140625,1189.0999755859375,1186.699951171875,1188.800048828125,113967
2026-08-12 09:40:00+05:30,1189.0,1190.300048828125,1187.800048828125,1187.800048828125,119037
2026-08-12 09:45:00+05:30,1187.199951171875,1189.0999755859375,1186.699951171875,1188.9000244140625,105876
2026-08-12 09:50:00+05:30,1187.199951171875,1188.0,1186.199951171875,1186.699951171875,241871
2026-08-12 09:55:00+05:30,1184.5999755859375,1187.300048828125,1184.5999755859375,1187.199951171875,97800
2026-08-12 10:00:00+05:30,1182.4000244140625,1184.9000244140625,1181.800048828125,1184.9000244140625,136811
2026-08-12 10:05:00+05:30,1180.300048828125,1182.800048828125,1180.300048828125,1182.4000244140625,91005
2026-08-12 10:10:00+05:30,1178.5,1181.5,1178.5,1180.199951171875,138420
2026-08-12 10:15:00+05:30,1177.5,1179.4000244140625,1177.5,1178.5,96692
2026-08-12 10:20:00+05:30,1178.0999755859375,1178.5999755859375,1177.800048828125,1177.9000244140625,84395
2026-08-12 10:25:00+05:30,1177.5,1179.199951171875,1177.5,1178.0999755859375,71459
2026-08-12 10:30:00+05:30,1178.300048828125,1179.199951171875,1177.4000244140625,1177.4000244140625,81144
2026-08-12 10:35:00+05:30,1179.5,1180.0,1178.300048828125,1178.5,90506
2026-08-12 10:40:00+05:30,1179.300048828125,1179.5,1176.800048828125,1179.199951171875,79089
2026-08-12 10:45:00+05:30,1176.199951171875,1179.4000244140625,1175.5999755859375,1179.300048828125,87030
2026-08-12 10:50:00+05:30,1176.0,1177.199951171875,1175.5999755859375,1176.5,70489
2026-08-12 10:55:00+05:30,1169.0,1176.0,1168.699951171875,1176.0,180260
2026-08-12 11:00:00+05:30,1168.300048828125,1170.699951171875,1167.0,1169.4000244140625,154944
2026-08-12 11:05:00+05:30,1171.5,1171.699951171875,1167.0999755859375,1168.300048828125,156561
2026-08-12 11:10:00+05:30,1171.5999755859375,1172.0,1170.199951171875,1171.5999755859375,180203
2026-08-12 11:15:00+05:30,1171.199951171875,1171.9000244140625,1170.300048828125,1171.5,68034
2026-08-12 11:20:00+05:30,1170.199951171875,1172.0,1170.199951171875,1171.199951171875,127221
2026-08-12 11:25:00+05:30,1171.4000244140625,1171.5999755859375,1169.5999755859375,1170.199951171875,105277
2026-08-12 11:30:00+05:30,1171.5999755859375,1171.5999755859375,1170.4000244140625,1171.4000244140625,86114
2026-08-12 11:35:00+05:30,1171.5,1172.0,1170.800048828125,1171.5,63016
2026-08-12 11:40:00+05:30,1172.0,1172.0,1171.199951171875,1171.300048828125,116131
2026-08-12 11:45:00+05:30,1172.699951171875,1174.0,1171.9000244140625,1171.9000244140625,119761
2026-08-12 11:50:00+05:30,1169.0,1173.0,1169.0,1172.4000244140625,80151
2026-08-12 11:55:00+05:30,1166.9000244140625,1170.699951171875,1166.800048828125,1169.300048828125,107193
2026-08-12 12:00:00+05:30,1167.0,1168.300048828125,1166.300048828125,1166.800048828125,79267
2026-08-12 12:05:00+05:30,1165.5999755859375,1167.5999755859375,1165.5,1167.0,93234
2026-08-12 12:10:00+05:30,1165.9000244140625,1167.800048828125,1165.300048828125,1165.699951171875,210294
2026-08-12 12:15:00+05:30,1167.4000244140625,1167.9000244140625,1165.9000244140625,1166.0,86346
2026-08-12 12:20:00+05:30,1167.4000244140625,1167.699951171875,1166.800048828125,1167.199951171875,64832
2026-08-12 12:25:00+05:30,1166.300048828125,1167.699951171875,1166.199951171875,1167.4000244140625,71079
2026-08-12 12:30:00+05:30,1167.800048828125,1168.0,1165.800048828125,1166.5,78510
2026-08-12 12:35:00+05:30,1168.699951171875,1168.9000244140625,1167.5,1167.800048828125,66555
2026-08-12 12:40:00+05:30,1167.5,1169.0999755859375,1166.9000244140625,1168.699951171875,100803
2026-08-12 12:45:00+05:30,1168.0999755859375,1168.0999755859375,1166.4000244140625,1167.5999755859375,71405
2026-08-12 12:50:00+05:30,1167.9000244140625,1168.800048828125,1167.0999755859375,1168.0999755859375,115715
2026-08-12 12:55:00+05:30,1166.0,1168.199951171875,1165.699951171875,1167.9000244140625,82049
2026-08-12 13:00:00+05:30,1163.800048828125,1166.5,1163.800048828125,1165.9000244140625,121332
2026-08-12 13:05:00+05:30,1166.0,1166.0,1163.300048828125,1163.699951171875,86104
2026-08-12 13:10:00+05:30,1166.5999755859375,1167.199951171875,1165.5,1165.9000244140625,65666
2026-08-12 13:15:00+05:30,1167.300048828125,1167.699951171875,1166.5,1166.5999755859375,66792
2026-08-12 13:20:00+05:30,1167.0,1167.5,1166.699951171875,1167.300048828125,55402
2026-08-12 13:25:00+05:30,1166.5999755859375,1167.0,1165.5,1167.0,115333
2026-08-12 13:30:00+05:30,1165.9000244140625,1166.800048828125,1164.5999755859375,1166.199951171875,67437
2026-08-12 13:35:00+05:30,1165.699951171875,1166.300048828125,1165.0999755859375,1165.9000244140625,64263
2026-08-12 13:40:00+05:30,1165.9000244140625,1166.5,1165.4000244140625,1165.9000244140625,69896
2026-08-12 13:45:00+05:30,1166.300048828125,1166.9000244140625,1165.300048828125,1165.9000244140625,65269
2026-08-12 13:50:00+05:30,1165.5,1166.5,1165.4000244140625,1166.300048828125,63035
2026-08-12 13:55:00+05:30,1165.5999755859375,1166.199951171875,1165.0999755859375,1165.699951171875,59602
2026-08-12 14:00:00+05:30,1164.699951171875,1165.9000244140625,1164.5999755859375,1165.699951171875,82896
2026-08-12 14:05:00+05:30,1165.199951171875,1165.4000244140625,1164.5999755859375,1164.9000244140625,57285
2026-08-12 14:10:00+05:30,1165.0,1165.5999755859375,1164.4000244140625,1165.0,62717
2026-08-12 14:15:00+05:30,1166.0,1166.5,1164.5,1165.0,61015
2026-08-12 14:20:00+05:30,1165.199951171875,1166.0999755859375,1164.9000244140625,1166.0,64478
2026-08-12 14:25:00+05:30,1166.5999755859375,1167.0999755859375,1164.800048828125,1165.199951171875,93621
2026-08-12 14:30:00+05:30,1167.800048828125,1169.199951171875,1166.300048828125,1166.699951171875,116288
2026-08-12 14:35:00+05:30,1168.5999755859375,1168.699951171875,1166.5999755859375,1167.800048828125,74381
2026-08-12 14:40:00+05:30,1169.199951171875,1170.199951171875,1168.0,1168.5999755859375,100338
2026-08-12 14:45:00+05:30,1168.0,1169.5999755859375,1168.0,1169.199951171875,53733
2026-08-12 14:50:00+05:30,1171.199951171875,1171.199951171875,1167.4000244140625,1168.0999755859375,89413
2026-08-12 14:55:00+05:30,1171.199951171875,1172.0,1170.5,1171.300048828125,96124
2026-08-12 15:00:00+05:30,1170.800048828125,1171.9000244140625,1170.0999755859375,1171.199951171875,112854
2026-08-12 15:05:00+05:30,1170.5,1170.800048828125,1169.4000244140625,1170.800048828125,110140
2026-08-12 15:10:00+05:30,1171.800048828125,1172.4000244140625,1170.0999755859375,1170.199951171875,185317
2026-08-12 15:15:00+05:30,1176.0999755859375,1176.0999755859375,1171.800048828125,1171.800048828125,283264
2026-08-13 09:15:00+05:30,1164.5,1168.5999755859375,1161.199951171875,1168.5999755859375,0
2026-08-13 09:20:00+05:30,1164.5999755859375,1166.0,1164.300048828125,1164.9000244140625,111155
2026-08-13 09:25:00+05:30,1167.199951171875,1167.199951171875,1164.300048828125,1165.0,97421
2026-08-13 09:30:00+05:30,1167.9000244140625,1168.800048828125,1166.199951171875,1167.800048828125,103103
2026-08-13 09:35:00+05:30,1167.800048828125,1168.4000244140625,1167.5,1167.5,76608
2026-08-13 09:40:00+05:30,1165.199951171875,1167.4000244140625,1165.199951171875,1167.4000244140625,82573
2026-08-13 09:45:00+05:30,1164.699951171875,1165.4000244140625,1164.300048828125,1165.0999755859375,68926
2026-08-13 09:50:00+05:30,1163.800048828125,1164.5999755859375,1163.0999755859375,1164.5999755859375,70721
2026-08-13 09:55:00+05:30,1161.699951171875,1163.9000244140625,1161.699951171875,1163.9000244140625,78113
2026-08-13 10:00:00+05:30,1162.5,1162.5,1161.0,1161.699951171875,70630
2026-08-13 10:05:00+05:30,1163.199951171875,1163.699951171875,1161.9000244140625,1162.199951171875,79101
2026-08-13 10:10:00+05:30,1165.5999755859375,1168.0999755859375,1163.0999755859375,1163.199951171875,102565
2026-08-13 10:15:00+05:30,1163.800048828125,1166.0999755859375,1163.800048828125,1165.5,69104
2026-08-13 10:20:00+05:30,1159.9000244140625,1164.0,1159.199951171875,1164.0,147074
2026-08-13 10:25:00+05:30,1157.699951171875,1160.0999755859375,1157.5,1159.9000244140625,105917
2026-08-13 10:30:00+05:30,1158.4000244140625,1158.5,1157.0,1157.699951171875,121350
2026-08-13 10:35:00+05:30,1159.0999755859375,1159.5,1158.5999755859375,1158.5999755859375,63381
2026-08-13 10:40:00+05:30,1159.300048828125,1159.800048828125,1158.9000244140625,1159.4000244140625,57976
2026-08-13 10:45:00+05:30,1159.800048828125,1159.800048828125,1159.0999755859375,1159.199951171875,50751
2026-08-13 10:50:00+05:30,1159.800048828125,1160.0999755859375,1159.5,1159.800048828125,59296
2026-08-13 10:55:00+05:30,1160.0,1160.699951171875,1159.9000244140625,1160.0,127325
2026-08-13 11:00:00+05:30,1161.800048828125,1162.0,1159.9000244140625,1160.0999755859375,116134
2026-08-13 11:05:00+05:30,1161.5999755859375,1161.5999755859375,1160.300048828125,1161.4000244140625,52106
2026-08-13 11:10:00+05:30,1161.800048828125,1161.9000244140625,1160.4000244140625,1161.4000244140625,58746
2026-08-13 11:15:00+05:30,1163.0,1163.0,1161.699951171875,1162.0999755859375,50633
2026-08-13 11:20:00+05:30,1164.5999755859375,1164.5999755859375,1161.9000244140625,1162.699951171875,53332
2026-08-13 11:25:00+05:30,1165.0,1165.300048828125,1164.199951171875,1164.5999755859375,61537
2026-08-13 11:30:00+05:30,1164.800048828125,1165.0999755859375,1164.0999755859375,1164.9000244140625,27678
2026-08-13 11:35:00+05:30,1164.5999755859375,1164.800048828125,1164.300048828125,1164.5999755859375,27373
2026-08-13 11:40:00+05:30,1165.0,1166.0,1164.0999755859375,1164.800048828125,103563
2026-08-13 11:45:00+05:30,1168.300048828125,1169.5,1165.0,1165.0,145499
2026-08-13 11:50:00+05:30,1167.9000244140625,1169.9000244140625,1166.5,1168.300048828125,73504
2026-08-13 11:55:00+05:30,1171.0,1171.0,1167.5999755859375,1167.800048828125,88524
2026-08-13 12:00:00+05:30,1173.0,1174.0,1171.0,1171.0,120607
2026-08-13 12:05:00+05:30,1171.0999755859375,1173.0999755859375,1171.0,1172.5999755859375,46746
2026-08-13 12:10:00+05:30,1170.300048828125,1171.5,1170.0,1171.4000244140625,58293
2026-08-13 12:15:00+05:30,1169.800048828125,1170.4000244140625,1169.5,1170.4000244140625,51875
2026-08-13 12:20:00+05:30,1170.0999755859375,1171.0,1168.699951171875,1169.699951171875,88204
2026-08-13 12:25:00+05:30,1169.5,1171.0999755859375,1169.199951171875,1170.5,86079
2026-08-13 12:30:00+05:30,1171.9000244140625,1172.0,1168.9000244140625,1169.300048828125,116171
2026-08-13 12:35:00+05:30,1169.0999755859375,1171.9000244140625,1168.4000244140625,1171.800048828125,79241
2026-08-13 12:40:00+05:30,1168.5999755859375,1169.5999755859375,1168.5999755859375,1169.0999755859375,34095
2026-08-13 12:45:00+05:30,1168.699951171875,1169.199951171875,1168.4000244140625,1168.800048828125,34840
2026-08-13 12:50:00+05:30,1168.5999755859375,1168.699951171875,1167.300048828125,1168.699951171875,53931
2026-08-13 12:55:00+05:30,1169.0,1169.199951171875,1168.199951171875,1168.5,27362
2026-08-13 13:00:00+05:30,1167.5999755859375,1168.9000244140625,1167.5,1168.9000244140625,24953
2026-08-13 13:05:00+05:30,1166.5999755859375,1167.5999755859375,1166.300048828125,1167.5999755859375,44440
2026-08-13 13:10:00+05:30,1168.4000244140625,1168.5,1166.5,1166.699951171875,66026
2026-08-13 13:15:00+05:30,1168.5,1169.4000244140625,1167.0999755859375,1168.5,58051
2026-08-13 13:20:00+05:30,1168.5999755859375,1169.5,1168.0999755859375,1168.5,45570
2026-08-13 13:25:00+05:30,1167.5999755859375,1169.0999755859375,1167.5999755859375,1168.5,32163
2026-08-13 13:30:00+05:30,1167.699951171875,1167.9000244140625,1167.199951171875,1167.699951171875,93396
2026-08-13 13:35:00+05:30,1169.699951171875,1169.800048828125,1167.5,1167.699951171875,46271
2026-08-13 13:40:00+05:30,1172.5,1173.0,1169.0,1169.800048828125,69004
2026-08-13 13:45:00+05:30,1171.699951171875,1172.699951171875,1170.5,1172.300048828125,126500
2026-08-13 13:50:00+05:30,1171.199951171875,1171.800048828125,1171.0,1171.199951171875,38213
2026-08-13 13:55:00+05:30,1172.699951171875,1173.5,1171.699951171875,1171.9000244140625,79893
2026-08-13 14:00:00+05:30,1170.9000244140625,1172.699951171875,1170.300048828125,1172.5,29103
2026-08-13 14:05:00+05:30,1168.5999755859375,1170.699951171875,1168.4000244140625,1170.5,47445
2026-08-13 14:10:00+05:30,1167.9000244140625,1169.199951171875,1167.5999755859375,1168.5,108076
2026-08-13 14:15:00+05:30,1169.4000244140625,1169.800048828125,1167.9000244140625,1167.9000244140625,63633
2026-08-13 14:20:00+05:30,1170.5,1171.0,1168.800048828125,1169.699951171875,90183
2026-08-13 14:25:00+05:30,1169.0999755859375,1171.0,1168.800048828125,1170.9000244140625,72013
2026-08-13 14:30:00+05:30,1167.199951171875,1169.9000244140625,1167.0999755859375,1169.199951171875,92857
2026-08-13 14:35:00+05:30,1167.0999755859375,1167.5999755859375,1166.0,1167.199951171875,73656
2026-08-13 14:40:00+05:30,1165.9000244140625,1167.300048828125,1165.800048828125,1167.0999755859375,75232
2026-08-13 14:45:00+05:30,1165.5999755859375,1166.5,1165.0999755859375,1165.9000244140625,122126
2026-08-13 14:50:00+05:30,1165.0999755859375,1166.0,1165.0,1165.5,76248
2026-08-13 14:55:00+05:30,1164.699951171875,1165.300048828125,1164.300048828125,1165.300048828125,119509
2026-08-13 15:00:00+05:30,1167.800048828125,1167.800048828125,1164.4000244140625,1164.5999755859375,256106
2026-08-13 15:05:00+05:30,1167.5,1168.5999755859375,1166.800048828125,1167.300048828125,147449
2026-08-13 15:10:00+05:30,1168.800048828125,1168.9000244140625,1167.0999755859375,1167.5,164828
2026-08-13 15:15:00+05:30,1175.0,1175.0,1168.5999755859375,1168.5999755859375,219295
2026-08-14 09:15:00+05:30,1165.5,1172.0,1164.5,1171.699951171875,0
2026-08-14 09:20:00+05:30,1167.0,1168.300048828125,1164.699951171875,1165.199951171875,160987
2026-08-14 09:25:00+05:30,1167.199951171875,1167.300048828125,1165.5999755859375,1166.800048828125,80411
2026-08-14 09:30:00+05:30,1169.4000244140625,1170.5999755859375,1167.0,1167.0999755859375,101632
2026-08-14 09:35:00+05:30,1170.4000244140625,1171.5,1170.0,1170.0,57797
2026-08-14 09:40:00+05:30,1167.199951171875,1170.4000244140625,1166.5999755859375,1170.4000244140625,59143
2026-08-14 09:45:00+05:30,1167.199951171875,1169.300048828125,1166.5999755859375,1167.5999755859375,116101
2026-08-14 09:50:00+05:30,1166.300048828125,1167.199951171875,1166.199951171875,1167.199951171875,42446
2026-08-14 09:55:00+05:30,1169.5999755859375,1169.5999755859375,1166.0999755859375,1166.0999755859375,59327
2026-08-14 10:00:00+05:30,1170.9000244140625,1171.9000244140625,1169.4000244140625,1169.5999755859375,65543
2026-08-14 10:05:00+05:30,1171.0,1171.0999755859375,1169.5999755859375,1170.9000244140625,48252
2026-08-14 10:10:00+05:30,1170.5,1171.9000244140625,1170.300048828125,1171.0999755859375,27389
2026-08-14 10:15:00+05:30,1170.199951171875,1174.0,1170.0999755859375,1170.699951171875,101288
2026-08-14 10:20:00+05:30,1168.4000244140625,1170.5999755859375,1168.4000244140625,1170.5999755859375,46799
2026-08-14 10:25:00+05:30,1169.0,1169.0999755859375,1168.0999755859375,1168.5999755859375,35325
2026-08-14 10:30:00+05:30,1165.800048828125,1169.300048828125,1164.0999755859375,1169.0,219152
2026-08-14 10:35:00+05:30,1165.699951171875,1166.0,1165.0999755859375,1165.9000244140625,40338
2026-08-14 10:40:00+05:30,1165.5999755859375,1166.0999755859375,1165.4000244140625,1165.800048828125,53733
2026-08-14 10:45:00+05:30,1166.0,1166.699951171875,1165.199951171875,1165.5999755859375,50927
2026-08-14 10:50:00+05:30,1162.199951171875,1165.4000244140625,1162.0999755859375,1165.4000244140625,77690
2026-08-14 10:55:00+05:30,1159.4000244140625,1162.699951171875,1159.300048828125,1162.4000244140625,97954
2026-08-14 11:00:00+05:30,1161.4000244140625,1162.300048828125,1158.9000244140625,1159.5999755859375,67421
2026-08-14 11:05:00+05:30,1161.0,1161.5,1160.0999755859375,1161.300048828125,62035
2026-08-14 11:10:00+05:30,1161.300048828125,1161.800048828125,1160.9000244140625,1161.0,68038
2026-08-14 11:15:00+05:30,1162.5,1163.5999755859375,1161.300048828125,1161.300048828125,87712
2026-08-14 11:20:00+05:30,1162.199951171875,1163.699951171875,1162.0,1162.9000244140625,83927
2026-08-14 11:25:00+05:30,1161.0999755859375,1162.699951171875,1159.800048828125,1162.199951171875,104357
2026-08-14 11:30:00+05:30,1161.199951171875,1161.699951171875,1159.800048828125,1161.0,75798
2026-08-14 11:35:00+05:30,1163.0,1163.0999755859375,1160.800048828125,1161.0999755859375,48937
2026-08-14 11:40:00+05:30,1164.0999755859375,1164.199951171875,1163.0,1163.0,28221
2026-08-14 11:45:00+05:30,1164.5,1165.0,1164.0,1164.0,43687
2026-08-14 11:50:00+05:30,1165.300048828125,1165.5,1164.0999755859375,1164.5,32736
2026-08-14 11:55:00+05:30,1165.300048828125,1165.699951171875,1164.5999755859375,1165.699951171875,32099
2026-08-14 12:00:00+05:30,1163.800048828125,1165.300048828125,1163.199951171875,1165.300048828125,45743
2026-08-14 12:05:00+05:30,1168.4000244140625,1169.5,1163.800048828125,1163.9000244140625,110604
2026-08-14 12:10:00+05:30,1168.5999755859375,1169.9000244140625,1168.199951171875,1168.4000244140625,46704
2026-08-14 12:15:00+05:30,1168.699951171875,1169.0,1168.0,1168.800048828125,43350
2026-08-14 12:20:00+05:30,1168.5999755859375,1169.0,1167.800048828125,1168.5999755859375,35489
2026-08-14 12:25:00+05:30,1169.5999755859375,1169.5999755859375,1168.199951171875,1169.0,37384
2026-08-14 12:30:00+05:30,1167.5,1169.800048828125,1166.300048828125,1169.4000244140625,64210
2026-08-14 12:35:00+05:30,1168.5999755859375,1169.699951171875,1166.5,1167.300048828125,36586
2026-08-14 12:40:00+05:30,1168.800048828125,1169.199951171875,1168.4000244140625,1169.0,44516
2026-08-14 12:45:00+05:30,1170.300048828125,1170.699951171875,1168.4000244140625,1168.699951171875,55469
2026-08-14 12:50:00+05:30,1166.0999755859375,1170.5999755859375,1166.0,1170.5999755859375,278315
2026-08-14 12:55:00+05:30,1166.5999755859375,1167.0,1166.0,1166.0,42385
2026-08-14 13:00:00+05:30,1167.0,1167.0,1166.199951171875,1166.5999755859375,47916
2026-08-14 13:05:00+05:30,1167.0,1167.0,1166.5,1167.0,37289
2026-08-14 13:10:00+05:30,1164.800048828125,1167.0999755859375,1164.699951171875,1166.5999755859375,301950
2026-08-14 13:15:00+05:30,1164.199951171875,1165.0,1164.0,1164.800048828125,63945
2026-08-14 13:20:00+05:30,1166.699951171875,1167.0,1164.300048828125,1164.4000244140625,75525
2026-08-14 13:25:00+05:30,1166.9000244140625,1168.0,1166.199951171875,1166.5999755859375,116150
2026-08-14 13:30:00+05:30,1166.800048828125,1167.5999755859375,1166.0999755859375,1167.199951171875,41663
2026-08-14 13:35:00+05:30,1168.699951171875,1168.699951171875,1166.5999755859375,1166.5999755859375,59423
2026-08-14 13:40:00+05:30,1168.4000244140625,1169.699951171875,1168.0999755859375,1168.300048828125,71507
2026-08-14 13:45:00+05:30,1169.5,1170.199951171875,1168.199951171875,1168.199951171875,73705
2026-08-14 13:50:00+05:30,1168.699951171875,1169.9000244140625,1168.300048828125,1169.9000244140625,56856
2026-08-14 13:55:00+05:30,1168.699951171875,1169.5999755859375,1168.4000244140625,1168.699951171875,49040
2026-08-14 14:00:00+05:30,1168.5,1169.5999755859375,1168.5,1168.9000244140625,53721
2026-08-14 14:05:00+05:30,1167.5,1168.5999755859375,1167.5,1168.4000244140625,43450
2026-08-14 14:10:00+05:30,1167.5999755859375,1167.9000244140625,1166.699951171875,1167.5999755859375,48600
2026-08-14 14:15:00+05:30,1167.5,1168.0,1167.199951171875,1167.5999755859375,39853
2026-08-14 14:20:00+05:30,1165.0,1167.5999755859375,1164.5999755859375,1167.5,70867
2026-08-14 14:25:00+05:30,1165.300048828125,1165.800048828125,1164.9000244140625,1165.300048828125,48251
2026-08-14 14:30:00+05:30,1164.199951171875,1165.5,1163.800048828125,1165.199951171875,50674
2026-08-14 14:35:00+05:30,1166.0999755859375,1166.699951171875,1164.300048828125,1164.4000244140625,61703
2026-08-14 14:40:00+05:30,1167.0,1167.5,1165.800048828125,1166.300048828125,101736
2026-08-14 14:45:00+05:30,1168.300048828125,1168.300048828125,1166.5,1166.699951171875,75428
2026-08-14 14:50:00+05:30,1170.5,1170.9000244140625,1167.9000244140625,1168.199951171875,99775
2026-08-14 14:55:00+05:30,1170.5,1170.800048828125,1169.800048828125,1170.4000244140625,87311
2026-08-14 15:00:00+05:30,1169.9000244140625,1172.5,1169.4000244140625,1170.0999755859375,163047
2026-08-14 15:05:00+05:30,1169.699951171875,1170.0,1168.5999755859375,1169.9000244140625,157207
2026-08-14 15:10:00+05:30,1169.199951171875,1170.0,1168.0,1169.5,176740
2026-08-14 15:15:00+05:30,1169.199951171875,1169.199951171875,1169.199951171875,1169.199951171875,179528
2026-08-17 09:15:00+05:30,1160.800048828125,1166.5,1160.4000244140625,1161.5999755859375,0
2026-08-17 09:20:00+05:30,1158.300048828125,1159.5999755859375,1157.9000244140625,1159.5999755859375,66725
2026-08-17 09:25:00+05:30,1153.9000244140625,1157.4000244140625,1153.9000244140625,1157.0,74920
2026-08-17 09:30:00+05:30,1152.199951171875,1154.0,1150.5999755859375,1154.0,88085
2026-08-17 09:35:00+05:30,1152.800048828125,1153.4000244140625,1151.0,1153.0,71522
2026-08-17 09:40:00+05:30,1153.5,1156.300048828125,1152.4000244140625,1152.800048828125,59931
2026-08-17 09:45:00+05:30,1153.5999755859375,1154.199951171875,1151.5,1153.800048828125,40630
2026-08-17 09:50:00+05:30,1152.5,1153.699951171875,1152.0,1153.199951171875,29354
2026-08-17 09:55:00+05:30,1149.9000244140625,1152.4000244140625,1149.5,1152.4000244140625,86026
2026-08-17 10:00:00+05:30,1151.5,1151.699951171875,1149.5999755859375,1149.9000244140625,44781
2026-08-17 10:05:00+05:30,1151.9000244140625,1152.9000244140625,1150.0,1151.699951171875,39227
2026-08-17 10:10:00+05:30,1150.4000244140625,1151.9000244140625,1149.699951171875,1151.9000244140625,47820
2026-08-17 10:15:00+05:30,1151.9000244140625,1152.0,1150.0,1150.0,18618
2026-08-17 10:20:00+05:30,1151.5,1151.9000244140625,1150.9000244140625,1151.699951171875,14048
2026-08-17 10:25:00+05:30,1151.5999755859375,1151.5999755859375,1150.5,1151.5,21478
2026-08-17 10:30:00+05:30,1150.699951171875,1152.800048828125,1149.5999755859375,1151.5999755859375,44148
2026-08-17 10:35:00+05:30,1149.699951171875,1150.9000244140625,1149.199951171875,1150.4000244140625,38944
2026-08-17 10:40:00+05:30,1145.0,1150.0,1144.5,1150.0,123025
2026-08-17 10:45:00+05:30,1144.0999755859375,1145.5,1141.5999755859375,1145.0,159542
2026-08-17 10:50:00+05:30,1143.199951171875,1144.5,1142.5,1143.9000244140625,37720
2026-08-17 10:55:00+05:30,1143.300048828125,1143.5999755859375,1142.4000244140625,1143.199951171875,32224
2026-08-17 11:00:00+05:30,1144.199951171875,1144.199951171875,1142.5,1143.0,40846
2026-08-17 11:05:00+05:30,1139.800048828125,1143.9000244140625,1139.5,1143.9000244140625,395953
2026-08-17 11:10:00+05:30,1140.5,1141.0,1139.199951171875,1139.5999755859375,156006
2026-08-17 11:15:00+05:30,1141.0,1142.4000244140625,1140.4000244140625,1140.9000244140625,168826
2026-08-17 11:20:00+05:30,1139.5,1141.4000244140625,1139.300048828125,1140.9000244140625,99361
2026-08-17 11:25:00+05:30,1139.5999755859375,1140.5,1138.4000244140625,1139.5,126292
2026-08-17 11:30:00+05:30,1140.4000244140625,1140.4000244140625,1139.300048828125,1139.5,266452
2026-08-17 11:35:00+05:30,1139.199951171875,1140.800048828125,1139.199951171875,1140.0,32506
2026-08-17 11:40:00+05:30,1139.9000244140625,1140.5999755859375,1138.699951171875,1139.699951171875,34484
2026-08-17 11:45:00+05:30,1142.0999755859375,1142.5999755859375,1139.699951171875,1139.9000244140625,43646
2026-08-17 11:50:00+05:30,1141.199951171875,1142.5999755859375,1141.0,1142.300048828125,75277
2026-08-17 11:55:00+05:30,1142.0999755859375,1142.800048828125,1141.0999755859375,1141.0999755859375,43226
2026-08-17 12:00:00+05:30,1142.4000244140625,1142.5,1142.0,1142.0999755859375,27330
2026-08-17 12:05:00+05:30,1141.800048828125,1142.800048828125,1141.699951171875,1142.4000244140625,25306
2026-08-17 12:10:00+05:30,1143.4000244140625,1144.0,1141.4000244140625,1142.0,38851
2026-08-17 12:15:00+05:30,1143.699951171875,1144.9000244140625,1143.300048828125,1143.800048828125,40605
2026-08-17 12:20:00+05:30,1144.0,1144.199951171875,1143.199951171875,1143.699951171875,28155
2026-08-17 12:25:00+05:30,1144.0999755859375,1144.199951171875,1143.300048828125,1144.0,15790
2026-08-17 12:30:00+05:30,1143.800048828125,1144.0,1143.199951171875,1143.5999755859375,15899
2026-08-17 12:35:00+05:30,1144.0,1144.199951171875,1143.5,1143.5999755859375,17694
2026-08-17 12:40:00+05:30,1143.199951171875,1144.0999755859375,1143.0,1144.0,21743
2026-08-17 12:45:00+05:30,1143.300048828125,1144.5999755859375,1143.0,1143.0,48053
2026-08-17 12:50:00+05:30,1144.199951171875,1144.800048828125,1143.300048828125,1143.300048828125,42705
2026-08-17 12:55:00+05:30,1143.4000244140625,1144.699951171875,1143.0,1144.199951171875,33555
2026-08-17 13:00:00+05:30,1144.0,1144.5999755859375,1143.300048828125,1143.5,34711
2026-08-17 13:05:00+05:30,1143.199951171875,1144.800048828125,1143.0,1144.0,36692
2026-08-17 13:10:00+05:30,1144.199951171875,1144.4000244140625,1142.9000244140625,1143.5,39209
2026-08-17 13:15:00+05:30,1145.0,1145.0,1143.800048828125,1143.800048828125,33527
2026-08-17 13:20:00+05:30,1145.0,1145.0999755859375,1144.4000244140625,1144.9000244140625,24517
2026-08-17 13:25:00+05:30,1145.0999755859375,1145.4000244140625,1144.5999755859375,1145.0,24369
2026-08-17 13:30:00+05:30,1144.699951171875,1145.5,1144.0,1145.300048828125,42415
2026-08-17 13:35:00+05:30,1144.0999755859375,1145.0999755859375,1144.0,1144.199951171875,29637
2026-08-17 13:40:00+05:30,1144.4000244140625,1145.0999755859375,1143.699951171875,1144.5,75995
2026-08-17 13:45:00+05:30,1144.800048828125,1145.5,1144.5,1144.699951171875,30434
2026-08-17 13:50:00+05:30,1144.5,1145.199951171875,1144.199951171875,1145.199951171875,22905
2026-08-17 13:55:00+05:30,1144.5,1145.0,1143.800048828125,1144.5,22808
2026-08-17 14:00:00+05:30,1145.9000244140625,1146.800048828125,1143.800048828125,1143.9000244140625,91986
2026-08-17 14:05:00+05:30,1145.300048828125,1146.0,1145.300048828125,1145.5,14788
2026-08-17 14:10:00+05:30,1144.199951171875,1145.699951171875,1143.800048828125,1145.199951171875,45802
2026-08-17 14:15:00+05:30,1144.199951171875,1144.800048828125,1143.199951171875,1144.199951171875,46261
2026-08-17 14:20:00+05:30,1143.5999755859375,1144.800048828125,1143.0999755859375,1143.699951171875,37297
2026-08-17 14:25:00+05:30,1143.5999755859375,1144.800048828125,1143.5,1144.0,35063
2026-08-17 14:30:00+05:30,1144.0999755859375,1144.5999755859375,1143.4000244140625,1143.5999755859375,41107
2026-08-17 14:35:00+05:30,1143.9000244140625,1144.5999755859375,1142.800048828125,1144.300048828125,92952
2026-08-17 14:40:00+05:30,1142.800048828125,1144.0,1142.800048828125,1143.4000244140625,61221
2026-08-17 14:45:00+05:30,1142.300048828125,1143.300048828125,1142.199951171875,1142.800048828125,63988
2026-08-17 14:50:00+05:30,1142.0,1143.0,1141.5999755859375,1142.199951171875,75340
2026-08-17 14:55:00+05:30,1141.0999755859375,1142.0,1141.0,1141.5999755859375,77065
2026-08-17 15:00:00+05:30,1140.9000244140625,1141.300048828125,1140.4000244140625,1140.5999755859375,102460
2026-08-17 15:05:00+05:30,1138.699951171875,1140.5,1137.9000244140625,1140.5,348634
2026-08-17 15:10:00+05:30,1137.0,1139.4000244140625,1130.0,1138.800048828125,952633
2026-08-17 15:15:00+05:30,1139.9000244140625,1139.9000244140625,1136.0999755859375,1136.0999755859375,190342
2026-08-18 09:15:00+05:30,1121.0,1128.5999755859375,1120.4000244140625,1122.5,0
2026-08-18 09:20:00+05:30,1121.5,1123.9000244140625,1120.4000244140625,1120.4000244140625,190493
2026-08-18 09:25:00+05:30,1120.0,1123.300048828125,1119.4000244140625,1121.4000244140625,155891
2026-08-18 09:30:00+05:30,1119.0999755859375,1120.5,1118.5,1120.0,115233
2026-08-18 09:35:00+05:30,1118.800048828125,1122.5999755859375,1118.5,1119.0,124190
2026-08-18 09:40:00+05:30,1120.0,1120.0,1118.199951171875,1118.699951171875,67255
2026-08-18 09:45:00+05:30,1119.5,1121.300048828125,1117.5,1120.0,247061
2026-08-18 09:50:00+05:30,1120.4000244140625,1121.4000244140625,1118.4000244140625,1119.300048828125,64901
2026-08-18 09:55:00+05:30,1119.4000244140625,1121.0,1119.300048828125,1120.4000244140625,33680
2026-08-18 10:00:00+05:30,1119.4000244140625,1119.800048828125,1118.699951171875,1119.300048828125,66990
2026-08-18 10:05:00+05:30,1118.699951171875,1119.699951171875,1118.5,1119.300048828125,33282
2026-08-18 10:10:00+05:30,1118.699951171875,1119.0,1118.199951171875,1118.800048828125,36386
2026-08-18 10:15:00+05:30,1119.199951171875,1119.9000244140625,1118.699951171875,1118.9000244140625,48866
2026-08-18 10:20:00+05:30,1120.0,1120.0999755859375,1119.0999755859375,1119.199951171875,77776
2026-08-18 10:25:00+05:30,1121.4000244140625,1122.300048828125,1119.0,1120.0,226638
2026-08-18 10:30:00+05:30,1121.800048828125,1122.5,1119.5999755859375,1121.199951171875,117819
2026-08-18 10:35:00+05:30,1120.5,1122.199951171875,1120.4000244140625,1121.9000244140625,107431
2026-08-18 10:40:00+05:30,1119.0,1120.9000244140625,1118.5,1120.4000244140625,91362
2026-08-18 10:45:00+05:30,1119.5,1120.0,1118.199951171875,1119.0,153692
2026-08-18 10:50:00+05:30,1117.5999755859375,1120.0,1117.5,1119.5999755859375,85259
2026-08-18 10:55:00+05:30,1117.699951171875,1117.800048828125,1116.4000244140625,1117.800048828125,97517
2026-08-18 11:00:00+05:30,1117.9000244140625,1117.9000244140625,1117.0,1117.699951171875,40467
2026-08-18 11:05:00+05:30,1116.699951171875,1117.9000244140625,1116.5,1117.800048828125,38980
2026-08-18 11:10:00+05:30,1116.800048828125,1117.0,1116.199951171875,1117.0,54385
2026-08-18 11:15:00+05:30,1115.4000244140625,1116.800048828125,1114.5999755859375,1116.800048828125,257712
2026-08-18 11:20:00+05:30,1115.699951171875,1116.699951171875,1114.0,1115.4000244140625,278337
2026-08-18 11:25:00+05:30,1112.9000244140625,1115.699951171875,1112.800048828125,1115.699951171875,180658
2026-08-18 11:30:00+05:30,1114.5,1114.800048828125,1112.699951171875,1113.300048828125,56763
2026-08-18 11:35:00+05:30,1114.9000244140625,1115.0999755859375,1114.199951171875,1114.5,41145
2026-08-18 11:40:00+05:30,1114.5,1115.5,1114.0999755859375,1114.9000244140625,56537
2026-08-18 11:45:00+05:30,1113.800048828125,1115.800048828125,1113.800048828125,1114.5,58373
2026-08-18 11:50:00+05:30,1114.4000244140625,1115.0,1114.0,1114.0,28543
2026-08-18 11:55:00+05:30,1115.5999755859375,1115.5999755859375,1112.9000244140625,1114.4000244140625,170268
2026-08-18 12:00:00+05:30,1115.199951171875,1115.5,1114.5,1115.5,50269
2026-08-18 12:05:00+05:30,1115.0999755859375,1115.699951171875,1114.5999755859375,1115.199951171875,48313
2026-08-18 12:10:00+05:30,1114.699951171875,1115.699951171875,1114.5,1115.5,38487
2026-08-18 12:15:00+05:30,1113.0999755859375,1115.0999755859375,1112.9000244140625,1114.699951171875,93395
2026-08-18 12:20:00+05:30,1113.5999755859375,1114.0999755859375,1112.9000244140625,1112.9000244140625,45595
2026-08-18 12:25:00+05:30,1114.0999755859375,1114.699951171875,1113.0,1113.5999755859375,68721
2026-08-18 12:30:00+05:30,1115.9000244140625,1115.9000244140625,1114.0,1114.199951171875,50363
2026-08-18 12:35:00+05:30,1115.800048828125,1116.800048828125,1115.0999755859375,1116.300048828125,42953
2026-08-18 12:40:00+05:30,1115.800048828125,1116.199951171875,1115.0999755859375,1115.800048828125,24274
2026-08-18 12:45:00+05:30,1115.9000244140625,1116.199951171875,1115.199951171875,1115.4000244140625,86442
2026-08-18 12:50:00+05:30,1114.9000244140625,1116.0999755859375,1114.800048828125,1115.800048828125,68324
2026-08-18 12:55:00+05:30,1114.0,1115.199951171875,1113.800048828125,1115.0,73768
2026-08-18 13:00:00+05:30,1113.199951171875,1114.0,1112.699951171875,1114.0,75295
2026-08-18 13:05:00+05:30,1113.699951171875,1114.0999755859375,1113.0,1113.199951171875,108963
2026-08-18 13:10:00+05:30,1115.0,1115.0,1113.0,1113.5999755859375,161562
2026-08-18 13:15:00+05:30,1116.0999755859375,1116.300048828125,1115.4000244140625,1115.5,74072
2026-08-18 13:20:00+05:30,1116.5,1117.0,1116.0999755859375,1116.300048828125,74285
2026-08-18 13:25:00+05:30,1118.5,1118.5,1116.5999755859375,1116.5999755859375,89360
2026-08-18 13:30:00+05:30,1117.5999755859375,1118.5,1116.9000244140625,1118.300048828125,88234
2026-08-18 13:35:00+05:30,1116.5,1117.5999755859375,1116.0,1117.5999755859375,60295
2026-08-18 13:40:00+05:30,1116.300048828125,1117.0,1116.0,1116.699951171875,44446
2026-08-18 13:45:00+05:30,1117.199951171875,1117.5,1116.0,1116.199951171875,49477
2026-08-18 13:50:00+05:30,1117.199951171875,1117.800048828125,1116.5999755859375,1117.0999755859375,46744
2026-08-18 13:55:00+05:30,1117.300048828125,1117.5999755859375,1116.699951171875,1117.0,69828
2026-08-18 14:00:00+05:30,1117.4000244140625,1117.5,1116.0999755859375,1117.300048828125,54582
2026-08-18 14:05:00+05:30,1116.300048828125,1117.5999755859375,1115.4000244140625,1117.300048828125,89350
2026-08-18 14:10:00+05:30,1115.5999755859375,1116.699951171875,1115.0999755859375,1116.0,48529
2026-08-18 14:15:00+05:30,1115.5999755859375,1116.699951171875,1115.0999755859375,1115.699951171875,59181
2026-08-18 14:20:00+05:30,1115.300048828125,1116.5999755859375,1114.5999755859375,1115.699951171875,80669
2026-08-18 14:25:00+05:30,1114.9000244140625,1115.5999755859375,1114.300048828125,1115.199951171875,112374
2026-08-18 14:30:00+05:30,1116.5999755859375,1117.5999755859375,1115.0,1115.199951171875,304013
2026-08-18 14:35:00+05:30,1117.5,1118.0,1116.300048828125,1116.9000244140625,335897
2026-08-18 14:40:00+05:30,1116.9000244140625,1117.9000244140625,1116.199951171875,1117.5,158617
2026-08-18 14:45:00+05:30,1117.0999755859375,1117.699951171875,1116.699951171875,1117.0,62433
2026-08-18 14:50:00+05:30,1115.800048828125,1117.4000244140625,1115.199951171875,1117.0999755859375,104348
2026-08-18 14:55:00+05:30,1115.0,1116.0,1114.699951171875,1115.300048828125,376537
2026-08-18 15:00:00+05:30,1114.699951171875,1116.300048828125,1114.199951171875,1115.0999755859375,194121
2026-08-18 15:05:00+05:30,1114.0,1115.0,1113.300048828125,1114.4000244140625,446263
2026-08-18 15:10:00+05:30,1114.199951171875,1114.9000244140625,1112.9000244140625,1113.800048828125,408582
2026-08-18 15:15:00+05:30,1115.0,1115.0,1113.800048828125,1113.800048828125,513052
2026-08-19 09:15:00+05:30,1126.5999755859375,1134.4000244140625,1126.0999755859375,1126.300048828125,0
2026-08-19 09:20:00+05:30,1125.699951171875,1126.5999755859375,1123.0999755859375,1126.5999755859375,268269
2026-08-19 09:25:00+05:30,1129.0,1129.199951171875,1124.9000244140625,1126.0,229625
2026-08-19 09:30:00+05:30,1127.4000244140625,1129.5999755859375,1127.0999755859375,1128.9000244140625,144654
2026-08-19 09:35:00+05:30,1128.300048828125,1128.300048828125,1126.0999755859375,1127.5,104821
2026-08-19 09:40:00+05:30,1128.0,1128.4000244140625,1125.300048828125,1128.300048828125,103167
2026-08-19 09:45:00+05:30,1125.5,1128.199951171875,1125.0,1128.0,78949
2026-08-19 09:50:00+05:30,1124.800048828125,1126.199951171875,1123.9000244140625,1125.5,85301
2026-08-19 09:55:00+05:30,1124.4000244140625,1125.0,1123.4000244140625,1124.5999755859375,93884
2026-08-19 10:00:00+05:30,1123.0,1124.800048828125,1121.800048828125,1124.4000244140625,132264
2026-08-19 10:05:00+05:30,1120.4000244140625,1123.0,1120.300048828125,1122.9000244140625,104542
2026-08-19 10:10:00+05:30,1121.199951171875,1121.800048828125,1119.5,1120.5,117421
2026-08-19 10:15:00+05:30,1118.5,1122.699951171875,1118.300048828125,1121.0999755859375,198152
2026-08-19 10:20:00+05:30,1117.5999755859375,1118.9000244140625,1117.199951171875,1118.5,107399
2026-08-19 10:25:00+05:30,1117.5999755859375,1117.800048828125,1116.300048828125,1117.699951171875,89891
2026-08-19 10:30:00+05:30,1116.800048828125,1118.300048828125,1116.300048828125,1117.5,223921
2026-08-19 10:35:00+05:30,1118.9000244140625,1120.0,1116.5,1116.9000244140625,86740
2026-08-19 10:40:00+05:30,1118.5,1119.9000244140625,1117.5,1118.9000244140625,115754
2026-08-19 10:45:00+05:30,1119.4000244140625,1119.5,1117.0999755859375,1118.5,127466
2026-08-19 10:50:00+05:30,1117.9000244140625,1119.699951171875,1117.800048828125,1119.4000244140625,59845
2026-08-19 10:55:00+05:30,1116.5999755859375,1118.5,1116.300048828125,1117.9000244140625,76134
2026-08-19 11:00:00+05:30,1114.5,1116.5,1113.800048828125,1116.5,115228
2026-08-19 11:05:00+05:30,1114.300048828125,1115.5,1113.9000244140625,1114.5999755859375,78356
2026-08-19 11:10:00+05:30,1116.4000244140625,1116.699951171875,1114.0,1114.5,86694
2026-08-19 11:15:00+05:30,1118.4000244140625,1118.5999755859375,1115.5,1116.300048828125,74084
2026-08-19 11:20:00+05:30,1119.699951171875,1119.800048828125,1117.5999755859375,1118.4000244140625,94517
2026-08-19 11:25:00+05:30,1121.5999755859375,1121.9000244140625,1118.9000244140625,1119.699951171875,93945
2026-08-19 11:30:00+05:30,1121.199951171875,1122.699951171875,1120.300048828125,1121.5999755859375,70627
2026-08-19 11:35:00+05:30,1122.5,1122.699951171875,1120.199951171875,1121.0999755859375,55612
2026-08-19 11:40:00+05:30,1123.300048828125,1124.0,1122.5,1122.5,76420
2026-08-19 11:45:00+05:30,1123.199951171875,1124.199951171875,1122.300048828125,1123.4000244140625,65206
2026-08-19 11:50:00+05:30,1120.699951171875,1123.800048828125,1120.4000244140625,1123.4000244140625,81687
2026-08-19 11:55:00+05:30,1119.0,1120.800048828125,1118.800048828125,1120.800048828125,111243
2026-08-19 12:00:00+05:30,1118.0,1119.4000244140625,1118.0,1119.4000244140625,81918
2026-08-19 12:05:00+05:30,1119.4000244140625,1120.0,1117.5,1117.9000244140625,101180
2026-08-19 12:10:00+05:30,1120.800048828125,1121.300048828125,1119.4000244140625,1119.5,67392
2026-08-19 12:15:00+05:30,1122.0999755859375,1122.5,1120.9000244140625,1121.0,51057
2026-08-19 12:20:00+05:30,1119.9000244140625,1122.5,1119.800048828125,1122.199951171875,100393
2026-08-19 12:25:00+05:30,1120.4000244140625,1120.9000244140625,1119.300048828125,1120.0,69781
2026-08-19 12:30:00+05:30,1119.300048828125,1120.5999755859375,1119.0,1120.5,38160
2026-08-19 12:35:00+05:30,1119.4000244140625,1120.0,1119.199951171875,1119.300048828125,41246
2026-08-19 12:40:00+05:30,1119.800048828125,1120.0,1119.300048828125,1119.5,52376
2026-08-19 12:45:00+05:30,1118.9000244140625,1119.9000244140625,1118.0999755859375,1119.9000244140625,59351
2026-08-19 12:50:00+05:30,1118.699951171875,1119.4000244140625,1118.0999755859375,1118.9000244140625,37513
2026-08-19 12:55:00+05:30,1119.0,1119.300048828125,1118.199951171875,1118.5,43034
2026-08-19 13:00:00+05:30,1119.300048828125,1119.4000244140625,1118.0999755859375,1119.0,68899
2026-08-19 13:05:00+05:30,1120.199951171875,1120.5999755859375,1118.4000244140625,1119.0999755859375,49524
2026-08-19 13:10:00+05:30,1119.4000244140625,1120.5,1119.300048828125,1120.5,36186
2026-08-19 13:15:00+05:30,1120.0,1120.5999755859375,1119.199951171875,1119.5,41133
2026-08-19 13:20:00+05:30,1120.0999755859375,1120.300048828125,1119.5,1120.0999755859375,40559
2026-08-19 13:25:00+05:30,1119.9000244140625,1120.5999755859375,1119.699951171875,1120.0999755859375,35834
2026-08-19 13:30:00+05:30,1119.300048828125,1120.300048828125,1119.199951171875,1120.0,36204
2026-08-19 13:35:00+05:30,1119.9000244140625,1120.199951171875,1119.199951171875,1119.4000244140625,53091
2026-08-19 13:40:00+05:30,1117.800048828125,1120.0,1117.699951171875,1119.9000244140625,74932
2026-08-19 13:45:00+05:30,1117.699951171875,1118.5,1117.5999755859375,1117.9000244140625,42760
2026-08-19 13:50:00+05:30,1117.800048828125,1118.0,1117.5,1117.9000244140625,51943
2026-08-19 13:55:00+05:30,1117.9000244140625,1118.9000244140625,1117.800048828125,1118.0,50441
2026-08-19 14:00:00+05:30,1117.9000244140625,1118.5,1117.5,1118.0,122122
2026-08-19 14:05:00+05:30,1118.5999755859375,1119.4000244140625,1117.9000244140625,1118.0,73157
2026-08-19 14:10:00+05:30,1120.0999755859375,1122.199951171875,1118.5999755859375,1118.699951171875,197434
2026-08-19 14:15:00+05:30,1118.0999755859375,1120.199951171875,1118.0,1120.199951171875,98048
2026-08-19 14:20:00+05:30,1116.0999755859375,1118.300048828125,1115.5999755859375,1118.199951171875,130457
2026-08-19 14:25:00+05:30,1118.0999755859375,1118.699951171875,1116.0,1116.199951171875,126861
2026-08-19 14:30:00+05:30,1118.5,1118.800048828125,1117.800048828125,1118.0999755859375,90923
2026-08-19 14:35:00+05:30,1117.699951171875,1119.4000244140625,1117.5999755859375,1118.5,171941
2026-08-19 14:40:00+05:30,1117.199951171875,1118.0,1116.9000244140625,1117.699951171875,170835
2026-08-19 14:45:00+05:30,1117.0,1117.699951171875,1116.5,1117.4000244140625,85686
2026-08-19 14:50:00+05:30,1116.5,1117.300048828125,1116.199951171875,1116.9000244140625,112951
2026-08-19 14:55:00+05:30,1115.699951171875,1117.0,1114.800048828125,1116.699951171875,239818
2026-08-19 15:00:00+05:30,1116.9000244140625,1117.9000244140625,1115.9000244140625,1115.9000244140625,248703
2026-08-19 15:05:00+05:30,1115.9000244140625,1117.300048828125,1114.5999755859375,1117.199951171875,506111
2026-08-19 15:10:00+05:30,1119.9000244140625,1119.9000244140625,1115.699951171875,1116.0,199086
2026-08-19 15:15:00+05:30,1119.800048828125,1119.800048828125,1119.699951171875,1119.699951171875,252504
2026-08-20 09:15:00+05:30,1133.0,1142.0,1133.0,1141.0,0
2026-08-20 09:20:00+05:30,1136.199951171875,1136.699951171875,1133.0999755859375,1133.0999755859375,185094
2026-08-20 09:25:00+05:30,1136.0,1137.5999755859375,1135.9000244140625,1136.300048828125,105969
2026-08-20 09:30:00+05:30,1141.0,1141.0999755859375,1135.5,1136.300048828125,209029
2026-08-20 09:35:00+05:30,1141.0,1142.800048828125,1138.5999755859375,1141.5,208517
2026-08-20 09:40:00+05:30,1140.4000244140625,1141.9000244140625,1140.0,1141.4000244140625,127706
2026-08-20 09:45:00+05:30,1140.5999755859375,1141.699951171875,1140.0,1140.9000244140625,119784
2026-08-20 09:50:00+05:30,1139.0999755859375,1140.800048828125,1139.0999755859375,1140.4000244140625,78203
2026-08-20 09:55:00+05:30,1138.800048828125,1140.800048828125,1138.699951171875,1139.5,108459
2026-08-20 10:00:00+05:30,1140.5999755859375,1140.9000244140625,1139.0999755859375,1139.199951171875,60808
2026-08-20 10:05:00+05:30,1140.699951171875,1142.9000244140625,1140.199951171875,1140.699951171875,100252
2026-08-20 10:10:00+05:30,1139.4000244140625,1141.0,1138.4000244140625,1140.699951171875,47857
2026-08-20 10:15:00+05:30,1139.300048828125,1139.5,1138.5,1139.4000244140625,31920
2026-08-20 10:20:00+05:30,1139.0,1139.5,1138.300048828125,1139.4000244140625,36119
2026-08-20 10:25:00+05:30,1137.199951171875,1139.300048828125,1136.5999755859375,1138.800048828125,74574
2026-08-20 10:30:00+05:30,1137.5999755859375,1138.4000244140625,1136.199951171875,1137.199951171875,41800
2026-08-20 10:35:00+05:30,1136.9000244140625,1137.800048828125,1136.4000244140625,1137.5999755859375,25066
2026-08-20 10:40:00+05:30,1137.300048828125,1137.9000244140625,1136.5999755859375,1136.800048828125,33180
2026-08-20 10:45:00+05:30,1139.300048828125,1139.800048828125,1137.199951171875,1137.4000244140625,120299
2026-08-20 10:50:00+05:30,1138.9000244140625,1139.9000244140625,1138.0999755859375,1139.4000244140625,53801
2026-08-20 10:55:00+05:30,1138.800048828125,1139.199951171875,1138.0,1139.0,48618
2026-08-20 11:00:00+05:30,1135.5,1139.4000244140625,1135.5,1138.699951171875,106119
2026-08-20 11:05:00+05:30,1133.4000244140625,1136.0,1133.300048828125,1135.5999755859375,81539
2026-08-20 11:10:00+05:30,1131.199951171875,1134.0,1130.5999755859375,1133.300048828125,122099
2026-08-20 11:15:00+05:30,1130.5999755859375,1131.9000244140625,1129.699951171875,1131.199951171875,114835
2026-08-20 11:20:00+05:30,1129.0,1130.9000244140625,1128.5,1130.5,66888
2026-08-20 11:25:00+05:30,1128.5,1129.800048828125,1128.5,1129.0999755859375,57916
2026-08-20 11:30:00+05:30,1127.0,1129.800048828125,1127.0,1128.5999755859375,76465
2026-08-20 11:35:00+05:30,1126.699951171875,1127.699951171875,1126.5,1127.0,65797
2026-08-20 11:40:00+05:30,1129.699951171875,1130.0,1125.699951171875,1126.699951171875,134875
2026-08-20 11:45:00+05:30,1130.699951171875,1132.0,1129.5,1129.5999755859375,154958
2026-08-20 11:50:00+05:30,1132.300048828125,1132.800048828125,1130.9000244140625,1130.9000244140625,112117
2026-08-20 11:55:00+05:30,1131.0,1132.5,1130.5,1132.4000244140625,101750
2026-08-20 12:00:00+05:30,1130.4000244140625,1131.4000244140625,1129.800048828125,1131.0,86232
2026-08-20 12:05:00+05:30,1129.4000244140625,1130.5999755859375,1129.0,1130.300048828125,112570
2026-08-20 12:10:00+05:30,1128.300048828125,1129.800048828125,1128.199951171875,1129.4000244140625,94495
2026-08-20 12:15:00+05:30,1129.800048828125,1131.0,1128.300048828125,1128.4000244140625,134786
2026-08-20 12:20:00+05:30,1130.0,1131.4000244140625,1129.300048828125,1130.0,107837
2026-08-20 12:25:00+05:30,1131.0,1131.0999755859375,1129.800048828125,1130.0,76179
2026-08-20 12:30:00+05:30,1130.800048828125,1131.699951171875,1130.300048828125,1130.9000244140625,77737
2026-08-20 12:35:00+05:30,1130.0,1131.199951171875,1129.800048828125,1130.800048828125,109439
2026-08-20 12:40:00+05:30,1128.699951171875,1130.199951171875,1128.300048828125,1129.9000244140625,112765
2026-08-20 12:45:00+05:30,1128.800048828125,1130.0,1128.699951171875,1128.800048828125,166067
2026-08-20 12:50:00+05:30,1133.5,1133.5999755859375,1128.5,1128.699951171875,162931
2026-08-20 12:55:00+05:30,1133.4000244140625,1134.0,1132.300048828125,1133.4000244140625,153817
2026-08-20 13:00:00+05:30,1134.4000244140625,1135.0,1133.4000244140625,1133.699951171875,113866
2026-08-20 13:05:00+05:30,1133.699951171875,1134.800048828125,1133.5,1134.4000244140625,98468
2026-08-20 13:10:00+05:30,1134.800048828125,1135.0,1132.699951171875,1133.699951171875,119783
2026-08-20 13:15:00+05:30,1134.9000244140625,1135.5,1134.199951171875,1134.800048828125,110854
2026-08-20 13:20:00+05:30,1135.9000244140625,1135.9000244140625,1134.300048828125,1135.0,94767
2026-08-20 13:25:00+05:30,1136.0999755859375,1136.4000244140625,1134.9000244140625,1135.5999755859375,92699
2026-08-20 13:30:00+05:30,1135.0999755859375,1136.199951171875,1134.699951171875,1136.199951171875,97277
2026-08-20 13:35:00+05:30,1136.4000244140625,1136.699951171875,1135.0,1135.0999755859375,91881
2026-08-20 13:40:00+05:30,1138.0,1138.4000244140625,1136.199951171875,1136.5,122425
2026-08-20 13:45:00+05:30,1138.4000244140625,1139.5,1138.0,1138.0999755859375,106831
2026-08-20 13:50:00+05:30,1135.9000244140625,1138.699951171875,1135.0,1138.300048828125,161618
2026-08-20 13:55:00+05:30,1134.4000244140625,1135.800048828125,1133.5999755859375,1135.800048828125,103201
2026-08-20 14:00:00+05:30,1133.9000244140625,1134.9000244140625,1133.5,1134.0,90544
2026-08-20 14:05:00+05:30,1132.5,1134.0,1131.199951171875,1133.800048828125,196211
2026-08-20 14:10:00+05:30,1134.5,1134.5,1132.0,1132.5,83732
2026-08-20 14:15:00+05:30,1134.5999755859375,1135.4000244140625,1133.199951171875,1134.0,135400
2026-08-20 14:20:00+05:30,1133.9000244140625,1135.199951171875,1133.4000244140625,1134.800048828125,218062
2026-08-20 14:25:00+05:30,1132.9000244140625,1134.4000244140625,1132.199951171875,1134.0,227564
2026-08-20 14:30:00+05:30,1131.0,1133.199951171875,1130.0,1132.9000244140625,177674
2026-08-20 14:35:00+05:30,1130.5999755859375,1131.5999755859375,1130.4000244140625,1131.5,49840
2026-08-20 14:40:00+05:30,1129.4000244140625,1131.5,1129.0999755859375,1130.800048828125,61183
2026-08-20 14:45:00+05:30,1129.5,1130.5,1128.5999755859375,1129.300048828125,82132
2026-08-20 14:50:00+05:30,1129.5999755859375,1131.0,1129.0,1129.5,141380
2026-08-20 14:55:00+05:30,1129.0,1129.800048828125,1128.5,1129.800048828125,97866
2026-08-20 15:00:00+05:30,1129.699951171875,1130.199951171875,1129.0,1129.0,102797
2026-08-20 15:05:00+05:30,1129.5,1130.0,1128.5,1129.699951171875,140834
2026-08-20 15:10:00+05:30,1130.0,1130.0,1128.0,1129.4000244140625,333814
2026-08-21 09:15:00+05:30,1121.4000244140625,1133.0999755859375,1119.5999755859375,1133.0999755859375,0
2026-08-21 09:20:00+05:30,1124.199951171875,1124.5,1120.800048828125,1120.800048828125,109922
2026-08-21 09:25:00+05:30,1122.0,1125.0999755859375,1122.0,1124.0999755859375,92531
2026-08-21 09:30:00+05:30,1119.9000244140625,1123.0,1118.4000244140625,1122.5,141351
2026-08-21 09:35:00+05:30,1120.0999755859375,1120.699951171875,1119.199951171875,1119.9000244140625,81463
2026-08-21 09:40:00+05:30,1122.5999755859375,1122.800048828125,1119.800048828125,1119.800048828125,78928
2026-08-21 09:45:00+05:30,1124.0,1124.300048828125,1122.300048828125,1122.699951171875,66878
2026-08-21 09:50:00+05:30,1128.9000244140625,1130.300048828125,1123.9000244140625,1123.9000244140625,146265
2026-08-21 09:55:00+05:30,1128.800048828125,1129.300048828125,1128.0999755859375,1129.0,77784
2026-08-21 10:00:00+05:30,1127.5999755859375,1128.800048828125,1126.300048828125,1128.800048828125,138448
2026-08-21 10:05:00+05:30,1126.699951171875,1128.0,1126.0,1127.300048828125,59761
2026-08-21 10:10:00+05:30,1127.300048828125,1128.4000244140625,1126.699951171875,1126.9000244140625,48990
2026-08-21 10:15:00+05:30,1126.9000244140625,1127.699951171875,1126.199951171875,1127.300048828125,53973
2026-08-21 10:20:00+05:30,1130.699951171875,1130.800048828125,1126.9000244140625,1126.9000244140625,87066
2026-08-21 10:25:00+05:30,1131.300048828125,1132.0,1129.199951171875,1130.5999755859375,72735
2026-08-21 10:30:00+05:30,1132.5,1132.5999755859375,1130.4000244140625,1131.300048828125,84986
2026-08-21 10:35:00+05:30,1131.0999755859375,1132.699951171875,1131.0999755859375,1132.699951171875,54999
2026-08-21 10:40:00+05:30,1130.800048828125,1132.699951171875,1130.199951171875,1131.0999755859375,57188
2026-08-21 10:45:00+05:30,1128.199951171875,1131.5999755859375,1128.0999755859375,1130.800048828125,115352
2026-08-21 10:50:00+05:30,1130.5,1130.5,1128.0999755859375,1128.199951171875,62878
2026-08-21 10:55:00+05:30,1130.5999755859375,1131.199951171875,1129.5999755859375,1130.199951171875,53851
2026-08-21 11:00:00+05:30,1131.699951171875,1131.699951171875,1130.0,1130.699951171875,55936
2026-08-21 11:05:00+05:30,1130.5999755859375,1131.699951171875,1129.800048828125,1131.5999755859375,77180
2026-08-21 11:10:00+05:30,1131.5999755859375,1132.0,1130.300048828125,1130.5999755859375,49983
2026-08-21 11:15:00+05:30,1131.5,1132.9000244140625,1131.199951171875,1131.5999755859375,88624
2026-08-21 11:20:00+05:30,1132.0,1132.199951171875,1131.0999755859375,1131.5,55961
2026-08-21 11:25:00+05:30,1129.9000244140625,1132.0999755859375,1129.9000244140625,1132.0999755859375,62687
2026-08-21 11:30:00+05:30,1130.699951171875,1131.9000244140625,1129.4000244140625,1130.0,132303
2026-08-21 11:35:00+05:30,1130.9000244140625,1131.5999755859375,1130.199951171875,1130.699951171875,72356
2026-08-21 11:40:00+05:30,1130.300048828125,1131.199951171875,1130.0999755859375,1130.9000244140625,64347
2026-08-21 11:45:00+05:30,1132.4000244140625,1132.5,1130.199951171875,1130.300048828125,53187
2026-08-21 11:50:00+05:30,1132.5,1133.0,1132.0,1132.4000244140625,69980
2026-08-21 11:55:00+05:30,1131.699951171875,1132.9000244140625,1131.5999755859375,1132.4000244140625,47547
2026-08-21 12:00:00+05:30,1132.0,1132.5999755859375,1131.800048828125,1131.800048828125,80386
2026-08-21 12:05:00+05:30,1132.0999755859375,1132.5,1132.0,1132.0,44617
2026-08-21 12:10:00+05:30,1131.5,1132.4000244140625,1131.4000244140625,1132.0,56228
2026-08-21 12:15:00+05:30,1131.5999755859375,1131.800048828125,1131.199951171875,1131.5,52202
2026-08-21 12:20:00+05:30,1132.0999755859375,1132.4000244140625,1131.5,1131.5,43309
2026-08-21 12:25:00+05:30,1130.5999755859375,1132.699951171875,1130.5999755859375,1132.0999755859375,69710
2026-08-21 12:30:00+05:30,1131.4000244140625,1131.699951171875,1130.5999755859375,1130.5999755859375,46563
2026-08-21 12:35:00+05:30,1131.699951171875,1132.300048828125,1131.4000244140625,1131.4000244140625,49584
2026-08-21 12:40:00+05:30,1130.5999755859375,1131.9000244140625,1130.5999755859375,1131.9000244140625,46206
2026-08-21 12:45:00+05:30,1129.300048828125,1131.0,1128.800048828125,1130.699951171875,64278
2026-08-21 12:50:00+05:30,1129.4000244140625,1129.800048828125,1128.800048828125,1129.0,51840
2026-08-21 12:55:00+05:30,1129.5,1129.9000244140625,1128.800048828125,1129.4000244140625,47191
2026-08-21 13:00:00+05:30,1128.5,1129.699951171875,1127.0999755859375,1129.5,76475
2026-08-21 13:05:00+05:30,1129.0999755859375,1129.300048828125,1128.5,1128.5,50662
2026-08-21 13:10:00+05:30,1129.0999755859375,1129.4000244140625,1128.5,1129.0,47554
2026-08-21 13:15:00+05:30,1130.0,1130.800048828125,1128.800048828125,1129.0,55635
2026-08-21 13:20:00+05:30,1128.699951171875,1130.0,1128.4000244140625,1129.9000244140625,44938
2026-08-21 13:25:00+05:30,1128.5,1129.0999755859375,1128.5,1128.5999755859375,50882
2026-08-21 13:30:00+05:30,1127.199951171875,1128.9000244140625,1127.199951171875,1128.5999755859375,54731
2026-08-21 13:35:00+05:30,1126.9000244140625,1127.4000244140625,1126.4000244140625,1127.300048828125,58627
2026-08-21 13:40:00+05:30,1127.5,1127.800048828125,1126.5999755859375,1127.0,46645
2026-08-21 13:45:00+05:30,1127.300048828125,1127.9000244140625,1127.300048828125,1127.5,48479
2026-08-21 13:50:00+05:30,1127.5999755859375,1127.9000244140625,1126.800048828125,1127.199951171875,51786
2026-08-21 13:55:00+05:30,1126.5999755859375,1128.0,1126.0,1127.5999755859375,73502
2026-08-21 14:00:00+05:30,1125.0,1126.5999755859375,1124.5999755859375,1126.5,78020
2026-08-21 14:05:00+05:30,1125.4000244140625,1125.800048828125,1124.300048828125,1125.0,47843
2026-08-21 14:10:00+05:30,1125.0,1126.0,1125.0,1125.4000244140625,46908
2026-08-21 14:15:00+05:30,1124.5,1125.699951171875,1124.0999755859375,1125.0,62764
2026-08-21 14:20:00+05:30,1124.5,1125.0999755859375,1124.0999755859375,1124.300048828125,54776
2026-08-21 14:25:00+05:30,1122.800048828125,1124.5,1122.4000244140625,1124.5,94810
2026-08-21 14:30:00+05:30,1122.0,1122.800048828125,1122.0,1122.800048828125,61064
2026-08-21 14:35:00+05:30,1122.0999755859375,1122.699951171875,1121.5,1121.9000244140625,69065
2026-08-21 14:40:00+05:30,1120.800048828125,1122.300048828125,1120.0,1121.699951171875,91443
2026-08-21 14:45:00+05:30,1120.5,1121.5,1120.5,1120.699951171875,64080
2026-08-21 14:50:00+05:30,1120.199951171875,1121.0999755859375,1119.800048828125,1120.5,147926
2026-08-21 14:55:00+05:30,1119.5999755859375,1120.4000244140625,1119.5999755859375,1120.0999755859375,48495
2026-08-21 15:00:00+05:30,1120.0,1120.4000244140625,1119.5999755859375,1120.0,74344
2026-08-21 15:05:00+05:30,1118.9000244140625,1120.5999755859375,1118.9000244140625,1119.9000244140625,453105
2026-08-21 15:10:00+05:30,1119.0,1119.5999755859375,1118.5,1118.5,312664
2026-08-21 15:15:00+05:30,1121.0,1121.0,1119.0,1119.0,306712
2026-08-24 09:15:00+05:30,1139.9000244140625,1139.9000244140625,1123.800048828125,1127.4000244140625,0
2026-08-24 09:20:00+05:30,1142.0,1144.5,1139.800048828125,1139.800048828125,259573
2026-08-24 09:25:00+05:30,1140.300048828125,1143.5,1138.0,1142.5,173273
2026-08-24 09:30:00+05:30,1137.800048828125,1143.4000244140625,1137.0,1140.199951171875,190799
2026-08-24 09:35:00+05:30,1138.199951171875,1138.9000244140625,1137.0999755859375,1137.5999755859375,71556
2026-08-24 09:40:00+05:30,1138.800048828125,1139.300048828125,1138.0,1138.699951171875,42607
2026-08-24 09:45:00+05:30,1135.199951171875,1138.800048828125,1135.0,1138.800048828125,100124
2026-08-24 09:50:00+05:30,1136.4000244140625,1136.699951171875,1135.0,1135.699951171875,78606
2026-08-24 09:55:00+05:30,1136.300048828125,1137.9000244140625,1136.0,1136.300048828125,70518
2026-08-24 10:00:00+05:30,1135.0999755859375,1136.9000244140625,1134.800048828125,1136.199951171875,51684
2026-08-24 10:05:00+05:30,1133.800048828125,1135.699951171875,1133.300048828125,1135.0999755859375,69630
2026-08-24 10:10:00+05:30,1135.5999755859375,1136.0,1133.800048828125,1133.9000244140625,59131
2026-08-24 10:15:00+05:30,1134.4000244140625,1136.0,1134.300048828125,1135.5999755859375,81322
2026-08-24 10:20:00+05:30,1136.5,1136.5,1133.699951171875,1134.4000244140625,72264
2026-08-24 10:25:00+05:30,1135.199951171875,1137.0,1135.0999755859375,1136.5,62536
2026-08-24 10:30:00+05:30,1134.5999755859375,1135.9000244140625,1134.4000244140625,1135.0999755859375,55180
2026-08-24 10:35:00+05:30,1135.800048828125,1136.800048828125,1134.5999755859375,1135.0,52793
2026-08-24 10:40:00+05:30,1136.300048828125,1136.699951171875,1135.0,1135.800048828125,49800
2026-08-24 10:45:00+05:30,1135.800048828125,1136.4000244140625,1135.0,1136.300048828125,41547
2026-08-24 10:50:00+05:30,1135.699951171875,1136.5999755859375,1135.5999755859375,1136.199951171875,31635
2026-08-24 10:55:00+05:30,1134.0,1136.5,1134.0,1135.699951171875,50730
2026-08-24 11:00:00+05:30,1132.800048828125,1135.300048828125,1132.300048828125,1134.300048828125,56149
2026-08-24 11:05:00+05:30,1134.300048828125,1134.5999755859375,1132.5,1132.800048828125,56015
2026-08-24 11:10:00+05:30,1133.5,1134.800048828125,1133.0999755859375,1134.0999755859375,40480
2026-08-24 11:15:00+05:30,1137.5,1138.5999755859375,1133.4000244140625,1133.5,151641
2026-08-24 11:20:00+05:30,1136.4000244140625,1138.0,1136.199951171875,1137.5,113451
2026-08-24 11:25:00+05:30,1136.300048828125,1137.199951171875,1136.199951171875,1136.4000244140625,95723
2026-08-24 11:30:00+05:30,1135.0999755859375,1136.5999755859375,1134.699951171875,1136.5999755859375,131432
2026-08-24 11:35:00+05:30,1134.4000244140625,1136.0,1134.4000244140625,1135.199951171875,105526
2026-08-24 11:40:00+05:30,1133.0999755859375,1135.0999755859375,1132.9000244140625,1134.4000244140625,111418
2026-08-24 11:45:00+05:30,1134.300048828125,1134.9000244140625,1133.0999755859375,1133.300048828125,108517
2026-08-24 11:50:00+05:30,1133.5,1134.800048828125,1133.199951171875,1134.199951171875,102655
2026-08-24 11:55:00+05:30,1131.699951171875,1133.800048828125,1130.699951171875,1133.5,135815
2026-08-24 12:00:00+05:30,1133.0,1133.199951171875,1131.300048828125,1131.5,103793
2026-08-24 12:05:00+05:30,1134.0,1134.300048828125,1132.9000244140625,1133.4000244140625,108178
2026-08-24 12:10:00+05:30,1134.9000244140625,1135.4000244140625,1133.699951171875,1133.800048828125,107577
2026-08-24 12:15:00+05:30,1135.9000244140625,1136.5,1134.699951171875,1134.9000244140625,102382
2026-08-24 12:20:00+05:30,1136.699951171875,1137.199951171875,1135.5,1136.0,103690
2026-08-24 12:25:00+05:30,1136.9000244140625,1137.5999755859375,1136.4000244140625,1136.699951171875,129335
2026-08-24 12:30:00+05:30,1136.5999755859375,1137.4000244140625,1136.0,1137.0999755859375,110523
2026-08-24 12:35:00+05:30,1135.300048828125,1137.0,1135.0999755859375,1136.4000244140625,101972
2026-08-24 12:40:00+05:30,1136.199951171875,1136.800048828125,1134.5999755859375,1135.4000244140625,214104
2026-08-24 12:45:00+05:30,1135.0,1136.9000244140625,1134.800048828125,1136.199951171875,115703
2026-08-24 12:50:00+05:30,1137.0,1137.300048828125,1135.0,1135.0,97649
2026-08-24 12:55:00+05:30,1136.199951171875,1138.4000244140625,1134.800048828125,1137.0,274950
2026-08-24 13:00:00+05:30,1136.4000244140625,1137.5999755859375,1135.0,1135.800048828125,120051
2026-08-24 13:05:00+05:30,1136.300048828125,1137.0,1135.199951171875,1136.5,98322
2026-08-24 13:10:00+05:30,1136.699951171875,1137.0,1135.9000244140625,1136.4000244140625,98089
2026-08-24 13:15:00+05:30,1137.4000244140625,1137.800048828125,1136.0999755859375,1136.699951171875,89117
2026-08-24 13:20:00+05:30,1136.800048828125,1138.0,1136.699951171875,1137.4000244140625,117087
2026-08-24 13:25:00+05:30,1134.5,1137.5999755859375,1134.5,1136.800048828125,265054
2026-08-24 13:30:00+05:30,1128.699951171875,1135.0,1128.199951171875,1134.0999755859375,308189
2026-08-24 13:35:00+05:30,1128.9000244140625,1129.699951171875,1128.300048828125,1128.699951171875,128713
2026-08-24 13:40:00+05:30,1129.0999755859375,1129.9000244140625,1128.4000244140625,1129.199951171875,105960
2026-08-24 13:45:00+05:30,1128.800048828125,1129.800048828125,1128.5,1129.0,117102
2026-08-24 13:50:00+05:30,1128.699951171875,1129.699951171875,1128.5,1128.800048828125,108674
2026-08-24 13:55:00+05:30,1128.5,1129.800048828125,1128.5,1128.5,101716
2026-08-24 14:00:00+05:30,1129.300048828125,1130.0,1128.199951171875,1128.5,114650
2026-08-24 14:05:00+05:30,1129.699951171875,1130.0,1128.9000244140625,1129.4000244140625,112164
2026-08-24 14:10:00+05:30,1128.5999755859375,1130.0,1128.5999755859375,1129.699951171875,103146
2026-08-24 14:15:00+05:30,1128.4000244140625,1129.199951171875,1127.800048828125,1128.5999755859375,116929
2026-08-24 14:20:00+05:30,1128.300048828125,1129.0,1128.0,1128.4000244140625,97169
2026-08-24 14:25:00+05:30,1126.0,1129.0,1126.0,1128.300048828125,135545
2026-08-24 14:30:00+05:30,1126.0,1127.800048828125,1125.800048828125,1126.0999755859375,61439
2026-08-24 14:35:00+05:30,1124.5,1126.300048828125,1124.199951171875,1125.800048828125,72682
2026-08-24 14:40:00+05:30,1123.699951171875,1124.800048828125,1123.5,1124.300048828125,141194
2026-08-24 14:45:00+05:30,1123.5999755859375,1124.0,1123.0999755859375,1123.800048828125,70651
2026-08-24 14:50:00+05:30,1123.800048828125,1124.0,1122.199951171875,1123.300048828125,185650
2026-08-24 14:55:00+05:30,1123.5,1124.0,1123.199951171875,1123.699951171875,49661
2026-08-24 15:00:00+05:30,1123.800048828125,1125.9000244140625,1123.4000244140625,1123.9000244140625,128327
2026-08-24 15:05:00+05:30,1126.199951171875,1126.5,1123.199951171875,1123.9000244140625,134781
2026-08-24 15:10:00+05:30,1129.5,1129.9000244140625,1125.5999755859375,1126.199951171875,156196
2026-08-24 15:15:00+05:30,1130.0,1130.0,1129.5,1129.5,0
2026-08-25 09:15:00+05:30,1130.800048828125,1134.199951171875,1128.199951171875,1131.5,175460
2026-08-25 09:20:00+05:30,1126.0999755859375,1131.699951171875,1126.0999755859375,1130.800048828125,94407
2026-08-25 09:25:00+05:30,1126.0,1127.699951171875,1124.0,1125.699951171875,103352
2026-08-25 09:30:00+05:30,1127.300048828125,1127.4000244140625,1126.0,1126.199951171875,155800
2026-08-25 09:35:00+05:30,1127.0999755859375,1127.4000244140625,1125.9000244140625,1127.199951171875,112872
2026-08-25 09:40:00+05:30,1125.0,1127.300048828125,1125.0,1127.300048828125,188565
2026-08-25 09:45:00+05:30,1124.0,1125.199951171875,1123.4000244140625,1125.199951171875,111656
2026-08-25 09:50:00+05:30,1123.199951171875,1124.4000244140625,1123.0,1124.0,134661
2026-08-25 09:55:00+05:30,1125.4000244140625,1125.9000244140625,1123.0999755859375,1123.199951171875,175607
2026-08-25 10:00:00+05:30,1127.300048828125,1127.4000244140625,1125.0999755859375,1125.4000244140625,103626
2026-08-25 10:05:00+05:30,1127.5,1128.300048828125,1127.0,1127.199951171875,144721
2026-08-25 10:10:00+05:30,1128.4000244140625,1128.800048828125,1127.300048828125,1127.5,79118
2026-08-25 10:15:00+05:30,1127.5999755859375,1129.199951171875,1127.4000244140625,1128.800048828125,83744
2026-08-25 10:20:00+05:30,1127.5999755859375,1127.800048828125,1127.0,1127.5999755859375,73962
2026-08-25 10:25:00+05:30,1126.9000244140625,1127.5999755859375,1126.5999755859375,1127.5999755859375,74981
2026-08-25 10:30:00+05:30,1127.199951171875,1127.5999755859375,1126.0999755859375,1126.5999755859375,91200
2026-08-25 10:35:00+05:30,1127.300048828125,1127.4000244140625,1126.699951171875,1127.0999755859375,56655
2026-08-25 10:40:00+05:30,1128.0,1128.300048828125,1127.0999755859375,1127.4000244140625,64330
2026-08-25 10:45:00+05:30,1128.199951171875,1128.199951171875,1127.699951171875,1128.0,72941
2026-08-25 10:50:00+05:30,1127.300048828125,1128.5,1127.0999755859375,1128.199951171875,76884
2026-08-25 10:55:00+05:30,1126.5999755859375,1127.5999755859375,1126.5999755859375,1127.300048828125,73173
2026-08-25 11:00:00+05:30,1127.0,1127.0,1126.300048828125,1126.5999755859375,74436
2026-08-25 11:05:00+05:30,1125.9000244140625,1127.4000244140625,1125.5,1127.0,70372
2026-08-25 11:10:00+05:30,1125.5999755859375,1126.0,1125.0,1125.9000244140625,72436
2026-08-25 11:15:00+05:30,1127.0,1127.199951171875,1125.4000244140625,1125.5999755859375,63085
2026-08-25 11:20:00+05:30,1126.4000244140625,1127.699951171875,1126.4000244140625,1127.0,64800
2026-08-25 11:25:00+05:30,1126.9000244140625,1127.300048828125,1126.4000244140625,1126.4000244140625,66733
2026-08-25 11:30:00+05:30,1126.9000244140625,1127.199951171875,1126.199951171875,1126.9000244140625,478633
2026-08-25 11:35:00+05:30,1127.5,1127.5,1126.5,1126.9000244140625,72958
2026-08-25 11:40:00+05:30,1127.4000244140625,1127.800048828125,1126.4000244140625,1127.300048828125,79031
2026-08-25 11:45:00+05:30,1127.4000244140625,1127.5,1126.5,1127.4000244140625,59317
2026-08-25 11:50:00+05:30,1128.300048828125,1128.300048828125,1126.800048828125,1127.4000244140625,58510
2026-08-25 11:55:00+05:30,1129.9000244140625,1130.800048828125,1128.0999755859375,1128.300048828125,114317
2026-08-25 12:00:00+05:30,1128.199951171875,1130.4000244140625,1128.199951171875,1129.9000244140625,73837
2026-08-25 12:05:00+05:30,1128.300048828125,1129.199951171875,1127.800048828125,1128.199951171875,52892
2026-08-25 12:10:00+05:30,1128.4000244140625,1128.9000244140625,1128.0,1128.0,56193
2026-08-25 12:15:00+05:30,1127.4000244140625,1129.4000244140625,1127.4000244140625,1128.4000244140625,80789
2026-08-25 12:20:00+05:30,1126.699951171875,1127.699951171875,1126.5,1127.4000244140625,97418
2026-08-25 12:25:00+05:30,1125.0,1126.800048828125,1124.9000244140625,1126.800048828125,187116
2026-08-25 12:30:00+05:30,1123.800048828125,1125.0,1123.800048828125,1125.0,95312
2026-08-25 12:35:00+05:30,1121.9000244140625,1124.5999755859375,1121.0999755859375,1123.800048828125,485207
2026-08-25 12:40:00+05:30,1123.0,1123.199951171875,1121.5999755859375,1121.9000244140625,89511
2026-08-25 12:45:00+05:30,1123.5,1123.699951171875,1122.5,1123.0,86039
2026-08-25 12:50:00+05:30,1123.4000244140625,1124.0,1122.5,1123.5,91359
2026-08-25 12:55:00+05:30,1124.0999755859375,1124.699951171875,1122.800048828125,1123.4000244140625,114174
2026-08-25 13:00:00+05:30,1123.5,1124.199951171875,1122.300048828125,1123.9000244140625,48673
2026-08-25 13:05:00+05:30,1124.4000244140625,1124.5999755859375,1123.199951171875,1123.5,50828
2026-08-25 13:10:00+05:30,1123.9000244140625,1124.699951171875,1123.5999755859375,1124.4000244140625,46877
2026-08-25 13:15:00+05:30,1123.800048828125,1124.5,1123.4000244140625,1123.800048828125,45161
2026-08-25 13:20:00+05:30,1123.0,1124.0,1123.0,1123.800048828125,42833
2026-08-25 13:25:00+05:30,1123.0,1123.699951171875,1122.9000244140625,1123.300048828125,40983
2026-08-25 13:30:00+05:30,1121.699951171875,1123.5,1121.5999755859375,1123.0,157659
2026-08-25 13:35:00+05:30,1121.5999755859375,1122.0999755859375,1121.0,1121.699951171875,100809
2026-08-25 13:40:00+05:30,1121.9000244140625,1122.5999755859375,1121.4000244140625,1121.699951171875,64737
2026-08-25 13:45:00+05:30,1121.4000244140625,1122.300048828125,1121.0,1121.9000244140625,75110
2026-08-25 13:50:00+05:30,1126.4000244140625,1126.5999755859375,1120.5999755859375,1121.4000244140625,221316
2026-08-25 13:55:00+05:30,1124.300048828125,1126.9000244140625,1123.5999755859375,1126.699951171875,85275
2026-08-25 14:00:00+05:30,1125.0,1125.0,1124.0,1124.4000244140625,58426
2026-08-25 14:05:00+05:30,1124.9000244140625,1125.5,1123.9000244140625,1125.0,63530
2026-08-25 14:10:00+05:30,1123.5,1125.300048828125,1123.5,1124.800048828125,58543
2026-08-25 14:15:00+05:30,1123.0,1123.800048828125,1122.0,1123.800048828125,93773
2026-08-25 14:20:00+05:30,1124.0,1124.0,1122.9000244140625,1123.0,184509
2026-08-25 14:25:00+05:30,1125.5,1125.699951171875,1123.9000244140625,1124.0,84343
2026-08-25 14:30:00+05:30,1126.699951171875,1128.199951171875,1124.5999755859375,1125.5,160380
2026-08-25 14:35:00+05:30,1126.4000244140625,1127.199951171875,1125.300048828125,1126.699951171875,78363
2026-08-25 14:40:00+05:30,1126.5999755859375,1127.5,1126.300048828125,1126.4000244140625,78969
2026-08-25 14:45:00+05:30,1128.699951171875,1129.0,1126.5999755859375,1126.5999755859375,96651
2026-08-25 14:50:00+05:30,1129.0999755859375,1129.5,1127.800048828125,1128.699951171875,100874
2026-08-25 14:55:00+05:30,1129.9000244140625,1130.0,1128.5999755859375,1129.0999755859375,112175
2026-08-25 15:00:00+05:30,1130.9000244140625,1131.4000244140625,1129.300048828125,1129.800048828125,159864
2026-08-25 15:05:00+05:30,1129.800048828125,1130.9000244140625,1129.800048828125,1130.9000244140625,126461
2026-08-25 15:10:00+05:30,1131.4000244140625,1131.5999755859375,1129.9000244140625,1130.0,177323
2026-08-25 15:15:00+05:30,1144.0,1144.0,1130.800048828125,1130.800048828125,474602
2026-08-26 09:15:00+05:30,1133.0,1140.199951171875,1130.9000244140625,1140.199951171875,0
2026-08-26 09:20:00+05:30,1135.5999755859375,1135.5999755859375,1133.0999755859375,1133.300048828125,126683
2026-08-26 09:25:00+05:30,1132.0,1135.9000244140625,1132.0,1135.699951171875,109952
2026-08-26 09:30:00+05:30,1131.9000244140625,1132.300048828125,1129.800048828125,1132.300048828125,150960
2026-08-26 09:35:00+05:30,1132.199951171875,1133.5,1131.4000244140625,1131.9000244140625,158526
2026-08-26 09:40:00+05:30,1132.300048828125,1132.300048828125,1131.0,1132.199951171875,199870
2026-08-26 09:45:00+05:30,1131.199951171875,1132.300048828125,1130.5,1132.199951171875,86684
2026-08-26 09:50:00+05:30,1130.0999755859375,1131.5,1129.699951171875,1131.5,79273
2026-08-26 09:55:00+05:30,1130.300048828125,1130.5999755859375,1129.9000244140625,1130.0,48621
2026-08-26 10:00:00+05:30,1129.5999755859375,1130.699951171875,1128.5,1130.699951171875,142643
2026-08-26 10:05:00+05:30,1128.5999755859375,1129.9000244140625,1127.0,1129.699951171875,192478
2026-08-26 10:10:00+05:30,1128.0,1128.800048828125,1127.5,1128.5999755859375,49633
2026-08-26 10:15:00+05:30,1127.699951171875,1128.0999755859375,1125.0999755859375,1128.0,193316
2026-08-26 10:20:00+05:30,1128.300048828125,1128.300048828125,1126.5,1127.699951171875,36278
2026-08-26 10:25:00+05:30,1127.699951171875,1128.300048828125,1127.5999755859375,1128.300048828125,39000
2026-08-26 10:30:00+05:30,1128.5,1129.0,1127.699951171875,1127.699951171875,119722
2026-08-26 10:35:00+05:30,1128.0,1129.300048828125,1128.0,1128.5,63919
2026-08-26 10:40:00+05:30,1127.199951171875,1128.9000244140625,1126.9000244140625,1128.0,637916
2026-08-26 10:45:00+05:30,1126.5,1127.300048828125,1125.699951171875,1127.199951171875,115124
2026-08-26 10:50:00+05:30,1126.199951171875,1126.300048828125,1125.5,1126.0,85137
2026-08-26 10:55:00+05:30,1125.5999755859375,1126.300048828125,1125.300048828125,1126.199951171875,62243
2026-08-26 11:00:00+05:30,1125.9000244140625,1125.9000244140625,1125.300048828125,1125.5999755859375,66363
2026-08-26 11:05:00+05:30,1125.5999755859375,1126.300048828125,1125.5,1125.800048828125,62462
2026-08-26 11:10:00+05:30,1126.0,1126.300048828125,1125.5999755859375,1125.699951171875,51110
2026-08-26 11:15:00+05:30,1125.0,1125.9000244140625,1124.199951171875,1125.9000244140625,83426
2026-08-26 11:20:00+05:30,1125.199951171875,1125.300048828125,1124.800048828125,1124.9000244140625,49038
2026-08-26 11:25:00+05:30,1123.9000244140625,1125.0,1123.9000244140625,1125.0,78767
2026-08-26 11:30:00+05:30,1124.0,1124.0,1122.300048828125,1123.9000244140625,60711
2026-08-26 11:35:00+05:30,1124.300048828125,1124.800048828125,1123.5,1123.9000244140625,44257
2026-08-26 11:40:00+05:30,1124.699951171875,1124.800048828125,1124.0999755859375,1124.300048828125,26368
2026-08-26 11:45:00+05:30,1124.300048828125,1124.9000244140625,1124.0,1124.699951171875,39325
2026-08-26 11:50:00+05:30,1123.699951171875,1124.5,1123.699951171875,1124.0999755859375,46299
2026-08-26 11:55:00+05:30,1123.199951171875,1124.4000244140625,1123.0999755859375,1123.699951171875,42907
2026-08-26 12:00:00+05:30,1122.5,1123.699951171875,1122.4000244140625,1123.0999755859375,57609
2026-08-26 12:05:00+05:30,1122.199951171875,1123.0,1122.0999755859375,1122.0999755859375,82336
2026-08-26 12:10:00+05:30,1121.800048828125,1122.800048828125,1121.800048828125,1122.0999755859375,68468
2026-08-26 12:15:00+05:30,1122.5,1122.800048828125,1121.5,1122.0,28419
2026-08-26 12:20:00+05:30,1122.5999755859375,1122.800048828125,1122.0999755859375,1122.800048828125,39598
2026-08-26 12:25:00+05:30,1121.9000244140625,1122.5,1121.4000244140625,1122.5,60982
2026-08-26 12:30:00+05:30,1121.5,1121.699951171875,1120.800048828125,1121.0,92117
2026-08-26 12:35:00+05:30,1121.199951171875,1122.5,1121.0,1121.699951171875,46948
2026-08-26 12:40:00+05:30,1121.4000244140625,1121.5999755859375,1120.300048828125,1121.199951171875,71475
2026-08-26 12:45:00+05:30,1121.0,1121.5999755859375,1120.5999755859375,1121.199951171875,45307
2026-08-26 12:50:00+05:30,1120.0,1120.800048828125,1119.0999755859375,1120.699951171875,77089
2026-08-26 12:55:00+05:30,1120.300048828125,1120.5999755859375,1119.699951171875,1120.0,47221
2026-08-26 13:00:00+05:30,1120.5999755859375,1120.800048828125,1120.199951171875,1120.5,35657
2026-08-26 13:05:00+05:30,1120.9000244140625,1121.9000244140625,1120.5,1121.0,71710
2026-08-26 13:10:00+05:30,1121.199951171875,1121.4000244140625,1120.5999755859375,1120.800048828125,29718
2026-08-26 13:15:00+05:30,1120.800048828125,1121.5,1120.800048828125,1121.199951171875,57947
2026-08-26 13:20:00+05:30,1119.9000244140625,1121.0,1119.300048828125,1120.800048828125,73698
2026-08-26 13:25:00+05:30,1120.0,1120.300048828125,1119.5999755859375,1119.5999755859375,34897
2026-08-26 13:30:00+05:30,1119.699951171875,1120.0999755859375,1119.4000244140625,1120.0999755859375,38338
2026-08-26 13:35:00+05:30,1119.0999755859375,1119.9000244140625,1119.0,1119.699951171875,54305
2026-08-26 13:40:00+05:30,1119.4000244140625,1119.5,1118.9000244140625,1119.199951171875,46413
2026-08-26 13:45:00+05:30,1119.199951171875,1119.4000244140625,1118.5,1119.4000244140625,41181
2026-08-26 13:50:00+05:30,1119.199951171875,1119.5,1118.9000244140625,1119.199951171875,38288
2026-08-26 13:55:00+05:30,1119.5999755859375,1120.0999755859375,1119.0999755859375,1119.300048828125,68058
2026-08-26 14:00:00+05:30,1120.5,1120.5,1119.5,1119.5999755859375,37865
2026-08-26 14:05:00+05:30,1120.5,1120.5,1120.0,1120.5,65173
2026-08-26 14:10:00+05:30,1121.4000244140625,1121.699951171875,1120.4000244140625,1120.5,71351
2026-08-26 14:15:00+05:30,1121.9000244140625,1121.9000244140625,1121.0999755859375,1121.199951171875,37095
2026-08-26 14:20:00+05:30,1121.5,1122.5999755859375,1121.199951171875,1121.800048828125,46740
2026-08-26 14:25:00+05:30,1122.300048828125,1122.4000244140625,1121.199951171875,1121.5,46290
2026-08-26 14:30:00+05:30,1122.4000244140625,1122.5,1121.4000244140625,1122.300048828125,51437
2026-08-26 14:35:00+05:30,1122.5,1122.5,1121.800048828125,1122.4000244140625,46214
2026-08-26 14:40:00+05:30,1122.300048828125,1122.5,1122.0999755859375,1122.5,36397
2026-08-26 14:45:00+05:30,1123.0,1123.4000244140625,1122.199951171875,1122.199951171875,82284
2026-08-26 14:50:00+05:30,1123.0,1123.199951171875,1122.0,1122.699951171875,61004
2026-08-26 14:55:00+05:30,1122.5,1123.0,1122.300048828125,1122.699951171875,56014
2026-08-26 15:00:00+05:30,1122.0999755859375,1122.5,1121.199951171875,1122.300048828125,124121
2026-08-26 15:05:00+05:30,1121.4000244140625,1122.0999755859375,1120.800048828125,1122.0999755859375,169374
2026-08-26 15:10:00+05:30,1122.699951171875,1123.0,1121.0999755859375,1121.4000244140625,198527
2026-08-26 15:15:00+05:30,1120.0,1122.9000244140625,1120.0,1122.9000244140625,195376
2026-08-27 09:15:00+05:30,1122.5,1130.4000244140625,1120.800048828125,1121.0,0
2026-08-27 09:20:00+05:30,1121.300048828125,1125.300048828125,1120.800048828125,1123.800048828125,156699
2026-08-27 09:25:00+05:30,1116.9000244140625,1121.4000244140625,1116.199951171875,1121.4000244140625,139851
2026-08-27 09:30:00+05:30,1116.300048828125,1118.0,1115.300048828125,1117.0,109958
2026-08-27 09:35:00+05:30,1117.699951171875,1118.300048828125,1116.699951171875,1116.699951171875,65336
2026-08-27 09:40:00+05:30,1119.300048828125,1119.300048828125,1117.800048828125,1117.800048828125,53911
2026-08-27 09:45:00+05:30,1119.9000244140625,1121.0,1119.0999755859375,1119.300048828125,68379
2026-08-27 09:50:00+05:30,1117.800048828125,1120.0,1117.800048828125,1119.9000244140625,50786
2026-08-27 09:55:00+05:30,1116.800048828125,1117.699951171875,1116.0999755859375,1117.5999755859375,100461
2026-08-27 10:00:00+05:30,1118.0,1118.300048828125,1116.4000244140625,1116.800048828125,44581
2026-08-27 10:05:00+05:30,1118.800048828125,1119.5,1117.0,1117.699951171875,52387
2026-08-27 10:10:00+05:30,1116.0999755859375,1119.0999755859375,1116.0999755859375,1118.800048828125,64064
2026-08-27 10:15:00+05:30,1116.199951171875,1117.5999755859375,1116.0,1116.300048828125,49330
2026-08-27 10:20:00+05:30,1116.0,1117.9000244140625,1115.5999755859375,1116.199951171875,63657
2026-08-27 10:25:00+05:30,1112.800048828125,1116.0999755859375,1112.699951171875,1115.699951171875,210550
2026-08-27 10:30:00+05:30,1112.4000244140625,1113.0999755859375,1111.4000244140625,1112.9000244140625,195561
2026-08-27 10:35:00+05:30,1112.0,1113.4000244140625,1111.9000244140625,1112.4000244140625,48161
2026-08-27 10:40:00+05:30,1110.5999755859375,1112.4000244140625,1110.300048828125,1112.0,57303
2026-08-27 10:45:00+05:30,1112.800048828125,1113.5,1110.199951171875,1111.0,56689
2026-08-27 10:50:00+05:30,1113.4000244140625,1113.699951171875,1113.0,1113.0,61123
2026-08-27 10:55:00+05:30,1114.4000244140625,1115.199951171875,1113.300048828125,1113.300048828125,60690
2026-08-27 11:00:00+05:30,1114.9000244140625,1115.0,1113.0999755859375,1114.5,44230
2026-08-27 11:05:00+05:30,1115.0,1115.5,1114.0999755859375,1115.0,43077
2026-08-27 11:10:00+05:30,1112.699951171875,1115.0,1112.0,1114.9000244140625,54195
2026-08-27 11:15:00+05:30,1114.5,1114.5,1112.199951171875,1112.5999755859375,21547
2026-08-27 11:20:00+05:30,1112.5,1114.300048828125,1112.199951171875,1114.300048828125,25287
2026-08-27 11:25:00+05:30,1112.199951171875,1112.5,1111.4000244140625,1112.199951171875,16754
2026-08-27 11:30:00+05:30,1110.800048828125,1112.4000244140625,1110.5,1112.0,40176
2026-08-27 11:35:00+05:30,1111.199951171875,1111.800048828125,1110.5999755859375,1111.0999755859375,41850
2026-08-27 11:40:00+05:30,1109.9000244140625,1111.0999755859375,1109.4000244140625,1110.800048828125,54235
2026-08-27 11:45:00+05:30,1110.5999755859375,1110.800048828125,1109.800048828125,1110.0,30137
2026-08-27 11:50:00+05:30,1110.0999755859375,1110.5999755859375,1109.699951171875,1110.4000244140625,35313
2026-08-27 11:55:00+05:30,1109.0,1110.0999755859375,1108.5999755859375,1110.0999755859375,96333
2026-08-27 12:00:00+05:30,1109.199951171875,1109.5,1108.300048828125,1109.0,60389
2026-08-27 12:05:00+05:30,1108.9000244140625,1109.5999755859375,1108.4000244140625,1108.9000244140625,78247
2026-08-27 12:10:00+05:30,1111.5999755859375,1111.9000244140625,1108.5999755859375,1108.800048828125,180560
2026-08-27 12:15:00+05:30,1110.5,1112.699951171875,1110.0,1111.5,157370
2026-08-27 12:20:00+05:30,1110.800048828125,1111.5,1110.300048828125,1110.5999755859375,32897
2026-08-27 12:25:00+05:30,1110.300048828125,1111.5999755859375,1109.0,1110.9000244140625,52415
2026-08-27 12:30:00+05:30,1110.0,1110.5,1109.199951171875,1110.0,50874
2026-08-27 12:35:00+05:30,1112.300048828125,1112.300048828125,1109.300048828125,1110.0,217797
2026-08-27 12:40:00+05:30,1111.699951171875,1112.4000244140625,1110.5,1112.0,53874
2026-08-27 12:45:00+05:30,1112.0,1112.0,1111.300048828125,1111.5,46071
2026-08-27 12:50:00+05:30,1111.5,1112.699951171875,1111.199951171875,1112.0,67378
2026-08-27 12:55:00+05:30,1111.0999755859375,1111.9000244140625,1111.0,1111.5,37492
2026-08-27 13:00:00+05:30,1111.5,1111.800048828125,1111.0,1111.0,40135
2026-08-27 13:05:00+05:30,1111.5,1111.699951171875,1111.199951171875,1111.199951171875,29575
2026-08-27 13:10:00+05:30,1111.5,1111.5999755859375,1110.800048828125,1111.300048828125,43338
2026-08-27 13:15:00+05:30,1112.0,1112.0,1111.0,1111.300048828125,33771
2026-08-27 13:20:00+05:30,1112.800048828125,1112.800048828125,1111.199951171875,1112.199951171875,180652
2026-08-27 13:25:00+05:30,1110.9000244140625,1112.800048828125,1110.699951171875,1112.800048828125,242560
2026-08-27 13:30:00+05:30,1110.5999755859375,1111.5,1110.4000244140625,1110.9000244140625,47078
2026-08-27 13:35:00+05:30,1112.0999755859375,1113.199951171875,1110.5,1110.9000244140625,70015
2026-08-27 13:40:00+05:30,1112.4000244140625,1112.5,1111.699951171875,1112.199951171875,67621
2026-08-27 13:45:00+05:30,1111.300048828125,1112.199951171875,1111.0,1112.0,45873
2026-08-27 13:50:00+05:30,1109.5999755859375,1111.199951171875,1109.5,1111.0999755859375,91985
2026-08-27 13:55:00+05:30,1109.300048828125,1109.9000244140625,1109.0999755859375,1109.5,39379
2026-08-27 14:00:00+05:30,1109.699951171875,1109.699951171875,1108.9000244140625,1109.300048828125,45608
2026-08-27 14:05:00+05:30,1109.800048828125,1109.9000244140625,1109.0999755859375,1109.4000244140625,33389
2026-08-27 14:10:00+05:30,1110.0,1111.0,1109.4000244140625,1109.5,113718
2026-08-27 14:15:00+05:30,1109.0999755859375,1110.0,1109.0,1109.699951171875,60760
2026-08-27 14:20:00+05:30,1109.699951171875,1109.800048828125,1109.0,1109.199951171875,37044
2026-08-27 14:25:00+05:30,1109.4000244140625,1109.5999755859375,1108.699951171875,1109.300048828125,59577
2026-08-27 14:30:00+05:30,1109.0999755859375,1110.199951171875,1109.0,1109.5,99461
2026-08-27 14:35:00+05:30,1108.300048828125,1109.0,1107.5999755859375,1108.800048828125,278152
2026-08-27 14:40:00+05:30,1108.0,1108.800048828125,1107.9000244140625,1108.800048828125,70986
2026-08-27 14:45:00+05:30,1108.5,1108.9000244140625,1108.0,1108.0,182288
2026-08-27 14:50:00+05:30,1107.5999755859375,1108.9000244140625,1107.5999755859375,1108.199951171875,146374
2026-08-27 14:55:00+05:30,1109.0999755859375,1109.199951171875,1107.699951171875,1108.0,162489
2026-08-27 15:00:00+05:30,1108.300048828125,1109.699951171875,1108.300048828125,1109.0999755859375,126641
2026-08-27 15:05:00+05:30,1108.0999755859375,1109.199951171875,1108.0,1108.300048828125,287131
2026-08-27 15:10:00+05:30,1111.4000244140625,1111.4000244140625,1107.800048828125,1108.0999755859375,304518
2026-08-27 15:15:00+05:30,1110.800048828125,1112.0,1110.800048828125,1112.0,308558
2026-08-28 09:15:00+05:30,1132.300048828125,1135.0999755859375,1125.5999755859375,1128.0,0
2026-08-28 09:20:00+05:30,1137.699951171875,1140.800048828125,1132.800048828125,1132.9000244140625,441688
2026-08-28 09:25:00+05:30,1138.9000244140625,1139.699951171875,1135.5999755859375,1137.5999755859375,217883
2026-08-28 09:30:00+05:30,1141.5999755859375,1142.0,1138.5,1138.5,313446
2026-08-28 09:35:00+05:30,1139.0,1141.800048828125,1136.699951171875,1141.699951171875,328681
2026-08-28 09:40:00+05:30,1139.5999755859375,1140.0,1137.0999755859375,1139.0,158467
2026-08-28 09:45:00+05:30,1139.5999755859375,1141.5999755859375,1137.9000244140625,1139.5999755859375,173590
2026-08-28 09:50:00+05:30,1138.0999755859375,1139.699951171875,1138.0999755859375,1139.4000244140625,126922
2026-08-28 09:55:00+05:30,1139.300048828125,1139.4000244140625,1137.699951171875,1138.300048828125,273362
2026-08-28 10:00:00+05:30,1139.0,1140.699951171875,1138.5999755859375,1139.300048828125,136409
2026-08-28 10:05:00+05:30,1139.9000244140625,1140.0,1138.699951171875,1139.0,150811
2026-08-28 10:10:00+05:30,1141.800048828125,1144.9000244140625,1139.5999755859375,1139.9000244140625,342300
2026-08-28 10:15:00+05:30,1141.199951171875,1144.5999755859375,1141.0,1141.800048828125,222720
2026-08-28 10:20:00+05:30,1142.699951171875,1143.0999755859375,1141.5999755859375,1141.699951171875,176288
2026-08-28 10:25:00+05:30,1142.0,1143.0,1141.4000244140625,1142.9000244140625,100522
2026-08-28 10:30:00+05:30,1142.9000244140625,1143.5,1142.0,1142.300048828125,142997
2026-08-28 10:35:00+05:30,1140.5,1143.0999755859375,1140.199951171875,1142.9000244140625,119536
2026-08-28 10:40:00+05:30,1141.5,1142.0,1139.5999755859375,1140.699951171875,118334
2026-08-28 10:45:00+05:30,1140.800048828125,1141.4000244140625,1140.4000244140625,1141.4000244140625,53507
2026-08-28 10:50:00+05:30,1140.5999755859375,1141.300048828125,1140.0999755859375,1141.0,83465
2026-08-28 10:55:00+05:30,1141.5,1141.5,1140.0,1141.0,59239
2026-08-28 11:00:00+05:30,1143.0,1143.0,1140.5,1141.5,129118
2026-08-28 11:05:00+05:30,1140.5,1143.0,1140.199951171875,1143.0,110562
2026-08-28 11:10:00+05:30,1141.0999755859375,1142.0,1140.199951171875,1140.4000244140625,120864
2026-08-28 11:15:00+05:30,1142.5999755859375,1142.9000244140625,1141.0999755859375,1141.0999755859375,74924
2026-08-28 11:20:00+05:30,1140.9000244140625,1143.0999755859375,1140.800048828125,1142.5,71175
2026-08-28 11:25:00+05:30,1139.800048828125,1141.5,1139.5999755859375,1140.9000244140625,75145
2026-08-28 11:30:00+05:30,1140.0,1140.699951171875,1138.5999755859375,1139.5999755859375,69874
2026-08-28 11:35:00+05:30,1137.0,1140.0,1136.5999755859375,1140.0,67775
2026-08-28 11:40:00+05:30,1137.9000244140625,1138.199951171875,1136.5,1137.0,53475
2026-08-28 11:45:00+05:30,1138.5,1138.5,1137.5,1137.9000244140625,29546
2026-08-28 11:50:00+05:30,1137.5,1138.9000244140625,1137.5,1138.300048828125,25902
2026-08-28 11:55:00+05:30,1137.699951171875,1138.4000244140625,1136.5999755859375,1137.5,48607
2026-08-28 12:00:00+05:30,1138.4000244140625,1138.5,1137.0999755859375,1137.4000244140625,43006
2026-08-28 12:05:00+05:30,1139.5,1139.5999755859375,1137.699951171875,1138.300048828125,71947
2026-08-28 12:10:00+05:30,1138.300048828125,1139.199951171875,1137.5,1139.0999755859375,45285
2026-08-28 12:15:00+05:30,1137.5999755859375,1138.4000244140625,1137.0,1137.800048828125,56539
2026-08-28 12:20:00+05:30,1138.0999755859375,1139.0,1137.5999755859375,1137.699951171875,62755
2026-08-28 12:25:00+05:30,1138.800048828125,1139.4000244140625,1138.199951171875,1138.5,65020
2026-08-28 12:30:00+05:30,1137.699951171875,1139.4000244140625,1137.699951171875,1139.0,79176
2026-08-28 12:35:00+05:30,1139.199951171875,1139.5999755859375,1137.800048828125,1137.800048828125,91888
2026-08-28 12:40:00+05:30,1139.9000244140625,1140.0,1138.5,1139.300048828125,77453
2026-08-28 12:45:00+05:30,1141.9000244140625,1141.9000244140625,1139.5,1139.9000244140625,117713
2026-08-28 12:50:00+05:30,1142.9000244140625,1144.0999755859375,1141.0999755859375,1141.5,224187
2026-08-28 12:55:00+05:30,1142.0999755859375,1142.9000244140625,1141.0999755859375,1142.9000244140625,53146
2026-08-28 13:00:00+05:30,1141.0,1142.9000244140625,1139.800048828125,1141.9000244140625,223424
2026-08-28 13:05:00+05:30,1141.300048828125,1142.0,1140.5,1141.0,185236
2026-08-28 13:10:00+05:30,1142.9000244140625,1143.9000244140625,1141.4000244140625,1141.4000244140625,175991
2026-08-28 13:15:00+05:30,1141.800048828125,1143.199951171875,1141.0999755859375,1142.5999755859375,78272
2026-08-28 13:20:00+05:30,1138.5,1141.800048828125,1137.699951171875,1141.5,83960
2026-08-28 13:25:00+05:30,1137.199951171875,1139.199951171875,1136.800048828125,1139.0,125510
2026-08-28 13:30:00+05:30,1138.0,1138.5999755859375,1136.5999755859375,1137.300048828125,50477
2026-08-28 13:35:00+05:30,1139.0,1139.300048828125,1137.800048828125,1138.199951171875,41186
2026-08-28 13:40:00+05:30,1137.9000244140625,1139.4000244140625,1137.800048828125,1139.0999755859375,29225
2026-08-28 13:45:00+05:30,1139.0999755859375,1139.0999755859375,1137.5,1137.800048828125,47277
2026-08-28 13:50:00+05:30,1139.300048828125,1139.300048828125,1137.5999755859375,1138.699951171875,114717
2026-08-28 13:55:00+05:30,1139.9000244140625,1141.0,1139.199951171875,1139.199951171875,70829
2026-08-28 14:00:00+05:30,1139.0,1140.4000244140625,1139.0,1140.199951171875,51188
2026-08-28 14:05:00+05:30,1137.4000244140625,1139.5,1137.300048828125,1139.0,45229
2026-08-28 14:10:00+05:30,1138.5,1138.800048828125,1137.300048828125,1137.4000244140625,22290
2026-08-28 14:15:00+05:30,1137.9000244140625,1138.800048828125,1137.5999755859375,1138.300048828125,80185
2026-08-28 14:20:00+05:30,1137.4000244140625,1137.9000244140625,1136.4000244140625,1137.9000244140625,122045
2026-08-28 14:25:00+05:30,1137.5,1137.800048828125,1136.5999755859375,1137.800048828125,43093
2026-08-28 14:30:00+05:30,1136.5999755859375,1137.4000244140625,1136.199951171875,1137.4000244140625,49238
2026-08-28 14:35:00+05:30,1136.4000244140625,1137.0,1136.0999755859375,1136.5999755859375,55972
2026-08-28 14:40:00+05:30,1135.300048828125,1136.4000244140625,1135.199951171875,1136.4000244140625,74676
2026-08-28 14:45:00+05:30,1135.5999755859375,1136.0,1135.300048828125,1135.4000244140625,69261
2026-08-28 14:50:00+05:30,1136.199951171875,1137.0999755859375,1134.800048828125,1135.300048828125,272223
2026-08-28 14:55:00+05:30,1137.0,1137.4000244140625,1136.0,1136.199951171875,130212
2026-08-28 15:00:00+05:30,1137.5999755859375,1137.5999755859375,1136.4000244140625,1136.5999755859375,139165
2026-08-28 15:05:00+05:30,1138.9000244140625,1139.0,1136.5999755859375,1137.4000244140625,279359
2026-08-28 15:10:00+05:30,1144.0,1144.800048828125,1138.5,1138.800048828125,817806
2026-08-31 09:15:00+05:30,1118.699951171875,1143.4000244140625,1117.4000244140625,1142.9000244140625,0
2026-08-31 09:20:00+05:30,1121.199951171875,1123.300048828125,1118.0999755859375,1118.5999755859375,262162
2026-08-31 09:25:00+05:30,1118.5,1121.5,1118.5,1121.0,143362
2026-08-31 09:30:00+05:30,1113.5999755859375,1118.4000244140625,1113.5999755859375,1118.300048828125,194262
2026-08-31 09:35:00+05:30,1113.199951171875,1114.4000244140625,1111.699951171875,1113.5,198492
2026-08-31 09:40:00+05:30,1114.199951171875,1114.4000244140625,1112.9000244140625,1113.5999755859375,130700
2026-08-31 09:45:00+05:30,1113.5,1114.5,1113.0999755859375,1114.0999755859375,115374
2026-08-31 09:50:00+05:30,1116.5,1117.699951171875,1113.5999755859375,1113.699951171875,97327
2026-08-31 09:55:00+05:30,1118.0999755859375,1118.5,1116.0,1116.5,74214
2026-08-31 10:00:00+05:30,1118.800048828125,1118.9000244140625,1117.4000244140625,1118.0999755859375,96875
2026-08-31 10:05:00+05:30,1117.9000244140625,1118.9000244140625,1116.699951171875,1118.9000244140625,59410
2026-08-31 10:10:00+05:30,1118.5,1119.0,1117.199951171875,1117.9000244140625,46318
2026-08-31 10:15:00+05:30,1118.0,1118.5999755859375,1117.5999755859375,1118.5999755859375,25686
2026-08-31 10:20:00+05:30,1117.5999755859375,1118.4000244140625,1117.0,1117.9000244140625,81970
2026-08-31 10:25:00+05:30,1118.9000244140625,1119.800048828125,1117.9000244140625,1118.4000244140625,153176
2026-08-31 10:30:00+05:30,1117.800048828125,1119.0,1116.0,1119.0,103187
2026-08-31 10:35:00+05:30,1117.9000244140625,1118.4000244140625,1117.300048828125,1117.800048828125,28016
2026-08-31 10:40:00+05:30,1119.0,1119.300048828125,1117.5999755859375,1117.5999755859375,33726
2026-08-31 10:45:00+05:30,1118.5999755859375,1119.0,1118.0999755859375,1118.9000244140625,35388
2026-08-31 10:50:00+05:30,1119.300048828125,1119.699951171875,1118.5,1118.5999755859375,46425
2026-08-31 10:55:00+05:30,1118.9000244140625,1119.300048828125,1118.4000244140625,1119.300048828125,40069
2026-08-31 11:00:00+05:30,1117.4000244140625,1118.9000244140625,1115.9000244140625,1118.9000244140625,80022
2026-08-31 11:05:00+05:30,1118.300048828125,1118.4000244140625,1117.199951171875,1117.4000244140625,30377
2026-08-31 11:10:00+05:30,1118.5999755859375,1118.5999755859375,1117.199951171875,1118.300048828125,40570
2026-08-31 11:15:00+05:30,1119.4000244140625,1119.800048828125,1118.5999755859375,1118.5999755859375,68233
2026-08-31 11:20:00+05:30,1118.5999755859375,1120.5999755859375,1118.5999755859375,1119.4000244140625,78081
2026-08-31 11:25:00+05:30,1119.300048828125,1119.4000244140625,1118.5999755859375,1118.5999755859375,35206
2026-08-31 11:30:00+05:30,1120.0999755859375,1120.0999755859375,1119.300048828125,1119.300048828125,50772
2026-08-31 11:35:00+05:30,1119.9000244140625,1120.199951171875,1119.199951171875,1120.0,45177
2026-08-31 11:40:00+05:30,1120.4000244140625,1120.5999755859375,1119.5,1119.9000244140625,38543
2026-08-31 11:45:00+05:30,1120.9000244140625,1120.9000244140625,1120.199951171875,1120.4000244140625,42107
2026-08-31 11:50:00+05:30,1122.800048828125,1122.800048828125,1120.699951171875,1120.699951171875,46100
2026-08-31 11:55:00+05:30,1122.300048828125,1123.5999755859375,1122.0,1122.5999755859375,99888
2026-08-31 12:00:00+05:30,1121.800048828125,1122.5,1121.0,1122.5,39759
2026-08-31 12:05:00+05:30,1121.0,1122.0,1120.5,1121.800048828125,61826
2026-08-31 12:10:00+05:30,1121.699951171875,1121.699951171875,1120.699951171875,1121.0,33031
2026-08-31 12:15:00+05:30,1122.0,1122.0999755859375,1120.9000244140625,1121.300048828125,39175
2026-08-31 12:20:00+05:30,1121.9000244140625,1122.4000244140625,1121.199951171875,1122.0,50528
2026-08-31 12:25:00+05:30,1122.5999755859375,1122.699951171875,1121.9000244140625,1121.9000244140625,38554
2026-08-31 12:30:00+05:30,1121.5,1122.4000244140625,1121.300048828125,1122.199951171875,28502
2026-08-31 12:35:00+05:30,1122.4000244140625,1122.5999755859375,1121.5,1121.5,112990
2026-08-31 12:40:00+05:30,1122.9000244140625,1123.0,1122.300048828125,1122.4000244140625,45581
2026-08-31 12:45:00+05:30,1122.9000244140625,1122.9000244140625,1121.800048828125,1122.9000244140625,40149
2026-08-31 12:50:00+05:30,1122.699951171875,1123.0,1122.4000244140625,1122.9000244140625,40374
2026-08-31 12:55:00+05:30,1122.9000244140625,1123.5,1120.5999755859375,1122.699951171875,102723
2026-08-31 13:00:00+05:30,1123.5,1123.5999755859375,1123.0999755859375,1123.4000244140625,47663
2026-08-31 13:05:00+05:30,1123.300048828125,1123.5999755859375,1123.0999755859375,1123.5,19022
2026-08-31 13:10:00+05:30,1121.9000244140625,1123.300048828125,1121.5999755859375,1123.0999755859375,100640
2026-08-31 13:15:00+05:30,1122.5,1122.9000244140625,1121.5999755859375,1121.9000244140625,35946
2026-08-31 13:20:00+05:30,1122.9000244140625,1123.300048828125,1122.4000244140625,1122.5,55800
2026-08-31 13:25:00+05:30,1122.5999755859375,1123.0,1122.0999755859375,1122.9000244140625,25156
2026-08-31 13:30:00+05:30,1123.0999755859375,1123.0999755859375,1122.300048828125,1122.300048828125,42726
2026-08-31 13:35:00+05:30,1122.800048828125,1123.300048828125,1122.5999755859375,1123.0,33440
2026-08-31 13:40:00+05:30,1123.0999755859375,1123.699951171875,1122.800048828125,1122.800048828125,37963
2026-08-31 13:45:00+05:30,1123.300048828125,1123.4000244140625,1122.5,1123.300048828125,26574
2026-08-31 13:50:00+05:30,1122.9000244140625,1123.5999755859375,1122.5999755859375,1123.4000244140625,44132
2026-08-31 13:55:00+05:30,1121.9000244140625,1123.0,1121.5999755859375,1122.5999755859375,38147
2026-08-31 14:00:00+05:30,1121.9000244140625,1122.300048828125,1121.699951171875,1121.9000244140625,78595
2026-08-31 14:05:00+05:30,1122.0999755859375,1122.9000244140625,1121.699951171875,1121.9000244140625,83869
2026-08-31 14:10:00+05:30,1123.4000244140625,1123.800048828125,1121.5,1122.0999755859375,99438
2026-08-31 14:15:00+05:30,1124.0,1124.0,1123.0,1123.4000244140625,62880
2026-08-31 14:20:00+05:30,1123.5,1124.5,1123.0999755859375,1124.0,64428
2026-08-31 14:25:00+05:30,1124.0999755859375,1124.4000244140625,1123.0999755859375,1123.0999755859375,60558
2026-08-31 14:30:00+05:30,1123.9000244140625,1124.5,1123.5,1124.0,58260
2026-08-31 14:35:00+05:30,1123.699951171875,1124.5999755859375,1123.5,1124.0999755859375,75814
2026-08-31 14:40:00+05:30,1124.699951171875,1124.800048828125,1123.9000244140625,1124.0,67339
2026-08-31 14:45:00+05:30,1126.4000244140625,1127.0,1124.5,1124.800048828125,160230
2026-08-31 14:50:00+05:30,1127.800048828125,1128.300048828125,1126.0,1126.4000244140625,139248
2026-08-31 14:55:00+05:30,1125.5,1127.699951171875,1124.699951171875,1127.5999755859375,154185
2026-08-31 15:00:00+05:30,1126.800048828125,1128.0,1125.5999755859375,1125.5999755859375,270576
2026-08-31 15:05:00+05:30,1128.0999755859375,1128.300048828125,1124.5999755859375,1126.800048828125,422855
2026-08-31 15:10:00+05:30,1123.5,1130.0,1123.5,1128.199951171875,500481
2026-08-31 15:15:00+05:30,1133.800048828125,1133.800048828125,1125.0999755859375,1125.0999755859375,2196035
2026-09-01 09:15:00+05:30,1131.0,1133.699951171875,1126.300048828125,1129.5999755859375,0
2026-09-01 09:20:00+05:30,1140.9000244140625,1142.199951171875,1131.300048828125,1131.5,279058
2026-09-01 09:25:00+05:30,1142.800048828125,1144.4000244140625,1139.5,1140.9000244140625,266901
2026-09-01 09:30:00+05:30,1144.199951171875,1147.5,1142.0,1142.0,193763
2026-09-01 09:35:00+05:30,1141.300048828125,1144.0999755859375,1140.5999755859375,1143.800048828125,111601
2026-09-01 09:40:00+05:30,1138.199951171875,1141.199951171875,1138.199951171875,1141.199951171875,118910
2026-09-01 09:45:00+05:30,1140.800048828125,1141.699951171875,1139.0999755859375,1139.0999755859375,59979
2026-09-01 09:50:00+05:30,1140.4000244140625,1141.0,1140.0,1140.699951171875,33312
2026-09-01 09:55:00+05:30,1139.699951171875,1141.0,1139.4000244140625,1140.699951171875,45787
2026-09-01 10:00:00+05:30,1138.800048828125,1139.5999755859375,1138.300048828125,1139.0999755859375,35703
2026-09-01 10:05:00+05:30,1139.800048828125,1139.800048828125,1138.0,1138.9000244140625,46888
2026-09-01 10:10:00+05:30,1140.0999755859375,1141.4000244140625,1139.800048828125,1139.800048828125,48832
2026-09-01 10:15:00+05:30,1141.9000244140625,1143.5999755859375,1140.0999755859375,1140.4000244140625,54980
2026-09-01 10:20:00+05:30,1141.800048828125,1142.199951171875,1141.0,1141.699951171875,24659
2026-09-01 10:25:00+05:30,1142.0,1142.800048828125,1141.699951171875,1142.0,32256
2026-09-01 10:30:00+05:30,1142.9000244140625,1143.0999755859375,1141.699951171875,1142.0,24857
2026-09-01 10:35:00+05:30,1143.0,1144.4000244140625,1142.4000244140625,1143.0999755859375,45152
2026-09-01 10:40:00+05:30,1144.300048828125,1144.699951171875,1142.699951171875,1142.699951171875,43052
2026-09-01 10:45:00+05:30,1144.0,1144.699951171875,1143.0,1144.300048828125,33836
2026-09-01 10:50:00+05:30,1145.0,1146.5,1143.9000244140625,1144.0,115516
2026-09-01 10:55:00+05:30,1142.800048828125,1145.4000244140625,1142.5,1145.0,58169
2026-09-01 11:00:00+05:30,1142.0,1144.4000244140625,1141.0999755859375,1143.0,142846
2026-09-01 11:05:00+05:30,1143.0999755859375,1143.699951171875,1141.699951171875,1142.0,22855
2026-09-01 11:10:00+05:30,1143.9000244140625,1144.5,1142.5999755859375,1143.0999755859375,40641
2026-09-01 11:15:00+05:30,1143.199951171875,1143.9000244140625,1142.5999755859375,1143.800048828125,25001
2026-09-01 11:20:00+05:30,1143.699951171875,1144.199951171875,1143.300048828125,1143.300048828125,27821
2026-09-01 11:25:00+05:30,1143.4000244140625,1144.0999755859375,1143.300048828125,1143.9000244140625,25898
2026-09-01 11:30:00+05:30,1142.0,1144.0,1141.5999755859375,1143.699951171875,64001
2026-09-01 11:35:00+05:30,1142.5999755859375,1143.0,1141.5,1142.300048828125,33424
2026-09-01 11:40:00+05:30,1142.5,1143.699951171875,1141.699951171875,1142.9000244140625,45648
2026-09-01 11:45:00+05:30,1145.199951171875,1145.5999755859375,1142.5,1142.699951171875,83191
2026-09-01 11:50:00+05:30,1148.5,1149.0,1145.5,1145.5999755859375,226480
2026-09-01 11:55:00+05:30,1147.800048828125,1151.800048828125,1147.0999755859375,1149.0,278602
2026-09-01 12:00:00+05:30,1147.0,1148.4000244140625,1146.0999755859375,1147.9000244140625,220512
2026-09-01 12:05:00+05:30,1148.0,1148.9000244140625,1146.800048828125,1146.800048828125,60543
2026-09-01 12:10:00+05:30,1148.4000244140625,1149.0999755859375,1147.5999755859375,1147.800048828125,58789
2026-09-01 12:15:00+05:30,1148.0999755859375,1149.199951171875,1148.0999755859375,1148.699951171875,53067
2026-09-01 12:20:00+05:30,1149.0999755859375,1150.4000244140625,1147.9000244140625,1148.0,75787
2026-09-01 12:25:00+05:30,1151.0,1151.0,1148.0,1149.0999755859375,115461
2026-09-01 12:30:00+05:30,1151.699951171875,1152.0,1148.9000244140625,1150.9000244140625,115038
2026-09-01 12:35:00+05:30,1150.699951171875,1152.5999755859375,1149.5,1151.5999755859375,272569
2026-09-01 12:40:00+05:30,1150.199951171875,1151.0999755859375,1149.699951171875,1150.9000244140625,84871
2026-09-01 12:45:00+05:30,1150.699951171875,1151.300048828125,1150.199951171875,1150.5,68101
2026-09-01 12:50:00+05:30,1149.9000244140625,1151.199951171875,1149.5999755859375,1150.699951171875,122585
2026-09-01 12:55:00+05:30,1150.0,1150.4000244140625,1149.300048828125,1149.9000244140625,62985
2026-09-01 13:00:00+05:30,1150.0,1150.199951171875,1149.0999755859375,1150.0,79384
2026-09-01 13:05:00+05:30,1149.699951171875,1150.0,1148.800048828125,1150.0,54932
2026-09-01 13:10:00+05:30,1148.4000244140625,1149.800048828125,1148.0,1149.5999755859375,147098
2026-09-01 13:15:00+05:30,1149.0,1149.0,1147.199951171875,1148.300048828125,168667
2026-09-01 13:20:00+05:30,1151.0,1151.0,1149.0999755859375,1149.199951171875,100433
2026-09-01 13:25:00+05:30,1150.0,1151.5,1149.5999755859375,1151.0,304124
2026-09-01 13:30:00+05:30,1153.0999755859375,1154.199951171875,1149.5,1150.0,121987
2026-09-01 13:35:00+05:30,1151.5,1153.800048828125,1151.199951171875,1153.0999755859375,141064
2026-09-01 13:40:00+05:30,1151.300048828125,1152.300048828125,1150.5999755859375,1151.800048828125,102473
2026-09-01 13:45:00+05:30,1150.699951171875,1151.300048828125,1150.0,1151.300048828125,80322
2026-09-01 13:50:00+05:30,1150.0999755859375,1150.800048828125,1149.0999755859375,1150.800048828125,218178
2026-09-01 13:55:00+05:30,1149.800048828125,1150.9000244140625,1149.0,1150.0,250356
2026-09-01 14:00:00+05:30,1147.300048828125,1149.800048828125,1147.199951171875,1149.800048828125,86081
2026-09-01 14:05:00+05:30,1145.0,1148.199951171875,1144.699951171875,1147.300048828125,143263
2026-09-01 14:10:00+05:30,1145.5,1146.5,1144.0999755859375,1145.0,196440
2026-09-01 14:15:00+05:30,1147.0999755859375,1147.300048828125,1145.4000244140625,1145.4000244140625,356644
2026-09-01 14:20:00+05:30,1144.800048828125,1147.800048828125,1144.0999755859375,1146.9000244140625,298382
2026-09-01 14:25:00+05:30,1146.9000244140625,1147.0,1144.699951171875,1144.800048828125,254986
2026-09-01 14:30:00+05:30,1144.9000244140625,1147.4000244140625,1144.9000244140625,1147.0,484369
2026-09-01 14:35:00+05:30,1143.199951171875,1145.0999755859375,1143.0,1145.0,477904
2026-09-01 14:40:00+05:30,1141.0999755859375,1143.199951171875,1140.199951171875,1143.199951171875,635092
2026-09-01 14:45:00+05:30,1143.5,1143.9000244140625,1140.5999755859375,1141.0999755859375,621949
2026-09-01 14:50:00+05:30,1143.0,1144.300048828125,1142.5,1143.5999755859375,513371
2026-09-01 14:55:00+05:30,1143.5999755859375,1144.5,1143.0,1143.0,455141
2026-09-01 15:00:00+05:30,1144.0,1144.0999755859375,1142.9000244140625,1143.5999755859375,821201
2026-09-01 15:05:00+05:30,1145.9000244140625,1147.300048828125,1143.4000244140625,1143.4000244140625,781221
2026-09-01 15:10:00+05:30,1156.0,1156.0,1144.300048828125,1145.9000244140625,1256720
2026-09-02 09:15:00+05:30,1119.5999755859375,1138.5999755859375,1119.5,1138.5999755859375,0
2026-09-02 09:20:00+05:30,1120.4000244140625,1123.199951171875,1118.5999755859375,1118.699951171875,314362
2026-09-02 09:25:00+05:30,1129.5999755859375,1130.300048828125,1120.199951171875,1120.699951171875,315332
2026-09-02 09:30:00+05:30,1138.4000244140625,1139.0,1129.9000244140625,1130.0999755859375,340175
2026-09-02 09:35:00+05:30,1136.800048828125,1140.0999755859375,1135.699951171875,1138.5,223447
2026-09-02 09:40:00+05:30,1139.0,1141.300048828125,1136.9000244140625,1137.0999755859375,183773
2026-09-02 09:45:00+05:30,1139.5,1140.5999755859375,1138.0,1139.0,131937
2026-09-02 09:50:00+05:30,1140.199951171875,1140.300048828125,1138.0999755859375,1139.300048828125,116536
2026-09-02 09:55:00+05:30,1143.5,1143.9000244140625,1139.9000244140625,1140.199951171875,170954
2026-09-02 10:00:00+05:30,1145.0,1146.0999755859375,1142.4000244140625,1143.5999755859375,141826
2026-09-02 10:05:00+05:30,1140.5999755859375,1145.0,1139.199951171875,1145.0,96184
2026-09-02 10:10:00+05:30,1142.0999755859375,1143.0,1140.5999755859375,1140.699951171875,69995
2026-09-02 10:15:00+05:30,1143.5,1143.800048828125,1141.699951171875,1142.199951171875,159021
2026-09-02 10:20:00+05:30,1146.5,1146.699951171875,1143.5999755859375,1143.5999755859375,271523
2026-09-02 10:25:00+05:30,1145.0999755859375,1146.5,1144.5999755859375,1146.4000244140625,93523
2026-09-02 10:30:00+05:30,1142.5999755859375,1145.0999755859375,1142.4000244140625,1145.0999755859375,228496
2026-09-02 10:35:00+05:30,1138.699951171875,1143.0,1138.199951171875,1143.0,77708
2026-09-02 10:40:00+05:30,1139.0,1139.199951171875,1137.0999755859375,1138.5,84027
2026-09-02 10:45:00+05:30,1140.5,1141.199951171875,1139.199951171875,1139.4000244140625,48453
2026-09-02 10:50:00+05:30,1141.9000244140625,1142.4000244140625,1140.5,1140.5,47288
2026-09-02 10:55:00+05:30,1141.800048828125,1142.800048828125,1141.0999755859375,1141.300048828125,45197
2026-09-02 11:00:00+05:30,1140.5999755859375,1141.9000244140625,1140.5,1141.5999755859375,37408
2026-09-02 11:05:00+05:30,1140.0,1141.300048828125,1139.4000244140625,1140.5,39018
2026-09-02 11:10:00+05:30,1140.199951171875,1140.699951171875,1140.0,1140.199951171875,30847
2026-09-02 11:15:00+05:30,1138.4000244140625,1140.4000244140625,1137.5999755859375,1140.4000244140625,64266
2026-09-02 11:20:00+05:30,1138.4000244140625,1139.0999755859375,1138.0,1138.4000244140625,42829
2026-09-02 11:25:00+05:30,1139.0999755859375,1139.5,1137.800048828125,1138.300048828125,61647
2026-09-02 11:30:00+05:30,1140.0,1141.5,1139.0999755859375,1139.0999755859375,66753
2026-09-02 11:35:00+05:30,1140.5,1140.5,1138.800048828125,1140.0999755859375,66957
2026-09-02 11:40:00+05:30,1137.5,1140.699951171875,1137.5,1140.5,72293
2026-09-02 11:45:00+05:30,1136.800048828125,1137.800048828125,1136.0999755859375,1137.699951171875,100072
2026-09-02 11:50:00+05:30,1136.699951171875,1137.4000244140625,1136.5,1137.4000244140625,42655
2026-09-02 11:55:00+05:30,1135.4000244140625,1136.699951171875,1135.4000244140625,1136.699951171875,68793
2026-09-02 12:00:00+05:30,1137.0,1137.0,1135.4000244140625,1135.4000244140625,60375
2026-09-02 12:05:00+05:30,1135.0,1137.199951171875,1135.0,1136.9000244140625,59430
2026-09-02 12:10:00+05:30,1135.300048828125,1136.0999755859375,1135.0,1135.0999755859375,79345
2026-09-02 12:15:00+05:30,1135.5,1136.0999755859375,1135.0999755859375,1135.0999755859375,48628
2026-09-02 12:20:00+05:30,1136.5999755859375,1137.0,1134.699951171875,1135.5,52507
2026-09-02 12:25:00+05:30,1138.0,1138.199951171875,1136.5999755859375,1136.5999755859375,53569
2026-09-02 12:30:00+05:30,1137.300048828125,1138.699951171875,1137.300048828125,1138.0999755859375,63667
2026-09-02 12:35:00+05:30,1135.0999755859375,1138.800048828125,1135.0999755859375,1137.300048828125,114702
2026-09-02 12:40:00+05:30,1133.0,1135.0999755859375,1133.0,1135.0,89086
2026-09-02 12:45:00+05:30,1132.4000244140625,1133.9000244140625,1132.0999755859375,1133.0999755859375,70339
2026-09-02 12:50:00+05:30,1133.0,1133.0999755859375,1132.4000244140625,1132.4000244140625,54085
2026-09-02 12:55:00+05:30,1133.800048828125,1134.0,1133.0,1133.0,50538
2026-09-02 13:00:00+05:30,1133.800048828125,1134.0,1133.5999755859375,1133.800048828125,47305
2026-09-02 13:05:00+05:30,1133.5,1134.800048828125,1133.4000244140625,1133.699951171875,58870
2026-09-02 13:10:00+05:30,1133.5999755859375,1134.0999755859375,1133.5,1133.5999755859375,43925
2026-09-02 13:15:00+05:30,1133.0999755859375,1133.800048828125,1133.0,1133.5999755859375,49330
2026-09-02 13:20:00+05:30,1134.0,1134.5,1132.9000244140625,1133.0,66558
2026-09-02 13:25:00+05:30,1133.5999755859375,1134.4000244140625,1133.5999755859375,1134.0,61716
2026-09-02 13:30:00+05:30,1133.5999755859375,1134.4000244140625,1133.199951171875,1133.4000244140625,97095
2026-09-02 13:35:00+05:30,1132.699951171875,1134.199951171875,1132.5999755859375,1133.5999755859375,40900
2026-09-02 13:40:00+05:30,1132.0999755859375,1132.699951171875,1131.5,1132.699951171875,100048
2026-09-02 13:45:00+05:30,1131.300048828125,1132.5,1131.300048828125,1132.199951171875,66992
2026-09-02 13:50:00+05:30,1130.699951171875,1131.4000244140625,1130.0,1131.300048828125,130924
2026-09-02 13:55:00+05:30,1133.199951171875,1133.300048828125,1130.5999755859375,1130.5999755859375,78408
2026-09-02 14:00:00+05:30,1133.5,1134.5,1133.0999755859375,1133.199951171875,52694
2026-09-02 14:05:00+05:30,1133.800048828125,1134.300048828125,1133.4000244140625,1133.5,54682
2026-09-02 14:10:00+05:30,1133.300048828125,1133.9000244140625,1133.199951171875,1133.800048828125,38079
2026-09-02 14:15:00+05:30,1132.699951171875,1133.300048828125,1132.699951171875,1133.300048828125,45175
2026-09-02 14:20:00+05:30,1131.4000244140625,1132.800048828125,1131.0,1132.800048828125,92799
2026-09-02 14:25:00+05:30,1133.4000244140625,1133.9000244140625,1131.199951171875,1131.4000244140625,75688
2026-09-02 14:30:00+05:30,1134.0,1134.199951171875,1133.4000244140625,1133.5,75850
2026-09-02 14:35:00+05:30,1134.800048828125,1134.800048828125,1133.9000244140625,1133.9000244140625,107331
2026-09-02 14:40:00+05:30,1132.5999755859375,1135.199951171875,1132.5,1134.9000244140625,137707
2026-09-02 14:45:00+05:30,1131.300048828125,1133.0,1131.199951171875,1132.699951171875,133976
2026-09-02 14:50:00+05:30,1131.199951171875,1131.5999755859375,1130.0999755859375,1131.199951171875,276142
2026-09-02 14:55:00+05:30,1131.5,1131.800048828125,1130.4000244140625,1131.4000244140625,182361
2026-09-02 15:00:00+05:30,1129.5,1131.699951171875,1129.300048828125,1131.199951171875,205911
2026-09-02 15:05:00+05:30,1129.699951171875,1129.800048828125,1129.0,1129.0,247818
2026-09-02 15:10:00+05:30,1133.9000244140625,1135.0,1129.800048828125,1129.800048828125,276064
2026-09-02 15:15:00+05:30,1140.0,1140.0,1134.5,1134.5,341109
2026-09-03 09:15:00+05:30,1132.5,1142.699951171875,1128.9000244140625,1142.5,0
2026-09-03 09:20:00+05:30,1125.800048828125,1134.199951171875,1125.699951171875,1132.9000244140625,125752
2026-09-03 09:25:00+05:30,1128.5,1128.5,1122.5,1125.800048828125,160528
2026-09-03 09:30:00+05:30,1127.300048828125,1129.0,1127.199951171875,1128.5,82364
2026-09-03 09:35:00+05:30,1127.699951171875,1128.5,1127.0,1127.300048828125,49696
2026-09-03 09:40:00+05:30,1127.199951171875,1128.4000244140625,1126.699951171875,1128.0,45892
2026-09-03 09:45:00+05:30,1127.5999755859375,1127.699951171875,1126.5,1127.199951171875,44707
2026-09-03 09:50:00+05:30,1127.0999755859375,1127.4000244140625,1126.5999755859375,1127.199951171875,111135
2026-09-03 09:55:00+05:30,1127.699951171875,1129.199951171875,1127.0,1127.0,75819
2026-09-03 10:00:00+05:30,1125.5,1128.0,1125.4000244140625,1127.699951171875,73342
2026-09-03 10:05:00+05:30,1127.0,1127.0999755859375,1124.5999755859375,1125.5,62462
2026-09-03 10:10:00+05:30,1127.5,1128.0,1126.5999755859375,1126.800048828125,20616
2026-09-03 10:15:00+05:30,1127.5999755859375,1128.0,1127.0,1127.0,25697
2026-09-03 10:20:00+05:30,1128.0999755859375,1128.9000244140625,1127.5,1127.5999755859375,27635
2026-09-03 10:25:00+05:30,1128.199951171875,1128.9000244140625,1128.0,1128.0999755859375,25135
2026-09-03 10:30:00+05:30,1130.0999755859375,1131.0,1128.0,1128.300048828125,47909
2026-09-03 10:35:00+05:30,1130.0999755859375,1130.5,1129.0,1130.0999755859375,36243
2026-09-03 10:40:00+05:30,1129.9000244140625,1130.5999755859375,1129.5,1130.4000244140625,34013
2026-09-03 10:45:00+05:30,1128.5999755859375,1130.0,1128.4000244140625,1130.0,30270
2026-09-03 10:50:00+05:30,1126.800048828125,1128.699951171875,1126.800048828125,1128.699951171875,49890
2026-09-03 10:55:00+05:30,1128.199951171875,1128.5,1126.300048828125,1127.0,28840
2026-09-03 11:00:00+05:30,1128.199951171875,1129.300048828125,1127.5999755859375,1128.300048828125,25613
2026-09-03 11:05:00+05:30,1128.5999755859375,1129.4000244140625,1127.5999755859375,1128.300048828125,32274
2026-09-03 11:10:00+05:30,1126.699951171875,1129.199951171875,1126.0,1128.9000244140625,61282
2026-09-03 11:15:00+05:30,1128.5,1128.800048828125,1125.699951171875,1126.9000244140625,31423
2026-09-03 11:20:00+05:30,1129.199951171875,1129.5999755859375,1128.0999755859375,1128.5,42708
2026-09-03 11:25:00+05:30,1129.800048828125,1129.9000244140625,1128.699951171875,1129.0999755859375,43384
2026-09-03 11:30:00+05:30,1131.5999755859375,1131.800048828125,1129.5,1129.800048828125,124238
2026-09-03 11:35:00+05:30,1130.800048828125,1131.800048828125,1130.699951171875,1131.5999755859375,26323
2026-09-03 11:40:00+05:30,1131.5999755859375,1131.699951171875,1130.0999755859375,1131.0,64467
2026-09-03 11:45:00+05:30,1131.199951171875,1131.9000244140625,1130.4000244140625,1131.5999755859375,39708
2026-09-03 11:50:00+05:30,1132.4000244140625,1132.5999755859375,1131.300048828125,1131.300048828125,97128
2026-09-03 11:55:00+05:30,1132.0999755859375,1132.9000244140625,1132.0,1132.300048828125,22552
2026-09-03 12:00:00+05:30,1132.800048828125,1133.9000244140625,1131.300048828125,1132.0999755859375,278278
2026-09-03 12:05:00+05:30,1131.0999755859375,1133.300048828125,1131.0,1133.0,205981
2026-09-03 12:10:00+05:30,1129.5,1131.4000244140625,1129.0,1131.0999755859375,101897
2026-09-03 12:15:00+05:30,1128.9000244140625,1129.5,1128.300048828125,1129.5,64946
2026-09-03 12:20:00+05:30,1129.699951171875,1129.800048828125,1128.5,1128.800048828125,37065
2026-09-03 12:25:00+05:30,1130.0,1130.800048828125,1129.5,1129.800048828125,28091
2026-09-03 12:30:00+05:30,1130.0999755859375,1130.9000244140625,1130.0,1130.0,23128
2026-09-03 12:35:00+05:30,1130.9000244140625,1130.9000244140625,1129.4000244140625,1130.4000244140625,73909
2026-09-03 12:40:00+05:30,1131.0,1131.0,1129.800048828125,1130.5999755859375,79349
2026-09-03 12:45:00+05:30,1131.0999755859375,1131.800048828125,1130.800048828125,1130.800048828125,26019
2026-09-03 12:50:00+05:30,1132.0,1133.0,1131.0,1131.5,190319
2026-09-03 12:55:00+05:30,1132.0,1132.4000244140625,1130.9000244140625,1132.0,213755
2026-09-03 13:00:00+05:30,1132.0,1132.0999755859375,1131.0,1132.0,23879
2026-09-03 13:05:00+05:30,1132.199951171875,1132.300048828125,1131.5999755859375,1132.0,42395
2026-09-03 13:10:00+05:30,1132.0999755859375,1133.0999755859375,1132.0,1132.199951171875,42983
2026-09-03 13:15:00+05:30,1131.5999755859375,1132.800048828125,1131.0999755859375,1132.0999755859375,195748
2026-09-03 13:20:00+05:30,1131.199951171875,1131.800048828125,1130.5999755859375,1131.699951171875,53180
2026-09-03 13:25:00+05:30,1131.5999755859375,1131.5999755859375,1131.0,1131.199951171875,12849
2026-09-03 13:30:00+05:30,1130.9000244140625,1132.0,1130.699951171875,1131.5,138143
2026-09-03 13:35:00+05:30,1131.0,1132.0,1131.0,1131.300048828125,59908
2026-09-03 13:40:00+05:30,1130.4000244140625,1131.5999755859375,1130.0999755859375,1131.0999755859375,78042
2026-09-03 13:45:00+05:30,1130.300048828125,1130.5,1130.0,1130.5,29140
2026-09-03 13:50:00+05:30,1130.0999755859375,1130.9000244140625,1130.0,1130.4000244140625,52924
2026-09-03 13:55:00+05:30,1130.5,1130.800048828125,1130.0,1130.0999755859375,45301
2026-09-03 14:00:00+05:30,1130.0,1130.800048828125,1130.0,1130.4000244140625,58603
2026-09-03 14:05:00+05:30,1130.800048828125,1130.800048828125,1130.0999755859375,1130.199951171875,61851
2026-09-03 14:10:00+05:30,1132.0,1132.0,1130.800048828125,1130.800048828125,19633
2026-09-03 14:15:00+05:30,1131.5,1132.199951171875,1131.5,1132.0,32058
2026-09-03 14:20:00+05:30,1132.9000244140625,1132.9000244140625,1131.699951171875,1131.9000244140625,82489
2026-09-03 14:25:00+05:30,1132.0,1133.0,1132.0,1132.9000244140625,54442
2026-09-03 14:30:00+05:30,1132.0,1132.4000244140625,1131.0,1132.0,61232
2026-09-03 14:35:00+05:30,1131.699951171875,1132.0999755859375,1131.5,1131.9000244140625,30544
2026-09-03 14:40:00+05:30,1131.699951171875,1131.9000244140625,1131.0,1131.800048828125,36726
2026-09-03 14:45:00+05:30,1131.5999755859375,1132.0,1131.4000244140625,1131.699951171875,56156
2026-09-03 14:50:00+05:30,1131.9000244140625,1132.0999755859375,1130.9000244140625,1131.699951171875,176697
2026-09-03 14:55:00+05:30,1131.5,1132.0,1130.9000244140625,1131.5999755859375,106390
2026-09-03 15:00:00+05:30,1129.0,1132.0,1129.0,1131.5999755859375,127659
2026-09-03 15:05:00+05:30,1130.0,1130.9000244140625,1129.0,1129.0999755859375,142437
2026-09-03 15:10:00+05:30,1132.0,1132.0,1130.0,1130.0,232494
2026-09-03 15:15:00+05:30,1130.300048828125,1132.5,1130.300048828125,1132.5,306765
2026-09-04 09:15:00+05:30,1143.5,1146.699951171875,1133.199951171875,1133.199951171875,0
2026-09-04 09:20:00+05:30,1139.0,1143.0999755859375,1136.800048828125,1143.0,100972
2026-09-04 09:25:00+05:30,1142.0999755859375,1144.0,1138.300048828125,1139.0,87409
2026-09-04 09:30:00+05:30,1140.699951171875,1142.5,1140.0999755859375,1142.300048828125,52114
2026-09-04 09:35:00+05:30,1138.0,1140.5,1137.699951171875,1140.5,58676
2026-09-04 09:40:00+05:30,1141.5999755859375,1141.5999755859375,1139.5,1139.5,77939
2026-09-04 09:45:00+05:30,1138.800048828125,1141.5999755859375,1138.800048828125,1141.5999755859375,37783
2026-09-04 09:50:00+05:30,1139.0,1139.5,1138.0999755859375,1138.5,35073
2026-09-04 09:55:00+05:30,1136.300048828125,1139.5999755859375,1136.0,1139.0,47219
2026-09-04 10:00:00+05:30,1138.5999755859375,1139.0,1136.0,1136.300048828125,61413
2026-09-04 10:05:00+05:30,1137.699951171875,1139.0999755859375,1136.800048828125,1139.0,54605
2026-09-04 10:10:00+05:30,1135.800048828125,1138.0999755859375,1135.5999755859375,1138.0999755859375,60182
2026-09-04 10:15:00+05:30,1135.4000244140625,1136.0,1135.199951171875,1135.800048828125,51514
2026-09-04 10:20:00+05:30,1135.5,1136.0,1135.4000244140625,1135.699951171875,43868
2026-09-04 10:25:00+05:30,1135.800048828125,1136.0999755859375,1135.0,1135.5,46400
2026-09-04 10:30:00+05:30,1133.5,1136.0,1133.300048828125,1135.800048828125,55185
2026-09-04 10:35:00+05:30,1130.699951171875,1133.800048828125,1130.5999755859375,1133.800048828125,88282
2026-09-04 10:40:00+05:30,1130.0,1131.0,1129.0,1131.0,159964
2026-09-04 10:45:00+05:30,1129.5999755859375,1130.0,1129.4000244140625,1130.0,83002
2026-09-04 10:50:00+05:30,1129.800048828125,1130.0,1129.0999755859375,1129.5999755859375,57090
2026-09-04 10:55:00+05:30,1130.0,1130.0,1129.300048828125,1129.800048828125,76090
2026-09-04 11:00:00+05:30,1130.0,1130.0,1128.4000244140625,1130.0,68676
2026-09-04 11:05:00+05:30,1130.800048828125,1132.199951171875,1129.9000244140625,1130.0,108619
2026-09-04 11:10:00+05:30,1131.0,1131.0,1130.5,1130.800048828125,40513
2026-09-04 11:15:00+05:30,1132.0,1132.199951171875,1130.800048828125,1131.0,109489
2026-09-04 11:20:00+05:30,1130.5,1132.0,1130.199951171875,1132.0,64959
2026-09-04 11:25:00+05:30,1131.800048828125,1131.800048828125,1129.699951171875,1130.5999755859375,159388
2026-09-04 11:30:00+05:30,1132.9000244140625,1132.9000244140625,1131.300048828125,1131.699951171875,204505
2026-09-04 11:35:00+05:30,1131.9000244140625,1133.0,1131.5,1132.800048828125,44428
2026-09-04 11:40:00+05:30,1132.0,1132.0,1131.5,1131.9000244140625,66140
2026-09-04 11:45:00+05:30,1132.199951171875,1133.0,1131.199951171875,1132.0,113858
2026-09-04 11:50:00+05:30,1132.0,1133.199951171875,1132.0,1132.4000244140625,100172
2026-09-04 11:55:00+05:30,1132.199951171875,1132.800048828125,1131.4000244140625,1132.0,54416
2026-09-04 12:00:00+05:30,1132.300048828125,1132.800048828125,1132.0,1132.5999755859375,50151
2026-09-04 12:05:00+05:30,1132.199951171875,1132.5,1131.5,1132.300048828125,41295
2026-09-04 12:10:00+05:30,1133.199951171875,1133.4000244140625,1131.5,1132.0,76833
2026-09-04 12:15:00+05:30,1131.800048828125,1133.4000244140625,1131.5999755859375,1133.300048828125,68321
2026-09-04 12:20:00+05:30,1132.0,1132.5,1131.5999755859375,1132.0,39395
2026-09-04 12:25:00+05:30,1131.300048828125,1132.0999755859375,1131.300048828125,1131.800048828125,30158
2026-09-04 12:30:00+05:30,1131.0999755859375,1131.699951171875,1131.0,1131.300048828125,29306
2026-09-04 12:35:00+05:30,1131.699951171875,1131.699951171875,1131.0,1131.0999755859375,29772
2026-09-04 12:40:00+05:30,1131.699951171875,1132.0,1131.5,1131.699951171875,38045
2026-09-04 12:45:00+05:30,1131.9000244140625,1132.0,1131.300048828125,1131.800048828125,32534
2026-09-04 12:50:00+05:30,1131.5,1132.199951171875,1131.5,1132.0,41945
2026-09-04 12:55:00+05:30,1132.0,1132.199951171875,1131.4000244140625,1131.5,28636
2026-09-04 13:00:00+05:30,1131.800048828125,1132.300048828125,1131.5,1132.199951171875,47545
2026-09-04 13:05:00+05:30,1132.0,1132.300048828125,1131.5,1131.800048828125,32117
2026-09-04 13:10:00+05:30,1131.300048828125,1132.300048828125,1131.0,1132.0999755859375,90402
2026-09-04 13:15:00+05:30,1131.5999755859375,1131.800048828125,1131.0,1131.699951171875,34673
2026-09-04 13:20:00+05:30,1130.699951171875,1131.699951171875,1129.699951171875,1131.300048828125,101511
2026-09-04 13:25:00+05:30,1129.5,1130.9000244140625,1129.0999755859375,1130.699951171875,77865
2026-09-04 13:30:00+05:30,1129.0,1129.9000244140625,1128.0,1129.5,70735
2026-09-04 13:35:00+05:30,1129.5,1129.5,1129.0,1129.0999755859375,31174
2026-09-04 13:40:00+05:30,1129.4000244140625,1129.5999755859375,1128.199951171875,1129.4000244140625,72620
2026-09-04 13:45:00+05:30,1129.9000244140625,1130.0,1129.300048828125,1129.4000244140625,42636
2026-09-04 13:50:00+05:30,1129.5,1130.0,1129.0999755859375,1129.800048828125,67123
2026-09-04 13:55:00+05:30,1128.5,1129.5,1128.300048828125,1129.5,44387
2026-09-04 14:00:00+05:30,1129.300048828125,1129.699951171875,1128.5,1128.9000244140625,35503
2026-09-04 14:05:00+05:30,1129.0999755859375,1129.699951171875,1128.5,1129.0999755859375,45756
2026-09-04 14:10:00+05:30,1129.0999755859375,1129.5999755859375,1128.5,1129.5,50575
2026-09-04 14:15:00+05:30,1128.4000244140625,1129.5,1128.199951171875,1129.0999755859375,36770
2026-09-04 14:20:00+05:30,1129.0999755859375,1129.300048828125,1128.4000244140625,1128.5999755859375,55793
2026-09-04 14:25:00+05:30,1129.800048828125,1130.0,1128.5,1129.0999755859375,80780
2026-09-04 14:30:00+05:30,1129.300048828125,1130.300048828125,1129.199951171875,1129.9000244140625,71476
2026-09-04 14:35:00+05:30,1129.300048828125,1129.9000244140625,1129.0,1129.5999755859375,60908
2026-09-04 14:40:00+05:30,1128.5999755859375,1129.699951171875,1128.300048828125,1129.5,58361
2026-09-04 14:45:00+05:30,1127.9000244140625,1128.5999755859375,1127.199951171875,1128.5999755859375,96176
2026-09-04 14:50:00+05:30,1128.0,1128.0,1126.800048828125,1127.4000244140625,90848
2026-09-04 14:55:00+05:30,1128.4000244140625,1128.5,1127.5,1128.0,88549
2026-09-04 15:00:00+05:30,1128.5999755859375,1129.0,1127.9000244140625,1128.0,111881
2026-09-04 15:05:00+05:30,1128.199951171875,1128.699951171875,1127.5,1128.699951171875,223199
2026-09-04 15:10:00+05:30,1128.5,1129.300048828125,1127.300048828125,1128.199951171875,522028
2026-09-04 15:15:00+05:30,1130.0,1130.0,1128.5,1128.5,184784
2026-09-07 09:15:00+05:30,1109.699951171875,1109.800048828125,1100.9000244140625,1105.0,0
2026-09-07 09:20:00+05:30,1104.4000244140625,1109.9000244140625,1104.4000244140625,1109.9000244140625,218447
2026-09-07 09:25:00+05:30,1105.0999755859375,1105.5999755859375,1102.800048828125,1104.4000244140625,211269
2026-09-07 09:30:00+05:30,1102.4000244140625,1105.5,1101.800048828125,1105.5,283943
2026-09-07 09:35:00+05:30,1100.0,1102.699951171875,1099.699951171875,1102.4000244140625,305387
2026-09-07 09:40:00+05:30,1100.5999755859375,1101.699951171875,1100.0,1100.300048828125,119178
2026-09-07 09:45:00+05:30,1100.5999755859375,1101.5999755859375,1100.199951171875,1100.5999755859375,106018
2026-09-07 09:50:00+05:30,1101.4000244140625,1102.0999755859375,1100.699951171875,1100.699951171875,62286
2026-09-07 09:55:00+05:30,1101.699951171875,1102.699951171875,1101.4000244140625,1101.4000244140625,73652
2026-09-07 10:00:00+05:30,1100.5999755859375,1102.199951171875,1100.300048828125,1102.0999755859375,117800
2026-09-07 10:05:00+05:30,1100.5,1101.4000244140625,1098.199951171875,1100.800048828125,197043
2026-09-07 10:10:00+05:30,1099.9000244140625,1100.9000244140625,1099.5,1100.4000244140625,74328
2026-09-07 10:15:00+05:30,1096.9000244140625,1099.800048828125,1096.5,1099.800048828125,152662
2026-09-07 10:20:00+05:30,1097.5,1098.5,1096.9000244140625,1096.9000244140625,62369
2026-09-07 10:25:00+05:30,1096.0999755859375,1097.699951171875,1096.0999755859375,1097.699951171875,82553
2026-09-07 10:30:00+05:30,1096.5999755859375,1096.699951171875,1095.5,1096.199951171875,96131
2026-09-07 10:35:00+05:30,1097.199951171875,1097.9000244140625,1096.4000244140625,1096.5999755859375,61704
2026-09-07 10:40:00+05:30,1095.699951171875,1097.0999755859375,1095.5999755859375,1097.0999755859375,90748
2026-09-07 10:45:00+05:30,1096.0,1096.5,1095.5,1095.699951171875,58638
2026-09-07 10:50:00+05:30,1095.699951171875,1096.4000244140625,1095.5999755859375,1096.0,45566
2026-09-07 10:55:00+05:30,1095.5999755859375,1095.699951171875,1095.5,1095.699951171875,39955
2026-09-07 11:00:00+05:30,1094.4000244140625,1095.5,1094.199951171875,1095.5,133516
2026-09-07 11:05:00+05:30,1092.5,1094.4000244140625,1092.300048828125,1094.300048828125,116251
2026-09-07 11:10:00+05:30,1093.4000244140625,1093.800048828125,1092.5999755859375,1092.5999755859375,90744
2026-09-07 11:15:00+05:30,1093.199951171875,1093.4000244140625,1092.5,1093.0,82734
2026-09-07 11:20:00+05:30,1092.5999755859375,1093.5,1092.5,1093.199951171875,50195
2026-09-07 11:25:00+05:30,1091.800048828125,1092.5,1091.4000244140625,1092.5,105077
2026-09-07 11:30:00+05:30,1091.9000244140625,1092.699951171875,1091.699951171875,1091.800048828125,54934
2026-09-07 11:35:00+05:30,1092.0,1092.5,1091.5,1091.800048828125,37818
2026-09-07 11:40:00+05:30,1092.5,1092.5,1091.800048828125,1092.0,37771
2026-09-07 11:45:00+05:30,1090.5999755859375,1092.5,1090.0,1092.5,145134
2026-09-07 11:50:00+05:30,1089.199951171875,1090.9000244140625,1089.0,1090.5999755859375,123791
2026-09-07 11:55:00+05:30,1090.0999755859375,1090.9000244140625,1088.699951171875,1089.199951171875,98830
2026-09-07 12:00:00+05:30,1090.5999755859375,1091.699951171875,1089.699951171875,1090.5,57854
2026-09-07 12:05:00+05:30,1090.300048828125,1090.800048828125,1089.800048828125,1090.4000244140625,51906
2026-09-07 12:10:00+05:30,1091.199951171875,1091.199951171875,1089.9000244140625,1089.9000244140625,41550
2026-09-07 12:15:00+05:30,1091.199951171875,1091.4000244140625,1090.5999755859375,1091.199951171875,52932
2026-09-07 12:20:00+05:30,1091.0999755859375,1091.699951171875,1090.699951171875,1091.300048828125,39763
2026-09-07 12:25:00+05:30,1091.0,1091.4000244140625,1090.800048828125,1091.199951171875,34957
2026-09-07 12:30:00+05:30,1090.5999755859375,1091.0999755859375,1090.5,1090.9000244140625,64938
2026-09-07 12:35:00+05:30,1090.300048828125,1091.5999755859375,1090.199951171875,1090.5,69280
2026-09-07 12:40:00+05:30,1090.5,1091.300048828125,1090.199951171875,1090.800048828125,55936
2026-09-07 12:45:00+05:30,1090.4000244140625,1090.699951171875,1090.300048828125,1090.699951171875,25453
2026-09-07 12:50:00+05:30,1088.300048828125,1090.5,1088.0,1090.300048828125,153696
2026-09-07 12:55:00+05:30,1087.9000244140625,1088.300048828125,1087.199951171875,1088.300048828125,89113
2026-09-07 13:00:00+05:30,1088.300048828125,1089.0,1088.0,1088.0,59954
2026-09-07 13:05:00+05:30,1089.300048828125,1089.5,1087.699951171875,1088.300048828125,105837
2026-09-07 13:10:00+05:30,1089.4000244140625,1090.300048828125,1089.0999755859375,1089.300048828125,48209
2026-09-07 13:15:00+05:30,1088.800048828125,1089.800048828125,1088.4000244140625,1089.5,39468
2026-09-07 13:20:00+05:30,1088.5,1088.9000244140625,1088.5,1088.5999755859375,31152
2026-09-07 13:25:00+05:30,1088.0,1088.699951171875,1088.0,1088.699951171875,40656
2026-09-07 13:30:00+05:30,1087.4000244140625,1088.0,1087.300048828125,1088.0,48114
2026-09-07 13:35:00+05:30,1087.9000244140625,1088.0,1087.300048828125,1087.5,34150
2026-09-07 13:40:00+05:30,1088.300048828125,1088.300048828125,1087.9000244140625,1088.0,37455
2026-09-07 13:45:00+05:30,1088.5999755859375,1088.9000244140625,1088.199951171875,1088.300048828125,36326
2026-09-07 13:50:00+05:30,1089.800048828125,1090.0,1088.0999755859375,1088.5999755859375,49380
2026-09-07 13:55:00+05:30,1089.199951171875,1089.800048828125,1089.0,1089.699951171875,32508
2026-09-07 14:00:00+05:30,1089.4000244140625,1089.699951171875,1089.0,1089.0999755859375,35266
2026-09-07 14:05:00+05:30,1088.9000244140625,1089.4000244140625,1088.0,1089.300048828125,67867
2026-09-07 14:10:00+05:30,1089.300048828125,1089.300048828125,1088.5999755859375,1089.0,38588
2026-09-07 14:15:00+05:30,1088.5999755859375,1089.300048828125,1087.5999755859375,1089.0,119530
2026-09-07 14:20:00+05:30,1088.9000244140625,1089.300048828125,1088.5,1088.800048828125,42120
2026-09-07 14:25:00+05:30,1089.699951171875,1090.4000244140625,1088.5,1088.699951171875,82738
2026-09-07 14:30:00+05:30,1088.300048828125,1089.9000244140625,1088.0999755859375,1089.9000244140625,86747
2026-09-07 14:35:00+05:30,1088.0,1089.0,1088.0,1088.699951171875,74366
2026-09-07 14:40:00+05:30,1087.199951171875,1088.199951171875,1087.199951171875,1088.199951171875,63067
2026-09-07 14:45:00+05:30,1087.5,1087.800048828125,1087.0999755859375,1087.4000244140625,86370
2026-09-07 14:50:00+05:30,1087.800048828125,1087.9000244140625,1087.0999755859375,1087.4000244140625,89182
2026-09-07 14:55:00+05:30,1087.300048828125,1088.199951171875,1087.0999755859375,1087.800048828125,138311
2026-09-07 15:00:00+05:30,1086.800048828125,1088.0,1086.699951171875,1087.199951171875,242297
2026-09-07 15:05:00+05:30,1086.199951171875,1086.9000244140625,1085.5999755859375,1086.9000244140625,328890
2026-09-07 15:10:00+05:30,1087.4000244140625,1087.5,1086.0999755859375,1086.300048828125,542169
2026-09-07 15:15:00+05:30,1087.5,1087.5,1087.300048828125,1087.300048828125,163300
