Price,Close,High,Low,Open,Volume
Ticker,SBIN.NS,SBIN.NS,SBIN.NS,SBIN.NS,SBIN.NS
1996-01-01,11.753150939941406,11.850357873228822,11.57641181910815,11.67067236596846,43733533
1996-01-02,11.379057884216309,11.841524001092948,11.075655006513962,11.797340098805856,56167280
1996-01-03,11.075650215148926,11.59408436888072,11.016736782997944,11.443856784212064,68296318
1996-01-04,11.037357330322266,11.134563069596702,10.754574507739612,10.928368427592574,86073880
1996-01-05,10.97549819946289,11.105105845923571,10.901856408573632,11.075650320508126,76613039
1996-01-08,10.65442180633545,11.016736794369422,10.566052848958009,10.913639478939034,55395172
1996-01-09,11.237662315368652,11.664781177057383,10.43055367606884,10.545434168027958,82057540
1996-01-10,10.722171783447266,11.060921629463001,10.648529994774183,10.869454169853208,54360749
1996-01-11,11.13161849975586,11.19347713402137,10.604347510719434,10.604347510719434,65973105
1996-01-12,11.137508392333984,11.38494289186198,10.972551265355188,11.164018721166185,102152486
1996-01-15,11.172855377197266,11.364324021887805,11.10510517187942,11.252388744718296,68169665
1996-01-16,11.408509254455566,12.194999101024134,11.105106487589179,11.178748282733544,92497161
1996-01-17,10.940150260925293,11.222933079910343,10.898911571237175,11.149291286602669,65477620
1996-01-18,10.866510391235352,11.004957225350052,10.692717633768476,10.813489719796328,67620657
1996-01-19,10.996116638183594,11.034411321118704,10.795812401739617,10.795812401739617,47652365
1996-01-22,11.379057884216309,11.435024954407133,11.052089861647259,11.075655006513962,81512772
1996-01-23,11.499824523925781,11.72074871687911,11.340760153026865,11.482150969590416,130297068
1996-01-24,11.110997200012207,11.19347456615169,10.834106007117972,11.134561140960539,54484752
1996-01-25,11.217042922973633,11.411455614682511,11.164021063245675,11.311304668568027,67701207
1996-01-26,11.217042922973633,11.217042922973633,11.217042922973633,11.217042922973633,0
1996-01-29,11.729589462280273,11.83857840245423,11.284795730486474,11.34076398971693,75689901
1996-01-30,11.991747856140137,12.301040998265426,11.605867727303796,11.900432511143094,89163372
1996-01-31,11.582304000854492,11.944619038685442,11.373161764133993,11.723694828467405,56831282
1996-02-01,12.156705856323242,12.253912799252412,11.502771163471802,11.502771163471802,96599349
1996-02-02,12.996216773986816,13.07869415959789,12.312825406004105,12.401194373713224,106010376
1996-02-05,13.815109252929688,14.286414447585324,13.167066098953871,13.167066098953871,160942920
1996-02-06,13.932933807373047,14.463152405380018,13.608912257100249,14.021303970687692,147345446
1996-02-07,13.688446998596191,13.96239191194653,12.960870440787138,13.485197508338178,67480756
1996-02-08,14.07727336883545,14.301144010110901,13.473415249458558,13.729686622024586,52796395
1996-02-09,15.072904586791992,15.273208895463874,13.956502526023069,14.212773899810156,74580228
1996-02-12,14.189205169677734,15.152434154645098,14.021302825841577,14.904998432131606,81608160
1996-02-13,14.265791893005371,14.42780265185955,13.756194480115333,14.153857793184834,83711982
1996-02-14,14.684077262878418,15.01399043670019,14.610436641873736,14.787175799601808,52251098
1996-02-15,14.598651885986328,14.846087632615632,14.448424273292595,14.610435050990782,40662588
1996-02-16,14.256954193115234,14.51911706213057,14.159747267717314,14.489660345892398,41113559
1996-02-19,14.354166030883789,14.55152395352813,14.286415798538142,14.315871333916515,29196493
1996-02-20,13.906425476074219,14.386566288235551,13.791544961781648,14.37478431266075,30560533
1996-02-21,13.906425476074219,13.906425476074219,13.906425476074219,13.906425476074219,0
1996-02-22,14.292304992675781,14.34238166140747,14.08021872465482,14.162697313244363,21638101
1996-02-23,14.504390716552734,14.58097771302263,14.097890596131014,14.31586842103437,46653977
1996-02-26,14.89027214050293,15.220185292060256,14.793066384423884,14.846088247258145,71998409
1996-02-27,14.863758087158203,15.052279160361898,14.669344241741614,14.963910205032722,62652564
1996-02-28,14.881436347961426,15.199566355107116,14.851979623219297,15.081740647079194,36609684
1996-02-29,14.156805038452148,14.843141668646435,13.962391146924785,14.787174610632439,71030227
1996-03-01,14.330595970153809,14.457259622196426,14.139129680755566,14.31586761082466,49598798
1996-03-04,14.186259269714355,14.430749805118008,13.844564179337073,14.37478156129314,40613835
1996-03-05,14.186259269714355,14.186259269714355,14.186259269714355,14.186259269714355,0
1996-03-06,14.357104301452637,14.427799695951352,14.168582058515975,14.203930351235377,22160082
1996-03-07,14.265791893005371,14.563303078947916,14.212770038533415,14.433694233676507,31303495
1996-03-08,14.133234977722168,14.195093596867904,13.909365632673785,14.142071753180119,39637704
1996-03-11,13.80921745300293,13.962390256067053,13.635423516439175,13.844564564886795,39109363
1996-03-12,13.78859806060791,13.853401895607615,13.667825977991582,13.794489643137105,27429706
1996-03-13,14.118513107299805,14.165643392019277,13.712012912918556,13.782708339997765,27421227
1996-03-14,14.103779792785645,14.292300865475998,14.027192809270133,14.168583613787899,36343129
1996-03-15,13.850455284118652,14.109672979503038,13.815106983497017,14.0802162608084,29065070
1996-03-18,13.488138198852539,13.812159672996582,13.446899513558993,13.726735916426982,27165271
1996-03-19,13.11993408203125,13.658988240373537,12.784129383677541,13.48814069560917,35581619
1996-03-20,13.11993408203125,13.11993408203125,13.11993408203125,13.11993408203125,0
1996-03-21,13.535271644592285,13.638368977513693,13.376206065198257,13.376206065198257,13650996
1996-03-22,13.38798713684082,13.491084453643248,13.152334595797791,13.38798713684082,23179668
1996-03-25,13.476357460021973,13.66487975013438,13.411553629916686,13.491085819762334,22524674
1996-03-26,13.373258590698242,13.549997696262274,13.066910648928557,13.48519387362957,24039214
1996-03-27,13.620696067810059,13.756196514941749,13.550000648370245,13.550000648370245,14674821
1996-03-28,13.847505569458008,14.433689792793365,13.647201376832662,13.620689862283445,15454878
1996-03-29,13.86812973022461,13.991848194881191,13.756195621119724,13.932933562765287,21249133
1996-04-01,14.242226600646973,14.31586720426101,13.549998495597285,13.549998495597285,40137428
1996-04-02,14.692914009094238,14.905001474267394,14.059599191550914,14.436642647793839,53712115
1996-04-03,14.893216133117676,15.16716220380463,14.846087047777845,14.904999297657952,48630086
1996-04-04,14.849035263061523,14.89027396545772,14.642839369199223,14.846090066797748,40702863
1996-04-05,14.849035263061523,14.849035263061525,14.849035263061525,14.849035263061525,0
1996-04-08,15.635516166687012,15.818146824468027,15.229016169762195,15.37629853570364,67392257
1996-04-09,15.74450969696045,16.28356505431574,15.379249464440488,15.788694777077188,123803836
1996-04-10,15.488238334655762,15.877063704012572,15.388086201222595,15.670869045898716,70021770
1996-04-11,15.452888488769531,15.576606938595297,15.240802269654548,15.317389257625587,76341715
1996-04-12,15.821094512939453,15.871171168360222,15.382192540697309,15.494127823382398,68621695
1996-04-15,16.292402267456055,16.519218081942867,16.04791408647513,16.139229451454977,88429949
1996-04-16,16.737194061279297,17.084780709349587,16.230541852523153,16.295345678576478,96678839
1996-04-17,16.86090850830078,16.966952197724584,16.642929548720723,16.849125346835866,63548145
1996-04-18,17.753442764282227,17.850648498380234,17.155475237868583,17.20260550729918,100389409
1996-04-19,18.154056549072266,18.542881980939768,17.76228473016691,17.85065371343113,129471967
1996-04-22,17.977313995361328,18.513422949622775,17.853596727599513,18.49869459003776,120420233
1996-04-23,17.78879165649414,18.112814375499777,17.57081384076233,17.747552964337963,156792508
1996-04-24,18.772642135620117,18.852174335969842,18.263044632308624,18.263044632308624,101305658
1996-04-25,18.645973205566406,19.91260353588039,18.20412608063276,19.50021193319022,131851353
1996-04-26,18.32489776611328,18.96410394553307,17.765224954074142,18.55171351513266,162657244
1996-04-29,18.165836334228516,18.25125891455561,17.847705195432024,18.08335775851012,93379495
1996-04-30,17.600271224975586,18.174672505098165,17.455934010563794,18.174672505098165,102988185
1996-05-01,17.888944625854492,18.18056425297893,17.815304015625948,18.027390259299814,60334650
1996-05-02,17.535465240478516,18.351411819665532,17.217335299846503,17.821194457985275,90601602
1996-05-03,16.834400177001953,17.36461753354391,16.746030022108123,17.261520210441446,125929915
1996-05-06,15.856441497802734,16.49564765693593,15.762180967095938,16.38960396442071,148646954
1996-05-07,16.18045997619629,16.433785998877433,15.788688378012889,15.788688378012889,185128395
1996-05-08,16.377824783325195,16.63704128692341,14.846086134665246,15.788693984175822,165100221
1996-05-09,16.10682487487793,16.672390570691032,15.968380432992689,16.11271764807358,199096820
1996-05-10,15.900630950927734,16.00961986846603,15.58544498148816,15.670869950794879,145995185
1996-05-13,16.318910598754883,16.43379108146361,16.027291003489673,16.201084920697326,116850624
1996-05-14,16.975791931152344,17.379345631127592,16.130388654298287,16.26588908005336,188017574
1996-05-15,17.08477783203125,17.173146779125048,16.386658267135807,16.84912532154761,190519903
1996-05-16,17.358728408813477,17.74460861488082,17.261522653799258,17.379348352728844,156581066
1996-05-17,16.84912872314453,17.131911554626665,16.7342482350718,17.02586784395332,149017375
1996-05-20,15.994889259338379,16.43084605915297,15.92124746543918,16.40728092329329,94692661
1996-05-21,15.92125129699707,16.348371422521193,15.670871519364798,15.92125129699707,205964183
1996-05-22,16.000782012939453,16.271781690644037,15.938923377909706,16.156901198311594,95926338
1996-05-23,15.771018981933594,15.95659486294376,15.670866862454764,15.906518207734225,106451278
1996-05-24,15.935976028442383,16.047911318415583,15.885900560701442,16.047911318415583,89595265
1996-05-27,15.388084411621094,15.865279885478799,15.349790918263615,15.818149615337331,96845767
1996-05-28,15.447000503540039,15.582499755784125,15.008098447495012,15.081739060663644,178187902
1996-05-29,16.242328643798828,16.436741370577597,15.700329165827512,15.75924142764312,148266994
1996-05-30,16.100936889648438,16.61053441660049,15.983109990697693,16.495653904687874,152006710
1996-05-31,16.34836769104004,16.45735659461105,16.024346175743403,16.25999872820474,146149924
1996-06-03,17.574495315551758,17.63714411063616,16.97485512523958,16.97485512523958,209226432
1996-06-04,17.42532730102539,18.07568124256376,16.237982095974242,17.840002614687915,212163304
1996-06-05,17.535709381103516,18.135348252774502,17.458142899763295,17.89966961130232,192092205
1996-06-06,18.102537155151367,18.412797130335864,17.675926824659008,17.675926824659008,253679080
1996-06-07,18.102537155151367,18.183085267170508,17.840008277688284,17.959339037374626,150261121
1996-06-10,18.1771183013916,18.30539992254738,18.114469502222285,18.13833565399378,132301263
1996-06-11,18.28152847290039,18.32926197191292,18.021983678168553,18.108498609745833,119583473
1996-06-12,18.445621490478516,18.630585158362447,16.70636958475561,18.377005819538958,237371014
1996-06-13,18.388931274414062,18.544061867580087,18.332249313419755,18.376997595176764,122364016
1996-06-14,18.576875686645508,18.61565953693636,18.400862982895116,18.436662810619662,122317382
1996-06-17,18.463510513305664,18.764821990396147,18.418761033250526,18.58582527632853,130497382
1996-06-18,18.436662673950195,18.487377789518252,18.275565259613465,18.37699549074958,112851773
1996-06-19,18.03093719482422,18.46351315152811,17.917572070383226,18.376996995264847,209622820
1996-06-20,18.102537155151367,18.168168771440577,17.616262047892402,17.90563989397749,310608400
1996-06-21,17.798242568969727,18.04883898708254,17.511847524093074,17.956357191020643,293865262
1996-06-24,17.995140075683594,18.048839222683505,17.690844507299705,17.893708621606702,186164938
1996-06-25,18.03093719482422,18.212917957256884,17.989171731163385,18.108502488875136,176767690
1996-06-26,17.848955154418945,18.0935834752202,17.756473377756063,17.962319056929427,152856188
1996-06-27,17.968290328979492,18.030939134285994,17.541681165812108,17.76841023292864,227552471
1996-06-28,17.857908248901367,18.13535363232966,17.76542645442527,18.04287183785356,155968997
1996-07-01,17.732608795166016,17.863873225046262,17.62521051561372,17.78332391230552,145326943
1996-07-02,17.759458541870117,17.890722977514738,17.690842904356668,17.735593596647202,102473094
1996-07-03,17.5118465423584,17.738576794533493,17.365666814345754,17.723660298833735,174533505
1996-07-04,17.54168128967285,17.884759518956184,16.948009043547327,17.36865136961917,446948261
1996-07-05,17.762441635131836,18.03988578112851,17.54764507783489,17.720676173947666,346132788
1996-07-08,18.764820098876953,19.033314539837306,17.89668558038933,17.89668558038933,408225216
1996-07-09,18.60671043395996,18.878188968582954,18.323299426403022,18.824489824997396,362196026
1996-07-10,17.902658462524414,18.090604875880324,17.67294537543171,17.89967564560888,201558875
1996-07-11,18.239765167236328,18.412795050777653,18.048835973301898,18.048835973301898,169710082
1996-07-12,18.096567153930664,18.257663349823414,17.720674421977026,18.14728226562937,141729248
1996-07-15,18.21291732788086,18.344181759904288,17.73559310737544,18.033920594422195,159070677
1996-07-16,18.141321182250977,19.987970708809453,17.78929330364074,18.302417418538717,139278322
1996-07-17,19.146678924560547,19.87459940338145,18.203963128659346,18.257662259467633,360305236
1996-07-18,19.239164352416992,19.62997483462358,19.048235145372313,19.092983424427736,207328753
1996-07-19,18.988567352294922,19.385343429727456,18.73498937262814,19.325678661298607,202025213
1996-07-22,19.119831085205078,19.325677966419065,18.73498869898759,19.09298091514751,43029256
1996-07-23,18.350149154663086,19.239166068088235,18.165186770382622,19.09298512706315,132471901
1996-07-24,17.56554412841797,18.108501146525985,16.706360324276833,18.078668157771233,198562651
1996-07-25,17.795255661010742,18.427710385354068,17.550627345135982,17.67592371615708,212485502
1996-07-26,17.25528335571289,18.126402063179356,17.049437658610795,17.84000705343262,264784823
1996-07-29,16.64371109008789,17.273183035241864,16.49753017274825,17.135951773061308,207485612
1996-07-30,16.652658462524414,17.28809715939708,16.061970447618773,16.530343711093387,212067917
1996-07-31,17.461132049560547,17.487981019093354,16.61686463460232,16.94800795627278,172029586
1996-08-01,17.01960563659668,17.834039964139876,16.93010666961438,17.780340825181103,203765504
1996-08-02,16.897293090820312,17.064356162587746,16.769011462471994,16.91519240411424,116042481
1996-08-05,16.72724723815918,17.058390589452017,16.676530905189498,16.855527669879844,67612178
1996-08-06,17.001705169677734,17.27019965911087,16.557196768351837,16.6168627465161,107636731
1996-08-07,17.25528335571289,17.359698818657005,16.88535742299452,17.004689380644937,73429220
1996-08-08,17.076282501220703,17.55957340161821,17.01960056272172,17.422342175617864,112281038
1996-08-09,17.1717529296875,17.30301736320989,16.986789354898992,17.04943815201728,85875686
1996-08-12,17.198598861694336,17.39251205810937,17.13893409782631,17.279148162453115,51096910
1996-08-13,17.207548141479492,17.288096228686467,16.948002160652113,17.153849014623923,50600895
1996-08-14,16.77796173095703,17.297051447319063,16.69144557207688,17.243352303186242,69359358
1996-08-15,16.77796173095703,16.77796173095703,16.77796173095703,16.77796173095703,0
1996-08-16,16.193239212036133,16.819728470285042,16.142524086939453,16.709347356930397,157527521
1996-08-19,15.853139877319336,16.375214693280018,15.75469247594395,16.112685877306628,164753647
1996-08-20,15.748732566833496,16.13655912330169,15.602552808448342,15.826297878127136,147223562
1996-08-21,16.18428611755371,16.31853456262032,15.963523937733383,16.050038878640077,138578284
1996-08-22,15.918777465820312,16.372235588774874,15.87701079255265,16.2827378146287,112675836
1996-08-23,16.02020835876465,16.184288610747465,15.885961099170192,15.888943915947761,105782506
1996-08-26,15.841214179992676,16.050043954429697,15.79646468415188,15.990377959975302,56603413
1996-08-27,15.885960578918457,15.990374842705073,15.775579475618942,15.826294596095746,70876017
1996-08-28,16.103742599487305,16.139541230106367,15.930711462266322,15.990377454835855,38401907
1996-08-29,16.118656158447266,16.408033998566452,16.050040520734797,16.13655547049292,72896640
1996-08-30,16.261857986450195,16.303624668728915,16.053028193517,16.145510010651133,67175516
1996-09-02,16.61387825012207,16.792874973357215,16.315550780114496,16.315550780114496,89043607
1996-09-03,16.509462356567383,16.971870009735095,16.37819794508776,16.79585612035615,153891142
1996-09-04,16.530349731445312,16.607915035311414,16.30362186617918,16.36328664950854,60474021
1996-09-05,16.98977279663086,17.049438779378292,16.64073017478714,16.64073017478714,129424273
1996-09-06,16.840604782104492,17.049434462694553,16.75110703679608,17.004686193116758,120044512
1996-09-09,16.497529983520508,16.888339226620072,16.455764524539514,16.798841469902808,103249971
1996-09-10,16.384166717529297,16.49753062754012,16.318535107118084,16.473664477740314,84484090
1996-09-11,16.079872131347656,16.598963030429868,16.026174195792027,16.52736457686927,116903617
1996-09-12,16.1663875579834,16.25886813582032,15.877008527881191,16.02318945116058,107984895
1996-09-13,15.733814239501953,16.28572101246537,15.64431646326225,16.282738195513566,157775528
1996-09-16,14.964128494262695,16.527367059511583,14.844797720403218,15.662216235185504,173752918
1996-09-17,15.107325553894043,15.289305121847843,14.886563336426825,15.110308370720773,218922031
1996-09-18,16.139537811279297,16.166387984709264,15.128206205913987,15.161022012414552,231897897
1996-09-19,15.69503116607666,16.70636288544817,15.584650055684504,16.19920561732664,297267413
1996-09-20,15.733814239501953,16.064958785741297,15.60255099517082,15.751714759672483,234950294
1996-09-23,15.51305103302002,15.802428886738458,15.050643271653833,15.66818162778094,181186776
1996-09-24,15.516030311584473,15.766625459468202,15.408632046447766,15.611494900082487,157966303
1996-09-25,15.817344665527344,16.587030764745816,15.75171305048334,15.805412192861663,130429021
1996-09-26,15.51305103302002,15.81137854318187,15.384769407589337,15.775579917408217,145145707
1996-09-27,15.143121719360352,15.498132347091268,15.080472926955247,15.489182691912394,169436108
1996-09-30,15.086437225341797,15.298249716084028,14.814958768583752,15.05660424233389,229456510
1996-10-01,14.71651554107666,15.155058380395072,14.603151611623929,15.155058380395072,199087281
1996-10-02,14.71651554107666,14.716515541076658,14.716515541076658,14.716515541076658,0
1996-10-03,14.298858642578125,15.10136070874479,14.185493495890809,14.88656530271305,299422638
1996-10-04,13.743967056274414,14.97606228045419,13.544088159417829,14.349572999424142,308807168
1996-10-07,13.010078430175781,13.76783203535333,12.783349394392545,13.76783203535333,281432574
1996-10-08,12.464139938354492,12.887766272463965,12.210561907416214,12.887766272463965,273387707
1996-10-09,12.714736938476562,12.887768082824666,12.380609537400513,12.708770097743171,276557748
1996-10-10,12.977259635925293,13.027974742416012,12.589433266837707,12.664015724797933,190735055
1996-10-11,12.938477516174316,13.201006331304372,12.857929423279957,13.033942101256939,220024286
1996-10-14,12.490989685058594,12.88179902711258,12.422374037381596,12.88179902711258,191052483
1996-10-15,12.514854431152344,12.783350151369236,12.273208886033714,12.449222814073295,170940579
1996-10-16,12.490989685058594,12.82511705996779,12.419391220325183,12.619271323090073,125336923
1996-10-17,12.449224472045898,12.496957989005105,11.933117504534613,12.419391476253885,200504844
1996-10-18,12.83704948425293,12.932514094555211,12.359725226588363,12.482040012383887,269442378
1996-10-21,12.83704948425293,12.83704948425293,12.83704948425293,12.83704948425293,0
1996-10-22,13.34420394897461,13.723080700493274,12.93251139528299,12.93251139528299,265151535
1996-10-23,14.182501792907715,14.27498354264741,13.723077065713726,13.723077065713726,197792662
1996-10-24,13.553038597106934,14.28692501454773,13.436690632765993,14.28692501454773,235225328
1996-10-25,13.863298416137695,13.931914060825223,13.397906606416962,13.544087552724612,254961511
1996-10-28,13.812580108642578,14.110907592418128,13.729049185123376,13.94682735572627,175954777
1996-10-29,13.863298416137695,14.767231858628156,13.696234132885175,13.767833800652385,169178032
1996-10-30,13.863298416137695,13.863298416137697,13.863298416137697,13.863298416137697,0
1996-10-31,13.69324779510498,13.770813076781259,13.394919139190806,13.60971567495678,114165469
1996-11-01,13.657450675964355,13.937877641096554,13.579884179619514,13.782747060712966,154659010
1996-11-04,13.126425743103027,13.606733965323656,13.042893616161827,13.606733965323656,155814787
1996-11-05,12.843016624450684,13.183110814301923,12.649103376391045,13.048862346000735,148652254
1996-11-06,12.595404624938965,12.813184032956059,12.416407867748932,12.795284719083025,167427144
1996-11-07,12.708768844604492,12.795285011324367,12.541705763616285,12.795285011324367,95061493
1996-11-08,12.953397750854492,13.051846386510226,12.723684669708847,12.780367838862276,80767691
1996-11-11,13.087645530700684,13.45458870552271,12.756502190119955,12.92058245193219,83470864
1996-11-12,13.087645530700684,13.087645530700685,13.087645530700685,13.087645530700685,0
1996-11-13,13.382987022399902,13.466519144757653,13.03991008425368,13.093609219615596,116478614
1996-11-14,13.15029525756836,13.451606831242417,13.099580128838461,13.368074682927697,98898186
1996-11-15,13.278573036193848,13.335254988913102,13.022011031579106,13.120458443225235,101518690
1996-11-18,13.63656997680664,13.684302286738825,13.33525841343728,13.33525841343728,115144250
1996-11-19,13.463536262512207,13.693249316910807,13.323323382833298,13.675350005658698,119700588
1996-11-20,13.063779830932617,13.544088159095564,13.027979995446247,13.544088159095564,127407890
1996-11-21,13.042896270751953,13.227859872998026,12.962348149972069,13.013064482200585,121961269
1996-11-22,12.902685165405273,13.063781429422544,12.863902508113444,12.962349956978793,96198192
1996-11-25,13.129411697387695,13.341224259230229,12.625237251312281,12.863899989335994,116218418
1996-11-26,13.180126190185547,13.38597310850037,12.95041311982521,13.275590798367599,111468125
1996-11-27,13.066761016845703,13.18609176563347,12.744566185889203,12.887764290587542,104575856
1996-11-28,12.893729209899902,13.275588791042457,12.798264616152501,13.126425061773906,157328268
1996-11-29,13.096595764160156,13.365091517404434,12.977264988358971,12.977264988358971,134994898
1996-12-02,12.989192962646484,13.206972306877953,12.947427507124388,13.02200997000621,83093024
1996-12-03,12.678932189941406,13.001126990924664,12.38060474264838,12.968311188829956,109136433
1996-12-04,12.383593559265137,12.482042209816733,12.171780965560428,12.350777744465729,107368587
1996-12-05,12.517833709716797,12.747545488584924,12.17773966172346,12.26425458151686,126998254
1996-12-06,12.502922058105469,12.675951964655036,12.440273257246034,12.634186499466463,81800524
1996-12-09,12.425357818603516,12.559605088133313,12.377625509710844,12.559605088133313,63894190
1996-12-10,12.177741050720215,12.386570731971215,12.08227646711501,12.365687402000269,95951775
1996-12-11,12.857931137084961,12.947428895990667,12.171777229580204,12.222492344857738,138464879
1996-12-12,12.476073265075684,12.920582966136338,12.440274635562938,12.920582966136338,130863563
1996-12-13,12.443259239196777,12.499941209338035,12.309010753802209,12.434308375247799,75963875
1996-12-16,13.030962944030762,13.099578586131674,12.523805685691904,12.523805685691904,147728056
1996-12-17,12.893729209899902,13.123442245526656,12.77141444531545,13.007094319589655,124699948
1996-12-18,13.111510276794434,13.424754269692555,13.036929005517937,13.126426772280354,163810901
1996-12-19,13.072728157043457,13.186093286078359,12.962347050917964,13.051846027443386,102401023
1996-12-20,13.45757007598877,13.544085018352796,13.186091571117453,13.186091571117453,128921900
1996-12-23,13.418787956237793,13.663416298731374,13.335255826981406,13.544085547045853,114977852
1996-12-24,13.397907257080078,13.538121370191023,13.230842965714157,13.350174947019324,89009162
1996-12-25,13.397907257080078,13.397907257080078,13.397907257080078,13.397907257080078,0
1996-12-26,14.078097343444824,14.137762134948124,13.561989117251697,13.561989117251697,114648765
1996-12-27,14.078097343444824,14.078097343444824,14.078097343444824,14.078097343444824,0
1996-12-30,14.078097343444824,14.078097343444824,14.078097343444824,14.078097343444824,0
1996-12-31,13.943845748901367,14.257089754655954,13.887163787420338,14.167591984220282,65269358
1997-01-01,14.78512954711914,14.88059415210974,14.230240022919924,14.230240022919924,117594116
1997-01-02,14.3823881149292,14.865679236750134,14.337639830429648,14.856729579850224,118900924
1997-01-03,14.55840015411377,14.61209929465692,14.236206517007924,14.260072667676761,108118438
1997-01-06,14.406251907348633,14.683697256535204,14.304821675006517,14.618065645924887,80613481
1997-01-07,14.665799140930176,14.794080762332126,14.239190018735457,14.32868899266516,115423523
1997-01-08,15.011856079101562,15.256485596212451,14.892525342799233,14.97605746128731,205816333
1997-01-09,15.08345890045166,15.184891563451309,14.86269667265455,14.910428981034832,171115986
1997-01-10,15.211738586425781,15.3638863552863,15.095390647342173,15.262454911430316,151344298
1997-01-13,15.07749080657959,15.125223107172197,14.895510053648097,15.029758505986981,94774270
1997-01-14,15.536914825439453,15.850158784141142,14.979041332397037,15.155055236223829,119689459
1997-01-15,16.62581443786621,16.62581443786621,15.871044787508296,15.874027604320547,88564551
1997-01-16,16.60492706298828,17.792272406908626,16.258866120044747,17.792272406908626,191805513
1997-01-17,16.816743850708008,17.121038208954793,15.939660608883285,16.050041718322827,232052107
1997-01-20,16.252897262573242,16.971866762871347,16.14549901862222,16.945017804959914,136012893
1997-01-21,16.011259078979492,16.482616510115196,15.826295486742508,16.145506341732418,142874427
1997-01-22,16.673545837402344,16.885358385693817,16.351350980760305,16.55719789575157,168301528
1997-01-23,16.673545837402344,16.673545837402344,16.673545837402344,16.673545837402344,0
1997-01-24,16.434885025024414,16.733213764683754,16.31257022970255,16.706363587099318,102892268
1997-01-27,17.35373306274414,17.58642894730341,16.43786722629756,16.43786722629756,182169266
1997-01-28,18.51124382019043,18.570909796854743,17.54167773016038,17.637143534053877,173520279
1997-01-29,17.840011596679688,18.97365703998844,17.4939505199777,18.913992252121673,196743401
1997-01-30,17.311967849731445,17.89669038627623,17.073305122225218,17.75050945060175,177103665
1997-01-31,16.31853675842285,16.974856547408315,16.169371799388493,16.974856547408315,195009470
1997-02-03,15.29825496673584,16.21710488675161,15.17594017688378,15.850161723348629,209217423
1997-02-04,15.730827331542969,15.871041402571482,15.04765628576274,15.238586674855126,160134247
1997-02-05,15.745747566223145,16.572115695569007,15.611499095646767,16.232021499953984,164934883
1997-02-06,15.874021530151367,16.076884355741964,15.372831303669356,15.692042032715094,166482278
1997-02-07,16.154455184936523,16.27676996798584,15.784528019091033,15.990374937355964,120317426
1997-02-10,16.157440185546875,16.258870433238872,15.885961634282577,16.229038645998806,86936606
1997-02-11,16.72724723815918,16.855527669879844,16.023192653762074,16.076891803784505,120116053
1997-02-12,16.71531105041504,17.046455558190868,16.57509695920835,16.646695413114365,122077324
1997-02-13,16.64371109008789,16.76005901946193,16.48261367876545,16.652660745246973,88322903
1997-02-14,17.025569915771484,17.168768010326893,16.57211189634404,16.631777869588205,126247343
1997-02-17,17.44920539855957,17.643118708177006,17.216508220865073,17.422355213914464,172146700
1997-02-18,16.94203758239746,17.473060877934348,16.828673682036037,17.473060877934348,171197596
1997-02-19,17.29108238220215,17.386548185124965,16.771991526498475,17.10910284384054,154660070
1997-02-20,17.189653396606445,17.452182281294235,16.974856817106772,17.15385477079194,177739581
1997-02-21,16.99275779724121,17.192637886023913,16.924142154364077,17.06733907381386,134032545
1997-02-24,16.35433578491211,16.918175001744117,16.264838013448863,16.918175001744117,149018435
1997-02-25,16.324504852294922,16.634766084004003,16.130591582476743,16.26484006584163,162767469
1997-02-26,16.342403411865234,16.452785734313533,16.038109034719493,16.16340664847637,101377728
1997-02-27,16.80182647705078,16.87044211630106,16.408034366302182,16.43786735781562,111394995
1997-02-28,18.484399795532227,18.848360203150357,17.780346343821595,18.147289568803725,62950384
1997-03-03,19.298826217651367,19.99989651181798,19.182478304609706,19.45097395245693,200769279
1997-03-04,19.516613006591797,19.629978147018804,19.060172040134333,19.418164363751327,156287485
1997-03-05,19.540475845336914,20.40264371121729,19.227231861486057,20.1669650191917,171108567
1997-03-06,19.304794311523438,19.477824181307763,19.01839933723906,19.27496132580485,141496609
1997-03-07,19.304794311523438,19.304794311523438,19.304794311523438,19.304794311523438,0
1997-03-10,18.326284408569336,18.86924154197225,18.25766876109374,18.854325044427412,153104725
1997-03-11,17.750513076782227,18.52616619501766,17.493950984300767,18.20397126614138,160153854
1997-03-12,18.33821678161621,18.61566216878538,18.096571227232907,18.37699822508388,136452735
1997-03-13,18.054800033569336,18.481409072572717,17.992152452649574,18.43367677824621,95115015
1997-03-14,18.350149154663086,18.46649710288878,17.765426596715947,17.88475856791349,169640661
1997-03-17,18.99454116821289,19.057189982075283,18.391917980804433,18.496333474677353,197552604
1997-03-18,18.860292434692383,19.197402635499536,18.681295665087585,19.0034893679149,192619486
1997-03-19,18.514230728149414,19.322699583546708,18.418766109311534,19.227234964708828,179653689
1997-03-20,18.472463607788086,18.761841461620207,17.980222853981704,18.406830783588674,260850623
1997-03-21,18.854320526123047,18.98856776570191,18.69322311493662,18.73498978051439,169102782
1997-03-24,18.854320526123047,18.854320526123047,18.854320526123047,18.854320526123047,0
1997-03-25,18.79764175415039,19.072103118578234,18.675326965354632,18.973654482943456,146669785
1997-03-26,18.526161193847656,18.967686788587468,18.451579925629677,18.913987648270933,104750203
1997-03-27,18.4963321685791,18.57986431654822,18.177121280927317,18.436667382446856,103265869
1997-03-28,18.4963321685791,18.4963321685791,18.4963321685791,18.4963321685791,0
1997-03-31,16.652658462524414,17.20158222984798,16.646691624518624,17.20158222984798,641215
1997-04-01,15.63536262512207,15.868058487684225,14.987991359039007,15.09538963501431,117036630
1997-04-02,16.3155517578125,16.393117049400875,15.990374096449463,16.1842873254204,110402966
1997-04-03,16.44383430480957,16.521400812632773,16.199205925932915,16.40803567705618,94197707
1997-04-04,16.181303024291992,16.22903532148199,16.082854407492025,16.142520382056002,54691425
1997-04-07,15.83523941040039,16.07390206256303,15.724858340851728,16.050035917962038,63116782
1997-04-08,15.83523941040039,15.835239410400392,15.835239410400392,15.835239410400392,0
1997-04-09,16.939058303833008,16.945025143559455,16.467700882353878,16.467700882353878,84586896
1997-04-10,16.408031463623047,16.921155449650684,16.169368779889545,16.766024886146845,177256285
1997-04-11,16.521398544311523,16.70039407080956,15.647297008994077,15.930707999794537,147777339
1997-04-14,16.521398544311523,16.521398544311523,16.521398544311523,16.521398544311523,0
1997-04-15,16.94203758239746,17.12103429373653,16.467697443194204,16.467697443194204,119222591
1997-04-16,16.94203758239746,16.94203758239746,16.94203758239746,16.94203758239746,0
1997-04-17,17.71470832824707,17.759457812546792,17.228434458546534,17.27019992020111,149939454
1997-04-18,17.71470832824707,17.71470832824707,17.71470832824707,17.71470832824707,0
1997-04-21,18.56195831298828,18.791670129440835,17.82508815715686,17.90265343671806,159514759
1997-04-22,18.299434661865234,18.77974176155121,18.15325371580723,18.61864552473317,141987324
1997-04-23,18.59478187561035,18.848359944986143,18.385952096848687,18.493350406629357,140506170
1997-04-24,18.4694766998291,18.71708782718939,18.385944581239123,18.541075141697842,110938725
1997-04-25,18.803604125976562,18.899068715936735,18.32627876386988,18.376993874978883,139979949
1997-04-28,18.803604125976562,19.009449798847303,18.633555865111532,18.791670449155088,174701493
1997-04-29,18.58582305908203,18.82448451193179,18.47842480222324,18.678303618215818,138636047
1997-04-30,19.158620834350586,19.537497728818874,19.101938863197386,19.447998736958006,137540151
1997-05-01,19.158620834350586,19.158620834350586,19.158620834350586,19.158620834350586,0
1997-05-02,18.743940353393555,19.021385707439876,18.699190869291947,18.92890392275777,114456931
1997-05-05,18.00707244873047,18.406831422880774,17.929507148625596,18.3769984295861,137485569
1997-05-06,18.192035675048828,18.376998058666782,17.85492551116025,18.019005764815976,140220537
1997-05-07,18.269601821899414,18.535113539346316,18.198003359804726,18.400866272149624,133950406
1997-05-08,18.472463607788086,18.52019591294048,18.183085753955964,18.23976771555529,120075248
1997-05-09,18.39192008972168,18.55003475734313,18.287505790029453,18.481419094732335,107787232
1997-05-12,18.021987915039062,18.41279721008857,17.98917210675232,18.356115249761185,88967298
1997-05-13,17.950389862060547,18.168169258168167,17.878791404330606,18.019005503025838,112533815
1997-05-14,18.147281646728516,18.19501514678862,17.669957501503372,18.054799874975938,134294860
1997-05-15,18.257665634155273,18.394896905603257,17.962320963195573,18.108501890407023,117059417
1997-05-16,18.189050674438477,18.293466143250065,18.07270393903626,18.07270393903626,70987833
1997-05-19,18.526161193847656,18.705157926185088,18.260649514931654,18.317331471761808,117223165
1997-05-20,18.54704475402832,18.672342347576848,18.448596127888873,18.58284337724043,84189449
1997-05-21,18.27556610107422,18.588810082690802,18.221866960489507,18.58284324348071,71534720
1997-05-22,18.1711483001709,18.341195355800703,18.090600202726424,18.272579729089195,70685242
1997-05-23,18.03690528869629,18.22783451431402,17.97425648577132,18.198002727426143,79787850
1997-05-26,18.042865753173828,18.165180498961593,17.992150647846508,18.0189996084046,49618935
1997-05-27,17.911605834960938,18.13833487006765,17.84000738274088,18.09358538512271,57399367
1997-05-28,17.917570114135742,18.1979994749089,17.869839022415448,18.099550856699675,56862548
1997-05-29,18.19502067565918,18.2576682750652,17.84299279035611,17.899675961978865,69022852
1997-05-30,18.34119987487793,18.496330475699384,18.147286623851116,18.198002953882686,86481396
1997-06-02,18.788686752319336,18.83641783890916,18.350144051209476,18.376993013569912,119057783
1997-06-03,18.922935485839844,19.242146274402447,18.7976379058576,18.86625353445572,131017773
1997-06-04,19.218280792236328,19.50765860394677,19.1586148164042,19.421143662681978,141302124
1997-06-05,19.051219940185547,19.376397636621867,18.937856013269435,19.304799176545398,87268342
1997-06-06,18.830455780029297,19.14966660370022,18.776756638966113,19.087017806818686,70328600
1997-06-09,18.627586364746094,18.764817588931802,18.564937589824936,18.734984609225982,73711673
1997-06-10,18.6604061126709,18.788687711348427,18.5888076699023,18.645489619658328,78257942
1997-06-11,19.146678924560547,19.28689419278146,18.887134130781202,18.887134130781202,101775176
1997-06-12,19.063152313232422,19.176516232377853,19.00348633084865,19.092984098271195,62495174
1997-06-13,19.277950286865234,19.495728484866902,19.048237202904495,19.09298548679349,117069485
1997-06-16,18.86411476135254,19.386691163629447,18.794640231862065,19.26586456748024,88763804
1997-06-17,19.51355743408203,19.691776481680698,18.97285621460103,19.06045563518335,119737683
1997-06-18,20.640274047851562,20.881927258954036,20.51038437827045,20.87286541619677,104588044
1997-06-19,20.58892250061035,20.782245074406994,20.259668618181223,20.48017794221342,155919184
1997-06-20,20.709745407104492,21.126597413071952,20.540586973974424,20.72484766097848,156697651
1997-06-23,20.549652099609375,20.812450410872998,20.48319777536083,20.72182954550948,70278256
1997-06-24,20.640274047851562,20.691626118506218,20.431846779343992,20.528508063784983,43736182
1997-06-25,20.56173324584961,20.75203435665261,20.48017423119413,20.685580039269734,79493739
1997-06-26,20.688600540161133,20.92119186185102,20.576834578513605,20.661415017342456,114118835
1997-06-27,20.65537452697754,20.812449711309878,20.625167572871703,20.66141738332571,38586852
1997-06-30,20.51340675354004,20.61610845704453,20.338207862085955,20.54059228306664,61521693
1997-07-01,21.039005279541016,21.265556263958718,20.604029441197287,20.658400505035672,126908166
1997-07-02,21.150768280029297,21.531373000575783,21.029940454124304,21.26555324911192,147523503
1997-07-03,20.93327522277832,21.205135337251416,20.842654370439043,21.08430997667712,77997217
1997-07-04,21.138681411743164,21.325963533007872,20.875883133411083,20.96348255952178,99928900
1997-07-07,21.37127685546875,21.621991913052526,21.338050912380318,21.455857312519857,89206826
1997-07-08,21.356172561645508,21.44679098192284,21.06920771731389,21.29575865309727,76777848
1997-07-09,21.413562774658203,21.59480203856763,21.335025190370338,21.561576102165695,72910419
1997-07-10,21.28669548034668,21.534391512891897,21.211176878109868,21.473977608120396,40180352
1997-07-11,21.187009811401367,21.356168232537325,21.060141606185525,21.150762450638133,58984918
1997-07-14,20.41069984436035,21.035979151550656,20.29893509153799,20.969524829744657,140021284
1997-07-15,20.77922248840332,20.854738647732084,20.32914085405611,20.428823552195198,106256794
1997-07-16,20.0844669342041,20.987647997805794,19.975722390946565,20.963483900717975,175433326
1997-07-17,20.35028648376465,20.53454840862084,19.894164424357214,19.96666037881938,210860206
1997-07-18,20.35028648376465,20.35028648376465,20.35028648376465,20.35028648376465,0
1997-07-21,19.682720184326172,19.918332990705256,19.42898369169413,19.845837024420767,142730816
1997-07-22,19.55886459350586,19.800517706061488,19.404809665638552,19.755207289480264,153152949
1997-07-23,19.963640213012695,20.08446680403103,19.758234397645296,19.869999146996314,71830421
1997-07-24,19.818649291992188,20.341225698134817,19.637407564518877,20.060302486078218,106837597
1997-07-25,19.30815315246582,19.688757813969808,19.120871028383895,19.637405751671814,107008234
1997-07-28,19.129934310913086,19.419919360166016,19.02118976478417,19.39273383427004,59975357
1997-07-29,19.20545196533203,19.25378260400635,18.894321799616403,19.05441841415666,72264964
1997-07-30,19.145034790039062,19.392730797576434,19.096704159610383,19.33231567763212,37440084
1997-07-31,19.63439178466797,19.691784278545004,19.16920775457354,19.253787002210565,94128816
1997-08-01,19.498456954956055,19.658552346001702,19.368567296708214,19.62532518503336,45953409
1997-08-04,19.800527572631836,20.169050279503562,19.57699802681545,19.661576047718953,101713704
1997-08-05,20.21435546875,20.41673984614248,19.791460588972534,19.873019602532025,57840269
1997-08-06,20.51642608642578,20.83057650194295,20.308001247319485,20.83057650194295,9937247
1997-08-07,19.94853401184082,20.238519011950196,19.785417220290743,19.936450743753127,63735211
1997-08-08,19.622304916381836,19.891144869457868,19.546788748016166,19.83979402152192,46083242
1997-08-11,20.005929946899414,20.07238426907405,19.709904482749902,19.785420646923576,57232440
1997-08-12,19.869998931884766,20.298934241310572,19.694800071486757,20.05727984061758,58219699
1997-08-13,19.583030700683594,19.71896073467981,19.453141078792683,19.664588476826893,29560025
1997-08-14,19.39273452758789,19.64646977550591,19.311175504439102,19.5769952441971,56476759
1997-08-15,19.39273452758789,19.39273452758789,19.39273452758789,19.39273452758789,0
1997-08-18,19.199413299560547,19.513563720802626,19.16014449690529,19.510542292122864,28959614
1997-08-19,19.13597869873047,19.380653352081218,19.033275772895248,19.166185657141888,47957605
1997-08-20,19.404815673828125,19.44710467630101,19.096706943967877,19.18128494891364,35255183
1997-08-21,19.244722366333008,20.09957289903925,19.18732865950893,19.537727651019022,77282341
1997-08-22,18.845991134643555,19.271906261298216,18.806722338116405,19.211492352403365,64378546
1997-08-25,18.574127197265625,18.755366444424784,18.18445951843831,18.72818092373259,72992028
1997-08-26,18.516738891601562,18.782558648272783,18.45632497746557,18.71912452693904,54988186
1997-08-27,18.710060119628906,18.997023729897727,18.661728262181015,18.661728262181015,38867715
1997-08-28,18.40195083618164,18.667771787216623,18.365703468387437,18.589234195299184,38501004
1997-08-29,17.136289596557617,18.296228627802446,17.115144483445015,18.296228627802446,132746935
1997-09-01,17.063791275024414,17.332631187842534,16.770786045395248,17.15743233564436,98211926
1997-09-02,17.613554000854492,17.752504264290128,17.06983255208354,17.217845877746868,86461789
1997-09-03,17.731361389160156,18.157276516643535,17.583349266115807,17.882396161691158,133852369
1997-09-04,17.716262817382812,17.758551829722233,17.432318118740035,17.525959208673473,71891893
1997-09-05,17.87031364440918,17.915624078077798,17.70417660889682,17.812921161192474,53971780
1997-09-08,17.80083656311035,17.840105358440688,17.59845217277129,17.701155081998902,34495793
1997-09-09,17.695114135742188,17.89447832699692,17.586369587322324,17.821982368474522,43109805
1997-09-10,17.223886489868164,17.574285412247548,17.16951422223563,17.519913144615018,54219787
1997-09-11,17.31148910522461,17.51387473752524,17.23597293496038,17.23597293496038,48542117
1997-09-12,17.151391983032227,17.205764255239004,16.991296594534347,17.166495459827026,55788380
1997-09-15,17.21784782409668,17.278260511052192,17.133268596831957,17.21784782409668,25115502
1997-09-16,17.36888313293457,17.571267547710303,17.287324104309977,17.302427582897028,56644747
1997-09-17,17.359819412231445,17.447418851959824,17.28430324342478,17.28430324342478,5908189
1997-09-18,16.776830673217773,17.127229686911637,16.649962422770614,17.042650446189295,59637792
1997-09-19,16.72547721862793,16.99733736408084,16.646939626159757,16.909737929600567,38331956
1997-09-22,16.36903953552246,16.67412809487994,16.32674930673669,16.62881765886917,34821170
1997-09-23,16.444557189941406,16.54423991389614,16.26633807960363,16.317688934693248,38565125
1997-09-24,16.511011123657227,16.873492166248642,16.462679259542096,16.819119887732665,39384927
1997-09-25,16.640893936157227,16.674122310468128,16.372054063126,16.387157536556717,39739450
1997-09-26,16.589542388916016,16.855360823047643,16.568397282769396,16.71943078929859,40074366
1997-09-29,16.81911849975586,17.015462483395886,16.622774516115832,16.73453927112496,46018591
1997-09-30,16.67412757873535,16.819119503954447,16.631837351258667,16.7949541830846,28416436
1997-10-01,16.447572708129883,16.704330574192873,16.24216690378845,16.704330574192873,41587316
1997-10-02,16.447572708129883,16.447572708129883,16.447572708129883,16.447572708129883,0
1997-10-03,16.447572708129883,16.447572708129883,16.447572708129883,16.447572708129883,0
1997-10-06,16.447572708129883,16.447572708129883,16.447572708129883,16.447572708129883,0
1997-10-07,16.447572708129883,16.447572708129883,16.447572708129883,16.447572708129883,0
1997-10-08,16.447572708129883,16.447572708129883,16.447572708129883,16.447572708129883,0
1997-10-09,16.601627349853516,16.631834300718545,16.221022700007826,16.281435380465513,37661065
1997-10-10,17.238994598388672,17.368884278550027,16.613715184478682,16.64392214364517,94034488
1997-10-13,17.03358268737793,17.640738198497267,16.9761902181241,17.33262952280031,63345182
1997-10-14,16.595584869384766,17.127224246452684,16.314662927460574,17.051706873139977,41681114
1997-10-15,16.91275978088379,17.03056740231259,16.740582323368724,16.79495460200024,28836140
1997-10-16,17.622615814208984,17.731359126774965,16.921819199916975,17.139308267593666,99276026
1997-10-17,17.48366355895996,17.755524881570956,17.344713301867507,17.698132410625643,65702841
1997-10-20,17.803855895996094,17.918642061634916,17.41418819539409,17.41418819539409,70934310
1997-10-21,17.287321090698242,17.852187671820182,16.99431585547834,17.82500092659377,80329968
1997-10-22,17.115140914916992,17.60751150029584,17.069831712369247,17.426271026287928,57161429
1997-10-23,16.613712310791016,17.38096332305328,16.438513443456934,17.01244068325668,64225396
1997-10-24,16.47174072265625,16.598608953104552,16.16967362361482,16.52309278898045,57441762
1997-10-27,16.55329704284668,16.749641006062234,16.317684286988015,16.43247045828034,48428712
1997-10-28,15.015771865844727,16.52308927624065,14.910048770038268,16.52308927624065,88032501
1997-10-29,16.254247665405273,16.492880591021223,15.396375994383753,15.396375994383753,64942921
1997-10-30,15.85250186920166,16.25123146688631,15.716571796391724,16.25123146688631,22133586
1997-10-31,15.85250186920166,15.852501869201658,15.852501869201658,15.852501869201658,0
1997-11-03,15.559499740600586,16.187799385819538,15.239308892309817,16.009580273993894,50148865
1997-11-04,15.69240665435791,15.88270900269407,15.420545284397313,15.647096222485725,51459912
1997-11-05,15.653132438659668,15.822289615973357,15.4990775121359,15.737710416680462,32918191
1997-11-06,15.695426940917969,15.76188248558876,15.323884084481033,15.592724027583593,42570866
1997-11-07,15.577622413635254,15.686366975179261,15.496064603113584,15.60782937198333,26372496
1997-11-10,15.529292106628418,15.616891554979969,15.438672450885422,15.496064940231742,20682637
1997-11-11,15.719588279724121,15.795105647437278,15.511162298871362,15.526265772413993,31931462
1997-11-12,15.34804630279541,15.737712764828322,15.296695467140411,15.707507037469531,36767073
1997-11-13,14.716729164123535,15.278575618526046,14.53246721976773,15.254409076542094,87330874
1997-11-14,14.716729164123535,14.716729164123535,14.716729164123535,14.716729164123535,0
1997-11-17,14.928176879882812,15.042961849816564,14.562674413591653,14.85265948813223,56668594
1997-11-18,14.701626777648926,14.922136108808795,14.550593206670175,14.922136108808795,46724987
1997-11-19,14.363308906555176,14.583818204941934,14.166964927082546,14.378412383535569,51318951
1997-11-20,14.38143253326416,14.499240141752011,14.021972957867927,14.333101895627985,43763739
1997-11-21,14.354248046875,14.79526667382719,14.22737980857616,14.31195904119958,69007484
1997-11-24,13.351385116577148,14.318000448905275,13.351385116577148,14.260607961233505,79421668
1997-11-25,13.318156242370605,13.466169598996032,12.490492459199613,12.988903586181442,130783544
1997-11-26,13.094624519348145,13.895103861050211,12.937549346203173,13.892082433091321,75272846
1997-11-27,13.665534019470215,13.735009771236154,12.958695673930281,13.025151218726082,94266598
1997-11-28,13.227535247802734,13.568872361878574,13.094625383198759,13.568872361878574,79922452
1997-12-01,13.71688175201416,13.831667909912131,13.109726250849384,13.142953405068814,85599062
1997-12-02,13.677618980407715,13.985727786582732,13.35138648600852,13.828653786518519,87599018
1997-12-03,13.393674850463867,13.632307878528389,13.32420030854405,13.505439624556226,36681754
1997-12-04,13.085564613342285,13.532624881587385,12.994944965349042,13.29399187989016,58769237
1997-12-05,12.874114990234375,13.372526024165367,12.726101661242293,13.17014164821854,85782418
1997-12-08,13.145977020263672,13.221493181395275,12.644544532154619,12.901302411055962,84726268
1997-12-09,12.8831787109375,13.164101934216587,12.581111595626544,13.152018663393314,72512971
1997-12-10,12.553923606872559,12.8982796600057,12.390806810374333,12.692873866462305,77113823
1997-12-11,12.729125022888184,12.83786835458981,12.239775755776838,12.538822665819614,88205788
1997-12-12,12.765373229980469,13.007026427900456,12.572049450371935,12.741206688915927,64407162
1997-12-15,12.919426918029785,12.955675508149334,12.659648815778553,12.753289887420891,28591313
1997-12-16,13.384611129760742,13.502417523538647,12.958695987934288,12.958695987934288,69518867
1997-12-17,13.526582717895508,13.617202362350456,13.351383843016071,13.562830087168468,42029808
1997-12-18,13.46314525604248,13.744068404487113,13.429918102038641,13.556786305524025,58302368
1997-12-19,13.608142852783203,13.653453293414211,13.333261222736947,13.420861896466,44904148
1997-12-22,14.037076950073242,14.188110503548677,13.68365777545355,13.70782309515872,59278499
1997-12-23,14.173009872436523,14.254568911434422,14.000831171663252,14.082388989388367,52000971
1997-12-24,14.012908935546875,14.046136091092503,13.750109455042375,14.012908935546875,46009052
1997-12-25,14.012908935546875,14.012908935546875,14.012908935546875,14.012908935546875,0
1997-12-26,14.508301734924316,14.553612164908627,14.052179670802845,14.07634498920665,72025965
1997-12-29,14.617042541503906,14.66537439126605,14.459968609547921,14.559650072831205,48666651
1997-12-30,14.499238014221191,14.734849532807203,14.348204488451772,14.66235358699056,48851067
1997-12-31,14.798287391662598,14.940257879886145,14.459971698685521,14.577776867501601,71978272
1998-01-01,14.882858276367188,14.949313788888073,14.63516356566336,14.683494181348403,37375962
1998-01-02,15.049004554748535,15.103376836417963,14.910054253835725,14.922136304610767,33278014
1998-01-05,14.961400032043457,15.23326134817694,14.897965928491024,15.15774397667534,43213141
1998-01-06,14.970465660095215,15.052023464934324,14.63819158396299,14.843597420891005,55791030
1998-01-07,14.97348690032959,15.21816153304498,14.777142908487294,14.919114624029218,58675439
1998-01-08,14.417683601379395,14.92213639770189,14.324042516879684,14.87380575175482,79614563
1998-01-09,14.130720138549805,14.321022517710615,13.925314279651843,14.321022517710615,90981032
1998-01-12,13.858855247497559,14.046137372232707,13.716883550605896,14.046137372232707,62938196
1998-01-13,14.200193405151367,14.305916523455984,13.940415309114803,13.940415309114803,53918787
1998-01-14,14.040098190307617,14.469034783867887,13.828651932644632,14.272690783518579,56434365
1998-01-15,14.248525619506836,14.318000156244494,13.889064779216344,13.970622587465638,64737838
1998-01-16,14.798287391662598,14.891927241071208,14.221337490287056,14.348206943766916,119515112
1998-01-19,15.559499740600586,15.601788752278775,14.916095393951078,14.916095393951078,106402524
1998-01-20,15.31784439086914,15.683346879705866,15.181914298606028,15.583664160700817,78919295
1998-01-21,15.13962459564209,15.338988803244096,15.061086995484843,15.224203831489735,43292631
1998-01-22,14.595900535583496,15.052021358707114,14.517362948849446,15.052021358707114,68849565
1998-01-23,14.680476188659668,14.78620050381489,14.478091840795392,14.57173288856684,55689283
1998-01-26,14.680476188659668,14.680476188659668,14.680476188659668,14.680476188659668,0
1998-01-27,14.532468795776367,14.789226730110993,14.423725451418594,14.789226730110993,44582480
1998-01-28,14.224355697631836,14.481112310856844,14.106549334218588,14.438823316787568,49112322
1998-01-29,14.31497859954834,14.36330923849353,14.046138657120382,14.154883205383326,37747443
1998-01-30,14.774123191833496,14.828494248666127,14.354248445424783,14.372372131035661,50426549
1998-02-02,14.916092872619629,14.97650678303881,14.716728678017901,14.801307908350244,37224932
1998-02-03,14.780163764953613,14.98254940111531,14.713709436151483,14.928177122426009,30884850
1998-02-04,14.438825607299805,14.86171927889531,14.363308225976086,14.831513547638261,53250016
1998-02-05,14.456953048706055,14.677462393970556,14.384457076551852,14.499243281750573,40868731
1998-02-06,14.623087882995605,14.725790799894492,14.484137596175097,14.493199438655502,32218154
1998-02-09,14.604965209960938,14.659337489883207,14.517365764884131,14.559654773146937,18261917
1998-02-10,14.402581214904785,14.55361602154261,14.35123035766616,14.535491111982394,24429773
1998-02-11,14.21529483795166,14.456949236007452,14.182067678803001,14.378411648234753,33626178
1998-02-12,14.318000793457031,14.348208973580512,14.154885169699098,14.182070699901187,22374174
1998-02-13,14.517361640930176,14.559650637179926,14.29383217018215,14.360286481613516,22624301
1998-02-16,14.517361640930176,14.517361640930176,14.517361640930176,14.517361640930176,0
1998-02-17,14.647252082824707,14.795265422074891,14.583817969042125,14.620066557463234,22807127
1998-02-18,14.475075721740723,14.704648116045409,14.426745077025842,14.620068877158033,23829362
1998-02-19,14.595900535583496,14.704645074334094,14.46903231413194,14.46903231413194,18794497
1998-02-20,14.529446601867676,14.713708541013876,14.505281281839533,14.62006746792762,21228995
1998-02-23,14.885885238647461,15.067125740368297,14.50528055141545,14.529445870226727,29829229
1998-02-24,15.070148468017578,15.181913229816308,14.93723859245845,15.05806519693375,39012916
1998-02-25,15.311802864074707,15.357113302243034,15.118480281926146,15.224204637652246,30887499
1998-02-26,15.278573036193848,15.363151033752239,15.175868913938519,15.31482040049819,26871160
1998-02-27,15.4930419921875,15.57459979005624,15.284614744684907,15.284614744684907,36723619
1998-03-02,16.260297775268555,16.338835389357605,15.550439040722445,15.550439040722445,42917440
1998-03-03,15.78000259399414,16.251228050015996,15.526266185758448,16.175710680292397,31533484
1998-03-04,16.776830673217773,16.846306434479956,15.861566168550294,15.918959879007968,100214532
1998-03-05,16.462675094604492,16.701309262516506,16.387158942245353,16.680164153645237,48931616
1998-03-06,16.489866256713867,16.595589386858165,16.130405415932497,16.359977804785938,73937953
1998-03-09,16.668088912963867,16.78891553884087,16.46268181706374,16.580489456543937,46515665
1998-03-10,16.843278884887695,17.115138954117704,16.462673078184654,16.58350086119547,64902116
1998-03-11,16.547260284423828,17.097023543430847,16.378103016183925,16.90974136621067,58790964
1998-03-12,16.489866256713867,16.81912013994754,16.38716333381528,16.47778298518573,62439532
1998-03-13,16.489866256713867,16.489866256713867,16.489866256713867,16.489866256713867,0
1998-03-16,16.72547721862793,16.98223388696984,16.646939626159757,16.646939626159757,49201880
1998-03-17,16.595584869384766,16.6892259237836,16.462675025117786,16.686205717360014,34400405
1998-03-18,16.891613006591797,17.06681186270166,16.82515868919579,16.849324006546375,40468104
1998-03-19,16.74057960510254,17.084936906762607,16.674125287161615,16.96108889103005,41985823
1998-03-20,16.767765045166016,16.843282425421872,16.51100839484095,16.63787661665285,32475700
1998-03-23,16.91275978088379,16.97015348799477,16.82214013067968,16.82214013067968,6271191
1998-03-24,17.17858123779297,17.423255887808985,16.915781680213527,17.03660829093975,52779968
1998-03-25,17.468563079833984,17.535018623989146,17.187639868508228,17.217848044281045,38500474
1998-03-26,17.018482208251953,17.459500801893025,16.92182093328199,17.459500801893025,40929143
1998-03-27,17.21784782409668,17.24805355693818,16.9097378691518,17.012440780375925,34329925
1998-03-30,16.903696060180664,17.33867298821254,16.861405839402522,17.269197243739082,27997261
1998-03-31,16.849323272705078,17.036604168697348,16.74964057968014,16.85536368582533,38761199
1998-04-01,17.323566436767578,17.37189706227132,16.976188997346263,16.976188997346263,31204928
1998-04-02,17.24503517150879,17.45950285858947,17.187641464121075,17.39606873675895,29669190
1998-04-03,17.625640869140625,17.75553054841928,17.284304919678906,17.39304948343018,44649252
1998-04-06,17.68303108215332,17.870311992379705,17.56220327020699,17.758547243347316,28953255
1998-04-07,18.03946876525879,18.256956608273523,17.580325320794103,17.667925964828648,53313607
1998-04-08,18.03946876525879,18.03946876525879,18.03946876525879,18.03946876525879,0
1998-04-09,18.27508544921875,18.63756526568692,18.07269981641049,18.546945616888028,53385148
1998-04-10,18.21164894104004,18.48653051953714,18.081760501116726,18.19654546366209,59499480
1998-04-13,17.598451614379883,18.16633841459289,17.52293423295903,18.16633841459289,49381527
1998-04-14,17.598451614379883,17.598451614379883,17.598451614379883,17.598451614379883,0
1998-04-15,18.34455680847168,18.450281138586593,18.063634846679893,18.0938417981413,61226522
1998-04-16,17.9126033782959,18.293209326811077,17.852190685553147,18.275085641115513,40062178
1998-04-17,17.994157791137695,18.033426580921084,17.746461784224476,17.90655837104741,32673364
1998-04-20,17.89145851135254,18.184463780084435,17.837086235953393,18.00322326917813,36048488
1998-04-21,18.03946876525879,18.169357185511323,17.888435235624915,17.942807501696684,39801452
1998-04-22,17.90656280517578,18.474449683813738,17.84614889169596,18.244878522372076,37722537
1998-04-23,17.6044979095459,17.997184733072082,17.525959079313346,17.882399748452553,31123848
1998-04-24,17.83406639099121,17.90354214548242,17.311488739399138,17.631680762967385,46892445
1998-04-27,17.758546829223633,17.95489079778528,17.673967607088052,17.882394845071538,30171564
1998-04-28,17.707199096679688,17.821985299170308,17.610537802754575,17.707199096679688,29254255
1998-04-29,17.3205509185791,18.154257546132328,17.248054955590256,18.003223984587414,66533241
1998-04-30,17.40513038635254,17.504813100095742,17.136290423364564,17.278262144100804,32774050
1998-05-01,17.40513038635254,17.40513038635254,17.40513038635254,17.40513038635254,0
1998-05-04,17.4746036529541,17.640740671336104,17.36888053990099,17.450438335077035,19825211
1998-05-05,17.450441360473633,17.51085527627653,17.293366156404225,17.411172559456283,28034356
1998-05-06,17.039623260498047,17.580323207154837,16.930878741428597,17.580323207154837,39291129
1998-05-07,17.039623260498047,17.039623260498047,17.039623260498047,17.039623260498047,0
1998-05-08,16.7979736328125,17.036606623619765,16.740581150993453,16.976193934805387,34012497
1998-05-11,16.831199645996094,16.91275744202847,16.728497959894558,16.740580008323725,19519441
1998-05-12,15.946146011352539,16.800996630456055,15.900835571261279,16.800996630456055,58196382
1998-05-13,15.502102851867676,16.06998963665715,15.41148199662387,15.949163050937818,39260393
1998-05-14,15.822295188903809,15.882709098430883,15.320863892155687,15.438670282969966,45466404
1998-05-15,15.257430076599121,15.903855797723146,15.200037589585957,15.885730890293212,62078649
1998-05-18,15.456793785095215,15.650117560539197,15.260449802719497,15.320863711534338,43951864
1998-05-19,15.34804630279541,15.550431881605775,15.215136461582057,15.465852669693227,43381659
1998-05-20,15.746779441833496,15.825317037797292,15.408463737779641,15.468877648912581,42862328
1998-05-21,15.390344619750977,15.816258667293669,15.302743934105292,15.816258667293669,37010841
1998-05-22,15.51418685913086,15.553455657108053,15.299719184416205,15.375236573323331,28039656
1998-05-25,15.372214317321777,15.450751909047487,15.193995243132855,15.360132268510704,15798803
1998-05-26,15.091291427612305,15.345027871427813,15.036919158041492,15.314820919302647,39992227
1998-05-27,14.858697891235352,15.218158643731698,14.801305418754138,15.097330843216708,31019452
1998-05-28,14.69558048248291,15.027854477543505,14.659333120852907,14.804325009917507,25630594
1998-05-29,14.626106262207031,14.885883096731101,14.263625310922416,14.668395258723722,36435867
1998-06-01,14.290810585021973,14.9704620515835,14.212273006229031,14.740890949251584,32254189
1998-06-02,13.731987953186035,14.372370735751739,13.659491996507889,14.257585776329464,38690719
1998-06-03,13.037237167358398,13.895109322175589,12.605280271439863,13.895109322175589,85560908
1998-06-04,12.683817863464355,13.085567794751386,12.572053074548583,13.064423897133521,69790191
1998-06-05,12.04343032836914,12.599235076643371,11.967912947447598,12.599235076643371,70238511
1998-06-08,11.801774978637695,12.203524725931603,11.297322334339041,12.082698147476707,79378214
1998-06-09,12.124985694885254,12.375701883815397,11.54501696637379,11.961868917520066,72020136
1998-06-10,11.668869018554688,12.324355340976238,11.55408282684707,12.173320556815527,49504470
1998-06-11,11.904481887817383,11.961874379267444,11.179519730208886,11.496690368844417,54003576
1998-06-12,12.291126251220703,12.381747116523117,11.964893822931616,11.964893822931616,45911545
1998-06-15,11.614496231079102,12.170299815830582,11.569185797818283,12.143113067365066,36799928
1998-06-16,11.77156925201416,11.838024793024703,11.179517124150266,11.541998118456526,43553886
1998-06-17,12.901304244995117,12.946613459605867,11.961873247945956,11.961873247945956,63871403
1998-06-18,12.695897102355957,13.354403573815507,12.581110920782226,13.158059593013403,79166242
1998-06-19,12.28206729888916,12.744231133878031,12.197488048960102,12.711003963957882,66917440
1998-06-22,11.8984375,12.179360698554635,11.357737435606627,12.179360698554635,43083309
1998-06-23,12.366641998291016,12.414972631531262,11.690010690382797,11.780631543662546,50712711
1998-06-24,12.79488468170166,12.878067940860133,12.526847521101852,12.631597317884346,32517564
1998-06-25,13.019791603088379,13.106055281149521,12.785643775171188,12.834938906994182,36115259
1998-06-26,12.822611808776855,13.025949353162211,12.711699967980246,13.025949353162211,30385656
1998-06-29,13.069084167480469,13.115297648233181,12.727106153768322,12.77640003499276,34728432
1998-06-30,13.096809387207031,13.297066525752637,12.939684076343323,13.124536723799835,46821435
1998-07-01,12.79488468170166,13.001302629541696,12.591545888361255,12.884228741084714,44085406
1998-07-02,12.659330368041992,12.81645449584881,12.63160177479702,12.70862426090739,19757380
1998-07-03,12.292702674865723,12.72094436664796,12.231084699272111,12.702459472215008,35735829
1998-07-06,12.782561302185059,12.878068658339043,12.35740004553073,12.378966584356293,38615469
1998-07-07,13.321715354919434,13.49424518138265,12.831855707287232,12.831855707287232,85180418
1998-07-08,13.213888168334961,13.555865007802652,13.066005248186633,13.27858655664577,53548366
1998-07-09,13.213888168334961,13.364851489597873,13.136865684339678,13.263182059846715,31872109
1998-07-10,14.04263973236084,14.16587567701785,13.281663753045075,13.306310692853923,106057540
1998-07-13,13.374090194702148,14.24905971962679,13.263179582325002,14.079611532102644,92955551
1998-07-14,13.38949203491211,13.580506725191094,13.189234899234558,13.30630878071243,59436948
1998-07-15,13.158430099487305,13.78384858235262,13.078327227340882,13.555862813990489,58207511
1998-07-16,13.574352264404297,13.617484111610555,13.081410817640224,13.29707254489786,50463644
1998-07-17,13.401816368103027,13.768441264419634,13.340198403515334,13.605153907384766,52870056
1998-07-20,13.072165489196777,13.525054144774266,13.016709557507895,13.46343741170776,32222393
1998-07-21,12.770235061645508,13.179991756726531,12.727103236862645,13.081404016872833,43418754
1998-07-22,12.85958194732666,13.050596651131215,12.754833394984043,12.87190603913913,37840181
1998-07-23,12.30810546875,12.921199757018728,12.24032545583634,12.908876910969756,44347192
1998-07-24,12.49295711517334,12.69937629173568,12.17562610506668,12.323508964996625,64750026
1998-07-27,11.993860244750977,12.650086590547767,11.867543866600705,12.563821655790527,47258097
1998-07-28,12.412856101989746,12.502201412913717,11.956885855194358,11.956885855194358,52470489
1998-07-29,12.714780807495117,12.788722867656897,12.2618922284708,12.622355100711916,49000507
1998-07-30,12.671648025512695,12.862662716296642,12.545332943914921,12.751750879995473,44115612
1998-07-31,12.927363395690918,13.093729934333147,12.742510717278474,12.742510717278474,48957583
1998-08-03,12.480634689331055,12.816450634619597,12.15406243608138,12.816450634619597,35140718
1998-08-04,12.520687103271484,12.625438159286933,12.40361444520475,12.40361444520475,23909381
1998-08-05,12.585387229919434,12.705540293323708,12.218762255982092,12.385128802611316,37136964
1998-08-06,12.462148666381836,12.779479690041772,12.385126210460701,12.662405806164172,34762878
1998-08-07,12.412856101989746,12.557657337903207,12.31118669857356,12.446745487924227,34896420
1998-08-10,12.184873580932617,12.357402184563158,12.129417646933849,12.292703802500087,26341230
1998-08-11,12.033909797668457,12.22492453547579,11.972291818862765,12.178711051371518,25633773
1998-08-12,11.719658851623535,11.963047843852118,11.614907802782175,11.836731501672308,40390204
1998-08-13,12.00310230255127,12.138661125431993,11.627234827147403,11.704257310243174,41312282
1998-08-14,11.827489852905273,12.064718060530934,11.80284291198982,12.015424178700027,26502859
1998-08-17,11.69193172454834,12.000020372052008,11.658042334550675,11.892188909461211,24503963
1998-08-18,11.279092788696289,11.738143420938586,11.220556465286252,11.738143420938586,49391595
1998-08-19,11.248284339904785,11.707334994014623,11.035704328881792,11.337629652190735,53822870
1998-08-20,11.81824779510498,11.892188620287252,11.23288074925615,11.393086493290838,59798890
1998-08-21,11.33146858215332,11.83057065719235,11.254446118765253,11.768952686481896,63054250
1998-08-24,11.35611629486084,11.3930860833152,11.072674606775704,11.276013425725965,41142705
1998-08-25,11.51632022857666,11.571776154179485,11.37460063702523,11.414652069648781,32949987
1998-08-26,11.51632022857666,11.51632022857666,11.51632022857666,11.51632022857666,0
1998-08-27,11.568696975708008,11.830572138401964,11.460865513464013,11.676527192339114,44093885
1998-08-28,11.152777671813965,11.436218119265035,11.091160941436765,11.436218119265035,41041488
1998-08-31,11.257527351379395,11.36227716196419,11.143535093627237,11.17126243512932,27554240
1998-09-01,10.97408676147461,11.232880261174106,10.844690011624861,11.232880261174106,31287067
1998-09-02,11.205151557922363,11.266768279266934,11.106563807280924,11.152776036886188,20362030
1998-09-03,11.22055721282959,11.39308579433711,11.121969451968148,11.192828626579317,31386694
1998-09-04,11.602585792541504,11.670364568971232,11.276013512488698,11.276013512488698,43341914
1998-09-07,12.419017791748047,12.492958607740647,11.701172433419854,11.701172433419854,79716839
1998-09-08,12.545334815979004,12.631598483207991,12.231084151027778,12.4467458103258,42518403
1998-09-09,12.505280494689941,12.878067437501299,12.434421329975594,12.754832753636551,45372606
1998-09-10,12.5730619430542,12.720943580605685,12.403613766255004,12.465230492428413,50659188
1998-09-11,12.25264835357666,12.517603842357403,12.1725455024194,12.517603842357403,37386561
1998-09-14,12.690136909484863,12.75175489251059,12.32043274816945,12.32043274816945,41972575
1998-09-15,12.49295711517334,12.665485665210289,12.452905688927478,12.662405265350055,34707765
1998-09-16,12.39745044708252,12.967412890747068,12.360480664296787,12.631596971971785,37800436
1998-09-17,12.218762397766113,12.465231819933416,12.178710960962315,12.38512894632582,39034113
1998-09-18,12.117091178894043,12.178709148070014,12.021583824916366,12.178709148070014,28723265
1998-09-21,12.033909797668457,12.320431904379456,11.969211418167639,12.200276347463195,23782728
1998-09-22,11.858297348022461,12.040069604308133,11.809003472395455,11.966127545254956,38811543
1998-09-23,12.191030502319336,12.292699889892516,11.98461257294886,11.98461257294886,34214400
1998-09-24,12.797965049743652,12.874987508484534,12.305025050639994,12.305025050639994,67964582
1998-09-25,13.016709327697754,13.152268131031406,12.825694593654294,12.90887911252544,70284615
1998-09-28,12.776400566101074,13.124539395228618,12.73018708342729,13.07524551195506,48698447
1998-09-29,12.48371410369873,12.939683016633467,12.41593409933512,12.874985903215366,41334540
1998-09-30,12.382047653198242,12.508364001462594,12.24340845752016,12.508364001462594,42280994
1998-10-01,12.382047653198242,12.382047653198242,12.382047653198242,12.382047653198242,0
1998-10-02,12.382047653198242,12.382047653198242,12.382047653198242,12.382047653198242,0
1998-10-05,11.393083572387695,12.332751254572086,11.393083572387695,12.332751254572086,36862990
1998-10-06,10.77382755279541,11.306818945017316,10.511952456526584,11.186664664933394,60932941
1998-10-07,11.128130912780762,11.162021547498,10.776910436866304,10.940197826791424,72477996
1998-10-08,10.308616638183594,11.214395112154063,10.243918887535864,11.152777139107174,89400250
1998-10-09,10.296295166015625,10.57049318971307,10.213110642170447,10.247000656433537,76921459
1998-10-12,9.92658805847168,10.629028359237608,9.803353355043555,10.444175681289018,73581310
1998-10-13,9.482940673828125,10.043660060091431,9.372029454856094,9.8680504743508,95105477
1998-10-14,10.225432395935059,10.243917910647573,9.621579929937655,9.797190139884387,73220428
1998-10-15,9.892699241638184,10.243919723693283,9.797191873864854,10.243919723693283,71577115
1998-10-16,9.834160804748535,10.074469388290087,9.624661205601443,9.975881634717972,65340898
1998-10-19,9.673956871032715,9.858808931257531,9.618500941562058,9.84340506001028,16583099
1998-10-20,9.362787246704102,9.677036663550341,9.230309478095622,9.643147277006806,55122788
1998-10-21,9.362787246704102,9.362787246704102,9.362787246704102,9.362787246704102,0
1998-10-22,9.430567741394043,9.689361885213765,9.304251381618363,9.689361885213765,49740289
1998-10-23,9.581530570983887,9.750978760694787,9.282685004345977,9.31965541655094,75823974
1998-10-26,10.123764038085938,10.228513845657757,9.649308880776784,9.649308880776784,73332243
1998-10-27,10.025176048278809,10.228513612311708,9.871131740864913,10.182300133245624,53245776
1998-10-28,9.80026912689209,10.27472478990888,9.720166902171389,10.21618785409833,60238202
1998-10-29,9.803352355957031,9.90502113162549,9.556882351412812,9.735572964575944,58388747
1998-10-30,9.673956871032715,10.055985707776847,9.618500941562058,9.908103436790572,83748017
1998-11-02,9.319655418395996,9.60309649096968,9.193339064829333,9.547640561248043,72660292
1998-11-03,9.267280578613281,9.331979578957444,9.1964207770658,9.298089567081318,74371965
1998-11-04,9.267280578613281,9.267280578613281,9.267280578613281,9.267280578613281,0
1998-11-05,9.396677017211914,9.442890498357514,9.251875772779288,9.288846184011923,56751263
1998-11-06,9.593852996826172,9.624661358905005,9.396676240928574,9.418242779470752,65944489
1998-11-09,10.077550888061523,10.277808050487018,9.649308600504975,9.649308600504975,79794739
1998-11-10,10.200784683227539,10.336344084420087,9.92042530344618,10.102196933714882,57210182
1998-11-11,10.034418106079102,10.468821802994055,9.963558312852925,10.456497710808957,65817306
1998-11-12,10.145330429077148,10.222352272007948,9.772544061573434,9.938911840198093,89164961
1998-11-13,9.963558197021484,10.14224881233905,9.926587166508709,10.14224881233905,67062641
1998-11-16,9.861888885498047,10.009770508306845,9.778704382757047,9.941991119782989,50685684
1998-11-17,9.923508644104004,9.997449473508485,9.846486791106054,9.864971687053941,42728255
1998-11-18,10.274724006652832,10.29937093896591,9.985121617764895,10.000526106162114,63410893
1998-11-19,9.982043266296387,10.29013124825353,9.982043266296387,10.256241240150874,58540307
1998-11-20,9.917343139648438,10.043658834881336,9.84956375825289,10.012850478106087,45256551
1998-11-23,9.646225929260254,9.898858573593415,9.612337171664526,9.898858573593415,42630748
1998-11-24,9.652390480041504,9.791030305869855,9.618501090842592,9.704765386953008,42782308
1998-11-25,9.652390480041504,9.652390480041504,9.652390480041504,9.652390480041504,0
1998-11-26,9.38127326965332,9.698604370690564,9.35046490257893,9.550722091191531,40173993
1998-11-27,9.335057258605957,9.41516010702958,9.214903608776769,9.353542770859965,49166905
1998-11-30,9.267280578613281,9.267280578613281,8.977678079994318,9.122479952110229,56808496
1998-12-01,9.214908599853516,9.3319819133894,9.15329060750346,9.205665527317056,42799266
1998-12-02,9.402839660644531,9.529155396075241,9.350464752372318,9.365868624258834,61781359
1998-12-03,9.307332038879395,9.42748634685176,9.248795085198076,9.42748634685176,43268784
1998-12-04,9.464457511901855,9.489103831149514,9.156368867806318,9.276523800231313,64933912
1998-12-07,9.646225929260254,9.658550019740547,9.445969423855802,9.495263294551895,42543840
1998-12-08,9.784865379333496,9.812593336338798,9.556880923877403,9.612336837888005,49628474
1998-12-09,9.673956871032715,9.880375472055244,9.661632777544638,9.840323413831838,45594117
1998-12-10,9.680115699768066,9.79102752897434,9.624659785164932,9.717086101901407,28324228
1998-12-11,9.754057884216309,9.791028914387237,9.649308085280147,9.717087476851724,29777826
1998-12-14,9.754057884216309,9.969719528052568,9.720168499833692,9.76638197614418,51541521
1998-12-15,9.526074409484863,9.720169535943018,9.526074409484863,9.686279525141595,37917551
1998-12-16,9.56612491607666,9.56612491607666,9.39975714713233,9.54147797759743,29411644
1998-12-17,9.211825370788574,9.476780948530731,9.181017002711297,9.304251720633362,50667667
1998-12-18,9.301170349121094,9.335059737311349,9.181016044581511,9.181016044581511,29009428
1998-12-21,9.519914627075195,9.569207894508365,9.402840703546163,9.45213459378585,30715272
1998-12-22,9.501425743103027,9.575366552285766,9.412079820166014,9.575366552285766,25152067
1998-12-23,9.442889213562012,9.704763702670654,9.442889213562012,9.612337998567675,34585881
1998-12-24,9.353545188903809,9.427486011422253,9.31349375433805,9.36586803651714,32452913
1998-12-25,9.353545188903809,9.353545188903809,9.353545188903809,9.353545188903809,0
1998-12-28,9.670873641967773,9.766380985072491,9.535314872580836,9.627741193016242,44456357
1998-12-29,9.729414939880371,9.797193732129971,9.430569308823372,9.636987955234787,41827374
1998-12-30,10.105278015136719,10.206947417184667,9.982043319936725,9.988204743293544,62841844
1998-12-31,9.710925102233887,10.089872830503316,9.710925102233887,10.074468339909126,44149814
1999-01-01,9.858809471130371,9.858809471130371,9.62466289255054,9.7663837473599,44887985
1999-01-04,9.92658805847168,10.086793795734646,9.858808660183008,10.031338490595193,40292040
1999-01-05,9.929668426513672,9.95739638865687,9.747896783847247,9.95739638865687,44475011
1999-01-06,9.908102989196777,10.083712594178879,9.834161545640697,10.074470147286767,32279562
1999-01-07,10.536602020263672,10.672159563215558,9.929668494828059,9.951234410951644,148386049
1999-01-08,11.380759239196777,11.380759239196777,10.699886261739872,10.84468747128218,113615932
1999-01-11,11.528643608093262,12.200274228871733,11.186665628964583,11.52248156216016,139213363
1999-01-12,11.35611629486084,11.544049374471358,11.091160746615705,11.30990281368007,87081489
1999-01-13,11.174341201782227,11.707332564528826,11.091157953098365,11.57793584630393,85903105
1999-01-14,10.937114715576172,11.140452268578766,10.783071039324954,10.838526962073423,55224609
1999-01-15,10.59821891784668,11.088078555700742,10.542762992277092,10.937115271962016,51492789
1999-01-18,10.625947952270508,10.69680838210975,10.305537685993295,10.69680838210975,38015556
1999-01-19,10.166894912719727,10.570490209629329,10.166894912719727,10.552005318703062,41729835
1999-01-20,10.166894912719727,10.166894912719727,10.166894912719727,10.166894912719727,0
1999-01-21,10.474983215332031,10.505792198318069,10.123762802271438,10.290130563028452,41303316
1999-01-22,10.567412376403809,10.869339013724167,10.50887603694445,10.536604628949915,44123667
1999-01-25,10.234675407409668,10.434932566167497,10.022094779098,10.290131331805123,40418291
1999-01-26,10.234675407409668,10.234675407409668,10.234675407409668,10.234675407409668,0
1999-01-27,10.413366317749023,10.650593877595924,10.259322641840027,10.320939987642356,48738128
1999-01-28,10.345586776733398,10.570491500521348,10.151491661466462,10.413366794428157,38436766
1999-01-29,10.290129661560059,10.41336495990184,10.191541298325383,10.367151489471322,28435365
1999-02-01,9.923508644104004,10.225434631715334,9.923508644104004,10.16997869825874,25650392
1999-02-02,9.658551216125488,9.9450726535452,9.581529377920736,9.89269775374146,37720544
1999-02-03,9.80026912689209,9.85880606270264,9.640064054644446,9.85880606270264,24612418
1999-02-04,9.569205284118652,9.852646321289823,9.526073453328145,9.803352444497044,19774698
1999-02-05,9.412080764770508,9.60925689851954,9.375110356468756,9.581529559397996,23685348
1999-02-08,9.137884140014648,9.452132946944467,9.137884140014648,9.42748600611885,22145742
1999-02-09,9.442889213562012,9.442889213562012,9.073183905924795,9.119397380782608,35707510
1999-02-10,9.49526596069336,9.507589431827645,9.310413270872614,9.489103913722992,28013700
1999-02-11,9.60617733001709,9.846486577381752,9.375111776038665,9.550722020570657,58158736
1999-02-12,9.550719261169434,9.689359051745736,9.495263344938913,9.612337222672801,29091270
1999-02-15,9.279603958129883,9.606176866013225,9.279603958129883,9.56612605332787,23718638
1999-02-16,9.273442268371582,9.365867984604138,9.187177353105135,9.251875728151767,32921275
1999-02-17,9.279603958129883,9.470618688261874,9.150207204327655,9.362787852491211,33358362
1999-02-18,9.458293914794922,9.667794147326175,9.251875328226324,9.304250230657543,44882156
1999-02-19,9.584609985351562,9.901940414036934,9.52299263801676,9.55072060001901,59831375
1999-02-22,9.279603958129883,9.618500959524317,9.25803804009832,9.575368500654767,31409936
1999-02-23,9.25495719909668,9.2734420928708,9.06702350128596,9.242633106172073,37474402
1999-02-24,9.335057258605957,9.452130508731349,9.25187338767229,9.365865615287639,26379809
1999-02-25,9.205663681030273,9.445972308263414,9.193339586786712,9.279604509652874,27120980
1999-02-26,9.026970863342285,9.236470450207321,8.879088618847463,9.20258044479897,43648002
1999-03-01,9.90194320678711,9.911185655792487,9.338142606941492,9.415164468534881,74864811
1999-03-02,9.90194320678711,9.90194320678711,9.90194320678711,9.90194320678711,0
1999-03-03,10.588976860046387,10.696807069183752,10.397962759499878,10.595138906583243,72882608
1999-03-04,11.091160774230957,11.229799972505639,10.30245555133872,10.690646427559368,122270091
1999-03-05,11.978455543518066,11.978455543518066,11.007978469471938,11.128132797603612,174217921
1999-03-08,12.936606407165527,12.936606407165527,12.077041352766075,12.13249728327051,147725841
1999-03-09,13.971780776977539,13.97178077697754,13.186156599978835,13.186156599978835,105025819
1999-03-10,12.856500625610352,14.172035674464928,12.856500625610352,14.159711583535863,112676959
1999-03-11,12.637760162353516,13.241612043472045,12.452907494843243,12.93968548010641,135128302
1999-03-12,13.651371955871582,13.651371955871582,12.514528349276304,12.7240280043499,135314043
1999-03-15,14.190522193908691,14.436992830264419,13.250854371967593,13.555861332923193,143553373
1999-03-16,13.494243621826172,14.46163871241967,13.441868101613158,14.079609316269286,99399892
1999-03-17,12.902715682983398,13.900919837566207,12.816450772722009,13.617479413121911,79336721
1999-03-18,13.93481159210205,13.93481159210205,12.95201176320315,13.029034240031631,160786188
1999-03-19,14.079608917236328,14.12582239041819,13.571264449073675,13.99334526203198,118643303
1999-03-22,13.562023162841797,13.857787672630014,13.438788469435336,13.80233174919393,49996320
1999-03-23,13.737631797790527,14.017991782922486,13.47575670313813,13.525050574825332,75969853
1999-03-24,13.441866874694824,14.073447231594123,12.945845283230069,13.848541925385938,55455913
1999-03-25,12.874988555908203,13.42030287482869,12.76715710489852,13.278583283073827,50480983
1999-03-26,12.868827819824219,13.062922956668125,12.63159959993974,12.874989866774712,33491173
1999-03-29,12.868827819824219,12.868827819824219,12.868827819824219,12.868827819824219,0
1999-03-30,12.690136909484863,12.939687996880881,12.471394813601709,12.831857772198841,50625951
1999-03-31,13.130698204040527,13.598991225272194,12.7055370086338,12.813368441614974,79490506
1999-04-01,12.742509841918945,13.210802929563853,12.742509841918944,13.062921295237901,38100016
1999-04-02,12.742509841918945,12.742509841918944,12.742509841918944,12.742509841918944,0
1999-04-05,11.72581958770752,12.261892693333843,11.72581958770752,12.261892693333843,35823691
1999-04-06,11.399246215820312,11.584098863890981,11.121967866520615,11.405407015786334,44830901
1999-04-07,11.368437767028809,11.821326340090328,11.254445523731539,11.460863472595118,36867537
1999-04-08,11.06651496887207,11.510161196241599,11.03570597818018,11.39924932799598,23510778
1999-04-09,10.499632835388184,11.118889316552462,10.481147939118491,11.072675830265274,32479780
1999-04-12,10.253161430358887,10.444176163705048,9.994368541206194,10.419529221880984,26422044
1999-04-13,10.15765380859375,10.287050553389903,10.049822980328162,10.05906542701178,21394397
1999-04-14,10.15765380859375,10.15765380859375,10.15765380859375,10.15765380859375,0
1999-04-15,9.883454322814941,9.982042066596305,9.643145763138437,9.643145763138437,20303176
1999-04-16,10.675241470336914,10.675241470336914,9.938911807336359,9.97588221708414,32268423
1999-04-19,10.274724006652832,10.468819065722954,9.864967355634,10.03749650463173,32764533
1999-04-20,10.382556915283203,10.78307058107702,10.055984061474186,10.320939571962535,55635230
1999-04-21,10.213109016418457,10.444175163808705,10.1360871748905,10.382557815147614,23234388
1999-04-22,9.923508644104004,10.299375461119814,9.812596777190818,10.197706042180569,26241646
1999-04-23,9.889618873596191,10.160735877558599,9.680119228987405,9.982045224029862,29844777
1999-04-26,9.100912094116211,9.550720271189364,9.100912094116211,9.365866989936697,36456523
1999-04-27,9.100912094116211,9.100912094116211,9.100912094116211,9.100912094116211,0
1999-04-28,9.458293914794922,9.489102900744948,9.119398183376518,9.33505921660757,27884344
1999-04-29,9.673956871032715,9.72941280050337,9.449052752584493,9.495265611939091,37025191
1999-04-30,9.754057884216309,9.852646259994877,9.600014208794033,9.655470131244082,33122405
1999-05-03,9.649311065673828,9.815678884410191,9.624664119818041,9.741737424036296,22376908
1999-05-04,10.422609329223633,10.422609329223633,9.661632108960521,9.673956201595773,47372000
1999-05-05,11.257527351379395,11.257527351379395,10.262404150823837,10.364072938084043,97852687
1999-05-06,12.160223960876465,12.160223960876465,11.5286447098842,11.584100637356675,49270411
1999-05-07,12.382047653198242,13.133782450658282,12.382047653198242,13.133782450658282,93648572
1999-05-10,12.767156600952148,12.847259463152412,12.231083504257107,12.480634537171353,73613148
1999-05-11,12.878066062927246,13.247771320672646,12.822610149704188,12.822610149704188,74375770
1999-05-12,12.169466972351074,13.08756825629698,11.898349396684926,13.069083363378338,89216852
1999-05-13,13.143024444580078,13.143024444580078,12.576142342768913,12.693216240034213,97527872
1999-05-14,14.196683883666992,14.196683883666992,13.293987115806274,13.43262630032021,111876065
1999-05-17,15.333526611328125,15.333526611328125,13.52505149800193,14.295271098315455,166137877
1999-05-18,15.527626037597656,16.322492733131206,15.419794574617926,15.58308196943608,118733402
1999-05-19,16.609012603759766,16.77229874322572,15.342771185931818,15.404389161102134,174417577
1999-05-20,16.821592330932617,17.400797301443145,16.578203326246886,16.578203326246886,134134471
1999-05-21,16.039051055908203,17.542519528430276,15.638536683914287,17.487063596491666,148304249
1999-05-24,16.076019287109375,16.322489914314403,15.66626253889783,16.143798055644098,83407887
1999-05-25,16.223901748657227,16.43956340282756,15.807982933158216,16.08218091275916,102474270
1999-05-26,15.364337921142578,16.390270743547752,15.096301967856803,16.31016787305598,112871804
1999-05-27,14.378451347351074,15.41978828811036,14.378451347351074,15.250340160980429,101949957
1999-05-28,14.036478996276855,14.572550873798296,13.327877293685955,14.4185071878802,139285518
1999-05-31,15.16100025177002,15.16100025177002,14.295273175635526,14.418507881173007,124902179
1999-06-01,14.741996765136719,15.456760342797665,14.578710671585558,14.929929792702916,134262990
1999-06-02,15.02852725982666,15.139439157516687,14.671145862395777,14.929939459930317,84463083
1999-06-03,15.099382400512695,15.333528965768126,14.985390141250386,15.157918730423342,68070472
1999-06-04,15.715560913085938,15.897331978332467,15.222620763206702,15.395149379699872,90756649
1999-06-07,15.40438461303711,15.79873679734848,15.167157720774485,15.79873679734848,60183355
1999-06-08,15.897329330444336,15.897329330444338,15.25034556934145,15.305801498237816,56163126
1999-06-09,15.583081245422363,16.316328682429663,15.499896728723158,15.88500658738932,105370655
1999-06-10,15.65701675415039,16.088339982696827,15.546106170066679,15.780252674085096,68330382
1999-06-11,15.385904312133789,15.866521530407722,15.299639395763712,15.441360240827922,69387402
1999-06-14,14.923768043518066,15.28423086194473,14.486284021872882,15.28423086194473,54333797
1999-06-15,14.4708833694458,15.127110821542216,14.295273136033362,14.997714069683118,71574497
1999-06-16,15.613887786865234,15.62929227967608,13.759200305057307,14.45239749909429,156022531
1999-06-17,16.09758949279785,16.568963070999473,15.712478349388666,15.82339021918186,116804361
1999-06-18,15.897329330444336,16.23622695050276,15.774094624903984,16.014403234917296,66296733
1999-06-21,16.137638092041016,16.291683032429464,15.881924985731604,15.958947455925827,55286939
1999-06-22,16.1191463470459,16.50733644237904,15.84494846266497,16.19924918376026,65850023
1999-06-23,14.99155044555664,16.205416212252562,14.883718999945245,16.205416212252562,82656160
1999-06-24,15.00695514678955,15.24110168809178,14.64033021958511,14.83442532965356,76282172
1999-06-25,14.649574279785156,15.151758048458245,14.544824466988905,14.726596750493956,76308457
1999-06-28,14.50477123260498,14.874476554934317,14.245977756096984,14.757403908710554,61616487
1999-06-29,14.723518371582031,14.997717680784989,14.359974969511157,14.541747293353158,74295687
1999-06-30,14.492449760437012,14.760485708577901,13.565104720864076,14.760485708577901,47292680
1999-07-01,14.763564109802246,14.886800042651195,14.42466778569293,14.480123706352428,59921198
1999-07-02,15.364337921142578,15.509139168138256,14.905287238897525,14.905287238897525,111166023
1999-07-05,16.22226333618164,16.338114049045203,15.627352867348772,15.774514857401506,118732416
1999-07-06,16.06570816040039,16.275492720633693,15.912283650168877,16.26296896836695,50570117
1999-07-07,16.391340255737305,16.735761731965393,15.8496592758106,15.921674951586365,162648002
1999-07-08,16.544767379760742,16.688798754326427,16.19408333962212,16.34437595714416,96970852
1999-07-09,16.826566696166992,17.020694333327747,16.519717703172784,16.588602765195375,112869112
1999-07-12,18.16667366027832,18.172936166984318,17.03321438105661,17.03321438105661,115146221
1999-07-13,17.70013999938965,18.49857230194325,17.565503060658262,18.304444711162194,98668885
1999-07-14,17.449649810791016,17.78467806398774,17.236734730212905,17.78467806398774,87435969
1999-07-15,16.93614959716797,17.753368094334743,16.663742587499,17.55297801137097,108151887
1999-07-16,17.136547088623047,17.277447850781403,16.845354965187802,16.914238769506508,53306718
1999-07-19,17.368244171142578,17.76589502559677,16.86100513647576,17.25239348368118,125518848
1999-07-20,17.02069091796875,17.493488063734578,16.848480196348643,17.127149743907214,100612700
1999-07-21,16.679405212402344,16.826568481904726,16.447703765374207,16.75142090337397,44399432
1999-07-22,17.590553283691406,17.784682156514037,16.55415702095153,16.55415702095153,146616517
1999-07-23,17.139673233032227,17.856695492519968,17.03321567462582,17.784681090652256,80320228
1999-07-26,16.61990737915039,16.976853792659274,16.34436975237441,16.976853792659274,44903226
1999-07-27,16.15964126586914,16.644962279077802,16.062576810043304,16.53224345010893,49681287
1999-07-28,16.253572463989258,16.704452805533048,16.097017352473404,16.394471937761487,51405658
1999-07-29,16.18468475341797,16.40386236286001,15.97490027116457,16.162766612697734,33937755
1999-07-30,15.511499404907227,15.96863966670657,15.286059261843215,15.84339584607115,62959764
1999-08-02,14.988604545593262,15.3518122543367,14.904063859929002,15.3518122543367,32753044
1999-08-03,15.051224708557129,15.336155483915347,14.725589536719166,14.879013995130538,40259555
1999-08-04,15.611695289611816,15.718152859279533,15.217175018320603,15.27979756492055,56220623
1999-08-05,15.145160675048828,15.64926787325323,15.032440597044248,15.592907834250939,32543202
1999-08-06,14.919720649719238,15.044965744563699,14.753772418154735,15.044965744563699,28617279
1999-08-09,14.875882148742676,15.367465486519464,14.722457702974365,14.841438996159551,52375896
1999-08-10,14.96042251586914,15.20777951077584,14.59721357468956,14.841439949124073,37572185
1999-08-11,14.647314071655273,14.828917930461161,14.34046512463544,14.34046512463544,19462611
1999-08-12,15.04183292388916,15.210913031880999,14.625395794407224,14.681755830404503,41104264
1999-08-13,14.803874015808105,15.185869381347283,14.75064458269496,15.1545580990361,27879935
1999-08-16,14.941637992858887,15.085669337834377,14.766295375852183,14.766295375852183,24231483
1999-08-17,14.916589736938477,15.14202862459217,14.844574061995651,14.997998540626835,20954078
1999-08-18,15.445743560791016,15.530284239660096,15.160814053171956,15.248484086630063,29628767
1999-08-19,15.433222770690918,16.015608177343296,15.358076470787447,15.564729112002087,46607417
1999-08-20,15.354944229125977,15.461400526646935,15.13889721554455,15.311107942701788,19706559
1999-08-23,15.326766014099121,15.87470955411628,15.217176546543417,15.592909332036353,46574572
1999-08-24,15.536550521850586,15.699366880373002,15.27979906826586,15.27979906826586,37819175
1999-08-25,14.966690063476562,16.28175491784665,14.503285920072097,15.780778252441088,71409848
1999-08-26,14.929113388061523,15.18273292619769,14.72872326702569,15.154553540147141,34477319
1999-08-27,14.90406322479248,15.154552118509395,14.847703192058171,15.023045797436067,21309661
1999-08-30,15.320503234863281,15.71189165166136,15.091932439962656,15.091932439962656,60223057
1999-08-31,14.97607707977295,15.398776641155871,14.841438888448891,15.34241661524348,42156122
1999-09-01,14.497018814086914,15.279795475884642,14.31228435234627,15.198386682802957,77071450
1999-09-02,13.970993995666504,14.312284813499478,13.720505101362638,14.312284813499478,79000766
1999-09-03,14.0054349899292,14.23087510696569,13.870798056530264,13.870798056530264,42164526
1999-09-06,14.143205642700195,14.243400700626498,13.964732404568792,14.096238734577135,32208912
1999-09-07,13.745555877685547,14.212090578049565,13.657885827869222,14.212090578049565,56852692
1999-09-08,13.958471298217773,14.20896023409965,13.795654945703015,14.10563327904029,40428953
1999-09-09,14.199566841125488,14.30289379426676,13.93655415958812,14.027356096503622,50874000
1999-09-10,14.049270629882812,14.512673324529016,13.98351747640355,14.271577584491688,38561437
1999-09-13,14.049270629882812,14.049270629882812,14.049270629882812,14.049270629882812,0
1999-09-14,13.786256790161133,14.152596331720163,13.720503636490541,14.093105684570595,37360849
1999-09-15,13.955341339111328,14.177649631468697,13.839490628018083,13.996045745651154,26054072
1999-09-16,13.272761344909668,13.996046295280598,13.156909363346415,13.996046295280598,56470453
1999-09-17,13.463757514953613,13.557690076902192,12.97217402701634,13.153777908458574,51466239
1999-09-20,13.062973022460938,13.554556399562113,13.02853113304267,13.369820672623899,39613507
1999-09-21,12.68097972869873,13.119335027371495,12.649668455090627,13.088023753763393,43082514
1999-09-22,12.752994537353516,13.194480426989047,12.655930102138862,12.931467772043666,48394511
1999-09-23,12.759256362915039,12.893893303971792,12.624618155938103,12.712289458207723,29590930
1999-09-24,13.25710391998291,13.40113400681633,12.587045953721752,12.655931009094555,78012648
1999-09-27,12.900155067443848,13.52324474332814,12.84379503822817,13.385477189601048,47059564
1999-09-28,13.116203308105469,13.307199022913235,12.665323031375376,12.846928149911767,46856400
1999-09-29,13.463757514953613,13.695458931557814,13.219531081598708,13.457495006578261,57408609
1999-09-30,13.927164077758789,14.071194200347858,13.432448615159842,13.49507117815027,117849935
1999-10-01,13.54829216003418,13.77686287464586,13.33850769799004,13.745551609753303,54260295
1999-10-04,13.125594139099121,13.58899812826476,13.003482217318581,13.526376857132199,28227632
1999-10-05,13.416790962219238,13.557690441895545,12.950256229303132,13.088025087667697,47071805
1999-10-06,13.482538223266602,13.858270848208985,13.357294436925777,13.707978304599996,39819109
1999-10-07,14.562774658203125,14.562774658203125,13.682933483044529,13.682933483044529,57383130
1999-10-08,15.727548599243164,15.727548599243164,14.722463395415035,14.74124965614587,51660385
1999-10-11,15.740070343017578,16.657484029408803,15.592907111501436,16.26922628226041,65457589
1999-10-12,16.319324493408203,16.52597710883453,15.592906553896992,15.617955317405631,65603214
1999-10-13,15.968640327453613,16.281751790878406,15.552204448369618,16.281751790878406,32516483
1999-10-14,16.00934600830078,16.403865009394522,15.780775234793396,16.125196705518437,25976045
1999-10-15,15.524024963378906,16.266097377214912,15.405042370467315,16.187819188994077,29150283
1999-10-18,15.386253356933594,15.780773582643814,15.160814493876504,15.592905964549306,33145870
1999-10-19,15.386253356933594,15.386253356933594,15.386253356933594,15.386253356933594,0
1999-10-20,16.03126335144043,16.262966018513943,15.83087195823526,15.83087195823526,28584901
1999-10-21,15.73693561553955,16.513449703744893,15.655526829440602,16.15650329301565,32248095
1999-10-22,16.06570816040039,16.26296896836695,15.405044466073331,15.718155995630015,42948961
1999-10-25,16.751419067382812,17.030087403969883,16.4383088328644,16.845352897290613,69134614
1999-10-26,16.14398193359375,16.720104762020778,16.068835642831992,16.65748348601276,30634119
1999-10-27,16.081361770629883,16.45709454594218,15.561597633943723,16.45709454594218,40488994
1999-10-28,15.37372875213623,16.118931612197493,15.10758424058287,16.09388285103107,53854973
1999-10-29,15.383125305175781,15.592908568423564,14.547120341466826,15.060620692695743,107073956
1999-11-01,14.337332725524902,15.617953972681695,14.152597002874451,15.48644765910413,67947730
1999-11-02,15.223434448242188,15.336154502963863,13.839486322372922,14.215218994165129,50695075
1999-11-03,14.606614112854004,15.342424166180237,14.327944466390276,15.342424166180237,34809480
1999-11-04,14.584691047668457,14.69741111698407,14.193302691718275,14.590953555057153,25710179
1999-11-05,14.797611236572266,14.929117607146836,14.553384758099302,14.619137943386587,27587880
1999-11-08,14.797611236572266,14.797611236572266,14.797611236572266,14.797611236572266,0
1999-11-09,15.03870677947998,15.151425619106003,14.409354333751864,14.897806014586333,29582557
1999-11-10,14.994863510131836,15.145157336312582,14.847701570156552,14.904061596734326,15690983
1999-11-11,14.847707748413086,15.232833702015323,14.716201386984057,15.010525389405327,27221115
1999-11-12,14.647314071655273,14.781951022380932,14.537724619468072,14.716197857436722,15237861
1999-11-15,14.45944881439209,14.832050954937236,14.356121861873765,14.709936478193525,10581472
1999-11-16,14.18390941619873,14.403087045163605,14.140074396773842,14.403087045163605,15752529
1999-11-17,13.99604606628418,14.493892085996281,13.99604606628418,14.30915630872331,26781030
1999-11-18,14.202695846557617,14.274711516862517,13.877060652775626,14.027354500785902,20782211
1999-11-19,14.581560134887695,14.828918432939817,14.208959276218327,14.208959276218327,39088823
1999-11-22,14.3592529296875,14.713068822935337,14.230878472715496,14.713068822935337,20759308
1999-11-23,14.3592529296875,14.359252929687502,14.359252929687502,14.359252929687502,0
1999-11-24,14.475101470947266,14.716195955950692,14.31854639682866,14.716195955950692,21361149
1999-11-25,14.628524780273438,14.769425487479143,14.418741561534494,14.49701846628421,23356749
1999-11-26,14.378035545349121,15.123238329265877,14.190169222836998,14.741243178109901,45579141
1999-11-29,14.69741153717041,14.894671031152095,14.27784378485636,14.356120698732127,48166439
1999-11-30,14.594082832336426,14.835178584285263,14.450052771176448,14.684884750392966,27080578
1999-12-01,14.578426361083984,14.835177732359046,14.543984474474904,14.747506439783168,21674529
1999-12-02,14.512677192687988,14.82891929728883,14.29976204220356,14.653576663995544,31158580
1999-12-03,15.430088996887207,15.639873499479181,14.634788538129925,14.634788538129925,88636727
1999-12-06,15.771381378173828,15.949854627400725,15.47079618570785,15.583514999922416,53883282
1999-12-07,15.417566299438477,15.90601912127343,15.279797457439876,15.82461031763427,37166227
1999-12-08,15.001128196716309,16.27548832160799,14.797606200585674,15.592906662905216,32733542
1999-12-09,15.361202239990234,15.480184793363165,14.90406081090053,15.032436490554485,31997417
1999-12-10,15.063746452331543,15.46765974285835,15.001125188639309,15.405037213246137,13763235
1999-12-13,14.744377136230469,15.091929185464986,14.684885218498309,15.082536057907317,15075342
1999-12-14,14.27157974243164,14.778820059294917,14.165123445387549,14.716197516638163,18322223
1999-12-15,14.324812889099121,14.587826877231716,14.152602117845031,14.315419758437343,14143333
1999-12-16,14.453184127807617,14.716196768115761,14.34046406312693,14.396824095467274,13792339
1999-12-17,14.287239074707031,14.678627501058257,14.22774714269364,14.481366711313507,11748982
1999-12-20,14.274713516235352,14.587825004992256,14.212090965299888,14.215222852398908,12584491
1999-12-21,14.127553939819336,14.462582365713738,14.068063265853215,14.45005861294643,12499501
1999-12-22,15.02304458618164,15.145157769607065,14.277841738209098,14.465706810949657,32827414
1999-12-23,14.54085922241211,14.966690866667838,14.465712908456611,14.841445744154722,8053282
1999-12-24,14.221485137939453,14.69115046483829,14.158862587984785,14.69115046483829,7746792
1999-12-27,13.974123001098633,14.155726827166118,13.338508343942381,14.155726827166118,8966903
1999-12-28,14.318551063537598,14.641054444103569,13.902112582412917,13.967867026211964,20209442
1999-12-29,14.318551063537598,14.559645627118678,14.215224098619695,14.277846655045154,7250057
1999-12-30,14.127553939819336,14.528335549023824,14.08998014967616,14.3404691301492,4432970
1999-12-31,14.127553939819336,14.127553939819336,14.127553939819336,14.127553939819336,0
2000-01-03,15.257879257202148,15.257879257202148,14.669230159323769,14.77881960560887,25152894
2000-01-04,16.225391387939453,16.406995247771736,14.957293724048144,15.257880165172084,47648560
2000-01-05,15.558464050292969,16.576073983802655,15.34241831528947,15.592905940522487,36396207
2000-01-06,16.344375610351562,16.78273096770401,15.780777673641996,15.780777673641996,70573968
2000-01-07,17.1146240234375,17.52792923191032,15.96863840776976,16.375683641064786,83453217
2000-01-10,16.876659393310547,18.151020744658695,16.607385508529003,17.534192267967427,58497022
2000-01-11,15.527152061462402,16.720101914198676,15.527152061462402,16.707578167498248,25729224
2000-01-12,15.326766014099121,15.749465714258784,14.816396258999434,15.27979909943239,29729836
2000-01-13,15.31110954284668,16.00621503159802,15.223438226756134,15.405042101149109,34199308
2000-01-14,14.979208946228027,15.342417891667548,14.910325167670953,15.342417891667548,15967246
2000-01-17,14.772557258605957,15.718151557535485,14.5471183881731,15.304845062861586,46484261
2000-01-18,14.806998252868652,15.091929026748817,14.637918160848303,14.835178901165449,28686319
2000-01-19,15.276663780212402,15.498972002314467,15.029306797841937,15.08566682492585,26623142
2000-01-20,14.88528060913086,15.32989720663364,14.794478663610446,15.217177113601231,12278096
2000-01-21,14.869623184204102,15.01365453754692,14.747509975740499,14.951031989846504,12491796
2000-01-24,14.296628952026367,15.051224977699672,14.221482664701586,14.819523608634883,19667143
2000-01-25,14.080585479736328,14.271581216356292,13.939684744206838,14.152599892124728,23597920
2000-01-26,14.080585479736328,14.080585479736328,14.080585479736328,14.080585479736328,0
2000-01-27,14.412480354309082,14.74750867633017,14.277843407720534,14.34046468398301,21205095
2000-01-28,15.56159782409668,15.56786159839694,14.572169605060585,14.572169605060585,52762279
2000-01-31,15.323637962341309,16.07823428113666,15.185869082436295,15.40504552245903,51181391
2000-02-01,15.43635082244873,15.699363461293114,15.201518832577772,15.34241827968438,23279485
2000-02-02,15.498977661132812,16.200345736564003,15.405043826390168,16.093888150074655,24676879
2000-02-03,16.20660400390625,16.58859921989599,15.567858652138607,15.655528689182658,77717350
2000-02-04,16.024999618530273,16.579205579059373,15.937329577504842,16.281751031888287,33982238
2000-02-07,15.49271011352539,16.200340467643937,15.25474624852697,16.200340467643937,21819083
2000-02-08,15.173340797424316,15.561597315477167,15.07940697255838,15.467664756531622,25418399
2000-02-09,15.367467880249023,15.906018201501519,15.226568425458145,15.906018201501519,14956246
2000-02-10,15.5803804397583,15.715017364937223,15.167074005731772,15.167074005731772,19541274
2000-02-11,15.661789894104004,16.13771761475917,15.442612287878047,15.71814992232897,31623752
2000-02-14,16.695053100585938,16.917362579475697,15.740067097463486,15.780771489467526,67707767
2000-02-15,15.899754524230957,17.033215118441397,15.467661797532832,17.02695261146429,50319322
2000-02-16,15.655529022216797,16.093884280442783,15.498973934541864,16.093884280442783,21683665
2000-02-17,15.655529022216797,15.89349290739312,15.467662663822834,15.530285205260894,18448442
2000-02-18,15.098190307617188,15.83086811503324,14.96668400203174,15.765116228160558,16000844
2000-02-21,15.292317390441895,15.586642524381045,15.029306053607758,15.217171113357855,21332035
2000-02-22,14.847707748413086,15.430093244158867,14.653578827857633,15.342423180486566,17503185
2000-02-23,14.656707763671875,15.53028646432201,14.528332049684346,15.336157582861908,13530713
2000-02-24,15.239094734191895,15.467665533746361,14.66923304594807,14.778822513798282,16693494
2000-02-25,15.09193229675293,15.436353796446067,14.976081589791473,15.154554847940924,11083761
2000-02-28,15.370603561401367,15.574125625735162,14.860233722632465,15.09193518083371,15615542
2000-02-29,14.324812889099121,16.406999049811912,14.143208987183256,15.586649603689546,41242798
2000-03-01,14.791345596313477,15.123243340227118,14.089977591086418,14.59095546106026,21711444
2000-03-02,14.152597427368164,15.116977933142735,13.964731078633896,14.966685360523382,24391861
2000-03-03,13.037924766540527,14.271580573657328,13.022270395884819,13.964732881791905,18472003
2000-03-06,13.282151222229004,14.027354137837582,12.72168277575286,13.444968814907204,25168241
2000-03-07,12.994089126586914,13.369821854727265,12.68097894177671,13.282151813169373,21692038
2000-03-08,11.98900318145752,13.088021892870438,11.954561291753791,13.088021892870438,18162937
2000-03-09,11.20309829711914,12.148692751911184,11.030887545766205,11.992137638492192,24882047
2000-03-10,10.670809745788574,11.328342700624605,10.529909646049376,11.328342700624605,13936660
2000-03-13,10.291946411132812,11.20936015830909,10.207405717986362,10.849283038458182,19333552
2000-03-14,11.115425109863281,11.115425109863281,10.08842264973668,10.551826669678764,22508766
2000-03-15,11.679025650024414,11.960825854954098,10.958871399311317,11.121689014177273,25065667
2000-03-16,12.505637168884277,12.615225350077475,11.428536549265653,11.641451670267454,38476977
2000-03-17,12.505637168884277,12.50563716888428,12.50563716888428,12.50563716888428,0
2000-03-20,12.505637168884277,12.50563716888428,12.50563716888428,12.50563716888428,0
2000-03-21,13.332250595092773,13.50133071843056,12.417967452920143,12.768650183966818,33726705
2000-03-22,13.282151222229004,13.62031015614208,12.953384150293283,13.444968814907204,24591984
2000-03-23,12.549470901489258,13.26023186082562,12.352211436014244,13.150642424948334,19461605
2000-03-24,12.352213859558105,12.61835715278094,12.170608726228254,12.46180205101686,12179137
2000-03-27,12.092331886291504,12.649668507897285,11.84184296230134,12.399179583907122,16185037
2000-03-28,12.546341896057129,12.768648884957745,11.697812010520359,11.992135936431987,27226033
2000-03-29,12.371002197265625,12.925208287470937,12.211316447667809,12.831275716987612,29238368
2000-03-30,12.555733680725098,12.806222584646283,11.60700874523595,12.461801132954804,27146045
2000-03-31,12.821880340576172,13.138122460008619,12.035972872784665,12.399180640908703,50096815
2000-04-03,13.357297897338867,13.754948762628423,12.837533834011742,12.837533834011742,41589839
2000-04-04,12.295853614807129,13.244578604327641,12.289591107020385,13.185087945154361,31096557
2000-04-05,12.286458969116211,12.712290501109,11.741647387128308,12.336557764466171,22840682
2000-04-06,12.76865005493164,12.92520642639585,12.167478399006464,12.39917980330091,35520794
2000-04-07,13.657886505126953,13.745556559290598,12.774914593629873,12.774914593629873,78976442
2000-04-10,13.85827350616455,14.49701883789115,13.17256127083213,13.72989780934337,132074920
2000-04-11,13.823834419250488,14.021093935283874,13.097417640033955,13.651623670367988,53573665
2000-04-12,13.64848804473877,14.183907669529901,13.520112357054336,13.776863732423205,41323432
2000-04-13,12.828139305114746,13.495065257414007,12.724812374697647,13.495065257414007,45053080
2000-04-14,12.828139305114746,12.828139305114746,12.828139305114746,12.828139305114746,0
2000-04-17,12.5079927444458,12.821802074122914,11.956450083818602,12.821802074122914,41305044
2000-04-18,12.74255657196045,12.932745284170569,12.552369141310882,12.609425498661807,22656277
2000-04-19,12.853496551513672,13.246551067849243,12.441423681665157,13.05953298643793,24311164
2000-04-20,12.897872924804688,12.992967253926096,12.368518081064046,12.666478261814822,21593577
2000-04-21,12.897872924804688,12.89787292480469,12.89787292480469,12.89787292480469,0
2000-04-24,12.755234718322754,13.021496831233591,12.622103661867333,12.86934741858751,16132510
2000-04-25,12.723535537719727,12.805950116388853,12.273425935179283,12.615762725733966,25740395
2000-04-26,13.636439323425293,13.722023222901555,12.901047803128115,13.122933363446492,69333539
2000-04-27,13.103911399841309,13.62058784920875,13.005649038609844,13.439909620950209,48050173
2000-04-28,13.08806324005127,13.278251940995716,12.88836664193217,13.091233820669961,20049138
2000-05-01,13.08806324005127,13.088063240051268,13.088063240051268,13.088063240051268,0
2000-05-02,12.409728050231934,13.179988181645367,12.279766284960301,13.12293182814954,31893179
2000-05-03,12.463614463806152,12.552367647737706,11.728223067359409,12.488972699438083,20524665
2000-05-04,12.875686645507812,12.977119582132898,12.305124454651216,12.60308466715765,20499324
2000-05-05,12.767915725708008,13.17999001680345,12.679162524854855,12.989802572522823,24879037
2000-05-08,12.577728271484375,12.837650529969002,12.530181094906286,12.837650529969002,9727024
2000-05-09,12.49848461151123,12.561880855238485,12.23539173791594,12.463617190085513,12330686
2000-05-10,12.530179977416992,12.805951270166645,12.457274569478008,12.488972684369774,16479752
2000-05-11,12.013503074645996,12.39387787599522,11.797957439318793,12.362181043849743,16314880
2000-05-12,11.861352920532227,12.229049222203539,11.77576904415886,12.229049222203539,12001844
2000-05-15,11.956451416015625,12.032526141658382,11.557056863659906,11.750413618197,8127716
2000-05-16,11.934261322021484,12.01350533966633,11.791619783451699,11.972299321952214,8462187
2000-05-17,12.05471134185791,12.235389579356912,11.93426003789888,12.108598395831496,11234113
2000-05-18,11.683849334716797,12.171997092043604,11.607773327642953,12.171997092043604,9489477
2000-05-19,11.747241020202637,11.918410066009198,11.5824118534764,11.823315724485434,7726856
2000-05-22,11.588754653930664,11.696527499222844,11.411246965856764,11.633131255558968,6980460
2000-05-23,11.436601638793945,11.639468809020295,11.167170220214457,11.544375744098247,12264286
2000-05-24,11.4492826461792,11.490489944503244,10.530043604406208,11.442944047637472,8417757
2000-05-25,11.683849334716797,11.785282302067635,11.442945396478194,11.53486790177427,10876166
2000-05-26,11.905731201171875,11.975467313167218,11.569734244988556,11.610941539762024,15354573
2000-05-29,12.203693389892578,12.469954248593751,11.915242310755566,11.915242310755566,12285642
2000-05-30,12.590405464172363,12.742554875815385,12.235388888778267,12.289275939710409,12972622
2000-05-31,12.920065879821777,13.122933076162221,12.653803725892923,12.996140597864223,22912042
2000-06-01,12.634786605834961,12.901048785875494,12.55871059877134,12.901048785875494,9477914
2000-06-02,12.809124946594238,12.910559205225479,12.682333725256234,12.739390095248545,12507068
2000-06-05,13.046854019165039,13.718850408299437,12.901044497476105,12.901044497476105,32536504
2000-06-06,13.24972152709961,13.392361754064286,12.932742960164699,13.059534130626599,13442405
2000-06-07,13.240214347839355,13.401872954382172,13.065875981556447,13.341647299518026,14462732
2000-06-08,13.959756851196289,14.289415258325171,13.221197297745892,13.281422958568086,43913624
2000-06-09,14.137264251708984,14.606393570072854,13.845643878265715,14.073868016871556,45288623
2000-06-12,13.832964897155762,14.37816895907085,13.788588299208467,14.143604927468537,16915778
2000-06-13,13.804438591003418,13.928060497991783,13.664967622999054,13.788589529987421,13155936
2000-06-14,13.99145221710205,14.257715611511216,13.820284448305202,13.896359154610511,12899662
2000-06-15,14.146771430969238,14.409864230483665,13.826623566038487,13.962923913800235,20366163
2000-06-16,14.809257507324219,14.958238895749101,14.168960490300519,14.229186136473757,40968909
2000-06-19,14.666618347167969,15.069182107503416,14.542996465563876,14.989936818695499,17958204
2000-06-20,15.037483215332031,15.142086734843886,14.61273182131605,14.771221109185882,20344902
2000-06-21,14.283079147338867,15.18012946167309,14.226022776046399,15.151601916807289,24589769
2000-06-22,14.61273193359375,14.70782499442216,14.105564670641009,14.229186546810197,21212949
2000-06-23,14.999444961547852,15.782382142535083,14.793407242475135,14.793407242475135,55661441
2000-06-26,14.441563606262207,15.15159678454881,14.238697716214851,14.898013140429185,23789691
2000-06-27,14.394014358520508,14.85363440696352,14.343297893316908,14.454241282314996,20266791
2000-06-28,14.485939025878906,14.67295712448219,14.283073152264807,14.454242194296949,11676392
2000-06-29,14.584206581115723,14.83461969170081,14.485942916606486,14.581037281574396,15207051
2000-06-30,14.416203498840332,14.771220041903897,14.327449042684375,14.425712676006995,12689587
2000-07-03,14.784785270690918,14.92901112398758,14.61491929449277,14.73029919964621,14888457
2000-07-04,14.948243141174316,15.118109128203754,14.810426337960449,14.871321471758565,19835523
2000-07-05,14.909777641296387,15.127719279566541,14.852087055188857,15.127719279566541,14339312
2000-07-06,14.679015159606934,14.90336714885922,14.586069576137843,14.807215740977032,8316308
2000-07-07,14.86811637878418,15.063622482942524,14.71748016691282,14.807219951486786,14988688
2000-07-10,14.659790992736816,14.999522987012003,14.502744410726976,14.922602608825546,12247212
2000-07-11,14.78798770904541,14.864908066873017,14.518765808745632,14.550816281792043,10042851
2000-07-12,14.749527931213379,14.957853410916295,14.64696616001989,14.871318171784122,10075643
2000-07-13,14.704660415649414,15.079648705009765,14.422617742245741,14.807220916593804,22258353
2000-07-14,14.464280128479004,14.768758334677448,14.39056429768122,14.614917614947899,13467376
2000-07-17,14.358515739440918,14.646967425337694,14.268774667821445,14.422615394192206,11982512
2000-07-18,14.768757820129395,15.063619837241115,14.294413673780078,14.294413673780078,40897655
2000-07-19,14.31043815612793,14.912982866036211,14.18223756757496,14.775167395317549,14818453
2000-07-20,14.092495918273926,14.416203848613266,13.957884981971782,14.320052439365353,18257784
2000-07-21,13.973912239074707,14.230313442561789,13.916221644338526,14.166213789593197,13027046
2000-07-24,12.823307037353516,13.877760353014112,12.727156913204574,13.877760353014112,16063259
2000-07-25,12.980356216430664,13.185477214054163,12.114998444238447,12.627803529910345,21089528
2000-07-26,12.477166175842285,13.140606123887078,12.371399861189047,13.140606123887078,13450503
2000-07-27,12.669466972351074,12.749591863963955,12.185507910274055,12.419474822570638,10102447
2000-07-28,13.195089340209961,13.320085395656866,12.691899293940418,12.775231293377864,27046026
2000-07-31,12.861767768859863,13.17265502528547,12.788051939936897,13.038044074994101,7811878
2000-08-01,12.816901206970215,13.012407329317348,12.643829384950475,12.916255885148614,11954266
2000-08-02,13.015607833862305,13.060479012253285,12.643825474658383,12.69189988606838,6314561
2000-08-03,12.85535717010498,13.397006785740329,12.788051696241899,13.063683945349345,20632919
2000-08-04,12.941890716552734,13.105347586446484,12.77843514246509,12.884200132814122,15470055
2000-08-07,12.864970207214355,13.076502776845233,12.794460214541456,13.005991488366243,6564253
2000-08-08,13.031635284423828,13.10855565155925,12.91625408581747,12.935485149456168,8338872
2000-08-09,13.01240348815918,13.140604080067057,12.980353016230646,13.140604080067057,3429526
2000-08-10,12.86817741394043,13.073299673527965,12.826513352002946,13.044455023923621,4206414
2000-08-11,12.788053512573242,12.88420364783149,12.512421224316792,12.832924698726023,6424479
2000-08-14,12.775235176086426,12.884204733854581,12.563702528236345,12.7560041107686,7038233
2000-08-15,12.775235176086426,12.775235176086426,12.775235176086426,12.775235176086426,0
2000-08-16,12.91304874420166,13.076505647913446,12.852152323552591,12.948303748278672,6538276
2000-08-17,12.663058280944824,13.01240643067446,12.582933378810981,13.01240643067446,11183812
2000-08-18,12.618186950683594,12.659852309706636,12.348965029552051,12.598957183690311,4207495
2000-08-21,12.656648635864258,12.733567709035885,12.589341855226104,12.691902347196928,2339905
2000-08-22,12.675880432128906,12.775236410548706,12.541269440929618,12.691904377732287,8129963
2000-08-23,12.800873756408691,12.909843301030781,12.723952096030347,12.82010352360007,5287450
2000-08-24,12.775235176086426,12.852154254131444,12.531652048513207,12.852154254131444,5031049
2000-08-25,12.727156639099121,12.852151409058832,12.647030457528759,12.698310695411278,2865903
2000-08-28,12.794464111328125,12.813693879585493,12.634211723161776,12.634211723161776,3168356
2000-08-29,12.772028923034668,12.916254781153672,12.691902726409374,12.794464517251058,5970636
2000-08-30,12.864970207214355,13.10534742044612,12.788049861805895,12.788049861805895,8818586
2000-08-31,12.720749855041504,12.916255978806282,12.602164109685493,12.874591907665684,5480864
2000-09-01,12.720749855041504,12.720749855041504,12.720749855041504,12.720749855041504,0
2000-09-04,12.929075241088867,13.09253216072314,12.717543900214958,12.813694038500733,8428653
2000-09-05,13.150219917297363,13.300854799004156,12.903432326492014,13.041247797243562,10323322
2000-09-06,13.377776145935059,13.515592922730677,13.207910191467413,13.268806609398796,14681276
2000-09-07,13.342522621154785,13.477133588027337,13.268808078958074,13.268808078958074,8313997
2000-09-08,13.637383460998535,13.74635559149684,13.390597142346016,13.390597142346016,14370164
2000-09-11,13.64379596710205,13.909812068629146,13.605335136523719,13.77199657601911,6709698
2000-09-12,13.637383460998535,13.743149766596098,13.544439159197594,13.711099292426754,4973552
2000-09-13,13.198294639587402,13.679047829975108,13.159833814201635,13.63417794686359,4733748
2000-09-14,13.089325904846191,13.364958192714347,13.012405537586663,13.223936871501982,7025282
2000-09-15,12.804078102111816,13.121375735252846,12.733566797076923,13.076505847180748,4348425
2000-09-18,12.547675132751465,12.727157270044339,12.509215600336098,12.727157270044339,3151122
2000-09-19,12.233583450317383,12.563700487058352,12.06692201947919,12.509215717026214,6534323
2000-09-20,12.419477462768555,12.75600492985747,12.217560982515208,12.75600492985747,3338124
2000-09-21,12.323325157165527,12.467551004140624,12.281659797301039,12.371399575619607,1877181
2000-09-22,11.733598709106445,12.243197865327332,11.602192286938346,12.243197865327332,5641740
2000-09-25,11.957948684692383,12.30729671062166,11.800902169866568,11.858592752778216,3272349
2000-09-26,11.672704696655273,12.114997123515852,11.621423157033307,12.114997123515852,5430531
2000-09-27,11.573348999023438,11.698345082066732,11.40989208434895,11.698345082066732,5001871
2000-09-28,11.33938217163086,11.634244230719743,11.313742048919064,11.61821899204906,4398217
2000-09-29,11.37463665008545,11.461171898242794,11.281691047596269,11.377841179348161,4062019
2000-10-02,11.37463665008545,11.37463665008545,11.37463665008545,11.37463665008545,0
2000-10-03,11.034905433654785,11.345792773701037,10.938755284358892,11.249642624405144,7846694
2000-10-04,11.169514656066895,11.262461556642204,11.025288806998413,11.089389760276159,3209499
2000-10-05,11.028493881225586,11.230410315334437,10.99323758183953,11.195155311754737,2920232
2000-10-06,10.993239402770996,11.076571427645131,10.874653664284057,10.970805103580433,3847249
2000-10-09,11.054134368896484,11.230412004928327,10.96119005227927,10.993239235751233,5422975
2000-10-10,11.025289535522461,11.16310633501492,10.961189873815613,11.095799552141953,4038585
2000-10-11,10.77529525756836,11.018877667806422,10.592607963962486,10.954776726631778,3612363
2000-10-12,10.788116455078125,10.890677589202161,10.675941085249898,10.6791462624201,3567605
2000-10-13,10.61184024810791,10.80093728045116,10.582995596974074,10.714401383340006,3045995
2000-10-16,10.653507232666016,11.082980284584139,10.589406274305546,10.865038581126399,3279079
2000-10-17,10.3458251953125,10.634277585097866,10.224034272679122,10.586201862848645,4079729
2000-10-18,10.188776969909668,10.384283709293568,10.08942165951414,10.32018340453787,3676092
2000-10-19,10.21441650390625,10.33620804778701,10.031730483891467,10.191981560508836,5888168
2000-10-20,10.32338809967041,10.608634604488644,10.256081972940965,10.33300233505578,6955786
2000-10-23,10.034934043884277,10.256080871084565,9.986858984703233,10.134289986869053,3201550
2000-10-24,9.983654975891113,10.08942062992077,9.9355792663029,9.96762973936171,3484872
2000-10-25,10.076600074768066,10.246466677484316,10.009294598649197,10.06378066283445,6398343
2000-10-26,10.191980361938477,10.211210773948475,9.938783068671821,9.945193421976189,1581533
2000-10-27,10.16313648223877,10.288132557941218,10.105446533986495,10.240057493080457,3296662
2000-10-30,10.066986083984375,10.236852053850678,10.04455113925766,10.224032640781028,3761103
2000-10-31,10.464410781860352,10.544536336493216,10.188778459265178,10.188778459265178,8213427
2000-11-01,11.12464427947998,11.304126422481566,10.608634738108409,10.640685213344861,25579328
2000-11-02,11.05733871459961,11.275280389560399,10.967597643790349,11.115029310419391,12974996
2000-11-03,11.204769134521484,11.502835667984987,11.063747837742454,11.063747837742454,19298344
2000-11-06,11.163105964660645,11.576553757808155,11.10861989342063,11.281691695480896,17946450
2000-11-07,11.12464427947998,11.243230001209747,11.07336403742421,11.089389275042437,8292927
2000-11-08,11.227205276489258,11.461172201436124,11.214385863292874,11.224000747141773,10142595
2000-11-09,11.11182689666748,11.272079320810917,11.057342109104132,11.20156799502645,6546235
2000-11-10,10.82657527923584,11.182333033725866,10.800935162431543,11.089387448334518,7096949
2000-11-13,10.58299446105957,10.711195704363542,10.531713574996095,10.711195704363542,4318335
2000-11-14,10.810552597045898,10.890677490250505,10.531714495932697,10.589405092859346,9140624
2000-11-15,11.082979202270508,11.403481371160968,10.929138472196627,11.201564927011592,18438479
2000-11-16,11.14708137512207,11.294513062776716,10.980419918053885,11.153490434388875,15060748
2000-11-17,10.836191177368164,11.166308846015022,10.643889635397239,11.166308846015022,13591210
2000-11-20,10.832987785339355,10.916317857562818,10.679146406036008,10.711196882362644,6462294
2000-11-21,10.733633041381836,10.832989010912312,10.656712666979505,10.76888805100708,8403608
2000-11-22,10.813756942749023,10.986828730591535,10.736836580087813,10.736836580087813,5938798
2000-11-23,10.76888656616211,10.85542246136038,10.707990792229282,10.740041267762686,4927352
2000-11-24,10.858627319335938,10.974007861639148,10.768886249641369,10.768886249641369,5649933
2000-11-27,11.419507026672363,11.53488822634921,10.83939779469498,10.92593304654938,23210414
2000-11-28,11.98359203338623,12.300889677115467,11.348996745927753,11.348996745927753,37519351
2000-11-29,11.573348999023438,12.147047873462832,11.44514709079044,11.929106184434492,23934246
2000-11-30,11.695138931274414,11.829751190332635,11.550913084334127,11.582963560500064,13643058
2000-12-01,12.076536178588867,12.230376892074142,11.570142858178457,11.608602388646634,25603504
2000-12-04,12.483577728271484,13.012406760669553,12.086153849698931,12.179099464182961,27891413
2000-12-05,12.43549919128418,12.611775495485137,12.377808599533976,12.544470021077613,12651707
2000-12-06,12.252814292907715,12.756003158748015,12.179098454207457,12.756003158748015,10545628
2000-12-07,12.32652759552002,12.448317829353067,12.121405360287119,12.121405360287119,10346247
2000-12-08,12.621390342712402,12.884201885897772,12.400244154795983,12.400244154795983,29306496
2000-12-11,12.598955154418945,12.788050856277472,12.45472803778031,12.75600038591333,18223826
2000-12-12,12.361783981323242,12.698311370188984,12.313708269826321,12.566906239559627,12973640
2000-12-13,12.768823623657227,12.820103868083107,12.416269675568008,12.43550073908255,16301420
2000-12-14,12.698312759399414,13.16624662589338,12.6278027448018,12.845744439129962,26987999
2000-12-15,12.288068771362305,12.711132721492993,12.211148406558475,12.647031769586594,10996662
2000-12-18,12.22076416015625,12.307300710551548,11.993207578818193,12.179098797612296,8867859
2000-12-19,12.598955154418945,12.717540858121316,12.275247217869788,12.275247217869788,22866309
2000-12-20,12.59575080871582,12.871383072079652,12.409859613746486,12.512420094308002,20101315
2000-12-21,12.393835067749023,12.573315918739324,12.29768364000655,12.573315918739324,7067559
2000-12-22,12.028462409973145,12.563701760378851,11.92269609251224,12.46755162289243,11168465
2000-12-25,12.028462409973145,12.028462409973145,12.028462409973145,12.028462409973145,0
2000-12-26,11.746419906616211,12.223969957949627,11.60219405069069,12.172688415405446,8242075
2000-12-27,11.743213653564453,11.890645313151518,11.538092696719477,11.72718841683515,5371317
2000-12-28,12.070128440856934,12.147048814270455,11.865006149280978,11.91628769402989,8311634
2000-12-29,12.348966598510742,12.403451377182897,12.002822973815094,12.147048836201666,11557858
2001-01-01,12.499601364135742,12.679082214911107,12.249609207272385,12.406654465773425,11237186
2001-01-02,13.191884994506836,13.397007247902973,12.509215349746118,12.66626059697345,21367159
2001-01-03,13.929040908813477,14.130957340344471,13.14701530276615,13.204705896890196,59167521
2001-01-04,13.630973815917969,14.1662130832431,13.413032155917692,13.999551661383325,29457229
2001-01-05,13.778406143188477,13.99955365951547,13.502773851988044,13.634180290857424,29628333
2001-01-08,13.637383460998535,13.954681081984877,13.541233334296852,13.653408698083206,13834426
2001-01-09,13.425851821899414,13.775198579108194,13.358545056778981,13.605332641468665,12462490
2001-01-10,13.893786430358887,14.214288591323392,13.46110760599233,13.493158081250058,32865495
2001-01-11,13.829689025878906,14.063655978361426,13.691872219007774,13.941864411726627,27410883
2001-01-12,14.156599998474121,14.384156570049935,13.845712705385312,13.94186284015837,41641168
2001-01-15,14.146981239318848,14.480304064595305,14.018780651061062,14.281593476747295,34162117
2001-01-16,14.243135452270508,14.352106297662576,13.973913516102627,14.255956161519679,26929908
2001-01-17,13.973912239074707,14.294414391336737,13.884171169951053,14.294414391336737,16045082
2001-01-18,14.02519416809082,14.127754661831634,13.723921745872293,13.884172841293944,15326190
2001-01-19,14.076476097106934,14.146986121028098,13.973915591110089,14.098911693721243,10512020
2001-01-22,14.095702171325684,14.361719547820773,14.054036814715685,14.146982410875477,13912845
2001-01-23,14.563639640808105,15.127725009377684,14.102116072946322,14.140576910187574,31829503
2001-01-24,14.489921569824219,14.871320170668607,14.380952021933199,14.871320170668607,19080055
2001-01-25,15.009137153625488,15.159772064143628,14.554022709445022,14.563637593452013,56142320
2001-01-26,15.009137153625488,15.00913715362549,15.00913715362549,15.00913715362549,0
2001-01-29,14.679015159606934,14.93541761815328,14.102110599732264,14.93541761815328,26620577
2001-01-30,14.749527931213379,14.839267699274048,14.614916983316094,14.791193286315218,22795278
2001-01-31,14.775167465209961,15.191819703929593,14.429023930770217,14.679016051485734,48728123
2001-02-01,14.624534606933594,15.054007649966888,14.46748803968331,14.685429738632328,40833374
2001-02-02,15.031571388244629,15.159772000813051,14.438641449430177,14.448256333397001,39106958
2001-02-05,15.361687660217285,15.560399554555076,14.935419223560231,15.0636198187106,36489697
2001-02-06,15.121312141418457,15.480275144736325,15.086057135692245,15.448224668328338,27776185
2001-02-07,15.227073669433594,15.416169347528815,14.90657159768147,15.223869141122364,30459083
2001-02-08,15.794367790222168,15.896929579262192,15.134133643176508,15.230283781631307,48161225
2001-02-09,16.454605102539062,16.787926717168617,15.868084183871499,15.89693013347815,69484061
2001-02-12,15.912952423095703,16.53793281519564,15.800777053347392,16.473833159256497,26833991
2001-02-13,15.749497413635254,16.281532223570185,15.59245085332605,16.025129702571615,28600057
2001-02-14,15.675780296325684,15.951411244179699,15.214255575178258,15.448222464613064,52075595
2001-02-15,15.68218994140625,16.041152906961983,15.582833993316097,15.80077565499569,36990226
2001-02-16,15.076443672180176,15.81680404540066,14.935422340184237,15.691807953118342,25753845
2001-02-19,15.364897727966309,15.573224580063059,15.223877670368593,15.223877670368593,27932387
2001-02-20,15.137337684631348,15.422584857119702,15.066827671758187,15.262333767657235,22365632
2001-02-21,15.307205200195312,16.326403734992745,14.999522403610063,15.06362336417558,37819768
2001-02-22,14.87452507019043,15.448223904628806,14.746323170896279,15.140541160451768,25937784
2001-02-23,14.265567779541016,15.0636185213023,14.134161370950807,14.999517581344895,22048373
2001-02-26,14.259160041809082,14.384156120169186,13.909811928253433,14.102113487591557,15412081
2001-02-27,14.313647270202637,14.746324841931765,14.179036297334926,14.29441620564545,31056367
2001-02-28,15.736675262451172,16.076407150676616,14.499535354762786,14.550815590879598,71897680
2001-03-01,16.75587272644043,17.271882223556858,15.96102645113257,15.96102645113257,73527384
2001-03-02,16.996248245239258,17.685329446204133,16.81356160728953,16.98663336363235,62208514
2001-03-05,16.76869010925293,17.236623804866866,16.345626288742213,17.114832292720955,44423798
2001-03-06,16.76869010925293,16.76869010925293,16.76869010925293,16.76869010925293,0
2001-03-07,16.8552303314209,17.018687238870022,16.294350895113748,16.922537107751907,38814436
2001-03-08,16.79433822631836,17.236632018961263,16.68216154139363,16.986639818954117,16204379
2001-03-09,16.65651512145996,16.85843150735046,16.191785944431185,16.710999878379912,14988094
2001-03-12,15.723855018615723,16.682156888909137,15.409763239198096,16.512290939793548,11301499
2001-03-13,14.618121147155762,15.544373818854748,14.294413197017448,15.544373818854748,13193041
2001-03-14,15.156566619873047,15.384124476130822,14.422615400566254,14.739913032676771,7697222
2001-03-15,15.156566619873047,15.255922574958804,14.6950431447504,14.813628866689402,4656145
2001-03-16,14.964265823364258,15.896929000175618,14.749529960454696,15.063621783492373,8150556
2001-03-19,14.929010391235352,15.255922914038484,14.74311918537196,14.749529539734315,1827717
2001-03-20,14.826449394226074,15.127721785014153,14.682222257167325,15.050801422733311,3275030
2001-03-21,15.211051940917969,15.303997537224788,14.550816588008887,14.550816588008887,4055766
2001-03-22,14.467486381530762,15.68860117991886,14.396976373519495,15.191821411452663,6883557
2001-03-23,14.07326889038086,14.67260916293841,13.941862457187723,14.614918565336701,5129065
2001-03-26,13.64379596710205,14.13416410608882,13.467518348107255,14.102113629907949,3751247
2001-03-27,13.329700469970703,13.595717819696896,13.243163940607923,13.525206525556623,5117608
2001-03-28,13.58610725402832,13.717512410471603,13.461109861258633,13.461109861258633,2645792
2001-03-29,13.845710754394531,14.070061469187364,13.429057205539946,13.473927089337257,10017139
2001-03-30,12.887408256530762,13.935451240530222,12.826513133421756,13.877760646498302,6757614
2001-04-02,12.425886154174805,12.756003221535904,11.881030628476982,12.756003221535904,3945985
2001-04-03,12.74638557434082,12.913046984509574,12.371397401461124,12.384218108000043,6004509
2001-04-04,12.598955154418945,12.691899445185047,12.252811629453651,12.37139733315602,2212447
2001-04-05,12.598955154418945,12.598955154418947,12.598955154418947,12.598955154418947,0
2001-04-06,12.775235176086426,13.364959338088507,12.691903151322325,12.7560041107686,6481075
2001-04-09,12.756004333496094,12.941895564168181,12.470757132270094,12.756004333496094,3416161
2001-04-10,12.86817741394043,13.063684790326517,12.650235742019754,12.836128235204393,4426314
2001-04-11,13.265603065490723,13.393804981447484,12.595752719520188,13.005995999807437,7055053
2001-04-12,12.916253089904785,13.320087253889254,12.647031177786046,13.025223925562674,9198206
2001-04-13,12.916253089904785,12.916253089904785,12.916253089904785,12.916253089904785,0
2001-04-16,13.002792358398438,13.102148331728909,12.698314083010008,12.887411144478751,2767400
2001-04-17,13.300856590270996,13.77520077562087,12.919459301943643,12.980354427745988,7656757
2001-04-18,13.759176254272461,13.84571280155639,13.304063107959658,13.525209326538274,12173255
2001-04-19,14.278388023376465,14.512354912908561,13.4931566462946,13.820070422512053,25727009
2001-04-20,13.807251930236816,14.55081807234949,13.5027736946345,14.358516506213565,12191770
2001-04-23,13.906608581542969,14.05083443935925,13.653410578222404,13.781612492553785,6197700
2001-04-24,13.880969047546387,13.948274537107107,13.69187199335806,13.784817607713027,5125313
2001-04-25,14.002762794494629,14.294420420304384,13.794435918916232,13.845717477049062,7521285
2001-04-26,14.03160572052002,14.21108659988541,13.916224507310387,14.086090501542746,6370415
2001-04-27,13.40341854095459,13.916223612050553,12.91625488963931,13.916223612050553,5619483
2001-04-30,13.432263374328613,13.65340958720821,13.348932654384273,13.403417427375187,3627370
2001-05-01,13.432263374328613,13.432263374328615,13.432263374328615,13.432263374328615,0
2001-05-02,13.771993637084961,14.422612722327989,13.541231294472354,13.541231294472354,10664109
2001-05-03,13.659819602966309,14.070062838104672,13.608539360549814,13.743150320844714,5517726
2001-05-04,14.43543529510498,14.58286695481773,13.525207808813647,13.595719109643957,23134677
2001-05-07,14.86811637878418,15.191823100767133,14.58286919424535,14.675814804144007,14929961
2001-05-08,15.105286598205566,15.179002433294164,14.839269204358473,14.903370155880108,8682553
2001-05-09,14.739912986755371,15.191821577043498,14.711068336565367,14.871319416724743,4372304
2001-05-10,15.605267524719238,15.762314044393596,14.871316453923551,14.871316453923551,25663757
2001-05-11,15.364897727966309,15.755911303886881,15.255926858854684,15.595660178229403,16992915
2001-05-14,15.512323379516602,15.832825505669037,15.432197200075368,15.512323379516602,13780819
2001-05-15,15.34245777130127,15.576423369638569,14.871318158282252,15.38412312636528,6852694
2001-05-16,15.268741607666016,15.566808144404325,15.19181995708234,15.44822243548001,5642970
2001-05-17,15.40976333618164,16.275119619246375,15.323226800810767,15.323226800810767,9829491
2001-05-18,15.166181564331055,15.608473940784235,15.095670265265937,15.509117993787676,9614689
2001-05-21,14.836066246032715,15.114903082225132,14.752735518553619,15.037982709738246,4661857
2001-05-22,14.586071968078613,14.903369592832993,14.509151606642538,14.871319118283036,5676758
2001-05-23,14.54761028289795,14.74311764781871,14.518765634985172,14.74311764781871,3054346
2001-05-24,14.554018020629883,14.807214635866243,14.45786791572984,14.486712558458038,3551506
2001-05-25,14.339284896850586,14.730297037660467,14.297619541275143,14.61491714944149,4299004
2001-05-28,14.50915241241455,14.682222911305676,14.227109775679219,14.29762108276627,13504343
2001-05-29,14.752732276916504,15.300790944290648,14.53158609263363,14.53158609263363,20875013
2001-05-30,14.531586647033691,14.945034383955987,14.445050109868513,14.871318554447248,8102809
2001-05-31,14.198264122009277,14.493126150974213,13.980322453321326,14.422614848865557,6642142
2001-06-01,13.874556541442871,14.310439891177253,13.836095712310742,14.262364178713685,7266304
2001-06-04,13.762383460998535,13.973914816848238,13.685461789956285,13.973914816848238,4465751
2001-06-05,13.489951133728027,13.845709531183715,13.461105192844675,13.800838355544311,6342901
2001-06-06,13.72712516784668,13.935451963828623,13.58930967747746,13.621358857330799,8078475
2001-06-07,14.288004875183105,14.51876726766033,13.69187042235885,13.829687211145645,18333405
2001-06-08,14.377745628356934,14.582867894399223,14.23031395914509,14.518766943297308,7905220
2001-06-11,14.320055961608887,14.499538118028989,14.26236536103146,14.390565975755472,4984277
2001-06-12,13.755970001220703,14.320053921448503,13.659818582021403,14.320053921448503,8337356
2001-06-13,13.922630310058594,14.025190779016496,13.784813546065987,13.842504133806356,4909218
2001-06-14,13.630973815917969,13.909810596734303,13.557257987663638,13.909810596734303,4009323
2001-06-15,13.505979537963867,13.647000859427214,13.39700869353398,13.538030014997327,4325691
2001-06-18,13.605337142944336,13.647002508962704,13.33931970638041,13.493160459768248,3428254
2001-06-19,14.070064544677734,14.227111116005597,13.589311241857214,13.65341090474935,9986975
2001-06-20,14.464280128479004,14.52197072232917,13.973912024462107,14.230313224011356,14378177
2001-06-21,14.54761028289795,14.739911823068654,14.361719096421066,14.422614216996676,18092011
2001-06-22,14.400179862976074,14.614916992280252,14.259158561329023,14.614916992280252,8142724
2001-06-25,13.672638893127441,14.28800303409631,13.595718537482115,14.28800303409631,11232862
2001-06-26,13.932247161865234,14.025192761975267,13.480338573844179,13.59251394065108,6005092
2001-06-27,13.858532905578613,14.025194358068195,13.64059120552401,13.909813153143633,3388817
2001-06-28,14.05083179473877,14.198263450147946,13.823275253759954,13.961090730758997,6291562
2001-06-29,13.900196075439453,14.095702150408716,13.781610359680737,14.03801285285555,4683563
2001-07-02,14.126557350158691,14.2905905497883,13.778806011943853,14.123277190193916,1830611
2001-07-03,14.428384780883789,14.566172781699732,13.844425858113452,14.015020778435963,7929999
2001-07-04,14.979535102844238,15.025463985097785,14.559609535532696,14.559609535532696,6418766
2001-07-05,14.835186958312988,15.281357835087583,14.756451155303841,15.025465480515782,6652868
2001-07-06,14.674434661865234,14.789257548358014,14.572733746725298,14.743328659038804,5707059
2001-07-09,14.349649429321289,14.556331437162351,14.303720536375367,14.434946892213437,3224178
2001-07-10,14.375890731811523,14.684273577689542,14.238102764622557,14.339803659717125,9066964
2001-07-11,14.35621166229248,14.500561322776994,14.31684309074592,14.402140557105419,2182103
2001-07-12,14.59242057800293,14.63178782353539,14.431667455039584,14.431667455039584,2702431
2001-07-13,14.700677871704102,14.822062390064636,14.408698464926827,14.694117550141396,6078254
2001-07-16,14.756452560424805,14.910644020062652,14.648189991984987,14.749890911285213,4878736
2001-07-17,14.33324909210205,14.500563892842571,14.257793423658088,14.42838838661317,1347166
2001-07-18,14.202018737792969,14.480874892558885,14.146248037395596,14.36933349176414,5799829
2001-07-19,14.03470516204834,14.43494721427125,13.978934456968963,14.43494721427125,1846816
2001-07-20,13.857549667358398,14.172494249287148,13.765690554631345,14.106880407855021,1819461
2001-07-23,13.995335578918457,14.303718465278031,13.683672531533984,13.84442429676357,38504
2001-07-24,13.801774024963379,14.047824539553256,13.778808921194138,13.910036569716349,1575736
2001-07-25,13.847705841064453,13.988773987945317,13.680391100318902,13.680391100318902,2765015
2001-07-26,13.624621391296387,14.087195756244856,13.404816099677634,14.087195756244856,3287251
2001-07-27,13.7525634765625,13.870667828129218,13.450742276416975,13.82145746057821,2770262
2001-07-30,13.47698974609375,13.850986478465519,13.40481558965192,13.77881099563422,1952156
2001-07-31,13.230939865112305,13.516358996974748,13.148923894670208,13.450745159509445,3820540
2001-08-01,13.51963996887207,13.81161944087526,13.25390576815065,13.25390576815065,4666764
2001-08-02,13.61149787902832,13.670550065792664,13.352325350621665,13.581972448840895,1955134
2001-08-03,13.624621391296387,13.71319900964328,13.614778254689384,13.614778254689384,1134399
2001-08-06,13.467146873474121,14.008456983238096,13.417936501753024,13.723039214756588,2838230
2001-08-07,13.460587501525879,13.73288199287361,13.421218936093116,13.51635819896705,2166862
2001-08-08,13.162046432495117,13.562287104025357,13.063625681981826,13.450744382610633,2830207
2001-08-09,13.116116523742676,13.260466165355986,12.998012150932741,13.12267817254089,2574611
2001-08-10,13.322796821594238,13.414655913938995,13.14236012408198,13.14236012408198,2497814
2001-08-13,13.549166679382324,13.58197359996408,13.253905720536126,13.253905720536126,1531603
2001-08-14,13.785372734069824,13.873951676012641,13.529480370927416,13.575410585679833,1943687
2001-08-15,13.785372734069824,13.785372734069822,13.785372734069822,13.785372734069822,0
2001-08-16,13.509798049926758,13.900198280907471,13.450745858417507,13.84442625088611,1223512
2001-08-17,13.362168312072754,13.667271082246987,13.326081229937637,13.539323561241371,1415432
2001-08-20,13.362168312072754,13.503236479106253,13.319519580534086,13.378570445997218,1161055
2001-08-21,13.060347557067871,13.503237024259368,13.007855686109867,13.503237024259368,1964545
2001-08-22,13.060347557067871,13.060347557067871,13.060347557067871,13.060347557067871,0
2001-08-23,13.119400024414062,13.296555284422675,13.073469802168377,13.296555284422675,2019478
2001-08-24,13.112835884094238,14.448067035922831,13.0308185930828,14.448067035922831,1917074
2001-08-27,13.037379264831543,13.253903039933741,12.88974815207204,13.162045272550591,1855115
2001-08-28,13.043940544128418,13.188288839189397,12.99473017459983,13.188288839189397,1467492
2001-08-29,13.112835884094238,13.296552759014647,12.998011676678225,12.998011676678225,2197174
2001-08-30,13.037379264831543,13.237499582960464,13.004572350884986,13.122676710536854,1353875
2001-08-31,13.011136054992676,13.116117135099463,12.92911875716578,13.00785456724587,1772774
2001-09-03,12.912714958190918,13.106274980140956,12.80117223191196,12.906153309259329,1138607
2001-09-04,12.778209686279297,12.9881718612838,12.758524737580393,12.925839506378043,1832285
2001-09-05,12.65682315826416,12.94552110373695,12.643699861184315,12.833978384116014,1010936
2001-09-06,12.410770416259766,12.847099407920577,12.381243666249548,12.847099407920577,1727317
2001-09-07,12.410770416259766,12.466541103006975,12.269700966365926,12.433734192501934,886191
2001-09-10,12.309073448181152,12.597772760991097,12.236897956783853,12.43373815617434,1230285
2001-09-11,12.25329875946045,12.391088062897225,12.220491845613092,12.318912587155168,1413355
2001-09-12,11.767760276794434,12.072861647091292,11.154274722705233,11.39048210683287,3603916
2001-09-13,11.725113868713379,12.089267488481394,11.488905111596088,11.876023840080936,1373366
2001-09-14,11.38720417022705,11.869463493994195,11.226451062304669,11.607009467312542,4519031
2001-09-17,10.252092361450195,11.088663474839155,10.248811536972235,10.629369270157076,4454358
2001-09-18,10.455492973327637,10.813086242477508,10.055251641018739,10.235689019342495,5581477
2001-09-19,10.747474670410156,10.809807025460017,10.370197062540962,10.609686661147492,3070880
2001-09-20,10.088057518005371,10.711384931730926,9.674693567105127,10.711384931730926,6660075
2001-09-21,9.281013488769531,9.973234250051972,9.189155051566141,9.973234250051972,6041265
2001-09-24,9.60580062866211,9.707500883852044,9.372873360614655,9.372873360614655,4403029
2001-09-25,9.691099166870117,10.170077054471427,9.645169607775442,9.907622999526012,2415749
2001-09-26,9.98963737487793,10.029005938417608,9.664851699635808,9.828884949337246,2666289
2001-09-27,10.383319854736328,10.76059611779529,9.97323534537188,10.10446236184071,3503452
2001-09-28,10.822928428649902,11.039452215790396,10.429247428987345,10.432528253203342,3869326
2001-10-01,11.48890495300293,11.849778406425411,10.829490395940876,10.829490395940876,8970135
2001-10-02,11.48890495300293,11.48890495300293,11.48890495300293,11.48890495300293,0
2001-10-03,11.31502914428711,11.613570263634887,11.170680816434631,11.48234390813736,3826168
2001-10-04,11.219889640808105,11.469220344863029,10.990242555750052,11.305187091647111,3024225
2001-10-05,11.495467185974121,11.58732629785012,11.029611966818186,11.377362803046351,3767007
2001-10-08,11.298624992370605,11.351115525194176,10.832769855574705,11.157555524816562,2832624
2001-10-09,11.344555854797363,11.370801125784736,11.177242418051572,11.177242418051572,1718276
2001-10-10,11.633255004882812,11.69558735683701,11.219890997624065,11.23629445756826,2447460
2001-10-11,11.889144897460938,12.056458296892648,11.679181449998223,11.734953467401663,2836821
2001-10-12,12.033496856689453,12.105671018232677,11.836655340357982,11.984286477606584,2435865
2001-10-15,12.082701683044434,12.197525860740773,11.87601975485794,11.941633570684418,1102582
2001-10-16,12.12535572052002,12.364843309157074,11.921952559145815,12.072863854725965,2764666
2001-10-17,12.230335235595703,12.335316300982187,12.07942395931061,12.138476140187848,1718690
2001-10-18,12.12535572052002,12.190968231580905,11.908830587489451,12.007251343665079,1490364
2001-10-19,12.12535572052002,12.184406582557957,12.02365347663815,12.02365347663815,1568995
2001-10-22,12.355001449584961,13.07674967949493,12.223775101596571,12.230336750593372,15153963
2001-10-23,12.387808799743652,12.532158450754473,12.246739310150742,12.532158450754473,3923262
2001-10-24,12.33859634399414,12.499349427824681,12.072862195780125,12.427173951269028,2385861
2001-10-25,12.27954387664795,12.466542222203291,12.138475740478778,12.466542222203291,972633
2001-10-26,12.27954387664795,12.27954387664795,12.27954387664795,12.27954387664795,0
2001-10-29,12.496070861816406,12.709313178665179,12.269703920660591,12.36812334948391,2597473
2001-10-30,12.26970386505127,12.459982399266275,12.112232249091855,12.341879350491471,2102677
2001-10-31,12.174562454223633,12.335315529536608,11.813689069734442,12.072861556094796,1895782
2001-11-01,12.466543197631836,12.630577777718086,12.171283606255436,12.26970302791776,2431361
2001-11-02,12.728997230529785,12.781487765730066,12.499350144236486,12.499350144236486,2859226
2001-11-05,13.158763885498047,13.378567823112498,12.722434844743683,12.722434844743683,5521234
2001-11-06,13.513079643249512,13.71320134856604,13.253907066556357,13.32608256444403,6440143
2001-11-07,13.109553337097168,13.631179817159172,13.057062805647945,13.581970772918856,2725906
2001-11-08,13.125957489013672,13.312955846196722,12.893030245977876,13.11611567964447,2155331
2001-11-09,13.116116523742676,13.45074469577783,13.024257419736117,13.188290681354585,2649650
2001-11-12,13.109553337097168,13.25718312259678,13.089869719401042,13.25718312259678,817236
2001-11-13,13.129240036010742,13.378569430524765,12.92911836592471,13.253904733267753,2042318
2001-11-14,13.08987045288086,13.319517535631295,12.938960498105558,13.122677368472266,672936
2001-11-15,13.145641326904297,13.385130198144248,12.794609748226119,12.794609748226119,2260755
2001-11-16,13.145641326904297,13.145641326904297,13.145641326904297,13.145641326904297,0
2001-11-19,13.175164222717285,13.417933208059328,12.797887451577552,13.194847836018251,2282588
2001-11-20,13.417935371398926,13.768966939270284,13.253902139203124,13.253902139203124,6065409
2001-11-21,13.132521629333496,13.644306424760266,12.958646535908883,13.483553304188066,2639666
2001-11-22,13.355605125427246,13.476989656668234,13.175168409130475,13.319518047445783,2032758
2001-11-23,13.25062370300293,13.647584203104381,13.057063694516517,13.450744033575093,2989875
2001-11-26,13.526205062866211,13.575415456447526,13.32608465258146,13.450749391319517,1618077
2001-11-27,14.047828674316406,14.238107229012067,13.58197409883535,13.58197409883535,6861162
2001-11-28,14.159375190734863,14.32997016843456,14.024868632463955,14.074077701885013,6346738
2001-11-29,13.67383098602295,14.041266098291379,13.591815013356792,13.844425906947205,2557092
2001-11-30,13.67383098602295,13.67383098602295,13.67383098602295,13.67383098602295,0
2001-12-03,13.214537620544434,13.647586600124013,13.129241480943703,13.388414040533858,3284781
2001-12-04,13.102994918823242,13.286711805582582,12.932398677248138,13.060346190026847,2455006
2001-12-05,13.119400024414062,13.411379513647198,13.063627990655643,13.372010941206566,1922639
2001-12-06,13.270306587219238,13.450743288763938,13.106273342759454,13.385130786813633,2189564
2001-12-07,13.112835884094238,13.670549483803702,13.060345348402695,13.450744205004598,3678530
2001-12-10,13.043940544128418,13.253902665227516,12.948799965817425,13.125956500286765,1709532
2001-12-11,12.597773551940918,13.214538133939005,12.459984209965828,13.089873418118756,5416043
2001-12-12,12.417333602905273,13.385132380594525,12.309072364921292,12.853664021651046,4440961
2001-12-13,12.007250785827637,12.643700204525967,11.908830034224478,12.466543647473964,7135518
2001-12-14,11.5577974319458,12.1253541335531,11.416727965168485,12.072862274629182,9009954
2001-12-17,11.5577974319458,11.5577974319458,11.5577974319458,11.5577974319458,0
2001-12-18,11.790726661682129,11.958041423025415,11.600448117464357,11.744797769543572,3811108
2001-12-19,11.711986541748047,12.007247386579804,11.587321883343936,11.87601975492609,2325852
2001-12-20,12.102388381958008,12.26314147587303,11.557798081513075,11.725112823961034,4047679
2001-12-21,11.816971778869629,12.13847799883147,11.751359266151171,12.072864159723446,2489314
2001-12-24,11.941635131835938,11.97772220470259,11.45609574930056,11.81040880941662,1667520
2001-12-25,11.941635131835938,11.941635131835938,11.941635131835938,11.941635131835938,0
2001-12-26,11.787446022033691,12.007251315872189,11.692306753784521,12.007251315872189,1364474
2001-12-27,11.180522918701172,11.872744448972814,11.023050624805066,11.761201712295327,3104372
2001-12-28,11.482341766357422,11.547955595062161,11.154275275612436,11.219889104317176,1859778
2001-12-31,11.905549049377441,12.0269335735118,11.561079095377403,11.639813568989549,2096530
2002-01-01,12.036775588989258,12.095827771599733,11.974443245385192,12.007250160878723,1631389
2002-01-02,12.374687194824219,12.433738060436017,12.122074966463195,12.122074966463195,2262175
2002-01-03,13.063627243041992,13.181731627215242,12.404212645529235,12.532158840651986,6243698
2002-01-04,13.299836158752441,13.408097406786123,13.122679580529649,13.158766663207542,4207781
2002-01-07,12.76180362701416,13.417936616691806,12.669944530959116,13.417936616691806,2313239
2002-01-08,12.627296447753906,12.906152584599214,12.551840805251132,12.906152584599214,1733708
2002-01-09,13.42449951171875,13.509796967465547,12.597771549609336,12.630578467418026,7917535
2002-01-10,13.201414108276367,13.37856934283725,12.991450629403005,13.253904646397334,1771502
2002-01-11,13.10627555847168,13.595095213628348,13.024258259181485,13.283432129104755,3074897
2002-01-14,14.188895225524902,14.418540977552897,13.122677120869009,13.122677120869009,14493320
2002-01-15,13.870671272277832,14.566172932749032,13.670550918157923,14.434946579751516,4306825
2002-01-16,14.408703804016113,14.52680820535842,13.910042249892832,13.992058237321238,7977884
2002-01-17,14.126557350158691,14.36276600651428,13.982207763095722,14.238100032017945,4120926
2002-01-18,14.438227653503418,14.730205783153307,14.110159790833752,14.297158167485867,11846892
2002-01-21,14.110159873962402,14.631786439026849,13.985495173052902,14.4349462508212,5293799
2002-01-22,14.04454231262207,14.270909198564025,13.844422016113269,14.123279428143132,3947724
2002-01-23,13.79849624633789,14.32340295187348,13.677110385222173,14.041265315790332,4582983
2002-01-24,13.559006690979004,14.159369013509442,13.463867429750795,13.844424474663633,4274500
2002-01-25,13.667269706726074,13.873951694214682,13.581972252233365,13.581972252233365,3059338
2002-01-28,14.224981307983398,14.316840406778178,13.713197932159723,13.814898840398689,7415416
2002-01-29,13.79849624633789,14.431665515315796,13.736162571973484,14.31684130303678,6765828
2002-01-30,14.103598594665527,14.142967163894733,13.64758585584268,13.713199695761494,7405559
2002-01-31,13.77881145477295,14.29715784369023,13.713198944836611,14.17249314633853,6303983
2002-02-01,13.916601181030273,14.093756422038528,13.844425693695074,13.890355911014623,3514527
2002-02-04,14.336525917053223,14.493997527144959,13.926442106917847,13.98221280476262,12457043
2002-02-05,14.198736190795898,14.71380101135785,14.047824921448484,14.22498012954667,18348858
2002-02-06,15.619268417358398,15.619268417358398,14.434947060352101,14.434947060352101,30114067
2002-02-07,16.249155044555664,16.77734320574458,15.944052319200063,15.944052319200063,52501076
2002-02-08,16.344295501708984,17.236637310401996,15.091080245464504,16.23931442454263,47963158
2002-02-11,16.10808563232422,16.856077683147866,15.957174362018966,16.53457285154401,17369112
2002-02-12,15.750494003295898,16.49848613024437,15.645512931385118,16.337733034887584,14299101
2002-02-13,16.03263282775879,16.46896193270452,15.786582261477623,15.875159881727443,33989031
2002-02-14,16.518169403076172,16.626430625123533,16.160576170908637,16.160576170908637,45702254
2002-02-15,16.304929733276367,16.731417090457025,16.18026501434032,16.721575278582048,19641696
2002-02-18,15.95718002319336,16.600191240913315,15.661919025756259,16.370545419605303,20191445
2002-02-19,15.727534294128418,16.33773864201951,15.658640276243776,15.944058160853016,11754515
2002-02-20,15.773459434509277,16.37054161446068,15.707845600021152,15.74721416599192,22001792
2002-02-21,16.022789001464844,16.239314127141977,15.881720847404718,15.94405319503202,19633800
2002-02-22,15.855481147766113,16.07528651185428,15.757061686753023,15.94405879531689,12162593
2002-02-25,15.871881484985352,16.13105405185619,15.707848198024193,16.009669499088314,9452658
2002-02-26,16.9873046875,17.36786303921532,16.055595742353184,16.06871771233544,48279378
2002-02-27,16.58706283569336,17.30224933330381,16.31476836113216,17.14805789498112,36741954
2002-02-28,14.930325508117676,17.111970740167408,14.930325508117676,16.731412387502594,115517204
2002-03-01,15.317445755004883,15.576618284897412,14.507119920948456,14.828626125576521,34473377
2002-03-04,15.547091484069824,15.734089839013581,15.320725892120679,15.70456441125954,13481609
2002-03-05,15.238710403442383,15.812827506258614,15.123887513434953,15.727530047490966,15174227
2002-03-06,15.117323875427246,15.248550207654947,14.802379351691394,15.091078608981706,17575372
2002-03-07,15.146848678588867,15.353530640726257,15.005780543056103,15.353530640726257,8113747
2002-03-08,15.176377296447754,15.340410556731356,15.05171127585411,15.281358370806943,8224958
2002-03-11,15.196060180664062,15.287919279476268,15.064833844067634,15.156691616490427,5830946
2002-03-12,15.04515266418457,15.474921511077644,14.907364644676319,15.340413653409211,7506257
2002-03-13,15.06155776977539,15.24527603342805,14.861437368743992,14.959858151355752,4912323
2002-03-14,14.99593734741211,15.255109816307355,14.933603687347052,15.091076591356071,3944449
2002-03-15,15.28135871887207,15.35353287754056,15.018906026996184,15.143570724039852,4850756
2002-03-18,15.245271682739258,15.681600776407564,15.156692738389316,15.363376057612838,5339277
2002-03-19,15.291197776794434,15.386337026274257,15.196058527314612,15.28791761613244,3571791
2002-03-20,15.182938575744629,15.353532154232502,15.127166552354993,15.350251993134648,1896831
2002-03-21,14.93360710144043,15.320727139439583,14.83518767452487,15.222306386134528,2309360
2002-03-22,14.631784439086914,15.018904439876659,14.53992534344279,14.959852258847533,3226245
2002-03-25,14.631784439086914,14.631784439086914,14.631784439086914,14.631784439086914,0
2002-03-26,14.65803337097168,14.746611001470907,14.44150953731263,14.697401943632281,3511761
2002-03-27,14.6613130569458,14.874556702667329,14.510401761084557,14.661313056945803,2554718
2002-03-28,14.43166732788086,14.992661182892848,14.316843101180336,14.887680093878386,6856170
2002-03-29,14.43166732788086,14.43166732788086,14.43166732788086,14.43166732788086,0
2002-04-01,15.448671340942383,15.79970160213835,14.441505461336137,14.631783968313737,18756511
2002-04-02,15.248553276062012,15.609426757097385,15.0943618072711,15.481481886422884,5676398
2002-04-03,15.137007713317871,15.442110432362677,15.097640476272986,15.097640476272986,3809592
2002-04-04,15.287919044494629,15.550371713653478,15.091078879430794,15.343689739294861,5668269
2002-04-05,15.297762870788574,15.428989222670099,15.205903761276721,15.31416633057246,2711015
2002-04-08,15.668478965759277,15.970301580503666,15.419148220910602,15.445393492663639,13207816
2002-04-09,15.442108154296875,15.871875495769112,15.415862891342268,15.734087533660125,5129563
2002-04-10,15.517565727233887,15.7472141476752,15.38633938479975,15.484760136417457,3152574
2002-04-11,15.914529800415039,16.075282921435115,15.583183073500404,15.642233941085257,9322062
2002-04-12,15.95718002319336,16.259001344492567,15.901407985636993,15.97686364755924,7660095
2002-04-15,15.865315437316895,16.12776941953647,15.727527461408682,16.07527888837042,4146310
2002-04-16,15.70128345489502,15.845633090371566,15.570057116456994,15.789862393931442,2397541
2002-04-17,15.79642391204834,16.055597773871618,15.632390644984078,15.799704073361603,4940314
2002-04-18,15.822669982910156,15.930932554793673,15.497883593649206,15.497883593649206,3303074
2002-04-19,15.652073860168457,15.878440797436834,15.52412900281222,15.52412900281222,2532959
2002-04-22,15.497883796691895,15.648795101732162,15.235429756827397,15.235429756827397,1968944
2002-04-23,15.517565727233887,15.67503866454432,15.425707950724727,15.425707950724727,1297999
2002-04-24,15.5274076461792,15.678317596549949,15.461793816911431,15.553652912608433,3347175
2002-04-25,15.530688285827637,15.970298833249892,15.471636102944208,15.615985735949321,10442069
2002-04-26,15.507726669311523,15.8325117308937,15.425709368757198,15.550374073932257,5126670
2002-04-29,14.881115913391113,15.812826235912956,14.835187026355811,15.615986064292551,8645977
2002-04-30,14.959856033325195,15.051713825756323,14.835189991611948,14.95001289534571,2583281
2002-05-01,14.959856033325195,14.959856033325195,14.959856033325195,14.959856033325195,0
2002-05-02,14.884398460388184,15.209184833000894,14.835188082382734,15.209184833000894,2762101
2002-05-03,15.005785942077637,15.176380891517587,14.874559568042981,14.930330279611537,2651133
2002-05-06,15.081236839294434,15.248550247523536,15.025464818958485,15.091078648438572,2748195
2002-05-07,15.169816017150879,15.222306555608835,15.025466373196743,15.091080209463943,1746691
2002-05-08,15.22886848449707,15.435550480871202,15.179658106391933,15.281359023920068,2864589
2002-05-09,15.20590591430664,15.740655860920448,15.159977016242348,15.484763443727056,1528275
2002-05-10,15.09436321258545,15.287923270182155,15.058276126400061,15.12388997502059,1375401
2002-05-13,15.133729934692383,15.314166669923925,14.91392462982922,14.91392462982922,1199093
2002-05-14,14.969696998596191,15.291201906708112,14.93032842807307,15.091081545323844,2966293
2002-05-15,14.7925386428833,15.084518082801539,14.697399379142823,15.041869355856534,2037835
2002-05-16,14.52023983001709,14.881113190901388,14.372610059907913,14.434942393707043,2074368
2002-05-17,14.444786071777344,14.78597586119331,14.303717930747709,14.526803358229015,3081299
2002-05-20,14.425101280212402,14.48743361701179,14.156086990034046,14.402136176596096,2329890
2002-05-21,14.411982536315918,14.881117237193378,13.946126670418426,14.179053940172395,5168587
2002-05-22,14.421821594238281,14.520241006824502,14.254506868535618,14.405418137742362,2461747
2002-05-23,14.32340145111084,14.42838251594046,14.14296474853892,14.418540706911353,2344389
2002-05-24,14.608821868896484,14.749891360945302,14.402139862620182,14.402139862620182,1853186
2002-05-27,14.444786071777344,14.84502804216064,14.238104101586373,14.736766815711674,1920052
2002-05-28,14.438227653503418,14.697400190636927,14.287316357092,14.500560003590943,3443633
2002-05-29,14.516961097717285,14.62522232079979,14.35292785630404,14.500557640937027,2108835
2002-05-30,14.398859024047852,14.756452316372014,14.323403376164375,14.638347939370881,3792253
2002-05-31,14.415261268615723,14.559610903186847,14.33652546604677,14.375892704136534,2051412
2002-06-03,14.559608459472656,14.648186056697007,14.471030862248305,14.516959741107376,903445
2002-06-04,14.507121086120605,14.808943694752436,14.434946921858844,14.566173277966415,838582
2002-06-05,14.890955924987793,14.972973205921955,14.533364028726968,14.618661470342785,3509461
2002-06-06,15.337129592895508,15.383059809288184,14.848309956530192,15.025466520352962,7168818
2002-06-07,14.999220848083496,15.287920131066606,14.959853608106384,15.274796833481243,2562593
2002-06-10,15.406023979187012,15.419145949936073,15.09107943814683,15.09107943814683,3139135
2002-06-11,15.737369537353516,15.927649374047201,15.504442303954116,15.615985016172797,7055095
2002-06-12,16.173696517944336,16.49520264384489,15.681596847773752,15.747210667685502,26185611
2002-06-13,15.963738441467285,16.396786048181607,15.89484444374503,16.331173538115824,5026926
2002-06-14,16.0424747467041,16.19994636741109,15.819389287507756,16.07528166594878,6687483
2002-06-17,16.213064193725586,16.764216006574845,16.091679694599414,16.764216006574845,11821964
2002-06-18,16.176982879638672,16.403348504325844,16.11464920138285,16.403348504325844,5321949
2002-06-19,15.681602478027344,16.53129564956437,15.563498090338186,16.33773560716327,13144903
2002-06-20,15.934208869934082,16.160575769886353,15.49459969194762,15.68159803170276,23044228
2002-06-21,15.642230987548828,16.062156589330502,15.563495185912778,15.976859139294096,10172546
2002-06-24,15.543811798095703,15.90468522241588,15.396180675646098,15.747213616803615,4833173
2002-06-25,15.445389747619629,15.642229901234392,15.356812142729245,15.550370809177018,3056668
2002-06-26,15.324004173278809,15.442108522585885,15.287917101654207,15.419143419556947,2820711
2002-06-27,15.478198051452637,15.615986038722358,15.258394099869214,15.258394099869214,4028729
2002-06-28,15.786580085754395,15.878439181080099,15.48475885984349,15.681599020461794,4202482
2002-07-01,15.881720542907715,15.989983103670584,15.773459308534306,15.878440381765294,2848098
2002-07-02,15.865315437316895,16.03591032680122,15.816105066952726,15.871877085309983,2367260
2002-07-03,15.707844734191895,15.930930167487496,15.66519600940334,15.871877984981083,2162856
2002-07-04,15.766899108886719,15.845634921046024,15.681601647450076,15.71768872889106,1961366
2002-07-05,15.832508087158203,15.878438295453963,15.763615427493143,15.829227926446773,1218266
2002-07-08,15.868599891662598,15.993264594894782,15.747215349845625,15.747215349845625,2276982
2002-07-09,15.799704551696777,16.00966804184055,15.783301091854783,15.878441689494172,1983750
2002-07-10,15.976859092712402,16.009666008229125,15.681599505840714,15.816106002514108,5257159
2002-07-11,15.812045097351074,16.134944740313948,15.74140927056759,16.074400717283886,4112903
2002-07-12,15.771682739257812,15.99704098275877,15.714501741395624,15.862498098329226,1497115
2002-07-15,15.637145042419434,15.842322465282416,15.49587605482124,15.842322465282416,1531932
2002-07-16,15.394965171813965,15.66741261000841,15.341148561787676,15.66741261000841,1486273
2002-07-17,15.522780418395996,15.59005050001704,15.183061542581488,15.344511370349771,3179611
2002-07-18,15.717865943908691,15.775045581197759,15.448781538124086,15.573232616833842,2006526
2002-07-19,15.455510139465332,15.640505257660594,15.374785219508933,15.640505257660594,2710146
2002-07-22,15.405057907104492,15.529509006284776,15.287334225152478,15.472329359590427,3287653
2002-07-23,15.398332595825195,15.472330109226213,15.233518345188411,15.337788557634163,1663651
2002-07-24,15.273877143859863,15.368056891506354,15.135971230509446,15.270514115689625,1016204
2002-07-25,15.179699897766113,15.472329633338658,15.102337998018216,15.405058179662507,3415896
2002-07-26,15.0485200881958,15.196515084377156,14.897160703984229,15.169606779626168,2075481
2002-07-29,15.3579683303833,15.505964706290799,14.850072140302462,15.13597308657289,3708439
2002-07-30,15.209973335266113,15.808684950413543,15.142701878319766,15.808684950413543,3127848
2002-07-31,15.593415260314941,15.670777147929348,14.91061446426778,15.068701267693585,4454612
2002-08-01,15.331061363220215,15.741414837820859,15.216702052482404,15.741414837820859,2949770
2002-08-02,15.445420265197754,15.630415390228961,15.122519213542054,15.27051558554668,2117738
2002-08-05,15.563138961791992,15.727953143331218,15.489141479414064,15.539593690172714,1646259
2002-08-06,15.536236763000488,15.62032472054697,15.411785661100781,15.539599791738922,1445108
2002-08-07,15.596776962280273,15.721228033561076,15.559778215666748,15.60686740591141,1502499
2002-08-08,15.472329139709473,15.670779105783737,15.435329025429006,15.664050328752726,1533691
2002-08-09,15.606870651245117,15.714503885556207,15.320969702618992,15.472329108356256,2912124
2002-08-12,15.586688041687012,15.768320124489678,15.546324903320354,15.620322403777998,2002838
2002-08-13,15.549691200256348,15.707778025092853,15.47232930216433,15.47232930216433,1222188
2002-08-14,15.46560287475586,15.566510059568275,15.347879185706493,15.418513671115804,890674
2002-08-15,15.46560287475586,15.46560287475586,15.46560287475586,15.46560287475586,0
2002-08-16,15.462236404418945,15.606868371914164,15.44878157214592,15.606868371914164,908077
2002-08-19,15.472329139709473,15.64050640863593,15.448783859694329,15.539599231341047,1101162
2002-08-20,15.50932788848877,15.5732349514801,15.458874299859554,15.53959922572729,1095036
2002-08-21,15.492506980895996,15.653958160800089,15.431962958419223,15.556414031327783,2397392
2002-08-22,15.573235511779785,15.603508210005817,15.48914755427076,15.539599784816817,1292499
2002-08-23,15.59005355834961,15.741412971562127,15.556417830991625,15.606871422028602,2340796
2002-08-26,15.677505493164062,15.775048283997554,15.539599558582957,15.637142349416449,1346944
2002-08-27,15.606870651245117,15.701050411216494,15.573234925548315,15.690959965487123,1648453
2002-08-28,15.653962135314941,15.694323920615192,15.556417981076336,15.603508543791198,2109704
2002-08-29,15.680865287780762,15.701047535441306,15.542960741539902,15.579959489070424,1708600
2002-08-30,16.235857009887695,16.360308123112127,15.620326141955939,15.674144125956998,6583150
2002-09-02,15.983588218688965,16.565481917471715,15.889408459380727,16.36030589602359,4418874
2002-09-03,15.801956176757812,16.044132313064527,15.751503948275866,16.040769284465178,1223216
2002-09-04,15.842313766479492,15.943219547972777,15.627047374014952,15.781769753624372,2581405
2002-09-05,15.801956176757812,15.94322513630395,15.768321811069296,15.812047982352544,1975345
2002-09-06,15.828865051269531,15.919681785581222,15.714504396123811,15.859137749339558,3013966
2002-09-09,15.690959930419922,15.80195619309329,15.606870616365844,15.741412158954024,1003178
2002-09-10,15.690959930419922,15.69095993041992,15.69095993041992,15.69095993041992,0
2002-09-11,15.677505493164062,15.721231665599655,15.627053263352517,15.721231665599655,820480
2002-09-12,15.97349739074707,16.040768840057037,15.627052418577,15.647233309410668,2493967
2002-09-13,15.704415321350098,15.943227098551402,15.674143980535218,15.943227098551402,899884
2002-09-16,15.489147186279297,15.79523039051263,15.425238762608634,15.74141241271145,999882
2002-09-17,15.553051948547363,15.70777572204607,15.50596275482514,15.606868558486523,1296717
2002-09-18,15.47905445098877,15.603505531469457,15.442054341741995,15.586687670874968,933227
2002-09-19,15.475690841674805,15.522781397668258,15.20324339019183,15.4386920904644,1297607
2002-09-20,15.452149391174316,15.505967377054436,15.075433009303465,15.405060183415102,1731864
2002-09-23,15.462236404418945,15.48578032104952,15.213332886553145,15.213332886553145,925172
2002-09-24,15.579960823059082,15.67077754556221,15.220061041023538,15.556415545388166,1411956
2002-09-25,15.593415260314941,15.606868733001086,15.421873624304814,15.53959728987583,1085900
2002-09-26,15.542963981628418,15.620324520810424,15.48241994582196,15.620324520810424,387527
2002-09-27,15.542963981628418,15.667415081936772,15.442056801984858,15.47232949983728,1922734
2002-09-30,15.46560287475586,15.53623736016517,15.344514796940341,15.479057710023563,743173
2002-10-01,15.448785781860352,15.505966794755022,15.337789504903638,15.48914892978003,1199051
2002-10-02,15.448785781860352,15.448785781860352,15.448785781860352,15.448785781860352,0
2002-10-03,15.489147186279297,15.546326832839153,15.341150807097373,15.505965049361222,2002404
2002-10-04,15.482418060302734,15.553052533491687,15.34787653039478,15.472327615546915,760915
2002-10-07,15.569868087768555,15.600139417550785,15.408416915902617,15.472325323050683,358773
2002-10-08,15.650594711303711,15.73468401420152,15.532871047144942,15.532871047144942,1065827
2002-10-09,15.563138961791992,15.717862701179488,15.539593690172714,15.657318688371245,1064724
2002-10-10,15.482418060302734,15.600141728984918,15.34787653039478,15.556415561777555,780109
2002-10-11,15.482418060302734,15.600141728984918,15.418511003583733,15.526144227510096,1034677
2002-10-14,15.475690841674805,15.623687206414655,15.448782535349217,15.623687206414655,663620
2002-10-15,15.475690841674805,15.475690841674805,15.475690841674805,15.475690841674805,0
2002-10-16,15.47905445098877,15.660685169572188,15.408418620553016,15.583324642715336,574242
2002-10-17,15.559779167175293,15.593414887934678,15.448781560648948,15.48914469753984,1183842
2002-10-18,15.59005355834961,15.63714276071174,15.509328628629495,15.606871422028602,983666
2002-10-21,15.711142539978027,15.734687822467711,15.539600864507536,15.539600864507536,848470
2002-10-22,15.647231101989746,15.973495137298704,15.606867966118303,15.674139405938005,894341
2002-10-23,15.66404914855957,15.832227764713117,15.573233783755251,15.573233783755251,1217567
2002-10-24,15.526145935058594,15.704413651779596,15.479056734386544,15.674142314182928,1039044
2002-10-25,15.50932788848877,15.6674147116083,15.421875545490801,15.532873168495406,2653179
2002-10-28,15.67414379119873,15.707779520519075,15.475693804147785,15.505966504495493,1717439
2002-10-29,15.657323837280273,15.835591547012498,15.41514906630602,15.67414169969633,5744070
2002-10-30,15.549691200256348,15.835592152463699,15.455511439105265,15.80868384354887,2520569
2002-10-31,15.448785781860352,15.738051155572256,15.3848787108945,15.633780936686724,2760415
2002-11-01,16.050861358642578,16.467940862499805,15.482421074287787,15.539600725668082,9458349
2002-11-04,16.299760818481445,16.346850015171217,16.165219285154777,16.21230848184455,2330727
2002-11-05,16.303125381469727,16.58230027931233,16.27958146085777,16.383851668962762,6732156
2002-11-06,16.303125381469727,16.303125381469727,16.303125381469727,16.303125381469727,0
2002-11-07,16.20558738708496,16.481397954829536,16.145043338575437,16.407399068918487,3038851
2002-11-08,15.966772079467773,16.313218457224053,15.926408932579207,16.21231126995188,3162018
2002-11-11,15.791866302490234,15.97349841129263,15.754867546965226,15.97349841129263,1395729
2002-11-12,15.949952125549316,16.02058660342764,15.6909594932949,15.6909594932949,2693549
2002-11-13,15.791866302490234,16.044132893621605,15.751504518244186,16.010497166817636,1884876
2002-11-14,15.741406440734863,15.909583647852664,15.701044672569385,15.875949294347382,1375136
2002-11-15,15.889411926269531,16.04413575318502,15.748142936433053,15.748142936433053,2921419
2002-11-18,16.12149429321289,16.309852453614617,15.936499161427882,15.936499161427882,2808406
2002-11-19,16.12149429321289,16.12149429321289,16.12149429321289,16.12149429321289,0
2002-11-20,16.242584228515625,16.360309292062635,16.077771315387604,16.14504278027161,4571292
2002-11-21,16.168582916259766,16.380486349110466,16.121493717814598,16.34012456755698,2139602
2002-11-22,16.73365592956543,17.144009252531298,16.356939685414225,16.356939685414225,20271306
2002-11-25,16.834569931030273,17.06665431008029,16.757208018047393,16.804298587636254,9530038
2002-11-26,16.90519905090332,17.28191668835255,16.827837162515838,16.922016911852694,9827530
2002-11-27,17.329008102416992,17.67209006190636,16.885020324206454,16.985926142927624,33611414
2002-11-28,17.48036766052246,17.70236153426344,17.154102226818956,17.154102226818956,20389194
2002-11-29,17.66872787475586,17.87054088170834,17.490460149249003,17.490460149249003,22697060
2002-12-02,17.665363311767578,17.853721467279136,17.57454794249037,17.826813159348912,9050091
2002-12-03,17.621641159057617,18.14971835247333,17.524096990685276,17.826817223792176,14966452
2002-12-04,17.43663787841797,17.638450819973496,17.355911613877364,17.423183047695204,8783483
2002-12-05,17.49718475341797,17.752814339801972,17.288644362455315,17.288644362455315,9709123
2002-12-06,18.371707916259766,18.526431705278565,17.500548905676013,17.500548905676013,30482538
2002-12-09,18.206893920898438,18.79887941717905,18.021898793285324,18.66097348862986,17184188
2002-12-10,18.18671417236328,18.351528419288265,17.941174996301086,18.095898797071218,11785558
2002-12-11,18.782062530517578,19.00742081182155,18.364981694659292,18.364981694659292,31276447
2002-12-12,18.603796005249023,19.030967345808293,18.53652590241111,18.92333409334877,21236965
2002-12-13,18.613882064819336,18.832511531405434,18.570155899522486,18.734970116394948,9550260
2002-12-16,18.560068130493164,19.10159869270548,18.506251513124138,18.86615133169057,17329951
2002-12-17,18.859420776367188,19.067961153895148,18.19680089548593,18.768604059757653,28074790
2002-12-18,19.44804573059082,21.45944833602217,19.3740482190435,19.50858976726517,79181377
2002-12-19,18.734973907470703,19.760855445620074,18.610522802573122,19.421137858715536,99331329
2002-12-20,18.650882720947266,18.950238492457604,18.506250737814575,18.76860639652275,35103040
2002-12-23,18.778697967529297,18.86615030597394,18.603791930741735,18.80224188641174,19394282
2002-12-24,19.030960083007812,19.12850421070931,18.714786504645613,18.83251015960892,30998456
2002-12-25,19.030960083007812,19.030960083007812,19.030960083007812,19.030960083007812,0
2002-12-26,18.973785400390625,19.263050751387105,18.923331809427673,19.104963920955253,24173509
2002-12-27,19.23278045654297,19.32023281451576,18.862790129703807,19.037694845649387,26065942
2002-12-30,19.037689208984375,19.26304745547464,18.079077944198993,19.205866456853965,19679713
2002-12-31,19.014144897460938,19.185686542135723,18.896421225943637,19.037690175723696,18001764
2003-01-01,19.1419620513916,19.505224902675316,19.03432881544063,19.505224902675316,17053263
2003-01-02,19.38413429260254,19.66330913209882,19.05786890192731,19.172230891991557,38374255
2003-01-03,19.249595642089844,19.824763307111947,19.18905296567547,19.777672745591797,21238047
2003-01-06,18.76188087463379,19.239504367319405,18.70133684092883,19.239504367319405,17650251
2003-01-07,18.80223846435547,19.010778827291386,18.634061234854837,18.785420605415602,17585684
2003-01-08,18.879606246948242,19.024239607076773,18.819062207812863,18.83588007201149,12456089
2003-01-09,19.226049423217773,19.306775707628116,18.028626309877023,18.028626309877023,24085922
2003-01-10,19.25632095336914,19.572494575145654,19.10496155909061,19.340410261245125,28333523
2003-01-13,19.108322143554688,19.40431483754377,18.950235352885212,19.377406534444585,14768301
2003-01-14,19.034330368041992,19.165507535120682,18.953604074595678,19.044420814748165,8881764
2003-01-15,19.178958892822266,19.300046951135617,19.007418610126873,19.007418610126873,11825451
2003-01-16,19.35386085510254,19.427858347105477,19.172230152950583,19.2395002293447,11518887
2003-01-17,19.740671157836914,19.804578213704467,19.38413576835648,19.441315407843714,28990891
2003-01-20,19.54558753967285,19.88530646172653,19.474953060422898,19.744036143328287,21107493
2003-01-21,20.134206771850586,20.24520438311281,19.548948741401542,19.609492769372007,43264778
2003-01-22,20.029937744140625,20.31584003955508,19.85839745481058,20.2485685912462,31016580
2003-01-23,20.161117553710938,20.302386516359217,19.91221535473985,19.979486807390792,25817733
2003-01-24,19.478315353393555,20.517652971547044,19.384136957882507,20.517652971547044,28702047
2003-01-27,19.215959548950195,19.441317826490735,18.909876344497608,19.242867857920878,24842111
2003-01-28,19.51194953918457,19.57585659393556,18.97041768814689,19.239502099574576,20661970
2003-01-29,19.027599334716797,19.777670236266808,18.711425718475393,19.643128705918834,57810127
2003-01-30,18.839242935180664,19.28659373496253,18.77197148383381,19.037691540816528,33519121
2003-01-31,18.930055618286133,19.104960279030724,18.405341636052366,18.640790322431478,35236476
2003-02-03,19.518680572509766,19.59267808541853,19.098236696695796,19.205869937253425,20962737
2003-02-04,19.828125,20.14429863505561,19.622948984022873,19.71040132392754,44403830
2003-02-05,19.74740219116211,19.959305646718086,19.649859395425157,19.881943743920242,15963229
2003-02-06,20.635377883911133,20.753101565311955,19.45813563030948,19.58258672890707,63562591
2003-02-07,20.312477111816406,20.716103110896782,19.838216630891885,20.248570047266554,60717174
2003-02-10,19.878578186035156,20.181298341100806,19.81467112659285,20.167843507587545,23386075
2003-02-11,19.828125,20.137571218163334,19.723854797813793,19.898759477623134,18487731
2003-02-12,20.221662521362305,20.450383839041812,19.912216272719164,19.912216272719164,99804313
2003-02-13,20.221662521362305,20.221662521362305,20.221662521362305,20.221662521362305,0
2003-02-14,20.03666877746582,20.248572246008326,19.939125975750944,20.23848179892038,20855119
2003-02-17,20.702646255493164,20.88091394534164,20.191387102785498,20.191387102785498,31607992
2003-02-18,20.840551376342773,21.059182209428993,20.68582895901128,21.002002569951628,34929625
2003-02-19,20.99527359008789,21.183633075288355,20.887640375629395,21.05581761319532,37140769
2003-02-20,20.780010223388672,21.10627568398172,20.60846992132786,21.055822094005677,40573571
2003-02-21,20.89437484741211,21.015462934517682,20.642108225925256,20.78674159660651,25939320
2003-02-24,21.11300277709961,21.301362311624207,21.0423682916275,21.123094583508585,38787813
2003-02-25,20.6656494140625,21.062547967676235,20.625286273060134,20.988550462386566,21697040
2003-02-26,20.181297302246094,20.904459888952328,20.1241163026056,20.75309913926183,39644794
2003-02-27,20.315841674804688,20.534472539508158,19.992940600788916,20.11402867353213,51044500
2003-02-28,19.27986717224121,20.55128777809284,19.175596969346824,20.457109380554556,105081886
2003-03-03,19.54558753967285,19.807944565429356,19.340411518970203,19.340411518970203,36896249
2003-03-04,19.38077735900879,19.57586297493283,19.296689387958104,19.518683317806197,26728047
2003-03-05,19.165504455566406,19.333683073307537,18.906511832061938,19.333683073307537,25070288
2003-03-06,18.88633155822754,19.172233857819315,18.761880464956384,19.172233857819315,29297805
2003-03-07,18.600427627563477,18.852694180388095,18.54324798859819,18.768604876147158,19087665
2003-03-10,18.358259201049805,18.69461381404486,18.30780560113095,18.630706736753503,20274920
2003-03-11,18.6206111907959,18.667701751892942,18.243894861409824,18.41879819153274,23263513
2003-03-12,18.536521911621094,18.923330019281536,18.449069572850995,18.68115389348795,27697437
2003-03-13,18.536521911621094,18.684518281839587,18.459160018109348,18.634064695649542,11378211
2003-03-14,18.536521911621094,18.536521911621094,18.536521911621094,18.536521911621094,0
2003-03-17,18.489429473876953,18.620606599147628,18.237162947029717,18.566791353832564,10194697
2003-03-18,18.489429473876953,18.489429473876953,18.489429473876953,18.489429473876953,0
2003-03-19,18.5297908782959,18.782057400112155,18.46924685866408,18.63406105877859,10708655
2003-03-20,18.943513870239258,18.990604435335133,18.519706943767364,18.76860916536543,15104054
2003-03-21,19.1419620513916,19.30004887665648,18.946876471255873,19.00405611789294,16988951
2003-03-24,18.785425186157227,19.165505899103508,18.718155093892282,19.165505899103508,13991074
2003-03-25,18.88633155822754,18.940148173701644,18.509613890010503,18.607156675544605,14278592
2003-03-26,18.940147399902344,19.00405445817963,18.73833442017036,18.889693814994786,16611705
2003-03-27,18.580245971679688,19.01078019984869,18.52306497517613,18.87623867851404,21331314
2003-03-28,18.502883911132812,18.7820587551603,18.46588516310462,18.60042668316083,10651508
2003-03-31,18.163166046142578,18.4019791272904,17.9445365739395,18.36497901732081,19032181
2003-04-01,18.398618698120117,18.48943407201486,18.095898518640336,18.095898518640336,8622204
2003-04-02,18.64079475402832,18.745064969637827,18.449072187255908,18.499525780595697,8936728
2003-04-03,18.785425186157227,18.835878775279706,18.667701504769802,18.835878775279706,5948241
2003-04-04,19.07805633544922,19.13859901502537,18.667702894520602,18.80224444896504,14017623
2003-04-07,19.313501358032227,19.441315470177138,19.10832399711288,19.138595331074086,8566519
2003-04-08,19.131872177124023,19.27314114350505,19.05451027651098,19.266413726082522,8015996
2003-04-09,19.10495948791504,19.340408164544478,18.909872586771844,19.03768804890717,15466028
2003-04-10,19.498497009277344,19.760852657228543,18.936782882293365,19.17223294358712,17640426
2003-04-11,19.387496948242188,19.945845256613335,19.138593445085736,19.64312650723952,14428859
2003-04-14,19.387496948242188,19.387496948242188,19.387496948242188,19.387496948242188,0
2003-04-15,19.04105567932129,19.64313166823473,18.802243916977385,19.501862700090495,7864097
2003-04-16,19.508590698242188,19.575860795614044,18.980513566385863,19.0646015280753,15818739
2003-04-17,19.330322265625,19.945851768899402,19.24286991215987,19.414411590071673,12606515
2003-04-18,19.330322265625,19.330322265625,19.330322265625,19.330322265625,0
2003-04-21,19.330322265625,19.42113900800711,19.172236783482578,19.306778342698742,7603838
2003-04-22,19.538862228393555,19.609496715256025,19.172236318435182,19.239506416462284,12663620
2003-04-23,19.313501358032227,19.710399887168936,19.239502497407837,19.60949272083519,10671836
2003-04-24,19.2395076751709,19.434594643938585,19.017513753350816,19.2395076751709,15446272
2003-04-25,18.80896759033203,19.28659101994313,18.677789094610986,19.26304710320474,16457315
2003-04-28,19.06459617614746,19.192411637100257,18.546609636314283,18.734969119834393,16583300
2003-04-29,18.67778968811035,20.181297214526396,18.48606716058762,19.10496090978559,34454278
2003-04-30,18.745067596435547,18.882973560263384,18.533164106591993,18.71479489223009,12991233
2003-05-01,18.745067596435547,18.745067596435547,18.745067596435547,18.745067596435547,0
2003-05-02,18.940147399902344,19.00405445817963,18.664335556992963,18.687880835262806,7782445
2003-05-05,19.047779083251953,19.19577543771823,18.953599337701025,18.973781585967885,8034046
2003-05-06,19.310138702392578,19.38750059820974,19.15877929921015,19.23950422358089,10840703
2003-05-07,19.202505111694336,19.522041774663077,19.14196107957109,19.37404676269325,6122291
2003-05-08,19.04105567932129,19.199142511282545,18.936785467615127,19.17223556105342,4740149
2003-05-09,19.202505111694336,19.30677531369002,18.95696595471051,19.09487188120781,9638992
2003-05-12,19.65321922302246,19.7541263910784,19.23950282576921,19.337045605617686,18561476
2003-05-13,19.693584442138672,19.892034411002136,19.622949960998827,19.777672397834575,15541172
2003-05-14,20.373023986816406,20.433568031105608,19.616225473049212,19.710405248598928,31783124
2003-05-15,20.642101287841797,20.78673460990988,20.319200284057754,20.319200284057754,27352061
2003-05-16,21.190364837646484,21.378724373570506,20.69592343566823,20.78337578594043,37900477
2003-05-19,21.408994674682617,21.8428933760976,21.23408998262362,21.324906717284033,53062865
2003-05-20,21.587265014648438,21.691535236788397,21.04236998016762,21.297999631908127,28932768
2003-05-21,21.866432189941406,22.219605880203776,21.667983623307222,21.667983623307222,51023059
2003-05-22,22.068252563476562,22.246520291578218,21.667989572566988,21.93707267915469,25108401
2003-05-23,22.909137725830078,23.094132850531153,22.266698652159075,22.266698652159075,54182724
2003-05-26,23.171493530273438,23.343033812234633,22.636687715028728,23.00667930493557,40514356
2003-05-27,22.80486297607422,23.343031772607407,22.72413806456367,23.14121745398388,39676134
2003-05-28,23.242124557495117,23.40021271201696,22.51223460783852,22.737592841841924,40215179
2003-05-29,24.07965087890625,24.331917449752197,23.161401322570047,23.282489385367963,85487268
2003-05-30,23.70293426513672,24.06283406045072,23.57848181562583,23.88456499704779,39781834
2003-06-02,23.2387638092041,23.437213770516163,22.878863999972552,23.141221022765457,33666537
2003-06-03,23.110946655273438,23.578479635135,22.878860999441287,23.275760870012537,37123493
2003-06-04,24.025836944580078,24.17383469108633,23.013408879699558,23.208494469360506,42230577
2003-06-05,24.05274772644043,24.755728215495385,23.887933468289507,24.352102182418864,61474731
2003-06-06,24.584186553955078,24.742274745491823,23.824025094531617,24.55391521508533,47256083
2003-06-09,24.44628143310547,24.755726312134158,24.298283691138025,24.56064072845611,24808630
2003-06-10,23.840839385986328,24.601003494663413,23.71302526497732,24.06956068032715,47379504
2003-06-11,23.924928665161133,24.160378749337454,23.59530289898907,23.813933760111567,30959114
2003-06-12,23.652482986450195,24.072928237444586,23.521307179587655,24.042656897399386,32300590
2003-06-13,23.309404373168945,23.803847182472207,23.22531640362524,23.780301898248645,41618200
2003-06-16,23.477577209472656,23.61211738341638,22.97640574622925,23.20176536522379,31533336
2003-06-17,23.93501853942871,24.03928737279618,23.497756877314092,23.679387598578487,32017321
2003-06-18,23.709657669067383,24.194009859697935,23.595298397266195,23.955198152310885,26572004
2003-06-19,23.961931228637695,24.315105031093545,23.228676671805786,23.746664734087894,110462997
2003-06-20,24.13683319091797,24.47991650741865,24.03929040167893,24.305011820535306,46611847
2003-06-23,23.750022888183594,24.432822311247524,23.64575133739878,24.227646317504906,32031724
2003-06-24,24.096467971801758,24.217556023900897,23.275761271928197,23.77692998099025,40275305
2003-06-25,24.822999954223633,24.97099770923888,24.0292027148412,24.21756225768014,83267328
2003-06-26,25.075260162353516,25.273710101455237,24.6951795046449,24.89026505568839,77520004
2003-06-27,25.162721633911133,25.46207612553768,24.621190949640134,25.024817030781776,33847434
2003-06-30,25.862333297729492,26.101145034244645,25.24007648349535,25.293893097929896,53595636
2003-07-01,25.73115348815918,25.96996521259113,25.56970365302445,25.879148490416913,29116187
2003-07-02,26.22223472595215,26.34668446465355,25.84551568170688,25.8656992931959,40943335
2003-07-03,26.787311553955078,26.908399628341996,26.235690521567413,26.336594983725824,53508908
2003-07-04,26.66357421875,27.041634460059214,26.481416859546464,26.825107735362195,35557031
2003-07-07,26.68763542175293,26.91791049289397,26.60858614378028,26.807929613745834,25130488
2003-07-08,26.457368850708008,26.8766713905176,26.3508257194699,26.86292586199154,18969278
2003-07-09,26.278644561767578,26.65670489119323,26.062120565723284,26.532975702402325,23898115
2003-07-10,26.560474395751953,26.73919404034088,26.05180929547273,26.127423590583376,20667789
2003-07-11,26.783872604370117,27.18599178447028,26.670453946528568,26.670453946528568,26045211
2003-07-14,27.670595169067383,27.818383201000827,26.88354288768005,27.08288359162759,44371240
2003-07-15,28.151769638061523,28.282371621110354,27.18943250825237,27.904311201353984,70174284
2003-07-16,28.763530731201172,28.84945276768786,27.852749362907783,28.217061354401245,53312738
2003-07-17,28.801340103149414,29.626199498844002,28.536695652516972,28.622620474778266,92186802
2003-07-18,28.471399307250977,28.983502215690887,28.241126971373262,28.588255750551394,53369207
2003-07-21,27.931804656982422,28.83571345765553,27.708405090673097,28.670742111562504,43803218
2003-07-22,27.1035099029541,28.01085655974497,26.979780687068057,27.632796147528854,62389591
2003-07-23,27.309722900390625,27.763394784592897,26.84917547333802,27.323468427851306,55507221
2003-07-24,27.8561954498291,28.09334056365884,27.35784081954161,27.59498871249164,65012321
2003-07-25,29.224090576171875,29.416558577046843,27.973052739165578,28.113965272792957,77619938
2003-07-28,29.22064781188965,29.85991493105495,29.090045838199597,29.4199885440861,61651367
2003-07-29,29.509347915649414,29.681194809244356,28.75322714207195,28.938819563858374,60751694
2003-07-30,30.007699966430664,30.176106294980578,29.426861128315554,29.55746308887259,63005306
2003-07-31,29.059118270874023,30.107377536042037,28.894144115873228,30.073008152010253,62769477
2003-08-01,28.76697540283203,29.12441471763498,28.56763467405656,29.06942426759761,55016866
2003-08-04,29.41311264038086,29.53684183666171,28.327046485968886,28.691361311342458,65043438
2003-08-05,28.54700469970703,29.550583573802253,28.423275530930432,29.540273041330806,61703523
2003-08-06,27.928361892700195,28.797901160099393,27.739331738009916,28.230810696028556,73159030
2003-08-07,28.698238372802734,28.863209732844176,27.818388340128077,28.13114775940511,73250093
2003-08-08,29.017864227294922,29.169090025354915,28.73947424947142,28.890700047531414,49771237
2003-08-11,29.681196212768555,29.84960534271906,28.6363748318416,28.866647178939505,73671462
2003-08-12,29.512784957885742,30.29296455519735,29.289385391293425,29.911466406228925,78944625
2003-08-13,29.72931480407715,29.963024930044302,28.973191192658387,28.976628964533305,65824989
2003-08-14,29.619335174560547,30.24141628004938,29.474982099023443,29.88741191437389,54374803
2003-08-15,29.619335174560547,29.619335174560547,29.619335174560547,29.619335174560547,0
2003-08-18,29.571210861206055,29.901153527958314,29.303131402299897,29.705250590659134,35677516
2003-08-19,29.285938262939453,30.01112717978652,29.179395170968185,29.725864491642152,28674893
2003-08-20,30.06269073486328,30.1657960842424,29.289383939800306,29.347812157195094,44863131
2003-08-21,30.021451950073242,30.54730045582956,29.914908807572264,30.07300741441671,59495018
2003-08-22,29.85647201538086,30.547291694843597,29.56433373162166,30.158920833227587,49602857
2003-08-25,29.062549591064453,30.65040548365503,28.711985809012127,30.509492972317165,66377208
2003-08-26,30.035194396972656,30.176106895159474,29.01443197494436,29.01443197494436,52001914
2003-08-27,31.293102264404297,31.440890293937,30.131427433972565,30.492301690448556,78473613
2003-08-28,30.557607650756836,31.619615083161214,30.454499512467436,31.619615083161214,66538180
2003-08-29,30.29296112060547,30.915042065009928,29.976763991703432,30.75350850854545,47905629
2003-09-01,30.114246368408203,30.68477473388258,29.935526706431173,30.571356059301742,33306142
2003-09-02,30.372011184692383,30.763819834772985,30.121115026144,30.20016431040446,43531004
2003-09-03,29.78085708618164,30.911602946982455,29.626196313507613,30.502608285033553,45164386
2003-09-04,29.5196590423584,30.155488392709245,29.303135009125953,30.155488392709245,38824526
2003-09-05,29.890844345092773,29.969893633662043,29.488725138548208,29.818670599341683,26782895
2003-09-08,30.437305450439453,30.756937509090445,29.91833272904963,30.158915520873954,28904173
2003-09-09,30.124555587768555,31.117824221182477,29.904593791601066,30.726015534809086,52654427
2003-09-10,30.76382064819336,30.911608686076622,29.77398985183454,30.107370295560116,38707380
2003-09-11,31.045644760131836,31.478695547588686,30.774130312117364,30.83943129048945,56397492
2003-09-12,30.372011184692383,31.330910351243393,30.18298101253558,31.138442407864886,37263395
2003-09-15,29.213777542114258,30.44075642677093,28.976629638754286,30.2448506703882,35431321
2003-09-16,30.07987403869629,30.169233860920585,28.388912959141074,28.73260394174531,49719219
2003-09-17,29.313444137573242,30.47168410853155,29.083169028690214,30.244846771160226,45562257
2003-09-18,27.80462646484375,29.447472057379883,27.674024549261045,29.158771623397627,69840364
2003-09-19,28.07271957397461,28.423286146289023,27.295977682396796,28.045225736822278,74293536
2003-09-22,27.488441467285156,28.51951439611716,27.39564387541592,28.51951439611716,47183504
2003-09-23,28.56076431274414,28.76354005106106,27.196307924467135,27.2891027534568,64054631
2003-09-24,29.124418258666992,29.351252850480293,28.467967770887665,28.632939141057467,51773143
2003-09-25,28.663869857788086,29.406242389956148,28.52639233070792,28.870086148408337,64702354
2003-09-26,29.708683013916016,29.96645191589216,28.68448294792415,28.794466606451255,46816718
2003-09-29,30.416698455810547,30.574797062595877,29.901160487291598,29.969899253643526,41081360
2003-09-30,30.997535705566406,31.138448223416056,30.34108524768872,30.57823036564053,47671623
2003-10-01,30.657272338867188,31.207179528767114,30.499173778597985,31.06970203651221,35517699
2003-10-02,30.657272338867188,30.657272338867184,30.657272338867184,30.657272338867184,0
2003-10-03,31.30341339111328,31.372152140062973,30.69508074323612,30.726012346527543,30464668
2003-10-06,31.956439971923828,32.056110359237195,31.447774718177648,31.482144104746475,44549021
2003-10-07,31.396209716796875,32.23137964677876,31.286228834550663,31.543997743180086,40101371
2003-10-08,32.485713958740234,32.71255128748851,31.4821348362781,31.4821348362781,67599873
2003-10-09,33.0424919128418,33.14560003578455,32.6060061393784,32.6060061393784,40655922
2003-10-10,33.00812530517578,33.42743059530671,32.69193092574985,33.11467120821627,33004368
2003-10-13,33.8364143371582,33.99794786945833,28.89413133698862,28.89413133698862,42539346
2003-10-14,32.67475128173828,34.087325458985454,32.447916682528216,34.03233222134846,53074036
2003-10-15,33.42743682861328,33.743631267000865,32.38605034156676,32.75036247282397,51651259
2003-10-16,34.29697799682617,34.47225991599491,33.681769614486484,33.867362071305116,60459660
2003-10-17,34.131996154785156,34.606289078684156,33.78830240805277,34.50661872586771,42177690
2003-10-20,33.633644104003906,34.97404147823092,33.28308034712608,34.23166626521903,47831672
2003-10-21,33.48585510253906,34.8434385161241,33.018434920651735,33.61302207253014,77811519
2003-10-22,33.671443939208984,34.21103776403745,33.21433437849727,33.75049321173381,50486441
2003-10-23,33.45492172241211,34.18354856921736,33.24527048387167,34.0185772395029,53271859
2003-10-24,33.81235885620117,33.991078480210675,32.06640753026804,33.54427942018691,86842098
2003-10-27,33.14560317993164,34.23166661810116,33.01156344112717,34.23166661810116,40235793
2003-10-28,32.80878829956055,33.52366697956369,32.55445710281797,33.20059702064845,47536490
2003-10-29,33.382755279541016,33.53054056479694,32.71942926537221,32.99438432079241,38171726
2003-10-30,33.27619552612305,34.0254432940253,32.61974532875342,33.66800409389282,73807293
2003-10-31,33.27964782714844,33.39993927684088,32.31387567848794,32.76410986661459,60535249
2003-11-03,32.71255111694336,33.70925747056713,32.55101477055691,33.4755473793952,54345635
2003-11-04,33.35869598388672,33.96015599081719,32.99438387531819,32.99438387531819,47471585
2003-11-05,32.929080963134766,33.57522090489119,32.6850602937702,33.33807577947068,32878955
2003-11-06,32.84315872192383,33.255588528915354,32.67474958299758,33.12498654411882,24377755
2003-11-07,32.877525329589844,33.396501011267105,32.58194922364381,32.99438177495088,34247839
2003-11-10,32.80878829956055,33.07686780456173,32.34136805173085,32.71942846456015,13218701
2003-11-11,32.81909942626953,33.33807514462335,32.62319645176217,32.925645343289624,25508901
2003-11-12,32.89814376831055,34.78844836069567,32.71942412202948,34.78844836069567,27479138
2003-11-13,32.16608428955078,33.152477410118045,31.863635420990178,33.069993123587075,25702039
2003-11-14,31.51651382446289,32.22451986031984,31.35154243466114,32.100790623188324,34028257
2003-11-17,32.51665496826172,32.64382197581917,31.629932025097133,32.02517857902913,21012190
2003-11-18,32.00797653198242,32.643805694402154,31.863626292786122,32.51320375872916,24974710
2003-11-19,31.61617660522461,31.89456662700304,31.351534890735017,31.89456662700304,21405377
2003-11-20,30.966598510742188,31.963304919197014,30.794754399052792,31.757088650225633,21129686
2003-11-21,30.839441299438477,31.04909260833857,30.073009828945025,30.925363374748855,40009375
2003-11-24,30.701950073242188,31.234673928470635,30.526668228405196,31.06969983779166,22137571
2003-11-25,31.152193069458008,31.269046729514773,30.726015012290905,30.86349252211772,18839488
2003-11-26,31.152193069458008,31.152193069458008,31.152193069458008,31.152193069458008,0
2003-11-27,32.06984329223633,32.23137962356389,31.28279104097392,31.28279104097392,34899451
2003-11-28,32.32761001586914,32.50632963209195,31.794888938011,32.107648266400915,23127099
2003-12-01,32.33449172973633,32.939386656240764,31.963304122314042,32.85690237400472,16836353
2003-12-02,32.66443634033203,32.98750628272691,32.03891752731553,32.444474535923646,37674504
2003-12-03,32.58194351196289,33.19371668835118,32.32417738126317,32.856898497967435,27051781
2003-12-04,32.36198043823242,32.7778478923692,32.05265887060123,32.544137831184806,23046507
2003-12-05,31.626480102539062,32.71254611249472,31.482129855931234,32.5132054280896,19024518
2003-12-08,31.351531982421875,31.815514382638067,31.018151541534117,31.815514382638067,14582687
2003-12-09,31.7330322265625,31.86707196613657,31.365282385612108,31.61961355782751,17056210
2003-12-10,31.863637924194336,32.25544665335738,31.557751259957794,31.95643553295201,21741162
2003-12-11,32.45133972167969,32.64380764514949,31.832696596474705,32.025164519944504,22731421
2003-12-12,32.65412139892578,33.06311334490364,32.45821846438978,32.65068640684046,28888593
2003-12-15,33.300254821777344,33.5442753899924,32.55444481406332,32.726291654625676,33403936
2003-12-16,33.049373626708984,33.36556803867751,32.60601222811901,33.13873346078884,31015160
2003-12-17,32.777854919433594,33.358693815555235,32.66787401754739,33.358693815555235,18910573
2003-12-18,32.970314025878906,33.06310882364988,31.069699259709836,31.069699259709836,12270783
2003-12-19,33.692073822021484,33.853610180054474,33.00125403366795,33.13185600544261,29016857
2003-12-22,34.94310760498047,35.049650722065344,33.82267209437263,33.87422754641742,42918267
2003-12-23,34.819374084472656,35.324601332841304,34.654402772490904,35.07026743369334,40288998
2003-12-24,34.977474212646484,35.25586418265551,34.81593788506218,34.953415374145024,28659981
2003-12-25,34.977474212646484,34.977474212646484,34.977474212646484,34.977474212646484,0
2003-12-26,35.83670425415039,36.080724860692875,35.01527984009922,35.03590090838172,30191288
2003-12-29,36.92964553833008,37.98821508646895,36.29381625518407,37.98821508646895,33140454
2003-12-30,36.53783416748047,37.94353236128412,36.022296348226575,37.2630232180225,44842793
2003-12-31,36.95027160644531,37.30771093955571,36.56877342912629,36.661571034182344,41898671
2004-01-01,38.81306838989258,39.07427226939911,37.125542589807026,37.15303641859323,62972959
2004-01-02,38.912742614746094,39.24956083411332,38.66528699681583,38.98148136716225,25437964
2004-01-05,41.308265686035156,41.538537956183454,39.026152933566365,39.26673851557979,68132760
2004-01-06,41.322017669677734,42.57305511017364,40.69993672058887,41.38044588378348,84466581
2004-01-07,41.00926971435547,42.11595434838111,40.160351272604615,42.11595434838111,71533904
2004-01-08,42.6693000793457,43.23639071320402,41.380455203194614,41.380455203194614,44911270
2004-01-09,43.99594497680664,44.74862797553845,42.961431406319356,43.16764767774623,73303987
2004-01-12,44.10248947143555,44.72800829004289,43.34293090598377,44.33619958548838,56946924
2004-01-13,44.401485443115234,44.81735284961886,44.03717347805808,44.19870700609614,39462551
2004-01-14,46.223060607910156,46.666419155981785,44.89641161847156,44.89641161847156,45070684
2004-01-15,45.532249450683594,47.42254876718782,44.82424352345958,46.60456748854499,67331421
2004-01-16,43.662559509277344,45.71096269578149,43.03016797810156,45.71096269578149,55153768
2004-01-19,45.13699722290039,45.66971840232226,43.2020154545972,43.958136196888894,40350502
2004-01-20,43.143585205078125,45.83468758903813,42.34965735138361,45.71096117153551,55762339
2004-01-21,40.909584045410156,43.13326872783559,40.55558258171296,42.81707162679373,74065687
2004-01-22,40.23595428466797,42.576492825806746,39.771969122705976,41.242971112189856,73984248
2004-01-23,42.77239990234375,43.11609089839758,40.040055233111794,40.555590337632516,76578467
2004-01-26,42.77239990234375,42.77239990234375,42.77239990234375,42.77239990234375,0
2004-01-27,44.587093353271484,44.73487862063428,42.418398678085694,43.23638542233024,47062256
2004-01-28,43.421974182128906,45.63878357619965,42.98205063036185,44.8517312836115,86587435
2004-01-29,43.078285217285156,44.129982023241304,42.280922353040204,42.62117556724957,74231672
2004-01-30,41.10893249511719,43.43572572992009,40.693067752632444,43.1676462533828,80412129
2004-02-02,41.10893249511719,41.10893249511719,41.10893249511719,41.10893249511719,0
2004-02-03,38.9952278137207,41.23609602836904,38.30097311731552,41.23609602836904,78228891
2004-02-04,40.531532287597656,40.82367061264491,37.81637086449986,39.24956309641672,94280747
2004-02-05,39.82352828979492,41.61759756163801,39.32173871478532,40.112228836609205,89941171
2004-02-06,40.93708038330078,41.139858836797686,39.679170308225736,40.21876414816213,56144271
2004-02-09,42.81019973754883,42.95454998681268,41.10549057622732,41.10549057622732,59334555
2004-02-10,42.00596237182617,43.16420216243561,41.572911614463784,43.16420216243561,67428314
2004-02-11,43.11953353881836,43.29138044580975,42.11251927912191,42.65555105862214,57621323
2004-02-12,42.45276641845703,43.36698571771376,42.02658837388924,43.16764500183011,46619245
2004-02-13,43.2466926574707,43.44259559458034,42.10219830134646,42.27748294831386,45343312
2004-02-16,43.315425872802734,43.96500340882986,43.05765974430657,43.442592830654704,46742401
2004-02-17,43.573204040527344,43.75879645880273,42.865198187254435,43.42885098516639,44648510
2004-02-18,43.26731491088867,44.061242773926466,43.050788119471115,43.717549013085915,41744917
2004-02-19,41.51449203491211,43.30512642678031,41.24985031357673,43.28106758318251,54868835
2004-02-20,41.41481399536133,41.99221501825726,40.555585224006315,41.311705875810006,72389285
2004-02-23,40.49716567993164,41.91661248097723,40.21190287847865,41.86162202793665,54771402
2004-02-24,41.638214111328125,44.68332060815347,39.80633788951384,44.68332060815347,62918875
2004-02-25,40.43185806274414,41.724137666037954,40.218769049972956,41.724137666037954,48985107
2004-02-26,39.60700988769531,41.37358569964869,39.335495361570935,40.69307632955467,56074235
2004-02-27,40.17753601074219,40.349382924191914,38.844013967205925,39.80634834516304,57912329
2004-03-01,41.26015853881836,41.41481934857673,39.9438199910029,40.318445373393644,42453762
2004-03-02,41.26015853881836,41.26015853881836,41.26015853881836,41.26015853881836,0
2004-03-03,41.19142150878906,41.77569817378755,40.89928317628981,41.3735789399258,52601424
2004-03-04,41.55229568481445,42.102200153055,41.053943891996475,41.242974074039154,85895187
2004-03-05,42.373714447021484,42.48026034097584,41.731012428612125,41.75507126850891,54176969
2004-03-08,43.14015197753906,43.36698932509211,42.480266564875976,42.480266564875976,39961289
2004-03-09,43.5560188293457,43.813787780435,42.56275017535312,43.30512542147914,71078451
2004-03-10,42.44932556152344,43.49758451896685,42.16062504370319,43.44259407648298,52717023
2004-03-11,41.377017974853516,42.25686521261625,40.97833372134197,42.05065171104567,44169124
2004-03-12,41.184547424316406,41.40794699152223,40.160347186702026,41.036759376983305,43089742
2004-03-15,39.78572082519531,41.75850973218404,39.25643741994273,41.44918811721201,49901960
2004-03-16,39.36984634399414,40.528086006915,39.05708703496999,39.24611717279958,62163131
2004-03-17,39.86820983886719,40.18440701222292,39.527956601556255,39.778850009798845,44911397
2004-03-18,38.575927734375,40.10879026319901,38.263168351726165,39.854459098863906,42139959
2004-03-19,39.00898361206055,39.79947382074087,38.1875617940629,39.79947382074087,45669770
2004-03-22,37.86104965209961,38.974609690768425,37.69951330150357,38.974609690768425,38162167
2004-03-23,38.039772033691406,38.52094056946379,37.400504907421215,37.737323160373904,34654274
2004-03-24,37.61357879638672,38.14286480624258,35.99822972077846,35.99822972077846,37315148
2004-03-25,38.74090576171875,39.30455863458166,37.840434606465834,37.943542754382854,44614287
2004-03-26,40.76524353027344,41.029888027632275,39.11208945507436,39.18082821337223,50361547
2004-03-29,41.81006622314453,41.9475409559154,40.424988906115544,40.968020631492635,52075786
2004-03-30,40.7239990234375,42.06783416654411,35.396781693091015,35.396781693091015,43026246
2004-03-31,41.64509201049805,41.86161601979387,40.624326835280954,40.88553353407452,37889973
2004-04-01,42.500885009765625,42.71053626515083,41.65540444531777,41.758509797723605,44966224
2004-04-02,42.71397018432617,42.91331088649269,41.69664282575241,42.548996077115476,44059334
2004-04-05,42.184688568115234,43.22263710655531,41.88911525433008,42.78958628173331,43719500
2004-04-06,43.15046691894531,43.57664504247516,42.047217234415605,42.61774565409324,70326003
2004-04-07,43.01299285888672,43.44260598222533,42.69679564360866,43.305131227899636,48155809
2004-04-08,42.834266662597656,43.81378699163003,42.301545470193396,42.95799586805776,77381639
2004-04-09,42.834266662597656,42.834266662597656,42.834266662597656,42.834266662597656,0
2004-04-12,42.5386848449707,43.373854785155146,40.263447325738454,40.263447325738454,30250916
2004-04-13,43.75879669189453,44.057807781477656,41.98534844640277,42.6211777753821,42399879
2004-04-14,43.75879669189453,43.75879669189453,43.75879669189453,43.75879669189453,0
2004-04-15,43.817222595214844,44.31557438482745,43.33949187563863,43.71754945817237,48490608
2004-04-16,43.94438171386719,44.473667826553466,43.64880844560002,43.992499391144015,38430629
2004-04-19,43.232948303222656,44.679888846272355,43.057666419353765,44.32932507853457,38133116
2004-04-20,43.34980392456055,43.55945797530623,42.83083101351656,43.305126787803864,28823963
2004-04-21,44.332759857177734,44.52866559036886,43.09890835379677,43.16764711003506,36794831
2004-04-22,45.10261917114258,45.27790101626127,43.92719614266261,44.43929615303958,40054059
2004-04-23,45.20229721069336,45.779701069095026,44.8173640842122,45.09231631741303,41972851
2004-04-27,43.30855941772461,44.666140120328436,37.187414055644396,44.666140120328436,44040288
2004-04-28,43.913455963134766,44.18497320805839,42.96142949930182,43.16764576157495,47459481
2004-04-29,43.89971160888672,44.37056961559482,43.16764964805986,43.855031692616905,40685693
2004-04-30,44.14716339111328,44.60427302115689,43.65568438610159,44.4461744521277,40787768
2004-05-03,42.55243682861328,43.70380399298714,41.61759645816906,43.64881354643865,51177088
2004-05-04,44.00968551635742,44.233085062187044,43.222633228268336,43.222633228268336,38557611
2004-05-05,44.16091537475586,44.26745850064619,43.63506695098212,44.129983768444475,26671249
2004-05-06,45.02701187133789,45.202293732822206,44.542405644792154,44.542405644792154,25962828
2004-05-07,44.294952392578125,45.002955418313476,43.44259632135354,45.002955418313476,31081189
2004-05-10,43.20201110839844,44.267453360056805,37.118673625642515,44.267453360056805,38540123
2004-05-11,42.41495895385742,42.810205390412705,41.665713778759454,41.93035547416782,45238756
2004-05-12,42.67616271972656,43.30511920357098,41.38731814933711,42.20530479962269,55166221
2004-05-13,41.38044738769531,42.98548638407804,40.03317731785815,41.24297266489226,78091258
2004-05-14,35.482704162597656,41.517927398165284,34.307280899144125,41.24297515682645,99804991
2004-05-17,30.777572631835938,34.00483740574732,28.632939253002768,34.00483740574732,37953258
2004-05-18,33.74362564086914,34.49287363191898,30.726015384889745,30.794754140636712,44624716
2004-05-19,36.11164855957031,36.45877721067101,33.81922824493864,34.355384240297546,76676303
2004-05-20,35.3658561706543,36.62376669768797,34.73002675261219,35.4002255537204,53996369
2004-05-21,35.46208190917969,35.72672360633716,32.8225321429993,34.644097976307506,46470006
2004-05-24,37.08087158203125,37.46236973874747,35.88138666199846,36.087602933404035,38307505
2004-05-25,37.08430099487305,37.51735173227155,35.7439038702209,36.91245414076912,39137704
2004-05-26,36.58251190185547,37.524224890747455,36.365985141311654,36.98119327264011,39454581
2004-05-27,36.496585845947266,36.89870497394155,35.475823615881446,36.18382930329337,47903213
2004-05-28,33.382755279541016,36.76811577687887,32.87752786641475,36.70968754969004,89297974
2004-05-31,31.973615646362305,33.27964368698158,31.36871792203167,33.08717572394545,66390107
2004-06-01,32.25887680053711,33.13185111024796,32.06984385578616,32.30699170038088,53077894
2004-06-02,32.49258804321289,33.131852302434766,31.757085643481354,31.825827172416826,54737688
2004-06-03,32.282936096191406,33.94296839559777,31.904875727040974,33.60615016733792,68670427
2004-06-04,33.45149230957031,33.66114358307749,31.760528255389854,32.02517276042703,55481063
2004-06-07,33.32088088989258,34.27978001223324,32.90157842672988,33.68175791969895,49431594
2004-06-08,33.15935134887695,33.613023240205266,32.65756177332048,33.54428448534218,38126523
2004-06-09,33.245269775390625,33.95671053026775,33.114667822873216,33.13185112015404,51130921
2004-06-10,32.98750305175781,33.21777814861866,32.58194608287207,32.58194608287207,35310645
2004-06-11,32.186710357666016,32.925647954228694,32.0079906702786,32.925647954228694,32226389
2004-06-14,30.22422218322754,32.03203957056428,30.090182459309574,32.03203957056428,51678476
2004-06-15,30.55417251586914,30.918484601183735,29.78086565098118,30.107373364483234,58557307
2004-06-16,30.43387222290039,31.138440188585612,30.121112879371033,30.9390994960908,56005546
2004-06-17,30.87380027770996,31.162500799057,29.547151320510565,30.244843783912618,66626180
2004-06-18,30.06612777709961,31.227805545017276,29.85647651357414,30.873804003398853,77406853
2004-06-21,28.602001190185547,29.825542054963183,28.502330835772984,29.825542054963183,85744783
2004-06-22,29.155345916748047,29.385621028482582,28.38891461943123,28.835713756683205,87858461
2004-06-23,28.09333038330078,29.330619302024985,27.92148632129756,29.131278633794448,93113957
2004-06-24,29.045366287231445,29.261893101329235,27.784018112273696,29.00755913584287,93933166
2004-06-25,29.581735610961914,29.97695728613382,28.890094112660226,29.35942145696475,70320131
2004-06-28,30.612144470214844,30.83445581384048,29.465291178808833,29.75112208732839,70605838
2004-06-29,30.241619110107422,30.770936406443514,29.78993714777336,30.206331100124952,79789355
2004-06-30,30.38982391357422,30.686240878645343,30.107522721459013,30.351009104696235,77749443
2004-07-01,31.257909774780273,31.360241296084578,30.629784898228984,30.68624514450086,66582111
2004-07-02,31.420230865478516,31.787223889045542,30.728592142649042,30.982661821471517,74876279
2004-07-05,30.414533615112305,31.473165497512838,30.227507422258956,31.26496991988904,52480239
2004-07-06,30.94031524658203,31.053235730246822,30.121640313311886,30.27690526500077,50857710
2004-07-07,30.809749603271484,31.370825171165297,30.59802157409618,30.770931941902507,57716149
2004-07-08,29.53939437866211,31.33554485039553,29.218278306449882,30.922677660321032,83324380
2004-07-09,30.308666229248047,30.488635940669152,27.524463001992984,28.724246811128403,46547387
2004-07-12,30.4851016998291,30.658012071038225,29.916969661142428,30.20632731194897,33063201
2004-07-13,30.294551849365234,30.841511711310133,29.78287714318369,30.629783656324477,28854328
2004-07-14,30.4039363861084,30.686237547579122,30.075761107561163,30.3545326128259,40269168
2004-07-15,30.407472610473633,30.89091577230604,30.21691678859464,30.59449592198327,38462425
2004-07-16,31.02853775024414,31.406116913450912,30.10046901973765,31.406116913450912,40864110
2004-07-19,31.053239822387695,31.54726914357407,30.855630376634092,31.060299136922513,31630705
2004-07-20,30.601558685302734,31.0461842308033,30.499224302292316,30.87327382087509,27459255
2004-07-21,31.13087272644043,31.790753086553675,30.488634944481657,30.73564815904997,23972973
2004-07-22,32.67647933959961,32.90232033326047,31.44140462868908,31.688420712231643,62367323
2004-07-23,32.77880096435547,33.015230858247016,32.33770522850157,32.747042619226846,36690487
2004-07-26,33.14579772949219,37.920233181785235,32.12951059400157,33.096396804710416,46583517
2004-07-27,31.236726760864258,33.438684367028166,31.01794229204154,33.11050909049424,83415825
2004-07-28,30.566267013549805,31.22262056124871,30.39335662431621,31.194389012499954,59293199
2004-07-29,31.466106414794922,31.582556568440992,30.70036197989337,30.70036197989337,49067331
2004-07-30,31.20143699645996,32.062459051769366,31.081460080374306,31.744869908330703,44531374
2004-08-02,31.215559005737305,31.399055499224367,30.79916223870105,31.272019245779422,28054886
2004-08-03,31.053239822387695,31.68136187892141,30.926203548173984,31.335543922152016,40648916
2004-08-04,30.88738250732422,31.120279918614212,30.672127672013517,30.98265755373351,29789972
2004-08-05,31.593143463134766,31.741351975035734,30.982663982489655,30.982663982489655,32239976
2004-08-06,31.13087272644043,32.242435045398814,30.92973078575392,31.857799448982192,63140099
2004-08-09,32.30948257446289,32.53532354209509,30.700358546581423,31.03559319462353,74977718
2004-08-10,32.44709777832031,32.73998791930967,32.08363448438695,32.5988359066208,56004168
2004-08-11,31.564908981323242,32.535322018745,31.476687539084406,32.4647460063142,39877317
2004-08-12,31.21909523010254,31.88956179167646,31.00031068388756,31.617846650974514,42105980
2004-08-13,31.473163604736328,31.66018978634204,31.025011265781238,31.33554406489586,52018066
2004-08-16,31.152048110961914,31.48375315304853,30.813283754179068,31.476693838352297,30800697
2004-08-17,31.20143699645996,31.60018825375075,30.982652539997726,31.3355325364853,32227650
2004-08-18,30.53451919555664,31.356724102259204,30.432184789489014,31.053247688815958,36466020
2004-08-19,30.55215072631836,30.912087273117933,30.291021745079895,30.873269607590228,36340087
2004-08-20,30.206336975097656,30.629790323845768,30.001668189432916,30.629790323845768,31764894
2004-08-23,29.525278091430664,30.23103257452137,29.295907456416046,30.199274221996486,32920576
2004-08-24,29.659366607666016,29.98754191066648,29.500572014169,29.782873196674746,29703148
2004-08-25,30.44982147216797,30.559212319956295,29.677020515892025,29.959321779056534,29588026
2004-08-26,30.767406463623047,30.86268437503077,30.499221014328647,30.499221014328647,29813586
2004-08-27,30.643901824951172,31.035596759898045,30.393358937689943,30.84151412103085,29386165
2004-08-30,31.427284240722656,31.547261170077654,30.912082812950146,30.912082812950146,21810572
2004-08-31,31.25438117980957,31.476692515372,30.85562978527597,31.476692515372,22088065
2004-09-01,31.808393478393555,31.900141726652883,31.275549419180194,31.582552514493916,38295264
2004-09-02,31.94249725341797,32.168338275335856,31.51904391062118,31.829573889057524,33848780
2004-09-03,32.6270751953125,32.71176414030836,31.90014558149172,31.93543359304037,52328753
2004-09-06,32.45417022705078,32.852921685553845,32.394180312036625,32.61649453666481,21793021
2004-09-07,32.93760681152344,33.01170963575496,32.25655135163785,32.46474975633763,35748431
2004-09-08,32.8529167175293,33.08581702683468,32.72235078734876,32.88820472964833,27990987
2004-09-09,32.6658821105957,32.94465647838984,32.36593551167298,32.88819624424678,25731577
2004-09-10,32.94112777709961,33.085809449673654,32.48591623443606,32.747045181593414,28491792
2004-09-13,32.23185348510742,32.81763110503401,32.05541626501233,32.81763110503401,27337498
2004-09-14,32.18244171142578,32.3588788721145,31.836620995851337,32.30241863828606,19028238
2004-09-15,32.1718635559082,32.708237336688605,32.0483540887868,32.348300760251156,30755748
2004-09-16,32.83879470825195,32.93760226478919,31.94601416325833,32.111868074074046,22708030
2004-09-17,33.91508865356445,34.04212496575075,32.976433518756046,33.02936697998486,43399295
2004-09-20,33.69982147216797,34.14091731960898,33.59395744155777,33.91154953338838,28147041
2004-09-21,33.883323669433594,34.01035995680213,33.70335678457879,33.73511514307055,19683592
2004-09-22,34.786685943603516,34.9348944501078,33.88331912933905,34.21502415374398,35574995
2004-09-23,34.087989807128906,35.104277173854754,33.97153964828924,34.58201914115708,37353218
2004-09-24,33.78451156616211,34.32794175980898,33.67511788401964,34.087985014549155,30026437
2004-09-27,33.43516159057617,33.84097226626453,33.269310516791116,33.53043949995537,18578508
2004-09-28,32.9340705871582,33.64335460179953,32.82467977444854,33.17049764090516,20796721
2004-09-29,33.3892822265625,33.445742461270804,32.64823986264081,32.90583914848483,29555944
2004-09-30,33.036415100097656,33.802159584752125,32.82116021142726,33.523387982730334,25108910
2004-10-01,33.795101165771484,33.96095225440551,32.65530436828614,32.99406871340859,20264131
2004-10-04,34.06681442260742,34.29971186536991,33.876261450637934,34.00682452005001,20352057
2004-10-05,34.56790542602539,34.69141205354546,33.544561536971756,34.158567870403935,36156180
2004-10-06,33.90449523925781,35.196027473045305,33.752757058256705,34.582021140717224,36987185
2004-10-07,34.35264587402344,34.850204827654046,33.883318470321264,33.950364834649996,34573014
2004-10-08,34.522029876708984,34.723171842109885,34.087990442687705,34.158566470779206,34845197
2004-10-11,33.87978744506836,34.65964759948516,33.75275118232256,34.57848546346977,18682883
2004-10-12,33.18109130859375,34.28560006971638,32.969366094276324,34.08798777719265,26353206
2004-10-14,32.923492431640625,33.41752174325236,32.77175426629822,33.18462143614081,18307110
2004-10-15,32.85997772216797,33.502215636775496,32.72588496961523,33.04347426919869,25057369
2004-10-18,32.49651336669922,33.3046052236831,32.337718721398815,33.02230109568107,20975731
2004-10-19,32.789398193359375,33.17050413771464,32.29183924739417,32.53532566152187,18769357
2004-10-20,32.44003677368164,33.55865804264307,32.26712643838539,33.17049291553721,15335400
2004-10-21,32.634132385253906,32.74705288337159,32.21420874786607,32.6059008340239,19454090
2004-10-22,32.634132385253906,32.634132385253906,32.634132385253906,32.634132385253906,0
2004-10-25,31.00029754638672,32.67646752008566,30.777983436952507,32.64117666751503,23056597
2004-10-26,31.88956069946289,32.006010856747125,30.912091016540163,31.053240214804827,47578736
2004-10-27,31.667255401611328,32.104821709177905,31.459056941682704,32.04130498584465,19394494
2004-10-28,31.36023712158203,32.11186850846244,31.20497217835265,31.910726589505455,18371115
2004-10-29,31.575490951538086,31.758987418402196,31.22967024807875,31.47668340574953,17116336
2004-11-01,33.07522964477539,33.27636873810756,31.586085291814506,31.653131656258562,34839410
2004-11-02,33.14579772949219,33.36458222135624,32.89525488882544,33.13521161322462,20485599
2004-11-03,34.42675018310547,34.539673534285754,33.149333841902866,33.18815151137745,41592425
2004-11-04,33.95742416381836,34.652592553650635,33.766868335219925,34.3702913212469,19973994
2004-11-05,35.17837905883789,35.28424308756837,34.095042586291164,34.095042586291164,37708992
2004-11-08,35.005462646484375,35.59476688358667,34.874896748169256,35.32305182464491,27853799
2004-11-09,34.5820198059082,35.17485387677723,34.45851318337737,35.14662232416379,20114086
2004-11-10,34.814910888671875,35.06898052775969,34.65258663772649,34.7408052227792,18412439
2004-11-11,34.64905548095703,35.18895879076726,34.440857118254996,34.94194276855452,14801972
2004-11-12,34.7266960144043,38.67539795024288,34.48673924911888,36.699283580445396,4033074
2004-11-15,34.7266960144043,34.7266960144043,34.7266960144043,34.7266960144043,0
2004-11-16,35.62653732299805,35.76063005905721,34.46203861209095,34.59966100543626,36273242
2004-11-17,36.24759292602539,36.374629175882085,35.6406432226659,35.711219234075244,30062494
2004-11-18,36.812198638916016,36.98157935644372,36.06409975648517,36.282881399916356,30259352
2004-11-19,36.004112243652344,37.08744582960491,35.89119175782675,36.94629379562249,35694696
2004-11-22,36.25112533569336,36.51578397187749,35.587715343504115,35.587715343504115,24812986
2004-11-23,36.424041748046875,36.87572661807214,36.21584332014619,36.600478965765106,23853283
2004-11-24,36.55813217163086,36.854549189592625,36.20525490517167,36.3464069531158,21964665
2004-11-25,36.1805534362793,36.791032912064765,35.93001054561735,36.55813260090242,22905037
2004-11-26,36.1805534362793,36.1805534362793,36.1805534362793,36.1805534362793,0
2004-11-29,37.073333740234375,37.323876628073954,36.61459243759821,36.61459243759821,21653151
2004-11-30,37.38386535644531,37.892010430562124,37.08039188685965,37.32034864888124,28562124
2004-12-01,38.181365966796875,38.39309402017735,36.766327367620704,37.41915125210915,48428331
2004-12-02,41.043212890625,41.3890337375609,38.67540326650908,38.67540326650908,86993584
2004-12-03,40.782073974609375,41.63956656895231,40.51035888357826,41.63956656895231,35467282
2004-12-06,40.6197509765625,41.76660412823439,40.49977402944961,41.272574858791046,38368829
2004-12-07,40.29862976074219,40.90557948176055,39.94928220352268,40.72208298811777,31896847
2004-12-08,41.84071350097656,47.14446430904337,40.933817016770874,40.933817016770874,60046357
2004-12-09,42.744075775146484,43.17811513646653,35.570072514447645,41.286689884712025,53101625
2004-12-10,41.999515533447266,43.22047182937291,41.74897260220537,42.90993898199378,51404206
2004-12-13,42.084190368652344,42.62056406921831,41.78071693879819,42.12653768821856,37837330
2004-12-14,42.59587097167969,45.52122626962089,35.78180080901258,45.52122626962089,34413633
2004-12-15,42.65939712524414,43.03697636053338,42.5747053089524,42.69821480216987,23108032
2004-12-16,41.47371292114258,42.684082663538376,40.937339232619095,42.684082663538376,29646615
2004-12-17,41.163185119628906,41.99244621430158,40.951457061371435,41.99244621430158,26734491
2004-12-20,41.798370361328125,41.88658897319805,40.98675171328107,41.286698417720544,21732100
2004-12-21,42.6064567565918,42.69820501429198,41.51253412501229,42.19711925405284,23236370
2004-12-22,41.988922119140625,42.980507551757825,41.727790259765655,42.66291829728699,24399874
2004-12-23,43.008724212646484,43.22750581645226,41.92186123861065,42.063010384285334,32714370
2004-12-24,42.97697830200195,43.54158364572622,42.78642531819306,43.41102056820202,23556342
2004-12-27,43.315738677978516,43.643914023726,42.34532556164925,42.4158987264179,23321583
2004-12-28,44.08854293823242,44.25086722194909,43.26280859763979,43.26280859763979,29240244
2004-12-29,43.940330505371094,44.459061664812886,43.703903415318464,44.32143928700594,20836020
2004-12-30,44.67784881591797,45.00955383432014,43.68979022150259,44.039140671984164,42940514
2004-12-31,46.0152587890625,46.19169885735162,44.81547488490034,44.81547488490034,36535069
2005-01-03,46.27991485595703,46.784530284076894,45.881160609441864,46.191696253486064,22590407
2005-01-04,45.86703872680664,46.502217105949455,45.602380117696946,46.49869030285239,26206416
2005-01-05,43.576873779296875,46.283444767550264,41.71015010630691,45.870580424766956,52142335
2005-01-06,42.6488037109375,44.38496139407981,42.07361223827325,43.42160463215043,47719200
2005-01-07,43.449832916259766,43.75330638089485,42.71584686713174,43.00873706741318,30985674
2005-01-10,42.341793060302734,44.81546606658559,42.1724123401149,44.81546606658559,33139055
2005-01-11,41.51606369018555,42.8958143563436,41.30786528226526,42.345327664762635,36396853
2005-01-12,40.45390319824219,42.1124283321266,39.663456873433326,39.663456873433326,34234506
2005-01-13,41.85482406616211,42.12654202778317,40.93381471178202,41.427843997073694,25641903
2005-01-14,40.82089614868164,42.415901716800036,40.460959572001165,41.99244843132948,37262515
2005-01-17,41.56898880004883,42.05596157337063,40.457426592102685,41.498415641078175,31085227
2005-01-18,41.251407623291016,42.30298299336743,41.046738859635994,41.92187701785867,27446696
2005-01-19,41.01851272583008,41.60428750161817,40.87030134970856,41.427850278733075,20321935
2005-01-20,40.676212310791016,40.93381449641389,40.0233884110548,40.8420662418196,22292756
2005-01-24,40.31275939941406,40.722096994205835,39.84696154511314,40.722096994205835,18306315
2005-01-25,41.071434020996094,41.49488725478726,39.87517713750066,39.87517713750066,22039862
2005-01-27,41.000858306884766,41.494887558827756,40.87382205047652,41.35726518550223,20690862
2005-01-28,43.91209030151367,44.250851671913345,41.03966369804092,41.209047236640885,73276547
2005-01-31,45.38007736206055,45.620034142710225,44.180293458812166,44.180293458812166,35650267
2005-02-01,44.74842071533203,45.591797531930695,44.54727878720129,45.16834429524589,26149682
2005-02-02,45.785888671875,46.25874577779618,44.88604859299362,44.88604859299362,48099255
2005-02-03,46.30461883544922,46.703370246526674,45.16835165669484,45.669437450201,43291539
2005-02-04,45.7435417175293,47.21504069656796,45.52828398729913,47.21504069656796,43778661
2005-02-07,45.36949157714844,46.36813637810978,45.171882123442614,46.08583512038625,26428287
2005-02-08,44.8295783996582,45.72235896569855,44.575508749403,45.52121989812137,30665946
2005-02-09,46.02936935424805,46.1493463043811,45.027195015943725,45.16834705459528,28964595
2005-02-10,45.76823043823242,46.569262712312515,39.50112426242711,46.08582247611215,28803507
2005-02-11,46.15993118286133,46.350487000606,45.80352429221391,46.07876904815543,20552338
2005-02-14,46.971553802490234,47.61732127996968,46.438709674860554,46.438709674860554,29762776
2005-02-15,46.66101837158203,47.1444615380494,46.198750293727194,47.1444615380494,25913216
2005-02-16,46.80216979980469,47.836102481877155,46.24815062093152,46.66101776236927,43552106
2005-02-17,46.558685302734375,46.80922818208772,45.98349671871241,46.728066042570305,42056929
2005-02-18,46.45634841918945,47.26444011363288,46.16698788755026,47.12328807802335,28481723
2005-02-21,46.632789611816406,46.960964963947376,45.95173701537453,46.69983597436137,39157153
2005-02-22,48.01606750488281,48.41482458721977,46.57985662155065,46.63279006342053,47075335
2005-02-23,47.779640197753906,48.62654382600723,47.58202792446106,48.20309343858097,35351587
2005-02-24,48.7641716003418,48.961781030552444,47.850218712064404,47.991367897443304,53718728
2005-02-25,48.35129928588867,49.08528528694973,48.061941615009474,49.05000013234563,35323204
2005-02-28,50.43681716918945,50.75793323688802,47.28914752298766,49.03942098448721,79761619
2005-03-01,49.09235382080078,50.59561125985911,48.884158243890866,50.17921439923656,54356594
2005-03-02,49.85456848144531,50.07335016410214,49.22644357122005,49.332304755279424,29291817
2005-03-03,50.6097297668457,50.80381242015222,49.82633983866946,49.949846462882455,33996408
2005-03-04,50.352108001708984,51.23783202244769,50.20037558159751,50.74380568935721,29723911
2005-03-07,51.28019332885742,51.86597379789228,50.47916367591811,50.563852627854644,38377350
2005-03-08,51.100215911865234,51.49190791870608,50.75792197617093,51.16725941230766,22336560
2005-03-09,50.874393463134766,51.65425095729286,50.26391389005188,51.30843009269327,27321145
2005-03-10,52.374114990234375,52.543492881388495,50.52150435812032,50.80733525624517,47119255
2005-03-11,52.00711441040039,52.99869969378049,51.87654850036353,52.30705818703516,39007871
2005-03-14,51.80950164794922,52.458798717592046,51.61541902910621,52.01417038393634,24652884
2005-03-15,51.643653869628906,52.056518171372744,51.16726715416888,51.802451343716264,26233750
2005-03-16,51.37900924682617,52.084763943344626,51.170813637268516,51.664840212790345,21586422
2005-03-17,51.251956939697266,51.68952023922658,50.673235904640165,51.5130830567195,23732586
2005-03-18,51.364871978759766,51.54130914257178,50.27094672544289,51.3084088905314,31969754
2005-03-21,51.004940032958984,51.61895195263807,50.75086751266462,51.58366109067404,17169890
2005-03-22,48.92649459838867,50.673238192434816,48.57361451064117,50.673238192434816,34645583
2005-03-23,46.417537689208984,48.95825743323205,45.95526672931156,48.675953337184275,46317397
2005-03-24,46.890377044677734,47.454982204331614,45.994069813474994,46.72099635280164,67231636
2005-03-28,46.97507095336914,47.92078199939759,46.516329775303,47.92078199939759,28401269
2005-03-29,45.288326263427734,46.93273846484832,44.95662123877397,46.93273846484832,40407469
2005-03-30,46.653961181640625,46.88333181518167,45.002492620145084,45.48240612210775,44764882
2005-03-31,46.21286392211914,47.24326982985757,45.89174787862866,47.00331307145301,36799388
2005-04-01,47.292667388916016,47.48322320194829,46.06112533141855,46.22697640021985,29521064
2005-04-04,47.073883056640625,47.709064346774724,46.83392631445681,47.2926675647201,19813807
2005-04-05,45.54945373535156,47.246793510467455,45.3024376791624,47.14445914320934,29208120
2005-04-06,45.98348617553711,46.18462522296206,45.612963573711724,45.803516505661705,22893028
2005-04-07,46.23050308227539,48.414818357580614,46.08935105998603,46.18462896037141,17230695
2005-04-08,46.09641647338867,46.54104197835969,45.732950253233696,46.368131584193016,26177831
2005-04-11,45.341251373291016,46.50927663251441,45.175397464748436,46.09640954281547,16933669
2005-04-12,45.6341438293457,45.7647097476974,44.89310134878432,45.34125649403362,23366320
2005-04-13,45.57062530517578,46.22697596742854,45.33419536950124,46.22697596742854,14849656
2005-04-15,43.88034439086914,45.34126008646965,43.68979141031304,45.34126008646965,20923024
2005-04-18,43.763893127441406,44.20851861073865,42.86405319022951,43.05107935005648,27207496
2005-04-19,43.50629425048828,44.66726325610149,43.340440312514495,44.09207181230463,25992197
2005-04-20,43.80270767211914,44.13441266748175,42.8569964683409,43.61568436683439,32639310
2005-04-21,44.356727600097656,44.44141653877492,43.128712308669286,43.61568511966713,21878838
2005-04-22,43.78506088256836,44.801348005193816,43.569806049985274,44.46258658211885,26528497
2005-04-25,44.04972457885742,44.37084346325426,43.40395715314483,44.102655165636776,19372831
2005-04-26,44.09560012817383,44.58257010246118,43.88740172445494,44.32144111025487,20614435
2005-04-27,43.753299713134766,44.38495129210694,43.4780578400581,44.1097065656297,15632712
2005-04-28,42.64174270629883,43.827410684864866,42.433544307981336,43.756834666445286,42287894
2005-04-29,41.27610397338867,42.69114254907509,41.074964894076956,42.51117570406978,29199492
2005-05-02,41.59370040893555,41.83718685249202,40.65504550254242,41.498425338031886,29021277
2005-05-03,42.285343170166016,42.50412772398447,41.219651954715495,41.74543967403032,36061068
2005-05-04,42.86052703857422,42.962864269038214,42.324153259934036,42.437076608480325,28089745
2005-05-05,43.488651275634766,43.74272095919031,43.0510822234763,43.0510822234763,25701255
2005-05-06,43.55215835571289,44.025015314220916,42.91345035080456,43.47452589030423,21151498
2005-05-09,43.87682342529297,44.032088414790536,43.55217481565068,43.75684359880725,13813515
2005-05-10,43.5627555847168,44.236751764646996,43.425133193628376,43.96856629692669,22834238
2005-05-11,43.41807556152344,43.672148100280296,42.952277809403256,43.43219133665461,16062962
2005-05-12,43.6756706237793,43.94738571477113,43.21692937748099,43.21692937748099,11044122
2005-05-13,43.71096420288086,43.85211625154885,43.227521004254015,43.61568913809101,11990726
2005-05-16,44.702545166015625,45.732945250817146,43.83093682983352,45.732945250817146,20309482
2005-05-17,44.27910232543945,45.16835344662491,43.979155627558214,44.81547615345932,23148253
2005-05-18,45.256568908691406,45.65179350399554,43.89799042581093,44.039142474619716,40876701
2005-05-19,45.069541931152344,46.008196761624085,44.8507602541351,45.521226767300156,20207311
2005-05-20,45.80352783203125,45.94467987780244,44.54728375555118,45.50711081863263,56265603
2005-05-23,45.905860900878906,46.36107537949706,45.73295050575747,46.0223110499812,17981076
2005-05-24,46.7703971862793,46.879787984555904,45.80351116078905,46.22696429057601,27189775
2005-05-25,47.81140899658203,47.97020363991699,46.10347988623485,46.721015878493674,46617624
2005-05-26,48.24897384643555,48.471288052662345,47.151527151999666,47.65261296362673,39829877
2005-05-27,47.1656379699707,48.34425246669381,46.86922094383238,48.34425246669381,28404459
2005-05-30,46.7386589050293,47.497344067053625,46.57986141647405,47.28561883798211,21733828
2005-05-31,47.31737518310547,47.52910325657876,46.51634272659373,46.826875522313856,20477533
2005-06-01,46.593971252441406,47.63143358817097,46.44576275496589,47.25032480034781,21960447
2005-06-02,46.248146057128906,47.28560829377997,46.12463946326111,46.92567177519884,21752598
2005-06-03,46.75276565551758,47.03859938514056,46.2622660386329,46.2622660386329,17817868
2005-06-06,48.1572151184082,48.47481003363012,47.144457596129435,47.144457596129435,31580118
2005-06-07,48.41129684448242,48.56303501757155,47.85375079523093,47.99137319220452,19365793
2005-06-08,48.6900634765625,49.032357458797975,48.34424839751077,48.697122790600936,23477478
2005-06-09,48.65477752685547,49.05000209093174,48.39011888295104,48.9088500532758,13815974
2005-06-10,48.03725051879883,49.09941203115717,47.89256595263888,48.83828015807128,19059313
2005-06-13,48.12193298339844,48.26661182325592,47.54321191716668,48.06194308261815,14116805
2005-06-14,48.42894744873047,48.753596067044086,47.74436504814893,48.34425848979759,18355884
2005-06-15,48.62654113769531,48.90178587168607,48.29483901834304,48.485389114089585,15869548
2005-06-16,47.98783874511719,48.82415911249282,47.82551447914541,48.69712000108803,19137733
2005-06-17,47.9842414855957,48.602558163165135,41.26903592725481,41.26903592725481,20822232
2005-06-20,47.240108489990234,48.41562853972975,47.020822337456714,48.30778189022757,22988532
2005-06-21,47.872806549072266,48.221508129580215,47.110697136903,47.110697136903,15352877
2005-06-22,47.542076110839844,48.5989651218656,47.31200558729344,48.24307496243222,19605237
2005-06-23,49.12022018432617,49.26760857031355,47.24370127577247,47.667896352435804,39389007
2005-06-24,48.789485931396484,49.537217962044565,48.53425383267228,49.10943008175612,26689330
2005-06-27,48.28980255126953,49.20649459122099,48.09927378622351,48.674452934418206,19193916
2005-06-28,47.59959411621094,48.70681215303815,47.48815170703931,48.31497020102356,26041629
2005-06-29,48.383270263671875,48.51987426105476,47.30840545718031,47.75057347552099,20237655
2005-06-30,49.026756286621094,49.32153888801006,48.530666324084414,48.60256409415398,23672630
2005-07-01,50.77745819091797,50.9679840827015,47.606785157543726,49.03394745327309,51589554
2005-07-04,51.16569900512695,51.65100747254682,50.9248441050139,51.05066374218223,22186102
2005-07-05,50.63725662231445,51.60427495835628,50.471892330070645,51.190864227746765,27847143
2005-07-06,51.82355880737305,52.05362933924361,50.83497176557972,50.946414177906675,21981771
2005-07-07,51.06503677368164,52.326837522549795,50.705553786649226,52.05362370853828,35182232
2005-07-08,51.60068130493164,52.053630861018995,51.0614509366112,51.40655674450612,20907232
2005-07-11,51.388572692871094,52.33402211423941,51.21602272314804,51.981724841150545,13795105
2005-07-12,51.615055084228516,52.26932067812521,50.83137700114904,51.6869528494452,24417997
2005-07-13,52.2261848449707,52.844498669111026,51.571919230237704,51.91702502606107,25632735
2005-07-14,51.226810455322266,52.6144250787734,51.047068953848594,52.26931930301964,18183477
2005-07-15,51.71212387084961,52.34122209326622,51.04707385647824,51.04707385647824,15558373
2005-07-18,51.51799774169922,52.121934342307554,51.359824977478745,52.05362942788015,12363256
2005-07-19,51.87388229370117,52.326837601915905,51.57191402611747,51.69414079991235,12744827
2005-07-20,52.114742279052734,52.82292976389995,51.92421639324804,52.32684272735655,16221358
2005-07-21,51.032691955566406,52.48501880754982,50.7594839107883,52.13272146964575,16720944
2005-07-22,51.84512710571289,51.97813826589156,51.090209269639615,51.40655479479203,16907988
2005-07-25,53.434051513671875,53.77915726736285,51.97813207335196,51.97813207335196,32782752
2005-07-26,54.04158020019531,54.282435046799925,52.844485858928195,53.203974609315516,44964253
2005-07-27,55.73117446899414,56.36027846055539,53.68210269668168,54.06675312402888,28781526
2005-07-28,55.73117446899414,55.73117446899414,55.73117446899414,55.73117446899414,0
2005-07-29,57.53579330444336,58.197244544963546,55.43279403758257,55.72038507222157,48952061
2005-08-01,56.79525375366211,57.873714448661495,56.44655510551776,57.445926512443734,20995667
2005-08-02,57.77305221557617,58.01390707796111,57.01453584418838,57.01453584418838,23169758
2005-08-03,58.27633285522461,59.0276577350044,57.80540748545503,58.021094944172006,29064138
2005-08-04,58.1253662109375,58.700548472432864,57.733529981025974,58.49923235543742,18538816
2005-08-05,57.931243896484375,58.57472523339113,57.683197433396096,58.16490731570447,13737619
2005-08-08,56.000797271728516,58.58190820712729,55.81745707356571,58.21523362448123,21980468
2005-08-09,55.86777877807617,56.69100732129715,55.145214083006145,56.07987922116547,27521458
2005-08-10,58.03908157348633,58.524390072732004,55.946872141151246,56.29557080636749,21487442
2005-08-11,58.76884460449219,59.2361772613993,57.82339491450625,58.380601248630846,30915586
2005-08-12,58.312278747558594,59.09955541183583,58.02109486500983,58.948574190939944,22299623
2005-08-16,58.02470779418945,58.73289535533147,57.61488989509721,58.38059800174253,14075937
2005-08-17,58.736473083496094,58.883861449583506,57.53579159552925,57.80540672907571,17450732
2005-08-18,58.27633285522461,59.530942037259656,58.13253734029453,58.95575997753936,21894545
2005-08-19,57.90606689453125,58.6681820556802,57.80541467250843,58.45248875646754,13668548
2005-08-22,56.79525375366211,58.344645696169536,56.44655510551776,58.078623375994326,14724740
2005-08-23,55.95404815673828,58.02108959897793,55.79946828311303,57.01093404812024,18071005
2005-08-24,55.6844367980957,56.79884329074212,55.008602545571264,56.79884329074212,20890921
2005-08-25,56.19851303100586,56.58316349938879,55.25666209043718,56.079884903391424,26546716
2005-08-26,56.194915771484375,56.57237468888971,55.74915194047595,56.57237468888971,12492209
2005-08-29,55.418426513671875,56.36746895498413,53.922962173616654,56.36746895498413,12861316
2005-08-30,56.64427947998047,56.86716432996197,55.5945789254886,55.7024226827831,13522764
2005-08-31,57.251792907714844,57.40637279216826,56.29555914958563,56.762891655952465,14736569
2005-09-01,57.48905944824219,57.913254497225026,57.17630680169822,57.589717477133966,12385333
2005-09-02,57.956382751464844,58.204429117180425,56.88871249948588,57.675983270266045,14674842
2005-09-05,58.7436637878418,59.14988290904228,57.995931781311064,58.20443352823383,14539911
2005-09-06,60.04501724243164,60.24992618401474,58.70413280125962,59.09956764176915,26123058
2005-09-08,60.282264709472656,60.52311957200515,59.76460320015267,60.034218327353585,13430556
2005-09-09,61.66630554199219,61.97546540279039,59.82573523454013,60.24993037619911,26345035
2005-09-12,62.48591613769531,62.694417882830265,61.46497615712568,61.83165063759096,14130668
2005-09-13,63.44576644897461,63.6794356931855,62.11926487451252,62.40685018795964,25209056
2005-09-14,64.59970092773438,65.42652229289882,63.07188364253452,63.269601036767945,54837887
2005-09-15,64.91243743896484,65.26833331103302,64.38759029620104,65.06701729982736,24198818
2005-09-16,64.79740142822266,66.85007126520537,64.29053018121867,65.26833252372319,19860917
2005-09-19,65.56314086914062,65.85073198418795,64.65004431117724,65.05986223148766,16603628
2005-09-20,65.63863372802734,66.21740883189989,64.70756705405853,65.77523776820345,25826456
2005-09-21,66.07001495361328,66.72068197121907,64.20787594592754,65.42653364395746,42278748
2005-09-22,64.10721588134766,66.61283611987524,63.71897255811723,65.78601463727044,38010458
2005-09-23,63.98497009277344,65.21081890999652,62.56500257839647,64.49184720714167,34401359
2005-09-26,65.76444244384766,66.13112281103045,64.13237412828991,64.2042718975211,12710180
2005-09-27,66.77459716796875,67.15205605717618,65.61704727251374,65.92979992020192,28747706
2005-09-28,67.35697174072266,67.51154583977701,66.58407217705557,66.84290298283257,26322015
2005-09-29,67.65174102783203,67.89259591124282,61.51171176593713,61.51171176593713,26485466
2005-09-30,67.45403289794922,69.02139500242649,65.51999623128334,65.51999623128334,23135736
2005-10-03,67.96807861328125,68.5180932238733,67.4396385608076,67.4396385608076,17041086
2005-10-04,68.91354370117188,69.00701021966108,67.95371691324316,68.09391378413741,15852315
2005-10-05,68.07952880859375,69.02138540732187,67.79912928503454,69.02138540732187,16061627
2005-10-06,66.53374481201172,67.78476137332557,66.21739927134982,67.58344528955962,21546731
2005-10-07,65.91183471679688,67.00826549148125,65.09939052967728,66.53374139120666,33668879
2005-10-10,64.95560455322266,66.62721174756368,64.72193534318492,66.03046664109432,22108626
2005-10-11,67.4324722290039,67.61940529309847,64.0604855532428,65.02750400246121,43606837
2005-10-13,66.38275146484375,68.08311860995417,66.01247830328887,67.26349463660941,28995893
2005-10-14,65.46247863769531,66.6487831910244,65.07423530810672,66.3611979080134,28971569
2005-10-17,66.44387817382812,66.78539113804574,64.41996780629303,66.06641341670375,37385300
2005-10-18,65.5882797241211,67.04060621217155,64.80460176524517,66.57687238575075,24827273
2005-10-19,63.931060791015625,65.42652501728669,63.269603671340704,64.99513842262597,37548932
2005-10-20,62.43559265136719,65.78600390911528,61.220528043680524,64.63565135614682,52225777
2005-10-21,63.74772262573242,64.01733780247466,61.90355970030583,63.98857753252159,34441782
2005-10-24,62.14082336425781,64.25460152121875,61.55485683020063,64.13237473100912,27306180
2005-10-25,63.62550735473633,64.204276590889,61.63754290137522,61.84245184934702,48166302
2005-10-26,63.611106872558594,64.03889473458567,63.028739128446816,63.84477602900036,25314692
2005-10-27,59.743038177490234,63.91667781604266,59.250544049198425,63.70098453810711,57195991
2005-10-28,58.272743225097656,59.836506455675305,57.844955323411305,59.66035781219522,40106861
2005-10-31,60.329010009765625,60.54830199526254,58.59628938565449,58.59628938565449,23875127
2005-11-02,59.681922912597656,60.37932592365783,58.99171142134576,60.17801569212889,27523748
2005-11-04,59.681922912597656,59.681922912597656,59.681922912597656,59.681922912597656,0
2005-11-07,60.02704620361328,60.573468154160715,59.31526575856734,59.82573591324307,18749304
2005-11-08,59.897621154785156,61.14144605990622,59.638790370665205,60.38652245508315,30387479
2005-11-09,60.88261795043945,61.1126884767248,59.710690756849544,60.17802333014129,44152993
2005-11-10,61.076717376708984,61.72379706769372,60.68128269461237,61.11266915526886,33889807
2005-11-11,62.61894226074219,62.74116905470754,61.13426227774701,61.13426227774701,26238551
2005-11-14,63.4241828918457,63.69020520371361,62.298991880797644,62.76632444645832,25312604
2005-11-16,64.43075561523438,64.54219804003355,63.363079165135595,63.73694527468671,20215303
2005-11-17,65.56314086914062,65.74288240920528,63.71537900095329,64.49187152337315,30232612
2005-11-18,65.44090270996094,66.28210134321556,65.06703665073667,65.74287100289756,19246580
2005-11-21,64.18270111083984,65.64221938485814,63.65425513992005,65.43011893757092,21571510
2005-11-22,62.920902252197266,64.88010029549432,62.6944245906839,63.97779413014059,37284889
2005-11-23,64.48466491699219,64.7003582028222,62.94606327602597,63.12580477404508,36012813
2005-11-24,64.801025390625,65.34025577457038,64.3480700077335,64.85134859878688,23007864
2005-11-25,65.22162628173828,65.42653523689278,64.38761904487043,64.9951485748496,19212919
2005-11-28,67.12329864501953,67.58343968919014,65.46247015997272,65.57031971410434,25680036
2005-11-29,65.86149597167969,67.36055285812749,60.393708506363794,67.36055285812749,33721692
2005-11-30,64.46670532226562,66.81774566054162,64.2078744999065,66.13471971782505,29193387
2005-12-01,65.66737365722656,65.81476202823269,64.07844306826661,64.92323446852185,25655183
2005-12-02,65.45526885986328,66.9291581542073,65.21800687371037,65.8147517848536,25973331
2005-12-05,64.16832733154297,65.9873287243867,63.99577151885581,65.2180278089984,21871843
2005-12-06,63.26961135864258,64.63566326069898,62.91012829976001,64.63566326069898,31805783
2005-12-07,63.736942291259766,64.05329365343798,63.34150744879651,63.84479185700024,22418837
2005-12-08,63.74772262573242,64.34806637273758,63.02515790536492,64.05328959333575,19777528
2005-12-09,64.59609985351562,64.77584133075875,63.80882323012687,63.80882323012687,14317934
2005-12-12,65.3797836303711,65.71051216378758,64.56375248382923,64.56375248382923,22899790
2005-12-13,66.61282348632812,66.75302033818788,65.14611966001924,65.38338168453711,29334211
2005-12-14,66.84290313720703,67.53311474508702,66.47622858387574,66.5049888542905,25187032
2005-12-15,64.5278091430664,67.1520631935685,64.15035021374563,67.00826765468084,26857954
2005-12-16,66.30367279052734,66.49779734877346,63.62909554226988,64.49186295916058,57370338
2005-12-19,67.7560043334961,68.07954141077295,66.3036774328351,66.43309575195354,27084043
2005-12-20,67.02264404296875,67.94293199210651,66.5265569978076,67.93574047114855,26986356
2005-12-21,65.26476287841797,67.22036843301129,64.74350836261787,66.8644782206622,32669484
2005-12-22,65.51639556884766,65.94778218131655,64.99514110570702,65.57032325566556,24923752
2005-12-23,64.18628692626953,65.85070797983603,63.884312877339575,65.67815221097287,21616109
2005-12-26,62.464359283447266,64.34806686784304,62.19833695827271,63.844788301347336,23849584
2005-12-27,64.06047821044922,64.26179429558636,61.98265180475824,62.550636640316974,25006728
2005-12-28,64.57095336914062,65.28273961668627,63.58596487113216,64.12878814535837,29763412
2005-12-29,64.13955688476562,65.21082594214062,63.8447801407738,64.92323490451464,28922996
2005-12-30,65.29351806640625,65.6062707515287,64.13237517866806,64.3480684898943,21495677
2006-01-02,65.05985260009766,65.98372758374202,64.86213519119246,65.60626866138091,21240601
2006-01-03,65.57392120361328,65.7860158589963,65.13894170370217,65.28992877389987,17462401
2006-01-04,65.99453735351562,66.36121201014079,65.83635872851433,65.83635872851433,19420938
2006-01-05,67.67691040039062,67.97528585239124,66.08797958163808,66.2605353907457,42574671
2006-01-06,67.59422302246094,68.30241628612633,66.94714896234943,67.65533641233617,23846595
2006-01-09,66.64517974853516,68.13705105848966,66.28928960181605,68.13705105848966,22970843
2006-01-10,65.50560760498047,67.13767582007195,65.29351297769591,66.43308702686565,27809666
2006-01-12,67.0765609741211,67.28865557842167,64.99513050113421,65.49841480023233,33539820
2006-01-13,66.41871643066406,67.43247103479274,66.22099899382249,67.22396922189363,21138282
2006-01-16,65.95856475830078,66.82133214604556,64.9951393343208,66.57688438991863,24173308
2006-01-17,65.27195739746094,66.64878795320081,65.10300023223874,65.85791819447233,17349516
2006-01-18,64.20427703857422,65.1389422997424,63.45654482963967,65.1389422997424,26612014
2006-01-19,65.26834869384766,65.78600444002183,64.70754963962035,64.70754963962035,20332545
2006-01-20,65.2000503540039,65.90823785658507,64.89089052826745,65.60626955186174,19838109
2006-01-23,64.8908920288086,65.757258131638,64.50264871766628,65.18567463301446,14207857
2006-01-24,64.8477554321289,65.8938630695778,64.71474426369296,65.0670416012025,24233455
2006-01-25,63.643455505371094,65.42651039628628,63.29475694227295,65.1389193974477,39929027
2006-01-27,65.69612884521484,66.0735876901278,64.34805323670032,64.70754200353014,23000350
2006-01-30,63.53921890258789,65.55234471897647,63.359477394807094,65.06703625292164,34126697
2006-01-31,63.72615051269531,64.34806297591587,63.17254296029776,63.988574154676655,25412634
2006-02-01,62.4967041015625,64.09641906629462,62.26303493125869,63.916677575530485,23565541
2006-02-02,62.191162109375,63.62910610500539,61.867619187362116,63.62910610500539,30430053
2006-02-03,61.63035583496094,62.88855814022838,61.43623126675737,62.55063802622064,20219786
2006-02-06,62.2235107421875,62.91012956091812,61.54407763147651,61.54407763147651,20384435
2006-02-07,62.93168258666992,63.29835708283195,62.334937590418846,62.68722904677645,19971291
2006-02-08,63.19052505493164,63.44935586888419,62.34572769554904,63.05392103356098,15169765
2006-02-10,63.262420654296875,63.94184788404657,62.94606930869179,63.413401899272785,16680352
2006-02-13,63.56796646118164,63.945425296151654,63.40260221416369,63.83758157578241,9263250
2006-02-14,62.478736877441406,63.91668644410787,62.33494715308591,63.557197599021485,15884344
2006-02-15,62.363685607910156,62.967622061748536,61.98263392493926,62.7663118483616,13079181
2006-02-16,62.42122268676758,63.85197493104277,62.30258875071417,63.85197493104277,10930452
2006-02-17,61.669883728027344,62.79867333002837,61.518902501293006,62.79508047680844,13873419
2006-02-20,62.162384033203125,62.36369427456606,61.61596221567747,61.76694925695846,14056499
2006-02-21,62.43917465209961,62.83820802984579,62.198319809862234,62.33492960210665,11150628
2006-02-22,62.34932327270508,63.15457013222876,62.209120590826835,62.55063353416626,12373632
2006-02-23,61.25648880004883,62.687241087352234,60.979682087945356,62.618941983036365,31411876
2006-02-24,62.97841262817383,63.17613000826684,61.54406195580629,61.54406195580629,24364602
2006-02-27,64.07845306396484,64.26179324987145,62.98202224328194,63.26960751015922,18206741
2006-02-28,63.08987045288086,64.57095183238306,62.636915050342864,64.34807279876694,31901404
2006-03-01,63.35587692260742,63.848371036448306,62.780694864989805,63.13299213117716,16395292
2006-03-02,64.32289123535156,64.99512679527012,63.4133878585049,63.62548826439013,27371107
2006-03-03,64.35525512695312,65.28992025765358,64.13956183209639,64.49185913625877,17081678
2006-03-06,64.45592498779297,65.1317653260496,64.34808121768836,64.68959424126005,10058113
2006-03-07,65.00592803955078,65.3474410011139,63.38464404583312,64.70755839187628,27926770
2006-03-08,63.89150619506836,66.13829503798203,63.62908258838554,65.85789553923553,26696633
2006-03-09,65.13175201416016,65.24678728332047,63.02875241749722,63.90949573894274,25711069
2006-03-10,66.170654296875,66.80335110766633,65.38338340375891,65.54874767326565,31603975
2006-03-13,66.72785949707031,67.4180710183514,66.23536536285522,66.50138184319802,23744796
2006-03-14,68.58283233642578,70.23287100569601,66.14551092966734,66.66676548215402,72507555
2006-03-16,69.20832824707031,70.09985014464527,68.87759966253931,69.81226487374464,20009107
2006-03-17,69.147216796875,70.31554543692151,69.02139714725027,69.66127977066523,22169049
2006-03-20,69.77271270751953,70.09265688257943,69.38087076906373,69.38087076906373,13627722
2006-03-21,69.61092376708984,70.9985438563539,69.30895556229657,69.88413752470443,21979949
2006-03-22,68.2017593383789,70.13579584265962,67.67331338253798,69.75114541661361,24989718
2006-03-23,70.08907318115234,70.74693756601,68.60439887489552,70.09985755728052,39507627
2006-03-24,70.59953308105469,71.2969361438188,70.25442149616482,70.45933040962845,21458211
2006-03-27,71.02013397216797,71.7858419925417,70.62469916084459,71.17830673396155,16969800
2006-03-28,70.64627075195312,71.37962567876221,70.39463146438264,71.17830959776252,12301339
2006-03-29,70.74691009521484,71.0704470671113,70.45931909189461,70.45931909189461,12977784
2006-03-30,69.42762756347656,71.02734310049053,69.16520384661945,70.81884126878482,23031785
2006-03-31,69.63251495361328,70.4090073649405,69.21191853102708,69.6684667446905,19438807
2006-04-03,70.7001953125,71.17831230252393,69.30898184323046,69.74036847861173,11224881
2006-04-04,71.66360473632812,72.29989435776987,70.81881336533283,70.81881336533283,23300873
2006-04-05,72.4041519165039,72.88946036381111,71.69596447325272,72.04107024778466,12385841
2006-04-07,70.43415832519531,72.97572378979783,70.03512493133498,72.96493941773012,14874064
2006-04-10,69.33055114746094,71.17112716337546,68.45340645432994,71.17112716337546,25477592
2006-04-12,67.42886352539062,69.59656333757918,67.01185417654716,69.59656333757918,17850904
2006-04-13,66.0268783569336,67.36776287266176,64.49186926398141,67.36776287266176,24503730
2006-04-17,66.98311614990234,67.26351574890259,65.06704931656071,66.14551020712778,20315862
2006-04-18,67.81350708007812,70.47370681608629,67.2634982154856,67.2634982154856,23146929
2006-04-19,67.44326782226562,68.64754856292501,67.12332352210676,67.94295369435426,15688503
2006-04-20,67.40369415283203,68.01482221076722,66.68472236089352,67.91416418324518,11211686
2006-04-21,66.26051330566406,68.01480782777,65.66016974808304,67.58342135562455,13401558
2006-04-24,65.78961181640625,66.50499086263208,64.88729972735797,66.50499086263208,17684039
2006-04-25,64.77227020263672,67.07298164951743,63.988586169292894,65.99452661066447,21510356
2006-04-26,65.40495300292969,65.85790250965876,63.988572320164785,65.05624856564086,19567495
2006-04-27,64.08564758300781,73.33523480978471,61.11269470587402,63.98858239125577,32026764
2006-04-28,63.47450637817383,63.80164205247231,61.472170947739585,63.629086268771346,18191977
2006-05-02,67.41447448730469,67.70925121837212,65.72489174952699,66.1454881006197,18760645
2006-05-03,69.14360809326172,69.81225670530623,67.23473906169741,67.58343768795547,27666733
2006-05-04,68.94589233398438,69.72957622224759,65.18207023656069,66.86446745977241,16480271
2006-05-05,68.57921600341797,69.52466547657008,68.31679236763864,69.22629005267716,12202454
2006-05-08,68.79850769042969,69.58219162128107,68.38150412223898,69.52467108113386,8259849
2006-05-09,70.17534637451172,70.45933879079813,65.54156497844924,68.38150658235108,18529786
2006-05-10,72.05184936523438,72.45447564632187,70.27958445971366,70.27958445971366,30728330
2006-05-11,70.20408630371094,72.18485872765007,69.81225021895511,72.11296097159767,17793480
2006-05-12,68.92432403564453,70.20409494909147,67.74161830234445,69.81225881608245,12098291
2006-05-15,66.42589569091797,69.32335759822259,65.75006135081229,69.02138931067232,14756049
2006-05-16,66.42948913574219,67.06578465238631,64.27616646091667,66.5013869013874,12119371
2006-05-17,71.15673828125,72.14173246009658,66.9004218546395,67.22395890037005,17689095
2006-05-18,65.16410827636719,71.17831312775662,64.34807116446561,66.54813024032275,38758635
2006-05-19,62.48591613769531,68.00762534449129,61.54405961795188,67.77755485425119,42349334
2006-05-22,61.81726837158203,63.98856062630782,57.3740142233738,62.55061727271628,21418233
2006-05-23,62.73397445678711,65.79320212763221,59.099564637221086,61.9826494607513,11786628
2006-05-24,62.39604187011719,65.06702570673482,61.18457604860742,63.2695934792217,22751664
2006-05-25,62.586585998535156,63.521251175520625,60.10612751904619,61.40027572491589,14847949
2006-05-26,62.87056350708008,64.55655327976956,62.19113644136753,63.4133865890928,11786989
2006-05-29,63.40259552001953,63.80881457542466,62.58656455680219,63.280368774054175,9909256
2006-05-30,61.84963607788086,63.546410565602436,61.651918674775516,63.546410565602436,11994478
2006-05-31,59.86526870727539,61.4721752989231,58.30869113167283,60.39371465523145,17670356
2006-06-01,58.86589431762695,60.83587666671344,58.531572930575436,60.393711546315735,15314330
2006-06-02,60.30384063720703,61.17020083765889,58.03548277105726,58.524384073940745,12934393
2006-06-05,58.52077865600586,60.7388130642201,57.877303340414606,60.3937073279389,9821563
2006-06-06,60.400901794433594,62.30258519328549,56.96780819852397,57.87731173495168,24079690
2006-06-07,57.995948791503906,60.32182762144691,56.58675934628796,59.045649353650575,16230961
2006-06-08,55.24585723876953,58.092989682654924,54.800099304800874,57.58971122023222,15084743
2006-06-09,55.475929260253906,57.08642254126628,53.56346194866466,55.364486878517965,25341782
2006-06-12,53.664119720458984,56.511252240550206,53.20397873522185,55.75273586003682,15879363
2006-06-13,53.962501525878906,54.64192871177892,51.40655257777699,52.77260428377867,23516353
2006-06-14,53.29386520385742,56.42499083312739,52.204620048041114,54.28245231480904,24960847
2006-06-15,55.515480041503906,55.94327377015497,53.95890828283055,55.28900819029166,17361206
2006-06-16,55.13443374633789,57.85574722042579,54.22133728960274,55.943279307477894,18599419
2006-06-19,55.16737747192383,56.02421893416385,54.06520219989936,56.02421893416385,18687228
2006-06-20,53.95536804199219,55.84115053317254,52.95205676312338,55.07951346562728,19662522
2006-06-21,54.186038970947266,55.064850314708785,53.094848564547775,53.094848564547775,17710790
2006-06-22,56.64304733276367,57.02753135761737,54.95499979209924,55.06484898674917,19698271
2006-06-23,55.85212326049805,56.756564119834124,55.00992633246917,56.46362502803458,16791722
2006-06-26,53.36216354370117,56.17069690868802,53.021619154058335,55.2259759510152,12516988
2006-06-27,53.46468734741211,54.332513856761764,52.38082208820511,53.314558122413935,14703162
2006-06-28,52.333221435546875,53.02894893968063,51.99634852705006,52.728690463184726,16134874
2006-06-29,51.9011344909668,53.37314335156088,51.63016524046669,52.43574181638855,20854557
2006-06-30,53.29624557495117,53.89310870382817,52.7286834626499,52.7286834626499,16597121
2006-07-03,54.38376998901367,54.66938380561558,53.464678690767734,53.82718694058844,15029206
2006-07-04,55.34681701660156,55.72763554919299,54.48631565146204,54.55955044017509,19553844
2006-07-05,55.2918701171875,66.2770070127177,54.78655205530012,56.016886534861946,12695130
2006-07-06,54.80120086669922,55.57016293665016,54.19335883247501,54.92570055911024,11838498
2006-07-07,52.856842041015625,55.42370106543922,52.618827541941535,55.02823801807607,11066740
2006-07-10,53.42440414428711,53.58918386839779,52.095205118406355,52.65544788987687,15308352
2006-07-11,53.354835510253906,54.024927490217074,52.87515276280606,53.55988932919736,11723694
2006-07-12,53.90775680541992,54.156756244650424,51.94508007543319,52.36251299663746,13419311
2006-07-13,53.55256271362305,54.47897332171932,52.06956314831627,52.24532777049911,9630163
2006-07-14,54.002952575683594,54.33250607456679,52.44306443515936,52.728678257096696,10733753
2006-07-17,51.87184143066406,53.900427535765026,51.33722816249905,53.46102480521737,8650100
2006-07-18,51.35188293457031,52.263649153819344,50.61587545341823,51.359202267464106,11142795
2006-07-19,50.56827163696289,52.344198645874364,50.12886298694222,51.9963408668453,10101896
2006-07-20,53.1680793762207,53.90042112117203,51.190752519599705,51.26398728627375,16017929
2006-07-21,52.42109680175781,53.204703531692395,51.56425529990311,53.204703531692395,9738958
2006-07-24,54.240970611572266,54.7792376112437,51.666780457735214,52.351522926479795,22872510
2006-07-25,54.80488967895508,55.26260271184504,54.01029776938748,54.339851389939916,23808122
2006-07-26,55.23695373535156,55.65804626103511,54.13477844016709,55.07217402223972,12091169
2006-07-27,55.925350189208984,56.903025684363584,53.094841712274174,55.562836041327856,52569787
2006-07-28,58.323787689208984,58.583772066415484,55.51891375765556,55.925367706094676,44289874
2006-07-31,59.338077545166016,60.125344004729435,58.23956179932678,58.58742551362854,21584875
2006-08-01,59.44792175292969,59.9788694063017,58.17730705079475,58.73389013124068,21011819
2006-08-02,60.51715850830078,60.76249239429277,59.24654346613813,59.46624783998709,13649714
2006-08-03,60.82838821411133,61.582699806836935,60.1985703967637,60.56474423496456,19089859
2006-08-04,59.158653259277344,60.491517926205766,58.8071298785225,60.491517926205766,22914787
2006-08-07,59.36003875732422,59.68593258307806,58.294477928143166,59.173289212706024,20417916
2006-08-08,60.90895080566406,61.10668529804114,59.466236933397816,59.466236933397816,15257140
2006-08-09,63.351322174072266,64.08000443394883,60.502508586164815,60.857697588671066,22017277
2006-08-10,63.19021224975586,63.78340990135354,61.882976878692226,61.882976878692226,15770600
2006-08-11,62.944862365722656,63.84930320240285,62.3370143576439,63.567349037519136,9901445
2006-08-14,63.820011138916016,64.09098039708388,62.3443425705646,62.3443425705646,8575062
2006-08-16,65.06865692138672,65.54468000170255,64.07999633386457,64.39489935485051,13745165
2006-08-17,64.5669937133789,65.54466921983067,64.07998579292807,64.81232750637936,12982638
2006-08-18,64.38025665283203,64.72446070026888,63.80536927347428,64.31068746316686,10828748
2006-08-21,64.69151306152344,65.13457552106325,63.358648250869706,64.81234720107234,11386277
2006-08-22,64.33264923095703,65.46045400700477,63.90422553900258,65.08696083278525,7301863
2006-08-23,63.2121696472168,65.09062653345369,63.06204043044979,64.28871551471997,12375964
2006-08-24,64.05437469482422,64.42420831844719,62.615326145627336,62.98149418051921,11042660
2006-08-25,66.28434753417969,67.6977662764166,64.81233860237724,65.03204293056311,25572164
2006-08-28,67.29497528076172,67.50369468029015,65.91085168859867,65.91085168859867,14357001
2006-08-29,67.52566528320312,67.96140833912645,61.40694048275856,61.40694048275856,9748878
2006-08-30,68.16279602050781,68.40081049375841,65.99140027903407,66.67980235155684,13522573
2006-08-31,68.19943237304688,69.11119862635812,67.76368925618232,68.32759176496053,15478926
2006-09-01,68.19943237304688,68.52532627449702,67.74903874626668,68.25435698075407,9404657
2006-09-04,68.50701141357422,68.8402246254069,68.25435231360704,68.52532158882146,5641581
2006-09-05,69.21737670898438,69.63114991422245,68.48869457600382,69.03795240566967,10961729
2006-09-06,69.45538330078125,72.42869601269453,68.85852614323252,72.42869601269453,8333509
2006-09-07,68.7743148803711,69.35286785765102,68.35321638177463,68.85487491376874,6329388
2006-09-08,69.15147399902344,69.35286816161005,67.94676868984146,69.35286816161005,8463257
2006-09-11,67.25104522705078,69.48469132294642,66.76770276131566,69.20640269826949,8232950
2006-09-12,68.27997589111328,68.67910451481195,66.7896627722446,67.00936116896894,14901684
2006-09-13,71.01161193847656,71.18371690527559,68.62417738183531,68.69375248608888,19887785
2006-09-14,71.48397064208984,71.76958445039463,70.6893790638073,71.40341062367474,13529165
2006-09-15,71.71832275390625,71.91605722142327,70.7626170175211,71.45101910534075,8893613
2006-09-18,72.5385513305664,72.93767401807155,71.76958920441311,71.98929351499825,10877523
2006-09-19,71.59017944335938,72.86811963271353,71.25696620482807,72.65207494414013,10700929
2006-09-20,71.37413024902344,71.84282806754221,70.68938777349474,71.62312374444036,9096365
2006-09-21,72.1137924194336,72.49461085152288,71.44003490980198,71.44003490980198,5180457
2006-09-22,71.4583511352539,72.46532189736129,71.0372526560663,72.13576836810705,8209039
2006-09-25,71.08851623535156,72.062532218136,70.7955771385837,71.58650914678309,10276879
2006-09-26,73.14274597167969,73.30751979082412,70.93106975432552,71.31920758728157,16368933
2006-09-27,73.3001937866211,74.14238482533176,72.9413451618678,73.96662610090723,19106732
2006-09-28,75.3800277709961,76.12335435892348,73.01456340661815,73.23426176240753,27006494
2006-09-29,75.33243560791016,76.45658669212595,74.70628334148795,76.45658669212595,11683928
2006-10-03,75.67665100097656,76.00254489674239,74.92599891729637,75.35808236004078,9273054
2006-10-04,74.3547592163086,75.79015362493287,74.04717554614476,75.709593600118,9627810
2006-10-05,76.14167022705078,76.58839814630376,74.85274547495283,75.28482880998682,13097781
2006-10-06,75.6620101928711,76.4419514912532,75.44230583310832,76.4419514912532,5160320
2006-10-09,75.76817321777344,76.16363618945728,74.33277900935501,75.40932466566883,6757868
2006-10-10,75.13837432861328,76.26618519301307,75.01021494521629,76.12704088880463,4959307
2006-10-11,73.52354431152344,75.87069860709981,73.16103016522602,75.6510002418151,7115942
2006-10-12,75.34708404541016,75.65100804445247,72.8717642190617,73.96662018007207,9225222
2006-10-13,74.80516815185547,76.00254832008264,74.63306314723533,76.00254832008264,6020481
2006-10-16,75.19696807861328,75.67299120594868,74.29618676408485,75.21161266645804,8172103
2006-10-17,75.74622344970703,76.4126498838472,74.87107167369001,75.43131448638171,6952819
2006-10-18,76.48954772949219,76.89599571350608,75.43131199839989,75.65101633220284,9208922
2006-10-19,75.96592712402344,77.18894271085863,75.32878982051606,76.6030703493215,9147927
2006-10-20,76.21125793457031,76.89600048594822,75.8157948466132,76.4565977128615,5929015
2006-10-23,75.07611083984375,76.38334578802585,74.94062622657327,76.16364148989446,4365128
2006-10-26,78.1007080078125,78.58039081279877,74.43166721473311,75.13837962822232,22007749
2006-10-27,80.13294982910156,80.33068431446084,77.79677411868072,78.21421292979588,13646884
2006-10-30,80.40025329589844,80.73347241071002,78.36068227963435,80.11830503760076,16533392
2006-10-31,80.23912811279297,81.63424239128575,79.16624798457899,80.5576966756598,17384671
2006-11-01,81.5683364868164,92.0042236153625,79.75212949973374,92.0042236153625,10975782
2006-11-02,82.41786193847656,82.74741547154879,80.94585299913267,81.29005111877633,8668022
2006-11-03,82.31898498535156,83.12090187243926,81.87591669685298,82.39221975578543,8909723
2006-11-06,81.24246215820312,82.75474538441657,80.94219775988397,82.49842659501026,6553209
2006-11-07,80.83233642578125,82.0223911535229,80.31237366979079,81.43651887672868,8206400
2006-11-08,82.64854431152344,83.30399170390002,79.98648064896341,80.92388222345508,21493717
2006-11-09,82.7950210571289,83.31498386375438,82.20548905681017,82.75474103878523,10515347
2006-11-10,83.04035186767578,84.07295811012999,82.31533525122978,82.3885700304998,14033065
2006-11-13,83.23809051513672,83.63355360548525,81.36329310026255,83.12091604681899,5194967
2006-11-14,82.5533218383789,83.9887160233267,82.29334347478779,82.773026117628,9643464
2006-11-15,86.30294036865234,86.68741850048632,82.48010520372685,82.53503572695163,24213148
2006-11-16,89.4886245727539,90.00126799278856,86.1491437366168,86.41644740579332,38750707
2006-11-17,89.81452178955078,90.88374242804043,88.40476269485625,89.71199783914082,29592245
2006-11-20,88.62078857421875,89.81450875256442,87.07555099201755,89.3458109850382,18308106
2006-11-21,90.29054260253906,90.58348170327207,88.49263982710146,89.05288260026892,7987878
2006-11-22,91.41101837158203,92.12871553853934,90.14040374465242,90.14040374465242,10770233
2006-11-23,91.83211517333984,92.50953231796178,90.84711438002297,91.5428357748156,12333219
2006-11-24,92.10309600830078,92.45461939917419,91.19865506203155,91.90902709831437,7982144
2006-11-27,93.41764831542969,94.10605641530549,90.07816729890438,92.27519880272138,5444776
2006-11-28,94.69558715820312,95.08739055193766,92.29350185950882,92.64136557122305,10927993
2006-11-29,95.25584411621094,96.95121732314712,94.70658616567846,95.20457917229858,15323901
2006-11-30,96.45320892333984,96.94754218428548,95.57073786089893,95.9369058216224,12660398
2006-12-01,99.79267120361328,100.33094996725865,96.16757709251436,96.30306169980432,17089892
2006-12-04,98.91755676269531,100.99008876827644,98.51842806773735,99.74510332954391,10171624
2006-12-05,98.00211334228516,99.86959128015224,97.7677644237162,99.25808355469853,8560934
2006-12-06,98.00577545166016,99.74508802621496,97.41257792202825,98.24378402801847,7750459
2006-12-07,98.70515441894531,99.37891192198674,97.47481978016472,97.98745723906019,9327149
2006-12-08,99.25810241699219,118.44914709723366,98.2145170056184,99.23247290488047,12315838
2006-12-11,91.27920532226562,97.03542207136243,90.10379514746677,97.03542207136243,21186347
2006-12-12,86.55192565917969,91.23159600617747,85.2446965818678,90.81049756547038,20359931
2006-12-13,89.74129486083984,90.15140846371617,86.70939732944643,87.51497402543782,18870128
2006-12-14,89.61680603027344,90.8837554182204,88.9796627868656,90.15141346503567,10451268
2006-12-15,92.60107421875,92.86105853459499,90.07815510336833,90.07815510336833,8615633
2006-12-18,92.9562759399414,93.86438245485252,88.47433947862386,92.27519901465314,20659257
2006-12-19,90.06716918945312,93.66663402994193,88.9906234364814,93.00752704402787,18154214
2006-12-20,89.09681701660156,92.20195471988812,88.32053555167468,91.10343907883664,14344410
2006-12-21,88.73431396484375,91.17667920804432,87.24033521080167,89.56552599810422,14125665
2006-12-22,88.98331451416016,89.71199668708742,87.22202614362364,88.7599505197136,7039441
2006-12-26,91.32678985595703,91.5391688842032,88.6134618259485,89.693667137694,8379359
2006-12-27,91.61608123779297,92.77318712341328,91.3011782209779,91.89803541609592,6336139
2006-12-28,90.484619140625,98.86628568374795,90.2429508760818,92.27520273500025,11647098
2006-12-29,91.22061920166016,94.54545550252618,90.59080723927187,91.54284747603744,6221908
2007-01-02,91.8028335571289,92.27519697921613,91.03021169541738,91.54284921122276,4325754
2007-01-03,92.63037872314453,93.00021226817293,90.59812701946436,91.5428479286123,7234116
2007-01-04,91.03022003173828,93.73988925608856,90.60912150702643,93.00754734281912,6936147
2007-01-05,91.11078643798828,92.11775737933613,90.30520968491,90.88375681671512,7379031
2007-01-08,88.88444519042969,91.45496986781663,88.39743718159188,91.45496986781663,9270606
2007-01-09,86.04295349121094,89.52157859322031,85.76466490427973,89.33483495384345,15934687
2007-01-10,83.22342681884766,86.12350460697576,82.96344251089799,85.75733077643872,10293593
2007-01-11,84.03266906738281,84.87852564357718,82.90119865924996,83.8532447657116,18544730
2007-01-12,89.74494934082031,90.53587542915204,84.95176385552492,85.0982334042648,20422527
2007-01-15,89.51058959960938,90.44433144115777,88.54756450914095,90.44433144115777,8519801
2007-01-16,88.59883117675781,91.90902294872579,88.18139827927793,91.90902294872579,12180186
2007-01-17,89.5325698852539,90.37110123811233,88.84050215871343,89.27258554909426,7531524
2007-01-18,90.00492858886719,91.83578612147181,89.63876063542017,89.78522426372507,13075567
2007-01-19,89.36780548095703,93.90467297489668,88.61349369288092,93.90467297489668,7239447
2007-01-22,89.67902374267578,90.22462186167556,89.19934105839701,89.19934105839701,3958852
2007-01-23,85.98070526123047,90.20632276591706,85.46440216962345,89.71565510256846,22946244
2007-01-24,85.87086486816406,86.78263110123858,84.14985636019607,85.98071408114035,12067025
2007-01-25,86.15648651123047,86.48604010166106,85.13486505128375,86.06860121113559,8950210
2007-01-29,84.66981506347656,87.14879486429308,84.29266216936209,87.14879486429308,5905359
2007-01-31,83.52001953125,86.41643152322023,82.95977686787845,85.09821767184387,18675612
2007-02-01,88.1008529663086,90.07818042348667,83.17218779511686,84.80531115220576,26403200
2007-02-02,86.49335479736328,89.15907829538823,85.9148018099844,88.97965397206258,20576715
2007-02-05,87.66510009765625,88.39012265097857,85.70974270186124,86.1235218781523,13384653
2007-02-06,87.62480926513672,88.61347572293592,87.16709638300946,88.24730186416036,10188667
2007-02-07,87.51861572265625,88.15941846569277,86.80824379880454,87.5149560568626,11837004
2007-02-08,88.26560974121094,89.26525517088737,87.2952534820429,87.51495779159235,10963266
2007-02-09,87.85550689697266,88.95768232281289,86.3542028151883,88.32054507725888,10789353
2007-02-12,86.68740844726562,88.15941720395936,85.83056699888067,87.85549321554623,12033480
2007-02-13,85.93310546875,87.8445170992942,84.81261992998073,86.63249253350634,13215871
2007-02-14,80.72614288330078,84.94810049812487,79.47383836303464,84.21941837397122,23367803
2007-02-15,82.21282196044922,84.1462098639723,81.3303506866438,81.3303506866438,11735713
2007-02-19,82.90852355957031,83.41384170356694,82.03337189418636,82.60826514334656,8820600
2007-02-20,81.12529754638672,83.83862685211143,80.92390334140282,82.90855028900252,7083129
2007-02-21,80.98979949951172,81.87593030196547,79.86931383965376,80.53574621608867,8781215
2007-02-22,78.9502182006836,81.43652324659624,78.36068622614049,80.92388571711699,15709679
2007-02-23,77.49652099609375,83.12091303706039,76.23689106594574,83.12091303706039,14984692
2007-02-26,79.70818328857422,80.9897828377841,76.3174319091677,78.36067422511799,9295629
2007-02-27,78.2984390258789,84.1461951513427,77.77481063611204,79.89860744845237,10759031
2007-02-28,76.29914093017578,80.41124393759401,71.14710641156415,71.15443166612876,18976369
2007-03-01,77.30976867675781,77.7015720725067,74.40603076434932,76.31012314028605,11751971
2007-03-02,73.59313201904297,78.68291671479945,72.57883593066313,75.7974829322905,17475310
2007-03-05,70.49165344238281,73.45398141828326,69.93873592824,73.16104232018306,17545240
2007-03-06,72.35912322998047,73.16103415052983,70.67106986009365,73.16103415052983,11897998
2007-03-07,70.62715148925781,73.35879074045717,69.15880197548623,73.08782735284703,13896206
2007-03-08,73.1830062866211,74.03984775018243,70.53192779567775,72.42869468352364,25303193
2007-03-09,71.96366119384766,74.99189864191493,71.40341843466393,73.31483595219483,18256332
2007-03-12,71.3448486328125,73.30752555997535,71.04824981322037,72.50194881154195,13924811
2007-03-13,71.79888916015625,72.46532146881945,70.7552980555311,71.69635929058042,10591541
2007-03-14,69.42609405517578,71.0372471496601,68.99034510157331,70.30490537232991,9362888
2007-03-15,67.5293197631836,70.64910194473714,67.21075118571027,69.93873002145058,18661696
2007-03-16,66.90684509277344,68.08957467352916,65.77170894118548,67.74171686387712,19242203
2007-03-19,67.85155487060547,68.10055427077722,66.4308110043001,67.72705517051959,9284670
2007-03-20,69.74465942382812,70.3049021308398,68.10787097835649,68.10787097835649,10719286
2007-03-21,71.98564910888672,72.38111816866346,69.29063009114968,69.93875237238392,11939513
2007-03-22,75.38735961914062,75.79746720035375,72.64839596670991,72.64839596670991,26687327
2007-03-23,75.15301513671875,76.37237089442584,74.18632438855025,75.72424875556047,14059286
2007-03-26,74.23393249511719,76.15266947838225,73.82015925382231,75.43131253628594,11431861
2007-03-28,71.30455780029297,73.94465167670897,70.83951963052095,73.67368833105434,9908609
2007-03-29,72.1833724975586,73.30751779072698,70.02296127903453,71.33019648419973,18307216
2007-03-30,72.82782745361328,73.45397972787137,72.2346299388646,72.509258856566,13686682
2007-04-02,68.14448547363281,71.72563978614708,67.54762247368801,71.72563978614708,12008733
2007-04-03,67.869873046875,69.3528669381038,67.00936588590292,67.7417136658345,11958739
2007-04-04,68.53997039794922,69.55792619318991,67.7819930513569,68.74868982761213,9260251
2007-04-05,69.45904541015625,70.01196286237983,67.74170287171081,68.53995412631387,12000741
2007-04-09,72.42138671875,72.86811473236095,69.75565730260628,69.75565730260628,12438368
2007-04-10,72.58981323242188,73.1207668179391,70.6710763891545,72.64840341962821,11069930
2007-04-11,71.87211608886719,73.44664877834293,71.56086684798815,72.50192798029964,7716003
2007-04-12,70.89077758789062,71.62311936499411,70.32320960169598,71.62311936499411,7232760
2007-04-13,73.08414459228516,74.2449100905965,70.96401365788988,71.60115083798902,12839504
2007-04-16,74.22660064697266,74.83810832795723,73.49059918328221,73.67368315226463,10110492
2007-04-17,73.98128509521484,75.4313244630622,73.01825382412189,74.40604332434908,11634432
2007-04-18,75.72789764404297,76.08308062972972,73.98126004069357,75.06512509129873,13519001
2007-04-19,77.13402557373047,77.87002724403544,73.3075298718123,74.84545459272617,23058112
2007-04-20,78.64995574951172,79.38595724409548,76.18928033661336,77.56242496609258,19685214
2007-04-23,77.65029907226562,80.48446750072992,77.30244131667672,78.76345928680267,10443998
2007-04-24,82.99639892578125,83.78000560917802,75.43130132400422,75.43130132400422,33085056
2007-04-25,83.47976684570312,84.5416623426023,77.62834484754609,77.62834484754609,13532981
2007-04-26,83.87522888183594,85.3765330684779,83.26738668968747,83.78002425498445,13307008
2007-04-27,80.67854309082031,84.1901289929769,80.06337570854018,83.78001543086015,15783392
2007-04-30,80.69684600830078,81.20216414179872,76.9692217008693,79.89859471831124,12009464
2007-05-03,82.27503967285156,82.57896365324844,81.29003888803162,81.29003888803162,6932957
2007-05-04,82.63024139404297,85.06894110307933,82.16886289254366,82.60827155318967,14600207
2007-05-07,81.99674987792969,87.73465546619104,81.6562114808655,87.73465546619104,7990326
2007-05-08,79.21385192871094,82.88655162277081,78.87331350873643,82.02238489883106,16044309
2007-05-09,82.2347640991211,82.53502843006865,78.5181247212759,79.21385206938172,19547877
2007-05-10,82.26404571533203,84.40614608353589,81.76971258352022,82.7547132601128,16593210
2007-05-11,84.43912506103516,85.31793641819962,78.36068033413005,81.29004757681848,21022312
2007-05-14,88.30223083496094,88.97964806589697,86.41644869291578,86.41644869291578,22639266
2007-05-15,89.89141845703125,90.88374467681952,87.88114243145571,88.24731040387586,23376250
2007-05-16,94.04380798339844,94.61869537564866,90.29787300254824,90.81051053625568,27129300
2007-05-17,97.19287109375,97.84099320724293,94.47221734605314,94.47954259986906,25443804
2007-05-18,97.21485137939453,98.13394284314887,95.72453217957066,97.32836617768523,17861449
2007-05-21,98.76742553710938,99.89157089166285,97.76777398649189,98.20718269313026,17089882
2007-05-22,97.10865783691406,99.23245454500264,96.66925509284162,98.76741637177037,16841927
2007-05-23,95.8416976928711,97.40159186125747,94.92261223674755,97.40159186125747,15516880
2007-05-24,94.18294525146484,95.57073444564415,93.37370307265522,95.30343077794602,17109341
2007-05-25,95.10570526123047,95.548773612377,90.81051231210452,92.42166564588078,13975229
2007-05-28,95.83070373535156,97.40158267557601,95.31806628875036,96.292082174724,11317672
2007-05-29,96.85599517822266,97.10132900949594,95.20456195843687,95.92958445389372,11127480
2007-05-30,97.181884765625,99.2141363570758,96.02844451313159,96.81571090698044,18144453
2007-05-31,99.13358306884766,99.7231209487046,97.49680031785364,99.23245327438528,16986630
2007-06-01,100.98272705078125,101.42946680807017,99.30567050247826,99.89154269080512,20229187
2007-06-04,102.9967041015625,103.87550962800466,101.79565843329694,102.52799439806863,23130628
2007-06-05,105.2010498046875,105.81255752956474,102.01535180063567,102.52798931929824,19169391
2007-06-06,101.759033203125,106.48264377067623,101.13654647855627,105.82353669655049,19684641
2007-06-07,99.6462173461914,102.66713550223335,99.1042847536079,101.20977119146478,22770360
2007-06-08,99.34961700439453,101.57593147304485,96.764448023383,97.49678978957056,21594456
2007-06-11,98.11563110351562,100.98274873737881,97.84832741535428,99.30569182891868,8665235
2007-06-12,97.57003784179688,99.15922128966244,95.60735524567718,99.15922128966244,21445959
2007-06-13,95.50508880615234,98.6801994535049,94.75016366876592,98.06590226121496,16295972
2007-06-14,97.24069213867188,98.17324271627014,95.84556779600489,96.21562441418841,14418568
2007-06-15,97.99929809570312,99.84219575676437,96.73369439891137,98.06590755665478,18621305
2007-06-18,97.59223937988281,99.54615295096046,97.17777050720532,99.1760963734839,13010671
2007-06-19,101.53707122802734,101.98854334438334,97.19996931393484,98.05850723811055,14066684
2007-06-20,105.37828826904297,105.82976033213288,101.61847479419473,102.3585997980698,19213703
2007-06-21,107.06206512451172,108.40168734142482,103.61680588883416,106.07400681209528,22505989
2007-06-22,107.70225524902344,109.38973063865531,106.94733614317754,106.94733614317754,24089526
2007-06-25,107.29519653320312,108.05752471894813,106.13691013246944,108.05752471894813,12739443
2007-06-26,107.85771179199219,108.50161527689124,106.78082881674557,107.75409307556771,14707952
2007-06-27,107.06946563720703,108.61261464923312,106.20721728717147,107.68746734198835,21375744
2007-06-28,108.8790512084961,109.16029512482707,107.19528624096712,108.0575226115989,23865227
2007-06-29,112.92752838134766,113.36419440362944,108.91237221741783,108.91237221741783,31405262
2007-07-02,113.29389953613281,114.79264254130642,112.74620571006778,113.2383856595366,18509204
2007-07-03,117.07588958740234,117.67908524096272,114.1265088117407,114.57058385773226,23694177
2007-07-04,115.74368286132812,119.89945517542985,115.18119495337598,118.34521038197956,17078297
2007-07-05,114.5002670288086,116.79093810486769,113.36048527114718,116.5651960838701,17125069
2007-07-06,114.75560760498047,133.14758540410054,112.99412564410135,114.71859836219996,17425624
2007-07-09,116.26917266845703,116.9389778160606,113.68245125925579,115.16268951513473,11761658
2007-07-10,114.77410888671875,116.93895801672224,114.38554775689167,116.7909330192614,9530589
2007-07-11,114.07469940185547,115.22189021757964,112.12818312115824,113.96368363857512,9018338
2007-07-12,115.39952850341797,116.12484753143697,114.58539685472006,114.58539685472006,6522558
2007-07-13,115.45503234863281,117.23132051600635,115.04425605963533,115.82878742308822,10611657
2007-07-16,119.28886413574219,119.75143186784017,114.34856032286335,115.45874203086812,18296511
2007-07-17,117.16840362548828,120.2473045548642,116.49488806251017,119.52938268766273,15356618
2007-07-18,116.6133041381836,117.59766375715861,115.45871637595637,117.59766375715861,10208741
2007-07-19,118.10466003417969,119.01131478279808,116.71694491430765,116.71694491430765,8688817
2007-07-20,117.25352478027344,119.88465232640273,116.64292010631796,119.15933335450573,9071659
2007-07-23,117.32752990722656,117.74570325651075,115.97681215469999,117.23501876383654,5579781
2007-07-24,116.62811279296875,119.0113070954906,115.99531694154277,118.78926359394328,11529294
2007-07-25,116.15443420410156,117.22020946668327,113.68243932915254,116.19884050926294,13528275
2007-07-26,114.85184478759766,116.56893282559201,114.09692547627552,116.19886424783903,10517965
2007-07-27,110.92552185058594,113.05336248622368,108.80507827814543,112.4982715431255,22794377
2007-07-30,116.7946548461914,119.51459526687186,111.74333521216255,112.8276152432686,26637853
2007-07-31,120.18439483642578,121.05402827733201,113.98218661113984,120.0474654225662,38936066
2007-08-01,114.57427215576172,119.15932475205663,113.99327970792204,119.15932475205663,28784271
2007-08-02,117.8863296508789,120.34353068793303,114.27454060735437,114.71861567969434,25621977
2007-08-03,121.06512451171875,122.19379861405343,119.15931621166534,119.89942919981728,18624951
2007-08-06,124.48075866699219,125.7463620453108,116.93894175277775,119.15930443652721,27696897
2007-08-07,124.4955825805664,127.73730250872924,123.78876830176982,125.08027354285277,18153197
2007-08-08,126.32740020751953,128.3960279694594,125.67238921013836,125.82041422666883,11731187
2007-08-09,122.16419982910156,127.89273235591685,121.45368704321714,127.81871387462594,15206489
2007-08-10,118.93359375,119.5256938132843,116.58371008936503,118.53392501034757,21324107
2007-08-13,119.38507080078125,120.63218190993037,118.05655610351288,119.89945386201131,15880518
2007-08-14,119.5516128540039,121.08366660396004,118.71527797634423,121.08366660396004,13394023
2007-08-16,112.56855010986328,115.30329603301105,112.294703270654,114.71859311350524,20439930
2007-08-17,112.43905639648438,114.25234206876875,108.13525886911067,111.7581436519208,32144356
2007-08-20,114.69270324707031,117.67908119692132,113.98219037951372,116.56891157412619,13428415
2007-08-21,108.30176544189453,115.82879017089294,107.40992879108039,115.82879017089294,21256848
2007-08-22,107.96874237060547,111.31408212580395,105.09707798168661,108.94940382597152,34262094
2007-08-23,104.70845794677734,111.01058534676194,104.13487460717394,109.53774455626221,22401222
2007-08-24,108.50531768798828,109.01230372570768,105.46712393157605,107.68748745923617,25364484
2007-08-27,115.07019805908203,115.68079090830936,109.98186845851791,112.42426379414282,24146557
2007-08-28,114.76300811767578,116.56890840582247,114.0524952694307,116.56890840582247,15639484
2007-08-29,116.48380279541016,117.30902999649837,111.32145576302571,111.32145576302571,21406819
2007-08-30,116.26174926757812,118.76705480933838,115.38470680297088,117.23501337114294,21752163
2007-08-31,118.44512939453125,119.75144107038999,116.19886411951192,116.19886411951192,17541785
2007-09-03,118.91139221191406,120.12149403958982,118.59313902204195,119.82544400392482,9559322
2007-09-04,119.30362701416016,119.97344397002783,117.83079814370541,119.15931252662604,12249215
2007-09-05,117.99363708496094,120.12148914882017,116.9389693490313,119.8254391252089,13408659
2007-09-06,120.9281997680664,121.3796718202588,117.3830328038651,117.53105780106713,19187133
2007-09-07,119.9216537475586,122.34184543487035,119.38136901532171,121.74975733257384,14101087
2007-09-10,121.37971496582031,121.73497747925732,117.30905601919474,117.97516275870093,9778755
2007-09-11,120.09929656982422,122.63790120862832,119.52939962572742,122.11981960637083,11426149
2007-09-12,120.22877502441406,121.35744898716773,119.8624171057956,120.63953923805586,7173111
2007-09-13,123.9367904663086,124.48818267380189,120.63955675074644,120.98741010204282,17429874
2007-09-14,122.1457290649414,126.37921871212902,121.47962239545977,124.41419745401201,18403981
2007-09-17,121.79417419433594,123.9701194044245,121.009642728354,121.009642728354,8372077
2007-09-18,125.44664764404297,126.03504918161273,121.15765658729025,123.60005141524157,17483906
2007-09-19,130.9790496826172,131.3713093901014,128.41083302217373,128.41083302217373,19620191
2007-09-20,130.2278289794922,133.13280344675388,129.68383375671775,133.13280344675388,10514542
2007-09-21,133.76190185546875,136.1746964577678,129.7430471952719,130.18712224470562,10646092
2007-09-24,135.7528076171875,137.3366643233787,133.98761520146985,136.18207652058396,11716667
2007-09-25,133.76190185546875,136.75199043122507,131.741378933046,136.4041250593566,8990739
2007-09-26,136.86297607421875,139.0685327740785,132.34084692891702,133.9617007531227,17348911
2007-09-27,139.1943817138672,140.54879801241802,137.0702401369226,137.81035323115972,19001064
2007-09-28,144.01626586914062,145.20786307836315,139.96411240871686,140.2564519454311,28323168
2007-10-01,140.22314453125,145.43358416270434,139.334994475467,144.47142758695009,20342560
2007-10-03,141.18161010742188,144.24940375233916,132.18544265190093,143.0652155841487,16419202
2007-10-04,140.99290466308594,143.73135005834064,136.9222458240202,139.51266617336728,21845548
2007-10-05,137.3699951171875,143.21324296940296,136.10808990406423,142.09565227571122,17201093
2007-10-08,131.88198852539062,139.73466320217486,129.89106591503509,139.51263167289903,14232658
2007-10-09,139.87901306152344,141.362949963824,129.4988278691336,132.48150776794614,16103078
2007-10-10,142.3621063232422,144.9599233517187,137.74005576889297,141.3629404033562,25739336
2007-10-11,143.95333862304688,144.6046510242717,141.51094404950044,143.95333862304688,9439431
2007-10-12,137.86585998535156,144.3233984660459,136.92220805881237,143.58328540999972,13711705
2007-10-15,144.5602264404297,145.99607009089414,138.08788230002372,138.6984869014308,19965928
2007-10-16,142.6803436279297,147.35789556423597,140.62281158329478,145.06352590140915,18506840
2007-10-17,135.34945678710938,138.65410000676889,122.93394385782375,126.56053879402124,19711011
2007-10-18,123.96637725830078,139.8826592545498,119.5293623363976,138.03236497533243,18895936
2007-10-19,123.38540649414062,131.3712998328202,118.41920170370973,131.3712998328202,18803749
2007-10-22,126.96757507324219,127.96674080028414,119.16671646213467,120.63955738691924,12092695
2007-10-23,134.35769653320312,135.43456742501604,127.670705210031,127.670705210031,15005529
2007-10-24,141.33702087402344,143.7091075206979,134.35769034785588,135.4419582510868,30437631
2007-10-25,144.1864776611328,146.09968315240306,141.00765661052313,141.36291900830588,27131122
2007-10-26,153.9375762939453,155.79526807789836,140.99287438966434,144.32340728407334,27641604
2007-10-29,156.66122436523438,160.97612924747776,154.01898907620142,158.01564075753836,23394130
2007-10-30,152.12059020996094,159.7919299121663,150.41460989054943,157.26072235393443,35348959
2007-10-31,153.07164001464844,157.1275041390505,149.5782757708034,149.5782757708034,16723817
2007-11-01,153.60081481933594,160.38401574520466,151.90964074349196,160.38401574520466,22714792
2007-11-02,166.4530029296875,168.30330968438037,148.02401372378873,151.724615263819,27875229
2007-11-05,165.6980743408203,172.40357022412078,163.9365922727084,166.52701200731317,30796214
2007-11-06,164.22149658203125,169.4874489098496,161.05008510232528,166.600979824254,16277520
2007-11-07,167.474365234375,172.37396085388286,161.43498778568235,165.78688965943192,18265648
2007-11-08,161.71255493164062,167.41517534433422,159.87335556552753,166.89709371317144,22659404
2007-11-12,166.15699768066406,166.89711095324662,153.97091067983564,155.42524750399625,19232749
2007-11-13,169.80572509765625,172.00388492504254,163.57761556118984,168.3772904644151,21697602
2007-11-14,174.213134765625,181.32939405335617,171.33777293982052,181.32939405335617,14499764
2007-11-15,170.83822631835938,175.7785302201338,170.07960852122878,175.7785302201338,11703800
2007-11-16,172.262939453125,173.8541933312455,166.99328745763003,170.83820323621836,13397361
2007-11-19,170.3978729248047,175.38628199684103,169.5763321680776,172.8180649417847,13369508
2007-11-20,168.66598510742188,174.19467880027582,167.41517537293822,169.8575824347851,11225962
2007-11-21,159.62538146972656,168.59934511207135,158.0156229914987,168.59934511207135,9390465
2007-11-22,166.47149658203125,170.22761174520608,157.34951971339908,159.88072702613582,25654801
2007-11-23,166.4567108154297,168.74738209139605,163.58874556465364,168.74738209139605,13137696
2007-11-26,166.03114318847656,170.22762316131312,164.49169256301994,168.7473849374561,13282875
2007-11-27,168.3365936279297,169.29505165259712,164.67670018771523,166.03112839535945,11716688
2007-11-28,166.7046356201172,171.98169668150254,165.71287882990788,171.98169668150254,11011129
2007-11-29,167.85183715820312,171.32299811473044,166.54922417445837,168.57715615947083,12873472
2007-11-30,170.4052276611328,173.11407201879715,169.0434024368321,170.37562744861262,16247886
2007-12-03,172.0594024658203,173.62476664711195,170.81230342687002,172.4479755978613,10122532
2007-12-04,171.32296752929688,173.54702897558366,170.37561715364657,172.22591160417312,8591649
2007-12-05,176.4816131591797,177.55478543734662,171.06763496533108,171.41178980042068,12728929
2007-12-06,177.2994842529297,180.3524841415682,176.0745881601085,177.6288450427413,10837322
2007-12-07,180.2784423828125,181.89930852668593,176.88869704853462,179.4643107801158,10566994
2007-12-10,179.54942321777344,181.95482072684055,178.739002122627,180.29324682114057,5373405
2007-12-11,181.1628875732422,183.25371840652943,179.55312904764253,181.99552376979818,7223274
2007-12-12,180.50048828125,181.69207351628197,179.10906268898023,179.10906268898023,6866408
2007-12-13,177.3623504638672,182.73562077364898,176.74065026146903,181.62543927593362,5157999
2007-12-14,178.13209533691406,179.03503954376708,175.87843335049445,178.36893296544346,7776298
2007-12-17,171.14532470703125,178.36888853173897,169.85751817845573,178.36888853173897,6731743
2007-12-18,170.1905975341797,173.78018296086893,169.21734539440232,171.7078448591787,6574078
2007-12-19,167.0117950439453,172.72181166591872,164.82473059366362,172.72181166591872,6859774
2007-12-20,167.05990600585938,171.18977643415158,165.7868932586136,168.22928807532816,12271143
2007-12-24,172.799560546875,173.78022193693275,169.5134214542874,172.05573682418458,5765394
2007-12-26,177.63250732421875,178.59096534009223,174.00221413079737,174.00221413079737,7428749
2007-12-27,175.86363220214844,180.49307963478535,174.39820008251144,179.47911963126657,9788029
2007-12-28,175.96726989746094,178.28754166034608,174.67205384114155,175.40848048058768,5737605
2007-12-31,175.49356079101562,178.35412876399525,174.66832168383146,178.35412876399525,3709223
2008-01-01,176.4075927734375,177.25872149893513,174.38705825568962,176.14854006553912,4502158
2008-01-02,179.35696411132812,181.62543184663298,173.33609216394447,175.5564550685523,10764075
2008-01-03,177.2772674560547,180.38947951309703,176.41872950083084,179.10906964216633,5993773
2008-01-04,176.79989624023438,190.50691547799357,175.92655217898692,190.50691547799357,5185640
2008-01-07,177.8434600830078,179.7011519253968,174.74235568899067,177.53260395276192,6612148
2008-01-08,182.4062957763672,185.17803938173893,178.7612081619876,179.08685841146445,15484183
2008-01-09,181.66246032714844,185.54809582174852,180.6744020813694,181.32941303779543,10546073
2008-01-10,178.33929443359375,185.40003940389647,176.00051886585157,183.71256418233733,9382993
2008-01-11,180.20445251464844,181.69949693472785,176.07458171924281,180.93716863092453,6831815
2008-01-14,182.29898071289062,187.7203566256418,180.6633084456995,183.45356867701773,14452685
2008-01-15,179.36441040039062,184.85979297375738,178.15430853581162,184.85979297375738,10085447
2008-01-16,178.7797088623047,180.07122629533768,173.63217966235723,179.47912620101806,17714860
2008-01-17,178.8389129638672,181.92151269121717,175.77851639055572,180.81133105058066,10439292
2008-01-18,174.84225463867188,179.6271358870484,172.09641282902794,176.88869113867733,9762815
2008-01-21,162.5414581298828,176.12635180933762,150.34427939016874,174.44628539681239,20268942
2008-01-22,158.19325256347656,168.7473747608863,135.4419628705374,141.36292737824814,16339193
2008-01-23,171.98544311523438,174.81639976497289,160.97615927556814,167.96288899762644,12340172
2008-01-24,173.42124938964844,177.6066340275663,170.22763363916386,174.705357833517,14721243
2008-01-25,178.17648315429688,181.98070287755402,174.66831342831827,180.58927746582788,14037072
2008-01-28,181.46466064453125,183.47669736678534,172.57321280032525,180.3390025885976,9114160
2008-01-29,174.98138427734375,185.04552888200942,174.14988517819418,181.20185789619563,9513170
2008-01-30,174.45187377929688,178.77011715975485,172.65553719818018,178.43282078816227,10367140
2008-01-31,170.01206970214844,176.31491695253533,167.55290573181097,169.04330596182962,11590430
2008-02-01,171.365234375,176.07961726250645,166.0625216483594,176.07961726250645,8707570
2008-02-04,178.35440063476562,180.9979164620429,173.35762583786774,173.67139050865583,7714390
2008-02-05,174.80882263183594,178.37794081578892,173.35763402981698,177.59351713239607,6614650
2008-02-06,171.19651794433594,172.96539692219147,167.6744637807739,172.49473799316507,9791590
2008-02-07,169.0668182373047,174.06359275941128,166.55666510097774,172.57319270109807,11433480
2008-02-08,171.95350646972656,173.98516076653686,165.99972211581004,169.06682133307697,8801220
2008-02-11,160.88528442382812,177.82098699897983,157.0180698691647,177.82098699897983,8656480
2008-02-12,160.9676513671875,165.98404379932063,157.85348861910998,165.98404379932063,6209390
2008-02-13,166.08995056152344,167.7882225846811,160.8853036848158,162.3757039087968,5526180
2008-02-14,173.11448669433594,175.1383014920727,167.78824250157334,170.56510939798122,5897790
2008-02-15,180.0762481689453,180.7312353267634,170.46705680001,170.84750281461558,9199160
2008-02-18,176.7816619873047,183.53162497636404,174.5617413477796,181.59409736443044,5913730
2008-02-19,177.65625,179.94676542956478,176.22075340457695,178.75445019950357,5196210
2008-02-20,173.3733367919922,177.1699447864735,171.0357454500809,175.0912266820908,8509480
2008-02-21,170.9219970703125,175.3186883415067,166.69002806519092,175.3186883415067,7750050
2008-02-22,165.81146240234375,168.80795429421119,164.7289540171804,168.57262482317296,6860760
2008-02-25,166.7606201171875,167.78821317888492,161.98348298320923,167.3724696038372,6969190
2008-02-26,166.65081787109375,169.04331262461736,164.7682057200934,167.0822533134269,5025960
2008-02-27,163.77981567382812,169.04330385863426,162.45414970246685,167.41954108788016,5723730
2008-02-28,159.95181274414062,164.41518476452296,156.59839480679963,163.99944123071774,13776620
2008-02-29,165.642822265625,167.47445683760188,152.57040681458344,157.6691607698266,24012050
2008-03-03,150.78192138671875,160.9951210964142,149.04049985195275,156.9631838423514,12664830
2008-03-04,147.1343536376953,152.1781920942929,145.98124988438084,150.98586476357795,12689030
2008-03-05,145.02818298339844,148.41297343280908,142.2199444780507,145.98126695130097,18636300
2008-03-07,144.3143310546875,145.902783995934,137.70556008465684,145.11836042606336,13408120
2008-03-10,147.89520263671875,149.66800742164742,140.0352877201752,141.98065466471493,15396930
2008-03-11,148.60516357421875,151.8644433091097,145.12623417676573,145.90281800090017,9158680
2008-03-12,141.79635620117188,153.747052301438,139.48230857315926,151.39378109274253,16347940
2008-03-13,133.03436279296875,139.5333172137526,131.783205804125,138.05859655670238,12035200
2008-03-14,134.3599853515625,136.48969233343078,131.7831512184849,133.3519982568002,12791620
2008-03-17,128.35525512695312,133.30496680766717,125.52739904263042,133.30496680766717,13595690
2008-03-18,124.92340087890625,129.82212308286648,124.01739245784016,128.64548752622417,12817860
2008-03-19,125.9039077758789,131.7360950501295,124.49978289564588,127.31194663476536,15698870
2008-03-24,128.97496032714844,129.4299275694731,125.900020453942,127.46886806084471,7787250
2008-03-25,136.41128540039062,137.65460231123294,130.60655443544672,130.60655443544672,8490040
2008-03-26,134.42665100097656,140.7255707313801,132.57149708888335,136.8819003795242,8200210
2008-03-27,129.16319274902344,134.9993062436188,127.57472777863605,133.35201189714766,21323720
2008-03-28,131.610595703125,132.3871794059064,126.50007623170079,130.13196146932617,12850380
2008-03-31,125.52737426757812,132.9597922191949,124.72334491358104,131.3124979703307,10361210
2008-04-01,127.32767486572266,128.93573405377126,124.09584072374948,125.90001782792766,9052460
2008-04-02,129.9162139892578,134.2148633127259,129.19454581808165,129.58675756128733,8951830
2008-04-03,128.5709228515625,130.99871435356746,127.46880887697434,129.9005263263681,6013970
2008-04-04,125.64114379882812,129.44951754746876,124.84102826572742,128.57096682522854,9383220
2008-04-07,131.2654571533203,133.35202703725446,122.47598828786566,126.99819037303128,10473750
2008-04-08,131.33607482910156,135.0777798130837,129.3005060219382,132.5676259754671,12816600
2008-04-09,132.84605407714844,133.48143527159766,129.50833983221338,131.62628113682877,6854370
2008-04-10,130.35549926757812,134.8777125056552,129.7828734298083,133.97954419311137,7675230
2008-04-11,130.7712860107422,132.56761109575967,128.6690241787678,132.4891639345877,10418310
2008-04-15,131.4497528076172,132.56755858004706,127.86885796401256,130.52805289107496,5713560
2008-04-16,130.60655212402344,134.13645893818622,130.05745790235827,132.56761146522499,7885420
2008-04-17,132.03811645507812,134.99932309401984,131.39096929867225,131.783181147325,11811200
2008-04-21,136.56817626953125,137.117270487017,130.21433926465787,131.383134932086,10872640
2008-04-22,135.8974609375,137.50945763804316,135.3130691934953,136.0974927830228,5551190
2008-04-23,133.0382843017578,136.85842446468396,131.783201405392,136.17597957331475,8243080
2008-04-24,131.91651916503906,134.13643945312978,131.39095677426457,133.3049523283416,7759740
2008-04-25,137.15257263183594,137.5722422141143,132.56761481857973,132.56761481857973,9429000
2008-04-28,136.2425994873047,138.13698902335665,134.9286876749522,138.05854188227315,5431690
2008-04-29,140.84719848632812,141.74536701747112,135.70530663067092,136.09751849954569,13827580
2008-04-30,139.20773315429688,142.8435442490785,135.7052846063221,141.11780273062442,8399990
2008-05-02,142.95333862304688,144.33391963230204,141.19229977967794,141.19229977967794,15728100
2008-05-05,139.61956787109375,144.20843897948834,138.537059418642,144.20843897948834,13404480
2008-05-06,137.85067749023438,139.93332112519994,136.09749032058696,138.99985515545492,8142150
2008-05-07,138.72535705566406,139.61959972976186,135.10131087591398,136.48974438574078,12539370
2008-05-08,135.96414184570312,138.05071146091402,135.1836442064028,136.8819160066747,7590660
2008-05-09,131.9479217529297,136.74466523286873,130.71244479461305,134.4502234137388,9038920
2008-05-12,130.4261474609375,131.78319727190075,126.76288978261883,130.60656158197307,6698970
2008-05-13,130.826171875,132.72447562068228,129.53187767501132,130.99874603091246,12101370
2008-05-14,130.27316284179688,131.61844660699086,129.5083569202655,129.5083569202655,4846080
2008-05-15,131.8694610595703,132.56759763342183,130.60653849683274,130.60653849683274,6057740
2008-05-16,133.84619140625,134.45018890935864,131.8694407495995,131.8694407495995,6750980
2008-05-20,129.64950561523438,133.50886751590446,129.05726208597082,133.35198522127922,6482160
2008-05-21,130.37120056152344,131.5674537389662,127.15507096746144,128.61409934934653,9411950
2008-05-22,125.95880889892578,129.27300317887995,125.50776775243617,129.27300317887995,8554590
2008-05-23,123.4133529663086,127.44528935185869,122.70736462168286,126.91972703349286,11728030
2008-05-26,120.64044189453125,122.68386228820654,119.73443347565566,122.60542709956687,8843250
2008-05-27,115.65544891357422,123.52321880107935,114.9180886141948,121.5856910252573,14487480
2008-05-28,119.00881958007812,120.4090185314108,114.15323574505035,117.48312195369526,11388370
2008-05-29,116.26368713378906,122.52982340835138,115.55153237346451,121.12143128418658,11949880
2008-05-30,114.9786148071289,118.47968887894618,114.2107674560935,116.57399670406532,8673280
2008-06-02,110.98818969726562,119.19583526980034,109.51614017610117,113.54636170045188,12061790
2008-06-03,110.45108032226562,112.16184206910935,107.58258612395858,109.00688333381565,9244330
2008-06-04,105.92752075195312,111.15924376174807,105.43020844795333,109.40870687995158,9136480
2008-06-05,107.78547668457031,108.93127394727026,102.80438925510335,105.92751271556305,11186030
2008-06-06,106.2418441772461,109.95776090805049,105.66893933115821,108.46980611854168,9630180
2008-06-09,103.01128387451172,104.07751851065184,100.25815769402534,103.44095635097854,9006700
2008-06-10,101.77397918701172,103.18237119440462,99.4943010216474,102.0723666039178,11992080
2008-06-11,104.23666381835938,105.40634338366479,101.98881452689515,102.64526437075084,7657900
2008-06-12,106.58795166015625,107.37171632744199,98.40020125759588,101.21299645824888,12235480
2008-06-13,106.2418441772461,108.21517634631782,105.22334937118225,106.46463915723407,13074070
2008-06-16,105.55355834960938,108.59710772414203,104.71410086978415,106.2179730396365,6875270
2008-06-17,110.40335845947266,110.90465326962304,104.64248695165037,105.43023420454145,10930420
2008-06-18,107.4632339477539,111.29453054455595,107.02957900046094,110.21237829780301,8600480
2008-06-19,103.48075866699219,110.1805493478919,102.6452714709226,105.82807058630003,8638620
2008-06-20,99.3789291381836,105.43022911030549,98.75430791871335,103.83882942562164,12016530
2008-06-23,95.82611846923828,99.29934608155753,94.71213763609018,99.06461611880798,9910660
2008-06-24,96.02105712890625,98.89750964698914,95.3248199392394,97.42944283003573,10703480
2008-06-25,95.01451110839844,96.8366582137541,90.72568382358938,93.09687177582857,15161940
2008-06-26,97.35784149169922,99.43859455072464,94.4893413423631,96.26375438141922,13360230
2008-06-27,92.39664459228516,95.58341947227483,91.51341750422094,95.58341947227483,10107830
2008-06-30,88.44998168945312,95.0821379697296,87.60653587819459,95.0821379697296,7878630
2008-07-01,81.58309936523438,90.2164409644308,80.44524841060208,88.72052752877264,9552870
2008-07-02,85.80427551269531,86.89040389189967,76.83674265973623,76.83674265973623,12143830
2008-07-03,87.56278228759766,90.20848774246885,82.77267220354253,85.85600890225851,20565740
2008-07-04,89.50428771972656,90.69386104279899,85.53772394241474,87.44740457480547,13738650
2008-07-07,93.23612213134766,94.84740929439944,89.9140731934825,89.9140731934825,11352800
2008-07-08,96.0926742553711,97.07536387533949,87.12911757663667,92.30116565196214,15733380
2008-07-09,98.49170684814453,100.65601098046042,96.43880018698842,98.268911905825,11215310
2008-07-10,98.39225769042969,100.01946232268602,95.48795220945412,96.83666312615559,13646470
2008-07-11,97.14301300048828,100.17860979404682,95.08612966877423,99.01688877093001,14261980
2008-07-14,100.091064453125,101.75407388662587,95.49192122912511,96.99579315335464,13086900
2008-07-15,94.0357894897461,99.86031097045343,91.692454148447,99.86031097045343,11899050
2008-07-16,90.37956237792969,96.0966635820179,88.8080564640599,94.29042768068084,13217050
2008-07-17,97.99440002441406,100.5764478534165,92.53988173324878,93.49471898825016,15274250
2008-07-18,103.41312408447266,104.20882390364253,96.75709679691488,99.46247739623401,14381200
2008-07-21,107.62236785888672,108.61301010980056,102.73278975508036,104.19687430342695,15258050
2008-07-22,111.66848754882812,112.82623201294697,106.25375718175758,107.02160444094487,18523660
2008-07-23,122.80033874511719,123.31356846202576,114.5807592139781,115.37645893074183,17998330
2008-07-24,117.66808319091797,125.24313608684578,116.3591536995054,123.970023768712,23457650
2008-07-25,114.89507293701172,119.99152904791843,113.20421090739153,113.3872184568836,20916970
2008-07-28,112.78646850585938,119.74487177461717,111.55711372561267,111.55711372561267,22257740
2008-07-29,104.9249496459961,112.88591721721265,103.91838996957036,111.23882508370434,23743080
2008-07-30,110.43914031982422,111.21892263975174,105.43021207842641,105.82806193532613,15774740
2008-07-31,112.77053833007812,113.8566605873835,106.86246597030258,110.60225191616361,18850520
2008-08-01,119.71699523925781,120.94236738814438,109.01085472848017,110.7454741802228,20020950
2008-08-04,120.1904296875,123.09472843567606,117.68396860677997,119.24752758310733,20132270
2008-08-05,125.59326934814453,126.19800904287327,116.96788534291964,120.19047236738551,20382430
2008-08-06,120.82703399658203,130.41520802488537,119.93584185739705,126.71122598239056,29935170
2008-08-07,121.20098876953125,123.68356804327259,119.86022452494039,120.53259176848105,19255860
2008-08-08,120.7713394165039,122.83219940679636,117.37369717479343,122.83219940679636,19437840
2008-08-11,127.14885711669922,127.70982697252043,121.9807904338121,121.9807904338121,16712000
2008-08-12,123.81489562988281,129.2853331532765,121.35618553330886,127.03350068667659,18468010
2008-08-13,123.60396575927734,126.35709155733294,121.13332204460495,123.61193052531789,15952190
2008-08-14,115.79021453857422,125.55344033960512,115.53558482693796,125.55344033960512,19758430
2008-08-18,115.77827453613281,117.58053364996942,113.39514597070887,114.5807427492309,19824950
2008-08-19,114.77570343017578,116.08463288290277,112.36076398211718,113.7850611536362,12389550
2008-08-20,114.85527801513672,117.60442202769485,113.78506091147439,115.69473539887747,12479950
2008-08-21,106.87043762207031,114.73990811619815,106.14634789401497,114.1988380829801,20000570
2008-08-22,106.95000457763672,108.4379592007623,104.15709072990822,106.87042974736087,22535390
2008-08-25,107.98838806152344,111.14333463892764,107.6064555832267,109.0108651485718,12358750
2008-08-26,109.06655883789062,109.72300863280239,105.84397276847169,107.33987988152943,16861130
2008-08-27,105.90763092041016,110.52267929270616,104.88117154704614,108.57719991333279,12747800
2008-08-28,104.18494415283203,106.78290333419856,103.4847244920877,104.26848922644804,21443360
2008-08-29,111.70430755615234,112.1777498894102,106.30549385792256,106.30549385792256,26616360
2008-09-01,112.63925170898438,114.15904110550771,108.29473798728212,110.60226234511079,16822410
2008-09-02,121.18506622314453,123.17431546468855,112.9893569197004,112.9893569197004,32085130
2008-09-04,122.11602020263672,123.0708573070159,116.2875229836302,119.36289420790736,25526720
2008-09-05,120.93445587158203,122.3149957531961,116.9678911848605,120.27004107943071,27862810
2008-09-08,126.655517578125,128.10766727893545,124.12916829511758,124.12916829511758,18162660
2008-09-09,124.00582885742188,126.50830797777779,123.41303642726406,126.50830797777779,20039510
2008-09-10,124.6583023071289,126.01497190658202,122.13991781301166,122.61734254376545,21169520
2008-09-11,122.45420837402344,123.7870077959198,120.15860697571244,123.42893321883284,17952650
2008-09-12,120.43315124511719,124.44745565965842,118.40014389129026,124.11326316895057,22024870
2008-09-15,118.56722259521484,119.54991233194967,111.8753965177774,118.4637898775796,22133240
2008-09-16,125.78025817871094,127.31198290127526,112.9893848248818,112.9893848248818,31851640
2008-09-17,121.80569458007812,127.31193428075115,120.27795282567857,127.31193428075115,25739370
2008-09-18,124.65432739257812,126.33325437287232,113.3872158700753,116.96786479228821,26752670
2008-09-19,124.5866928100586,128.9033666205419,123.0390630243541,127.15282950212625,32792550
2008-09-22,124.67818450927734,126.9061460363323,123.17431260326262,125.72054914500534,18509600
2008-09-23,119.61356353759766,124.77367694717732,119.1003337947586,121.74206281576407,21782090
2008-09-24,120.79118347167969,122.37861258125557,118.07785680434486,120.54850089840956,20613440
2008-09-25,118.9571304321289,121.53917262214158,116.80874321381188,120.95433273268817,23392930
2008-09-26,114.1709976196289,120.07110687996617,113.55433506999401,120.07110687996617,21995190
2008-09-29,111.83162689208984,115.77432085658106,107.57861049137162,115.37248857247883,18599280
2008-09-30,116.43872833251953,118.16141295014259,107.81731619356445,110.20441544508249,22297620
2008-10-01,119.70904541015625,121.34420244140613,112.59150587186208,118.14548629548601,27509950
2008-10-03,118.05400085449219,121.50335256139175,115.45604158873236,115.45604158873236,22453270
2008-10-06,114.0595932006836,117.60443740334986,113.08485605152958,117.17475269558773,17822350
2008-10-07,111.90321350097656,119.7527947503731,109.96568683750854,115.80214898699921,30591760
2008-10-08,104.8970718383789,110.20438631438383,103.52051503346952,109.3848167593154,36496300
2008-10-10,107.61840057373047,109.40872516737849,93.98408246852841,98.98505874739163,40092370
2008-10-13,119.01282501220703,121.90120703243092,108.53344795310348,109.64743495887309,25623250
2008-10-14,121.61075592041016,126.50032130953804,119.59365448377864,123.53634753046859,32862040
2008-10-15,119.36689758300781,122.29904922091026,115.77431369523494,115.77431369523494,24593970
2008-10-16,122.58151245117188,124.04162675475236,112.67108329162815,115.77430729026555,42410260
2008-10-17,112.94561767578125,124.52702282008251,109.8105584174287,124.04959806772034,25248640
2008-10-20,114.23065948486328,120.15066784306873,108.86366830653007,112.98936975970702,30953910
2008-10-21,118.3682861328125,119.74882563449458,112.9893603894089,115.37645955256542,28087600
2008-10-22,110.7853012084961,117.68401835349513,110.04927632267835,116.1721932972893,25793370
2008-10-23,105.52969360351562,111.15529742405786,104.55495642148779,108.6926053937219,39793950
2008-10-24,92.67912292480469,104.4753748210162,87.5269684935314,103.44096276508256,56288010
2008-10-27,83.76729583740234,94.66440411858788,78.37642859549932,91.47364629018111,55117660
2008-10-29,87.49117279052734,94.29042611092322,85.79632833467302,92.29720030137493,35811180
2008-10-31,88.2988052368164,93.65386133714662,84.78181367897568,91.50149805381139,42932920
2008-11-03,98.69859313964844,100.63214368527524,91.9033168614108,92.61944781732943,29298820
2008-11-04,105.09204864501953,106.17818324280817,97.36182800281965,97.87903408690362,38777990
2008-11-05,101.2527847290039,109.80655632693548,100.41729763301623,109.80655632693548,36100190
2008-11-06,96.81278228759766,100.6321433250193,95.4839652284711,98.17342806361852,46117130
2008-11-07,99.36299896240234,100.25020241850495,94.33815346864445,95.56353172187082,33260620
2008-11-10,103.50859832763672,104.63450803383971,99.54202886215786,101.05385946994406,21899500
2008-11-11,97.26634216308594,104.2128041103997,96.59795724288934,104.2128041103997,31740150
2008-11-12,93.79310607910156,98.10182086415767,91.20708194542539,96.2955790696555,45924780
2008-11-14,93.22418212890625,98.58719654304542,91.90729399263307,95.56353517812146,38588160
2008-11-17,92.92976379394531,94.60869055811987,89.19793045499237,93.09685999365425,23674860
2008-11-18,88.19932556152344,91.81975519877358,87.2882460948451,90.78932564537436,36780860
2008-11-19,86.01911926269531,91.6646035691318,84.78975860498227,88.15954734063058,29265110
2008-11-20,86.50053405761719,90.45516347053596,81.26085102594689,83.46891942830891,28114400
2008-11-21,94.17504119873047,96.27966424605592,86.34932926262437,86.34932926262437,36650180
2008-11-24,91.298583984375,97.25837924577091,88.82395737463114,95.48396620272581,54269450
2008-11-25,85.28706359863281,94.68825674683778,84.34416147197315,92.91782626970416,41450190
2008-11-26,87.92483520507812,88.72053507118743,82.99149846348372,86.25386670039023,51878600
2008-11-27,87.92483520507812,87.92483520507812,87.92483520507812,87.92483520507812,0
2008-11-28,86.61590576171875,88.31472049051467,83.94633021964147,84.74203003214991,43218640
2008-12-01,84.02986907958984,89.6196545882491,83.38933058138706,86.73126687679739,52079380
2008-12-02,82.51404571533203,83.15060782071083,79.21587355948726,82.35490822434039,47199410
2008-12-03,87.30020141601562,88.00439744504874,82.36288872703855,83.54847973973762,44484720
2008-12-04,93.00933837890625,93.49471568642424,87.36783036334137,87.92481773063727,46807810
2008-12-05,90.2442855834961,96.20009854668878,89.14223975792821,92.93773086865946,47797020
2008-12-08,92.9974136352539,95.4839754971591,91.74418888513677,93.09687610973012,39952840
2008-12-10,94.61666107177734,95.3248333702472,91.50547210622612,93.49472149983973,42085520
2008-12-11,95.39246368408203,97.23450442811709,92.70697709946378,94.76783648305361,40859770
2008-12-12,96.82470703125,98.0301914787851,90.41932868542793,92.69900641374498,31712630
2008-12-15,95.85794830322266,100.17859811866046,94.87923495544302,97.0753679297166,45421700
2008-12-16,98.56729888916016,99.0646111943527,95.08611275281241,95.08611275281241,39890860
2008-12-17,95.61923217773438,100.25816291897071,94.6882649790279,98.67869851748752,35341750
2008-12-18,103.11872863769531,103.83883606977774,95.65108343969877,95.73463459960224,50271830
2008-12-19,102.4423599243164,105.35064152493982,100.86290151339061,101.84956749873658,44556150
2008-12-22,101.28858947753906,105.26708788417359,100.6560096878538,101.6904217018615,29188170
2008-12-23,100.59236907958984,101.84957624331311,99.46247680011045,100.41731414910839,25515770
2008-12-24,102.30708312988281,103.12268258037057,99.67729546516276,100.25815889814392,26877010
2008-12-26,98.91344451904297,104.15710351631223,97.60452096193916,103.04312860418472,24848860
2008-12-29,101.19710540771484,101.57108530203094,95.92957030677367,98.66677968584628,25527640
2008-12-30,102.7805404663086,104.10538741648247,100.22634486767635,101.4517232733452,27519810
2008-12-31,102.5498046875,104.07754700412026,101.05388502393953,104.07754700412026,27040780
2009-01-02,105.97525787353516,107.4194547072251,104.41171094673587,104.63450588148223,24161650
2009-01-05,108.2788314819336,109.61958371767325,107.26033669757405,107.73774929819635,26931910
2009-01-06,105.25914764404297,110.49882386293825,103.28183321761979,110.49882386293825,35970960
2009-01-07,98.67073822021484,107.3916061248185,97.08332121833116,105.43020929600569,37268580
2009-01-09,97.16288757324219,99.59772663043596,93.60213275006517,97.07536012353984,24996510
2009-01-12,92.21365356445312,97.3300037558724,88.1913906481991,95.88183029630017,40927670
2009-01-13,93.48675537109375,94.39385253681874,90.74159385440608,91.10761498525063,22844560
2009-01-14,95.2373046875,96.39504320596892,93.2082679038037,93.89257017207028,17225460
2009-01-15,91.28666687011719,93.49473523556692,90.07322334759903,93.49473523556692,18848400
2009-01-16,92.63137817382812,93.62202645230708,91.58503116105958,91.90331224444576,16210980
2009-01-19,91.2190170288086,94.13128096946598,90.6381596225292,92.5398815013141,21402920
2009-01-20,88.55342102050781,90.31191664250703,87.70202257780761,90.07320430239382,18013440
2009-01-21,86.03105926513672,88.30676103869463,85.1398733585459,87.52697261158924,23453440
2009-01-22,86.7551498413086,87.84526077310196,84.82558143273258,87.51902093507549,23947180
2009-01-23,82.87212371826172,88.40223412150692,82.04459531426767,85.89180257721273,43595270
2009-01-27,86.54428100585938,87.04955203629788,84.34417172896327,84.34417172896327,38194150
2009-01-28,88.51763153076172,88.9353690932369,84.76988598555891,86.91827314091837,34353520
2009-01-29,87.4673080444336,92.61946333576911,86.62386207916204,89.914082643848,35923120
2009-01-30,91.58505249023438,92.22161480525526,85.67698468387567,87.11719948499294,28335200
2009-02-02,87.19277954101562,90.63020219764962,86.3453573697024,90.63020219764962,25800050
2009-02-03,86.914306640625,90.15280513583491,84.83752932295852,84.83752932295852,28290850
2009-02-04,87.27234649658203,89.09051722010084,86.41697171641499,87.52697016696673,19596770
2009-02-05,87.10923767089844,88.2988111021458,86.09471917355589,87.72590625326022,16521600
2009-02-06,89.00696563720703,89.43664418780732,87.52696376426385,88.32266343484807,13306740
2009-02-09,91.3105239868164,91.8237537328124,88.80009220946056,89.51622320927625,15696460
2009-02-10,92.6274185180664,94.19892444092467,90.94849142022262,93.39128961313581,18732300
2009-02-11,92.21365356445312,92.69903095036489,88.08795185491108,92.06246865289465,16529950
2009-02-12,92.23751068115234,93.62203257380348,91.10761852842457,91.25482103494902,19717850
2009-02-13,95.15771484375,95.95739684879868,92.77857467470012,92.77857467470012,23079310
2009-02-16,90.45911407470703,94.83944459650253,89.72309553024591,93.93632378090511,26650050
2009-02-17,87.43148040771484,89.75492813368412,86.83868801946971,89.75492813368412,25742350
2009-02-18,85.21149444580078,87.92483386171767,84.74203444590889,87.36784639223438,21865720
2009-02-19,84.2407455444336,87.00977763070884,83.62805325859532,86.5721463543896,28702260
2009-02-20,83.07502746582031,84.06169340897091,82.35492019772339,83.3694385447353,24872000
2009-02-24,81.78202056884766,83.59621505493442,79.26363009357732,83.59621505493442,23881530
2009-02-25,82.48225402832031,84.26462009329344,81.96106549770857,83.94633892115685,21451430
2009-02-26,81.40406036376953,83.94632073465912,80.76352184424552,82.6732023926351,25935300
2009-02-27,81.58309936523438,82.4344979067629,80.06331590693551,81.43191446089969,31330010
2009-03-02,79.13233947753906,80.76352642977312,78.37642712643007,80.7396564080529,29765340
2009-03-03,77.52898406982422,80.12694262692087,77.06350055940828,79.17210559079163,29948750
2009-03-04,76.14448547363281,78.4559922196123,75.67104316263321,78.13771111324469,32641740
2009-03-05,74.34620666503906,77.81944055992193,73.44309178973774,77.17491961295914,39906360
2009-03-06,74.88329315185547,76.22006878177558,72.50017055905586,73.60221625356927,34055320
2009-03-09,71.23900604248047,74.75599789502655,70.93664228729824,74.15922301219013,30241710
2009-03-12,72.5081558227539,74.31837437019347,71.38223969795395,74.31837437019347,28733960
2009-03-13,75.83416748046875,76.04502743569115,73.42319812776904,73.42319812776904,27138500
2009-03-16,78.53955078125,78.85384953340075,75.94159140120809,76.06094151550093,26738790
2009-03-17,75.59544372558594,79.40286949815706,75.31695005978553,78.85383479221724,31748750
2009-03-18,76.41104888916016,77.58072853687548,75.97341765265872,75.97341765265872,33178570
2009-03-19,77.07943725585938,77.66029467593287,74.47749566404458,76.22803876300755,36346870
2009-03-20,75.96546173095703,77.06352528184149,75.19363194497055,76.1166466372824,25116640
2009-03-23,81.44384765625,81.92524258810836,76.48663572074128,76.78502311627084,41955060
2009-03-24,82.1361083984375,86.33342594298689,81.55922727332863,82.35492705160502,49523400
2009-03-25,83.54449462890625,84.30438325088004,81.34040299588618,82.67320246062583,44390960
2009-03-26,87.16890716552734,87.92481947481075,83.40922111422427,84.64255811432572,61469300
2009-03-27,89.46052551269531,90.23235526201945,86.36127757519563,87.92482471155657,47121700
2009-03-30,81.34837341308594,89.03881307484819,80.68396477692666,88.40225077624717,36695200
2009-03-31,84.90911865234375,86.3334219175326,79.18008294416366,82.12019324497852,57944790
2009-04-01,85.73267364501953,86.30955476238469,81.42395867500562,85.62922878997936,41162770
2009-04-02,91.270751953125,93.09688163593692,87.61451020303284,87.61451020303284,54598560
2009-04-06,89.4963150024414,95.00653738893546,88.19136809005218,93.5344942821105,43532540
2009-04-08,89.41676330566406,90.6302066914731,85.16772936930563,86.73127653230152,40749110
2009-04-09,90.73363494873047,92.45632551117912,88.58922452064304,91.52137594437096,51455970
2009-04-13,96.90827941894531,97.87107544894185,91.90332694595759,92.36483428715822,38229470
2009-04-15,103.0271987915039,104.23666579420832,94.34611779701355,94.70816263517692,46068910
2009-04-16,100.3258056640625,105.10398063994536,99.46247213442064,103.83882090833515,44285690
2009-04-17,103.8228988647461,107.81731496641908,101.58300822064643,103.36139155773559,41972610
2009-04-20,103.0152587890625,106.7828973557735,101.45967048865798,104.23666074300576,31771450
2009-04-21,99.76484680175781,102.24743256386058,98.71850560827147,101.10162281662728,32374050
2009-04-22,97.97850036621094,101.69044080541028,97.3140917359721,100.64806989897178,26714150
2009-04-23,100.73162841796875,101.92119586675504,95.59936049155993,98.13764508006388,23673550
2009-04-24,104.32816314697266,105.43020278250754,100.1785863486145,101.41589953730539,32576230
2009-04-27,101.70634460449219,105.82806966588659,100.65204483497594,102.56569574443238,39037480
2009-04-28,98.31666564941406,103.32162420608432,97.87505201622008,101.5312935798401,26923940
2009-04-29,101.7381591796875,102.80042356974707,98.82589550538421,99.06460783205736,26359680
2009-04-30,101.7381591796875,101.7381591796875,101.7381591796875,101.7381591796875,0
2009-05-04,108.71247863769531,109.24957839868048,105.24322723265828,105.45010479730838,26068980
2009-05-05,107.03754425048828,110.2840010053443,106.28163184225386,109.40872633807336,33063880
2009-05-06,105.22732543945312,109.56786968795603,104.24861799879574,107.73775755838479,31127410
2009-05-07,108.97107696533203,109.70311926916642,106.22591529059943,109.70311926916642,22238920
2009-05-08,105.39442443847656,109.4087286999899,103.92635725297067,108.99099113788364,29102550
2009-05-11,100.11495208740234,109.32915147926019,99.23172479291917,107.0216268352887,47713180
2009-05-12,103.05503845214844,103.44095326344164,98.67073173326168,99.46245506100158,36138280
2009-05-13,100.36956787109375,104.23666921463688,99.86032050715212,103.44096944963965,32428530
2009-05-14,100.843017578125,101.5233375273593,97.03161469654168,99.43860787584455,30001780
2009-05-15,104.51516723632812,105.42623471015348,100.8151561062879,100.8151561062879,31352870
2009-05-18,125.44605255126953,134.3141303316923,114.97862252394921,114.97862252394921,586240
2009-05-19,139.56178283691406,146.71114669236061,119.35498113171764,131.13134169833043,88024960
2009-05-20,141.72607421875,144.81736357020444,136.22380330368944,138.45176517151413,42963400
2009-05-21,136.23971557617188,141.55498421132538,135.26896088556228,140.04315950505273,33942350
2009-05-22,137.81521606445312,138.44382576554744,133.35930404468803,134.2345666232446,27543220
2009-05-25,137.04736328125,138.66661537967056,134.8711237196451,138.19714324367166,19427370
2009-05-26,134.42953491210938,140.08297970064135,132.88189266960381,135.7464173681504,23269550
2009-05-27,142.6610107421875,143.20209291571229,136.0765998025659,136.0765998025659,24888350
2009-05-28,145.5772247314453,146.17001706023217,140.63990715620562,141.6345316764051,33875450
2009-05-29,148.704345703125,150.55832760621138,145.37434414060203,145.69263133036364,27538230
2009-06-01,149.3329620361328,162.29888878915318,146.62360519492586,162.29888878915318,24863020
2009-06-02,151.73199462890625,154.44533382193876,144.71789904985653,149.59156025497197,29940300
2009-06-03,149.55575561523438,153.56210697527476,147.84102353762069,152.3765099162441,22318310
2009-06-04,149.82229614257812,150.80896817422948,146.4883244877291,148.39799897453543,18597230
2009-06-05,144.63037109375,151.02382178718807,144.02166124321292,150.7851094231428,29529250
2009-06-08,134.94671630859375,145.61307176934653,134.01971918912045,145.53349692820666,29202040
2009-06-09,140.3296356201172,141.2367330254408,133.59800908693467,134.46533121017345,27424340
2009-06-10,142.1215362548828,145.6083355356073,140.7745399937694,142.70401912275884,24852900
2009-06-11,137.00462341308594,142.7889882544721,135.91246474080063,142.7889882544721,24158870
2009-06-12,132.2395782470703,139.4235133656757,131.54383547615396,138.3394527802295,26690980
2009-06-15,132.8301544189453,135.42704615608798,130.24943384772772,131.78653402990926,22146030
2009-06-16,138.6913604736328,139.3102469765219,129.3554757855409,130.76718138981732,26333860
2009-06-17,134.48455810546875,138.9866598977538,133.70791011786875,138.25855009480364,19302210
2009-06-18,137.7974395751953,139.85230112398133,134.2135509817632,137.35248559482758,30383330
2009-06-19,139.52061462402344,141.1709747424847,135.67785170123372,138.76823567478826,21372910
2009-06-22,137.1583251953125,142.3844885591928,136.39787295526054,140.03838544683083,23360990
2009-06-23,138.173583984375,139.5529347629248,134.65443042742749,135.5079221611009,20581410
2009-06-24,138.8855438232422,139.95746995371834,137.12596044598416,139.47206338606034,14681970
2009-06-25,137.85406494140625,140.76647980619188,137.5304687761645,139.95747704868504,24184620
2009-06-26,141.51480102539062,142.30357125826714,136.72145751636552,138.331377347673,24410100
2009-06-29,142.8010711669922,144.00244033434396,140.4064184130432,141.9758851872965,23879140
2009-06-30,141.19522094726562,144.2532497477937,140.20823680059786,144.24516416588324,23204390
2009-07-01,143.96607971191406,145.13508221667217,139.23745785246862,140.03837498476366,17933070
2009-07-02,142.33999633789062,144.81149384098077,140.13950784616262,144.4069924615367,15760670
2009-07-03,146.4011688232422,147.40028763910033,140.03837056724157,141.09006418864897,20745030
2009-07-06,133.7686004638672,148.84841019450374,132.12227701801987,145.6204849996927,38145200
2009-07-07,132.38111877441406,137.28772087980522,130.98963349599748,135.912419107714,35622590
2009-07-08,127.87907409667969,131.85936625363266,126.7262426776872,131.85936625363266,38775930
2009-07-09,129.7681121826172,131.4467907699882,127.02154381727995,128.22696261009244,27925520
2009-07-10,124.88170623779297,130.89663933758888,123.85831831600095,130.16852950089952,18080560
2009-07-13,125.11628723144531,127.33699526055378,122.20792210340457,124.18189028234507,19032760
2009-07-14,128.0327911376953,128.62740874730957,126.76671200184308,127.01345195452986,15304860
2009-07-15,132.43373107910156,133.307455420734,128.30782497874932,128.631421100361,14263530
2009-07-16,129.78024291992188,134.29448055484085,129.05618187254535,133.647275770033,17090780
2009-07-17,135.4230194091797,136.1551659137105,130.8157428016425,131.05844609662785,18382380
2009-07-20,139.38710021972656,140.7179129410718,132.75733039202765,135.91243556561224,22836640
2009-07-21,138.46485900878906,140.76647272567772,135.91245642479228,139.31026536653172,20470230
2009-07-22,137.03695678710938,141.33275883326687,136.16728141741018,139.14845417269194,18256050
2009-07-23,139.72689819335938,140.76646962421756,137.732709503006,138.33946152724832,16199720
2009-07-24,137.4171905517578,141.16691338858564,136.8104385645714,140.76646102725087,16009690
2009-07-27,138.4446258544922,139.79565878314574,137.12594759993067,138.339451560992,13469350
2009-07-28,136.05404663085938,140.83120711663244,135.27739852118623,140.83120711663244,18234730
2009-07-29,134.03152465820312,135.90436788194646,131.16361157088093,133.64724343832432,22374180
2009-07-30,139.3749542236328,141.09003562893776,133.49350240183477,134.3712755742812,35454850
2009-07-31,146.56295776367188,147.42051093089802,140.76645928278762,140.8473644845035,37298300
2009-08-03,149.42681884765625,150.79807176337775,145.70136552721715,147.23846544853552,20452310
2009-08-04,150.2681884765625,152.73969791249522,148.55715582685562,151.2834907201061,21143620
2009-08-05,149.14369201660156,151.58283470771983,148.06771692468976,150.0740525451758,16060330
2009-08-06,145.34947204589844,150.07000847167933,144.7305854427428,149.09920765125509,21399520
2009-08-07,141.03343200683594,145.62047550388007,139.1484543703743,143.25010368904591,18468450
2009-08-10,138.4163055419922,145.4060877499337,137.53044667731274,145.4060877499337,15173500
2009-08-11,139.8968048095703,141.9799844486978,137.9875578012704,138.82487862093217,14983390
2009-08-12,137.7529296875,139.14037869856435,135.21266170543805,138.2706909212833,18132910
2009-08-13,145.42633056640625,146.4294984250155,139.60151320843528,140.76647914890995,17255080
2009-08-14,145.68113708496094,146.82588264821314,144.08336439653573,146.02496565024728,18003360
2009-08-17,138.6185760498047,144.1238337931054,137.97945696967935,143.39978522576135,17764560
2009-08-18,140.3174591064453,142.38445478324243,138.1857293972008,138.61854874229445,17143070
2009-08-19,136.81044006347656,141.3651289807324,135.10344396038073,140.44286644388072,17077320
2009-08-20,141.830322265625,142.7889885707263,138.33138776244664,138.33947334614277,13086470
2009-08-21,143.666748046875,144.25326759012364,139.1848662341652,141.25187452493336,16561130
2009-08-24,144.82765197753906,146.83397501162392,143.9134750699583,144.8114684687641,13407320
2009-08-25,141.38133239746094,144.127900505855,140.84739990283242,143.92160083068262,19068840
2009-08-26,140.7421875,143.4118986283678,140.21229176877492,143.4118986283678,14059340
2009-08-27,141.88291931152344,143.11259471679733,139.3102839105145,140.76649146350036,14964560
2009-08-28,144.14402770996094,145.53954966232743,142.38444474494338,145.53954966232743,17242710
2009-08-31,141.00106811523438,143.50089571523327,140.442866649387,142.78896942455128,13536820
2009-09-01,140.2163543701172,144.0833863018252,139.63387143656772,142.46538089627703,14452090
2009-09-02,140.31341552734375,141.57545763169944,138.74394847906544,140.0383576008868,10257870
2009-09-03,141.33277893066406,142.13369610267154,140.5399596866299,141.49457701289924,8141010
2009-09-04,142.5826873779297,143.52113354147505,141.0172690136205,141.7615500709281,11168520
2009-09-07,146.70050048828125,147.3921942953311,143.2743737829889,143.4038048248199,15435350
2009-09-08,153.22918701171875,154.51549860738302,147.07672366561522,148.45202607041125,33064000
2009-09-09,153.28578186035156,154.33343880950113,151.364400568935,152.90150066430795,15133650
2009-09-10,152.2178955078125,155.73301307622802,151.37248920386966,154.52355804176642,15544830
2009-09-11,155.36895751953125,157.56944566010475,151.79720399615604,153.66601044026112,15730190
2009-09-14,158.27732849121094,158.92453308653353,154.56804587250153,156.05660780066285,20335210
2009-09-15,162.45175170898438,163.41043010346164,158.56854933060265,160.9672389372837,21787620
2009-09-16,168.81460571289062,169.80967565871453,163.01405736155226,165.84151807873118,25738170
2009-09-17,170.03616333007812,173.34499340006354,168.55165044760662,170.69955139826502,31467900
2009-09-18,173.75758361816406,174.90636586967946,168.23209418238474,168.67704809708448,39998710
2009-09-22,175.61422729492188,176.76705840557725,172.3175443496016,173.12654690523354,18926230
2009-09-23,173.26004028320312,176.98145726442414,172.7220589736737,176.76707206439207,17880240
2009-09-24,175.33517456054688,176.19271555917928,171.10004438043805,171.58949996568268,26885360
2009-09-25,173.0052490234375,175.79630613882435,172.31759172433516,173.9355972804322,12405000
2009-09-29,169.24334716796875,175.3108668729227,168.6770477977198,173.22768757643527,20299040
2009-09-30,177.57203674316406,179.51768717303634,168.69323986446898,169.89056035722092,29648950
2009-10-01,178.8502655029297,180.8120994761937,175.57785113467753,177.29698183439524,29251450
2009-10-05,172.57240295410156,179.19408769588605,170.84517438898655,179.19408769588605,32553460
2009-10-06,174.63536071777344,175.34727465244822,169.83796860529534,174.6960334473763,30294870
2009-10-07,170.02810668945312,177.13114985539318,168.7579787895238,175.15718116792877,26530130
2009-10-08,171.180908203125,172.68970251434146,169.61549012831227,171.10405196764424,19955940
2009-10-09,167.26535034179688,172.31351908273598,165.60284344226184,171.61777629543977,35045440
2009-10-12,175.7720489501953,176.76711897817032,167.20469956854552,169.7854205804481,29287260
2009-10-13,175.7720489501953,175.7720489501953,175.7720489501953,175.7720489501953,0
2009-10-14,183.84181213378906,184.9380196654854,175.9580848787408,176.7913566609593,27478890
2009-10-15,188.3924560546875,189.2985474789209,184.04811547693495,185.98163144904845,31846380
2009-10-16,197.9103546142578,200.14724639998408,186.8796081609496,188.8212095417447,51979710
2009-10-20,199.89244079589844,202.16977306395523,197.93464336714203,199.01466742065674,23720870
2009-10-21,193.0361328125,199.82366490392195,192.54264067665352,199.82366490392195,22230480
2009-10-22,188.0728759765625,192.92284239683588,187.29217912067136,191.95607840768344,19938160
2009-10-23,190.48373413085938,192.51837544810272,183.84991439283752,186.27692251731392,17689410
2009-10-26,186.5155487060547,192.0491234326734,185.6660935217159,191.32911162477478,16560360
2009-10-27,178.20303344726562,189.2256932951647,176.75492430061863,185.66608697929098,55845720
2009-10-28,179.02825927734375,180.60986111016302,171.23755896659367,179.49343338243128,53992560
2009-10-29,177.67721557617188,179.8696182949546,174.95896604728625,174.95896604728625,36680960
2009-10-30,177.2565460205078,185.9897293209215,176.4030540352385,179.19411108437654,39272250
2009-11-03,170.13323974609375,176.92885626876483,169.08153395595676,176.92885626876483,29840820
2009-11-04,175.65875244140625,176.7670821412368,166.44421258923865,172.31756748779605,36301530
2009-11-05,173.06593322753906,176.17655010274842,168.62450323784833,176.17655010274842,31956440
2009-11-06,178.38504028320312,180.07990140405795,174.34002803188332,174.7445292570153,35324450
2009-11-09,187.54299926757812,188.09311514138898,178.7895847150407,179.19408603792542,29647600
2009-11-10,191.64463806152344,192.69634397977626,188.09311690703333,189.14482282528616,41833010
2009-11-11,192.4010467529297,192.90667339337386,188.4976115575809,191.32912074406818,22420760
2009-11-12,185.556884765625,192.40103981086747,184.1289956783067,191.73361513844276,22259290
2009-11-13,186.06251525878906,188.7403119305697,183.04089000787886,184.12899950904412,21043670
2009-11-16,189.75160217285156,191.94399276669154,183.84992844701523,183.84992844701523,18478550
2009-11-17,190.17633056640625,190.9246606245994,185.79558583996817,190.9084771121814,19729730
2009-11-18,188.31964111328125,190.83968888205342,187.28411868005378,189.92146294836732,14662960
2009-11-19,184.5618133544922,188.42480837805996,183.64764876289868,188.41671045122064,16901590
2009-11-20,188.89810180664062,189.79205877427543,181.2975295104928,184.5335406586005,26760130
2009-11-23,187.68861389160156,189.87291856714953,186.54791719796626,189.87291856714953,21826520
2009-11-24,186.51962280273438,190.11564594604826,185.90883412165448,187.6886376999285,23249160
2009-11-25,187.85850524902344,189.630210630988,186.09487310493577,186.39420012640184,15058220
2009-11-26,182.40176391601562,188.44906314520907,181.66153198612517,188.44906314520907,19342730
2009-11-27,181.45118713378906,183.56268440671482,173.36925908642496,179.73205661436637,26620130
2009-11-30,181.18019104003906,185.43958952385503,179.47724390808932,184.45260529743072,27829100
2009-12-01,185.39108276367188,185.90884405673748,181.46741428500073,181.70203200752906,17561300
2009-12-02,186.79466247558594,190.25314372118572,186.20004505905683,186.863420785081,17971870
2009-12-03,190.48373413085938,191.27655332842255,186.4751242306043,188.41672579242476,24354640
2009-12-04,188.33985900878906,192.13813243637,187.7856941598136,188.49762045336507,21757810
2009-12-07,187.83018493652344,190.09539473138346,186.5843139943703,188.90211093440175,18355880
2009-12-08,186.66114807128906,188.4692691981186,184.3595349132506,187.251728799135,24811510
2009-12-09,185.57711791992188,187.60771013323904,184.12900860382095,185.88454287800846,18696060
2009-12-10,185.8238983154297,187.04143909752236,183.7245351269051,185.26163546153228,16619380
2009-12-11,183.35641479492188,188.093122002245,182.83460461293492,186.8796179893273,20011940
2009-12-14,181.77481079101562,184.85306000631707,181.26918412534317,183.40090170383388,19594840
2009-12-15,176.4030303955078,182.83459899755948,175.95807646889023,182.83459899755948,28383370
2009-12-16,174.14593505859375,177.17160991853922,173.61200260222927,175.51315174037552,27712020
2009-12-17,175.24615478515625,176.24123695926897,171.93328785714937,174.03265077766363,28004020
2009-12-18,173.5593719482422,176.44346812911033,172.39845521780015,174.10545116014902,18490050
2009-12-21,173.5917510986328,175.30279624537997,172.7301612519247,173.85467450606353,12814370
2009-12-22,175.22593688964844,175.9985359322615,174.34007796533513,174.34007796533513,9524630
2009-12-23,178.78961181640625,179.19411320060627,175.63045699335635,175.63045699335635,14132130
2009-12-24,179.521728515625,180.8120887044459,178.08170481461366,180.8120887044459,11181160
2009-12-29,179.60667419433594,181.0143432517641,178.61565335300585,180.0111755200382,8265300
2009-12-30,179.94642639160156,181.0426337050933,178.97158920835747,179.76035926657892,11239390
2009-12-31,183.56272888183594,184.75196397566762,180.3267177082864,180.81212432208002,24604130
2010-01-04,185.3586883544922,186.0706146564295,184.04810797538136,184.04810797538136,11031470
2010-01-05,185.42745971679688,186.87961803797157,184.46069559427488,186.717819971754,11613740
2010-01-06,186.53982543945312,187.2841063678808,184.85709850998168,185.82789918426127,14527930
2010-01-07,185.4962158203125,186.87961581044576,184.5415985999266,186.55601968186772,8576510
2010-01-08,184.9420623779297,186.38613518820247,184.46070477450542,185.58521805562387,10453820
2010-01-11,183.4171142578125,187.09807943567193,183.0975546980727,185.82793912506253,14145340
2010-01-12,178.23948669433594,183.64361898406057,177.67317491005295,183.40091569713957,22917720
2010-01-13,176.0308837890625,177.57608181443197,174.59086005848386,177.57608181443197,21719690
2010-01-14,174.53021240234375,177.899703494779,173.57558271835947,177.00980785787442,20723990
2010-01-15,173.39761352539062,176.2331598300046,172.86770535606692,175.39180238372148,20611920
2010-01-18,174.453369140625,176.60935624329113,173.35312480200196,175.9581148927947,19222170
2010-01-19,175.8043670654297,176.92888027542404,174.501872281675,175.53739470478916,12277070
2010-01-20,174.73240661621094,176.89649078695658,174.14183824372213,176.68614223514518,16830720
2010-01-21,171.84024047851562,174.84973105487697,170.88561101781622,174.6636515740527,19265470
2010-01-22,168.8671875,170.41642231622657,166.09230168152243,169.90271002009135,27193180
2010-01-25,169.21099853515625,172.88386516280494,166.29453507155716,166.29453507155716,15378040
2010-01-27,160.80142211914062,167.33411649124992,159.46252363030416,166.65455718190245,38068910
2010-01-28,162.06346130371094,169.89056479343145,161.07244041572343,169.89056479343145,27952460
2010-01-29,166.37948608398438,167.25321041745207,158.16406525350138,160.99152553313388,46487190
2010-02-01,163.5196533203125,173.77376391948303,163.05447928624054,173.77376391948303,22047160
2010-02-02,160.04904174804688,165.45722238863704,159.7092497782292,164.24371843597567,24086260
2010-02-03,161.7034454345703,163.08683298307434,160.4656724303719,160.6921921733363,30450710
2010-02-04,157.58563232421875,161.5335694960921,156.94652561536304,161.47694572552595,35357120
2010-02-05,154.32479858398438,156.94323067915522,151.50307214855556,156.94323067915522,26878830
2010-02-08,157.47584533691406,158.39066977790839,153.17414298060274,154.50368336793161,18885130
2010-02-09,158.59396362304688,159.2201136017199,156.5366261012217,157.0245374315307,13836980
2010-02-10,155.46731567382812,160.19594413184885,154.09711377149927,160.19594413184885,19731930
2010-02-11,155.9389190673828,157.75637053351298,155.39816171042682,156.4471547971944,12427940
2010-02-15,154.09710693359375,156.53663896948177,153.38964661377872,156.53663896948177,13325010
2010-02-16,156.1788330078125,156.53663301142052,154.09710106838537,155.64213300240053,8070150
2010-02-17,159.12660217285156,159.58604934479646,156.71960424974188,157.34981171066556,13468360
2010-02-18,157.95159912109375,159.38278702748443,156.72369317780786,159.21201429610363,13103230
2010-02-19,154.9346923828125,157.26850760073364,153.6946017842125,156.53665288813409,15863020
2010-02-22,155.833251953125,157.34983232331325,155.3290859183409,156.13006618127207,11528650
2010-02-23,155.47137451171875,157.30915079646147,155.04039152278307,155.7153301904619,10625770
2010-02-24,156.231689453125,156.94321959377032,154.50368768298634,154.99159902838352,8173590
2010-02-25,155.6136932373047,156.94323378196052,154.78017898090712,156.5366450934062,21615960
2010-02-26,160.54559326171875,165.23762989956708,155.7234576820737,156.53663500678425,43215190
2010-03-02,161.5498809814453,163.52997835204707,160.53747909987962,161.8670196677251,19347350
2010-03-03,164.45700073242188,164.74160537563864,161.74911851973457,161.74911851973457,15843680
2010-03-04,165.29452514648438,166.27033525898406,163.61124246574093,164.50574230692325,14301070
2010-03-05,166.47369384765625,167.43323731326376,164.3513001393764,166.29479381032203,12685070
2010-03-08,167.9983673095703,171.78370669401397,165.32707686895228,167.5145258175947,38664790
2010-03-09,166.26220703125,168.97821575852706,165.28232706778982,165.28232706778982,14305280
2010-03-10,165.66453552246094,166.7175985423818,164.7822327716625,166.7175985423818,12767630
2010-03-11,166.3557586669922,166.9290502041608,164.12359074779897,165.8881841589489,11979800
2010-03-12,166.5305938720703,167.7300354973268,165.77841470542384,166.05082218520866,12033430
2010-03-15,163.8633575439453,166.27443773169347,163.53809157867434,165.84751219316144,8997490
2010-03-16,163.92433166503906,164.66838334503436,162.44027334544998,164.02190895865172,12857170
2010-03-17,164.8554229736328,166.0507945423101,163.90807692226218,164.2658769031044,10777370
2010-03-18,165.0465545654297,166.7420349713056,163.4893252421725,165.0750187535043,14269070
2010-03-19,167.3885040283203,167.99025977530908,165.34336334980551,165.8881907225199,12889130
2010-03-22,165.96542358398438,167.01035940217392,163.4486388243641,164.6806019490297,11151560
2010-03-23,166.58340454101562,167.24207605889222,164.14794290419823,166.05077449097476,13650500
2010-03-25,166.66473388671875,167.64461389799695,164.6846493974787,166.266272593305,13646480
2010-03-26,168.55946350097656,168.97824932382352,166.29883154742,167.09574184555476,13422710
2010-03-29,170.36471557617188,171.17382302558173,168.57165812629046,168.73429110597723,11231550
2010-03-30,169.34823608398438,172.552156508342,168.73428327545022,170.36470766998104,11929880
2010-03-31,168.99452209472656,170.67779274966125,168.60013058537518,169.5474767344225,9997220
2010-04-01,170.97865295410156,171.4177756403311,168.7586824211436,169.14087674104303,7681450
2010-04-05,173.87762451171875,174.1988330025301,171.17381261357568,171.98698987064728,11075350
2010-04-06,172.6822509765625,174.65013842720109,171.7511719616945,174.3370696537245,12359300
2010-04-07,171.65357971191406,173.61333982796293,170.44195357186305,173.23114553452268,13004150
2010-04-08,170.43385314941406,171.56416927133046,169.7548569495841,171.1738475824658,11497010
2010-04-09,171.26329040527344,172.80019517426396,170.24274881141622,170.76725170162558,12367190
2010-04-12,170.11671447753906,171.9870250328024,169.1409040511721,171.9870250328024,8614120
2010-04-13,170.27528381347656,171.74306305309008,167.75849878754272,170.52329696264468,17619090
2010-04-15,167.03070068359375,171.50317632546873,166.53873183725614,170.49483189565646,13016220
2010-04-16,166.51431274414062,167.09573151317096,164.6887213388594,166.7013400416265,9466180
2010-04-19,165.2742156982422,166.28662987014863,163.6112696154523,165.88409867077104,9250600
2010-04-20,170.6331024169922,171.3039713581078,164.34317409658868,166.08337341196847,24993280
2010-04-21,171.23890686035156,172.31229462929014,169.6776076640117,171.58043989629124,15633000
2010-04-22,180.7774658203125,182.8754650014195,169.31167192443766,169.31167192443766,65306760
2010-04-23,183.8268585205078,186.54286772556537,179.79350605955662,181.33853796688615,31784560
2010-04-26,183.09091186523438,185.32307931342024,182.2411431783875,184.1033135108095,12145600
2010-04-27,180.34645080566406,183.37147119000528,179.6389905636827,183.1275155316358,11094760
2010-04-28,181.51748657226562,183.11537741729322,177.47599331489772,179.22432001546832,18684250
2010-04-29,184.91647338867188,185.81097319002507,181.7450875622346,182.15167612501364,21393940
2010-04-30,187.08770751953125,188.56768375452629,185.40442455126944,185.40442455126944,19146310
2010-05-03,186.79905700683594,187.4374042900636,185.16457478124542,186.217638101625,13160890
2010-05-04,185.4125518798828,188.32372810558374,184.84333025096942,187.43736782569712,13397620
2010-05-05,185.09542846679688,185.81102852097135,182.1923917162971,183.7780851017047,16717010
2010-05-06,187.97406005859375,188.6571259850784,183.96508967919866,185.40441691637014,17751300
2010-05-07,181.02545166015625,186.36394969735576,180.39117441993255,185.01408493960514,16085350
2010-05-10,187.6691436767578,189.07186720533704,182.32656236115653,182.9649095791884,14791690
2010-05-11,186.0427703857422,190.19810685887347,185.49794308714854,188.16922107065375,18377970
2010-05-12,188.99867248535156,190.20217145270612,185.5670631794273,186.21760752138425,20204040
2010-05-13,188.4741973876953,191.01537690380653,187.53497843118885,189.63297772866267,17762910
2010-05-14,180.8709716796875,189.78745820272914,179.84230284461646,188.25055353198857,33008880
2010-05-17,183.02587890625,184.75388067432385,174.1297172302583,179.71218387968148,25703050
2010-05-18,185.40444946289062,186.86817128237607,181.44833689668877,182.79414451746638,18901340
2010-05-19,180.04965209960938,184.8352086022545,178.08583431772504,183.77807559728703,20415020
2010-05-20,184.387939453125,185.56704397131548,180.61479755005539,180.68798052382377,17039960
2010-05-21,184.6888427734375,185.40444283919902,179.74066535935833,180.68801154851124,15706440
2010-05-24,181.43609619140625,187.92525929919253,180.7652274708316,185.56703793146707,15195470
2010-05-25,175.24783325195312,180.52535832949286,173.8573070349786,180.52535832949286,17355820
2010-05-26,176.75222778320312,177.76057215551043,174.96324011009793,176.60584940924005,16500270
2010-05-27,180.47657775878906,182.80226540800214,175.4267411036158,176.45947978213908,21781920
2010-05-28,182.1029052734375,183.68047103643724,179.15513790530534,182.47695983920272,13567960
2010-05-31,184.4936981201172,184.95720280006714,181.33856574111388,181.33856574111388,11989040
2010-06-01,179.68373107910156,185.07917076499058,179.06979061423675,183.05435468627098,14423360
2010-06-02,183.63575744628906,184.34728756889248,179.7121795375531,179.89107953245573,12342500
2010-06-03,185.998046875,187.5146270595809,184.18873476393406,184.18873476393406,12587190
2010-06-04,190.344482421875,190.93404095365145,185.3231098910009,186.2176099237442,19478740
2010-06-07,185.95333862304688,188.65715091204083,181.57031307016447,183.06248660405663,14925200
2010-06-08,185.71340942382812,189.58819821283856,184.47737662874016,186.05494235245126,14018340
2010-06-09,186.42713928222656,189.42145356393908,185.23761768474031,187.45259109345992,18141760
2010-06-10,190.88584899902344,191.80055674741448,185.8939553563665,185.8939553563665,24496840
2010-06-11,191.95640563964844,215.76330157970426,190.82430268289377,215.76330157970426,15063270
2010-06-14,192.3748016357422,193.60123826309973,190.81611955068757,192.3748016357422,10187660
2010-06-15,193.9498748779297,194.7825413450143,190.3238783528175,192.77676387762446,15305340
2010-06-16,193.74478149414062,198.28137976430406,192.4075881914207,198.28137976430406,14141550
2010-06-17,192.85467529296875,193.76937029037003,190.6150795413121,193.5232593539798,10331080
2010-06-18,194.63894653320312,195.24191267925505,191.96457280309545,192.77262930470624,15597620
2010-06-21,195.8859100341797,197.11234642133124,194.83584835813053,194.83584835813053,8879250
2010-06-22,193.15821838378906,196.39453799038355,192.79315150797257,194.83585614828647,8514510
2010-06-23,192.74801635742188,193.44122274945792,191.0211590964058,192.78493111870097,10849420
2010-06-24,193.40435791015625,194.09756448112435,191.8005494394251,192.7849808808034,12123400
2010-06-25,188.74879455566406,193.19515283426634,187.45262175214376,192.79727696572456,13022720
2010-06-28,188.9825897216797,189.87267497819508,186.63224941497432,187.69872191517607,10718170
2010-06-29,187.95712280273438,191.05398234649854,187.13676133230967,189.09331893289243,14208420
2010-06-30,188.84725952148438,189.66762121577207,186.6322854504528,187.0260555587476,10610400
2010-07-01,185.5863037109375,188.60112250761733,184.90949539227944,187.95304236627894,14219900
2010-07-02,185.81597900390625,187.03421628911164,185.184297166242,185.8118731908798,8907340
2010-07-05,186.42713928222656,188.19091139045904,184.87255083143452,185.82006730359637,6192550
2010-07-06,189.7332000732422,190.24182017975656,186.0866998426756,186.46816492256139,10143910
2010-07-07,189.01950073242188,190.24183138526436,187.94482914459792,189.4214698656768,8912210
2010-07-08,193.34278869628906,194.1672559940442,189.91368369891498,189.91368369891498,17562290
2010-07-09,194.33543395996094,195.1270797980163,193.61351183902346,194.01549347776785,9803290
2010-07-12,196.94418334960938,197.87118329507229,194.4297734509497,194.8399541843631,14948170
2010-07-13,199.2740478515625,199.93033966340215,196.0746299629911,196.96883365901365,17615470
2010-07-14,202.17807006835938,203.36759162742106,199.92207615652032,199.92207615652032,18159640
2010-07-15,200.1559295654297,202.87543032781872,199.67601251182728,202.6703399236292,8162390
2010-07-16,200.90650939941406,202.19858866712474,199.19195701326478,200.57836983417704,9528070
2010-07-19,201.4192657470703,202.05505346271218,199.0197182133178,200.08208492471962,7630370
2010-07-20,200.90650939941406,202.21089358787808,200.18869314745126,201.4192352936732,5076900
2010-07-21,199.90159606933594,202.0632441700997,199.67598914049898,201.44386721627114,5055340
2010-07-22,203.14202880859375,204.0567364431786,198.34290873424413,199.1140505940414,11585880
2010-07-23,204.8278350830078,205.39799228327422,203.12149433045852,203.5316750439548,14843460
2010-07-26,197.71942138671875,205.2831552255205,197.059036404543,204.92629998494374,15780730
2010-07-27,199.7703094482422,200.734236614292,196.93595925764205,198.5233565926347,23112370
2010-07-28,202.73594665527344,203.2855873721214,198.7859039295071,199.7293146714043,16576370
2010-07-29,202.87950134277344,203.67935883835884,199.84827201097156,201.97300536077393,15800230
2010-07-30,205.32827758789062,206.895171082027,201.0254854577321,201.80893220480027,26944870
2010-08-02,212.17422485351562,213.29401039675506,206.0748260028585,206.72701195559858,20585770
2010-08-03,213.339111328125,214.66809299888862,211.57123323527264,213.20785047928516,16001370
2010-08-04,212.89613342285156,214.11435827186662,211.0790106116882,214.11025245856538,9779810
2010-08-05,217.04302978515625,218.4376291964419,212.47361060646432,213.2939720373773,22437960
2010-08-06,214.88140869140625,217.79778810301437,213.950290285736,216.16527656835783,12794400
2010-08-09,217.4655303955078,217.8183048823354,214.6065824643627,215.3449028384336,8402850
2010-08-10,215.72637939453125,219.44672215570515,215.26697891360192,217.4040298374498,13309390
2010-08-11,213.2611541748047,217.14968444715905,212.52283388159256,215.34487925446763,9961780
2010-08-12,228.42149353027344,229.2910748524593,211.3497700673503,212.46544986356986,64002190
2010-08-13,233.82351684570312,236.23948731998115,228.38862224952825,228.38862224952825,40721170
2010-08-16,231.4568328857422,234.18041435955996,230.48468136114118,233.55695657023858,15501900
2010-08-17,231.2147979736328,234.29936535844547,230.64874651130395,231.75213377796558,12544710
2010-08-18,230.9071807861328,232.54790398778636,226.920210387681,231.9531368200971,15230490
2010-08-19,230.16885375976562,231.73574737671825,228.27792633252943,230.93588983173257,10875610
2010-08-20,228.62655639648438,232.4658423416255,228.06871656557266,229.70122799605875,9755310
2010-08-23,231.60858154296875,233.18776749157354,227.28115439581384,228.88086941125422,13250210
2010-08-24,233.45851135253906,234.20504347111958,229.41413435705928,229.41413435705928,19905960
2010-08-25,231.63316345214844,234.17218311089442,230.93174540804256,232.65450943948983,9216230
2010-08-26,235.12791442871094,236.65790572265692,231.7521347079367,232.1623154773313,22642910
2010-08-27,229.24183654785156,235.0745952279989,228.47069467788035,234.75466723772678,12367930
2010-08-30,229.7012176513672,232.2033101866055,228.58553803978887,230.24676505321403,9183040
2010-08-31,226.94483947753906,228.88088078906202,224.91033374665255,228.88088078906202,13063890
2010-09-01,227.7733612060547,228.5773244737724,224.55345239298072,227.6503119904463,11380730
2010-09-02,226.34596252441406,230.09502088697596,225.68147165924466,228.8767709438666,10757500
2010-09-03,227.51910400390625,228.79886621442822,225.7102175256238,226.55518904969213,6371210
2010-09-06,234.549560546875,235.6078338966621,227.65031729592337,227.65031729592337,15331120
2010-09-07,232.74066162109375,234.82438695990717,232.0146586762745,234.70954936178703,8915520
2010-09-08,237.56846618652344,238.39703925150243,230.45594652812358,231.75621239940148,24261960
2010-09-09,244.79998779296875,245.67367484821997,237.66283228018486,237.90484995349317,32230550
2010-09-13,258.294921875,259.72644864681234,245.37422861117926,245.37422861117926,49114260
2010-09-14,255.09548950195312,259.72644601577525,252.87642274455945,258.74610805210295,24448530
2010-09-15,251.05526733398438,256.33839820680043,249.66474836979063,254.80432597227636,18165620
2010-09-16,253.8854217529297,257.75752805399054,251.0305554429767,251.27665381648995,32196770
2010-09-17,253.7173309326172,257.5935445317857,252.67137489105093,257.5935445317857,13313900
2010-09-20,255.04217529296875,256.2562941786073,252.2611380467573,254.31204160811308,13964290
2010-09-21,254.20956420898438,256.6911531727928,253.13899827302225,255.54265187930176,9449940
2010-09-22,258.3072204589844,259.14400520829975,254.16440491484823,255.6082241249298,19799750
2010-09-23,257.54840087890625,259.6444185334416,256.4655176746198,259.07015546089514,13751230
2010-09-24,257.7084045410156,259.23426509703955,256.22763282894715,257.1915727283465,10802760
2010-09-27,260.9283142089844,262.50339446054215,258.0037231032452,258.0037231032452,12317840
2010-09-28,261.75274658203125,263.3319324358569,259.50904488879894,260.7929126232846,14599770
2010-09-29,262.1629333496094,264.5665865616468,261.3835799021484,261.6953212811328,14836720
2010-09-30,265.8340148925781,268.6437426101318,260.46473863488785,262.4336009434646,30806190
2010-10-01,268.4346008300781,269.7348668732751,264.2384595248784,265.74792176841333,16451380
2010-10-04,267.4091491699219,270.71520520917375,266.2237207237549,268.6684071512049,12102230
2010-10-05,266.45343017578125,268.6766280748103,265.5674506882839,267.02769329381834,9620340
2010-10-06,265.2474670410156,268.9062972773814,264.52965074404494,267.02766247309904,7865720
2010-10-07,264.148193359375,266.3631794402045,263.1719611642005,265.468988402736,8527160
2010-10-08,266.4042053222656,268.08596154367575,263.74624187582464,263.9923403299588,9432630
2010-10-11,267.8480224609375,268.54533472405046,266.21961694476613,267.2737594123867,6559420
2010-10-12,265.2762451171875,267.9137048989746,262.64699696349777,267.02772530526545,7547160
2010-10-13,271.17864990234375,271.9497915856936,264.40245703882186,265.79297555634076,15432970
2010-10-14,267.5567932128906,272.7578821343469,266.46982924337516,271.9498380714204,6700620
2010-10-15,259.6977233886719,269.1605956810197,258.43435975077466,269.1605956810197,14198900
2010-10-18,259.8700256347656,263.28683850886375,257.00697182955116,261.2851543190936,17299680
2010-10-19,255.67385864257812,262.84380987617874,254.77966764488787,261.26872987425565,11811670
2010-10-20,253.84861755371094,257.0931620576597,252.3432608624199,254.7223047564363,12889050
2010-10-21,262.11376953125,263.29098654434785,254.8084497404088,254.9684012417631,12952060
2010-10-22,263.02435302734375,264.32053847789996,260.1366889792983,262.51573280071455,12025260
2010-10-25,265.7315368652344,266.8143951355318,263.17198767834793,263.2540288443194,9432490
2010-10-26,260.9405517578125,265.30488055918414,260.3827119958024,265.30488055918414,14037350
2010-10-27,261.5230407714844,263.64777398054514,258.95941117047784,260.8257285129215,8411000
2010-10-28,261.5599670410156,265.4690018326717,259.6526414639545,262.3516129302622,19709480
2010-10-29,258.46307373046875,261.5599331647346,255.79279323298053,260.89133658714303,9741720
2010-11-01,262.3885498046875,263.9923456733947,259.9069610393878,262.1055240589805,8783170
2010-11-02,262.6674499511719,265.7971311369941,260.604253757229,262.4336439148996,12948750
2010-11-03,268.4715270996094,269.5708085651298,263.42628357191495,263.7462365913267,13392290
2010-11-04,281.6669921875,282.94264818453996,269.58305948232885,270.55518576024747,19974730
2010-11-08,280.9861145019531,288.35705012468446,280.00988237209515,287.53668867340514,17527910
2010-11-09,268.4674377441406,274.6570519577974,267.5281076952946,273.18041110115996,39874860
2010-11-10,263.7133483886719,270.0547505365988,263.25394804277573,268.34019834647904,23510530
2010-11-11,260.5427551269531,266.94567169578346,259.7346858960041,264.3205294784268,23159970
2010-11-12,248.30699157714844,260.46475397596623,246.27659203119185,260.0750772897008,27246230
2010-11-15,259.5213928222656,260.44019379321145,246.9288374659963,248.73364296996053,38057580
2010-11-16,252.72059631347656,261.53127201932153,251.14551603751804,260.2105018403714,31881610
2010-11-18,251.4449462890625,255.21450899352675,243.2372241465075,254.96838548239504,43440440
2010-11-19,245.3660125732422,251.68688662480199,244.06164085241093,251.68688662480199,22096350
2010-11-22,249.37762451171875,250.21030360466543,244.51288592883134,246.2110405552466,22722140
2010-11-23,242.28558349609375,247.2569726160049,235.47248665403797,247.2569726160049,44970820
2010-11-24,233.88507080078125,244.1477762357415,230.8743330525898,242.4619393462969,34672020
2010-11-25,231.4978790283203,236.59231837130548,227.6503805045247,235.5258581344746,46879080
2010-11-26,234.84896850585938,238.70057151250876,229.02439721829913,232.25251751316142,40665000
2010-11-29,236.24365234375,237.99102667263452,233.06475093415,235.61606366135447,18550930
2010-11-30,245.46859741210938,246.10026682738138,234.23373936214577,235.64065649305775,31774970
2010-12-01,254.324462890625,256.24000058914703,244.06172926784532,246.02648666910144,28775250
2010-12-02,254.24642944335938,260.34989554698745,253.2496682588715,256.24400755433254,20127970
2010-12-03,251.91249084472656,254.72221866933327,250.04614860228887,253.73777495981545,16717370
2010-12-06,242.1993865966797,253.49167331661542,240.7760715806687,252.64670207364443,31659450
2010-12-07,234.9925537109375,242.41681501969765,233.80301956214495,242.25273271108995,38866190
2010-12-08,230.1113739013672,234.6233616249234,229.04491408997666,233.80300022064046,34752920
2010-12-09,220.4229278564453,231.09583871253633,218.74938342889666,230.93175640251263,43130530
2010-12-10,224.15966796875,225.1522983468435,217.84698038933357,220.1850156078706,52261980
2010-12-13,225.17689514160156,228.0604775856418,221.08740542924625,225.23022063739774,42073330
2010-12-14,229.1023712158203,230.11142497983033,224.82418854709798,225.5338183434226,24181790
2010-12-15,221.33761596679688,228.3065825090407,219.03650809809332,228.3065825090407,30594750
2010-12-16,226.66177368164062,227.97843776203098,219.6435625788131,222.23590771746876,45922940
2010-12-20,221.5345458984375,225.59942636516558,220.67725706265287,225.59942636516558,24810450
2010-12-21,225.0867156982422,226.82998411139485,222.25645814270868,222.25645814270868,19613340
2010-12-22,225.1851348876953,228.71678527706752,223.95869840211716,225.43533914663357,18938400
2010-12-23,225.29177856445312,227.06786823470415,224.37708349669037,226.00959488213687,11988360
2010-12-24,226.03834533691406,227.15813095354494,223.95872559499225,225.27130921362803,11545630
2010-12-27,225.6978759765625,227.35091659260456,225.23847549033889,226.78897090793018,10204450
2010-12-28,223.8356170654297,226.82993122276446,223.54848556312228,226.82993122276446,9764330
2010-12-29,226.02601623535156,226.68232052853762,224.06125924031255,224.36889483652348,9241550
2010-12-30,225.5707244873047,228.09745223680912,224.9267376266295,225.68148131472088,21062540
2010-12-31,230.67745971679688,231.95311588242527,225.8496241203809,225.92755946684244,19624140
2011-01-03,231.5142364501953,233.96713461935477,230.94410417418902,232.38381772955256,11060070
2011-01-04,224.4180908203125,232.52326647788004,223.7248843486667,232.52326647788004,31035310
2011-01-05,220.93978881835938,224.4837568858993,220.02098784576356,224.3688942466004,25213120
2011-01-06,215.131591796875,222.64610614281278,214.3686616102111,222.64610614281278,37167080
2011-01-07,213.3719482421875,216.7395415738455,210.59912206894688,214.76246714241978,44430600
2011-01-10,208.95428466796875,216.08321563909237,208.043682895744,213.28167408662102,29547190
2011-01-11,214.34815979003906,215.6402141448839,207.96164244099975,208.88454913822312,34477870
2011-01-12,219.01193237304688,220.59522421653472,210.80831655959858,215.59101356324152,41769810
2011-01-13,210.06996154785156,219.36464571818473,209.59824370208426,219.36464571818473,28050330
2011-01-14,205.156005859375,212.30954663831608,204.38486404489575,210.56219766936672,26839080
2011-01-17,206.41937255859375,207.96165630331964,204.27002926834948,205.41853044991726,16030680
2011-01-18,209.56544494628906,210.17662276552153,206.73109450951793,206.73109450951793,11847170
2011-01-19,205.2339630126953,210.49247128422985,204.0444412122999,210.16843746936632,22819750
2011-01-20,207.96571350097656,208.78196906000008,202.06320742415332,204.3520226607074,28013320
2011-01-21,213.0396728515625,213.8682459503447,206.8951609145652,207.4612123335725,29086400
2011-01-24,221.091552734375,222.10468727374985,216.24731858155465,216.57545820811356,36693320
2011-01-25,219.68870544433594,224.56573523600503,218.87242477208744,222.23591172304324,41470240
2011-01-27,217.6829376220703,222.4779517802041,216.78053492937138,220.5993168611464,29786890
2011-01-28,214.94700622558594,219.41796087566212,212.51053184363863,217.37116316940669,28302770
2011-01-31,216.77230834960938,218.62633329622193,210.91494043094897,211.65326075206477,26079810
2011-02-01,212.80587768554688,218.21616287555221,212.07984973380974,217.60910336611352,26786520
2011-02-02,211.1405487060547,216.05040044428335,210.01255160271975,215.3202917012845,21956200
2011-02-03,217.53936767578125,218.13413481665128,210.11099972376238,211.24310268752646,21769030
2011-02-04,217.05125427246094,221.08744423286606,215.75509400090453,217.23173482019143,29249880
2011-02-07,218.49920654296875,220.49678499215437,216.1283495541496,218.1915709497416,17458040
2011-02-08,216.42776489257812,220.2670504903842,215.26284061181912,218.54428642918052,25097770
2011-02-09,211.7353057861328,216.16525282943817,210.42272239374154,216.16525282943817,19473280
2011-02-10,204.60635375976562,212.0634363910826,203.14611136939956,211.49738498356677,28514130
2011-02-11,212.6869354248047,213.45807725549145,203.863943282391,204.92630994735683,26488500
2011-02-14,221.3499755859375,222.06368618085992,214.11438017830082,214.11438017830082,26170250
2011-02-15,224.5165557861328,226.50184186583093,219.04475795575684,222.31799271538878,28975160
2011-02-16,225.685546875,227.48622124006727,223.4418452792865,224.15144992584146,17009500
2011-02-17,228.1055908203125,228.7167560784111,224.7790312387708,225.76347496640287,16081310
2011-02-18,226.50595092773438,230.911288759709,224.74625925481357,228.2697233789201,26082690
2011-02-21,229.03260803222656,229.61916346118082,225.14410279405254,226.53462145191153,18315610
2011-02-22,223.73719787597656,227.81439547714575,222.64610307591175,227.56827200921316,19700870
2011-02-23,214.74192810058594,223.2121450949166,214.06511988661453,222.31795411398826,31528330
2011-02-24,207.44073486328125,216.5754565251092,206.09534237648577,215.29569446666034,37517520
2011-02-25,211.87069702148438,214.91833730916554,207.86322266260302,209.19220442622725,31609310
2011-02-28,215.79202270507812,218.39255489236123,211.95271148590098,212.47364910025095,26445970
2011-03-01,221.9364776611328,222.97422182916958,217.18657807441326,217.9700372429386,18161160
2011-03-03,220.06199645996094,223.0686286964505,217.85522178060202,220.67726765230006,28700950
2011-03-04,221.8790740966797,223.79461122381738,220.92745173525572,222.1538881942133,17552410
2011-03-07,215.2751922607422,220.21786580151047,214.19641477401694,220.21786580151047,15342560
2011-03-08,216.76004028320312,217.79778464815269,214.9511290061515,215.5910100276889,13918430
2011-03-09,215.53765869140625,218.62633164136457,214.70500481822057,218.19154106390837,15533520
2011-03-10,212.45314025878906,214.54505222507836,211.2431019492716,214.54505222507836,14394580
2011-03-11,210.43504333496094,212.88381040877596,209.5203232333785,211.48099924606507,13732700
2011-03-14,213.46217346191406,214.03233076732943,210.48836274063285,211.03801601368082,12226670
2011-03-15,210.21762084960938,212.02242604766676,206.76799946193105,210.01253048780487,14295940
2011-03-16,216.8994903564453,218.101317063706,211.34565148732727,211.34565148732727,18196070
2011-03-17,214.72962951660156,219.03652752982853,214.00770736776056,215.34490066134828,20404270
2011-03-18,212.494140625,216.73952657048818,211.65327506255795,216.24730464464864,11578130
2011-03-21,211.8665771484375,214.4835324369053,210.71805097591528,213.9830988842297,10688970
2011-03-22,214.97984313964844,215.92735974242095,212.88382535706808,212.91664682947632,11912100
2011-03-23,216.79287719726562,217.23174863615242,212.8838420308205,214.76247716502618,12688430
2011-03-24,217.45736694335938,218.68380356245066,215.92737549438155,217.23174746897277,8893740
2011-03-25,222.38771057128906,223.0563072578171,217.23173506764232,218.87245821780715,15233710
2011-03-28,225.53785705566406,226.43207304923055,221.60013218965534,221.9077677271699,15428240
2011-03-29,227.06785583496094,229.1228653007525,224.86926809220535,224.92669940299095,15582890
2011-03-30,234.303466796875,235.5012127698384,227.6749560211621,228.05231535084056,22426060
2011-03-31,226.8545684814453,236.96142834316507,226.25569556342114,236.2395062051213,48157790
2011-04-01,223.1013946533203,227.56826890792402,221.91599134497702,226.85455842799306,31112850
2011-04-04,226.69046020507812,227.5682529331088,223.6551379719149,223.71256927982952,15845550
2011-04-05,229.3936004638672,230.0047658183943,224.9431490296191,228.42968564820268,17637000
2011-04-06,229.4838104248047,231.67008081545575,227.66263194280572,229.60277886407746,21141460
2011-04-07,230.759521484375,232.57251361053133,227.65034401030843,229.20902604328919,15238690
2011-04-08,227.9169464111328,231.74391482776664,226.55924911420834,230.11140343506042,12049980
2011-04-11,228.40505981445312,229.53713765452397,226.62486434409954,228.035887125325,11324650
2011-04-13,231.2599334716797,232.15412462472216,226.33776379848842,227.06789765036095,15569850
2011-04-15,230.369873046875,233.7210435852093,229.29109540732813,231.17791730526474,13672440
2011-04-18,225.72659301757812,233.3108319357333,225.34102206762597,230.6856898605996,10581700
2011-04-19,224.23350524902344,227.12938036399785,222.73636052173148,226.0095949195686,11032690
2011-04-20,229.3034210205078,229.8653668028258,223.4296280283637,225.7676389309349,19305390
2011-04-21,234.7176971435547,235.85390570935732,230.46001941678333,231.34191794796092,17996100
2011-04-25,239.44712829589844,242.83111962006313,235.60784232935347,235.60784232935347,12606890
2011-04-26,240.67355346679688,241.97381942575097,236.70711265051992,239.91472909850646,14745840
2011-04-27,238.7621612548828,242.4004630755491,238.00331172701985,241.1863188522384,15225750
2011-04-28,234.27474975585938,240.53819290133538,233.40106273919227,240.2838828344174,18966690
2011-04-29,230.0785369873047,235.35756026658504,228.47063575279216,234.2911005267989,11658890
2011-05-02,220.8987274169922,231.25989694837293,220.02095965750894,230.52157662108846,20646010
2011-05-03,211.95677185058594,223.76997105579014,211.2430614350975,219.86506779860585,51171950
2011-05-04,214.5901641845703,216.8954031829001,210.21764811928617,212.62951308981255,22676620
2011-05-05,213.49087524414062,216.81335444149514,212.22753652122466,214.52453877693273,17188540
2011-05-06,217.38760375976562,218.50330850999504,213.54010600536745,213.54010600536745,14598950
2011-05-09,215.2013397216797,218.61812733127428,213.4580715404982,217.97005977414446,10878290
2011-05-10,215.50897216796875,216.49339092890364,214.036412286495,214.9839288004469,9979430
2011-05-11,219.4467010498047,220.570592298108,214.27843361869802,216.3621338012759,22769520
2011-05-12,216.69436645507812,219.8404706450881,215.83299694573208,218.13410480721072,14504050
2011-05-13,217.36708068847656,219.85688083200296,214.53274273663038,216.9363959103538,18406430
2011-05-16,214.63121032714844,217.9864862811747,214.12259013865562,216.57546332175136,13822430
2011-05-17,198.09268188476562,215.49664717860404,196.96879069513224,215.18901163244402,80113800
2011-05-18,193.2566680908203,196.7185948055279,191.0170845822093,195.2460473371915,58824570
2011-05-19,190.51255798339844,195.13939659389112,189.72091209717172,193.96628559370734,34026530
2011-05-20,192.8521270751953,196.06432529707345,192.01686955660733,192.14984827548128,26997180
2011-05-23,186.97622680664062,192.3160198601644,186.0204567574682,192.3160198601644,24033650
2011-05-24,184.67825317382812,188.48467005052055,184.17128299358887,186.9970105244509,24855500
2011-05-25,181.0089569091797,185.3181972845242,179.9326867021924,184.33750789680025,34547150
2011-05-26,181.86915588378906,183.89703679892764,180.12800476010108,181.56996013103833,40873720
2011-05-27,185.72128295898438,186.3529254580172,182.9246467353513,183.14903403012096,26039190
2011-05-30,185.94151306152344,187.32944490916813,184.0881684603627,186.3238236413667,13539840
2011-05-31,190.98214721679688,191.5015834228136,186.83912353034552,187.16325121563804,20564070
2011-06-01,193.5792999267578,194.22755520250487,191.23561070249062,191.88386597823768,25424640
2011-06-02,193.99485778808594,195.29136839944374,190.65384089467003,191.81738548857717,19906680
2011-06-03,192.19137573242188,195.80665641341258,191.2356182878847,194.03641395397685,15729010
2011-06-06,192.57785034179688,192.97262692406383,188.85869478088534,191.40185237188484,13405530
2011-06-07,192.82302856445312,194.20265418892845,191.5763816539979,192.26619446623556,12526900
2011-06-08,190.7286376953125,193.06402047211802,189.9972675770219,192.316024847081,14453350
2011-06-09,188.12318420410156,191.92961456517796,187.46662236410555,190.72868454980733,19949120
2011-06-10,186.4069061279297,189.07057590074515,184.94417867399952,188.64256107281804,14751640
2011-06-13,184.4995880126953,186.33216054065738,183.67264959861606,186.07868174939532,17059570
2011-06-14,185.35557556152344,186.70610944127003,184.5660352142884,185.4179180396713,15920730
2011-06-15,181.38711547851562,185.81270923051355,180.8261218634066,185.62571981317552,20552870
2011-06-16,183.29446411132812,184.93172780375082,179.62931974312022,180.48120260323898,23779200
2011-06-17,183.93026733398438,184.61177367361302,181.91070559973542,184.50372689256287,12198680
2011-06-20,181.19595336914062,184.65331072155217,176.1969004035233,184.50371919853356,15482450
2011-06-21,178.5614013671875,183.66434232256765,177.95469072707056,181.84423576531367,16470300
2011-06-22,177.896484375,179.8994330912234,176.46283561552465,179.66671404314616,14625190
2011-06-23,179.62933349609375,180.3399313053768,177.52251003445227,177.56405478269818,9463560
2011-06-24,189.99728393554688,190.99459883991784,180.6474329291683,180.92585629457227,27608460
2011-06-27,193.31338500976562,193.6291936020314,187.9943506097889,189.07478046303012,22791310
2011-06-28,194.56832885742188,195.24151612384918,192.8022458291698,193.73723096177386,17301420
2011-06-29,197.7638702392578,198.33317017937054,194.90073235101204,195.4741918380453,18677540
2011-06-30,199.84994506835938,202.20611309557052,198.46617270298248,198.46617270298248,27865900
2011-07-01,201.15061950683594,201.91522803702586,198.13373013496758,201.00102797511386,18739400
2011-07-04,202.4637451171875,203.53585574988776,201.29189412033034,203.23666002051033,9574540
2011-07-05,205.55545043945312,205.9793058140466,200.2530416423665,202.7047779743993,15940790
2011-07-06,203.10784912109375,205.8837256547986,202.5011512246568,205.2811746242745,10108580
2011-07-07,206.34913635253906,206.72728740271174,201.96094064204377,203.2865427505837,13821540
2011-07-08,205.98345947265625,209.02112127426543,204.27554669845586,206.21616586949148,14722650
2011-07-11,202.380615234375,205.2645255368337,201.20877700607062,205.2645255368337,12102030
2011-07-12,199.4759063720703,201.54118458528853,198.1627705342242,199.79587440904575,13952420
2011-07-13,202.04820251464844,202.91669826199083,200.46080254855605,200.68520252299166,8140370
2011-07-14,205.0401611328125,206.8810398716973,200.54806547744823,201.37501648173267,15270140
2011-07-15,205.6884307861328,207.69136715483165,204.8656392719753,204.8656392719753,13043910
2011-07-18,205.8421630859375,206.43223545935047,203.90986311582563,205.56373972556182,6776210
2011-07-19,208.82582092285156,209.18734649343813,204.9487546583792,205.26456324840015,11027960
2011-07-20,205.39752197265625,210.15970909840294,204.49577522626797,209.76909209470077,9809450
2011-07-21,204.03453063964844,206.06657105434283,203.12031789410239,205.5305093680205,7842670
2011-07-22,207.64149475097656,208.35623944693245,204.45424142980414,205.28117977607005,12400210
2011-07-25,208.8299560546875,209.85220283847357,205.46816684189238,207.15113488114667,13838330
2011-07-26,203.2906951904297,210.24283358367524,201.87783131820234,209.27045057723262,25320140
2011-07-27,199.87486267089844,203.1867879329994,197.84283513090298,203.11199217407724,18543260
2011-07-28,195.85650634765625,199.04791878693212,194.8965894239799,197.4272806483581,19799270
2011-07-29,194.87583923339844,197.4688734005512,194.03643488877586,195.97289458902998,11077080
2011-08-01,194.90077209472656,198.05064036880285,193.36739539073167,196.56296796407187,11195130
2011-08-02,189.2493133544922,194.3522540871236,188.53871550063297,194.17771794366314,13644640
2011-08-03,189.3822784423828,190.1302741772185,186.8682123140367,186.99703147675243,12104420
2011-08-04,187.64111328125,191.98360464951247,187.1840196058934,190.2299876668806,11950660
2011-08-05,185.7379150390625,186.49836403911578,181.22089997309104,183.25708729562177,20169060
2011-08-08,184.25439453125,188.26443920220703,181.17933496043278,181.91901155461488,15078220
2011-08-09,184.6865692138672,190.23829688413443,179.3093649941875,179.9326883950943,29536660
2011-08-10,188.837890625,190.06376499833,187.3336055799541,189.07475655040352,14737300
2011-08-11,186.69366455078125,189.76457725258376,186.24903683047742,188.24366663612216,13660260
2011-08-12,182.59217834472656,189.32407538428333,178.68602134466397,189.31575629035717,22806370
2011-08-16,182.58804321289062,186.78923664176216,179.9617710356689,181.17932630880603,27203690
2011-08-17,180.36898803710938,185.6173724713539,179.7789157234637,183.25705785368015,18874550
2011-08-18,172.7353515625,181.59485653111275,172.0413920499617,181.5117416843386,22263180
2011-08-19,169.336181640625,175.2785260096284,168.4095030015049,170.37505392062886,28269740
2011-08-22,171.36822509765625,172.44449527799057,166.8013338462903,170.0259975215476,20180230
2011-08-23,171.51365661621094,173.0345671801731,169.30294600708817,172.76030337209338,17086370
2011-08-24,165.36769104003906,172.9514585206407,164.3994549942745,171.7712884762276,31650290
2011-08-25,162.87440490722656,167.00910906856095,162.19289858860373,166.2195686537649,36511880
2011-08-26,156.8988037109375,163.92573724343674,155.13272085786045,163.22760544236291,31415580
2011-08-29,161.1166534423828,162.06410462369013,158.87683831954283,159.98635969261719,21877780
2011-08-30,164.04208374023438,164.87318151955418,159.7910140336572,164.1168794968022,29507680
2011-09-02,165.67523193359375,167.96491098319683,162.90351452188744,165.4716169815554,29550280
2011-09-05,166.76393127441406,167.5493247977679,163.0613889819165,163.96313569226206,26481160
2011-09-06,164.53244018554688,165.96608903030278,160.58472545067613,165.68350612709452,32404740
2011-09-07,168.5258331298828,169.76417328355956,164.82745085543533,164.83991681382778,25046770
2011-09-08,168.20172119140625,169.54394868384318,167.14207658475055,169.26968489212794,24303920
2011-09-09,162.28846740722656,170.2046687064634,161.23296967347974,168.71284970987827,36514780
2011-09-12,154.8667755126953,160.485005283068,154.20605422160006,160.485005283068,34519740
2011-09-13,152.32778930664062,157.8629046426095,151.0936083558036,156.24641305866265,40065080
2011-09-14,151.82078552246094,154.0522809742831,150.30403464998543,152.75577050047886,42356430
2011-09-15,157.7465362548828,158.307529893012,152.09092093775575,153.5702742361784,37918130
2011-09-16,161.6984100341797,162.80793134239346,156.25471609668722,159.030592800305,57707590
2011-09-19,159.3173065185547,160.60965757255238,158.32829805995308,160.27722350918646,16373720
2011-09-20,165.44667053222656,166.21127910382242,158.07482329106213,159.2383679986151,23820310
2011-09-21,167.0174560546875,168.21422649635312,165.4466813758558,165.80404742099824,32603240
2011-09-22,161.02935791015625,164.0503938405404,160.4018750145693,163.0821704857472,27418300
2011-09-23,162.08485412597656,164.71528593915957,157.07749462137937,158.82280518979124,37517600
2011-09-26,162.17625427246094,163.8052114362295,159.7203589086392,162.23443720188436,24401740
2011-09-27,165.99514770507812,166.78468802008396,164.35788414624898,164.97706058467813,17630570
2011-09-28,163.67227172851562,167.27508689906907,162.97831204628153,167.0506869031418,22320190
2011-09-29,162.25936889648438,163.0447496718036,158.87679498418768,162.56272413903514,25805020
2011-09-30,158.82693481445312,161.12077276182504,158.3532156828516,160.79248559384837,23917760
2011-10-03,154.71717834472656,156.661944264438,153.83621665536393,156.42507833431313,20078410
2011-10-04,148.53379821777344,155.64799327948157,145.44211342081866,153.7530913305797,50595240
2011-10-05,142.8158416748047,150.61154302956118,142.117722572406,149.60590912036747,62754520
2011-10-07,145.63330078125,147.7567627917857,144.82298783020818,146.52258173933657,29985040
2011-10-10,145.94493103027344,146.6763011794897,143.13166943830524,146.2690586770313,32689920
2011-10-11,146.65135192871094,150.09625558119384,145.73299248501434,147.66943904222583,39354610
2011-10-12,155.58566284179688,156.2463840611209,146.04466379145063,147.95617855760003,53725530
2011-10-13,156.85726928710938,160.73018870821602,155.83086283000713,156.3295266636824,41069620
2011-10-14,156.67857360839844,158.44880344358538,155.35711836045277,155.50256302364565,23597460
2011-10-17,157.21876525878906,160.65120314256308,156.50818020890614,158.24101197565255,24612620
2011-10-18,155.12855529785156,156.71179555613108,152.75577468393212,155.40697863436637,18018620
2011-10-19,159.43365478515625,159.86166965225632,156.7491997142702,156.90711032803364,15555360
2011-10-20,160.82159423828125,161.23298361776767,156.80323053576194,157.2437113836991,21594800
2011-10-21,161.9186248779297,163.5101842521388,160.91300365072985,161.3493249191482,21746120
2011-10-24,158.63577270507812,165.3053266420648,156.72424546819724,164.14179494042136,25165530
2011-10-25,152.90536499023438,162.89516378980954,151.84156085347763,159.5541471857368,66183590
2011-10-28,158.7230682373047,160.33124059253848,157.09827037377744,159.98634055511857,28314390
2011-10-31,158.4321746826172,159.71621923760284,156.080166431212,159.47935332550128,29915310
2011-11-01,158.0249481201172,159.6539055213383,156.74506298323044,157.28527152483164,20925820
2011-11-02,158.68983459472656,159.969719777133,156.66195369556135,156.82817073876967,16533380
2011-11-03,160.79666137695312,161.23298267497546,158.1953210519887,158.32414020403516,28629820
2011-11-04,163.40631103515625,164.63217277517373,162.31756218122027,163.26917278598074,25322200
2011-11-08,165.99514770507812,166.55198166790424,162.8951566923272,164.30802031100262,24294080
2011-11-09,154.75457763671875,167.67399227296667,153.93594574215143,167.30000077446644,94152450
2011-11-11,149.4604949951172,154.99145045212785,148.04347156740118,154.73379945309523,54231820
2011-11-14,145.6997833251953,151.84159682607813,144.64428535076985,151.7584946378741,28123030
2011-11-15,143.75082397460938,146.58071089115214,142.80753256294366,145.0265621060473,34040170
2011-11-16,146.7677001953125,147.93539145604595,142.79089463422957,143.61368592734678,31890660
2011-11-17,146.061279296875,149.49787682768678,145.15122618827357,146.5807154236317,28578790
2011-11-18,143.5015411376953,146.77192266057443,141.5609342667253,145.4504671054682,35137650
2011-11-21,138.9761962890625,143.31868802780693,137.50930895599694,143.1981752776265,28185380
2011-11-22,140.4139862060547,142.03462455786362,138.40273083079083,139.7407989431146,28518380
2011-11-23,137.56332397460938,139.1257793579039,135.24040693317335,139.1257793579039,29181030
2011-11-24,137.4552764892578,138.66036586687883,135.3858382234272,137.62981262219054,31828920
2011-11-25,140.50540161132812,141.19937390148743,135.8844995575619,137.0480314842128,41738460
2011-11-28,147.9021759033203,148.5961354920345,142.21331022334397,143.03194209590472,25489820
2011-11-29,146.37295532226562,149.34828726979336,145.2052638093683,148.60030424655534,30152190
2011-11-30,146.47682189941406,149.18204918932622,143.61369668625656,145.41717731901616,80068770
2011-12-01,151.6046905517578,153.9774837597438,150.42869281488052,150.9273565377137,24461390
2011-12-02,156.81570434570312,157.82548524492168,149.74721268807826,151.6338084612434,32783180
2011-12-05,158.82693481445312,159.32143899910494,155.4152820402839,156.63699676924185,29149520
2011-12-07,161.68179321289062,162.88273586452226,159.07214609904995,159.13032904398855,33426470
2011-12-08,155.24075317382812,160.7176973382068,154.58419148878292,160.40187611470486,32063030
2011-12-09,155.0454559326172,156.65364095196952,151.25981124920946,152.11168148719747,37919700
2011-12-12,147.33287048339844,157.6301726309895,146.52255766549206,156.4708002279246,41127410
2011-12-13,148.5878448486328,150.2541875567749,145.16371279068156,146.1070170472013,31436850
2011-12-14,148.36341857910156,152.91783082858402,147.1915676745006,148.26783776976043,43558460
2011-12-15,144.34507751464844,147.26639881410856,143.49320723782114,145.98234139591295,44368240
2011-12-16,139.5496368408203,148.12655967758542,138.39025184071596,145.60833431842283,50521620
2011-12-19,135.31106567382812,138.37781937552273,132.7138843792425,138.37781937552273,41792820
2011-12-20,131.18881225585938,137.0480424694544,130.57379522730542,135.63517853625805,33988040
2011-12-21,134.9287567138672,135.88451427991396,132.58921396495427,134.21401197247238,29947570
2011-12-22,138.884765625,139.54548691015947,131.9908103120562,133.80675712976984,34376160
2011-12-23,136.919189453125,140.60510580231244,136.1338087042517,139.20886772362886,26774370
2011-12-26,138.43179321289062,139.20886754896753,136.48286805268148,136.56182335029254,16405640
2011-12-27,136.60340881347656,138.7102323198378,135.75152587005283,138.37779823753172,15426610
2011-12-28,133.82334899902344,135.88446764861044,133.1834002488674,135.39412307191992,17801920
2011-12-29,135.3733673095703,136.05071407925115,132.1445567616012,132.97565460286913,36163040
2011-12-30,134.5589141845703,137.12700383711802,133.43692686607355,136.12552927364166,20779220
2012-01-02,135.27362060546875,135.9675927852264,133.92308680331112,135.38581423290722,14464990
2012-01-03,141.7561798095703,142.11770527640178,136.54935327848906,136.63245543872995,21341020
2012-01-04,140.95835876464844,142.44187159114574,139.22552670810774,142.28396095775304,22241630
2012-01-05,140.65914916992188,142.82831502874583,139.62859596966072,140.9541980323613,21344840
2012-01-06,139.0218963623047,141.91827305549222,137.80018143291412,139.20889846270944,21137420
2012-01-09,136.0714874267578,138.10351487942006,135.06169399852342,138.10351487942006,26127920
2012-01-10,141.50270080566406,142.01383049614188,137.04801628108362,137.11035875865187,28087310
2012-01-11,143.52642822265625,144.08740904381466,140.72977980260825,141.7852774679902,24529370
2012-01-12,146.63890075683594,147.63621560022145,142.97375634288653,143.83810517362124,25162480
2012-01-13,147.61129760742188,149.58931465520448,147.10432738431572,147.67362741322438,20468290
2012-01-16,150.96060180664062,152.49813778809357,145.30913430812853,145.9573895686811,21265790
2012-01-17,153.25442504882812,155.61475237413964,152.510601668919,152.75577399141676,22716470
2012-01-18,155.02883911132812,155.49841142143964,151.25980735160564,153.7531008793794,21712160
2012-01-19,156.603759765625,158.9433022122044,155.8391512752865,156.24639378188328,17022890
2012-01-20,160.63873291015625,161.56539879247327,157.50549081728963,157.7423567214652,26377250
2012-01-23,161.2745361328125,163.48525939986573,159.65389790378717,160.55979149314666,16830570
2012-01-24,169.61045837402344,171.0399477548048,160.12762843568515,160.56810930146167,51131380
2012-01-25,171.03993225097656,173.36284911379983,169.53564724025938,170.81137274374206,33818960
2012-01-27,169.5938262939453,172.03725601714942,167.70723061190964,171.57184324730994,21060520
2012-01-30,164.9936981201172,171.10227248358908,163.73874491279545,167.46621933427176,20774550
2012-01-31,171.33914184570312,172.28659292087445,167.21689078435855,167.86930566320189,29751020
2012-02-01,172.67303466796875,173.56646227058272,169.75172639540273,170.4581646011232,27568480
2012-02-02,172.25332641601562,175.6442069805687,164.74851425500233,174.11499006367595,55330560
2012-02-03,174.79234313964844,175.99327291642467,169.25306896952716,172.03725178848111,24481860
2012-02-06,179.73736572265625,181.7984847217052,177.18590206377905,177.18590206377905,31648070
2012-02-07,178.9436798095703,181.86914785379412,178.30373090080795,181.33724572589406,21732080
2012-02-08,180.99234008789062,181.84422304426272,178.2871250470222,179.6418060004801,24978160
2012-02-09,181.51174926757812,182.1766300249136,179.31765164545294,179.87448563377706,18499690
2012-02-10,180.50613403320312,183.58949978358123,178.6984937736606,181.8442020045595,22965380
2012-02-13,176.9615020751953,181.22087831160152,174.1981044191044,180.68065713122724,56126600
2012-02-14,182.85398864746094,184.32918222379644,176.89917827254928,176.89917827254928,36543090
2012-02-15,187.05104064941406,187.62450019805834,184.71149815998254,185.0854896581928,26676630
2012-02-16,195.33709716796875,197.58936536605376,185.2641820378783,186.35293093490756,42827580
2012-02-17,200.88050842285156,205.40998919309692,197.55195745782964,197.55195745782964,50345570
2012-02-21,203.8225860595703,205.69671575005464,200.71012870156846,201.12567762227565,27876680
2012-02-22,187.4125518798828,205.2063586296547,185.90826690714485,204.11762255243752,63344440
2012-02-23,187.8696746826172,193.07234274559863,186.74768749366345,187.35854493092992,44543300
2012-02-24,183.3069305419922,191.40182775897162,182.42596889437428,189.4903002638603,36297520
2012-02-27,176.42959594726562,184.50370786734914,175.45305351571264,184.0798525632806,29408220
2012-02-28,185.43869018554688,187.41254739200366,177.0778486369287,177.77180817416485,44586320
2012-02-29,186.79339599609375,190.07207032623145,184.75304931087337,188.2436576447988,35696060
2012-03-01,184.39981079101562,185.97889142207276,181.71536864560045,185.65476381121178,22623660
2012-03-02,186.7227783203125,189.65655312295428,181.67802026593716,185.03565046547484,31101180
2012-03-05,180.85105895996094,185.72545281612403,179.90776738805224,185.72545281612403,19686120
2012-03-06,178.50735473632812,188.07744597077118,175.7688888426628,178.76915258809703,44398420
2012-03-07,177.98373413085938,179.83293166080256,175.0291877749488,177.43936612985578,35286120
2012-03-09,185.03562927246094,186.41525478025403,181.852522908525,182.01043353287503,22974790
2012-03-12,192.0500946044922,193.1928541595758,189.5775734036016,191.59714779353558,36567100
2012-03-13,193.43801879882812,195.3079889053689,192.52380611856742,194.5849378556013,18007900
2012-03-14,195.70692443847656,197.3358818565561,193.82864780264518,196.99928823104392,22802380
2012-03-15,191.0943145751953,196.80396518947117,189.98896564066249,195.9728673742129,27417960
2012-03-16,185.1602783203125,195.71937767841007,184.08816770902072,191.1524992012405,40578470
2012-03-19,179.31353759765625,185.91660404430164,178.68605460362724,185.33483803073895,22683990
2012-03-20,181.79019165039062,183.07839587491566,177.6970321370089,179.51713848682564,26379790
2012-03-21,185.57168579101562,186.08280285067576,180.8759753470424,181.5034582795549,23060820
2012-03-22,179.56700134277344,187.46243100135115,178.6943460547265,185.08549061792797,30745480
2012-03-23,180.078125,183.24044615861442,176.79113155785492,180.846893029693,30728320
2012-03-26,175.9807891845703,179.43399932461125,175.36162541832047,179.40906740661092,20093020
2012-03-27,176.95318603515625,180.50613680992146,174.3393925327564,179.1015794708705,38470940
2012-03-28,172.80601501464844,176.30908924699992,171.4928789505242,176.1927360606368,24367160
2012-03-29,171.318359375,172.8642019611377,170.1382018903321,170.3750678330861,25090990
2012-03-30,174.2271728515625,175.3533194373753,171.84608590586072,171.84608590586072,25032100
2012-04-02,177.05711364746094,177.76771157342313,174.53058128868727,174.53058128868727,20297730
2012-04-03,180.5601806640625,181.44530196808816,178.0128635384818,178.02116995223238,21628480
2012-04-04,179.72906494140625,181.09621173843112,177.5723650621525,178.6860331086539,15237090
2012-04-09,174.56796264648438,178.59463311943506,173.70362638183215,178.51983734953734,13896030
2012-04-10,178.78579711914062,179.26783547935528,174.11918998054313,175.36167742839746,19318620
2012-04-11,179.39662170410156,181.13777270314773,175.9517302687792,176.62075794657258,25933200
2012-04-12,185.13121032714844,185.66725932327134,180.7679465040579,180.7679465040579,33620420
2012-04-13,183.86380004882812,189.78953262324418,182.45093603846954,186.99704294139082,27182620
2012-04-16,188.25198364257812,188.90023899996808,182.9246556600835,183.83885575513582,20681450
2012-04-17,191.5098876953125,195.28307935529352,184.59515959254242,190.90318976430243,55740650
2012-04-18,190.4668731689453,194.4602926883902,189.0955539573379,193.06820110087665,18500350
2012-04-19,188.58026123046875,191.05278246702778,187.3419208384661,190.90317825598154,19747410
2012-04-20,187.86550903320312,190.1053237909451,186.0163239549013,188.24366007080422,19024070
2012-04-23,182.27638244628906,189.4487481068947,181.34554425178945,188.24365878782936,21607120
2012-04-24,182.06861877441406,184.13804438073856,180.77209542829067,182.43014432339618,17626560
2012-04-25,180.49368286132812,183.42329778707781,177.08202964810374,181.94394458965945,24860580
2012-04-26,179.71243286132812,181.84420074228743,177.6055968997856,181.84420074228743,19133070
2012-04-27,176.64984130859375,180.2401772382842,174.6136542189698,178.85224542320915,25322120
2012-04-30,177.69703674316406,180.33577506405692,176.77451758365413,177.10696434654577,17221600
2012-05-02,177.90480041503906,180.25680880834088,176.63738129010918,178.27048549124805,13934080
2012-05-03,173.20912170410156,176.84101558058958,172.49437698088045,176.2758750783695,22939970
2012-05-04,165.9078826904297,171.95411354303593,165.0560125983253,171.81282845213568,24320340
2012-05-07,168.5632781982422,169.54396761002022,155.91396744340219,161.7316526064911,38693170
2012-05-08,162.5087432861328,170.2836611814299,159.8076749055957,169.21155038872882,30371610
2012-05-09,156.5040283203125,162.47962367001148,155.91810283593176,160.90054288599052,34001410
2012-05-10,153.18377685546875,160.62625839011582,152.28203025783867,157.07746760813652,41622790
2012-05-11,154.05230712890625,156.64532851675153,151.3429325424153,152.83889861598908,36830270
2012-05-14,152.90121459960938,157.54288846116316,150.7195829920086,154.6672973295719,29719730
2012-05-15,154.61744689941406,155.55659157942713,151.67536592921593,151.75848079138515,26559600
2012-05-16,151.89976501464844,153.32093530589717,149.78876927087384,152.42334806227026,28987000
2012-05-17,153.61595153808594,154.750391801441,151.47586477942534,152.5230560151927,28710190
2012-05-18,161.2786865234375,162.6458460318311,151.26396761785173,151.26396761785173,88722070
2012-05-21,167.0091094970703,168.7128626164522,162.89517769864352,162.89517769864352,38849830
2012-05-22,161.1291046142578,169.54397081268135,160.49331523097217,169.12842186461106,41395000
2012-05-23,162.47962951660156,164.05040394430836,159.61234447320618,160.6678422925103,34534760
2012-05-24,166.38507080078125,167.04936572952607,162.93659954661487,165.69537654994798,32104050
2012-05-25,169.83355712890625,170.7728931684596,165.3780607725963,166.06775513708357,29159720
2012-05-28,177.8220977783203,178.3044524275206,170.68399790790608,170.85746738608452,35316050
2012-05-29,179.4172821044922,181.93487525060763,178.10983040000625,178.98146486966354,48415290
2012-05-30,177.55975341796875,179.2353207655917,176.18882294016893,177.8390038819733,32384070
2012-05-31,173.99282836914062,176.776991711398,172.42304183693545,176.01959608384087,40737620
2012-06-01,171.6402587890625,176.06191003163943,170.68822972931613,174.32286356788802,26260160
2012-06-04,173.129638671875,173.81931988906246,167.05357181174622,168.5895138727826,29318990
2012-06-05,176.2523193359375,178.55835059280514,174.41174003322666,174.66560413517203,32970970
2012-06-06,182.6414794921875,183.46657649104307,177.37359322422736,177.7120872729926,33459450
2012-06-07,183.4623565673828,185.243705214724,182.4976342431745,184.73596409882146,35579490
2012-06-08,184.43553161621094,185.46371986535604,180.37776098173407,182.07449240033688,29803650
2012-06-11,183.19577026367188,187.689345245395,182.40876579239617,186.17456695044058,28149690
2012-06-12,186.69500732421875,187.17736197000661,180.47084398187172,182.3664441520311,38566440
2012-06-13,188.37905883789062,189.89807266135182,184.98984390332336,187.02083422300953,31091980
2012-06-14,181.96449279785156,187.75706208365997,181.44405847974826,187.19007740537504,33236270
2012-06-15,184.74440002441406,185.31562001070066,181.68944420788915,183.50464979534394,28244050
2012-06-18,176.69236755371094,188.87411236633744,176.15500466772045,187.52858100875048,53583960
2012-06-19,177.76708984375,179.09147004213526,173.9885955875675,176.69235125816633,37168690
2012-06-20,179.1549530029297,179.98850788604113,177.42437721265694,178.87145421187876,25115340
2012-06-21,184.3424530029297,184.90520228480807,176.4427216310411,177.7290223059755,34033180
2012-06-22,182.6033935546875,184.86287417936248,180.1238930972087,181.68944415941675,35627920
2012-06-25,178.98146057128906,186.17456891576168,177.84749129603685,182.8826645546236,43573040
2012-06-26,178.82069396972656,180.40317387337026,177.38207470162124,178.81223613683207,26383570
2012-06-27,178.8460693359375,180.96168957388335,177.991363408387,180.09005506886734,19443200
2012-06-28,177.5682373046875,179.78118069653422,175.5160831150982,179.2353470659026,27841960
2012-06-29,182.7049560546875,183.63583411158578,179.99696477014842,180.25084177773167,25872690
2012-07-02,184.64712524414062,185.94610636855762,182.78960431697942,183.61892390618868,23629020
2012-07-03,185.10406494140625,186.5130622418079,184.24088832786347,185.75144417338325,23044680
2012-07-04,188.2732696533203,188.70486443924855,185.33678777598843,185.33678777598843,33471910
2012-07-05,189.00526428222656,189.52993392039733,187.19852941553987,187.8586018354063,18782280
2012-07-06,188.09132385253906,189.195684281421,186.65694011069172,189.195684281421,21904250
2012-07-09,186.9742889404297,187.78244449668992,185.54835007355433,186.00533126960536,21137340
2012-07-10,188.62867736816406,189.1195027663638,187.19005832528623,187.3423896825923,17667680
2012-07-11,187.75706481933594,190.62162294781496,187.02929092518158,187.44395714939654,24675290
2012-07-12,187.9686279296875,189.45379750957213,185.6668320145881,185.74300415891358,19749170
2012-07-13,184.35092163085938,189.00952163564304,183.7331641225194,188.0278707232662,17027690
2012-07-16,186.1280059814453,187.52007452030875,184.33395160057535,184.90517153224616,18541930
2012-07-17,186.09841918945312,188.15057337501318,184.65980002967692,187.4439505435115,13473830
2012-07-18,184.94752502441406,186.3946020457523,182.98000077247033,185.7514581376821,20777200
2012-07-19,182.62879943847656,187.6385866147121,182.28183462024063,187.3720163985728,20951570
2012-07-20,180.4200897216797,183.93202703339549,180.00120105032363,182.027968836001,19267410
2012-07-23,177.13241577148438,179.72616815645145,176.59081752645446,178.72758872524957,15895700
2012-07-24,177.28895568847656,178.9645231099708,176.05342792905088,177.28895568847656,16448600
2012-07-25,175.20297241210938,177.26781977060182,174.41173253205972,176.55273911786028,17127660
2012-07-26,170.7220916748047,176.34117838866234,170.0112334765724,175.59647594895273,24636420
2012-07-27,164.25674438476562,174.94484800156343,163.45279844274688,173.56547252189316,42134890
2012-07-30,171.9364776611328,172.63462983158365,164.2567779607282,165.12417718572434,34443090
2012-07-31,169.68118286132812,173.05348167830564,166.55853856905932,172.46534602935012,48379270
2012-08-01,172.07608032226562,173.04080261042043,169.69388992717052,170.0958629275354,19820020
2012-08-02,170.21009826660156,171.79259091356718,169.04228472879407,171.78835554121233,21311770
2012-08-03,169.70237731933594,170.46823086865717,167.13401106293574,168.49223573980905,20063360
2012-08-06,170.7939910888672,172.39339920874622,170.16354049389554,172.1945304226337,16064040
2012-08-07,174.43284606933594,175.33410213689342,170.20160662556793,171.043619142808,25271900
2012-08-08,174.39479064941406,176.77698085265897,173.75164681334687,175.42721424989023,22909420
2012-08-09,166.60508728027344,176.0619119598693,166.1481190081875,174.94063585976522,42898490
2012-08-10,159.75045776367188,168.7418425795536,158.75612671420876,166.1184815809045,108902910
2012-08-13,161.34141540527344,161.7180019727113,157.27519986261177,160.11012298523372,53428630
2012-08-14,161.66297912597656,163.3216178655545,160.62208485741,161.71798730838685,36635290
2012-08-16,160.31744384765625,162.79694406203618,159.9408573241057,162.31035408922875,27216820
2012-08-17,160.53749084472656,162.24268018051382,159.29350515519513,160.36400844174068,28632600
2012-08-21,162.06494140625,162.30612517276444,159.86892692739528,161.02406003592318,19716500
2012-08-22,161.8153076171875,163.57974037220077,160.5332424184799,160.78711940007656,25303710
2012-08-23,161.78993225097656,163.3174167041283,160.7955882042878,161.97610785600426,21831520
2012-08-24,160.2666778564453,161.1213966273849,159.39504342213354,160.7871250413426,18012150
2012-08-27,156.09043884277344,160.73634494662485,155.5573113908505,159.96202080628984,20736720
2012-08-28,156.06504821777344,157.35980657172027,154.88030623139045,155.90003657914687,24599940
2012-08-29,154.85491943359375,157.13131560790364,154.39793830234584,156.47124322962924,18804350
2012-08-30,155.68423461914062,156.30199200003457,153.606694376056,154.1863721491605,21627450
2012-08-31,155.48538208007812,157.8125641591584,154.74915042713044,155.62500732322607,27903670
2012-09-03,156.61512756347656,157.82525603631967,155.9211979876241,156.55588400385597,15997080
2012-09-04,158.67152404785156,159.24274411696817,156.64053370512775,157.40215185546876,17181080
2012-09-05,154.88455200195312,157.9945163251824,154.6179946994373,157.41483844771594,19033670
2012-09-06,156.89016723632812,157.82103238161517,154.60952245056882,154.60952245056882,19561570
2012-09-07,160.11436462402344,160.9563773057745,159.31888938714155,159.77163519513377,24267990
2012-09-10,157.4994659423828,161.21025912188443,157.09325756712136,160.70250510916807,19432850
2012-09-11,157.20750427246094,158.40493958472467,156.1327656306072,156.1412234625498,18557340
2012-09-12,157.35137939453125,158.840771455095,156.1370153937366,158.24840034650268,19625090
2012-09-13,158.04527282714844,159.51774900500453,156.89437502338868,156.89437502338868,16407420
2012-09-14,166.83779907226562,167.13399105694845,161.71800866373556,162.39499677834675,37985040
2012-09-17,175.98150634765625,176.7685107983077,169.75735585396222,169.75735585396222,53902050
2012-09-18,181.89682006835938,182.52727082629886,174.37789677368738,176.0196202982742,44354080
2012-09-20,179.68807983398438,182.7811153282796,177.71208501660763,178.47370307301935,31870400
2012-09-21,187.29159545898438,189.7710956612698,180.68238837098752,180.7500897539715,42035570
2012-09-24,186.02650451660156,190.64278991112243,184.83329147777883,187.4439728077373,29149940
2012-09-25,185.8783721923828,189.98268024927017,183.80506712855393,187.29161774718568,30847570
2012-09-26,188.62867736816406,189.55955534970147,183.75852882275322,185.15906825448454,28369700
2012-09-27,190.17311096191406,191.66673835387732,188.73025639032235,189.5595759194078,27464560
2012-09-28,189.61032104492188,192.77529315058817,188.35787764537926,192.04751936854595,22346820
2012-10-01,192.11097717285156,192.83451555197962,189.57646870364138,189.76264428500002,15900770
2012-10-03,194.37472534179688,194.83592900009518,190.66391921286277,193.0249586088147,25948710
2012-10-04,198.50439453125,198.783645000985,194.9966930445163,195.4832830496501,24480430
2012-10-05,197.97552490234375,199.93035601593078,170.1212604819231,198.8683104810779,39747760
2012-10-08,192.05177307128906,198.0643619500936,191.36207883313432,198.0643619500936,18144560
2012-10-09,193.16036987304688,195.14482275887218,191.0235856101307,194.12085684618845,19485380
2012-10-10,188.16746520996094,191.5778435224353,187.74011876245294,191.08279568727707,21841000
2012-10-11,191.8571319580078,193.25767150906898,185.44680528109748,188.459446404984,29460140
2012-10-12,190.55392456054688,194.16740767803444,189.9911623250245,192.07293839883204,17758970
2012-10-15,191.62864685058594,192.06868654165515,188.78101749933882,190.236565185726,14254380
2012-10-16,188.61599731445312,193.36768489827918,188.19710864991703,192.13639240115094,15137550
2012-10-17,187.4185333251953,190.90507072490732,186.35226556356892,190.08420918562075,21075700
2012-10-18,192.792236328125,193.25766242394948,186.76694145088246,188.57368929595407,24274450
2012-10-19,191.0616455078125,192.9318593523465,189.05180641868333,192.0983045188725,19700000
2012-10-22,189.63995361328125,191.2435972482079,188.31133800599187,188.45943399401818,13785660
2012-10-23,189.111083984375,191.92485663256954,188.7598837545265,189.55959449189604,14004630
2012-10-25,186.11956787109375,190.43543820852554,185.75145202537038,189.54263977688672,28767350
2012-10-29,183.44119262695312,186.551156779903,182.52300781504584,183.87700985432429,21364870
2012-10-30,175.53721618652344,186.15763115361682,174.79674918760065,183.55118576788232,45981440
2012-10-31,178.57949829101562,178.94762705739527,174.1197801472855,175.34260192452726,25377620
2012-11-01,179.02377319335938,179.79386199912855,177.5809187537765,178.72758121799578,14382330
2012-11-02,182.150634765625,182.70492613650995,179.83614611984405,181.09706020630787,17604300
2012-11-05,181.49905395507812,182.2649073999947,180.09851447872435,181.3424872206385,12145950
2012-11-06,183.9024200439453,184.27053592568325,180.33125179344702,180.33125179344702,15070250
2012-11-07,187.61317443847656,188.6879129878075,183.17037254690976,183.49618628309844,28982660
2012-11-08,189.75418090820312,191.8359566202526,184.67247056979954,185.24367762602876,27559100
2012-11-09,182.3706512451172,192.0432581952094,181.77404494760518,189.27180158773794,62456180
2012-11-12,185.35372924804688,185.74300907441597,179.74733531519726,183.22118031764987,31728480
2012-11-15,182.2564239501953,184.65130729139557,180.9616655693397,182.11256334262464,17207000
2012-11-16,178.42718505859375,183.63160580712557,177.80519217679856,182.25645261856732,18348140
2012-11-19,177.19589233398438,179.74309451228265,176.3919592070489,179.74309451228265,18300990
2012-11-20,174.87716674804688,179.3030536600415,173.7347395472997,178.55835119124887,18897210
2012-11-21,174.41172790527344,175.5456971908486,172.7192318088136,175.25797595350335,23015420
2012-11-22,177.58091735839844,178.9433771914688,174.97023652674417,174.97023652674417,18180930
2012-11-23,176.82351684570312,178.68103740200434,175.6218462363967,178.558327826562,13757250
2012-11-26,177.02664184570312,178.52872705591417,176.01960454214296,177.41590874000897,13539140
2012-11-27,178.99412536621094,179.66265553052344,177.28893635169973,177.8559208993365,15647840
2012-11-29,180.40737915039062,181.26632036024472,178.19021350603657,180.0942715201415,20991170
2012-11-30,183.6612091064453,185.07444176846985,181.5709754371817,181.85869666862425,21590680
2012-12-03,186.51730346679688,187.02082209777006,183.93202183002185,184.48207790639762,18628530
2012-12-04,189.521484375,190.3381106475913,186.37767595523607,186.85157279917047,22339070
2012-12-05,192.25062561035156,193.1984322060621,189.99961561325014,190.23656403399767,23558250
2012-12-06,195.246337890625,196.15605190014907,189.55955034719167,193.02917228202722,23499050
2012-12-07,196.00796508789062,197.98819529692415,194.64128278001604,196.02489366409642,25831160
2012-12-10,196.35072326660156,196.90501477586483,194.7301637291639,196.53267643384353,13614690
2012-12-11,195.38174438476562,197.89932446306824,193.17303656550416,197.1503996239324,20557710
2012-12-12,194.20545959472656,196.15605505094527,193.48614362435637,195.4832894355312,18423190
2012-12-13,191.47206115722656,196.75265314173862,190.83737517934998,194.8485952081089,18254110
2012-12-14,196.35072326660156,196.9219433545501,190.73163602624624,191.77253055547587,20181840
2012-12-17,198.3859405517578,198.78367820113198,195.64834028007047,196.22378280350105,18967760
2012-12-18,200.7892608642578,201.57626528376656,192.85990854915303,198.86827434333733,41036170
2012-12-19,200.7554168701172,203.78922174423255,199.94724845061722,201.83015548553894,21278390
2012-12-20,201.5128173828125,202.99798684614538,198.237841553638,200.42962090926846,18314370
2012-12-21,197.55239868164062,201.12355387032767,196.9642500398064,199.29989020372872,15685940
2012-12-24,197.2858123779297,199.62991018342194,196.75267197341503,198.02204405066288,10549750
2012-12-26,200.6327362060547,201.4070475349383,196.58343595383067,197.7427917172341,15353080
2012-12-27,202.11367797851562,202.8879893365131,199.94304945722195,200.63274374978195,19723060
2012-12-28,201.36473083496094,202.8752867776797,200.4846385012012,202.5917879853664,11036230
2012-12-31,201.87246704101562,202.82026068799988,200.44654119838378,200.56078003210135,10006870
2013-01-01,205.33787536621094,205.9810192784114,202.89221885554275,203.51421173017448,17202300
2013-01-02,207.3773193359375,208.51552404912204,206.3279799692932,207.33078188912975,14660120
2013-01-03,209.1586456298828,210.07259496195195,206.1629206670919,208.17699491254348,20103090
2013-01-04,210.4364776611328,210.96538263361305,207.3857573954281,208.1769971682235,13705950
2013-01-07,208.8201446533203,211.47736276547082,208.3250968214604,210.71574475673899,10264490
2013-01-08,210.999267578125,211.56201686137913,208.43090159437486,208.85402562809762,16123870
2013-01-09,213.491455078125,214.94700274389658,211.05425658423394,211.05425658423394,22474110
2013-01-10,214.87086486816406,215.9371328588229,213.4660898793203,214.94278872778224,21504650
2013-01-11,210.80459594726562,215.79323132221708,210.14452356682696,215.70860136053244,14156720
2013-01-14,211.54086303710938,213.25027481366385,209.46332250938184,210.80039598785237,17721580
2013-01-15,210.7030792236328,213.03449682172808,209.04020484147415,211.98514455141697,12219330
2013-01-16,205.84136962890625,211.01194546209732,205.1305114901961,209.86950548890445,14390080
2013-01-17,209.01058959960938,210.07685756776635,205.04591927722313,205.25748130435343,14091240
2013-01-18,210.8892364501953,213.0556292853287,209.70871686309854,210.29263005483932,16073730
2013-01-21,211.5154571533203,212.52671677286568,210.72420444685437,211.13887060483765,11849060
2013-01-22,208.55361938476562,212.32364331036382,207.70313591145197,210.71577708404794,12954000
2013-01-23,209.90335083007812,210.88923699337388,207.51270278310474,209.10788854694113,15042750
2013-01-24,208.10507202148438,210.23762060507048,206.53105021905267,209.86950478972045,17650270
2013-01-25,212.7213897705078,213.66072571778355,207.16154623274642,208.1516550021362,12460930
2013-01-28,210.8469696044922,214.42237342079633,210.12343100779685,213.67767087143056,18349860
2013-01-29,208.38433837890625,214.5238718614899,207.75812311177484,210.76229323567495,46331240
2013-01-30,206.15447998046875,210.46187928883583,205.35054694669668,209.61563127166102,23715290
2013-01-31,206.31524658203125,207.89349069713273,204.4661969329765,206.14599957966973,25528120
2013-02-01,204.14462280273438,207.5084635372366,203.18413603715325,205.7228798631266,14516810
2013-02-04,199.0883026123047,205.57480085403174,198.4451587719003,204.5804568575987,18596650
2013-02-05,200.68772888183594,201.4578177408835,197.01501527937666,198.8683006579263,22375350
2013-02-06,198.75827026367188,202.07556098489655,198.1912856342689,201.8301547383001,13866580
2013-02-07,196.88804626464844,200.05300525504012,196.34221273486986,197.51426146798266,13760530
2013-02-08,193.4650115966797,198.2674591735976,192.61452813480625,196.32955673056983,17646650
2013-02-11,194.15892028808594,195.64408975557387,192.72030117820296,193.78234661850647,14811360
2013-02-12,194.33242797851562,195.28022179068083,192.8430358575814,194.7217078157819,13296820
2013-02-13,190.8035430908203,196.60456968240925,189.77111946805454,194.80629263059382,27599120
2013-02-14,187.5074005126953,192.01366859011816,184.0589424493492,190.40580253380952,60922460
2013-02-15,189.00526428222656,190.21117028830867,186.61038084595427,186.7669346629749,21127420
2013-02-18,191.4805450439453,191.99675685789222,189.13643438919766,189.13643438919766,18380120
2013-02-19,192.3944854736328,192.94454150142187,189.30567256600025,192.00097034506175,13692360
2013-02-20,190.57928466796875,193.54961053490095,190.11808105198128,193.3676703117785,16094270
2013-02-21,187.06732177734375,189.80916959907125,186.1872296502746,189.50875521263606,19310510
2013-02-22,185.83607482910156,188.32826859336004,185.33255621206715,187.1054468896481,18284310
2013-02-25,187.94322204589844,189.47492891548552,186.26341918838943,187.02081479145497,16887440
2013-02-26,186.03915405273438,187.52855877151072,185.21407001441725,186.85155780049598,16446360
2013-02-27,187.3085479736328,188.93757811926963,185.92070163119521,187.2281533725664,14100300
2013-02-28,176.09576416015625,189.28031111743175,173.5654906034269,189.05182051470086,58729590
2013-03-01,176.66697692871094,178.46948944081805,174.8348555479705,176.6119687384022,21676800
2013-03-04,177.6697998046875,178.43988873452142,175.7234264410493,176.6458467553235,18279980
2013-03-05,180.1281280517578,181.0124557291339,176.1380715289489,178.7275885388197,19059400
2013-03-06,183.517333984375,184.05469679292094,180.80087233841513,181.18169425237974,21540750
2013-03-07,183.30999755859375,183.8050453599131,181.53287176422847,182.97996138680804,11774640
2013-03-08,186.9784698486328,187.7781803076448,184.15200497791767,184.2493281344373,19462340
2013-03-11,186.57229614257812,187.95168450392487,185.63719572540924,186.97003373250362,14154810
2013-03-12,186.75424194335938,188.54406115151386,184.74440289891905,186.76693514713125,21840370
2013-03-13,184.42709350585938,187.70206980310536,183.7373991788694,185.92072101460752,21052580
2013-03-14,190.8331756591797,191.37899636860584,183.2296362137288,184.3974497727492,33666130
2013-03-15,191.42127990722656,192.41985918301594,189.34797505343107,191.59052691132277,22161680
2013-03-18,190.3888702392578,191.1843454203411,188.99680158508173,189.36491739675503,11219240
2013-03-19,186.47499084472656,192.07292650623887,183.64852537489136,191.7598188507381,40393960
2013-03-20,179.43844604492188,186.99121311369137,178.5837400905787,186.13227178666872,23048180
2013-03-21,179.35804748535156,182.70494712874452,176.04074379704497,179.91233891992292,32310360
2013-03-22,176.35385131835938,180.2508196487246,175.68108572412638,179.67959967996995,20894740
2013-03-25,174.17898559570312,179.8319287419007,173.72623983334253,179.81923553887748,22640640
2013-03-26,173.50624084472656,174.99563280008223,171.54295203597226,173.4808544356317,16268370
2013-03-28,175.40606689453125,176.01960192208847,171.87299146497384,173.38353448510838,18801120
2013-04-01,176.91661071777344,177.53860353503848,174.87292741117122,176.4427138879944,11155370
2013-04-02,181.1351776123047,181.77409907609174,175.6514934006871,176.20578488723766,15282510
2013-04-03,178.1013641357422,182.53147304105386,176.91660915901292,180.7797334399259,23043560
2013-04-04,174.97024536132812,177.4582167397504,174.11130409141765,176.90392528990634,15062340
2013-04-05,174.04783630371094,176.3580898833616,172.80385062711738,174.97024358662927,16152430
2013-04-08,172.10142517089844,175.29178325600844,171.67830123594499,174.10704140322588,10811270
2013-04-09,168.25527954101562,174.83486640853124,167.5571274259518,173.07889123285477,18252900
2013-04-10,171.20867919921875,171.67411821713966,167.2270805070601,169.16498289275899,18994350
2013-04-11,172.8334503173828,173.48082948162255,169.9265906796648,172.19452898405117,18848870
2013-04-12,176.17190551757812,177.45820611559643,170.9420989843794,172.63459501392774,20632180
2013-04-15,181.63021850585938,182.654171389316,174.54711372600818,174.58097087827463,18089020
2013-04-16,184.74440002441406,185.6625847920267,181.09707318655185,181.77407417353152,14838250
2013-04-17,189.99539184570312,192.08562568781895,185.75145813645204,185.75145813645204,24644810
2013-04-18,194.60743713378906,195.69910439100533,189.13644638114584,190.69353975341858,21382190
2013-04-22,196.93038940429688,199.71453980730163,195.178649742627,195.178649742627,14450260
2013-04-23,193.5792236328125,198.30128886702119,191.75979565774483,198.02202548668032,18770200
2013-04-25,197.5608367919922,198.27591741542287,194.12929429143088,195.39866634541858,20535590
2013-04-26,193.6173095703125,197.56082834854726,192.70336018097572,196.75265995918852,11550470
2013-04-29,192.39871215820312,195.43675231924686,191.42976748662988,194.80628877291613,13964420
2013-04-30,191.6159210205078,194.00234648618576,188.31979448532675,193.11378353805634,14814500
2013-05-02,194.5904998779297,196.9092111018525,191.68786256329466,192.52141734832256,20143690
2013-05-03,187.34237670898438,194.07850321041312,186.68230433604836,193.36765802613112,36583570
2013-05-06,188.38328552246094,188.92911914938276,184.73595836530032,186.64423900421085,19604120
2013-05-07,190.9812469482422,191.59054655563665,187.7443508544091,187.86706043286605,12903980
2013-05-08,190.8035430908203,192.352178524969,188.84447684833674,191.25205351072609,14795230
2013-05-09,193.8711700439453,196.90496163385424,189.8980298249918,191.2520316745005,22585460
2013-05-10,194.09542846679688,196.58339948196794,193.26187372753336,193.7823208603702,18603240
2013-05-13,192.7499237060547,196.2237683671381,191.9375198891155,195.06017728787205,12807580
2013-05-14,194.04888916015625,196.21105948934647,191.7936439482714,192.37332175542005,19822490
2013-05-15,201.63975524902344,202.4902386979179,195.08133265660138,195.49176349018438,27233960
2013-05-16,204.7370147705078,206.40835979238457,200.7300298378499,201.00929323686506,22683930
2013-05-17,205.20248413085938,206.0402744518653,202.08406174953163,204.83013287707897,16893270
2013-05-20,204.09808349609375,209.19249999812624,203.31107906555826,205.63826103196945,18149490
2013-05-21,199.77377319335938,205.55363571747722,199.1983178340347,204.7920176763309,19350270
2013-05-22,199.96841430664062,203.28570507179236,198.4917026971353,201.40703339117638,15125760
2013-05-23,184.2789764404297,199.291421962076,182.19721340392405,199.291421962076,63821860
2013-05-24,182.04489135742188,186.00533927178992,180.03082961341192,185.4975852349381,34747060
2013-05-27,182.96730041503906,184.76134218664956,181.67252899164157,182.2818286334566,22382280
2013-05-28,183.7610626220703,186.52204887144853,183.13121571957643,184.24423357003388,21430960
2013-05-29,181.73350524902344,184.58076506477886,181.02167712966107,184.22270504106245,16838910
2013-05-30,180.20199584960938,182.90691087836274,179.38232981515355,181.18991598259464,24345150
2013-05-31,176.595458984375,180.2408196112445,176.189937645395,179.62823250966863,20767490
2013-06-03,178.58853149414062,179.63253623598365,176.01736421501073,176.71191917989896,21804450
2013-06-04,174.99496459960938,179.8094282492383,174.3737409353818,178.60150066069758,18890680
2013-06-05,175.30123901367188,176.39269198291544,173.59718579942063,174.80512642136515,19682800
2013-06-06,176.77230834960938,178.34261384998263,173.1226168786182,174.5678245557716,24860940
2013-06-07,174.64547729492188,179.0328668364458,173.8560128556329,175.58163084923723,18938650
2013-06-10,173.55836486816406,176.61702157267797,172.6567309311851,176.0130578308526,14601870
2013-06-11,172.34609985351562,174.8051107996965,171.00874325410885,172.99320661141368,27831190
2013-06-12,173.0838165283203,175.0639618410825,170.02947809459215,175.0639618410825,31892330
2013-06-13,174.1838836669922,175.65065632156364,171.28484492477386,171.6946712970724,21107870
2013-06-14,176.5177764892578,177.65235921022963,175.23218640211155,175.66790913889525,18141370
2013-06-17,178.23912048339844,178.9466171590209,171.88884444545366,177.0959009626095,25618850
2013-06-18,176.3236541748047,179.0328740066499,175.77577517944434,177.9975058021053,15409980
2013-06-19,176.51348876953125,177.06136781317142,175.03807940310998,176.35817628418167,15403450
2013-06-20,172.3504180908203,174.27016023976842,171.47034921386677,173.33832492865656,26521840
2013-06-21,171.62136840820312,173.3254085526165,169.65416463127966,172.04413645898927,26461690
2013-06-24,168.11402893066406,171.44879061930993,166.5221451940982,171.09934084492758,21810540
2013-06-25,164.606689453125,168.20460117347127,164.04155064745478,168.07518509790546,30781170
2013-06-26,163.93801879882812,166.1511258626007,163.25208726325636,165.14162780527795,20557680
2013-06-27,165.01223754882812,166.52215344796772,164.0200123669908,165.78876045935974,19891950
2013-06-28,168.5756378173828,168.88193134638664,166.52214804820582,167.2123979270858,15660360
2013-07-01,173.90780639648438,174.37373070001797,168.6791851673304,169.36943510544745,15135150
2013-07-02,171.6903839111328,175.06395741493978,171.03464058315524,173.52385320978908,16265170
2013-07-03,163.8258819580078,170.49108768830112,163.3125094774402,170.49108768830112,25313640
2013-07-04,163.9293975830078,165.95700407142135,161.56961435730994,164.10196992149315,28494530
2013-07-05,163.45484924316406,166.32368639324412,162.91989873712615,165.75422932169727,17580390
2013-07-08,161.6214141845703,162.3720539223221,159.6283140151704,162.12183189945642,15419820
2013-07-09,163.47210693359375,165.01222418569455,162.2598613202606,162.8120585634678,22886230
2013-07-10,161.88888549804688,165.98722897246077,160.94410842281658,164.542021008925,19184670
2013-07-11,164.91299438476562,166.34957875032234,163.93371090391733,164.88280607531877,15679190
2013-07-12,163.36427307128906,165.65503019590085,162.32028142502034,165.3142300779242,14990890
2013-07-15,164.9949951171875,165.41345809435978,161.17275678512627,163.21761032026546,23207480
2013-07-16,157.69129943847656,160.48248731161533,155.08993061431644,160.48248731161533,30413700
2013-07-17,155.88369750976562,158.67056684088004,154.45143143708106,158.41173467809875,24112260
2013-07-18,157.39791870117188,157.97168083594823,154.52908169645173,156.42725867334346,20494950
2013-07-19,156.28060913085938,157.80777168678452,155.18915619741344,157.80777168678452,14077470
2013-07-22,157.43678283691406,158.30821531773526,155.82333397846503,155.90960699211976,9686870
2013-07-23,160.56446838378906,161.32374464192108,158.1270351899636,158.58432298213236,14172240
2013-07-24,155.41348266601562,157.6352133729174,154.12789242099623,157.03124966115112,26278990
2013-07-25,155.14601135253906,156.68612866569921,154.36517021592377,154.78793822433704,29959130
2013-07-26,152.30735778808594,157.307347670778,151.13825524617258,156.25471960762397,26165140
2013-07-29,150.13308715820312,152.71719595018834,149.5118636129687,152.47992873677302,16545080
2013-07-30,148.6879119873047,153.06234781386485,148.26082564344986,150.49549832634847,27908980
2013-07-31,147.4022979736328,148.38589978424375,145.81473244868556,148.21334060377933,30356230
2013-08-01,145.22802734375,148.66200371729954,143.65770853465955,148.2262809289292,23616550
2013-08-02,145.00367736816406,147.44974665797736,143.6576974445205,145.64216076302438,25310950
2013-08-05,145.1460723876953,146.15986259167937,142.8466786641663,145.64218500855566,17653750
2013-08-06,141.6214599609375,144.64129127388037,140.90100869777933,143.65768960142432,25454280
2013-08-07,148.066650390625,149.17966818810038,141.15555516274605,141.93207798280605,30640510
2013-08-08,143.58436584472656,148.23490621361907,142.36349680130692,147.3893570098445,22000410
2013-08-12,138.5110626220703,144.06323709790786,135.8924338326416,143.58437119933524,54399680
2013-08-13,139.77073669433594,140.37901860592268,135.89241453683812,137.5921492830087,40050290
2013-08-14,140.1547088623047,141.78973575289703,138.73970249973434,140.1201891265176,22630340
2013-08-16,135.51280212402344,139.25739065132268,133.99426276930805,138.98992192300454,33161930
2013-08-19,132.05291748046875,135.28845116669999,131.23325157970754,135.28845116669999,27358320
2013-08-20,134.0848388671875,134.7405690032159,128.43775523562815,129.4213570223814,24469990
2013-08-21,133.56285095214844,142.4411507743703,131.40582820797752,141.50069201761306,32616310
2013-08-22,135.008056640625,135.62496197578068,130.48261404404792,132.2427519474647,39523490
2013-08-23,134.5205841064453,136.90625099255203,133.0538111150706,135.16337274069937,22294020
2013-08-26,134.36097717285156,136.74232598900554,133.31697217629477,135.55596325744872,17001610
2013-08-27,131.14695739746094,133.06671253342708,129.5507556103372,133.04513441091925,23246040
2013-08-28,129.23587036132812,130.4567395032172,125.34028761581936,129.421371166966,25272130
2013-08-29,128.36871337890625,131.54385713250798,127.04861675045429,130.54299559976462,20084810
2013-08-30,131.05638122558594,131.66466317124957,126.8588105574091,128.2479336215566,21562390
2013-09-02,130.83206176757812,132.8726101632082,130.3143841726895,131.1469918494003,13421710
2013-09-03,127.32042694091797,132.40669027145452,126.06503812063683,131.57406948427987,21050700
2013-09-04,128.92092895507812,130.41358495170365,125.59912195298266,127.35062330227808,23858020
2013-09-05,141.34104919433594,141.88892813394,132.29881515223502,132.52745899565934,41009330
2013-09-06,141.03045654296875,142.19093578240293,137.78198095728473,141.32812672203085,24826830
2013-09-10,140.93984985351562,146.25474307802637,139.8613386460826,143.23060660486976,21510870
2013-09-11,145.8190460205078,146.4833995022154,138.2478887951319,140.02527331109346,28928540
2013-09-12,143.08822631835938,147.34188108602973,142.0183516969966,146.67751453973827,19021980
2013-09-13,143.32119750976562,145.4695965692737,140.7284523604977,141.3281109097668,17630960
2013-09-16,142.04859924316406,147.10898034472157,141.09519868736615,146.41873029652945,22536660
2013-09-17,140.95281982421875,143.2263171674144,140.39630424288245,142.5360672226797,16469200
2013-09-18,144.40402221679688,144.79660186226516,141.2331967460296,141.93206987725594,13959810
2013-09-19,155.97430419921875,156.8586913942926,150.40056498551047,150.47389638374733,33437450
2013-09-20,150.78021240234375,159.145139998236,146.02182061878588,156.4963228384104,50467260
2013-09-23,142.76470947265625,147.88547955047562,141.78974410867443,147.46701659599364,24899540
2013-09-24,141.92779541015625,142.72157829581042,137.72591881112513,139.7750906650103,27959960
2013-09-25,146.0433807373047,146.86736500174484,141.51795125320095,141.52225634618307,31710460
2013-09-26,144.61544799804688,146.47048247928862,143.59732631391273,145.40491260939137,16402440
2013-09-27,141.56109619140625,145.69394601199832,140.40924024332628,144.9993778363819,16454000
2013-09-30,139.33505249023438,140.4653303549934,137.76041528042398,139.24014295839996,16838130
2013-10-01,141.78973388671875,142.2211384204271,139.25737821489645,139.97782957897493,12547570
2013-10-03,143.2435760498047,143.65772074762364,140.2237440821369,141.75954328674558,17636560
2013-10-04,142.41958618164062,144.779369596487,140.63788328387736,142.36350148367953,20201430
2013-10-07,140.9010467529297,141.93211004193842,139.77940535180616,141.60855659959358,11363520
2013-10-08,138.7008514404297,144.9087547421634,137.83372426731617,144.542058319949,26710340
2013-10-09,138.8259735107422,139.58524970207162,135.79320016911268,137.26429120710267,34175100
2013-10-10,140.8924102783203,141.461867443511,138.73970578868554,138.93382993675826,17336910
2013-10-11,142.60507202148438,144.2530403891519,140.72415470037996,142.36348655208417,15976780
2013-10-14,142.98472595214844,144.00283437677624,141.81562330104188,142.03994892881866,10581410
2013-10-15,140.01666259765625,146.11672938052823,139.0071775095778,143.5714319504203,23221460
2013-10-17,139.8872528076172,141.0520372700659,138.0494650906624,140.26257268436476,19848640
2013-10-18,143.62319946289062,144.2530463795955,140.37902902693097,140.55158820289407,16838070
2013-10-21,144.22283935546875,146.24612754195243,143.39885516911346,143.83889619112665,14555250
2013-10-22,144.54208374023438,145.97866820999423,143.22630517870704,144.08911424604864,13665340
2013-10-23,148.10546875,149.68872896059327,145.38330757533924,145.98727120517955,32879400
2013-10-24,148.2564697265625,150.55154479029792,147.33757604949497,148.23058651020176,21267920
2013-10-25,148.48512268066406,150.10288962945066,146.67753668998614,147.97175024901543,14223140
2013-10-28,144.5550079345703,150.0338501183025,144.20988961537992,148.83454618579896,13060010
2013-10-29,150.1676025390625,150.56018224453638,141.98385800906783,144.17540041265588,30146060
2013-10-30,148.4937744140625,151.72500383653068,147.95021356786233,150.82335663249881,14466420
2013-10-31,155.0252227783203,155.5989850189094,147.1693498573064,148.22628307216453,33459510
2013-11-01,162.12184143066406,163.07093680522362,154.38244194810292,154.70169030068573,34197760
2013-11-05,161.85865783691406,164.61532578725905,158.7741182487148,161.54372780763717,21888850
2013-11-06,156.12960815429688,162.6697021208419,155.65074230107282,160.65503726170687,23159300
2013-11-07,151.21591186523438,157.72149958250174,150.73274089570796,156.23746693871553,31283760
2013-11-08,150.49978637695312,152.54465291523601,149.26597567201483,150.90530771091434,17637190
2013-11-11,147.05288696289062,151.24614028897412,146.26772741481142,149.24011149021533,18516020
2013-11-12,144.34365844726562,148.1443317860904,144.00284513895778,147.09602180473604,24334250
2013-11-13,146.4230194091797,149.89582075898005,142.5921449114319,143.06237428951994,60408150
2013-11-14,148.6706085205078,150.20210231067074,147.16932936880735,148.66629026281035,18331450
2013-11-18,152.51011657714844,152.71719548006268,149.44715510974365,150.59037442022495,18948610
2013-11-19,157.3245849609375,157.89404204275976,152.11322455733836,152.1994975553774,28702840
2013-11-20,154.93463134765625,158.29958146161897,153.75257396676443,156.94496489944575,23355560
2013-11-21,152.10891723632812,154.32202451743743,151.42298563339492,153.79139222139275,23675930
2013-11-22,149.95188903808594,153.65765212467602,149.6973619621506,152.51011457128286,17754460
2013-11-25,155.87937927246094,156.30647867194696,150.13308144581362,150.25817926936764,22735900
2013-11-26,154.03298950195312,156.9881133061946,153.666306166337,155.3056381921969,16048660
2013-11-27,152.1736297607422,155.19346147196217,151.58692591910744,154.09770344442293,13691010
2013-11-28,152.16500854492188,154.4989086657654,151.9191047995708,153.32116954231145,18432410
2013-11-29,156.9838104248047,157.6352223528011,151.94069010478108,151.94069010478108,23401810
2013-12-02,157.21678161621094,159.92169699415814,156.37555051123132,157.63524462185717,17459790
2013-12-03,156.47042846679688,157.8767982836349,155.75860045918802,156.59552630152905,14806910
2013-12-04,156.8026123046875,158.30390487813958,155.04679262660298,155.9096017265456,15426920
2013-12-05,160.133056640625,162.43675536745468,159.29181249842122,160.4824932743596,23662450
2013-12-06,160.44366455078125,161.09508962114438,159.19259401397048,159.79223948041812,14500680
2013-12-09,163.1442413330078,166.0044420349869,162.64381054611647,164.8828008963693,18775040
2013-12-10,159.04159545898438,163.8129285030306,158.43763175064083,163.480751754797,18864240
2013-12-11,155.0079803466797,159.0114143679217,153.70944833319953,158.7568872426823,20710400
2013-12-12,153.32115173339844,155.1330558412638,152.85092242337979,154.44280603039033,15817310
2013-12-13,150.4393768310547,152.71719205027244,150.1373884167645,151.68182388979537,16462210
2013-12-16,149.44715881347656,152.01832605263445,149.03731925549573,149.2745864740608,13021320
2013-12-17,148.2564697265625,151.42297712709055,147.76898054273454,151.00883249989823,17632770
2013-12-18,152.14773559570312,153.48509217610987,147.9717432037643,147.9717432037643,23581260
2013-12-19,149.3565673828125,153.44196904753824,147.7560601691958,152.91565496353036,18373200
2013-12-20,151.09512329101562,151.68184031692698,148.40748140752743,148.83456769319028,15023660
2013-12-23,151.72067260742188,152.95880160323333,150.56019327365473,150.56019327365473,13320010
2013-12-24,151.78970336914062,152.88977977663052,151.16416146500845,151.78106685171184,13339310
2013-12-26,151.2892608642578,152.86388481964255,150.73274531516566,151.25043603507768,16332130
2013-12-27,152.725830078125,153.70080854869497,151.4229931105716,151.4229931105716,10695570
2013-12-30,152.2512969970703,154.33065688709,151.43161783363192,153.64904350243376,10861570
2013-12-31,152.4152069091797,152.97604066698847,150.9656940864668,151.8069381404696,10753080
2014-01-01,152.2901153564453,153.1399827960468,151.96224370499866,152.88976079928344,5904780
2014-01-02,150.3531036376953,155.82332314135985,149.4557879986414,152.3634503484938,19451900
2014-01-03,148.37295532226562,149.7836565467746,147.62663391888572,149.00712050148184,13759590
2014-01-06,145.65509033203125,148.74825294600097,145.1244581052385,148.56707044494348,13907830
2014-01-07,143.34710693359375,146.85010986076318,142.79490962239595,146.06495040041904,17352910
2014-01-08,142.9803924560547,144.7750367832773,142.44977333883077,143.59299264818318,14248790
2014-01-09,141.48341369628906,143.46355873732583,140.63786457717345,142.62232787607036,14791100
2014-01-10,138.75265502929688,142.88119995584682,138.04946346828763,141.4618752232451,20473070
2014-01-13,141.6085205078125,141.94069721773892,138.9251841165846,138.9251841165846,15564850
2014-01-14,140.4221649169922,142.27719900303,140.0641049743514,141.06927166776174,10197000
2014-01-15,141.56109619140625,143.05375225689258,140.8104433174915,140.8104433174915,13624980
2014-01-16,141.1728057861328,142.51448064063797,140.84925240788044,141.85873736817732,7241970
2014-01-17,139.90878295898438,141.88892790133832,139.5162033104617,141.03043721684634,11207380
2014-01-20,141.6603240966797,142.00976076377518,139.48604126164517,139.9088225023368,9468650
2014-01-21,143.1831512451172,144.32206544712963,142.03561369263636,142.69998031047695,12351890
2014-01-22,142.0917205810547,143.04943924947656,141.09085882271023,142.70862595413755,9821920
2014-01-23,143.07962036132812,143.48514165111305,141.1685015551546,141.4143921184074,9241310
2014-01-24,139.87860107421875,143.64908563184267,139.60250902009057,142.27720921601517,16616560
2014-01-27,137.5749053955078,138.39457138974964,136.58698531099128,137.86825732348123,15688040
2014-01-28,137.73020935058594,140.46531238945593,136.17283220904952,138.31259491214075,18296910
2014-01-29,135.7759552001953,139.93036984878722,135.46102514740272,139.17110681318664,17594550
2014-01-30,130.8536376953125,134.42566701821048,130.28849876027766,134.16682164240748,20955320
2014-01-31,131.47914123535156,132.7862963090365,130.54300086783678,132.05291657775626,13174950
2014-02-03,128.41616821289062,131.92347532666508,128.1271214390821,131.5783570334008,14150230
2014-02-04,130.75010681152344,131.31956407125722,126.55685336648924,127.1780770743035,18002040
2014-02-05,131.2936553955078,132.00116515658593,129.51627080703386,131.05206990768156,13227190
2014-02-06,129.83984375,132.6914218533184,128.85624178284908,131.32819489489714,16116300
2014-02-07,131.80270385742188,132.4153040669645,129.7233440823177,131.151291986455,18203400
2014-02-10,130.63792419433594,132.2556911974397,130.05120718185776,132.0399889303592,10494640
2014-02-11,131.12109375,131.79408376278903,130.67242935300015,130.71125418080476,7118720
2014-02-12,132.22547912597656,132.8725858753696,130.97871380274412,131.7595680591986,15539930
2014-02-13,129.4688262939453,132.51023657873833,129.08056479270584,132.26865105950387,13251910
2014-02-14,127.27296447753906,130.69831762752457,125.54734629277748,129.61980626204857,45823350
2014-02-17,127.14354705810547,128.11852553529522,126.25053649707354,126.83293526146053,16601150
2014-02-18,129.5033416748047,130.26692304038644,126.92785581053236,127.43691005425353,13981720
2014-02-19,130.1158905029297,130.71554901086253,129.24877650653073,129.41271230482658,9753850
2014-02-20,127.74752044677734,129.51196357597286,127.3808239255047,129.16252692399215,10363320
2014-02-21,129.60255432128906,129.8527631551814,128.1271450401624,128.1271450401624,9430050
2014-02-24,130.32728576660156,130.9226260085345,128.48949861375098,129.48604183075392,10295950
2014-02-25,129.9390411376953,131.2332546423918,129.34370081906764,130.88812314188706,9445490
2014-02-26,131.18148803710938,132.42393523115283,129.8786510528837,130.28417237775682,31769610
2014-02-28,132.29017639160156,132.82080862243046,130.97439804118596,131.94073982862773,13109410
2014-03-03,131.004638671875,134.4774403826104,130.72421515382348,132.00980558172077,16179310
2014-03-04,133.76560974121094,134.15387119663353,130.71557646401598,130.97442182277166,17249460
2014-03-05,136.0304718017578,136.4963828748024,132.87258766254442,134.5982056841359,25001030
2014-03-06,136.0994873046875,136.62580128613334,134.77075416084475,136.62580128613334,22604310
2014-03-07,142.33331298828125,143.6102800517161,136.52229264378377,136.66896862429522,51525570
2014-03-10,146.0001983642578,147.62660149433424,141.500653310458,141.8457715889503,44180640
2014-03-11,145.795654296875,149.91325081093868,145.03394423738047,147.11885720522716,25625230
2014-03-12,143.210205078125,145.72602429329135,142.54861020354915,144.44635021079515,17206710
2014-03-13,143.81959533691406,147.64120365415133,143.01869978879844,143.63677904625968,29306490
2014-03-14,143.99801635742188,145.27334672301686,142.2439074383538,142.41802322125596,17043720
2014-03-18,148.1025390625,148.77283427617255,144.07200088971481,144.07200088971481,29193580
2014-03-19,148.7598114013672,149.68692359622554,147.68906827976514,148.85992666030248,17798490
2014-03-20,146.0698699951172,148.51170168741484,145.59543504440867,148.51170168741484,14052620
2014-03-21,148.1765594482422,149.01661373432248,147.03181579095116,147.81529705270557,16902930
2014-03-24,150.21795654296875,151.46281556481964,148.94263920792918,148.94263920792918,16494770
2014-03-25,151.76744079589844,152.1417737379801,150.43553759507068,150.8446857190549,16789650
2014-03-26,153.86544799804688,154.43128450202744,151.60643229576135,152.70329011340996,20279380
2014-03-27,159.9155731201172,161.37806324622673,154.95357914132637,154.95357914132637,48585150
2014-03-28,165.5696563720703,166.7883871454222,161.61310503024862,161.61310503024862,33298740
2014-03-31,166.9407501220703,168.7775602425397,164.11154103926776,166.705704417442,25924470
2014-04-01,164.8471221923828,168.32051161826686,162.5706924531989,167.83737617725905,22272160
2014-04-02,168.4380340576172,168.8819974132059,164.33785188407336,167.14094589348215,19202730
2014-04-03,165.06910705566406,168.70791200774042,163.97224926906878,168.35969369862025,20425470
2014-04-04,165.64364624023438,166.47064308400908,162.80138006752537,165.31284218945675,20800500
2014-04-07,167.34988403320312,167.63715914025525,165.2606141500522,166.24431255148795,22630300
2014-04-09,172.79937744140625,173.4087428664296,168.01584225101044,168.01584225101044,26631730
2014-04-10,176.54698181152344,177.5872665379984,173.25205169179952,173.6699003643661,28796540
2014-04-11,173.5959014892578,176.6906277033379,172.7471467800709,175.4109536783657,20895560
2014-04-15,170.97561645507812,174.518662790762,169.5479546930362,173.66989483357077,16863520
2014-04-16,170.57081604003906,173.63941396781186,169.761220192602,171.14536621781133,19376260
2014-04-17,175.6111602783203,176.0203084538419,170.86244059775422,171.24547406276756,21513800
2014-04-21,180.38165283203125,180.96490351101838,176.02031017025536,176.02031017025536,18872420
2014-04-22,178.33155822753906,180.80820517991327,177.60467662642446,180.54704478446877,18364100
2014-04-23,179.78099060058594,180.89526255366,177.66126241863003,178.0225247783534,23265390
2014-04-24,179.78099060058594,179.78099060058594,179.78099060058594,179.78099060058594,0
2014-04-25,181.52639770507812,183.81588494304788,177.8397201960139,179.3283252453151,22655730
2014-04-28,183.35012817382812,184.46440006485085,180.3250591796474,181.0693549723861,16889200
2014-04-29,179.8332061767578,184.9780164084021,179.32829966140085,184.52969619057535,16514320
2014-04-30,180.94749450683594,183.4894282655376,178.7972947040712,180.19448490295312,22114870
2014-05-02,178.30108642578125,183.22825196323706,177.5959494264961,182.37514046697467,15446470
2014-05-05,177.9833526611328,180.18578185550354,177.1519989345603,178.84952157484236,13172760
2014-05-06,178.6492919921875,179.65474815116744,177.64819271248658,179.31088676733896,9841880
2014-05-07,180.7037353515625,181.5046174412559,177.93545658118194,178.6057651226743,19519520
2014-05-08,182.09225463867188,183.15864087781918,180.30767391791352,181.63522057917658,19363440
2014-05-09,189.18704223632812,190.22732708296053,181.0693907177553,181.0693907177553,27635400
2014-05-12,195.23281860351562,197.15667312103912,190.47104156807606,190.47104156807606,26436870
2014-05-13,198.140380859375,202.3101936597052,196.77364895682888,198.47988539517155,32756640
2014-05-14,198.70187377929688,201.6007263317689,197.36997034750834,198.65398795231374,28870930
2014-05-15,198.4146270751953,200.4821261779444,197.8139620526681,199.35043980191057,21093980
2014-05-16,210.4235076904297,218.24082603599985,200.30800165221925,204.5735729667689,79653680
2014-05-19,223.55972290039062,225.88403841660582,213.19175769749268,213.19175769749268,36044700
2014-05-20,219.951416015625,227.64251802365808,218.5368114581166,227.2681982705163,23419880
2014-05-21,214.08840942382812,220.24303337265349,213.45292929188236,220.068930864566,23542300
2014-05-22,218.64561462402344,220.93945869125392,215.10693827684003,215.45514329617188,20116860
2014-05-23,239.69927978515625,241.74502068952233,217.3920565843495,219.37249742842167,89947940
2014-05-26,235.2073974609375,246.78538142325976,228.86125614621244,246.70703727941657,43472930
2014-05-27,228.89170837402344,235.0419755255834,227.7905070068912,234.79822935435863,21141040
2014-05-28,227.22463989257812,230.3324234448063,225.47925793981753,229.55766927977552,22103120
2014-05-29,227.7718505859375,231.3747871461441,225.89378974385505,227.89882349873184,38177620
2014-05-30,222.5885772705078,229.39603046415886,221.60357523130102,227.90321690815725,23614930
2014-06-02,231.55865478515625,232.17155562171683,221.22707532240437,223.17956448360295,22338560
2014-06-03,231.60243225097656,235.35419889080345,229.5142460357291,233.4367260602755,31312470
2014-06-04,234.88140869140625,235.84888247629993,229.59741680199903,229.59741680199903,19581210
2014-06-05,236.21661376953125,238.41424444460017,233.8613624717985,235.04337018239005,21508380
2014-06-06,239.8852081298828,241.18978000794723,237.7444640342175,239.46493099015493,23003760
2014-06-09,237.08778381347656,241.7851401206822,236.14654903942863,241.21603322655722,16762200
2014-06-10,233.40606689453125,238.01150711158425,232.118996519646,237.62625973951722,15604840
2014-06-11,236.16847229003906,239.35551418419456,233.24849572111316,234.91204950635264,20880260
2014-06-12,236.5143280029297,237.2760586762649,233.782593152393,236.1465821330997,17608610
2014-06-13,228.33660888671875,237.27604195251178,226.41913615179917,237.10091979448018,18537170
2014-06-16,225.95071411132812,228.95386946814705,223.00884082304367,228.59926980321526,17379420
2014-06-17,232.31163024902344,233.97956600614646,223.5735846081955,224.5016733028739,22808210
2014-06-18,231.2828369140625,235.02583901789663,228.22715049533596,231.1471266017093,25021300
2014-06-19,228.12208557128906,233.6293216796217,227.242146220847,231.7600250375236,21446630
2014-06-20,226.16522216796875,229.72436501556774,224.80811893205973,228.25781710837927,15397210
2014-06-23,227.6623992919922,229.79437917770184,224.75556936610587,226.24400074263747,17948990
2014-06-24,233.17843627929688,234.1065249184349,227.6624090271804,227.6624090271804,17354830
2014-06-25,235.69131469726562,236.77699739684965,231.77757178389268,233.2485019033084,23118070
2014-06-26,232.24594116210938,237.9370632512878,231.0989633094197,236.40045601202777,17973090
2014-06-27,231.05520629882812,233.76505747189316,230.09646989427318,232.5042527009746,10927310
2014-06-30,235.1966094970703,237.00901975036152,231.63308442202333,232.022713882638,15140470
2014-07-01,234.66685485839844,237.18846412460869,234.34290293681647,236.31290683605724,9828620
2014-07-02,236.5974578857422,238.93956278868131,235.7306380582814,236.40483422629381,16497960
2014-07-03,236.06776428222656,238.19536219255414,234.40859275230176,236.40048034456046,14368590
2014-07-04,236.23411560058594,237.6875439411239,232.90262644983758,236.48803470197635,15306300
2014-07-07,235.06085205078125,237.60434475075945,234.21156046366895,236.1465344722866,13937420
2014-07-08,225.47352600097656,236.13783515499182,224.14268840771638,234.91203345184962,17690110
2014-07-09,226.09078979492188,228.94947049340527,222.8731140360622,226.76934136042036,18223190
2014-07-10,222.89064025878906,232.1934370715082,219.32711544340216,226.16959824841925,37386490
2014-07-11,212.34454345703125,222.71552145829963,211.18443262665417,221.64734040996694,22975720
2014-07-14,211.1012420654297,213.71478117734162,207.1918818719501,211.88486960081215,16142970
2014-07-15,220.43031311035156,221.06509753159338,212.5108985013358,212.5108985013358,20244400
2014-07-16,225.32907104492188,226.45416544414385,222.03696686415998,222.2164577237979,21653240
2014-07-17,227.8419189453125,229.6499470280925,221.78743233009652,223.88001388238212,16169410
2014-07-18,224.36155700683594,226.3315609220179,222.18579659278163,226.0338746478881,13962750
2014-07-21,220.920654296875,226.0689361939605,219.99255221070797,224.23026027073112,12814270
2014-07-22,221.00816345214844,223.1795417307654,219.19138479742045,221.34087948836768,10256470
2014-07-23,222.42222595214844,225.27655160901932,220.37779355730277,222.5666870438869,15629540
2014-07-24,223.88877868652344,225.10142082207358,221.52914518557196,223.17956600167457,12997790
2014-07-25,218.9375,224.7555960438146,217.4096566069085,222.61046971845306,13895680
2014-07-28,217.983154296875,221.6911405803794,216.70046585687695,219.34465305983468,12536680
2014-07-30,216.21888732910156,219.47596177633028,212.78670408190308,218.10134366862536,24264520
2014-07-31,213.5703125,217.3133145333505,213.11063691137934,215.12442133023467,18349440
2014-08-01,213.3908233642578,217.57598613335952,211.0093064713869,211.4470851155184,20333530
2014-08-04,215.5096893310547,216.17510811901138,213.71479406044625,214.77422435069016,13946260
2014-08-05,216.6041259765625,217.48843406473932,213.77169749736922,216.83614813316032,17961890
2014-08-06,212.43211364746094,215.7986329108964,211.98120212197853,214.94934116620982,12928410
2014-08-07,213.29452514648438,214.42398824208175,210.59780692326214,211.44709861589797,15579810
2014-08-08,211.7053985595703,214.108799331832,209.25821724560285,211.18444084114648,32789900
2014-08-11,211.39895629882812,213.6316169116213,210.57154816871787,212.76044160082512,12536370
2014-08-12,212.68601989746094,213.53969370625794,210.30888476335267,211.88489075500715,12331020
2014-08-13,207.41514587402344,213.31202469739887,205.9748504056418,212.32264069444477,20923880
2014-08-14,206.85044860839844,208.68912460667391,205.7647525553281,208.47023524306715,15800260
2014-08-18,211.98992919921875,212.6947597728844,206.10618307446762,206.1937441484446,16556210
2014-08-19,213.8330078125,215.56222563285303,212.70353130366308,213.12817717001806,15948060
2014-08-20,211.42520141601562,214.3626923758077,210.87797811113924,214.07375686763973,16065950
2014-08-21,216.0481719970703,216.86681603410548,211.01808561473572,211.35955246868477,27963970
2014-08-22,221.0519561767578,223.17955403741246,217.11633032475544,217.11633032475544,26474960
2014-08-25,219.4278106689453,225.66614344449894,218.162623882025,221.5160101447215,26784130
2014-08-26,218.5391082763672,219.67732208285133,215.84675888041062,218.87619302860205,14312180
2014-08-27,219.3271026611328,221.97565813771376,216.61286969939266,219.7692633708214,14200130
2014-08-28,215.44837951660156,220.96876158035832,214.77419669145138,219.93997913677214,14700480
2014-09-01,219.27020263671875,220.37341344721338,216.51657103235598,216.87555275195962,15193550
2014-09-02,220.8155517578125,221.8662178618576,219.2395459217727,220.39090592643436,16508080
2014-09-03,219.3271026611328,221.45470047776703,218.3114529913254,220.88997564097298,15715840
2014-09-04,217.67669677734375,219.67733518138,216.78800659578604,219.41467866264964,12428860
2014-09-05,220.26832580566406,221.5159976342887,217.67230160894528,218.1013294969473,16913550
2014-09-08,224.65927124023438,225.19337515138469,221.33215043076066,222.14642576421156,17875080
2014-09-09,224.78619384765625,226.76057986295206,223.44222352623638,224.75557285521418,12975200
2014-09-10,223.26275634765625,224.39661494456843,221.13077620278472,223.17957732533534,16289770
2014-09-11,227.91636657714844,228.42420488113092,224.42728282812016,224.42728282812016,15981320
2014-09-12,230.30661010742188,231.2346987498771,226.5504616386839,228.08268698310013,16374410
2014-09-15,229.68057250976562,231.488600417535,227.16334534789502,228.85316447335168,17437540
2014-09-16,224.41409301757812,231.49734848157235,223.26711507380966,230.18401251054993,15687360
2014-09-17,224.3484344482422,226.5986233477709,222.12453792144407,226.19149236881114,13044950
2014-09-18,229.43104553222656,230.0964509198634,222.74177484258664,223.61733215464074,20121200
2014-09-19,224.84310913085938,230.43793323227143,223.7048953025982,229.92135761975973,15558510
2014-09-22,227.7805938720703,229.83377667919996,222.59291452646542,223.35465841393506,14346980
2014-09-23,223.8099822998047,229.8075559406247,223.19271271861507,228.5117213463796,19379150
2014-09-24,217.69418334960938,225.29840968311953,215.01061146134677,223.29775805658397,23106290
2014-09-25,208.18125915527344,218.88057023443636,206.83289345635905,218.45154235570106,28369080
2014-09-26,214.09567260742188,215.3958759094624,205.76037559496115,206.62280018735765,28118450
2014-09-29,214.4852752685547,216.96310405869056,212.4102087193362,214.59910199402043,13845560
2014-09-30,214.1350860595703,216.78802399118265,211.91116271627232,213.29016299003976,18632180
2014-10-01,212.17822265625,214.8617950451115,211.20197128010918,214.07379867617172,10544750
2014-10-07,207.19190979003906,212.18696653353396,206.57464019842968,210.54091428924224,13002440
2014-10-08,211.11874389648438,211.86734161150733,205.4101068318844,205.4101068318844,13589310
2014-10-09,217.0988311767578,218.75801614817672,212.4102251602622,212.4102251602622,17279230
2014-10-10,214.61660766601562,218.29395912646243,213.0362331039446,214.9318088380555,12525220
2014-10-13,217.61538696289062,218.39901448514973,212.86548595067768,213.3733107865585,13926640
2014-10-14,220.95126342773438,222.7417765413472,218.21952886847393,219.28770986612207,17315970
2014-10-15,220.95126342773438,220.95126342773438,220.95126342773438,220.95126342773438,0
2014-10-16,215.94747924804688,223.687403552513,214.72170421700324,218.9112362737874,19073950
2014-10-17,220.80679321289062,221.94938905378845,216.70917818358964,217.83865455959153,14633000
2014-10-20,224.97010803222656,227.09770615324481,223.50791538188017,225.63115816050114,18824230
2014-10-21,226.25717163085938,228.25782348411715,224.98322065844368,225.89380783049273,15022310
2014-10-22,225.4779052734375,228.8356602895589,224.58922844153378,228.43291138287844,14511170
2014-10-27,227.45228576660156,229.3872600153667,225.98135584138345,226.94447426380827,13429580
2014-10-28,232.61366271972656,233.27471272153986,228.17022568854028,228.34532110737143,22963480
2014-10-29,231.47547912597656,234.56181350367817,230.35914882594284,234.38671806204192,17372970
2014-10-30,230.97201538085938,232.2897334514684,229.57114501412462,232.01393075204373,15544270
2014-10-31,236.64566040039062,237.25856128750553,231.67250062571108,232.19784042611067,20770240
2014-11-03,238.45367431640625,240.20917112811946,235.8970350251558,236.92583097251338,17780640
2014-11-05,243.57131958007812,245.13857483555077,238.50621672451328,239.28983099230368,26605100
2014-11-07,240.12159729003906,243.49249834802472,239.0271506296469,242.96715860705865,18163030
2014-11-10,239.8589324951172,242.44181049250025,239.28979887545898,241.56625319442702,12068890
2014-11-11,239.93333435058594,241.87269045408476,236.83823626363773,240.59438434990477,17405950
2014-11-12,240.43243408203125,242.6607125595005,239.51308283884487,241.0409261290299,16233230
2014-11-13,238.0902862548828,241.85081655319777,235.9626884636975,241.31233065304258,16859020
2014-11-14,244.09225463867188,245.76019029164578,238.15159491931618,239.02715225357838,50846690
2014-11-17,257.4664001464844,258.4032529526607,244.47313187801686,244.6307257931052,49164120
2014-11-18,257.9173278808594,260.8285401597672,256.02173865704214,258.8979478788027,32898390
2014-11-19,254.8309326171875,259.8653869171516,254.2224406219584,258.2018334489671,20735930
2014-11-20,260.1280822753906,261.57274649363717,255.00606666534503,258.07051725188137,18099509
2014-11-21,267.4827575683594,268.79609353023346,260.2594097780518,262.5796313000517,21009207
2014-11-24,270.4158630371094,271.29142029044635,267.96428669583366,269.4965118891734,18631463
2014-11-25,266.5634460449219,271.37901147262204,263.5427624977722,271.33521757316356,26776620
2014-11-26,268.139404296875,270.328297393176,265.8191829587732,266.95739668089516,11131807
2014-11-27,267.78924560546875,270.1094674535549,266.03813074353326,268.7961313071032,15378080
2014-11-28,281.40411376953125,282.3672321534121,269.67165117287107,270.02186875249447,27760604
2014-12-01,279.828125,286.26347665020984,278.07701035884844,282.6298923939092,18449916
2014-12-02,279.04010009765625,282.62986336743216,272.7798445225651,279.2151955118555,23776383
2014-12-03,278.3834533691406,282.71744595891505,276.98255634945957,279.8718847426425,13699078
2014-12-04,280.4410400390625,281.05394094090946,274.9688059864747,280.04705521921187,13809486
2014-12-05,278.0332336425781,281.31657379763874,276.67613039977596,280.1783598985073,11391988
2014-12-08,273.9619445800781,278.9526331669404,273.43660472042495,278.9526331669404,9814223
2014-12-09,268.4020690917969,275.2751989709923,267.4827446508373,273.7867676513488,14926558
2014-12-10,276.63232421875,277.726770782806,265.5565036145938,265.73162575279747,15381613
2014-12-11,274.9687805175781,278.90878867049935,271.8167953711535,274.57479573422023,13151866
2014-12-12,272.6048278808594,277.464161227203,270.54726245028456,274.6185994053149,11727933
2014-12-15,271.9043273925781,276.6761256913502,269.27765531322984,269.9343233330669,15117938
2014-12-16,258.8147277832031,272.2983040548012,256.53827359503777,269.7591933802611,20951938
2014-12-17,264.19940185546875,268.27073774969494,251.2849323364359,257.7640506833631,28290440
2014-12-18,268.8836669921875,273.69923240757385,266.60721254275416,272.12321314878625,18921827
2014-12-19,266.30078125,273.1739122713176,265.73167427674645,272.7799007483542,14130478
2014-12-22,269.40899658203125,270.2407599995597,265.60031691683406,268.18319496480825,11565161
2014-12-23,268.97125244140625,273.61169611963845,268.1394621972457,269.32147006846094,12836868
2014-12-24,267.70166015625,271.37901171961477,267.04499214278417,267.92054949407196,14866629
2014-12-26,269.365234375,271.24767748021975,267.96433716185095,268.66479912837144,7373519
2014-12-29,269.27764892578125,271.5978972500798,268.7961030772794,270.98499642481426,7699059
2014-12-30,271.203857421875,272.07941466940326,267.9205177436441,269.8467543761609,8113742
2014-12-31,273.0425720214844,274.00569047543604,271.42278553800526,271.4665527186842,6305857
2015-01-01,274.9249267578125,275.8004838493979,272.03559904353347,273.56782395380793,6138488
2015-01-02,276.01947021484375,278.6899095955796,275.23147389920786,275.23147389920786,9935094
2015-01-05,273.83056640625,277.3765630530511,273.2614594619337,276.8950171893735,9136716
2015-01-06,262.5796203613281,272.38587248942787,261.52896766753076,271.42275414686475,15329257
2015-01-07,262.7984924316406,264.8998244012117,258.4207063617486,262.667164193521,15046745
2015-01-08,266.9136657714844,268.35833006734686,264.72477237778656,267.0449940311282,8939749
2015-01-09,265.4690246582031,269.5403613820401,264.4183450495196,268.5334756769889,11953948
2015-01-12,268.8836669921875,269.4965411040301,263.6303229026751,266.300762126888,8536142
2015-01-13,267.132568359375,272.07946233049665,266.3007781405609,269.8030077441715,9484804
2015-01-14,266.78228759765625,268.7960584551315,264.63716178522316,266.16938687413676,8855660
2015-01-15,280.4410400390625,283.4179567395845,274.9250388020111,280.0908224036754,30729523
2015-01-16,276.1946105957031,280.4410428877315,274.1370452270512,280.1783863384964,21598514
2015-01-19,274.1807556152344,278.3834465716575,273.6116487298538,277.15764500943766,9975658
2015-01-20,278.55853271484375,280.00319682803143,274.9249754847393,274.9249754847393,13104643
2015-01-21,285.6068115234375,286.83258644055616,279.30278806412844,280.09078431656974,22617660
2015-01-22,284.24969482421875,286.832599753654,281.7543509757609,286.2196989067028,12232626
2015-01-23,286.70123291015625,291.1665535203003,284.2496565721555,287.4016680239354,17127278
2015-01-27,288.9776916503906,290.8163674228204,282.45480544805486,288.4085847188954,13734088
2015-01-28,292.96148681640625,294.1872617296352,287.35792527029577,289.2841353568302,19428852
2015-01-29,286.3072814941406,292.08596591414766,284.6437277101715,291.38550393360265,14911660
2015-01-30,270.5035095214844,289.37176360084294,268.79616165040477,287.7957707351505,30252827
2015-02-02,269.23388671875,273.0863337375769,267.132554410289,270.98500142911587,17639807
2015-02-03,262.9298400878906,273.17387093594357,261.8353934895896,273.17387093594357,23743882
2015-02-04,256.5820617675781,265.25010060573044,255.57517619422484,265.0312112758759,21477507
2015-02-05,254.61209106445312,260.7409931011343,253.2112205462685,256.6696563778888,15722348
2015-02-06,254.17428588867188,258.1580878297467,250.14674348830906,254.7871867164956,15985714
2015-02-09,244.7183074951172,256.3632109026343,243.40497131893588,253.47388200299258,17088719
2015-02-10,251.547607421875,254.61205804277444,241.39116388280516,242.96715637131214,22589681
2015-02-11,250.3656463623047,256.97609396894984,248.39564223477439,254.6120783279571,17366588
2015-02-12,248.9209442138672,253.03607445173014,243.66760010760288,252.94851337264777,20957180
2015-02-13,268.75238037109375,269.62793785499383,249.84033337487276,252.16055536322926,70540056
2015-02-16,268.5334167480469,274.18074492572566,266.7823022644467,271.94808464708996,21372131
2015-02-18,267.65789794921875,269.58410812590336,264.4183250013127,268.62098967761585,13472484
2015-02-19,264.7247619628906,269.0587546799687,259.8654027881262,268.008101924263,17762135
2015-02-20,264.6809387207031,268.3582897577028,260.0842632843966,264.3307211742951,15792502
2015-02-23,259.64654541015625,266.6947987598789,257.7641022779555,265.4690237007639,12440505
2015-02-24,259.38385009765625,261.7916326724024,255.75029264701695,259.95295699861856,15046698
2015-02-25,258.77099609375,263.2363444747332,258.2894501796773,261.7916800126221,12845169
2015-02-26,253.38632202148438,260.0405640205339,252.2043141137761,260.0405640205339,18707345
2015-02-27,262.5796203613281,263.54273870389125,253.9991697891564,255.00605530733665,18316053
2015-03-02,264.4182434082031,267.8329107440015,259.7778014800517,267.8329107440015,15085595
2015-03-03,264.94366455078125,267.39521448998653,262.4045535309135,265.7316608369622,14387971
2015-03-04,257.282470703125,275.8004988536046,255.66268465159538,274.9249417143868,38674148
2015-03-05,257.2387390136719,259.38386521139296,253.69274243038348,258.07052918500614,16803823
2015-03-09,254.4807586669922,257.41388136667933,252.77343773067898,255.66276652745023,13199803
2015-03-10,251.810302734375,256.7571964872528,249.62140932868658,254.5683030815644,14064427
2015-03-11,249.6651611328125,254.6996156558409,248.43938624509636,252.64205063723418,16329314
2015-03-12,251.15365600585938,253.4301106847547,250.49698792847954,252.2918699853608,9969794
2015-03-13,245.81271362304688,254.8309431855541,245.15604564364423,253.91161870234583,13414248
2015-03-16,246.6007080078125,248.52694475425864,245.15604380792203,246.46937975689306,15132928
2015-03-17,247.87026977539062,248.65826597852816,244.71825824295288,248.57070490709344,11350496
2015-03-18,251.547607421875,252.55451971608167,246.90716431246858,248.745840028986,12394230
2015-03-19,246.55699157714844,254.17432561704658,245.68143409762723,253.91166906114773,11046649
2015-03-20,243.6238555908203,247.25741359168248,242.3542866257504,246.732073788209,11482652
2015-03-23,240.55938720703125,245.15606339570064,239.50870767595066,244.63072363016033,13058026
2015-03-24,236.88201904296875,242.00403463986055,235.524915903229,239.72758029458768,17585259
2015-03-25,232.37294006347656,238.23918562042363,232.02272243020195,238.06406344384,15824629
2015-03-26,224.71177673339844,232.81068179560663,223.44222131455464,231.5849069139528,22253318
2015-03-27,230.79693603515625,231.97894386939663,224.14269444970245,227.5135957844282,19423101
2015-03-30,234.56179809570312,235.8313668836494,230.4029008715953,232.11024831471082,12303870
2015-03-31,233.81756591796875,237.58247833411994,232.8982414423359,235.4373522644589,19482636
2015-04-01,239.4211883544922,240.4718412316805,230.40293085257954,233.4673818375233,12383589
2015-04-06,240.4718475341797,241.43496607009698,237.45119037321658,241.17230952388897,12925445
2015-04-07,238.19537353515625,241.96028628519167,236.66314812662677,241.0409350081396,12933524
2015-04-08,239.81515502929688,242.835838602568,238.02027313322512,238.0640403131722,9913899
2015-04-09,245.90025329589844,246.7320166321502,238.58934508420342,240.7782381583704,13471276
2015-04-10,250.19053649902344,251.59143373590982,245.19984844258204,246.03163869195305,16880558
2015-04-13,250.67205810546875,252.5982949594936,248.08917996017382,251.98539412778848,11985436
2015-04-15,253.91160583496094,257.8078463365902,250.36560961384134,251.63515161108387,17289500
2015-04-16,256.012939453125,257.6327257405862,250.8471569232895,254.13049667359434,15043998
2015-04-17,255.44383239746094,258.20183244183653,253.2111720567491,254.7871644478531,16819018
2015-04-20,251.85406494140625,256.8447524957855,249.40251506339973,254.78718739108916,13788536
2015-04-21,253.21116638183594,255.66271598414014,246.6882542072996,251.63514730616606,15487948
2015-04-22,248.52696228027344,256.75719613024,241.1284918913778,254.3931805674275,17741741
2015-04-23,243.09854125976562,251.63522712105328,241.87276606981618,249.5338944068692,13874710
2015-04-24,241.2598419189453,244.8058655830999,240.20918902281596,243.7114187830323,10049508
2015-04-27,233.81756591796875,242.13536025519505,232.9858025161791,242.13536025519505,12394191
2015-04-28,238.58934020996094,239.4648974217406,232.15398935940323,233.77377554517273,12693457
2015-04-29,238.06402587890625,239.37736183636974,236.00646086823573,238.37047627962542,8217676
2015-04-30,236.1815948486328,239.4211677272836,233.51115562263755,236.48804526470352,21635216
2015-05-04,242.66070556640625,243.40493463137926,237.84514031290774,239.90270535610762,8012690
2015-05-05,238.19537353515625,242.5293932358102,237.58249940367884,242.5293932358102,7102772
2015-05-06,232.37294006347656,239.5525217851229,230.4904969047195,237.67007862636584,16335660
2015-05-07,228.4766845703125,233.9926847865875,227.33844406607832,231.14712360583385,15962706
2015-05-08,229.35226440429688,234.64937581973393,227.90757336382268,231.14714632988714,14044596
2015-05-11,241.69760131835938,242.70451366984594,229.92137072292562,230.62180593102104,17198308
2015-05-12,234.12403869628906,241.1284977550854,233.20471413277838,241.04093667287228,12792368
2015-05-13,240.16537475585938,240.77827559988793,234.69314121949827,236.31292769023923,9245732
2015-05-14,245.98782348632812,246.8195868534293,238.98336538920412,239.90268982649678,13101418
2015-05-15,251.678955078125,252.4669512994671,246.90715713351145,246.90715713351145,18247889
2015-05-18,253.6927032470703,253.9115925509936,249.88402401482827,253.82403148544714,13266119
2015-05-19,252.5545196533203,255.0936305374568,250.58451568323167,253.21118764334986,14541041
2015-05-20,256.1881103515625,258.11432067306754,253.2549876057542,253.4738769640997,11807544
2015-05-21,254.1305389404297,258.07054729609524,252.55454628612014,257.41387923681765,12118415
2015-05-22,247.30117797851562,267.04498503671726,245.81271983297827,256.5382971008464,69490117
2015-05-25,243.09854125976562,248.92099345194688,241.7852049734137,245.33122897850103,20356833
2015-05-26,242.66070556640625,245.85648443611385,241.65381999374344,244.28049195019716,9675703
2015-05-27,245.81271362304688,246.5569426770142,240.0778239575527,242.52937372603378,12176680
2015-05-28,246.123046875,248.0735734764854,244.79313130513208,248.0735734764854,13024987
2015-05-29,246.61065673828125,249.71379287893927,245.67972671896382,247.0539619012324,14809918
2015-06-01,246.6549835205078,250.02409166330446,246.07866520956827,247.0539419005455,11567692
2015-06-02,236.05999755859375,247.76326459846305,235.26205368251166,247.18694624504852,21653784
2015-06-03,228.21353149414062,236.99096980983748,226.13000498920363,236.72499748947268,25967877
2015-06-04,228.39083862304688,231.75994723418845,224.97738325871572,230.43003166812707,20210546
2015-06-05,228.56814575195312,232.2919201807853,226.61761914506138,227.85886826893824,13539638
2015-06-08,226.0413055419922,229.41042757048655,223.9134461179959,229.41042757048655,17384700
2015-06-09,228.39083862304688,229.011449652888,225.19903585305929,226.08564623043355,15275972
2015-06-10,231.05068969726562,232.7795638480445,229.18880233263903,229.63210755958804,10910978
2015-06-11,225.1990203857422,233.13419354111178,224.00209104705522,232.51355549669643,20857622
2015-06-12,225.15469360351562,226.52894233908137,223.24848678000845,225.2433600491393,11440479
2015-06-15,221.8742218017578,226.61759219477355,220.63297282549536,226.0856206171758,13545280
2015-06-16,225.7310028076172,226.7505993090034,220.76597938589188,221.87424233461624,9896598
2015-06-17,226.17431640625,227.77020428893826,224.75573436763716,226.97226034759413,11241061
2015-06-18,228.8341522216797,231.1393446990118,226.26297391563986,227.37125045668898,11598549
2015-06-19,230.65167236328125,233.26718366448313,228.8784517000122,230.43001978037262,12216399
2015-06-22,235.83836364746094,237.07961278153354,231.22797879838924,231.31664524879483,11051382
2015-06-23,237.389892578125,240.44870873954562,236.05997721354169,238.8527940677272,16180083
2015-06-24,232.6022186279297,237.522894991448,230.96198415435717,237.34558916499643,8361760
2015-06-25,234.77442932128906,235.83837265237642,229.6764193861343,231.62697314072685,16506503
2015-06-26,235.12905883789062,236.63628009084712,231.44960450260567,234.15378211115484,14588452
2015-06-29,230.2083740234375,231.22797052360954,226.08564127053268,229.41043011274638,15040805
2015-06-30,232.95687866210938,233.4888503045574,228.39084059073386,229.8537423145646,14181965
2015-07-01,237.389892578125,238.94146050347223,232.77950849135718,233.26716035935615,12072024
2015-07-02,237.47857666015625,240.49304629910145,235.9270086195169,237.52289635272336,8741783
2015-07-03,238.85284423828125,239.3848159072936,236.54765171069633,237.0353036811256,7238541
2015-07-06,240.0940704345703,240.71470849851482,232.29191022692774,233.355853463061,9458200
2015-07-07,241.95596313476562,243.50753127311614,239.3847984883678,239.73943722283627,12523410
2015-07-08,237.0352783203125,240.27140062952847,235.48371023506647,239.29612385021952,12669850
2015-07-09,237.389892578125,240.5373481180933,236.72493489583334,236.72493489583334,6469504
2015-07-10,239.87240600585938,240.27139146401134,236.0599925361366,239.60643373855746,8788162
2015-07-13,242.66529846191406,243.24158986072297,237.5229414592085,241.15804982760972,8423083
2015-07-14,237.78890991210938,242.57660045548585,236.85795279768553,242.57660045548585,10337307
2015-07-15,237.65585327148438,240.89200214702828,236.8579095029761,238.27649123432195,7483918
2015-07-16,241.33534240722656,241.8229672653583,237.70023464642645,239.16313627802163,8354120
2015-07-17,240.36007690429688,242.93124156784475,239.8281052704453,241.5126595633076,5571891
2015-07-20,237.12393188476562,241.1579978643972,235.9713222783004,241.1579978643972,6418930
2015-07-21,234.33108520507812,239.207441724767,233.62180780691185,236.72494377398655,5638653
2015-07-22,238.0991973876953,238.85282159257793,232.20324400337918,233.79915885910717,11322177
2015-07-23,239.4291534423828,241.15805473116845,236.94665487832634,238.05491799749532,6376216
2015-07-24,233.40016174316406,239.6951002918364,232.3805653084324,238.23219870659545,7796401
2015-07-27,229.1444549560547,233.53315993844635,228.78978917157005,233.35585410340457,6788558
2015-07-28,229.8094024658203,233.97645467564354,229.05577829320566,230.74033246556823,10788886
2015-07-29,224.84439086914062,231.13932978511417,223.691794704844,230.51869171530805,9997136
2015-07-30,227.6815185546875,230.07537723317262,224.8443817749566,224.8443817749566,10536937
2015-07-31,239.4291534423828,242.709623098005,228.34652225069308,228.74550779647595,20534806
2015-08-03,249.1818084716797,250.9107093412568,239.29610925712996,239.38477569660543,21901780
2015-08-04,255.87576293945312,257.07269237259413,245.05910540194404,250.46743417069857,28858887
2015-08-05,253.03858947753906,258.7128903285007,252.01899298245388,256.31905860837037,10169558
2015-08-06,256.2746887207031,257.82625669925795,250.02409711569018,253.21589951158546,15372143
2015-08-07,249.40345764160156,255.78706239602815,248.42820799226257,255.78706239602815,13845614
2015-08-10,250.6890869140625,253.5705706716954,248.33957480004835,250.06844882030703,14694901
2015-08-11,238.32086181640625,256.62938800086295,237.168279133219,253.3932384342183,39233644
2015-08-12,227.28257751464844,237.123958195625,226.1299813088925,237.123958195625,29724325
2015-08-13,229.8980712890625,233.0455545172037,228.8784747165897,230.297056801301,16360033
2015-08-14,238.05487060546875,238.85281448097453,229.85372515630456,232.2032370897603,14852873
2015-08-17,248.02923583984375,249.9354426073338,240.09406269072048,241.15800589253797,27500063
2015-08-18,252.50662231445312,255.34378631865195,244.30547639970476,248.96018083780518,27728824
2015-08-19,246.4777069091797,253.52627086129857,244.30550046785393,251.70870319113519,15452575
2015-08-20,239.87240600585938,249.713785754017,237.61156056219573,246.16734455159616,14577599
2015-08-21,237.1682891845703,238.4095383707312,227.14960218395376,231.84862662342107,19030056
2015-08-24,217.57418823242188,228.4795124611178,214.91435701428176,225.8196677143765,29561705
2015-08-25,224.6227264404297,225.90830867843204,212.78647344368488,221.65257650383842,23492839
2015-08-26,217.8401641845703,224.5784083764998,217.21953963419273,223.8691173780966,16325529
2015-08-27,221.16494750976562,223.4258065917113,219.9680316630416,222.672182388196,21076926
2015-08-28,220.72164916992188,226.8835885430759,219.39173361333036,225.6423394350307,16644381
2015-08-31,219.30307006835938,222.84951138078176,217.21953038587122,220.7659716982936,21645114
2015-09-01,211.98854064941406,217.08655017521227,210.74727803901604,217.08655017521227,19689080
2015-09-02,204.40802001953125,215.44631623186342,204.00904806556267,215.13599719622098,23655457
2015-09-03,205.91525268554688,208.70806986166104,204.80698975397775,206.26989141220892,14680299
2015-09-04,199.6203155517578,205.60493543406554,198.6007190573233,205.60493543406554,20466346
2015-09-07,196.02957153320312,201.703872875174,195.1872808016124,201.3492341145264,15424783
2015-09-08,202.45750427246094,204.14205873768287,196.07389812748892,197.7141328925224,16189253
2015-09-09,205.38328552246094,207.9101304726951,203.12243991589415,207.42249206650598,18237115
2015-09-10,201.6595458984375,203.74308588547632,198.68940898229937,201.57089296982855,14195882
2015-09-11,204.00904846191406,206.84619889726966,202.14716130164297,204.71832592430266,13650937
2015-09-14,208.57510375976562,209.24006158259166,203.9203989999834,205.2946478728775,10671222
2015-09-15,206.4915313720703,211.4122211930692,206.26987879931,208.5307377471851,13193410
2015-09-16,209.9493408203125,210.79161797611624,208.35343942959966,209.59468855093144,11272509
2015-09-18,214.55967712402344,218.5050899687248,212.34315153389923,212.78645665192406,16049395
2015-09-21,217.44119262695312,218.10615040257073,210.34830968703213,212.38751623797953,9602436
2015-09-22,210.96893310546875,220.27834191411546,209.46169819455082,219.83503673275132,13667322
2015-09-23,212.65350341796875,214.47104386010128,207.11218858561185,208.35343769661952,13614082
2015-09-24,211.94419860839844,214.07205795398187,211.05758829297204,212.29883732312908,9299508
2015-09-28,212.29884338378906,216.02260410916503,211.5895524054793,213.67309211765166,8588230
2015-09-29,214.47105407714844,217.5741905310966,205.8709357533552,209.24005803764777,24488685
2015-09-30,210.25965881347656,217.57419488708214,208.9740763911086,217.08656997172304,17011911
2015-10-01,208.4864044189453,214.47102388037462,207.82144670100874,213.85039938268702,11590498
2015-10-05,212.7864990234375,213.98342849188484,210.34832038879395,211.10194465094247,18307463
2015-10-06,212.8751220703125,215.2689669904943,210.74724939679646,215.18030055587337,10087077
2015-10-07,215.93397521972656,216.5545998215809,211.944228242461,212.91949160863157,10608795
2015-10-08,215.71229553222656,217.39684974417483,213.76175551612857,214.95867134190237,9230511
2015-10-09,215.8452606201172,219.70202058266526,213.3627492378218,217.66281432118694,12171416
2015-10-12,216.82057189941406,217.7958352036932,213.9390881542515,216.4215999327271,7566962
2015-10-13,216.1555938720703,219.4360492767503,214.60402584688117,216.33291322637203,10200698
2015-10-14,216.55458068847656,218.81543981489517,215.6236371036453,216.06694228417442,7895820
2015-10-15,220.72164916992188,221.56392631670974,217.66284609548148,218.106151281012,11582401
2015-10-16,227.6815185546875,227.9918375770392,220.18967761127968,221.51959308661594,11738832
2015-10-19,225.64231872558594,227.94751089021437,224.75570843589796,227.54852543697527,8969153
2015-10-20,225.95265197753906,227.94752525505024,224.48973679020406,225.6423329451528,8811740
2015-10-21,221.4752655029297,226.88358045647806,220.36700257860417,225.19902622294336,8606466
2015-10-23,224.66705322265625,225.9526490298277,223.4258041665046,224.31241450049868,7544810
2015-10-26,222.76084899902344,226.97224813432837,221.9629051006163,225.86398520398498,13085058
2015-10-27,220.5886688232422,223.60313875263608,219.96804425290824,221.7412650416343,6565348
2015-10-28,214.6040496826172,221.16496122068736,213.85042543238163,219.87937884846292,12310403
2015-10-29,210.0823211669922,214.38238680541127,209.63901598895313,214.11640099286774,16114932
2015-10-30,210.17098999023438,213.14112659951624,208.4421024820553,211.6338916828627,8669606
2015-11-02,210.03799438476562,211.01327121780082,206.3142334807599,211.01327121780082,7611610
2015-11-03,209.19570922851562,212.52049803865924,208.35343210233265,212.21019253353936,8323201
2015-11-04,211.89988708496094,213.22980269428078,210.1266662725345,212.07720646048335,8418352
2015-11-05,207.37815856933594,211.89987683371314,206.66888110155958,211.01326647039215,8906564
2015-11-06,215.44631958007812,217.04222094935437,206.58021589365515,208.88540826356535,30821077
2015-11-09,218.19479370117188,220.1453335969856,208.88538583021622,209.2400245281463,22806485
2015-11-10,213.8504180908203,219.21441352381683,212.87515480302133,217.1308737472362,11767845
2015-11-13,213.0081329345703,214.38238165922303,210.7472738751223,214.11639585306443,9082062
2015-11-16,220.1453399658203,221.076283485568,211.98852792005843,212.34316662824827,14051479
2015-11-17,219.7463836669922,223.1154922202308,218.72677363337482,221.65259053414565,11273394
2015-11-18,213.673095703125,220.49999273563753,212.29884694620225,219.5247294616217,10397889
2015-11-19,216.24424743652344,217.21952418102092,214.02772167957426,215.49063679632047,7325199
2015-11-20,215.40199279785156,221.56393233847763,214.55971562817192,216.2886031930093,13718619
2015-11-23,215.1803436279297,217.44120287732858,213.27413665940583,216.24427341335235,10552151
2015-11-24,214.02772521972656,216.3329174565229,213.31844778865062,215.00300198035575,6651669
2015-11-26,215.00302124023438,217.13088078127464,213.67310564493397,214.51538281623735,13629888
2015-11-27,221.38661193847656,222.0959029570336,215.26900565169925,215.44632502418827,15149912
2015-11-30,220.45567321777344,224.31243391591042,217.21955063003185,221.34228362850828,12865469
2015-12-01,221.8299102783203,223.33714519079712,221.0319663624798,222.40621513185005,9501537
2015-12-02,216.86492919921875,222.22891178973043,216.11130487845807,222.14025885873656,10881754
2015-12-03,213.7617645263672,216.77623435752653,213.14112644765743,216.46591531817165,7155630
2015-12-04,213.7617645263672,214.69269458723073,211.0576002059622,212.78648771290946,11115170
2015-12-07,211.58956909179688,215.4019965633412,211.01327773631047,215.4019965633412,7531729
2015-12-08,209.19570922851562,212.74215062600214,208.6194179128642,211.10192959682482,8254434
2015-12-09,207.82147216796875,211.1905943907613,207.11219467146594,208.70808256719832,7408777
2015-12-10,205.6492919921875,209.9050248748855,204.4523759970737,209.24006703473276,11713559
2015-12-11,201.52651977539062,207.37813951859104,199.57597986099046,206.49152923671832,12872949
2015-12-14,200.32960510253906,201.88117320904252,198.600717632441,199.39866153291695,12464883
2015-12-15,200.7285919189453,201.39354972812282,198.60073234101776,201.26056357772782,10404430
2015-12-16,201.52651977539062,203.56572612941773,199.70896599183166,201.9254916965135,13030720
2015-12-17,204.71832275390625,206.04823826818958,202.59046334249302,203.92037885677632,14539096
2015-12-18,200.81723022460938,206.00390582065825,200.19660572875208,203.87603301237692,18871084
2015-12-21,204.31935119628906,204.80698959151272,200.8172430410287,201.1718817674094,9557098
2015-12-22,202.45750427246094,205.91527966048577,201.70387996882891,205.3833079722041,9155574
2015-12-23,203.61007690429688,204.80700637899125,202.94511909137807,204.14204856607245,7914311
2015-12-24,202.41314697265625,204.80699222804316,201.79252242920043,204.6740060860885,7257958
2015-12-28,202.94509887695312,203.87604242803272,202.1471549923706,203.07809854345018,8756879
2015-12-29,202.32449340820312,203.87606162993566,201.70386882523036,202.90079829343597,7263286
2015-12-30,200.19662475585938,203.65439979612657,199.35434760795846,203.03377524128382,11702877
2015-12-31,198.9996795654297,200.8615666109502,198.60070763527517,200.32959501834446,11558305
2016-01-01,201.9698486328125,202.94511194023409,199.04403165334602,199.4873368463379,6449426
2016-01-04,195.67489624023438,201.21621077767077,195.09860493978096,201.21621077767077,14092071
2016-01-05,193.05938720703125,197.53677179746066,192.39442950138132,197.53677179746066,15074848
2016-01-06,192.261474609375,194.96562556216236,191.86248909828055,193.19240472565846,11921123
2016-01-07,185.78921508789062,189.8232951801004,185.30157665413319,189.73462872719858,14342279
2016-01-08,185.25723266601562,188.40470216077455,184.9469271560876,187.96139697921978,11745840
2016-01-11,181.13450622558594,183.97165678106774,179.67159095811806,183.3510322109,19287860
2016-01-12,176.7901153564453,181.7551392046972,176.08083783121072,181.6221530508661,20318816
2016-01-13,178.1199951171875,179.4499105019209,172.0023897588534,178.51898055548665,23788247
2016-01-14,173.81997680664062,178.6520009249449,172.26840856039422,174.66225400602553,20256636
2016-01-15,163.4022979736328,175.37153826726723,160.4764809739131,175.37153826726723,29090426
2016-01-18,160.4764862060547,166.8157453049638,158.83625151571246,163.93426143662305,35653244
2016-01-19,162.2053680419922,166.50543384220765,160.91978568302704,161.49607702472147,24501774
2016-01-20,153.9599151611328,160.16618895328955,152.05370790784025,160.16618895328955,28655794
2016-01-21,155.68878173828125,158.3929324632192,152.5413123129696,156.93003080780687,28697205
2016-01-22,163.6682586669922,164.3775360489042,158.0826113485423,159.5011796409652,21432409
2016-01-25,162.2053680419922,167.39204423164583,161.8063960724652,166.59408676399093,17534650
2016-01-27,163.49095153808594,165.08685295589478,160.52081482997045,163.49095153808594,16569813
2016-01-28,164.24456787109375,164.82085918902587,161.80638940067266,163.31362429484926,20241030
2016-01-29,159.50119018554688,164.68786593741132,157.90530244214222,163.3136172440575,24259147
2016-02-01,153.16195678710938,161.31877030391522,152.5856654002195,161.31877030391522,22915269
2016-02-02,150.1917724609375,157.28465453283252,149.48249507662715,153.4722412420681,35957332
2016-02-03,147.22164916992188,148.77321725972828,144.7391375205116,148.77321725972828,24132003
2016-02-04,144.38450622558594,150.5464456792659,142.03498059440957,150.10314048794217,23811109
2016-02-05,149.12786865234375,150.10314551737446,143.80820617821544,145.1381217967475,22732245
2016-02-08,152.6299591064453,156.84135806932625,149.43817011489534,150.23611398063292,22289005
2016-02-09,148.10826110839844,152.85161834564911,147.2659839848306,148.95053823196628,19008384
2016-02-10,140.97105407714844,147.35464627303492,140.0844436741475,146.29071649515404,32294785
2016-02-11,136.75962829589844,148.50721387074873,134.9420746144472,141.41433201423536,72749830
2016-02-12,137.24729919433594,139.77413083810873,131.43999809067998,138.44421517445934,41187889
2016-02-15,148.8175506591797,150.7237574746246,140.08443341759227,140.9710437556783,35956266
2016-02-16,138.6658477783203,151.38871120301508,138.0008900424359,151.38871120301508,33816243
2016-02-17,140.92672729492188,141.7246848112687,134.0998295853862,137.42461874866024,32447698
2016-02-18,141.6803436279297,145.13811875213773,138.6658601719987,143.58655056306472,21024178
2016-02-19,146.0247344970703,146.55670616425877,139.28650337475818,139.99578089287414,24592575
2016-02-22,146.2463836669922,147.88661832844488,145.13812066022717,147.13299407240422,15815058
2016-02-23,140.52774047851562,146.2907077536598,140.08443530350453,146.2907077536598,20200068
2016-02-24,138.5771942138672,142.47827416797975,137.69058390351435,138.3112084150414,19440950
2016-02-25,134.5874786376953,140.17312757774684,133.87818752126606,139.72982232105392,22713124
2016-02-26,138.22254943847656,140.70506114727405,135.25241285552636,137.86791070661997,30051402
2016-02-29,140.7493896484375,145.31542742874208,135.65138025959646,140.26175126204575,66981910
2016-03-01,143.67520141601562,144.42881205173313,140.57206537475653,142.3009527491667,23588231
2016-03-02,160.60946655273438,162.42702055586864,152.94029209947635,152.94029209947635,53333757
2016-03-03,162.0280303955078,163.66826484241508,158.25993666537974,163.1362932573102,33507048
2016-03-04,167.03738403320312,168.32297985977087,158.25994700567313,162.60433229634953,38860711
2016-03-08,162.56002807617188,165.75181751337706,160.8311269113423,165.75181751337706,27928279
2016-03-09,162.6043243408203,163.13629593465578,158.43725861777457,159.58985471868502,29453018
2016-03-10,160.0331573486328,163.80125108121834,159.0578806181709,163.80125108121834,20472928
2016-03-11,159.6785430908203,161.93938885362718,157.41768379941198,159.58987663680372,21869157
2016-03-14,161.14144897460938,162.60435080282812,160.21050529819664,161.76207358268394,14369755
2016-03-15,164.2888946533203,165.08683852818822,161.05275887502313,161.05275887502313,22369600
2016-03-16,164.2002410888672,164.82086565450885,161.00845181045258,164.0229217170554,19237834
2016-03-17,165.21983337402344,167.8353310304695,164.02290406803317,166.68273494481207,21560986
2016-03-18,169.56422424316406,170.22918198529413,164.90952004825368,165.6631442341077,21144216
2016-03-21,174.48492431640625,174.92822950342529,171.11580218934157,171.11580218934157,20678069
2016-03-22,175.1055450439453,175.77050280993498,172.44571397998664,174.48492050140837,16728809
2016-03-23,174.30758666992188,175.19419695099248,173.15499059881023,174.57355893136364,13362780
2016-03-28,166.94871520996094,175.77048462010518,166.37241042191596,173.59829218171774,19760603
2016-03-29,168.01266479492188,169.56423293946602,165.4858198337955,167.12605442661095,16804848
2016-03-30,175.14988708496094,175.81484488442655,168.89928106426402,170.45084926301712,20709407
2016-03-31,172.2240753173828,176.2138222359322,170.5395209187692,175.41587826366293,30132473
2016-04-01,173.4652862548828,174.88386803568648,170.22916432371002,171.73639901043984,21752206
2016-04-04,172.623046875,175.06122554139435,170.71683987453227,174.92823938921342,15732565
2016-04-05,163.4466094970703,172.49003159022996,162.51566600323054,171.9137267947105,36635637
2016-04-06,163.00331115722656,164.46621275955087,161.54039602630252,164.02290760386475,16350631
2016-04-07,161.31874084472656,164.59919623813636,160.47646376823747,162.9589753057312,19430601
2016-04-08,162.33836364746094,163.0919743424285,159.76718546539365,161.052767792127,15805231
2016-04-11,166.90440368652344,167.4806950208799,161.36308882309305,163.00332343410875,18990364
2016-04-12,166.5054168701172,168.6776093971064,165.17550142151975,167.12604137374274,14563344
2016-04-13,170.14053344726562,171.82510135510668,169.16527010666417,169.8302279187748,17573045
2016-04-18,165.57449340820312,169.78589283893388,164.5548968522035,169.74155961289014,13985439
2016-04-20,166.06211853027344,167.2590343659332,163.22496816264285,166.99306208818663,20163005
2016-04-21,172.31272888183594,175.01687965702456,168.45596840429738,168.89927358430867,31008152
2016-04-22,177.45506286621094,178.651992295512,169.83022168440664,171.64777567650796,34049763
2016-04-25,174.70657348632812,179.58293044797918,173.59831054049832,178.16434846587688,23835613
2016-04-26,178.16436767578125,178.56333967357756,172.49006619276264,173.73131541448487,21809451
2016-04-27,173.9086151123047,178.1200142837948,173.3323237950146,178.1200142837948,22801603
2016-04-28,170.27354431152344,175.72619331755556,169.51991999685458,174.4406108354165,24555479
2016-04-29,167.56935119628906,172.00240281523853,165.30849216490486,170.14051572383977,21021661
2016-05-02,164.90953063964844,167.08172336439677,164.4662254497569,166.32811265874165,14469844
2016-05-03,163.18063354492188,167.87967098820104,162.82598129662534,165.79613130633388,16247931
2016-05-04,159.5455322265625,163.4909456389233,158.83624122995144,162.6930017231112,17826594
2016-05-05,159.9001922607422,161.98371859933894,158.2599575968969,159.8115258086312,17742028
2016-05-06,163.4466094970703,163.9785675445508,159.67851583087054,160.432126446951,18336962
2016-05-09,167.30335998535156,167.92398448622282,164.06723781956606,165.35282004178498,13863696
2016-05-10,168.01266479492188,168.72195579529074,165.53015305793116,166.32811050657133,13845979
2016-05-11,164.02291870117188,167.12605500092377,163.22497477839022,164.3775574382747,18128414
2016-05-12,167.1260528564453,168.01266321642646,164.3775553290636,165.8848037639119,17398341
2016-05-13,163.8899383544922,166.63842248576788,163.40229992727518,166.63842248576788,15546644
2016-05-16,156.75271606445312,164.02291839007694,155.2898008373272,164.02291839007694,30937008
2016-05-17,156.79705810546875,158.34862633964772,155.37847602277887,158.25995988625408,22183140
2016-05-18,159.5455322265625,159.98883740836933,153.87123131087512,156.84136791182067,25345278
2016-05-19,153.11761474609375,160.47648383774367,152.40832371401885,160.47648383774367,25480517
2016-05-20,151.92068481445312,154.89082129023214,151.21139384773278,153.8268916044516,16720624
2016-05-23,149.30519104003906,153.11761859576745,149.12787165971247,152.7629798351143,16193112
2016-05-24,150.2804718017578,151.078415798114,147.53197398568312,149.6598471903028,14816798
2016-05-25,155.24549865722656,155.8661232803014,152.00936232563285,152.05369555483864,18900887
2016-05-26,163.269287109375,164.4662164681574,153.82689249178063,155.2454744334042,30700988
2016-05-27,173.6869659423828,179.44993334309672,160.91978203531846,163.13630795866996,85585820
2016-05-30,176.3024444580078,180.7798151648511,172.5343510914103,177.4993601161211,46075949
2016-05-31,181.7108154296875,182.37577329063677,173.9529737186125,176.2581663813443,39457647
2016-06-01,175.77049255371094,184.68092880376778,174.30759096533427,182.59738918046807,41868032
2016-06-02,177.80970764160156,179.3612757474993,173.37665591046516,175.41586241250795,23499884
2016-06-03,176.59707641601562,181.58238459483024,175.5191586090667,180.54939602051417,24568749
2016-06-06,178.6630401611328,181.98659697273104,177.0461909845959,177.3605722327922,23623536
2016-06-07,188.76841735839844,189.6666729988501,179.78586095388187,180.05534038727603,66063192
2016-06-08,189.262451171875,190.34035514488207,186.4329515294449,188.76840785324475,35163093
2016-06-09,188.58877563476562,191.14880978302105,187.10665925817173,188.63369115963383,27858182
2016-06-10,184.9957733154297,189.9810955862572,184.4119125467371,188.0498511609245,25598224
2016-06-13,181.2679901123047,181.9865973624674,179.83077561197928,180.99851068020703,21192525
2016-06-14,186.5677032470703,187.3761415882733,183.06451155407282,183.55855492264786,23918910
2016-06-15,194.0681610107422,195.41554465991703,187.331242764868,188.4091469429488,48362742
2016-06-16,194.02322387695312,196.26886304219565,191.37337240322572,194.02322387695312,48122379
2016-06-17,191.732666015625,195.37060414440012,190.07090128460968,194.69691240597118,26486677
2016-06-20,193.9333953857422,194.65200266935673,186.74734996218464,186.83718101249667,32633757
2016-06-21,192.22671508789062,195.3706099608234,191.46319227908938,193.1249707658714,18960306
2016-06-22,191.23863220214844,193.34953857033528,189.9361641841646,192.2267189502985,16395548
2016-06-23,195.41554260253906,195.81975495177682,191.10391222931432,191.3284761684792,20666649
2016-06-24,189.75650024414062,190.74458691136107,181.89676354763776,184.95082718147592,47224652
2016-06-27,195.0562286376953,196.58327436213423,189.12774897202527,189.3523129072316,29021651
2016-06-28,193.9333953857422,196.4035985000901,193.48426754676984,194.69691819451276,21784062
2016-06-29,195.10113525390625,196.53834985609367,194.11306220790985,195.7299115025029,18019568
2016-06-30,196.53834533691406,199.3229297184692,195.72990700191244,197.61624941062232,30600995
2016-07-01,197.25694274902344,198.5144951543618,196.62815284006098,198.33484676878393,15346865
2016-07-04,200.31100463867188,201.52365521653533,199.41274901248948,199.72714396417058,16534518
2016-07-05,200.76016235351562,202.2422788749497,199.00856636283123,200.53559841352288,15357018
2016-07-07,197.66114807128906,201.74821380392066,197.03237189079792,201.11942391713674,12917872
2016-07-08,196.08921813964844,198.37977287021505,194.47235517064297,197.75098292772282,16017389
2016-07-11,201.8380584716797,202.5117502647803,199.41277075777646,200.84998539890893,15831791
2016-07-12,203.63455200195312,204.083679824501,201.3439973657002,202.10752014654898,19374179
2016-07-13,204.53280639648438,205.25141364942593,201.16434774797082,203.9040301900205,18377333
2016-07-14,208.39532470703125,209.15884754300149,203.00579044736665,203.90404615731075,21208021
2016-07-15,207.9461669921875,210.55110269445387,207.31739082677413,209.2037193230142,15068302
2016-07-18,205.47598266601562,210.05709202436557,204.98193931069653,208.7546103495351,11816985
2016-07-19,206.239501953125,208.53004288704517,203.90403178932027,206.59879872926723,19767339
2016-07-20,207.6317901611328,209.06900469850572,205.88019436678644,207.1826623314905,18051608
2016-07-21,202.69140625,208.48516685241586,201.56858655283338,208.08094079639977,13306837
2016-07-22,200.76016235351562,202.91597069492792,199.50260977207432,202.46684281494245,12341622
2016-07-25,206.50897216796875,207.4970588832637,200.04153411286603,200.31101355397317,18427070
2016-07-26,203.63455200195312,208.57495804997987,202.9159447446178,206.59879837202786,14162638
2016-07-27,205.92510986328125,207.49705726681773,203.72438623958888,204.57772637453567,17626617
2016-07-28,207.49703979492188,211.22479498404525,205.97000804418312,206.73351706640625,26838284
2016-07-29,206.0598602294922,209.024106897733,205.16160449404316,206.59881915327955,15577230
2016-08-01,204.1735076904297,208.9791670930421,202.37699642822847,207.31740239928186,16071228
2016-08-02,204.8472137451172,207.4072342490802,204.17352197465942,205.9700333625468,16145066
2016-08-03,203.58963012695312,207.04791973519926,202.82612107621733,205.25140850105436,14838944
2016-08-04,202.69140625,205.43108905234558,200.49068238481246,205.20652511291226,17810908
2016-08-05,209.06900024414062,210.10198874779198,203.8141992667652,204.21842526986586,21264296
2016-08-08,209.5181427001953,211.89851483034863,208.12584361944963,210.14691895096277,16972827
2016-08-09,211.2248077392578,213.78484178942156,208.9791686448311,210.41638314778152,19854185
2016-08-10,207.9461669921875,212.7967416468533,207.54195472201408,212.66200879222632,16279843
2016-08-11,204.0387725830078,208.03602133096874,203.0956150824088,207.94619028029553,16673286
2016-08-12,218.5456085205078,222.72249192772932,201.56856803521154,203.90403827328208,86616475
2016-08-16,221.6446075439453,222.67759617966652,217.96175346596556,220.29722391145933,27709873
2016-08-17,221.1954345703125,224.3842445916709,219.44383894644565,221.37508294342587,18294050
2016-08-18,223.12669372558594,224.92320499135167,221.4649290285286,221.77931027626164,14314950
2016-08-19,232.19908142089844,233.54646487208356,227.70780325028147,229.05518670146657,39822529
2016-08-22,228.87554931640625,233.90577288549028,228.15694203331026,233.36681399659483,19769886
2016-08-23,228.83062744140625,229.77379861765408,225.46216874501656,228.96536030674443,17583721
2016-08-24,228.5162353515625,230.13311199369568,227.7078107367896,229.01027870783201,11560293
2016-08-25,224.6986541748047,229.54924309875915,223.30636882775175,228.96536867959094,21230706
2016-08-26,221.50985717773438,225.19269725870407,220.83616541467106,224.83340046758792,16531983
2016-08-29,223.7105712890625,224.4291785468369,219.39894144870942,220.83615596425827,11786129
2016-08-30,226.58497619628906,227.16883685659687,224.38425270689982,224.69863394464525,15323228
2016-08-31,226.8095703125,229.77381694299157,225.6418351300282,227.4832621055074,15601566
2016-09-01,226.36044311523438,228.92047741869834,225.5969202650659,226.31552758764306,12175873
2016-09-02,228.69589233398438,229.2348374963469,226.046027220435,226.36042217819988,11380257
2016-09-06,233.6363067626953,234.8938592263225,229.95345300932527,231.03137078534158,16620963
2016-09-07,239.65460205078125,242.79849689918964,233.9057712390663,236.15141041650085,30862337
2016-09-08,241.04689025878906,243.96622089237536,239.74440870338586,240.73249532342436,14339143
2016-09-09,237.2293243408203,241.0918126983553,236.5556325985116,241.0918126983553,11455826
2016-09-12,227.0341339111328,232.42366824730215,226.18079371583158,231.30084859393352,18989750
2016-09-14,231.34571838378906,231.74994436806983,227.25866637644057,229.0551775730923,12754966
2016-09-15,229.95346069335938,232.06436708458568,228.33659768160032,232.06436708458568,7783662
2016-09-16,228.42642211914062,235.34298811248541,227.61798378352748,231.70506357425506,18013477
2016-09-19,229.63905334472656,232.0194253544532,229.23484104013252,229.95344830735172,11433295
2016-09-20,228.56112670898438,230.31272232664898,227.84251951278313,230.31272232664898,9914599
2016-09-21,225.596923828125,230.1780335889001,225.14779595770764,228.6060860424393,12817180
2016-09-22,231.66015625,232.15421336817425,229.14505107369828,231.66015625,20797370
2016-09-23,228.65097045898438,232.46854313179304,227.97727874502525,232.46854313179304,12730223
2016-09-26,226.0460205078125,228.56113897636266,225.14776489092264,228.11201116791773,8800173
2016-09-27,223.66566467285156,228.06711202927764,223.03688843711842,227.39342026821484,11345387
2016-09-28,227.93240356445312,229.7738306497797,222.81234837342697,224.563944398476,17277539
2016-09-29,222.09371948242188,230.6271485424138,218.72526064295135,229.05520108399423,27870695
2016-09-30,225.68673706054688,226.80955664791279,220.7912464008903,221.7344175955364,14826293
2016-10-03,229.32467651367188,230.53731345085427,226.94429075171738,227.2586857204094,9314647
2016-10-04,233.3218994140625,235.34297457741818,227.97728116778052,229.77379242409668,21532806
2016-10-05,234.30999755859375,237.94792206570017,233.14224873726732,235.34298609902996,20868556
2016-10-06,230.67202758789062,235.34296768250118,229.63903912828988,234.75910702382123,11081154
2016-10-07,232.37875366210938,233.4566440225834,229.27976062399773,231.07627197070877,11934100
2016-10-10,230.49240112304688,233.8159305206624,229.998344076889,232.9626041160767,9399844
2016-10-13,224.24954223632812,229.36961097023024,220.8361813554534,229.0103004468837,18050638
2016-10-14,226.45025634765625,227.75272430752585,223.75548937980452,225.46216964359317,12133951
2016-10-17,227.43833923339844,230.35768394845104,226.36043514065415,227.9323826069087,16865537
2016-10-18,230.76187133789062,231.4804923064873,227.97728704261937,228.96536003527942,20218355
2016-10-19,229.41448974609375,231.7499599411969,228.9204600988509,231.7499599411969,9546481
2016-10-20,233.72613525390625,234.35489777254213,229.32467426681154,229.68397105068738,14179531
2016-10-21,232.19908142089844,233.3219009635527,230.04327338151958,233.3219009635527,8833390
2016-10-24,236.1963348388672,237.94791691405302,232.91767977649297,232.91767977649297,14483254
2016-10-25,234.84896850585938,237.63353930241485,234.2201785380371,237.1395096224038,9079178
2016-10-26,232.42367553710938,237.90304109992252,230.67206585788065,233.90579204352366,15020687
2016-10-27,229.41448974609375,231.83979098958304,228.4264167453144,231.7499599411969,10938008
2016-10-28,231.74996948242188,232.4685630739212,228.1569466997487,229.8636270390008,11430184
2016-11-01,232.60330200195312,234.35488400013244,230.40256478459034,230.851692591188,10000632
2016-11-02,225.50711059570312,229.95347385276912,225.05798271708443,228.24679339653616,13716294
2016-11-03,220.656494140625,227.0790302386346,219.937900588263,225.59690019772773,12902390
2016-11-04,218.14138793945312,222.2284401417195,215.85083331322355,221.195451636897,12657669
2016-11-07,226.98919677734375,228.06710080071636,220.52175893081477,222.76739802379657,11224419
2016-11-08,226.9442901611328,228.24677185121556,223.35126747134615,227.88746135846057,9367228
2016-11-09,233.54644775390625,234.4896051355709,211.09005854679987,211.09005854679987,31761606
2016-11-10,252.67930603027344,255.284269372666,238.26231366159095,239.83426106557883,50227559
2016-11-11,245.2238311767578,259.4162617230501,242.97819169711715,250.3888019799313,57937113
2016-11-15,249.8947296142578,254.61057171673238,243.15781232500845,247.15503346907778,48658808
2016-11-16,248.99652099609375,255.82324320828596,248.05333594993618,255.10464952676838,27532708
2016-11-17,249.22108459472656,253.48779967759202,247.55930586940798,249.71511432349533,19500760
2016-11-18,247.73890686035156,251.51159170090028,246.8855804074906,249.84981320178744,13389671
2016-11-21,231.16610717773438,249.35578489029757,229.81872364347043,248.9515588649831,26002028
2016-11-22,231.16610717773438,235.92685136709835,225.59691093774148,234.26507285898853,25631435
2016-11-23,232.33383178710938,233.8608774451986,228.83064003262132,233.3668203616575,16190033
2016-11-24,235.11842346191406,236.24124305819828,228.65098532857579,231.57030257262082,28927720
2016-11-25,234.39984130859375,237.58863815240895,232.06437095198797,236.69038243160588,19303589
2016-11-28,227.7527313232422,231.52540245318957,222.76740953788948,227.66290027236252,22315183
2016-11-29,226.98919677734375,230.40257093993478,226.3604205725675,228.38149575625113,12656706
2016-11-30,232.06436157226562,233.68121083932468,226.98920873108233,228.15694386218695,16501691
2016-12-01,229.63905334472656,234.44472659460467,228.74079768727597,233.23207597452895,12986151
2016-12-02,228.2467803955078,234.80403608480066,227.25869363631045,228.11203381582035,21139754
2016-12-05,230.76187133789062,231.57029594154827,227.4383281693186,228.51623220962662,8406973
2016-12-06,232.738037109375,233.68119454730544,230.2678341492289,232.199078253735,10048459
2016-12-07,229.59417724609375,236.01670043380093,226.0460560366675,233.86089209694268,22193202
2016-12-08,233.4566192626953,233.9955780920654,231.79484096071454,232.1541651220178,9047721
2016-12-09,239.51986694335938,240.01392400532856,232.4685545096207,234.2650658347726,16004173
2016-12-12,236.82510375976562,241.9451720837274,235.61245311329174,241.54094606404018,14296268
2016-12-13,239.0707244873047,239.6096833343978,234.93874320970514,237.94790497777143,9084137
2016-12-14,236.15142822265625,239.16059042983122,235.61246929691617,238.93602649515532,8672531
2016-12-15,238.39706420898438,240.2834067161901,232.6482330448345,233.45665771575432,12274497
2016-12-16,237.8131866455078,239.250401188017,236.28614105423165,239.250401188017,11017555
2016-12-19,234.75912475585938,237.58862463286368,234.30999692101463,236.5556360952383,8371299
2016-12-20,228.65097045898438,236.15139665062011,227.48323541352997,235.20823921611176,12765309
2016-12-21,229.36959838867188,231.74997051023215,228.24677876410678,230.04329016341092,8778450
2016-12-22,224.38427734375,228.38151248071807,223.08180931569896,228.38151248071807,12981595
2016-12-23,223.80039978027344,226.18078558360597,222.58776282201188,224.3393586770302,10557157
2016-12-26,219.35401916503906,223.0368726812001,218.8150740180377,222.7673932545529,8592983
2016-12-27,223.44110107421875,224.51900515221246,218.36596194942243,219.71334547348806,8756536
2016-12-28,222.5428466796875,226.8095611972597,222.0038877844239,223.89023021155242,11747088
2016-12-29,222.4530029296875,223.53092065868194,220.5217587934435,222.4530029296875,10658616
2016-12-30,224.74356079101562,226.62990313771277,222.09370936592654,222.54283719073126,10538497
2017-01-02,218.81509399414062,227.84255281375962,217.91683829417502,226.80956424131688,25988990
2017-01-03,219.98281860351562,221.33020217284616,216.56945785958047,219.17439394443508,15963085
2017-01-04,218.18629455566406,221.33018936889434,217.55751833427672,220.79124419611676,11225978
2017-01-05,220.38702392578125,220.88105355640107,218.9048939150423,220.07262897330213,11970913
2017-01-06,220.88107299804688,223.66567117389422,220.52177619755435,220.97090405131718,12354302
2017-01-09,221.9140625,223.08179759376372,220.97089132017953,221.33018809997134,8329253
2017-01-10,223.03688049316406,223.66565670650195,221.33018653548294,222.49792162099243,9352013
2017-01-11,226.49514770507812,227.43831884152598,223.66564800202747,224.2495086689132,13415303
2017-01-12,225.68673706054688,228.56115246294482,225.05796083288072,227.16885343335235,11282323
2017-01-13,225.3723602294922,226.89940595622764,223.7555108586109,226.36044702840397,9333736
2017-01-16,229.72889709472656,230.31275782183374,225.19270303253566,225.50709801254374,13234727
2017-01-17,229.95346069335938,232.33383283130024,228.51624608150814,231.25594243185333,9480201
2017-01-18,232.06436157226562,232.91768802498478,230.49241412439625,230.94154196664465,8048897
2017-01-19,232.1092529296875,235.34297873064116,230.4025726885857,231.03136260442747,13029151
2017-01-20,225.50711059570312,233.99562476033734,224.83341877777508,232.19911324586258,15341756
2017-01-23,228.29168701171875,229.2348582641677,224.65376229073576,225.4621869606665,9339939
2017-01-24,228.96534729003906,230.85168953529592,228.15692273138197,229.14500937533418,13540202
2017-01-25,232.827880859375,234.44473010193954,228.3365887986379,229.54923943685512,16343545
2017-01-27,239.34024047851562,240.91218794201194,233.0973524441664,233.81594603387225,18039379
2017-01-30,237.09458923339844,240.6426825951285,236.60053217949056,238.8012694819282,11884795
2017-01-31,233.8608856201172,237.00478068630346,233.23209564184413,234.57947924163824,8899165
2017-02-01,243.15780639648438,244.23569668893185,234.9836748023078,235.34297156645695,27253142
2017-02-02,245.49327087402344,247.0203165230193,241.36131660043637,244.19081656172781,20139955
2017-02-03,249.31088256835938,250.2091383548245,244.32557391851438,245.2238297049795,15366890
2017-02-06,248.86167907714844,253.75718259128783,247.9185217529042,251.51154380729412,14725291
2017-02-07,249.62525939941406,251.51160189615305,248.18804476320395,249.58035757839684,10981984
2017-02-08,248.99652099609375,250.83793443785237,244.8645387958883,249.80494574094897,13622088
2017-02-09,247.78384399414062,251.78106547073708,243.29256542768016,250.43368190079894,16080181
2017-02-10,248.2329559326172,254.0266884642693,247.02030531491744,250.3887640237572,37580487
2017-02-13,244.01113891601562,249.93963161749232,242.708684686675,249.53540561480133,19853043
2017-02-14,242.70872497558594,245.22383021791268,240.8223823375453,244.32557442956866,13306738
2017-02-15,241.58587646484375,244.77467316861063,239.87916874020326,243.38238782754914,12201568
2017-02-16,242.97816467285156,248.81682667053562,242.21464185217522,248.81682667053562,21794688
2017-02-17,241.94517517089844,245.80766366626798,240.46305876744677,243.5620244451024,17830528
2017-02-20,242.21466064453125,243.92134110913497,240.73254412033828,242.43922458494202,9229363
2017-02-21,243.15780639648438,243.8763999247827,241.3163659347678,242.5290164997839,7754157
2017-02-22,244.59500122070312,246.750836699233,242.0798963792007,244.23570444514374,12617613
2017-02-23,242.93325805664062,245.2237990608553,242.16973525103984,244.05607764941013,13146194
2017-02-27,240.9570770263672,243.83150605844529,240.37321633901638,243.24761795850762,9645350
2017-02-28,241.81045532226562,243.65186861775103,240.7325374730222,241.54096215365996,7941592
2017-03-01,244.10098266601562,245.49326801425482,242.34937311331257,242.5290352155445,7656892
2017-03-02,240.10374450683594,246.75085880687314,239.3851508913348,245.22381310819662,14220808
2017-03-03,238.08267211914062,241.5409621889971,237.36407849459962,239.16058996854173,10120034
2017-03-06,242.39430236816406,242.84343021119844,239.25040746692352,239.4749713884407,9515073
2017-03-07,240.55284118652344,243.33743905765084,239.2952888161198,243.24760801421078,11599142
2017-03-08,242.43919372558594,242.79849050199127,238.9360021836068,240.5528513837243,9122987
2017-03-09,245.44837951660156,246.03224026166203,241.09183372061423,241.6307926439737,15594429
2017-03-10,244.3704376220703,247.51433238426426,242.07989668893515,246.57117492064083,9557026
2017-03-14,246.7059326171875,250.074391630018,245.942409758428,250.074391630018,15734886
2017-03-15,249.13125610351562,251.96075644200369,244.90944280237395,244.90944280237395,20055974
2017-03-16,250.88282775878906,251.6912798888311,247.96349648112192,249.71510621275854,18005184
2017-03-17,246.2567901611328,251.06246355061205,245.67292944934667,251.01756173147004,14265642
2017-03-20,246.03221130371094,246.7957340708879,244.1458690002697,246.7957340708879,9678185
2017-03-21,244.63990783691406,248.86169253151758,242.66373463512735,246.48132077430924,11898233
2017-03-22,240.2834014892578,243.42729646201445,239.654611529671,242.79850650242764,9887203
2017-03-23,241.181640625,241.9900652227899,239.5647914294202,241.6307684473929,7998170
2017-03-24,248.36767578125,250.56841298738397,241.31636377112775,242.07988652096518,20133467
2017-03-27,251.01756286621094,252.230186114407,247.19997619389034,247.91856977893897,15966114
2017-03-28,253.39794921875,254.1165428442458,250.16422307883954,252.09546743337546,18673371
2017-03-29,259.10186767578125,260.4043219934581,254.3410960173876,254.3410960173876,31008407
2017-03-30,261.4372863769531,263.86258750801863,259.46114046699785,259.5958733270379,19683170
2017-03-31,263.5481872558594,264.9854016967316,259.1467403034138,262.2906348998157,20185269
2017-04-03,263.3236389160156,265.61420727629604,262.4703124941201,264.80575525938116,10509610
2017-04-05,267.0963134765625,268.3538658591594,260.17973425340085,263.45836177635954,21936647
2017-04-06,263.0541687011719,267.2759537462874,261.7966162922563,265.3896388392074,18413111
2017-04-07,260.0001220703125,264.80576811195795,258.38324537059333,262.0211973855202,10765502
2017-04-10,259.9102783203125,260.8085339720761,257.3951460478222,260.3144769160539,10307875
2017-04-11,264.53631591796875,265.1201766675278,259.4162472254883,259.86537509631677,11682024
2017-04-12,260.6288757324219,265.3896472047518,259.6857182491519,264.0871655253909,13251421
2017-04-13,261.8864440917969,263.27875690477,260.4941586914129,260.7187226213193,9944020
2017-04-17,260.404296875,262.9643308560302,259.1467444985985,261.4822145762504,8146800
2017-04-18,260.76361083984375,266.69210376263754,259.05693054409994,261.4373025944206,13457050
2017-04-19,255.14952087402344,262.06610073594584,254.11653230051257,261.88643863073156,18149995
2017-04-20,255.8231964111328,257.70953874579186,253.48775366712206,255.0147718141609,14514929
2017-04-21,253.48779296875,257.7994097628129,250.8379274434338,257.7994097628129,12042308
2017-04-24,256.9460754394531,258.5629524202308,252.32006328525395,254.43097001947876,10077853
2017-04-25,256.9460754394531,259.41627903187526,256.002917760111,258.2485573895857,11531902
2017-04-26,257.30535888671875,260.0450278349705,254.52076070545002,257.8892196152294,13836891
2017-04-27,253.35299682617188,258.6527271269848,252.4547411701137,257.3053436428975,22622372
2017-04-28,260.2695617675781,261.1678173733333,253.75720862585268,254.2063364287303,14152004
2017-05-02,258.96710205078125,262.7397868786899,257.8892116803702,260.71871159500773,9754789
2017-05-03,260.3144836425781,263.3685748675616,256.7214609426801,259.95518685510586,13950914
2017-05-04,268.6233825683594,269.47673653241515,263.27877707468787,264.08720180176687,24534923
2017-05-05,265.8836975097656,273.8781680672373,262.42540744815113,270.37497618391706,34756331
2017-05-08,268.9377136230469,270.1503641315909,263.997307961455,265.97348119112564,11560550
2017-05-09,266.332763671875,270.2850825069174,265.20994426347755,270.2850825069174,7843574
2017-05-10,264.49139404296875,267.81492358756543,263.1889123512806,266.781935045496,8699405
2017-05-11,267.7699890136719,268.93771028141407,264.4913616887794,265.7938158085558,11934889
2017-05-12,267.59033203125,271.8121442259406,265.8836519102888,269.4766742334008,13376269
2017-05-15,270.7342834472656,271.2732423914887,267.23109142870163,268.0395161387409,10383539
2017-05-16,276.2135925292969,277.0220170736949,268.8928149903057,271.27318680926066,17533439
2017-05-17,276.3483581542969,277.3813467175531,274.41711389906334,276.66275312900655,14120513
2017-05-18,272.1265563964844,276.57290535538783,271.2732025756653,273.8332366255358,15471393
2017-05-19,276.66278076171875,283.22003700304776,271.27324607155543,273.4739837017418,55250969
2017-05-22,264.3566589355469,277.92032638034425,263.36859953061867,277.51612773630734,35771221
2017-05-23,259.46112060546875,265.7938112558647,258.02390624569136,264.9853867449224,19846852
2017-05-24,254.34107971191406,260.8983623502461,252.99369624805516,260.53903816314767,16435958
2017-05-25,260.583984375,261.7068040013895,254.70039308516573,255.23935198835042,15018467
2017-05-26,261.445068359375,263.7563240523364,258.589952001546,263.30313449210905,12304394
2017-05-29,257.4116516113281,263.6203536699677,256.77717520865207,261.8529034485798,10619968
2017-05-30,261.80755615234375,262.62329164693176,254.737783991439,256.8677799821056,9643418
2017-05-31,261.3090515136719,264.20947534321425,260.3120567539776,261.9435278702879,10697171
2017-06-01,260.53863525390625,264.1188154415725,257.95544976376107,260.99182472023034,12186700
2017-06-02,260.1761169433594,263.3031359909267,259.5416681517269,262.759302983459,12004368
2017-06-05,260.35736083984375,262.62330827970317,259.90417135187187,261.0824529564023,7917410
2017-06-06,260.4026794433594,265.5237429966321,259.76823073037775,264.6626718698449,12346121
2017-06-07,263.3484191894531,264.2094903422443,260.31207153175325,261.21845057237846,10864355
2017-06-08,261.58099365234375,264.6626768229785,260.81056594456186,264.6626768229785,8370299
2017-06-09,261.5356750488281,262.3061028065242,259.0431325542489,261.30908027659365,10804887
2017-06-12,258.2727355957031,260.130801686408,257.6835670523379,259.90420691141986,10326846
2017-06-13,257.27569580078125,260.13078424207123,256.5052680853873,258.68057224729904,9171049
2017-06-14,257.59295654296875,259.4963305634302,256.1427444212636,259.1337844481278,11566255
2017-06-15,257.4116516113281,259.04312284607573,255.00975264775778,257.2757002851814,11925641
2017-06-16,259.1791076660156,259.8135564224775,256.7318730983211,258.0461338218041,19246907
2017-06-19,261.80755615234375,262.7139350708836,258.5898943952335,259.768203585629,14848661
2017-06-20,262.9405822753906,263.75631793277444,258.8618763279766,260.6746345268273,14927701
2017-06-21,263.6656494140625,265.0705534808514,261.26375056112374,261.26375056112374,10537576
2017-06-22,266.92864990234375,268.1975751337872,263.80163088513,263.9829177726914,26110402
2017-06-23,261.8982238769531,267.88030316598184,260.8558658955238,267.1552110280669,20648597
2017-06-27,253.46888732910156,262.35141831853053,250.8857015908367,262.170131450392,25523129
2017-06-28,250.52317810058594,252.38127185479541,248.12127901392006,251.6108440864888,17241351
2017-06-29,246.94297790527344,253.15165213533527,246.21785808463247,251.202942752006,30457363
2017-06-30,248.0306396484375,249.02766220848684,244.450458735277,246.53511963861118,12235472
2017-07-03,249.11830139160156,249.7074422750335,247.03361286342587,248.43851706598895,8951033
2017-07-04,247.44151306152344,250.56853225781845,246.58044178703724,249.2542713989705,7856082
2017-07-05,249.1636199951172,249.798096457166,246.85236425286095,248.25724085533102,10048734
2017-07-06,254.69253540039062,256.2333909848049,248.89171450344176,249.29956851543665,16115817
2017-07-07,253.87680053710938,255.9614614775933,253.06106484998503,254.32999010334467,5914038
2017-07-10,258.8164978027344,260.1307583428789,256.68652940114146,257.50226492308025,2095795
2017-07-11,257.0037536621094,262.57800662480645,256.50525627770986,260.5839617662247,12400820
2017-07-12,260.7199401855469,261.39972450429616,256.6865698239312,258.04613846142985,7524835
2017-07-13,261.71697998046875,262.84995391977816,259.7229347830856,261.85293132108654,8434324
2017-07-14,264.3001403808594,266.1128985073941,260.3573859235476,261.7622624074145,13750192
2017-07-17,265.569091796875,266.5661143971537,262.532716102593,265.38780490209825,10549310
2017-07-18,263.7563171386719,268.6507587287338,262.8499380419754,264.52674490296283,11913832
2017-07-19,265.8409729003906,266.4754493201125,264.1188581817813,264.2095016218122,9006728
2017-07-20,263.71099853515625,266.70203836854995,262.8952352528727,265.56906454370477,6256500
2017-07-21,263.4390869140625,264.84399115285623,261.2637825481028,263.8016330316398,7266604
2017-07-24,266.97393798828125,268.56010132503843,263.4844007758101,263.5750165523729,11195781
2017-07-25,268.37884521484375,269.46648349061536,267.0645845135642,268.2882017767393,10846999
2017-07-26,268.10693359375,271.59649875036945,267.6084361401597,268.5148152634117,12527914
2017-07-27,270.418212890625,271.77778155507207,268.46950333701653,269.19459556052357,22286060
2017-07-28,271.0979919433594,272.59351191302767,267.9256651214289,269.19459031810214,15766196
2017-07-31,283.2434997558594,284.4671172069043,270.1010013671875,271.3699267139941,41547584
2017-08-01,280.0711364746094,285.32812408857575,279.11944950224296,284.6030318868199,14888804
2017-08-02,278.8928527832031,282.6089848668582,276.71752087214406,280.9775135940581,17005571
2017-08-03,272.4122009277344,278.6209026905589,271.0979679569418,278.2583566179435,14459919
2017-08-04,276.6722106933594,277.6238976512028,269.7384163505877,272.1856232395397,9615344
2017-08-07,282.065185546875,282.6089908757079,276.5815754235209,277.1707163034198,11420767
2017-08-08,275.2220153808594,282.60899970695425,273.00140312408007,281.8839074721887,13578680
2017-08-09,273.99835205078125,278.66622588291915,272.00433490955373,274.4062336521981,15852734
2017-08-10,268.92266845703125,274.0890123162097,264.66267596463626,273.00137407977394,14519518
2017-08-11,253.92208862304688,274.632855716613,251.47488175256146,266.92863369155947,67652562
2017-08-14,252.1546630859375,255.96143850434774,250.61380763483513,255.1003950020793,23773509
2017-08-16,256.595947265625,257.32103953377106,248.5291782253882,252.92509504933113,21074533
2017-08-17,254.55653381347656,258.04609830545826,253.78610617335224,257.2303351215087,12134114
2017-08-18,252.60787963867188,253.4689232330656,250.16064487461296,251.9734031708058,12653217
2017-08-21,248.93701171875,254.3752862627336,247.75872996508477,252.87976629523706,9247153
2017-08-22,248.25721740722656,251.06699800727677,245.8100105572424,250.16061895309886,11814388
2017-08-23,252.8797607421875,253.51423715591753,248.5291522667346,249.02764969145525,11317821
2017-08-24,254.0580291748047,255.10038718002667,251.5201789736817,253.51422388920167,14138226
2017-08-28,253.19699096679688,255.68953333280876,252.87975276993308,255.68953333280876,10505317
2017-08-29,251.06698608398438,254.55655080894687,250.20591495921062,252.3812467143249,10335964
2017-08-30,250.7044677734375,253.10636688681765,250.16063477443748,251.97339299744067,7648702
2017-08-31,251.746826171875,253.33298979311994,248.52919103297748,250.9310904130487,14222467
2017-09-01,251.83743286132812,254.14868845068278,250.70445901154756,251.65614598116548,8255209
2017-09-04,251.746826171875,253.4236332464336,250.52320870338636,252.83449229064232,7168751
2017-09-05,250.6591033935547,253.33293252916854,250.11529811759243,252.06400745110298,9565430
2017-09-06,248.574462890625,250.74976715228183,248.0306299100872,250.1153183920664,7306781
2017-09-07,248.52915954589844,250.9763665123316,247.53213700676127,249.61679786637043,16102724
2017-09-08,246.35382080078125,249.61679099334336,245.71937204643208,249.1636014571679,7077895
2017-09-11,245.58343505859375,247.89469076385737,244.31448215480626,247.07895508320524,14489224
2017-09-12,247.849365234375,249.8433825717938,245.1755359408777,246.5351045320471,8375133
2017-09-13,247.80404663085938,250.70447088789402,246.98831095247326,249.2089508674369,10150073
2017-09-14,248.52915954589844,249.7980847500299,246.80701713261837,247.80403967175556,8015217
2017-09-15,246.08192443847656,248.80106172508957,244.63171235351734,245.40214011682332,18404860
2017-09-18,245.08489990234375,248.34787015176514,244.22385636490264,247.44149106362002,17538678
2017-09-19,242.72828674316406,245.44742376117034,241.50469721345493,245.13021323746332,14331316
2017-09-20,244.76766967773438,246.58042791318658,242.41110610004296,243.0455548861539,12355806
2017-09-21,243.36277770996094,245.99127145294185,242.32044732263157,244.4957515354263,8509419
2017-09-22,237.3353729248047,242.3657658668298,236.65558859963943,242.22981453389573,12860892
2017-09-25,234.5255889892578,237.29003414309759,230.5828344248757,237.0181314809311,13937050
2017-09-26,234.0723876953125,235.34131282254953,232.0330348499516,234.29898245590817,11728345
2017-09-27,226.95729064941406,235.56789094384044,226.14155510098772,235.56789094384044,17080769
2017-09-28,228.906005859375,229.81238480648776,226.14154730463207,226.82133151496663,17776419
2017-09-29,230.08432006835938,231.579839921271,229.35921408533548,230.85473393824714,10073641
2017-10-03,227.77305603027344,232.3955808465208,227.13859346689597,232.3955808465208,10547836
2017-10-04,229.4951934814453,230.80944045693943,227.81840038521077,228.0903030606421,14063896
2017-10-05,228.0449676513672,230.31091520819618,225.86964969866358,229.94835530095574,13476692
2017-10-06,232.7128143310547,233.7551446761936,228.4981574030192,228.5434652900064,11932139
2017-10-09,232.803466796875,234.38963014985674,230.44687571177482,232.75813124763644,8009211
2017-10-10,232.8941192626953,234.02709313017195,231.76113156497127,232.80347582119822,9742878
2017-10-11,228.18092346191406,234.2536740978882,227.00262794313193,233.07536474885947,14192548
2017-10-12,227.6824188232422,229.2685821902058,225.23519810883343,228.40752484276067,13404759
2017-10-13,228.4981689453125,231.4439009210878,226.7760404151726,227.5917898758432,15697555
2017-10-16,228.45285034179688,230.8547493765527,226.685413898274,230.76411976651784,12171830
2017-10-17,227.63710021972656,230.8547487170879,227.18391068010519,228.45284968919339,13505216
2017-10-18,220.9298858642578,224.60072365697474,219.84223380759073,222.96923865685096,20677891
2017-10-19,220.02352905273438,222.28947682876665,218.57331694397465,220.97522988471746,3458869
2017-10-23,222.92391967773438,223.87562042534893,219.61564175010614,221.1564833351625,8901335
2017-10-24,230.6281280517578,231.39855571470744,222.92390674324392,222.96922845816667,17197805
2017-10-25,294.4825439453125,297.3376323832165,253.65017934328208,253.65017934328208,262677081
2017-10-26,290.4944763183594,318.4109391094056,287.77533925453696,299.1050770204636,112804243
2017-10-27,281.92919921875,293.30427316611866,281.06815569683783,290.2678977434946,27580765
2017-10-30,282.7902526855469,292.17128102307936,281.52132759662044,282.7902526855469,28530254
2017-10-31,277.1706848144531,284.46705229964005,275.81111632583975,283.6966246239941,16455750
2017-11-01,289.9053649902344,291.35557710395926,280.4336921897926,280.4336921897926,34907283
2017-11-02,284.9202575683594,292.89638207890073,284.1951377379963,290.04129362685995,23110527
2017-11-03,294.5732116699219,296.8391594519982,283.3341162029224,285.9173022065885,26898400
2017-11-06,298.19873046875,299.1051095887158,291.3555791772064,293.30428875303375,17143407
2017-11-07,287.5034484863281,300.64594483759197,285.96259302232727,298.1534024261454,21883541
2017-11-08,280.56964111328125,289.40683739410963,277.94114723877493,288.2285556208639,20242447
2017-11-09,284.3310852050781,288.22850359196843,279.34600102345604,283.8325601906218,21846178
2017-11-10,302.32275390625,306.8093417553496,280.5243464498691,285.50943176642573,82984969
2017-11-13,300.0567932128906,312.5195059717185,298.87851143443595,305.2231652025665,38777555
2017-11-14,298.28936767578125,303.36509617355824,296.83915558205996,299.4223415520487,25647162
2017-11-15,294.52789306640625,300.1474267652741,292.08065848657236,297.29233819579747,17389606
2017-11-16,302.1867370605469,302.9118568184312,293.34954227866837,296.7484633486216,22506014
2017-11-17,305.9029235839844,314.24162175032274,304.5433550347222,312.70076633029515,26518142
2017-11-20,301.8242492675781,305.5857171122371,300.23808579545124,305.5404092200889,13507662
2017-11-21,299.6942138671875,303.9995141609925,299.10507304329155,303.63696808940205,14189920
2017-11-22,303.9089050292969,307.8516596965188,296.3859694678582,299.8755345793189,22861716
2017-11-23,303.5916748046875,305.1325025981774,300.6006073341008,304.0901722195385,13338423
2017-11-24,301.2803955078125,305.44974473661284,300.464659881861,304.5433656721125,11716981
2017-11-27,304.2261047363281,305.44972191407635,297.3376188287194,299.0144255048565,13114683
2017-11-28,300.9178161621094,305.1778083587211,300.19272405483076,304.5433320194842,16054996
2017-11-29,298.10809326171875,303.50106020254606,296.5672653218368,301.235112355223,11264624
2017-11-30,290.3585510253906,295.932776973809,288.68174415362375,295.29830053784474,27276288
2017-12-01,283.4700622558594,292.12597155790746,282.11049361194637,291.4008793453518,16425620
2017-12-04,284.2405090332031,286.37050558324756,282.01986903540205,285.2375316375321,13887727
2017-12-05,289.22552490234375,290.6757367365176,279.88980523643664,283.24341837418297,15130931
2017-12-06,283.15283203125,287.684727638858,282.3370963539797,287.0502788500903,18658202
2017-12-07,286.7783203125,288.00193753830973,283.19813973090015,283.2434476183219,12278558
2017-12-08,283.7872619628906,288.9989410573558,282.8808829899402,286.9595883682173,16418832
2017-12-11,288.5910949707031,289.4068306146486,285.60005505607165,286.3704828099902,14014369
2017-12-12,288.63641357421875,290.4944795241385,285.19215665907205,288.00193718812795,17658856
2017-12-13,283.9685974121094,289.0896621127749,282.0198876290988,286.55178371075067,17540585
2017-12-14,284.6029968261719,285.8719218531713,280.5242914576439,284.8748994532107,13894451
2017-12-15,283.016845703125,289.45214220237216,282.3370614460318,288.59107107919056,16050711
2017-12-18,289.0442810058594,293.213630276041,272.2762681461785,279.16475463684895,32119915
2017-12-19,289.86004638671875,292.0806864088749,288.5911210856997,289.54283580683676,14741481
2017-12-20,287.77532958984375,289.134898076095,286.86895059900957,289.134898076095,9895770
2017-12-21,287.0955505371094,288.409811161776,285.8719333452632,286.9595992181247,9916409
2017-12-22,289.9053649902344,293.53088144429887,286.8689894278562,287.412822428065,13821639
2017-12-26,287.4580993652344,289.99597720609086,286.68767166960845,288.7723600025076,9329690
2017-12-27,285.3734130859375,290.3131616831275,283.74191440739196,286.86893279590345,14276027
2017-12-28,279.52728271484375,286.8689582689923,278.8474984535428,285.7812923867138,20353152
2017-12-29,280.8868713378906,282.79027293784037,280.11644358785213,280.9775147779824,11939569
2018-01-01,278.3490295410156,283.47006596805164,277.6239096584693,281.52135641835594,12182400
2018-01-02,274.8594665527344,280.07114646263784,273.1373517667784,280.07114646263784,14797364
2018-01-03,274.49688720703125,277.75985715725665,273.86241083930975,276.71749917307244,13857373
2018-01-04,279.6179504394531,281.1588059631229,274.76881675548685,275.9924340642252,24517099
2018-01-05,277.669189453125,282.24639196425534,276.98940525876964,282.24639196425534,14580575
2018-01-08,277.1706848144531,280.52429815056286,276.44559268472267,278.439637532219,13557197
2018-01-09,275.8111267089844,280.5243087111392,274.90474768245406,278.7115506580786,15574755
2018-01-10,272.9107360839844,277.21603654934955,271.9137136020117,276.1283706307442,13064599
2018-01-11,273.90777587890625,274.63286809681205,271.9137307889228,272.72946644919057,12298455
2018-01-12,273.95306396484375,276.128368121796,272.4122085375688,276.128368121796,17594228
2018-01-15,274.2702941894531,276.67219303588075,273.31857963185496,275.4939113860837,18189668
2018-01-16,268.42413330078125,274.9500731159377,267.65370562447237,274.0890020082116,18040940
2018-01-17,278.3490295410156,279.52731131697254,265.2065324777487,268.2882159122088,26277307
2018-01-18,274.8594665527344,288.0472716083789,272.36692398712836,285.50942115123274,40000111
2018-01-19,280.2977294921875,280.9775137997676,274.17967072396675,275.49393144948596,18461642
2018-01-22,277.8052062988281,279.844559363012,275.5845663425183,279.48201323925633,12622645
2018-01-23,288.3191833496094,290.53979544131346,277.6692294377711,277.71453732639,35252217
2018-01-24,299.01446533203125,300.555320895984,286.597088018542,287.956656694796,38070520
2018-01-25,283.8325500488281,301.5975822115699,282.65426853037906,301.5975822115699,42466150
2018-01-29,282.88092041015625,287.23152899163176,281.8838978759238,283.8326073934494,23600898
2018-01-30,284.1951599121094,288.9989858089151,281.88390423738366,282.8355912421542,25810404
2018-01-31,283.92327880859375,286.9596546008969,279.0288367570814,283.69668401305614,16409938
2018-02-01,277.3973083496094,287.6847165131303,276.4456213730149,287.23152696989587,19515991
2018-02-02,269.5118103027344,277.12538862828956,267.8350035638906,274.5422028587727,23274673
2018-02-05,270.146240234375,272.2762363403757,262.84990060924576,265.2517993413355,18940578
2018-02-06,264.43609619140625,269.466489013626,256.4146358133984,258.3180374106282,30577218
2018-02-07,265.3877868652344,270.0103257629074,262.84993647382294,268.8320440084296,21463818
2018-02-08,273.1826477050781,274.9047624156821,265.1611873582845,265.4784255666707,18932796
2018-02-09,268.6507263183594,272.45752912942487,267.3818012681681,269.1945592428675,15750824
2018-02-12,261.71697998046875,265.02525835115284,258.4540095031584,261.263790404745,50839665
2018-02-14,250.34188842773438,261.67162581746726,249.25422257412336,261.67162581746726,45641149
2018-02-15,252.60787963867188,255.87082244342184,248.5744813654442,249.07297883269865,26058237
2018-02-16,246.2178497314453,254.87378577470105,244.76763779985615,254.23930941072706,30338112
2018-02-19,243.36277770996094,246.53510442126395,232.6221803124505,246.08191489107782,43847791
2018-02-20,244.40512084960938,248.52916238577959,240.00917664533793,243.81597996172655,33458021
2018-02-21,247.71337890625,248.43849872968212,242.3657481382182,246.71638409733194,23714454
2018-02-22,247.07891845703125,247.98529744795178,244.22383016772997,245.08487361280947,25584062
2018-02-23,250.2059326171875,251.24829068194802,246.9882979647798,247.84936915032262,15482147
2018-02-26,248.75572204589844,253.78611431909832,248.21188912597353,253.78611431909832,15306032
2018-02-27,242.5470428466797,250.06997800711227,241.05152292448452,247.44148425590654,20824909
2018-02-28,242.90956115722656,244.45041645264408,236.38362158432867,239.5106400589445,26810799
2018-03-01,237.60726928710938,244.72235056717994,236.79153365065096,241.3687369211357,22859175
2018-03-05,238.8308563232422,240.19042476530998,234.5255562566942,236.066411555234,18484565
2018-03-06,232.5315399169922,241.09683321378483,231.1266634192298,240.96088188504882,20778164
2018-03-07,223.5583953857422,231.44390447542233,223.01457623385727,231.17198798435624,31262500
2018-03-08,232.75811767578125,233.80047566107126,221.42839393106732,223.87561448120945,33133336
2018-03-09,229.54049682617188,233.3019643911259,228.09028479882386,232.93941829941232,21536191
2018-03-12,229.17794799804688,231.35325218284862,224.1022197931805,230.31092180893253,25332474
2018-03-13,230.854736328125,237.83385209770643,226.23221157020578,227.77305315617886,37647221
2018-03-14,232.9847412109375,233.70986110161377,226.59477949342124,228.86072728835546,25471485
2018-03-15,229.9483642578125,234.57088915565058,228.90603387316926,232.93941791538236,18339890
2018-03-16,228.679443359375,231.76112668188298,226.6854121606788,227.1839095876675,25728297
2018-03-19,224.7366943359375,229.85774453215504,223.0599013046297,229.2232681000547,18167594
2018-03-20,225.779052734375,228.63414153662802,222.38013090776508,223.73969963840904,20556571
2018-03-21,224.781982421875,230.49217264460881,223.96624688873248,228.18090352704448,19533972
2018-03-22,218.9358673095703,224.19286868606235,218.1201178477327,223.87563047919545,26828240
2018-03-23,212.81781005859375,217.21374028416284,210.59718408585812,215.53694728975913,27150262
2018-03-26,223.4224395751953,224.6460568453327,212.31929602632658,212.77248555893348,30373940
2018-03-27,230.5375213623047,231.57985175788326,224.78200875129176,226.59476688638284,31205051
2018-03-28,226.5041046142578,232.2143088613013,225.41645258968822,228.407506029939,36673566
2018-04-02,223.10519409179688,228.40751698241587,221.97222029724125,228.22624394133626,14993188
2018-04-03,227.04795837402344,229.1326330133673,225.0086054544963,226.18690101849472,19883309
2018-04-04,224.14755249023438,229.3139105548677,222.51606735660087,228.1356149677853,18824449
2018-04-05,235.02406311035156,237.38065403718124,226.59474949339406,228.95134042022374,22880821
2018-04-06,235.3866424560547,236.9728057403664,230.99069867886374,235.34130690877885,24868860
2018-04-09,236.24771118164062,238.15111285837372,233.48326594053705,236.24771118164062,20208874
2018-04-10,238.64959716796875,240.19045264536302,234.29898871255222,236.65557981777533,21201141
2018-04-11,232.9847412109375,238.37770802707914,232.30495687245724,238.37770802707914,14885838
2018-04-12,230.0390167236328,233.3926166039311,228.6341263624917,233.3926166039311,18660913
2018-04-13,227.45582580566406,231.987721174696,226.32285196340607,230.22028474682295,25654020
2018-04-16,225.68838500976562,227.77305960522247,223.96627033496253,226.0056232115568,16408377
2018-04-17,224.91795349121094,228.86070785164486,223.51307704186348,227.86368537444994,15922452
2018-04-18,223.3771209716797,226.5041260242351,222.33479056424358,226.14157992519137,16142387
2018-04-19,223.10519409179688,225.18986863982855,222.2441367739839,223.96626523985637,13166927
2018-04-20,218.61862182617188,222.8332926631002,217.0777802232047,222.8332926631002,15546939
2018-04-23,219.75160217285156,221.92692023323264,216.8965136420197,219.2530909196238,12111837
2018-04-24,218.07481384277344,220.6126642219251,217.1684347558629,219.34373903234928,9486349
2018-04-25,214.9931182861328,218.21076683521454,214.58525045996694,217.25906602066257,13124853
2018-04-26,211.36758422851562,216.44331226134122,210.73312168197398,216.0807523559987,24495144
2018-04-27,219.8875732421875,222.78798357041785,211.4129232002397,211.4129232002397,31401889
2018-04-30,223.331787109375,226.32284066972971,221.60967248717648,221.881588961799,17263193
2018-05-02,218.43736267089844,223.24117465751127,217.30438879812408,222.87861472007498,12887066
2018-05-03,219.25308227539062,220.61265082318405,216.39799385712297,218.39202496117073,12939642
2018-05-04,219.29840087890625,221.0658371998901,217.84820274666785,220.70329112439208,12777310
2018-05-07,223.4224395751953,224.96328122000935,219.3890555010434,219.75160159503014,15122614
2018-05-08,226.6400909423828,228.95136035450165,221.70032773938198,224.78201106870898,23293920
2018-05-09,224.781982421875,226.41346731840542,223.24114095358058,226.41346731840542,11429823
2018-05-10,224.7366943359375,226.7760473041951,223.2411743579809,225.008610831088,13160967
2018-05-11,226.91200256347656,228.04497638528292,223.01456985041332,224.41946015550258,11958589
2018-05-14,229.8577423095703,231.85177353764718,224.9179652144686,226.5494503393487,18673849
2018-05-15,224.781982421875,233.3472746710984,222.87858107088195,229.31387722876764,18026861
2018-05-16,220.34075927734375,225.41647381331055,218.07481158354238,222.5160635312942,17222004
2018-05-17,219.9781951904297,222.96924885576368,218.5733048807769,221.3377637810136,11721064
2018-05-18,216.48863220214844,221.1564785743864,215.58225319159766,220.25009956383565,11873041
2018-05-21,221.56436157226562,222.7426571329144,217.80289395237423,220.7486259388726,18780730
2018-05-22,230.129638671875,235.3866538360447,218.43735428577267,220.83925327175396,68713602
2018-05-23,238.55897521972656,244.49574688812316,230.49219343759603,230.80941780454847,71202072
2018-05-24,243.36277770996094,244.4504436466052,236.24769655393968,239.14812061132852,34679642
2018-05-25,241.9578857421875,243.27211869930338,237.96979600344304,242.7282857657935,22317308
2018-05-28,246.58041381835938,248.5291509384748,241.14213942286096,242.3657566939469,18959368
2018-05-29,239.55593872070312,245.58338069801493,238.19637033372868,245.17549911772676,16107543
2018-05-30,242.13914489746094,242.90957258140335,235.61323267813634,236.11173006513272,19320209
2018-05-31,244.31446838378906,249.07295852328795,238.51364784107017,241.86726147977186,31935892
2018-06-01,241.73130798339844,244.54106095980086,239.82790641256577,244.0425635376634,16574717
2018-06-04,238.37770080566406,243.22683447202272,236.83684528758928,242.90959625824323,12933824
2018-06-05,238.87619018554688,240.41704565165887,236.4742912087789,236.4742912087789,14102731
2018-06-06,244.85830688476562,245.991280753065,237.6526096786784,238.37770189019207,18315171
2018-06-07,244.40512084960938,247.35085294951872,243.27214696502887,245.6740460682405,18773700
2018-06-08,247.44151306152344,248.2572487812752,242.00323804918227,243.770688492392,14096549
2018-06-11,248.347900390625,252.3359633319515,247.57747253979534,247.71342388747163,18219428
2018-06-12,256.36932373046875,257.7742002151751,248.3478634836605,248.3478634836605,31358021
2018-06-13,260.7652587890625,262.5326813066475,257.09440711009137,257.41164530365575,26748300
2018-06-14,256.1427001953125,259.72288049894615,254.96439094840875,259.72288049894615,18513730
2018-06-15,251.47491455078125,256.9131896306857,250.70448671569528,256.27871314049787,16949917
2018-06-18,250.9310302734375,253.55952382658344,249.6621052126593,251.97336058548774,13542420
2018-06-19,247.07891845703125,250.79507785190373,244.49573280080946,250.1606014940627,20726975
2018-06-20,247.71337890625,249.0276395696318,245.7193616279209,247.62276313125236,14002946
2018-06-21,243.49871826171875,249.02763581742525,243.0002208647708,249.02763581742525,12954943
2018-06-22,247.48683166503906,248.0760002786016,240.87027451124374,243.81600693706326,20784133
2018-06-25,243.31747436523438,247.5774394322452,242.18450051861007,246.39915769595365,10934401
2018-06-26,242.36575317382812,245.81001017058247,240.5529950683238,242.22980184801403,16867009
2018-06-27,237.1994171142578,242.32045340173417,236.56494069188255,242.32045340173417,16277655
2018-06-28,232.9394073486328,237.4713024332366,231.7611118605866,236.0210904740649,21349738
2018-06-29,235.0694122314453,238.7855718698379,234.02708185568108,234.07238974399948,16244724
2018-07-02,234.61622619628906,237.24471994920535,230.22028220476852,234.70686963476766,21896701
2018-07-03,233.3926239013672,236.47430738388806,232.3956013351263,235.29602558955514,16099030
2018-07-04,233.34730529785156,234.1630409380591,230.6734759466494,231.806449797075,14206935
2018-07-05,232.44093322753906,234.4802862198086,231.262623791264,233.75516633737118,11215032
2018-07-06,233.12071228027344,236.3836548656331,231.62517848832053,232.12368975230484,16174019
2018-07-09,237.06344604492188,237.83387382340885,233.80050336508714,234.02709814343652,13220744
2018-07-10,239.05747985839844,240.87023799950478,237.83386258105284,239.1481232975526,11487165
2018-07-11,234.84280395507812,238.06043833434558,233.75513809309064,238.06043833434558,12857179
2018-07-12,238.15109252929688,239.7372558477603,236.7008805346031,236.92747529438358,10642215
2018-07-13,233.61920166015625,237.83385873802735,232.75813049284665,237.56195608545255,11976239
2018-07-16,228.0449676513672,233.39259835338504,227.5011347056297,232.93940884201925,8965623
2018-07-17,234.79747009277344,235.52258989279605,227.0026189508518,227.22921370201658,16067598
2018-07-18,235.2506561279297,237.92448521646375,232.16897308960526,235.74918116944013,17641125
2018-07-19,235.83982849121094,238.83086814764877,232.2143124661992,235.1147086899133,9958284
2018-07-20,237.01812744140625,238.37769605005676,234.34429811352925,235.56791539341353,6120163
2018-07-23,241.41407775878906,242.4564081871207,236.20239795663602,237.47132315897431,17013119
2018-07-24,241.8672637939453,243.997260170771,240.68895438992743,242.18450200504608,9320281
2018-07-25,246.39915466308594,247.30553372922898,240.77959338880146,242.9095897263364,13099277
2018-07-26,260.7652587890625,262.30608654845764,248.52914184681126,249.3448774441961,53496546
2018-07-27,259.9042053222656,269.1945910399752,258.40868534858697,262.396747831895,32175436
2018-07-30,269.55712890625,271.50583836756897,262.1248371555576,262.1248371555576,40949610
2018-07-31,266.022216796875,274.08898376730576,264.48136154680276,269.1945430619144,36510328
2018-08-01,267.4725036621094,270.1009977727649,261.3544441488001,266.9286706177157,33885474
2018-08-02,266.38482666015625,268.650774535218,263.34845097547424,265.56909095723336,15665209
2018-08-03,271.23394775390625,271.86842419296727,266.92864699590774,267.0192904387015,18254462
2018-08-06,279.6179504394531,282.201136388902,272.45756113047696,272.45756113047696,31576923
2018-08-07,275.5845642089844,282.518386701926,274.6781850763641,280.8415797744793,23928622
2018-08-08,279.79925537109375,281.79327290979796,274.67819103235,275.5845701846237,20498279
2018-08-09,287.6847229003906,289.90536277574057,281.1134743775943,283.6513524723507,46464355
2018-08-10,275.9471435546875,295.8421493205713,272.3669348444471,287.9113317502255,111510771
2018-08-13,266.6114196777344,274.45159374130077,263.84697435270976,268.2882266262477,58127432
2018-08-14,267.29119873046875,270.9620507871372,265.8863221493399,268.92269775359773,25294933
2018-08-16,265.2971496582031,270.4634934650024,263.0765099996935,266.02224180847554,31083900
2018-08-17,273.8171081542969,274.36094109974636,266.5207404288762,267.3818115642122,21931134
2018-08-20,278.8475036621094,279.7992182420031,275.1766796467143,275.62986916271336,20240462
2018-08-21,278.2583923339844,279.93519925311244,274.95011404843194,279.4366741363469,14139592
2018-08-23,274.1343688964844,278.21307483216066,270.3728735162981,278.21307483216066,22721004
2018-08-24,272.3216247558594,277.08011525970767,271.0073639334551,272.45757609529863,18869585
2018-08-27,279.1647644042969,281.2947608336365,274.9047715456177,275.53924798346185,28111768
2018-08-28,276.76287841796875,281.20413071177666,274.9954280148887,279.2100855216606,16890236
2018-08-29,280.7055969238281,282.79025763062594,277.1253886877048,278.07707560591837,24320824
2018-08-30,279.70855712890625,281.43067164876504,277.35196626255106,280.3430058149115,19935935
2018-08-31,280.6149597167969,281.5666466561329,276.0377289130307,279.0741042659264,18100140
2018-09-03,277.669189453125,283.2434143147412,276.26428552183006,283.2434143147412,14708076
2018-09-04,268.6507263183594,278.66623072486874,267.7896828766721,278.0770622546982,42859084
2018-09-05,268.78668212890625,270.8713704309649,263.2124567955938,268.74137424297777,22922686
2018-09-06,268.6960754394531,271.77775862004086,266.928625260627,270.1009518766277,18001336
2018-09-07,264.345458984375,268.1975701593965,262.3514415606609,268.1975701593965,23716678
2018-09-10,258.18206787109375,265.7956460625254,257.23035330935704,263.43905509219144,23354395
2018-09-11,256.1427001953125,264.1641595411737,255.2816291172094,260.44800026484637,28361400
2018-09-12,258.58990478515625,259.8588574504891,253.78610738807814,257.41162320790784,22717796
2018-09-14,263.4390869140625,264.4814173747832,261.6716642181872,262.9405894599557,15149585
2018-09-17,258.58990478515625,261.4903285052162,257.5022666355017,261.4903285052162,16089996
2018-09-18,248.16659545898438,260.0401676289714,246.8976702053551,258.31805280901057,33901000
2018-09-19,246.08192443847656,256.36933270492807,245.1755453429389,249.6167973789745,40759431
2018-09-21,245.2661895751953,253.2876501286594,229.67645801749674,248.5291598617479,39308482
2018-09-24,239.60128784179688,247.44146045223275,238.01512463376974,247.1695578236246,24633374
2018-09-25,245.53810119628906,247.39619501219974,236.383666435852,239.28409072090992,28948831
2018-09-26,239.1481170654297,248.34785885970322,238.15109458170446,248.34785885970322,23951904
2018-09-27,240.50770568847656,243.45343783661383,239.05749356037137,239.73727790224922,24829383
2018-09-28,240.64366149902344,247.8946946138716,237.92452408095536,241.4593971923446,33803139
2018-10-01,248.2119140625,249.43553134013848,239.37471812249117,240.64364328947056,17711738
2018-10-03,246.26319885253906,252.6078522000488,245.2661763658317,247.7587187523534,19714943
2018-10-04,245.9459686279297,247.16958591672423,240.8249323634874,242.86428529131354,17754204
2018-10-05,234.1630401611328,245.62872995729902,232.0330437973009,245.62872995729902,36628643
2018-10-08,240.8702392578125,243.36278171485478,234.1630396327794,235.4319648060839,21100804
2018-10-09,238.33236694335938,243.0455211041347,235.65853785351703,242.90956978747138,16010883
2018-10-10,252.56253051757812,254.19402949280718,236.74623182922818,237.10877793689187,31772330
2018-10-11,237.60726928710938,246.08191918144206,236.20239278323623,242.90959241483046,46291120
2018-10-12,239.05747985839844,242.8189474690953,237.0181269496538,241.09683276714307,42967696
2018-10-15,238.55897521972656,240.82492282758682,236.6555736970253,239.64661347520354,21965859
2018-10-16,244.99424743652344,245.49277251293577,238.69492960226094,239.82790342070675,33597068
2018-10-17,236.70089721679688,249.25425332546953,235.65856678044392,248.1212794467174,21631573
2018-10-19,236.6555938720703,239.46537467745136,233.93645651082974,235.3866686355905,28474307
2018-10-22,235.97581481933594,241.0968514323217,235.16007912478446,241.0968514323217,19933462
2018-10-23,231.71578979492188,234.75216502913466,231.12664896690865,233.84578601357816,20206307
2018-10-24,231.76112365722656,237.2900276437166,229.13262990646456,235.8851511601782,25636533
2018-10-25,226.18690490722656,231.12666818673677,225.1445606545105,230.67347864127257,33066232
2018-10-26,224.8726348876953,228.86069694594207,224.23815852503458,228.40750744703922,20543437
2018-10-29,242.81893920898438,244.04255644470547,225.14454793443744,226.59475993008866,37768359
2018-10-30,247.57745361328125,252.97042049631548,241.09684837148527,242.4564170653094,33401683
2018-10-31,255.05506896972656,256.2786862664931,243.4534277467056,249.25424835821607,28137370
2018-11-01,259.1337890625,261.9435699119943,252.7438272274612,256.5052951041328,29144808
2018-11-02,258.63525390625,265.3877608788612,256.6865445828922,260.9465092985245,27760214
2018-11-05,267.3365478515625,271.9137516060657,256.95849526773213,259.63232488939065,44619891
2018-11-06,259.6322937011719,270.37286347100735,257.3210104938639,268.3788461283917,40688243
2018-11-07,259.7229309082031,261.85292741442606,259.1791255538451,261.85292741442606,3312160
2018-11-09,256.73187255859375,260.5839836208145,256.00678036402047,260.13079408408265,19201007
2018-11-12,251.92807006835938,257.1397496484059,250.9310475731213,257.1397496484059,24044907
2018-11-13,252.01870727539062,253.5142549756642,247.7587419396758,250.43254379006683,25633628
2018-11-14,257.0491027832031,260.76526240109,251.973374597345,254.1486787740004,52674807
2018-11-15,258.6805725097656,260.17609239381653,254.82846158938048,257.27569606182243,18445463
2018-11-16,263.6656494140625,264.48138499386346,256.1427146685202,259.13375434795455,24805910
2018-11-19,261.1731262207031,266.0222598280319,259.2697246216916,266.0222598280319,13799970
2018-11-20,256.91314697265625,261.53565789465233,256.05207583044523,259.1337589986069,12900924
2018-11-21,260.1761169433594,262.4420647573949,256.55060044090254,256.9131742195449,16167419
2018-11-22,256.2333679199219,260.1760946501136,255.23634543507717,259.17909982576236,12066797
2018-11-26,259.5869445800781,260.3573722755682,253.4235783371424,257.50228390803903,16846820
2018-11-27,262.30609130859375,263.30311379482083,257.45695786323415,257.9554829365944,21242956
2018-11-28,257.91015625,265.0705731131773,256.505279739652,262.3061003218067,19837609
2018-11-29,259.5869445800781,262.53267638128125,257.63823522830376,262.2154381936686,27919104
2018-11-30,258.0007629394531,263.66563138472696,256.68653005644387,261.76223005501686,17583510
2018-12-03,259.94952392578125,260.9465465028211,256.73188907221663,259.8589081410016,15772176
2018-12-04,256.097412109375,260.99188153962024,255.5082712069924,260.99188153962024,11897307
2018-12-05,253.92208862304688,256.6865613577447,251.11230799945798,256.00677706141647,14893748
2018-12-06,249.84336853027344,253.10633849779555,249.34487113905837,251.97336473549566,11083451
2018-12-07,249.6167755126953,251.38422565836416,246.62573582363225,251.06698747061688,10165275
2018-12-10,248.52915954589844,250.52317696367788,244.85830760550635,245.62873537031666,11947887
2018-12-11,254.9190673828125,256.73182519531247,243.2267850242853,243.2267850242853,30927239
2018-12-12,258.54461669921875,259.0884496459344,255.78017173911218,257.18504816267597,21765939
2018-12-13,261.94354248046875,266.4754376790928,258.99781060136314,262.84992152019356,24097152
2018-12-14,262.12481689453125,263.57500116077307,260.17607992334655,261.49034053268156,12156361
2018-12-17,262.3967590332031,264.1642094069516,260.402713876179,262.2154721423842,12728014
2018-12-18,265.34246826171875,266.47544208008645,260.1307886972273,260.901216425816,13606582
2018-12-19,272.5481872558594,273.72646893874946,267.10991303853325,267.10991303853325,26124125
2018-12-20,266.5207214355469,273.40920704585636,265.7049859057516,270.4181675497766,19222232
2018-12-21,264.5720520019531,268.74140136638044,263.5750294664713,266.15821541642583,15777301
2018-12-24,265.6144104003906,267.3818608839924,262.9859162831221,266.0222920998365,12048877
2018-12-26,266.6114196777344,267.3818474822401,260.2667656696812,265.43313785472304,12684324
2018-12-27,264.7986755371094,269.73845320006666,264.2095345941277,268.92271745897676,15304564
2018-12-28,267.2005310058594,269.2852194025662,266.06755720128825,266.11289274976707,12876558
2018-12-31,268.19757080078125,270.3275672229859,267.8350246920112,269.3758802299027,9526067
2019-01-01,271.5511779785156,272.5482004989024,266.33949826701064,269.6477763778671,11837127
2019-01-02,266.38482666015625,274.17969288246786,265.6597344043351,271.09800930448324,25559853
2019-01-03,263.8469543457031,267.8803246343964,262.9405752704245,267.3818272071909,17548347
2019-01-04,269.7837219238281,271.00733918804684,264.2094962318249,264.75332920042143,19514041
2019-01-07,268.56011962890625,273.2733020721261,267.56312473481717,272.86542040782035,14579399
2019-01-08,276.7174987792969,277.35197514611554,267.1552113539789,268.10689824371485,22949961
2019-01-09,276.7174987792969,278.348997582334,272.5934853764518,277.35197514611554,21109911
2019-01-10,276.944091796875,278.71154190731323,275.086025915023,276.5362378440375,16295468
2019-01-11,274.4062805175781,277.5332995678562,272.7748091542566,276.8081796704388,12702551
2019-01-14,272.2762756347656,275.17669981392356,271.50584786900544,272.8201086259196,10372933
2019-01-15,273.40924072265625,275.1766909719915,272.9107432987381,273.7264789290105,9444374
2019-01-16,274.768798828125,277.9411254494702,273.81711190591864,274.6328475050231,12111480
2019-01-17,269.55712890625,275.85647448405393,267.9256576503769,275.4485928398386,15974634
2019-01-18,267.3365478515625,271.7778002623621,266.7020713669495,270.78077764104046,9082501
2019-01-21,265.0705871582031,268.9680063460281,264.1642080298256,268.19757855480805,10188647
2019-01-22,263.0765686035156,265.5691114585016,261.2185022667256,265.5691114585016,11297989
2019-01-23,259.8135681152344,265.5237731433412,258.7712376637492,263.2578253529406,10304608
2019-01-24,261.08245849609375,262.7592651692667,258.7712031225931,259.81353343494646,11532528
2019-01-25,258.6805725097656,263.75630066637177,256.6865552178622,262.48737554234356,11121223
2019-01-28,255.23635864257812,259.7682541168409,251.33891193841524,258.907182912533,18905470
2019-01-29,254.32997131347656,259.22441273511777,250.6591195018752,254.69251740758074,17435611
2019-01-30,260.53863525390625,262.3060575762762,254.0126958746436,254.87376692485532,18908654
2019-01-31,266.1582336425781,267.2005641399386,261.03719694298354,262.8499552550876,25546487
2019-02-01,257.7742004394531,274.3609539178852,255.59889621651772,269.1039387469229,60015958
2019-02-04,257.3663635253906,258.4993374312772,251.83744533256504,255.96145928579384,20642919
2019-02-05,258.0007629394531,260.1307590069742,256.5052432019989,257.5929090076877,13291133
2019-02-06,261.9888610839844,262.62333750194,256.95846827195857,259.08846463453045,12149759
2019-02-07,260.49334716796875,266.475454745372,259.76825495394803,262.30610536351554,19733315
2019-02-08,259.22442626953125,261.0371844951923,255.7801967049734,258.8618801564981,19781908
2019-02-11,254.2393035888672,259.1790800882128,253.78611409940396,259.1790800882128,15420017
2019-02-12,249.6167755126953,255.78016941873878,248.93699125059075,254.37526534742724,15326106
2019-02-14,242.09384155273438,243.2268153266984,238.9668228723966,242.90957713788995,26372671
2019-02-15,238.33236694335938,243.6799974625524,236.83681947858793,243.6799974625524,23366091
2019-02-18,235.6132354736328,240.64362793116072,234.57087748037705,239.6466054848465,14781744
2019-02-19,238.2870635986328,242.45641305618406,235.93047236953905,236.4743053701754,19064306
2019-02-20,242.63768005371094,243.18148534927496,239.55596918955118,239.73725606173463,15514595
2019-02-21,242.90956115722656,245.62869803585224,242.27508482135096,244.99422169997663,13760702
2019-02-22,245.58343505859375,246.4444786313115,242.5470594568093,242.81896213019476,12536918
2019-02-25,244.85830688476562,245.991280753065,242.81895392182673,245.9006373115021,20793897
2019-02-26,241.41407775878906,243.0908846185373,238.60429702900757,241.82193175570413,15274303
2019-02-27,242.59234619140625,247.16957697116462,241.5953237084544,242.90958438968548,20571652
2019-02-28,243.86131286621094,245.44747646731935,242.59238751742382,242.63772307375433,31636468
2019-03-01,247.39617919921875,248.89169913853513,244.8129933074027,245.22084729421942,20024726
2019-03-05,250.56851196289062,251.83743716422688,245.8100217125085,246.26321126016396,21533972
2019-03-06,252.06402587890625,256.09739615978805,250.5685059396918,251.33890602379117,22161376
2019-03-07,255.37232971191406,256.0521140855926,251.6561696037052,253.28766869683193,14899105
2019-03-08,254.87379455566406,257.6382395357378,253.4235825741119,255.46293539365598,19943319
2019-03-11,260.4480285644531,261.9435484821661,256.9584636494605,258.5899348941484,22931245
2019-03-12,260.0401611328125,262.7592984628743,258.99783068838786,262.1248496821571,20828136
2019-03-13,265.7049865722656,266.8379602721819,258.04610095712604,261.1277838888002,23725641
2019-03-14,264.5720520019531,267.1099300614064,263.52972157597003,266.92864317841156,16164017
2019-03-15,270.4635009765625,273.09199466991663,265.11587015342957,265.2065135898542,37928480
2019-03-18,270.9620361328125,272.7294587366624,267.0645895054236,270.916700582666,23782967
2019-03-19,274.6781921386719,277.89585473850127,271.1433189626663,272.04969811859064,27218691
2019-03-20,275.3579406738281,276.1283683882089,271.9590192814068,274.4515616358491,18820555
2019-03-22,270.146240234375,277.71451014608425,269.14924549838787,275.8111087819881,17865957
2019-03-25,266.4754333496094,267.7896940000545,264.84396216880884,266.4754333496094,16895511
2019-03-26,275.0860290527344,276.44559756535085,267.1552127291382,267.1552127291382,18303791
2019-03-27,279.88983154296875,281.74792513843755,275.8564614825225,276.6721970720122,35956450
2019-03-28,289.1349182128906,307.8516401450433,280.1164355618021,281.0681501647551,63244736
2019-04-01,292.53387451171875,296.97512687305834,290.9930188722453,291.67280324369,22372357
2019-04-02,298.19873046875,300.0114887086816,291.9447200730851,293.3495966448338,27897583
2019-04-03,290.4944763183594,301.3257166867823,289.58809729708526,300.01145604173774,30552104
2019-04-04,291.67279052734375,295.2529991250616,288.5004635989087,291.400887854819,27832294
2019-04-05,287.36749267578125,293.3949360307065,285.5094265197716,293.3949360307065,23117232
2019-04-08,283.5153503417969,289.36150616644375,281.9745225826253,288.4551271338159,17394139
2019-04-09,285.2828063964844,286.1438775594162,279.2553912374421,284.55771421964226,25556039
2019-04-10,281.7932434082031,287.3674690790084,280.97750778865736,285.3734517490625,19237974
2019-04-11,285.4187316894531,285.87192117376804,279.7991986802424,281.88385924389473,14897935
2019-04-12,285.73602294921875,286.7783534247059,282.06519850843915,285.14688204224746,14751964
2019-04-15,286.0532531738281,288.8630339520912,284.3764462851473,285.96260973056246,13864791
2019-04-16,286.189208984375,289.4974872615964,285.23752196644,286.95963677343923,14940726
2019-04-18,281.7026062011719,286.2345015883239,279.21006373823826,286.2345015883239,15691168
2019-04-22,281.0228271484375,283.06218011079335,277.669241095527,279.88985328046203,15665440
2019-04-23,276.6722106933594,284.3764327765487,276.08306983086135,281.0228191584922,17324274
2019-04-24,281.65728759765625,282.7449535133972,275.1766829726407,277.216035819285,15228591
2019-04-25,277.5332946777344,282.7902824540278,276.80817479309354,281.8839033435982,30842477
2019-04-26,283.2434997558594,284.1498789550781,277.89586801256837,278.16777070813475,14987906
2019-04-30,280.9321594238281,282.7902251595588,276.44557267200463,282.7902251595588,18178758
2019-05-02,279.30072021484375,282.24645235398884,277.0347724155014,279.2100767707709,16640100
2019-05-03,280.97747802734375,282.6089490936288,279.88981220949324,280.07109906596526,12452689
2019-05-06,279.8445739746094,281.2494506502019,277.2613877596673,278.07712349583386,10639216
2019-05-07,276.8534851074219,284.0591817821808,275.3126296959552,281.61197500340137,15219845
2019-05-08,270.3275146484375,276.7174750118074,268.9679462595937,275.4938855902397,22103678
2019-05-09,271.2792663574219,272.8201219642758,268.3788696969566,269.7384384110643,12654440
2019-05-10,279.2100524902344,281.65728696490714,265.0705615803263,273.54518348450415,60739833
2019-05-13,278.167724609375,284.7843082634513,276.7175125988587,280.97750519340775,40101505
2019-05-14,285.192138671875,287.095540049606,276.536230533313,279.0287727121178,30521436
2019-05-15,282.88092041015625,288.1379080844804,281.8838978759238,286.5970802229346,27932459
2019-05-16,286.189208984375,287.41282633635984,280.56964733996097,283.2434768253909,18147559
2019-05-17,289.36151123046875,291.8087457255894,284.10452381342344,286.09854112380566,25838962
2019-05-20,312.4288635253906,313.42585833261364,300.01145971759513,300.9178387499745,53207071
2019-05-21,305.9482421875,315.01203283338054,304.7699604677331,313.516512908909,33457162
2019-05-22,309.1658935546875,310.5254621035995,302.3227152622013,307.17184861875273,32002499
2019-05-23,310.1629333496094,329.9219863000871,307.44379609988334,319.9518163844251,74413322
2019-05-24,322.081787109375,323.5773069455121,311.34119029631205,312.6554509265342,35703403
2019-05-27,327.8373107910156,328.562402960939,320.85818109840665,321.80986802899275,31374994
2019-05-28,326.3417663574219,327.8373139204665,323.26008311509065,327.15752963198935,23501608
2019-05-29,316.009033203125,325.3900613966591,314.64946470146765,324.4836823955542,28370210
2019-05-30,320.4503173828125,321.7645781323397,314.9667349323607,317.0060878923544,25712604
2019-05-31,319.49859619140625,324.39303723926133,312.3835155384496,321.17540286663683,32588069
2019-06-03,322.17242431640625,323.0788033099418,316.915409557605,319.3626439043477,18380919
2019-06-04,319.4079895019531,323.7586257808933,318.5016104014025,320.8582015949332,18130636
2019-06-06,305.3591003417969,316.8701254891006,304.45272128013494,316.3262925200047,41941144
2019-06-07,310.0269470214844,310.66142342893573,304.5433647618451,305.4497438236363,29739710
2019-06-10,312.0662536621094,314.7853904445053,308.30478664522633,313.6071089029963,20500542
2019-06-11,314.60418701171875,315.69182532114235,310.7520758872924,312.7460932848163,16281297
2019-06-12,311.79437255859375,314.46820164327835,310.253517211404,314.46820164327835,11564970
2019-06-13,314.06036376953125,314.9214349941365,307.98761262667256,310.88803686276833,15509948
2019-06-14,311.6131286621094,313.9244120015773,310.4801547683982,313.1539842217547,10347594
2019-06-17,306.2201843261719,311.56781548161183,305.4044486686463,311.56781548161183,13779496
2019-06-18,308.2142028808594,311.79441140155785,302.54933348766247,304.09018902681004,21957480
2019-06-19,307.12652587890625,312.8820379897333,304.09015073440776,310.978636581205,16416903
2019-06-20,312.83673095703125,313.83375346765547,304.1808218894856,309.07526334287513,20626861
2019-06-21,316.6888427734375,317.86715216537567,311.0239735636218,312.5194935029143,24749090
2019-06-24,320.1330871582031,321.53796360234594,316.9154249782897,317.2326631735619,17919504
2019-06-25,323.1694641113281,323.57734577945007,318.3656658404253,319.6799266283776,15922634
2019-06-26,324.61968994140625,325.39011775789055,321.13012465062195,322.44438549406567,15835579
2019-06-27,328.24517822265625,329.0156059725973,323.803926263665,324.574354013606,29658120
2019-06-28,327.429443359375,330.82836491673874,325.1181877645654,328.29051455143826,22708464
2019-07-01,327.7013244628906,329.0155851094809,324.9368795089502,328.8342982408158,12348793
2019-07-02,330.3751525878906,330.8283420976134,326.61368518929027,328.24515636009517,14482172
2019-07-03,331.8706970214844,332.3692221154036,329.0156084308364,331.0549613756556,12626285
2019-07-04,333.0036315917969,336.1759580205765,331.9159934125101,332.8676802769474,19252646
2019-07-05,335.94940185546875,338.62323121669425,331.73474464818497,334.8617635512796,30019347
2019-07-08,322.0364685058594,333.95537525667555,320.4049972643262,333.54749361604536,27247892
2019-07-09,325.8432922363281,326.29648179437584,319.4986384236597,320.4050175397552,16579914
2019-07-10,321.0394592285156,327.6560149954861,318.410937948014,326.79494386421936,18681819
2019-07-11,329.1968994140625,329.9219916281682,323.5773379430111,324.93690658983047,20048321
2019-07-12,329.55938720703125,332.23318847636165,327.6559859061836,329.0155543124333,14661748
2019-07-15,326.3417663574219,330.8283537255688,324.1211542780258,330.0126181114949,15665939
2019-07-16,330.2392272949219,331.73474726277806,324.1664763218152,324.93690408116373,16251836
2019-07-17,337.53558349609375,338.57791396663265,329.0609330729806,329.96731220570933,17545177
2019-07-18,329.6047058105469,338.804446793306,328.6076834147696,337.12766783278386,21691056
2019-07-19,322.67095947265625,331.7800583598633,321.9005317058613,330.9190148115001,22213173
2019-07-22,318.00311279296875,325.8885943673132,316.0544032599092,322.67095962624944,19682038
2019-07-23,310.1629333496094,319.9518163844251,309.07526738552116,318.32034509878736,27956145
2019-07-24,307.8063049316406,312.428843228573,304.76992983832787,309.8456576220086,20823143
2019-07-25,309.34716796875,311.06931034373963,305.812295099945,309.7097417280074,19857643
2019-07-26,310.52545166015625,313.74308605350353,308.6220502235952,308.8939528600359,16139052
2019-07-29,311.6131286621094,314.1056712282738,305.2684748573271,311.7491076577511,17060483
2019-07-30,296.8844299316406,314.24160988348183,295.3436022302929,312.15692159037576,24437235
2019-07-31,301.09912109375,302.00550011250243,293.57615864180946,294.66382452850934,22741445
2019-08-01,287.4580993652344,300.46464377570817,282.20111213712636,299.83016740037095,40853304
2019-08-02,279.5726318359375,292.0806517869775,278.30367902483727,286.0079010269763,64472348
2019-08-05,272.1402893066406,274.49688019160243,264.3907600758438,270.5088182034701,48815899
2019-08-06,273.1826477050781,275.76583360123124,269.42118007548396,270.8260565777017,30442970
2019-08-07,262.75927734375,274.13435085654083,261.7622548707634,274.0890153083865,30820114
2019-08-08,266.7926940917969,267.8350245265525,258.86187695268575,262.84993946768265,32929233
2019-08-09,264.0735778808594,270.10099385594805,262.8952683583438,268.5601381959266,23377581
2019-08-13,256.8225402832031,264.25483279210727,256.0521124658084,263.6656918707455,24231272
2019-08-14,262.623291015625,263.98285939016665,257.8648017047293,258.36329904453214,18523649
2019-08-16,263.6656494140625,265.3877640070851,257.68354239470153,260.99184792135424,20047399
2019-08-19,259.994873046875,265.02526642648644,259.22444521257034,264.66272028695994,19831459
2019-08-20,257.1397399902344,260.4933257803552,254.37526737270363,260.4026823459211,23204417
2019-08-21,251.4295654296875,258.8618853687476,250.43254285339953,258.77124192354034,28226325
2019-08-22,243.40805053710938,252.24524510278698,242.275076874843,252.24524510278698,27728925
2019-08-23,245.71937561035156,249.48084328306544,238.10579682427516,242.09385926836333,35212444
2019-08-26,253.96743774414062,261.0371837395555,244.72235975583325,261.0371837395555,64066440
2019-08-27,258.9525451660156,261.0372062349428,256.14276415013717,257.41168948167973,45164811
2019-08-28,258.2273864746094,259.8135498161739,255.7801796296345,259.8135498161739,18979998
2019-08-29,248.80104064941406,257.6835439690577,247.71337476270594,256.6865491768165,27083514
2019-08-30,248.2119140625,251.92807378475635,241.86726056710904,250.1153156432161,45702652
2019-09-03,243.27210998535156,246.53507980904,241.95787707531122,246.53507980904,21241863
2019-09-04,249.3448944091797,250.02467873000052,242.2298129858227,244.45045283136866,27309675
2019-09-05,247.71337890625,250.47785155600303,245.6740260799291,249.2542343281119,25085139
2019-09-06,248.30258178710938,251.06702715913943,246.62577481008435,249.29957673407313,16675146
2019-09-09,251.97335815429688,252.60783450881007,245.62870525113112,248.30253432451903,18616889
2019-09-11,258.54461669921875,259.0884496459344,252.42655828477626,252.42655828477626,20999669
2019-09-12,260.1761169433594,261.76228041318427,257.54762301117734,259.9042142698734,21964832
2019-09-13,264.3907775878906,265.11586975721735,255.59888981721468,258.31802694292975,27303181
2019-09-16,258.046142578125,263.2578224383466,257.2303792542159,261.2184694495642,18267680
2019-09-17,248.30258178710938,259.6323212798503,247.44151052146233,258.31806043449365,21533362
2019-09-18,254.14871215820312,256.45999562365347,248.7104371719627,251.2483154285064,25478758
2019-09-19,248.39317321777344,253.74083186236513,247.48679414723168,253.74083186236513,23387797
2019-09-20,273.4545593261719,278.84749785801284,243.2721215925753,248.80103910478,84481749
2019-09-23,284.37640380859375,286.41575650522907,272.27623894312586,278.75684309144657,54178171
2019-09-24,274.2702941894531,285.6453397103514,272.63879537378153,283.8325816888223,40096711
2019-09-25,254.01271057128906,269.64774806408025,252.60783420859718,269.1945585715356,73063465
2019-09-26,255.46295166015625,262.759292259364,251.06700754824155,255.1457134470397,79005946
2019-09-27,254.87379455566406,259.2697107271759,253.7861286543767,256.2333631020268,37851718
2019-09-30,245.4474334716797,255.46293848053634,244.85829262656887,255.05505684750173,41094131
2019-10-01,231.98773193359375,249.70744641434547,222.56139466094078,247.21490384578124,79350077
2019-10-03,230.35623168945312,236.29303110613557,226.68540757463313,230.22028036306972,56207921
2019-10-04,226.54945373535156,236.11175602566504,225.2805285248942,234.29899782201312,60029186
2019-10-07,225.779052734375,229.67647203135573,223.73969963840904,227.95435717130601,39160623
2019-10-09,236.51962280273438,237.4713097355689,221.4737251270844,226.6854046346398,60328507
2019-10-10,230.35623168945312,233.8457965892598,228.95135521600193,233.8457965892598,37577511
2019-10-11,230.71878051757812,236.92746845827534,227.95432176197022,232.21431418712643,43272106
2019-10-14,231.53453063964844,235.11472519970005,230.2202837543443,232.89411307474396,28265136
2019-10-15,234.25369262695312,235.5679257434282,230.9454005690674,232.44093440243964,23444973
2019-10-16,232.07835388183594,237.42601261707244,231.12666690583328,235.02408591102792,30892295
2019-10-17,240.59835815429688,241.09685562616733,231.67051793077744,232.3956101917702,37061013
2019-10-18,244.40512084960938,245.94597639683695,238.55899220147106,239.6466305343712,33203721
2019-10-22,245.175537109375,249.2542429023221,243.3627789791763,245.0848936707663,27574295
2019-10-23,249.66212463378906,251.79209330912795,243.49873039264529,245.4021319621234,31789622
2019-10-24,237.9245147705078,251.65615266230668,225.37115864956488,250.16063267299108,63943183
2019-10-25,255.19100952148438,257.54760057488573,238.8761866816965,240.91553953667,105518180
2019-10-27,255.41757202148438,258.27268778621374,254.01269574081587,258.27268778621374,12183625
2019-10-29,254.375244140625,258.3179980642297,252.47184283331688,256.6411914920656,51033578
2019-10-30,262.75927734375,263.75629981673666,253.10634612997836,256.5052675193693,51469048
2019-10-31,283.15283203125,288.04727375536754,265.3424878254496,265.8863208304617,128449327
2019-11-01,284.1951599121094,285.5094206905976,279.7085998975544,283.1528294639094,44894016
2019-11-04,284.8749084472656,289.134900808643,283.1074859947305,286.4157638104426,31535656
2019-11-05,289.3161926269531,291.85404280453474,283.5153448030654,284.51236725157685,50080853
2019-11-06,287.8206481933594,289.0896009561751,284.6030137202731,289.0896009561751,32157080
2019-11-07,288.364501953125,293.032348734554,287.14088464951874,288.4551453942245,33926772
2019-11-08,286.4158020019531,290.9476976032498,285.0562333215641,286.5970888902032,25423362
2019-11-11,288.4551086425781,289.72403367481485,283.7872624558727,285.2374743472109,20491942
2019-11-13,278.0771484375,288.77244039925006,277.03481781110276,286.46115666889085,32675829
2019-11-14,277.35198974609375,280.52431642619615,271.64181278610687,278.2130609091761,43617772
2019-11-15,291.763427734375,293.39492671613226,281.0228298313293,282.7902801464426,95199897
2019-11-18,294.663818359375,298.96911860831244,293.4402011775786,293.6667959275227,39009263
2019-11-19,299.4676208496094,300.73654593777235,291.9446860936847,295.29827185093745,41372145
2019-11-20,298.0174255371094,301.37103914213674,294.6638395925759,300.91784960959217,29972583
2019-11-21,300.32867431640625,301.6882427581641,295.9780387064867,298.4252729658471,34116162
2019-11-22,298.4706115722656,302.5493173173737,297.51892462927117,300.4193486677677,28974967
2019-11-25,304.63397216796875,305.90289717228904,297.6095352699384,298.19867605832025,27561300
2019-11-26,304.0901794433594,308.1688852779201,301.46168565985244,306.3561271292264,36464072
2019-11-27,311.38653564453125,313.1992938847218,302.7759340036262,304.4980764602037,33971305
2019-11-28,316.59820556640625,318.13906108600645,312.2475969918211,314.37759338874093,42538227
2019-11-29,309.845703125,316.1903568712346,308.71272924174383,316.1903568712346,23081823
2019-12-02,306.8092956542969,312.11161840819045,304.7246349902667,311.7037367884708,20648850
2019-12-03,304.76995849609375,310.842709253745,302.1414647578916,309.0752590250348,26482178
2019-12-04,309.845703125,310.8427256743645,300.7819120589505,302.82126504881165,26789483
2019-12-05,304.7246398925781,312.3382181860548,303.7729253180855,310.88800621098954,30429507
2019-12-06,290.04132080078125,306.0389068691002,288.22856254577636,305.17786329427037,47027528
2019-12-09,287.0502624511719,296.9750966685394,285.2828122009793,289.08961535808913,52435239
2019-12-10,284.0591735839844,292.44317934921656,283.01684326418905,287.5034303865371,52155809
2019-12-11,283.5153503417969,286.18917955224623,279.1647420493803,282.06516601798666,52557951
2019-12-12,291.7181091308594,292.7151316396822,284.19514625564506,284.6030279012298,37804216
2019-12-13,301.4163513183594,302.2321146169377,294.57320034380115,294.75448722359505,40955226
2019-12-16,300.7818908691406,305.6763321678994,299.83017627795573,304.4980504765199,35027613
2019-12-17,301.73358154296875,304.31676737895435,299.6942286714791,302.05081974396586,26734601
2019-12-18,296.3406066894531,304.13544347642176,295.29824877586736,303.6369461216122,26449075
2019-12-19,297.4283142089844,298.74257504805604,294.1200358250241,296.7032219491152,27516289
2019-12-20,306.2201843261719,307.7157043083846,299.42234107930034,299.42234107930034,51839714
2019-12-23,301.2803955078125,307.12655153803723,299.4223294897844,304.27146301695996,30150335
2019-12-24,300.4193420410156,302.91188438582253,298.3799892134463,302.00550535134727,21747782
2019-12-26,298.9691467285156,302.23211696671456,297.382983329717,301.8242353142542,24616942
2019-12-27,305.6763610839844,306.67338365742495,301.82424978789265,302.18679590719034,33477173
2019-12-30,303.09320068359375,306.2202200057001,301.3710857258315,306.12957655308145,22775554
2019-12-31,302.5039978027344,304.8605887858804,301.416331914977,303.09313863339776,23801635
2020-01-01,303.1385192871094,304.4980880188611,301.0538306354587,303.36511407573465,17379320
2020-01-02,307.5343933105469,308.03291837252516,302.1414546871852,303.1837850378776,20324236
2020-01-03,302.4587097167969,306.31082080242334,300.91785421834857,306.31082080242334,21853208
2020-01-06,289.1349182128906,300.6459432623662,287.9566365069415,300.6459432623662,35645325
2020-01-07,288.5910949707031,296.38596062944805,285.87195771722196,294.0747050281869,50966826
2020-01-08,289.86004638671875,291.40090203399,281.8839207856015,282.8809434008654,44527485
2020-01-09,299.2863464355469,300.3739846013529,294.5731647355812,296.29527924347565,40348407
2020-01-10,301.1444396972656,306.31081135220614,297.3829721676829,300.01146588350616,42377838
2020-01-13,299.7848815917969,304.0448743445251,298.2440260870668,302.73061361046155,23615129
2020-01-14,297.2923583984375,300.64597228603304,295.9327896862495,298.92382978886457,26296117
2020-01-15,293.8934326171875,298.38002037053025,292.1713178039585,298.1987334805079,32625740
2020-01-16,293.0323486328125,296.29531888779803,292.17130509390313,293.6668250597939,26653623
2020-01-17,288.2285461425781,293.2136310601384,281.0681569749085,283.6966507629778,58396326
2020-01-20,284.6029968261719,291.355531222709,284.05916391160326,290.94764962165976,30682902
2020-01-21,284.3310852050781,287.27681676694573,282.79022993928976,284.4217009708973,30591772
2020-01-22,286.5517272949219,287.3221550092219,284.331115248402,287.3221550092219,24994911
2020-01-23,292.9416809082031,294.3918650661678,284.73893500470547,286.4157415554031,33293610
2020-01-24,293.7121276855469,296.65785967424205,291.08363390465615,293.21363025935,22706879
2020-01-27,286.59710693359375,291.8540950978657,286.2345331342668,290.8570724707114,23309355
2020-01-28,285.60003662109375,290.04128831633915,281.92918496954445,288.18322237725965,26488426
2020-01-29,286.82366943359375,289.7694014282234,286.00790613745477,288.09259460687383,23914114
2020-01-30,281.6119689941406,287.09555093115443,277.03473840509923,287.09555093115443,35802330
2020-01-31,288.63641357421875,291.58214542586757,279.708574584046,284.33111317565505,92656638
2020-02-03,270.19158935546875,278.12240572062973,267.6990470692753,274.63284098786045,56060158
2020-02-04,277.5785827636719,278.75686445896116,269.2852200270764,274.5422074282808,51141567
2020-02-05,281.8838806152344,284.285779532108,276.0830603083057,278.16772103000886,35014841
2020-02-06,291.8087463378906,293.2136228018008,281.0681490586471,282.065171546177,57757656
2020-02-07,290.5397644042969,294.5731618382788,288.59105517346484,291.4008354800204,37126803
2020-02-10,288.68170166015625,292.5791201631142,286.8689437219449,289.8599832557972,24816396
2020-02-11,293.98406982421875,295.29830293725894,290.99300216529167,290.99300216529167,30188757
2020-02-12,290.22259521484375,299.0144557773891,289.3615240165325,299.0144557773891,38930849
2020-02-13,296.7938232421875,299.96614983440907,291.85404648438816,291.85404648438816,62516057
2020-02-14,289.4974365234375,300.8271736107706,288.72700886940066,297.3829446004177,48205947
2020-02-17,284.7843322753906,291.0836506008557,282.47304890923783,290.90239137206646,36950692
2020-02-18,287.8206481933594,289.31619571232187,280.433664675075,285.8719388225962,38588583
2020-02-19,290.3585510253906,293.6668292175011,287.54877027546985,292.1259736790137,39846727
2020-02-20,296.97509765625,298.38000181531754,288.9083294408246,289.45216241657675,40150409
2020-02-24,292.7151184082031,300.28336117010906,291.71809594444824,295.2529686245857,45273936
2020-02-25,296.20465087890625,297.42826808059834,292.03532954053674,295.38891529794233,39050709
2020-02-26,297.4736328125,299.8301963530423,293.84811639874863,294.4372572838842,43915281
2020-02-27,291.8087463378906,299.10508662934853,288.228538024645,297.2923285285646,47010040
2020-02-28,274.63287353515625,285.19218475779167,272.910758738157,282.79028562035893,59705346
2020-03-02,260.49334716796875,282.79027850529275,257.456971658329,281.8838994075194,66711413
2020-03-03,262.7139892578125,266.8380031235851,258.5899477315448,265.56907790800085,61949382
2020-03-04,258.58990478515625,265.56903380252464,249.34485604088488,264.4813679923795,73675736
2020-03-05,261.4903869628906,270.4635350908697,244.7223725475926,263.66569140899213,149245973
2020-03-06,245.175537109375,248.7104099311637,230.1749608159313,242.90958944662663,106043172
2020-03-09,229.72177124023438,238.15109931012452,227.63709662484803,235.70386477061837,101286241
2020-03-11,222.15353393554688,234.29900894447655,220.34077564584106,229.31392364778557,90845604
2020-03-12,192.6961669921875,210.18926936251518,189.0706512544624,210.18926936251518,99767083
2020-03-13,219.34371948242188,225.5070994901259,167.36287794901398,181.27580122514203,155701316
2020-03-16,202.4397735595703,209.73611410773495,199.94723108329745,206.5637873197513,75583409
2020-03-17,195.0074462890625,208.3765372226536,192.19767954354052,205.929316563571,65403057
2020-03-18,195.0527801513672,202.25849125238767,181.3664639975966,200.30978171351808,101356399
2020-03-19,184.58409118652344,199.17679967550816,179.59900632547544,183.94962860662127,93533467
2020-03-20,190.20364379882812,195.50595279331966,181.27580487655905,186.30621122793283,77391650
2020-03-23,164.59844970703125,180.82263002697678,163.37483239279481,172.21202859712076,61750037
2020-03-24,166.04864501953125,173.97946198527268,157.3020924122696,173.07308290347368,67491360
2020-03-25,172.1213836669922,176.97051733081906,159.9305876719686,161.3354780275841,71567553
2020-03-26,174.70455932617188,182.18218637904306,167.77076522742632,173.6169072481672,107260359
2020-03-27,177.60498046875,192.06172423291258,176.74392309663637,183.0885767462592,114740377
2020-03-30,169.40223693847656,176.74391269000623,168.81309609494184,172.2120174928266,60081554
2020-03-31,178.4207305908203,179.91625056721455,170.44459177947365,174.02478644284733,59543412
2020-04-01,169.0850067138672,176.29071706164888,167.90671123738022,175.83752755763436,52954239
2020-04-03,159.0695343017578,170.58054626865598,158.61634474534256,169.99140537741522,64448494
2020-04-07,168.94903564453125,169.76478502132113,160.97291171755637,167.1362776919923,72130500
2020-04-08,165.86737060546875,176.2000865209237,163.55610119983493,165.77672716593523,80435759
2020-04-09,170.17266845703125,172.21202134133654,166.41120089141134,170.39926322195407,62416005
2020-04-13,166.320556640625,171.0337249619394,165.9580105506188,169.31161028903983,51847146
2020-04-15,165.27821350097656,173.97944346167876,163.28416866912693,169.49287025050856,72190004
2020-04-16,170.85244750976562,172.1213726223019,163.37482049673875,164.96098380253233,61165773
2020-04-17,175.15774536132812,179.46304570009298,168.85841394750037,177.6502876627183,89851063
2020-04-20,174.47796630859375,178.87391021262323,172.25734041253372,175.83753487723214,81958510
2020-04-21,167.4535369873047,170.58054208380568,165.86737357876459,170.39926903173628,53042420
2020-04-22,171.03370666503906,171.7588125977276,164.371829619686,168.1332967645302,61503413
2020-04-23,169.22096252441406,172.12137266104008,167.8160722586314,170.1726632741537,50955312
2020-04-24,162.92164611816406,166.7737573615699,162.24186178109244,166.7737573615699,65137305
2020-04-27,163.96397399902344,166.32056519602526,163.60142789036817,166.32056519602526,42996571
2020-04-28,167.04566955566406,167.99737036907706,164.23588883611092,164.96099487634214,49590230
2020-04-29,172.3026580810547,173.84349965657947,166.32055098755103,167.68011952423402,57470466
2020-04-30,172.66519165039062,177.55963249578386,171.9400857173058,175.38432852677474,63063889
2020-05-04,162.10589599609375,166.3205529781555,161.33546828398735,165.36885222503773,58118177
2020-05-05,154.44699096679688,164.28120959756376,152.99679272504952,164.05461482570504,91050439
2020-05-06,155.0814666748047,157.07549789188764,150.95743908000415,155.126774564769,73156432
2020-05-07,154.76422119140625,156.39570623063,152.99678482818328,154.85486462757015,42942399
2020-05-08,151.04808044433594,157.52869969196897,150.5495829739589,156.30508230227474,55932236
2020-05-11,149.96041870117188,153.0874238170318,149.55255087392882,152.22636644168594,54591827
2020-05-12,151.27467346191406,152.72488562307518,145.7910907099725,148.82745254142185,70752542
2020-05-13,157.80059814453125,161.83398215117188,154.53762803227886,161.83398215117188,81720683
2020-05-14,152.2263641357422,155.67060741519924,151.81849631467756,154.94550138316924,48136531
2020-05-15,150.82147216796875,152.49827898459358,149.2806305103997,152.22636249672914,35495540
2020-05-18,140.7606658935547,150.82146481186086,140.4887494189526,150.82146481186086,77349435
2020-05-19,138.4947052001953,143.07192162653516,138.13214532499552,142.75468346451598,71522334
2020-05-20,139.03857421875,140.7153813971282,136.99922086516844,138.67602804354664,66168767
2020-05-21,137.72430419921875,141.53109372835922,137.31643636221222,139.26514593360326,61147471
2020-05-22,136.72727966308594,141.03257997546373,135.4583407465532,137.76960999608946,87064198
2020-05-26,137.22579956054688,138.85728481779051,136.13814733246727,138.1321787223213,48275988
2020-05-27,143.75172424316406,145.74575540627197,136.68196481919344,137.72429520460872,88195120
2020-05-28,143.38916015625,147.19594932619094,142.02959160768205,144.52213394672327,76968678
2020-05-29,146.1989288330078,146.74274791018718,140.67001165175625,141.4857610128933,58363280
2020-06-01,154.1297607421875,155.3533641656965,148.05702385260543,148.64616470500826,92740893
2020-06-02,154.31101989746094,155.2627205835825,151.54656126834425,153.99378172533858,70419104
2020-06-03,158.52569580078125,163.05759120766746,155.8972019968861,156.35039153757475,113168889
2020-06-04,157.75526428222656,161.01822031305497,155.44399511648624,158.52567811730955,83494674
2020-06-05,170.21798706054688,172.03074514675026,159.5227115858976,160.02122282565287,201321234
2020-06-08,169.31158447265625,179.00983611913782,168.40520555559732,178.55664666060835,151741826
2020-06-09,167.18161010742188,173.11839554802384,166.18460146785864,170.12734196884114,96654191
2020-06-10,170.12734985351562,171.3056454187416,166.59247698808488,167.27226129530212,67333317
2020-06-11,160.56504821777344,172.57457100741954,159.8399560192001,170.39926675120515,91726802
2020-06-12,162.3778076171875,163.1482353718758,153.9031714668523,154.08444451788273,92758901
2020-06-15,157.4380340576172,161.1995153138434,155.8971924793934,161.1995153138434,63613412
2020-06-16,156.7129364013672,162.19653256647658,153.54060964158043,161.33547521201245,63925976
2020-06-17,156.7582550048828,159.70398693755428,153.40465526296774,154.9908186113293,73866905
2020-06-18,162.8309783935547,163.73735737449348,155.08144917072462,156.2597307817485,58261857
2020-06-19,167.2269287109375,167.6347965027198,162.6950336239202,163.42013960389224,76895151
2020-06-22,170.12734985351562,173.79818787853807,167.0003448063658,167.68012911358304,80023958
2020-06-23,174.4326629638672,175.02181770381625,170.2633272123532,171.84949070950756,65487085
2020-06-24,167.3175811767578,176.6532744957671,166.68310476612868,176.5626448872822,74668987
2020-06-25,167.90673828125,169.31162873602267,163.51079385217867,165.14227909545505,73620385
2020-06-26,167.3175811767578,170.94309744208087,166.5924751576438,170.39926447018362,49176958
2020-06-29,162.46844482421875,165.95800970121698,161.7886605362513,165.86736626405596,50966428
2020-06-30,161.7433319091797,165.7767157461272,160.65567986093765,164.14524458888724,43613239
2020-07-01,167.4988555908203,168.04267473690834,161.87930809976163,162.64972201428142,54012853
2020-07-02,168.08799743652344,170.39926685405067,166.77375053800705,168.26927048627618,52127276
2020-07-03,167.40821838378906,169.35694176299964,166.22992277802763,169.1756548773074,38048810
2020-07-06,170.44459533691406,172.07608050991686,168.7224667203148,169.13034838625128,43773740
2020-07-07,170.94308471679688,171.48690381796436,166.81905750594186,169.49287278652503,55124494
2020-07-08,173.93414306640625,178.9645498174568,170.7618162290182,171.2150057772165,143063102
2020-07-09,180.46006774902344,182.18218234857815,174.52328242385386,174.74987717801875,89539723
2020-07-10,177.28773498535156,183.5417444493036,176.56262903135453,179.46303901709686,111406477
2020-07-13,174.65924072265625,181.09453753015615,173.66223206264357,180.18815847728274,61949761
2020-07-14,168.6318359375,174.29670536680163,167.31758899595155,174.29670536680163,62239932
2020-07-15,166.5924835205078,172.16670952616673,165.8673774649938,170.35395130250558,58527305
2020-07-16,168.81309509277344,169.44755765056274,164.6437460040211,167.6801213002045,46546803
2020-07-17,170.58055114746094,171.7588467938908,167.68014066949763,169.31162588530452,47035238
2020-07-20,172.89181518554688,175.1577629599315,171.0790569660392,172.21203085323148,45672856
2020-07-21,176.20008850097656,177.83157361918413,173.57159468793185,174.43265205218808,59281860
2020-07-22,174.0247802734375,178.33008082707724,172.3026655840804,177.3783800439075,62276152
2020-07-23,179.6896514892578,180.46007923455144,173.2543545292965,174.38732837223006,70801412
2020-07-24,173.9794464111328,177.9222005961134,172.80115094422226,177.37836766361747,65265493
2020-07-27,169.62884521484375,175.11244160642897,169.0397043243646,174.93116855014677,50697767
2020-07-28,171.71351623535156,172.66521704812297,168.35991636057136,170.39926931783265,51488617
2020-07-29,173.2996826171875,176.9705207692313,169.49289313109477,170.03672612778558,73763368
2020-07-30,169.0850067138672,175.3843380536198,168.63181720985267,174.47795904559078,48472816
2020-07-31,173.52626037597656,176.60795733791585,169.22096003685604,170.3992555272962,145892485
2020-08-03,174.25137329101562,176.3813696019642,172.25734213643958,174.02477852730817,72454278
2020-08-04,173.66226196289062,175.65629345648452,172.6652393009691,175.24842557851633,43866676
2020-08-05,173.52626037597656,178.42071537544027,173.11839258358282,174.70455586641668,68888892
2020-08-06,173.0730743408203,176.29072268806567,172.438611781,174.2966915728104,59740172
2020-08-07,172.80116271972656,174.11542342444415,171.80415404920433,173.52626873571805,44822338
2020-08-10,175.65626525878906,177.19710690057073,173.75286369348723,173.8888288511499,48784530
2020-08-11,176.7892303466797,178.37539362925392,175.61093485643244,176.74390862969975,43890305
2020-08-12,184.26687622070312,185.12793361098375,176.38138071299227,177.65030593759028,157818228
2020-08-13,182.9979248046875,187.89237997662775,181.9555944284786,186.26089491931432,70443118
2020-08-14,178.10348510742188,184.90132805045326,176.38137042728602,183.9949489913824,56169088
2020-08-17,175.0218048095703,180.05219760860393,173.57159275834172,179.87092455976216,54787889
2020-08-18,176.8345489501953,177.423689769823,173.75285204301883,175.6562534806939,46294169
2020-08-19,178.60198974609375,181.54772157905566,177.55964556859018,178.01283508135356,59296062
2020-08-20,176.51731872558594,177.96753072731713,175.15775016030543,175.8375344429457,37504602
2020-08-21,179.8256072998047,182.63538803240215,179.14582297710342,180.36944029006466,68041871
2020-08-24,182.59005737304688,183.8136746261075,180.00688537138643,181.27581051287785,53850253
2020-08-25,188.48150634765625,188.93469583819171,183.72301669703373,184.9013121384751,105394375
2020-08-26,190.20364379882812,190.6568333110195,186.8500303444147,188.98002658381282,66749637
2020-08-27,195.4606475830078,196.23107535089557,190.792800745328,190.792800745328,80997993
2020-08-28,203.7993621826172,204.75104924820727,196.50300708818557,196.6842801563814,95974037
2020-08-31,192.15237426757812,209.87208890594445,190.65685424523622,209.87208890594445,119986476
2020-09-01,197.68128967285156,198.40638189756953,191.42726550780156,193.14939411712592,75048313
2020-09-02,196.0044708251953,198.4970132287527,192.4242763206804,197.81722893687342,47608088
2020-09-03,193.19468688964844,197.81722552684164,192.42427300361393,197.13744124668068,38594129
2020-09-04,187.2579345703125,192.42429286678865,186.6234581124706,190.33961809305322,54435758
2020-09-07,188.43618774414062,190.0223509872066,186.17024025404635,188.0736416778239,35687359
2020-09-08,184.9466552734375,188.98003944028625,183.90431102633792,188.4362064565606,34146789
2020-09-09,176.60797119140625,182.5447431657943,174.47797479813528,182.27284050303402,72715826
2020-09-10,179.59901428222656,182.590068097417,176.92519868616526,179.19114645066594,67789617
2020-09-11,183.72305297851562,184.76539731073598,178.55669453221196,179.96158499635774,48487971
2020-09-14,179.91624450683594,186.89536054533383,178.87391411358027,186.62344405962676,63605531
2020-09-15,181.41177368164062,182.18220145871436,178.64732845504733,181.18517890370688,51761038
2020-09-16,179.6443328857422,181.32113973446985,177.87689642615595,181.1398666825054,52404964
2020-09-17,177.1517791748047,179.46304847423428,176.7439113761398,178.55666944153612,41223296
2020-09-18,174.56861877441406,178.73795430240605,171.94011110761187,177.65030215728848,55286316
2020-09-21,168.4052276611328,175.38434347254392,167.00033738923108,174.976475672378,57611375
2020-09-22,168.76779174804688,170.6711934588765,164.190574361717,168.72247002536085,51210889
2020-09-23,166.5924835205078,171.26033041433615,164.0546192413327,170.53522435882218,44320497
2020-09-24,159.83995056152344,164.7797136044356,159.06952283903627,164.14525103722386,46114798
2020-09-25,165.14227294921875,165.64078423142308,159.65867650546681,162.24186253036788,46550127
2020-09-28,169.719482421875,170.53521806029516,166.18460954839142,166.77375041722297,41921548
2020-09-29,167.72543334960938,171.2603058465621,166.09394841630592,170.85243807079763,35688726
2020-09-30,168.0426788330078,169.31161786530487,165.32354154554653,167.72545444761911,37641083
2020-10-01,172.4839324951172,173.29966809153234,169.4022354892508,169.49287892451758,43588724
2020-10-05,171.0790557861328,175.6562730248709,169.53821407622775,174.02478787251655,41694686
2020-10-06,173.66226196289062,174.1154515673551,170.6712078073752,173.20907235842614,31098726
2020-10-07,172.84649658203125,175.06712267493708,171.39629827841318,174.52330349742329,34578053
2020-10-08,173.57159423828125,177.4690270577229,172.71053687625567,173.4356429080525,43351606
2020-10-09,179.7349853515625,180.1881749193525,172.71054705081755,174.0247940313589,64907230
2020-10-12,180.09750366210938,186.66875138029835,178.78325688452077,181.00388265772165,69122798
2020-10-13,177.37838745117188,181.27582035485065,176.83456828825584,180.0522030353564,34948525
2020-10-14,181.32113647460938,182.09155038916933,174.97648295818888,175.88286203196324,40548275
2020-10-15,174.79519653320312,183.54174839369304,174.0247688473534,182.1821798870731,49184123
2020-10-16,177.60498046875,178.33008650904208,173.66223971320423,175.8375440038331,36893126
2020-10-19,184.9013214111328,185.44515435914647,177.69561091630706,177.8315622381873,60220779
2020-10-20,184.04025268554688,185.2185481129865,181.9102565732427,182.18217303038193,39316753
2020-10-21,184.67474365234375,187.8923922587163,180.23349154568706,185.53580104074686,54515523
2020-10-22,184.26687622070312,185.44517183225707,182.2728449405144,182.99793716585745,33721637
2020-10-23,183.8136749267578,186.35153904413846,182.68070110919922,184.9013270255647,32707020
2020-10-26,178.28477478027344,184.9013452946106,177.2877660204612,183.7230496418796,45470123
2020-10-27,176.42666625976562,179.05517364959778,174.2513621987457,178.7832571844088,37794381
2020-10-28,172.61988830566406,176.74391577308543,171.35096316041756,176.74391577308543,46458319
2020-10-29,171.03370666503906,172.84646458163778,168.4958428157518,171.62286128608085,44822673
2020-10-30,171.5322265625,174.02476882430648,168.7224461170925,171.62286999502774,41519686
2020-11-02,177.69561767578125,178.78326978293606,172.2573433097604,174.2060527588191,52600119
2020-11-03,185.58111572265625,186.53281651805264,179.1005108644401,179.4630569625687,69890201
2020-11-04,187.62046813964844,189.43322628592523,179.5083782011092,184.44814138366405,117577856
2020-11-05,198.1797637939453,200.309759986534,194.6448912086343,195.77786496421425,138023646
2020-11-06,198.67828369140625,201.08019645630722,196.72957427878077,198.49701064864402,73147085
2020-11-09,198.9501953125,201.80528369946467,196.72956947483343,201.66933237827448,60359458
2020-11-10,210.00804138183594,212.99909527299567,202.12254572714056,202.21318917212187,135294550
2020-11-11,212.2739715576172,216.94183198115758,206.4278294287577,210.9597246961289,107094861
2020-11-12,205.5667724609375,211.50355803784012,204.5244282494335,211.3675928814282,58859905
2020-11-13,207.9686737060547,209.05632581804636,199.49403774613282,203.93528963270177,70676525
2020-11-14,208.1499481201172,211.09568010082566,206.42783341734028,210.27994446903597,7753219
2020-11-17,217.71224975585938,218.98118875147085,209.373565081436,210.14399282270892,80501583
2020-11-18,228.40753173828125,229.3139108324808,215.62758097796893,216.98714961926822,104514060
2020-11-19,217.3043670654297,228.22623687272366,216.62458280975056,224.78199387790016,82284278
2020-11-20,220.02352905273438,222.42542816322953,212.04739011505123,218.89055516471825,84411129
2020-11-23,216.35267639160156,223.10519754563808,215.808857259944,220.7032985960955,57538324
2020-11-24,221.02052307128906,222.0628533815941,217.07776891792565,217.98414791131992,47636611
2020-11-25,220.25009155273438,226.50410096596067,218.98116651621604,222.47071728176425,74767232
2020-11-26,222.47073364257812,223.1958396440192,217.66692194205854,221.15648679447995,64248318
2020-11-27,221.38308715820312,223.19584529255894,219.38905597646112,222.47073927276722,54355703
2020-12-01,224.82733154296875,225.64306717555135,221.38308830382,222.06287260772118,37003272
2020-12-02,223.830322265625,227.3652091530571,221.24715005622048,225.0992613394139,56723083
2020-12-03,232.30494689941406,234.75218147707943,224.7820116073965,225.96030717622665,79266442
2020-12-04,238.8308563232422,239.6012839725121,229.8123884235749,232.93939307428175,79252024
2020-12-07,244.3598175048828,246.036624417359,238.377709750898,239.10280198632222,76053084
2020-12-08,246.44447326660156,248.07597225288637,240.41705774680153,245.58342971262738,65617502
2020-12-09,245.03961181640625,249.16362593657442,243.9972813128964,246.62577534885506,48495641
2020-12-10,244.31446838378906,245.62872910556263,240.68895208702799,243.8159709571821,38676657
2020-12-11,246.94297790527344,250.3872071567162,244.76764610384342,244.76764610384342,50255223
2020-12-14,248.52915954589844,250.296582189351,246.8523526837807,248.34787266223898,31946501
2020-12-15,245.3114776611328,248.39316081500132,243.04553009792173,248.39316081500132,34890948
2020-12-16,244.17852783203125,248.03063906735994,243.36279216135483,247.2602112881951,24844177
2020-12-17,242.63768005371094,246.67105018510773,241.73130101377998,244.72234078135483,25904699
2020-12-18,246.03659057617188,246.48978007610182,240.1904349628786,242.63766932669716,29816205
2020-12-21,230.854736328125,243.81595923177417,227.5464583985285,243.31746182914057,55160758
2020-12-22,233.34730529785156,234.48027914827713,225.0086066945215,230.945392436801,51189571
2020-12-23,238.37770080566406,239.19343645502937,231.67050106794585,232.89411837224117,29056404
2020-12-24,241.8672637939453,243.68002195967023,239.87321874745012,240.1904569585509,28585509
2020-12-28,249.43553161621094,250.16062380943194,242.9095912352455,243.5893755390755,36870242
2020-12-29,251.88275146484375,253.69550970159756,248.98235488233496,250.43253934334157,45032526
2020-12-30,250.97634887695312,252.60784773376278,246.9882866611289,251.97337134603242,30971894
2020-12-31,249.2089385986328,251.29359941415575,247.0789422329063,249.25424648834206,29467966
2021-01-01,253.24229431152344,253.78612725917736,248.71039918189527,249.1635886948581,24531791
2021-01-04,254.73782348632812,257.3210093367652,251.74678365560752,255.46294332987725,31450608
2021-01-05,255.37232971191406,256.00680619154616,251.06702867861648,252.0187157375677,27393072
2021-01-06,258.3633117675781,262.07947103975795,255.0550340920426,256.5052459617336,40765708
2021-01-07,260.7652587890625,264.4813906949815,260.1307824019338,261.94354046745246,30546600
2021-01-08,259.22442626953125,264.11886794671705,258.499334043465,262.9405861642355,32543357
2021-01-11,256.0521240234375,261.2184965281096,253.4236298752965,261.0372096238938,29703173
2021-01-12,265.11590576171875,266.33952316656456,251.88276442065836,253.78616619925214,44307145
2021-01-13,278.0771484375,279.1648146236102,266.9286945021208,268.2882634045085,78042133
2021-01-14,278.4849853515625,280.2977435963245,275.3579663151498,277.98648789845123,40123498
2021-01-15,275.4032897949219,281.7932512633978,273.0920065378709,278.077091492439,35307601
2021-01-18,266.8833312988281,279.75389764473476,264.8439783678452,275.08605091258386,54969750
2021-01-19,270.6448059082031,274.1796788806815,268.65076081578195,269.7837346954542,35803901
2021-01-20,274.2249755859375,276.17371270788016,269.0586315016661,270.826054085564,33759304
2021-01-21,267.2458801269531,276.5815736865538,264.20950464439545,275.5392432655102,29995203
2021-01-22,257.1397399902344,270.1009489600251,255.96143066357627,267.8350014016356,44440810
2021-01-25,254.64718627929688,261.0371470437761,251.11228611801926,257.86482060400795,34034630
2021-01-27,249.84336853027344,258.1820664849975,247.16956704754102,253.96740962134038,39211107
2021-01-28,255.91610717773438,256.8224861458436,244.2691319054328,246.4444358967967,48717297
2021-01-29,255.68954467773438,263.43907476807465,252.97040743052804,258.86187146614174,42300984
2021-02-01,281.6119689941406,284.51236522493195,256.27866464335887,258.40866084534906,103414068
2021-02-02,301.91485595703125,305.81227466415584,285.50939022471874,285.50939022471874,121434166
2021-02-03,304.498046875,308.07822745522657,295.2982775714913,302.5040019403347,66420168
2021-02-04,321.8551940917969,324.4836877059195,300.10209770927713,303.0931373976766,145203439
2021-02-05,356.297607421875,370.1198878309798,349.0918829640788,350.7686897261344,214955688
2021-02-08,359.8778076171875,369.62138286167783,357.7931467686107,360.7388788192706,79389205
2021-02-09,357.8384094238281,365.7239175960434,352.5814224160121,359.6058594949944,63869990
2021-02-10,355.5271911621094,360.6482273892608,351.6750801042662,357.1586624282923,54163507
2021-02-11,353.623779296875,359.78717340653003,351.9016646414175,355.11929919081194,36392708
2021-02-12,356.3429260253906,361.9624873265371,349.4544395576771,354.39421655596686,53589755
2021-02-15,368.8509521484375,371.11689969165064,358.6541882039782,360.28565937089473,56608937
2021-02-16,364.6816101074219,376.82708363909694,362.8235164901756,373.42816225930954,80365431
2021-02-17,373.2015686035156,376.01134915120844,362.6875662388711,365.27075202724177,74161370
2021-02-18,376.3285827636719,387.65832059181116,374.96901422429517,385.25639404385146,67154539
2021-02-19,362.1437072753906,376.147273459964,358.01969401611035,376.147273459964,66155518
2021-02-22,353.0346374511719,363.4579964516558,349.5450726015199,363.0954503663463,52535049
2021-02-23,358.56353759765625,362.2796970262885,352.5814306711375,355.30056766860133,45462768
2021-02-24,368.2165222167969,372.0686335261418,358.2010438766984,359.832515249399,39632090
2021-02-25,369.12286376953125,376.056657888352,368.4883873777989,372.5217851670408,46988836
2021-02-26,353.623779296875,363.45799747896564,350.76869083381473,362.0984289098423,64450414
2021-03-01,357.9743957519531,360.46693799246793,354.39418765138055,358.11034706933737,29677890
2021-03-02,357.29461669921875,362.14372227287305,353.9863111853155,358.01970884280473,30534337
2021-03-03,367.1288146972656,370.61837949163214,358.9260955475602,359.3792850621404,46268223
2021-03-04,358.60888671875,365.72396821235327,357.5212483909954,361.37335958034487,43603653
2021-03-05,347.7322998046875,358.0197070455635,342.7019073901429,358.0197070455635,72179228
2021-03-08,353.12530517578125,356.56953471385725,349.9076427536754,352.0829747361394,39147858
2021-03-09,351.3125305175781,357.9290866164198,346.46339699612867,356.6148535707426,28054083
2021-03-10,351.4031677246094,356.2069656114055,349.59040962989485,354.4848509535254,22677399
2021-03-12,345.42108154296875,356.3882742168456,342.1581112414152,355.02870556290617,35336355
2021-03-15,347.9588928222656,349.86229425575544,334.7710894268219,346.6899677534364,42722585
2021-03-16,343.1097717285156,351.5391133280401,340.88915969492854,349.4997605046783,38196452
2021-03-17,333.6834411621094,344.1068002195137,331.7800396282238,342.7925671955283,33143064
2021-03-18,332.73175048828125,339.89213935867195,327.2934762585425,336.7198127246577,39405038
2021-03-19,336.402587890625,337.98875127063246,323.8039242900932,329.8766751520337,60309145
2021-03-22,332.64111328125,337.89810073757366,329.4687865878321,337.17300855756133,28461974
2021-03-23,337.8074951171875,342.56598530038633,332.6864311725875,334.1819787871313,41032380
2021-03-24,326.1604919433594,334.4991622304421,325.0728260682871,334.00066483965446,42318999
2021-03-25,321.94586181640625,327.0668981107431,312.88207097315717,326.29647035696803,57495003
2021-03-26,323.7585754394531,328.1091833814193,321.356649068075,326.29642546218497,40718848
2021-03-30,327.02154541015625,330.1938720389263,322.9428397445948,326.3870966806981,39405124
2021-03-31,330.19390869140625,333.41157122548157,324.4384232972995,326.56839214179763,38651025
2021-04-01,335.94940185546875,337.0823757101415,329.10625083744304,333.27560015473773,31883453
2021-04-05,320.4503173828125,334.6351723218312,316.3716114628251,333.09431679897136,51743981
2021-04-06,317.7311706542969,323.5773266966268,316.5981968213255,322.39904497453415,44147709
2021-04-07,324.9822082519531,329.1968931047109,315.0573739166869,318.3656520284423,48023602
2021-04-08,322.30841064453125,329.2875130565745,321.1301012286445,327.20285220919027,33370259
2021-04-09,319.9518127441406,330.3751720828308,318.3203414770651,321.2207379141432,46473100
2021-04-12,298.0627746582031,311.7944125874405,292.35256969184536,311.7944125874405,75501713
2021-04-13,309.0752868652344,310.20826079069343,299.55830589137815,300.91787460192904,49773360
2021-04-15,310.61614990234375,315.0120667099398,304.63404190064483,310.07231687300805,52992349
2021-04-16,308.0782165527344,313.1539444845829,306.9452428027902,310.88799698469444,37766793
2021-04-19,300.1474304199219,300.96316606963427,291.2195908424435,296.521914056316,53304377
2021-04-20,298.65191650390625,308.07825370819756,296.1140660621531,303.7276450479078,41296147
2021-04-22,305.13250732421875,306.03888639107254,293.0323412496223,295.47957579432506,49105833
2021-04-23,304.9512939453125,308.0782855996893,300.60065717416046,300.60065717416046,44223940
2021-04-26,312.0662536621094,314.9213694120169,307.4890511426055,307.4890511426055,49234985
2021-04-27,319.9971008300781,321.71924309046227,310.34416983286343,311.794381791901,46003023
2021-04-28,329.37811279296875,330.1938483354235,322.7162218186877,323.57729290602344,56696255
2021-04-29,325.7526550292969,335.3149714834763,322.21778194094685,330.82838370870775,63692926
2021-04-30,320.405029296875,328.562441641067,317.64058395554184,320.3597214036059,53832840
2021-05-03,317.7765197753906,319.49863454295576,309.4378209443977,316.87014067030424,43691860
2021-05-04,318.59222412109375,328.92493937130104,317.4139424645015,321.7645506770648,57749307
2021-05-05,322.1271057128906,323.985199343661,315.419906340057,323.12412819031704,40872501
2021-05-06,322.2630920410156,325.70734936801176,317.73119634272825,324.48373199737495,36294427
2021-05-07,324.7102966308594,328.1092180889633,319.9518065895139,324.0305123392386,38357618
2021-05-10,327.8373107910156,332.6411086528679,325.2087894389335,326.7496448756373,41739324
2021-05-11,330.5111389160156,332.09730236804967,321.5379912051795,323.4413928797194,41892770
2021-05-12,333.2756042480469,338.5325919340973,328.01858890150163,328.834324554786,53436590
2021-05-14,326.7043151855469,337.6261708564378,325.8885519732053,335.36022340102545,51722170
2021-05-17,347.23382568359375,349.13722725411105,329.6047417873769,330.2845260868121,106555796
2021-05-18,346.4634094238281,355.7991030478327,344.4693643485578,353.4878474173786,70917710
2021-05-19,348.412109375,353.03464816939385,345.5117129439741,346.236805136607,48189573
2021-05-20,348.5480651855469,351.4937972043004,346.2368095888765,350.76870500234344,42898608
2021-05-21,363.6392822265625,366.53967856077395,342.61127741618657,353.4878259055893,192810772
2021-05-24,373.4734802246094,379.95411262533776,367.355421575903,377.9600676311915,142964052
2021-05-25,373.7453918457031,376.60048020686975,370.25582711072514,376.23793413347425,56048127
2021-05-26,374.8330383300781,379.5462203696114,372.3404959873523,375.0596330885077,52357719
2021-05-27,385.392333984375,388.927206296559,373.4281209856862,374.96897623841534,73392997
2021-05-28,382.53729248046875,393.05129569321736,380.7245342596671,390.19620702755384,65137568
2021-05-31,384.6219177246094,386.11743747851955,378.8664057887821,381.58554267243363,38291043
2021-06-01,392.0542297363281,394.59210756078545,385.75491221272136,386.16276617095207,59299647
2021-06-02,396.314208984375,396.94868533453854,388.9725337146588,390.4680534994827,38657806
2021-06-03,402.1686096191406,404.2725449742927,396.54291980030337,399.74453506974066,38909199
2021-06-04,396.6344299316406,404.2268212608921,394.94214186450716,400.20193877410975,36898769
2021-06-07,395.39947509765625,400.1104175694343,394.07308049836104,398.00651018696846,20201197
2021-06-08,390.7799987792969,395.62814757163096,387.8527966945006,395.3994607811271,31113823
2021-06-09,385.5202331542969,395.4452183161297,382.54730464211076,391.0544427567875,27784834
2021-06-10,395.39947509765625,396.35994848620174,386.38920964239014,388.6760776302308,27397712
2021-06-11,392.97540283203125,398.3724057306271,388.99624692755265,397.77782563360597,26831924
2021-06-14,393.6614990234375,395.5824739018937,381.1752041872797,390.5970900406469,30106015
2021-06-15,392.8839111328125,395.9025656398954,391.5117903721624,392.6094981470298,16413658
2021-06-16,389.6365661621094,395.85683571878405,388.76754518886935,391.5117866843202,19701175
2021-06-17,384.4225158691406,389.636586144243,381.0836941282875,385.1085762781873,23048331
2021-06-18,377.69915771484375,387.76137809817675,368.3229978121925,387.76137809817675,45748727
2021-06-21,383.9651184082031,385.1085523522419,366.3562356700068,371.7075121112816,33128978
2021-06-22,382.95892333984375,389.17922127096506,381.72400899267575,386.93807938477613,28442965
2021-06-23,383.141845703125,388.5388482534306,379.6200636260711,385.2000267709772,27564829
2021-06-24,381.632568359375,386.7094044902972,380.80927349198566,384.51401664762466,19214547
2021-06-25,392.2436218261719,394.25607700507544,383.3248358614399,385.1086042207349,29886797
2021-06-28,390.36834716796875,396.2227233583746,388.35589226695373,393.98160958519685,29370660
2021-06-29,385.56597900390625,392.3808574148079,384.6969579204669,391.0544626907946,22275961
2021-06-30,383.4620361328125,388.6760784059744,382.63874132285144,386.93806431492044,18337773
2021-07-01,384.5597229003906,387.5784054538985,381.58679445707094,384.4682425958838,16161469
2021-07-02,388.21868896484375,389.13343612447625,383.279059886002,384.4682200271771,16423811
2021-07-05,395.765380859375,397.457668806859,388.08150976135767,390.1396910152482,16483761
2021-07-06,393.11260986328125,399.2871534736993,391.6947628672366,394.8963780726386,20195278
2021-07-07,395.94830322265625,397.0002568454096,391.1001266545169,392.7466882480965,14473774
2021-07-08,388.26446533203125,398.2809305547424,386.1148038004786,395.90258222017076,21433043
2021-07-09,387.6241455078125,391.054447680448,385.1543167771667,388.76757956535766,16844494
2021-07-12,391.0086669921875,393.56994775779157,388.4016321211357,390.1396460632147,12886781
2021-07-13,392.5180969238281,394.9878980410476,391.7862822878612,393.34136396290126,12831125
2021-07-14,394.3017883300781,395.4452223849918,390.04821922897344,392.4265676463679,12767351
2021-07-15,394.8963928222656,396.0398268669029,393.02114423953844,395.8111400579754,11030732
2021-07-16,393.34130859375,395.62817666696947,391.0087143254142,395.1708030523256,8713863
2021-07-19,391.4203186035156,392.8381935032809,383.1418676668262,387.3039562318398,14426686
2021-07-20,385.01708984375,390.59705333166187,383.18759544875394,390.59705333166187,14623321
2021-07-22,386.06903076171875,390.32262742201783,385.01707710258154,389.2706458470125,11799761
2021-07-23,392.3351135253906,393.2956149451495,383.7364944416952,386.84662969547367,17704661
2021-07-26,387.2124938964844,391.3288564591651,386.29774666033313,391.3288564591651,14037519
2021-07-27,393.29559326171875,396.31424803539767,387.8528359307758,387.9900424357847,24119619
2021-07-28,389.2249450683594,393.7986812031227,385.15430874207203,393.34130758964636,17636515
2021-07-29,403.9066162109375,405.78186472611054,389.22493477303783,389.6823083744162,35263606
2021-07-30,394.9878234863281,406.513643605453,393.98162391509084,403.8608823509872,35196813
2021-08-02,397.82354736328125,399.4701090548665,394.9878254909973,397.6863408679497,16926025
2021-08-03,408.43463134765625,409.7152718650125,396.63439786165935,397.8693121846302,40922962
2021-08-04,417.9937744140625,427.5986207081888,403.8609179863568,410.4013553558495,129761158
2021-08-05,404.1810607910156,423.07058511627656,401.0251717465032,421.6984642996832,58595639
2021-08-06,398.5096435546875,408.8920306774342,397.00031613871687,405.87337584549294,38236066
2021-08-09,396.4514465332031,404.1353177330876,394.256058749789,400.5678090955559,22196404
2021-08-10,390.0939636230469,399.19568172390404,385.74891432261467,397.3661872816168,27794251
2021-08-11,391.5575256347656,395.9940551134782,387.0752699626527,393.15833322593943,23827946
2021-08-12,390.7342834472656,393.75296613100426,388.7675824369353,393.34131870089925,16847144
2021-08-13,394.43902587890625,395.3994993263061,388.7675817551882,391.14593019145286,20908992
2021-08-16,388.63037109375,397.00030276942437,387.8528303553823,393.34131380380757,17608693
2021-08-17,385.56597900390625,389.5451352600746,379.84880849673084,388.63038797892654,22957877
2021-08-18,383.91943359375,388.1730027408294,382.36435209591116,386.1605476160816,17668574
2021-08-20,372.0277099609375,381.7697623865227,370.60983500356787,379.6201008108056,25541790
2021-08-23,374.5889587402344,377.7905737722022,367.0422947363102,376.0525597665932,26559937
2021-08-24,381.9984436035156,383.0503973204456,373.3998253423619,374.5889855587402,19012313
2021-08-25,380.7635498046875,385.3830123356692,378.9797814680828,383.27910478838214,16410980
2021-08-26,375.732421875,380.3518841851432,375.04636145769933,379.16272396150333,15897679
2021-08-27,377.2875061035156,379.02552025699,372.7594961495837,375.36653133773024,15090541
2021-08-30,386.66363525390625,387.2124612165811,378.2479502252323,379.07121708511244,20308691
2021-08-31,389.7280578613281,390.5970789222341,383.00468785192083,387.7156306445066,26262421
2021-09-01,393.24981689453125,395.67389139874035,388.9047676812977,391.0544291910187,18776721
2021-09-02,393.11260986328125,396.54291186906903,391.2831154601944,394.62193716265404,14372717
2021-09-03,394.6219482421875,397.27470961796934,391.6947738645858,394.48474174127756,14233624
2021-09-06,394.3017883300781,396.863097362607,393.3870410861472,395.1708093781607,10694099
2021-09-07,392.5180969238281,394.8964456379414,388.85910749161513,394.30183752250764,14928735
2021-09-08,394.5762023925781,398.28091731195707,390.91721366593475,392.42654093250144,22817464
2021-09-09,395.4452209472656,396.8173418081734,393.3413134602219,393.5700002703732,9662128
2021-09-13,395.94830322265625,396.81729625194504,392.2435605740025,393.4327485997879,9567921
2021-09-14,396.0855712890625,399.5158735808269,395.39951083070963,397.91506584467015,9981562
2021-09-15,406.01055908203125,407.062512801603,394.66769913994705,396.0855461642564,22181568
2021-09-16,424.1683044433594,426.36369222629446,405.00433868534986,406.92531346386943,42637448
2021-09-17,415.38671875,431.66920812179234,411.9564166703356,428.10169954211534,41529478
2021-09-20,400.1562194824219,414.83790255192383,398.5096575849526,411.0874330206504,18376916
2021-09-21,401.39105224609375,403.7236743094292,395.7653626606565,402.62596652481625,17279588
2021-09-22,401.43682861328125,405.05006343256156,398.9212737236087,401.4825548085636,14321143
2021-09-23,411.4532775878906,412.6881918856447,404.3639868190037,404.68415392077236,20516770
2021-09-24,403.1748352050781,413.37426107405764,402.4887747934983,412.64247446805365,10731274
2021-09-27,408.526123046875,412.1393578960577,404.5469669689246,406.97104157222344,11746892
2021-09-28,406.9710388183594,416.9417780856612,402.1228896445678,410.9044686740325,19241170
2021-09-29,420.7837219238281,422.88762936709935,401.6655105761151,404.18106543544235,38635938
2021-09-30,414.3804626464844,425.2659482454149,412.9168616102548,420.7379665620436,26530369
2021-10-01,413.14556884765625,416.71307735787383,405.96479771752786,410.26412074001394,14777309
2021-10-04,423.6651611328125,424.8085951356085,413.0998421133248,415.11226920872434,16246765
2021-10-05,425.0830078125,429.01640935452076,419.5945249636149,422.61317936415475,16487568
2021-10-06,418.2224426269531,430.84594317135833,414.9750732272012,425.35745981885697,19056690
2021-10-07,418.86273193359375,424.4426953653202,418.1309453493114,422.70468129074806,9984651
2021-10-08,418.9542541503906,424.4427378292167,415.5239518511243,422.5217629584533,16521128
2021-10-11,429.2451477050781,434.45921820423183,419.5488212573886,420.7837356299114,20686981
2021-10-12,441.8229064941406,443.1035470167468,428.19317852294046,429.93119265475383,33763609
2021-10-13,440.63372802734375,444.70433623117833,437.2491522930377,444.70433623117833,17638983
2021-10-14,448.7749938964844,451.7936485708089,440.908162183073,440.908162183073,23431826
2021-10-18,455.4983825683594,458.28835038137936,449.7812125286715,451.88511993692896,20084248
2021-10-19,446.57958984375,461.2155449007726,442.0515800816361,457.69376263200274,20645100
2021-10-20,457.2821044921875,464.2341885642044,441.9143632095128,447.1284053266244,34080545
2021-10-21,460.0721435546875,463.31948514702015,449.8269631215146,461.8558839542996,20808243
2021-10-22,460.0721435546875,465.3319402764947,457.37362798323807,461.581470943858,24080485
2021-10-25,463.3194580078125,471.5064566355026,455.4069002903594,463.3194580078125,35619415
2021-10-26,468.8536682128906,474.0220122478447,464.3256863029112,464.3256863029112,21107457
2021-10-27,474.89105224609375,481.9345613326672,469.03664757410104,469.9056686189385,29463032
2021-10-28,458.6085510253906,476.1716819222038,455.1782487507156,475.3026608462709,28140401
2021-10-29,459.3403625488281,468.94523735384973,446.76258686065717,458.7457823721983,31355893
2021-11-01,471.7351379394531,472.87857192911065,458.28834305473316,465.14894699267825,20679604
2021-11-02,477.2236328125,480.2422874529996,468.39629986281113,470.91185470185064,26797820
2021-11-03,482.6663818359375,496.0673948008811,471.27776804319853,479.3275322272319,80775924
2021-11-04,485.2276611328125,490.21304451580113,483.0322455304038,486.18813452196457,9796046
2021-11-08,478.6415100097656,488.8866906211392,472.4212397273489,488.8866906211392,36802110
2021-11-09,484.03851318359375,486.64552042460116,477.68100884628535,481.3857239162526,25451967
2021-11-10,479.6935119628906,483.4439536032738,477.0407224297206,480.7454378709274,15805538
2021-11-11,466.15521240234375,478.27558576267745,463.8683442370221,478.27558576267745,23086898
2021-11-12,467.7559814453125,469.2653087264636,459.8434238306619,468.35056153596366,19836221
2021-11-15,463.3652038574219,471.91812406157396,462.40473042052264,468.71650871741605,13328183
2021-11-16,452.891357421875,464.142737141441,451.4277562763057,464.142737141441,19553216
2021-11-17,455.68133544921875,462.3132529890859,449.1408982172135,451.7479334539905,20488483
2021-11-18,460.8496398925781,463.04505556100526,450.33004682553235,456.5503446929596,22471070
2021-11-22,444.9330139160156,462.86206387045587,436.7917697591753,462.86206387045587,28800269
2021-11-23,451.01611328125,453.16577486777436,439.078673024738,443.8810960109461,20000371
2021-11-24,451.1075744628906,457.3735983433686,447.35710537330124,453.5316489509367,13963769
2021-11-25,448.7292175292969,453.2115010394632,444.84154201822463,448.22611774715256,12894211
2021-11-26,430.3885803222656,446.3051768594048,427.27844526124056,444.7958494828941,26305817
2021-11-29,425.44891357421875,437.02045967044035,415.56962740671617,429.93116911587015,22407465
2021-11-30,421.286865234375,436.56315657853776,418.95427074483035,428.10174390519785,23026652
2021-12-01,434.77935791015625,436.56312621872877,424.4427251241281,424.85437255406663,17156956
2021-12-02,436.3344421386719,437.3863959023729,430.8002323931985,434.047573993291,12962679
2021-12-03,432.81268310546875,440.4508287088275,429.9769608680941,435.19103168894014,16653993
2021-12-06,425.6318664550781,436.33441999875384,424.259745637472,432.81263765039085,14353300
2021-12-07,436.0600280761719,438.8042698440122,429.1994236565711,429.1994236565711,13644942
2021-12-08,449.64398193359375,450.4215226487684,439.30734958040273,439.9019296864058,20397660
2021-12-09,446.9912109375,451.42774041328664,444.65861675824704,450.3300326137153,12560970
2021-12-10,452.5254821777344,453.66891625649777,443.1035686192017,446.85403798071974,13261408
2021-12-13,446.2137145996094,457.785290091264,444.88734778545745,455.31546125462404,14047645
2021-12-14,446.8997497558594,448.54631152566594,440.72520592979265,444.5671554768045,11642447
2021-12-15,443.4694519042969,449.14089597295117,442.2802916556454,448.22614873064373,8639835
2021-12-16,440.1306457519531,448.7292645531708,437.47788423781503,446.716837297836,11107781
2021-12-17,427.9187316894531,440.359299271,426.7295714883093,439.1243849600465,12648603
2021-12-20,410.9045104980469,424.44275977272423,405.23306590370004,419.86902313724227,22336114
2021-12-21,407.9772644042969,419.18291796697093,406.60514355988784,418.08521012509567,16617447
2021-12-22,416.9875183105469,418.31388500613815,410.72149438321924,411.6362415867453,13102553
2021-12-23,422.4302673339844,425.3574696895943,418.72555215142324,421.69848070301714,14471377
2021-12-24,417.9937744140625,424.07683815050154,413.64872490005297,423.1620908843943,13221159
2021-12-27,418.99993896484375,421.2410807453631,412.13933504390945,415.0208110233969,8856482
2021-12-28,421.8814392089844,423.4364927709809,419.91471030583773,421.8814392089844,8832210
2021-12-29,415.6611633300781,422.7504548333301,412.9169214578515,421.69850103215094,11757303
2021-12-30,413.19134521484375,416.11851967398894,410.2641428398278,414.1518186638395,28879190
2021-12-31,421.19537353515625,422.06436665478475,414.4719758064491,415.5239295385626,10005842
2022-01-03,430.6629943847656,431.76070225175397,420.8752155535809,422.6132297464202,13124509
2022-01-04,442.2802734375,443.37798124940093,430.8916595735372,432.2180541865951,23296671
2022-01-05,450.4215393066406,452.7998877344807,438.30113827132374,440.81669320318196,24694169
2022-01-06,449.78125,452.2510509133829,444.0183253703631,446.1222608697689,18190843
2022-01-07,449.3695983886719,459.1574053876083,447.7230644616879,451.38205355798243,22746330
2022-01-10,460.7124328613281,461.90162099966733,450.513006917338,451.2905476393541,15832274
2022-01-11,462.8163757324219,464.50863578819735,456.6875580780953,460.11786021688926,16107950
2022-01-12,466.749755859375,469.72268424064487,465.14894826946045,466.4295887582183,14489616
2022-01-13,467.7559814453125,469.12807431519354,463.776825583464,466.5210671549638,10450974
2022-01-14,465.0118103027344,466.8413049608225,462.08460768344406,465.6063904834384,8724574
2022-01-17,470.1800842285156,474.6623680645578,464.2799533281715,464.691600755031,17422211
2022-01-18,463.5938720703125,473.3359521308501,461.9473382685742,470.1800631090042,12592506
2022-01-19,471.8266296386719,473.51894558341195,457.64804698555474,461.9473703112355,16079457
2022-01-20,467.8017578125,474.8910772151072,464.6916226143969,472.009600923285,17724642
2022-01-21,459.84344482421875,464.23422037272604,455.5441216662415,462.2217652954026,16947941
2022-01-24,452.0223388671875,463.5938857626072,446.39664897657883,459.56900352713996,20233933
2022-01-25,470.77471923828125,473.38172670482754,447.31142871238774,448.2261760103681,21791739
2022-01-27,483.8555603027344,485.59354654725604,460.3008190412504,460.6209582402638,35409230
2022-01-28,478.824462890625,490.6704510363016,476.94924217993685,488.47503528658655,24715250
2022-01-31,492.4084167480469,494.78679301613647,482.1175105358289,483.9012787789612,28674232
2022-02-01,486.9199523925781,497.57678023994976,475.6685723288404,497.57678023994976,32245356
2022-02-02,493.780517578125,497.8511537035552,486.05089272542926,490.8990974544457,21661864
2022-02-03,494.054931640625,498.2628021851724,491.35647211378875,491.35647211378875,22717677
2022-02-04,485.0904235839844,499.81788683878847,482.3461820145878,495.9302112821434,25332894
2022-02-07,487.78900146484375,502.19627155030327,480.47102300873735,486.5541149330737,52289545
2022-02-08,486.0509033203125,491.8138553567655,474.75379771132225,489.8471265402949,26567546
2022-02-09,489.618408203125,490.76184213167033,482.7578046318528,489.3439952266211,14856155
2022-02-10,494.4666442871094,497.57680745514483,488.8409818634131,491.3107549201972,18659370
2022-02-11,484.4501037597656,491.85958971603907,482.1632357174107,490.5331950851254,14607095
2022-02-14,458.65423583984375,471.6436291984334,457.0991823651546,471.0948032167013,26153332
2022-02-15,480.0593566894531,481.93457742879133,454.72087403042843,459.203130075481,23842951
2022-02-16,472.64990234375,482.9865348203373,470.18007366979805,481.6144139827795,19773807
2022-02-17,469.2196044921875,475.6685613206677,467.5730427227092,475.6685613206677,16408356
2022-02-18,471.3692321777344,476.49185011832066,466.61256337439534,466.61256337439534,15111223
2022-02-21,468.21337890625,473.3816952128393,461.6271876325928,467.9389379855899,16866932
2022-02-22,455.9100036621094,462.2217538249075,453.2572423375559,458.1968716860123,27108772
2022-02-23,456.18450927734375,462.26757350054186,454.85811446900334,460.11791167000234,13899433
2022-02-24,432.35528564453125,446.35093543284336,428.1017164806223,439.07868356986904,32356037
2022-02-25,441.77716064453125,449.96413113557287,438.43831111317127,439.0786453039202,21792287
2022-02-28,442.005859375,443.92680616738363,432.7669070473986,436.2429352502415,18069367
2022-03-02,433.8188781738281,438.8957141848437,427.18696068988453,437.24918032069553,22003848
2022-03-03,427.5528259277344,442.18878079331955,424.99154499260436,439.07864596755644,20358590
2022-03-04,422.5675048828125,430.7544760513815,418.63407494359245,421.0581495819761,20684268
2022-03-07,402.76318359375,415.2495052870526,396.49718756599424,409.34937464261577,33720472
2022-03-08,402.76318359375,404.4097453139011,388.7675625097468,400.65927618651557,42510207
2022-03-09,413.19134521484375,415.56966573918965,401.16239650902844,404.3182856972216,32331325
2022-03-10,428.74200439453125,436.014227555751,422.2930201769954,429.839684235311,34553299
2022-03-11,430.2513427734375,434.3219509851084,422.6131982181394,426.6380802370432,22091309
2022-03-14,443.78961181640625,444.56715254291663,430.4342967123957,430.8459441310982,27750689
2022-03-15,444.4299621582031,448.68353133693876,439.67326523660074,447.3114104460001,27204899
2022-03-16,450.74169921875,452.15954626404897,447.6772904039518,450.97038602708017,16211288
2022-03-17,459.11163330078125,460.5752344651753,455.8185376598621,456.458871892994,22947673
2022-03-21,448.7749938964844,459.20310667199715,447.31139275419645,459.20310667199715,19064060
2022-03-22,451.6107177734375,453.53166462015184,436.56311470170846,448.7749957825625,26157969
2022-03-23,448.8207092285156,459.5689888556171,447.4943425346927,456.00148034979554,15800195
2022-03-24,445.5733642578125,452.6169009096352,442.28026877271157,443.65238956518124,18174877
2022-03-25,448.86651611328125,451.244836786212,445.11604655969217,449.82698962228227,11541196
2022-03-28,455.08673095703125,456.092958457899,440.8624231959782,449.0951479771104,16738684
2022-03-29,452.7998962402344,458.6542731539036,449.7812414316479,457.37363256589333,14301429
2022-03-30,452.1595458984375,457.7395096003556,450.3300514332755,456.7332820613425,16461225
2022-03-31,451.4734802246094,455.1324691123894,450.2385938076794,452.15954064106813,10240982
2022-04-01,464.87457275390625,466.29241985292714,449.1409085782977,449.1409085782977,18527226
2022-04-04,468.71649169921875,471.0033597191569,462.86208723548157,465.8807418554522,16257176
2022-04-05,465.9721984863281,472.37545653271536,464.4171450612942,470.54596220970984,13602384
2022-04-06,470.1343688964844,471.2778029798829,462.8621169597213,463.7768642264401,13738275
2022-04-07,471.049072265625,475.5770819802615,466.56678874371477,466.56678874371477,19620958
2022-04-08,472.10101318359375,475.21117603315696,468.6707111429309,475.21117603315696,13572638
2022-04-11,471.0033874511719,477.4980706774985,469.44830593970516,469.72271895190704,12370288
2022-04-12,469.1280822753906,472.6498925176163,461.3527589400779,469.03662988748397,14460680
2022-04-13,473.5646667480469,476.4918691407067,469.9514039117203,470.4545037373942,15440525
2022-04-18,466.0637512207031,471.09486139089717,461.0326410505091,468.35061947988225,14492183
2022-04-19,468.16766357421875,476.5376238199223,462.03887332733393,469.4940583442681,20362934
2022-04-20,465.8807373046875,469.90564731315845,463.7768299132433,468.35056590844295,11881305
2022-04-21,472.2839660644531,473.83904746379,468.53352489405654,469.6312326954554,10035638
2022-04-22,457.9224548339844,469.7226881547967,456.45885372783556,469.1738621663764,16760456
2022-04-25,452.5711975097656,456.6418338987888,448.2718743104798,452.79988432002824,14057444
2022-04-26,462.40472412109375,464.60011188686263,455.955767324922,456.45886713437346,12137213
2022-04-27,454.8580322265625,459.9348678754136,449.9184030706242,457.373586954814,12367342
2022-04-28,464.23419189453125,466.52105983489844,454.1719729569158,456.5960473905313,12154792
2022-04-29,453.9890441894531,468.80796064849517,451.88513670313483,464.78307837439434,12894773
2022-05-02,449.1408996582031,452.7998886574553,440.2678401686684,450.65022703722053,18590895
2022-05-04,438.7585144042969,454.12628500723224,436.79181339313544,450.05564856423587,14645323
2022-05-05,439.0786437988281,451.8851042429606,437.84372952997023,443.6523796717326,14130385
2022-05-06,442.6919250488281,444.6586259742756,430.8459374700862,430.8459374700862,16710020
2022-05-09,435.3282165527344,442.4632619483173,433.4072417186978,436.4259244338613,13544947
2022-05-10,434.6878967285156,441.41126656518384,433.13281526449146,436.3344305832364,10884328
2022-05-11,435.9227600097656,438.1639017802081,424.1225269019901,434.7335998351647,14771351
2022-05-12,423.207763671875,432.6754022644287,417.4448677890341,432.6754022644287,18947096
2022-05-13,406.7423400878906,436.3344178232267,402.26008435589927,429.4280875753913,61403008
2022-05-16,416.2099914550781,422.15584847586496,401.43682920968183,407.0625191154061,27940958
2022-05-17,427.46136474609375,429.6110262963001,417.261938826114,419.2286397659697,16880698
2022-05-18,418.9542541503906,428.650580899491,418.13098718174103,428.01024663727935,15644497
2022-05-19,409.349365234375,411.6362331965782,406.55939748683454,410.76721220459353,14201420
2022-05-20,422.9791259765625,424.44272717067,415.43246110768746,416.0727953538191,13596860
2022-05-23,421.60699462890625,431.2118405873068,420.32635408429354,423.61944971034774,13499415
2022-05-24,422.658935546875,427.0039847772349,420.9666755477461,422.9791026522859,17175179
2022-05-25,421.8692932128906,431.48468563956214,419.9647793082008,428.27954538016223,12728644
2022-05-26,435.61883544921875,436.7336742783001,420.3828654437724,424.4241207597808,17055257
2022-05-27,435.665283203125,441.28586018700094,434.3181887103641,437.9413722079097,10977001
2022-05-30,440.9142761230469,443.05101746267394,437.66269595746616,439.42783380561843,9365470
2022-05-31,434.8756103515625,442.58648881837377,431.99563378932805,440.3568396046054,15441579
2022-06-01,435.0614013671875,438.4987973480269,431.7169416957556,434.78270584507754,9424008
2022-06-02,436.50140380859375,438.82396099779396,433.0640078279661,433.7607749847262,9370989
2022-06-03,431.5311279296875,441.7503796137059,430.6021050493222,439.66007813288394,11306291
2022-06-06,430.7879333496094,432.5530712027392,424.0989570780838,431.25244480314507,10661432
2022-06-07,430.50921630859375,432.8782417701939,427.81505550557466,429.0692421203595,7672515
2022-06-08,437.84844970703125,441.79679674597133,430.3233874434492,433.4820594042959,17168871
2022-06-09,433.8072509765625,437.47687439087713,429.6266479604756,435.66529676149,12635601
2022-06-10,429.0692138671875,431.20595510609974,426.0498895700351,429.2085616259813,8621104
2022-06-13,414.2048645019531,421.82283525019136,410.72102863648564,421.77639544593,13426836
2022-06-14,416.295166015625,417.3635366773815,411.88230725275895,413.41518936323826,11351101
2022-06-15,419.31451416015625,423.12351392552915,416.7597010476115,417.08486475042326,9920926
2022-06-16,410.25653076171875,425.26024538178035,408.9094361752225,422.84478009816445,10780703
2022-06-17,409.6990966796875,415.78418530109855,406.2152608235677,408.77007378472223,14326050
2022-06-20,403.8462829589844,411.97523367594033,400.13019120266165,410.16362760412096,12368534
2022-06-21,418.7570495605469,422.6589568704408,406.54040475559736,408.30554249996754,13801891
2022-06-22,415.8770751953125,419.1751233400902,413.0900066314862,416.8990060056877,11066447
2022-06-23,419.36090087890625,424.0524831934855,414.3441832542056,417.1312517514312,12229833
2022-06-24,422.0086364746094,427.67568162206436,421.0331738068587,423.44861057491323,10833364
2022-06-27,428.4653625488281,431.85629038223016,425.5389178027619,427.30408395166796,9509175
2022-06-28,431.2988586425781,432.69239291929085,425.49246582294194,426.32858071866406,13261290
2022-06-29,426.514404296875,429.85889229141424,425.4924734719425,427.3505192076278,11800876
2022-06-30,432.8317565917969,435.9904287315172,426.0499008697052,426.4215043535202,16926328
2022-07-01,433.71435546875,435.52593315014667,427.86149406727816,430.4627752517755,9405495
2022-07-04,439.84588623046875,440.49618522424714,433.71432965875215,433.71432965875215,9186358
2022-07-05,438.63812255859375,445.93095742851125,437.56975197672665,441.425191042522,12003244
2022-07-06,445.884521484375,446.85998412157636,440.2639163155887,441.42519486060314,12059857
2022-07-07,452.201904296875,453.59543867067123,447.4174419504805,449.6470912782486,11497832
2022-07-08,453.8741149902344,455.12830154386137,450.71544288032334,454.29218662528615,9057231
2022-07-11,453.5489807128906,456.4289289555805,450.5760961604987,450.5760961604987,7704792
2022-07-12,450.5296630859375,456.475403927994,448.810965064402,450.57610288995386,7364457
2022-07-13,451.9696044921875,457.4973016431343,450.157998642307,453.1308830237707,8208853
2022-07-14,445.3271484375,454.19930610372376,442.958122948317,452.0625646992339,9385630
2022-07-15,445.0948486328125,450.0186583477251,441.0071538041928,448.29996042218977,6945602
2022-07-18,455.4999084472656,456.6147472480962,447.8819378133518,450.1580268670489,9934786
2022-07-19,462.60693359375,463.164324615414,453.36314501361966,453.36314501361966,11724183
2022-07-20,472.50103759765625,474.3590833386211,464.8830387190893,465.4404581116844,19280117
2022-07-21,475.7061462402344,476.9603611286514,470.78233640092463,473.61584479592835,13814893
2022-07-22,477.2390441894531,483.27769264870454,474.916487089741,477.0067884794819,14699129
2022-07-25,481.04803466796875,482.16287346167064,473.0119924472466,476.9603680284706,10229778
2022-07-26,477.7035827636719,483.8351111742268,476.6816235598744,480.95516288809955,8862656
2022-07-27,490.7098693847656,492.33565933474154,475.8919439286603,478.7254522151504,15101546
2022-07-28,494.65826416015625,499.34981855668167,491.9640750160222,495.35503134884004,12160734
2022-07-29,490.8492126464844,498.885283185348,489.3627987297617,497.07367724099106,11921058
2022-08-01,495.865966796875,497.0272454076405,489.03767124679666,491.49954787978527,8295631
2022-08-02,503.6233215332031,506.2246311712478,493.4040690219345,494.1473327488394,16845027
2022-08-03,502.46197509765625,507.61809716837826,496.70207891211163,503.4374944319357,24262125
2022-08-04,495.4014892578125,505.3884859939053,486.9938428810629,505.0633506418616,18072293
2022-08-05,493.3576354980469,504.3665916835939,491.45314975548587,497.53823885135444,21110734
2022-08-08,483.4635009765625,486.807960466485,477.3783561082888,486.807960466485,32566317
2022-08-10,478.1680603027344,486.3434498381033,476.96034196848444,484.5318439852017,16904151
2022-08-11,487.5047912597656,488.66606994309046,480.4906793530958,483.0919322631313,13862195
2022-08-12,493.0324401855469,494.05434264419563,487.8763746840825,488.3873259134069,12154012
2022-08-16,488.6195983886719,495.9588451685862,487.73701530607804,495.44789392173413,10721167
2022-08-17,490.6634826660156,492.8931036739318,487.1331501731273,491.31375335391226,12054183
2022-08-18,494.5653076171875,496.841425014399,488.8518509255149,489.45568177584016,9013662
2022-08-19,483.4170227050781,495.7730721102587,481.6983530946415,494.24016170944896,11087222
2022-08-22,475.0093994140625,482.9990304092793,473.80168097962803,482.16288711456264,9676954
2022-08-23,484.8570556640625,486.8079809982914,472.1758708824076,472.1758708824076,8597965
2022-08-24,482.44158935546875,485.87898548825365,475.9384289378439,482.16289382103946,11930650
2022-08-25,483.4635009765625,490.8027472747405,481.6983349272375,484.9034750151943,15473450
2022-08-26,486.6221618652344,491.91760349846345,485.13574797309,486.6221618652344,12855886
2022-08-29,478.30743408203125,480.3048560679867,472.6404168754124,475.0094140125052,9421339
2022-08-30,493.54339599609375,494.7046745749081,481.18740325812036,481.4196589738832,14835308
2022-09-01,495.4478759765625,502.5084836785202,485.1821847954132,485.1821847954132,16670228
2022-09-02,498.6065673828125,499.6749096222966,493.54338158639774,498.88526289297994,10017930
2022-09-05,500.65045166015625,502.4155611066096,498.23495815540304,498.88528551064644,7819994
2022-09-06,499.62847900390625,504.18071366483844,496.1910831071876,499.81429491511767,8657868
2022-09-07,495.0298767089844,499.30341647764595,493.82215816462514,496.46990770351687,8445359
2022-09-08,505.9923095703125,507.5251632256435,497.4917279520944,497.95623936941655,12240707
2022-09-09,514.0747680664062,517.4657241283614,509.10451853203244,510.63742890591453,18587927
2022-09-12,515.5148315429688,518.952170921536,512.1238752658808,515.5148315429688,9677415
2022-09-13,518.394775390625,520.2528211805555,514.4464280870226,520.2528211805555,16707275
2022-09-14,531.1688232421875,534.0487714434327,510.2658087726655,510.96257592164955,21632641
2022-09-15,531.5404663085938,537.4397389468393,527.5921190475323,531.9120414407419,12749947
2022-09-16,521.925048828125,533.2591394390437,520.5315144916118,528.7069045918777,14739280
2022-09-19,531.6334228515625,533.6308450244983,519.8348191645714,520.9032183181073,11194003
2022-09-20,533.3056030273438,536.928815145089,532.1907641678022,536.928815145089,8484017
2022-09-21,529.2643432617188,536.3248944309445,525.2695562395763,534.1881531589202,9392526
2022-09-22,527.0347290039062,533.2591943552861,522.1109185151059,526.5237777018439,11869435
2022-09-23,511.5199890136719,527.6850102482754,510.4980864989918,524.7121256104904,12563239
2022-09-26,504.7381286621094,510.0335705162779,495.16920416243374,507.0606859048975,16158750
2022-09-27,498.4207763671875,511.7987285538855,495.3550121961274,505.89939922928977,11066799
2022-09-28,487.5976257324219,501.486528839793,483.4170228594841,495.07630512312164,12233485
2022-09-29,484.71771240234375,497.67759358102506,482.6738506213195,491.45312862643,17310168
2022-09-30,492.93951416015625,498.7924036275781,479.5151789961069,486.8079858742602,17466950
2022-10-03,482.859619140625,493.9150135732144,481.69834059531325,490.1524257239612,9351162
2022-10-04,494.8905029296875,497.7704511963268,490.3382681050698,495.16919845499825,8745887
2022-10-06,499.1639709472656,503.34457381399824,496.65559788661494,496.65559788661494,9507322
2022-10-07,492.56793212890625,497.5846215553129,489.17697600581823,497.4917419504565,11065307
2022-10-10,493.0788879394531,496.0053326593176,485.1357537466073,488.38733378954294,9649292
2022-10-11,489.9666748046875,495.81950743142164,488.20150870474237,493.07887867753,10825440
2022-10-12,495.91241455078125,497.02725337559986,488.66604724404766,492.38213885807085,8522604
2022-10-13,484.4389953613281,495.912405324953,483.27771675355,495.16919835658643,12972765
2022-10-14,489.78082275390625,496.8878130251557,488.66598407320515,492.56789110413365,8545479
2022-10-17,505.0633239746094,506.0387866822973,486.99381716787735,489.03767889540234,13485349
2022-10-18,522.5288696289062,523.5043321992265,507.94320076295844,508.2683360520485,20440781
2022-10-19,514.1212768554688,523.4579453205156,512.4025505311012,523.039873690099,9540583
2022-10-20,515.9793701171875,517.2799682278867,506.5962042820574,512.8206693998048,11225588
2022-10-21,521.04248046875,525.6411552498403,517.6980206478074,517.6980206478074,11767639
2022-10-24,530.007568359375,531.8656141730801,525.7340856690766,526.7559881853911,3692065
2022-10-25,537.4862060546875,544.5932541668578,527.6850254611185,531.8656286557928,19899324
2022-10-27,538.508056640625,543.4783056434958,536.6035146515724,542.5028431021813,13613533
2022-10-28,530.23974609375,541.2951397403938,526.7559107054863,538.7867669202338,10043644
2022-10-31,533.0733032226562,536.4642593269455,528.0566138240613,534.1417021878584,9894639
2022-11-01,535.9533081054688,544.1751376967455,533.8165101750305,535.4423001724173,12069579
2022-11-02,533.1198120117188,537.8578632104039,529.4502166195515,535.0243544746663,10241440
2022-11-03,543.3855590820312,546.2190678064255,527.6850481717524,528.6140711438858,17557998
2022-11-04,551.7931518554688,554.5802205002109,539.2049031506616,544.4074086062908,25759031
2022-11-07,570.5594482421875,578.5025828570365,564.5672390755263,569.4910492043815,44265903
2022-11-09,571.8599853515625,576.9231710597669,567.2148712528526,576.9231710597669,18939854
2022-11-10,562.755615234375,571.4419565687384,559.4575953177317,569.5839107900034,11618405
2022-11-11,558.6213989257812,575.5760650447928,556.0201464234748,573.4393239430073,15525267
2022-11-14,550.4925537109375,561.0834383305436,549.6564670534292,561.0834383305436,12957268
2022-11-15,558.203369140625,559.3646477289204,550.5854269638519,552.1182806785682,10286417
2022-11-16,557.1814575195312,560.6652932272399,553.6976218118226,557.36727343122,11555749
2022-11-17,556.5311889648438,559.9685852334757,553.8370564214758,556.5776287719075,8167131
2022-11-18,559.9220581054688,562.7555663311978,554.76599285815,558.3427079901772,12933675
2022-11-21,555.6485595703125,559.3646510750879,553.0937466607794,559.3646510750879,7412419
2022-11-22,556.57763671875,558.0641074874408,553.8370643291884,555.6951102627553,8048595
2022-11-23,564.520751953125,566.3323011304334,558.342727379929,558.8536786018122,12435924
2022-11-24,566.10009765625,567.911703703776,562.8020776073517,566.4717295081228,8960032
2022-11-25,564.2885131835938,570.1413459163525,563.2201142032641,567.2149011984452,9994513
2022-11-28,565.4033203125,567.5401183678248,559.5969271253315,562.6162515826591,7934274
2022-11-29,565.3568725585938,568.3761969734692,564.0097780174993,564.0097780174993,6942919
2022-11-30,559.6898803710938,568.0046470072868,555.9273488125881,565.3104578057068,15606230
2022-12-01,564.9387817382812,566.518131949988,558.8536933108481,564.7065260219437,14209313
2022-12-02,564.4278564453125,566.3323420662039,561.3620921893583,564.3814166405217,7533838
2022-12-05,573.48583984375,574.1361672313877,564.4278663316044,565.3104494503227,11585602
2022-12-06,565.7285766601562,575.8084536976544,564.6601775110471,571.1168988097368,12996244
2022-12-07,563.9633178710938,569.39813564367,561.594320910099,567.4935934113071,7613892
2022-12-08,568.2368774414062,570.2342426474543,564.0562744063031,566.471711256473,10020015
2022-12-09,572.7426147460938,574.1361490885416,565.8678226421276,570.7916893478897,11202267
2022-12-12,569.5374755859375,574.7864776344798,567.6329899879643,571.1632656554611,9285187
2022-12-13,572.9749145507812,573.5788021601909,569.0265669434187,569.9555899098569,7455415
2022-12-14,581.1038208007812,582.2650994194879,573.6716376410591,574.6006605360243,14010673
2022-12-15,572.231689453125,584.8663787165883,570.6987789256705,581.1502869681508,10622271
2022-12-16,560.5259399414062,571.9064703833176,559.3646613248847,568.5620106489584,9435071
2022-12-19,561.5478515625,566.2394054350925,560.2007571408708,561.1297799553664,8322012
2022-12-20,561.5478515625,563.4523369916055,556.9956170902503,560.2007571408708,6753785
2022-12-21,551.2821655273438,565.9142749810452,547.7518334395638,562.8949508080592,9217253
2022-12-22,551.2821655273438,556.484670651883,545.8473479941371,554.6266250069685,8740149
2022-12-23,533.2590942382812,548.7737865436641,530.9365372076268,548.1234592344703,13047046
2022-12-26,554.7196044921875,558.9931442668269,530.1934315849046,533.2591961104321,13201587
2022-12-27,559.1788940429688,560.2936761363036,551.1892632547101,557.7853597232435,9638618
2022-12-28,558.3892211914062,563.9169189700275,556.0666638645115,558.2499017736284,7988631
2022-12-29,568.376220703125,574.1361742448994,554.7660687173757,557.413761402815,20130392
2022-12-30,570.141357421875,576.5051415202785,567.9581196143295,571.5813315569454,13052895
2023-01-02,568.7478637695312,575.2510244474183,567.8188408155474,571.3026768929869,6726084
2023-01-03,568.93359375,572.835444204816,566.70391631606,570.884518977408,6818062
2023-01-04,562.2446899414062,571.3026635308936,561.1298510820882,568.4226584190668,7011191
2023-01-05,562.1517333984375,568.190382240807,559.2253452889701,563.9168995874302,8241475
2023-01-06,558.0176391601562,564.3349836708002,554.6266828234792,564.2885438654469,7972036
2023-01-09,564.5671997070312,565.7749180766002,557.5065919949155,562.0588266606619,8878905
2023-01-10,552.9080810546875,565.7750273871088,548.6809808899172,565.26407605931,10622660
2023-01-11,554.3479614257812,556.9492141378572,550.2137982871492,554.1157057067913,7419630
2023-01-12,552.6757202148438,555.4627887853612,548.2163651395716,555.4627887853612,8183715
2023-01-13,557.5066528320312,560.1079624694962,551.5145001323897,555.4628476926819,7877610
2023-01-16,560.2008056640625,563.0807539572319,557.9711280349228,560.2008056640625,5483191
2023-01-17,550.8641357421875,562.987873155165,544.4538550992968,560.200804476179,13461999
2023-01-18,549.4705810546875,554.7660226892714,545.8938090272761,553.6047441160317,11538075
2023-01-19,547.984130859375,549.7492970376347,545.8473895456789,549.0525298677518,7475688
2023-01-20,550.1673583984375,554.2550250301911,548.8667036910736,551.6537723185195,6750607
2023-01-23,557.8318481445312,559.0395666529407,550.8641759386367,556.0202420303864,6604469
2023-01-24,552.1647338867188,561.6872185419243,550.9570154661823,560.6653160406374,7609623
2023-01-25,528.3353271484375,553.5582645072653,527.1276087360154,553.5582645072653,25686294
2023-01-27,501.62591552734375,528.1959472210457,494.4724280088681,527.684995977524,40163464
2023-01-30,500.0000915527344,515.0037760285352,487.92279492925314,497.9562300143039,40797825
2023-01-31,514.2141723632812,517.4657524956598,499.67494137585163,506.3174777560764,21911943
2023-02-01,489.920166015625,524.8978981961093,463.9075551645127,521.5534386941342,38218810
2023-02-02,490.6169128417969,494.8440118998063,466.8339520930055,483.2776668207723,39287056
2023-02-03,505.5742492675781,507.2000392645869,482.30223807957736,497.95625051241154,32317232
2023-02-06,506.6890869140625,519.1379591275065,498.46720063982644,519.1379591275065,25338586
2023-02-07,508.26837158203125,512.2632151446792,502.64779475723776,509.1045148167841,16195947
2023-02-08,510.7303161621094,515.1431747374072,506.7819690157902,510.9625718765987,15502847
2023-02-09,511.7058410644531,512.8206799702182,504.27365729676876,512.8206799702182,15061047
2023-02-10,513.7960815429688,517.6979888967993,507.710993148678,507.710993148678,13824475
2023-02-13,499.3498229980469,517.3728904535258,495.4479153661014,514.6787012854288,18488732
2023-02-14,502.46197509765625,505.9458107113584,493.07886719263996,501.6258885721999,18559909
2023-02-15,503.7626647949219,505.9923424240616,498.6994786767496,501.67236328125,12796579
2023-02-16,501.7652282714844,508.0361326298083,500.27881436406693,508.0361326298083,12767016
2023-02-17,493.3111877441406,501.3472589639467,490.2918631487198,500.27885988741946,14192008
2023-02-20,487.87640380859375,496.0517940749912,485.0893350789315,494.2401880600991,12570032
2023-02-21,486.29705810546875,491.4066841580176,485.321595381503,489.6879577366885,10223218
2023-02-22,479.7009582519531,484.8570807794608,476.1242427195758,483.78868174872025,14763050
2023-02-23,484.0209045410156,486.80797308923644,475.05583971454416,480.2583733415285,15535085
2023-02-24,484.0673828125,490.05959200799634,480.86224238671736,486.9938277019231,12253035
2023-02-27,490.245361328125,492.19628660023636,482.16285132370643,484.1137765958178,11048799
2023-02-28,485.6932067871094,490.9422093505489,484.0674165581049,489.82737042433325,15768010
2023-03-01,498.6065673828125,499.2568947085724,485.97182279236836,486.11119889897907,13510198
2023-03-02,495.865966796875,501.5794802430642,494.70468818610954,497.90982849243375,10376913
2023-03-03,521.36767578125,524.2476241616192,503.29816858644995,503.53042431722355,27656538
2023-03-06,521.8321533203125,527.5921064096759,519.3237802504061,524.80503782157,16162268
2023-03-08,524.712158203125,525.3624856178885,516.9548391426886,520.252859320986,12637578
2023-03-09,519.2308959960938,525.5946798673979,518.3947527459267,524.6656570130145,8993423
2023-03-10,508.5006103515625,515.561217701336,506.31742943795916,513.8424914878345,11522371
2023-03-13,492.38214111328125,513.8890441091696,490.9421669468635,508.1755305452167,14373729
2023-03-14,488.108642578125,494.9833778506137,483.09189635780217,490.1989440527501,14750800
2023-03-15,480.8157653808594,494.24015692362525,478.957719678139,492.1962953100218,11282329
2023-03-16,487.2725524902344,491.7782912572031,477.7965067637297,481.60553499950436,20040008
2023-03-17,492.1963195800781,493.86854945437267,483.1847861369172,491.1279772701672,18787379
2023-03-20,482.3487243652344,489.22346013612184,478.446816655779,489.22346013612184,14275315
2023-03-21,484.8105773925781,486.29704805352003,479.7938877574261,484.94995350871756,29485180
2023-03-22,484.5318603515625,489.5950462693423,483.1847658665671,485.1357478906121,11619538
2023-03-23,476.3564758300781,484.020914495311,475.19519724443677,482.53450058691243,22097792
2023-03-24,469.4817199707031,478.4003453249582,467.7165821618938,477.9822736866617,14416984
2023-03-27,473.9410095214844,477.65712933781117,465.9514072018612,471.0145931632608,15674218
2023-03-28,472.0365295410156,475.42745737224135,468.08818231320515,475.1487618497131,15833599
2023-03-29,479.84033203125,481.23386639339304,470.36428702806575,472.87266022053484,24203789
2023-03-31,486.5757141113281,487.6441130621977,482.4879909201496,483.69576597871674,17356345
2023-04-03,489.36279296875,490.98858297861295,485.04281397560624,487.50474724319236,14210949
2023-04-05,485.87896728515625,490.1524498611261,482.20931556065125,489.59505881314976,13574801
2023-04-06,490.1989440917969,495.8195211611808,484.62480682568594,486.80798790702346,25125879
2023-04-10,488.9447326660156,492.75376051347615,487.17962320768146,491.6853615153094,17335453
2023-04-11,494.3330078125,497.67752390495184,489.7343903278375,493.1717293157566,26414406
2023-04-12,490.7098693847656,496.09819044978934,488.6660078213281,495.35498352755394,21292441
2023-04-13,495.1227722167969,496.33049066160413,489.73445066861626,491.7318159072817,28597560
2023-04-17,505.3884582519531,506.31748115315156,490.524091832778,490.524091832778,32476990
2023-04-18,507.1071472167969,509.569080679792,502.13689718765283,506.64263574853817,22283456
2023-04-19,501.9510803222656,508.6400567933102,500.0465946465739,505.3884765215721,21156372
2023-04-20,506.1317138671875,506.73560149221805,498.5602105166989,502.78725378272253,25588577
2023-04-21,504.5987854003906,507.6181096733121,501.39364521621684,506.31745499760086,22599418
2023-04-24,515.2360229492188,516.1186059511145,504.9238925354199,505.20258803521546,23335611
2023-04-25,521.925048828125,527.592122485113,515.6077045098767,515.6077045098767,38142390
2023-04-26,526.152099609375,526.7559871788986,516.9548068709435,522.1108726535115,23143882
2023-04-27,524.6656494140625,527.1275826237433,521.2746933634537,524.8979051242945,17845169
2023-04-28,537.25390625,539.251328071495,525.3624250345678,527.4991662626207,16183423
2023-05-02,534.4668579101562,539.6229236151588,532.4694927161221,538.8332768389454,13667511
2023-05-03,530.007568359375,534.1881714402115,528.6140339990961,530.1469444766262,9699527
2023-05-04,538.8331909179688,539.5763977717287,528.1494293739055,529.7287793775506,12533761
2023-05-05,535.5816650390625,546.4976833637962,534.2345705860378,539.0190608734192,18163461
2023-05-08,542.177734375,545.8938259243915,536.3713413290757,536.6500935577258,12990869
2023-05-09,532.7946166992188,544.8254742233607,531.4939619981551,543.4783797193426,18959065
2023-05-10,531.5868530273438,534.188105504844,523.2720876967015,534.188105504844,18561315
2023-05-11,532.7481689453125,538.8332573209989,531.4010744613989,531.5868903735,16016715
2023-05-12,537.1146240234375,539.5300609348624,530.9830387279558,533.9094836079651,11319335
2023-05-15,540.5984497070312,542.5493751212783,533.8630336631455,537.6720048826024,11410243
2023-05-16,544.6860961914062,548.495123972205,540.6913091994442,542.5493549355248,22178229
2023-05-17,544.6860961914062,548.5880035777866,538.3687520293435,544.4074006716053,23739774
2023-05-18,533.4450073242188,551.7467714005976,530.8437543166006,548.4022546453205,45656620
2023-05-19,534.3275146484375,544.6396455981572,529.450144687857,537.9042299383079,42293962
2023-05-22,536.185546875,539.1119347559843,532.7481510771131,536.5106821829805,21484049
2023-05-23,540.3196411132812,542.2706230270803,535.8603429865368,537.8113249003358,16120548
2023-05-24,541.3416748046875,543.7106719449978,537.2075114091327,538.647485615748,17616658
2023-05-25,539.9945068359375,541.5274171494668,536.046159904234,540.6912739415322,16479436
2023-05-26,544.4074096679688,546.0331997139054,539.3442236128685,539.9945509718547,9788076
2023-05-29,552.7685546875,554.0692092621026,546.3118350190275,548.1234407825631,18432231
2023-05-30,550.7247924804688,553.2331657818045,549.5170739881399,552.7686543075964,15031640
2023-05-31,549.1620483398438,553.8500865520962,546.9364426475817,552.9030104609316,28797643
2023-06-01,551.9086303710938,555.3654814653645,550.251247096706,551.0088964611522,17820226
2023-06-02,556.1231079101562,557.7331488713374,552.1453766545729,553.7554176157541,11323908
2023-06-05,556.1231079101562,558.5854826943589,554.9866050078555,557.3542953022576,12920507
2023-06-06,554.3710327148438,557.7331994819402,552.1454267581223,556.8808077766311,11199940
2023-06-07,558.0172729492188,559.3431448615423,554.9866177418588,556.8807700208413,11113781
2023-06-08,557.3543090820312,562.5158856124281,555.3180722565269,558.7275810477244,15971917
2023-06-09,548.072998046875,557.9225556560352,546.2261879311128,556.8807949778836,18870272
2023-06-12,548.0256958007812,550.7248399943379,547.12596180128,549.3042256177404,8786066
2023-06-13,545.8947143554688,550.6300950913596,543.8584775170594,548.783285043374,12612098
2023-06-14,546.0367431640625,547.9308954655977,544.8055557290528,546.462938992896,8948696
2023-06-15,536.5186767578125,546.1788657290922,535.3348314869436,545.5159008164167,17934877
2023-06-16,541.0172119140625,544.284635958382,537.039480808149,538.6495217087493,12660226
2023-06-19,538.7442626953125,542.4378829249408,535.950434203992,541.0172686527673,17903691
2023-06-20,537.3710327148438,539.3125272688809,532.7776786865753,538.7442468937137,14549152
2023-06-21,536.3765258789062,539.3598387145792,535.7136188531458,537.3710020274224,14946871
2023-06-22,533.1565551757812,538.8863545906687,531.3570872845204,536.3765795536382,14979063
2023-06-23,525.2484130859375,532.3514842571589,524.4907637219954,532.256799763519,12215712
2023-06-26,527.5687255859375,528.9419974805809,525.1536931118749,526.5743072501397,8360264
2023-06-27,536.1398315429688,537.891957254253,526.2429311675141,528.7053062474946,10694768
2023-06-28,539.6439819335938,543.6217133483505,538.4601367390198,541.9643300759469,18028934
2023-06-30,542.5325317382812,543.6216923972897,540.0228147054731,543.6216923972897,8718232
2023-07-03,554.4657592773438,555.3180931535118,543.5270409961187,544.0952635802307,15421985
2023-07-04,558.0646362304688,564.4100581652275,551.4351030041416,557.0702178075081,24799250
2023-07-05,559.3431396484375,562.279110336461,557.0701916178066,558.5854903048938,13598114
2023-07-06,561.1426391601562,562.0897153443927,557.9225570117748,559.1538022952366,11323509
2023-07-07,562.1843872070312,563.9838550386189,554.5130934090871,558.7749361423764,11707209
2023-07-10,561.2373046875,568.0562645445196,559.0116988517439,563.1788570435173,11417363
2023-07-11,557.4016723632812,564.4100591944411,556.2651693899928,563.5103252653819,13221177
2023-07-12,558.0646362304688,563.0367861502142,557.0702178075081,557.8278671866714,16029716
2023-07-13,554.6551513671875,566.3515182969978,552.4768300528634,563.4156054545575,20024503
2023-07-14,553.4713134765625,560.0061040903931,549.9671202346848,555.6969192600167,12190152
2023-07-17,569.2874145507812,570.9447977082049,553.2818633134814,555.9336648043717,19378986
2023-07-18,561.0005493164062,572.0813521283934,557.5910982073067,571.1342759530944,25757209
2023-07-19,569.6190185546875,570.5187525475399,560.6691364872713,563.1789116560258,17556585
2023-07-20,577.7637939453125,578.4741010580569,567.0618450076182,569.5716199279582,34038351
2023-07-21,582.5465087890625,586.7136669141413,576.7693674749186,577.7164436119874,21040281
2023-07-24,584.9616088867188,588.9866825360349,581.7888690919402,582.4991762065254,11756364
2023-07-25,577.3375854492188,588.8919257906668,572.2234090326344,588.8919257906668,18503305
2023-07-26,582.5939331054688,583.7303782733334,576.9114760463759,579.610620027468,9999125
2023-07-27,583.9197387695312,588.3710078547313,580.6523147705581,583.7777120421456,17444742
2023-07-28,583.4462280273438,587.0925057464485,581.1258799888113,583.7777393499562,11930586
2023-07-31,587.3766479492188,588.1342973187537,581.9783022582515,584.0145391310097,8605483
2023-08-01,579.468505859375,587.9921910123245,578.2846606992431,587.3766262120196,13493453
2023-08-02,566.7777099609375,578.189965532909,562.6578941967817,577.5743429390312,14977497
2023-08-03,559.2484741210938,569.0506892838814,554.0395552258084,567.0145102168711,27774877
2023-08-04,542.958740234375,567.0144973448427,541.1593302489086,563.3208772718776,52725616
2023-08-07,537.8446044921875,546.46297490863,536.660759225921,546.46297490863,32736325
2023-08-08,542.769287109375,543.858447740975,538.3654179490715,540.7804504311654,25038671
2023-08-09,543.3849487304688,544.5687939346745,538.270714326323,544.5687939346745,15769111
2023-08-10,543.290283203125,547.0311879350622,539.9281164618493,543.3849677007904,27325801
2023-08-11,543.7637939453125,548.3570901449302,541.7275571034544,544.9949813777413,18221179
2023-08-14,531.1203002929688,542.6746410348028,529.0367211747788,542.6272987876729,28084093
2023-08-16,535.4295043945312,536.4239806444865,524.6802126897423,529.2261668704698,15725767
2023-08-17,541.86962890625,542.8167050327628,534.1509353531953,535.8083185745926,27910162
2023-08-18,542.6273193359375,544.805583030874,537.3710579967587,539.8334329901751,18253227
2023-08-21,541.4434204101562,545.0896402898765,540.543686550049,542.6272655405768,9380810
2023-08-22,538.4127197265625,544.0478336312132,537.4656437024172,542.2010238231434,14073413
2023-08-23,546.3682861328125,547.362704587704,536.0451323697911,540.7805133977928,18579297
2023-08-24,546.4155883789062,551.198311306055,545.0896586661597,547.5520913034119,24131644
2023-08-25,539.7860717773438,544.8529061378787,537.1816123237163,543.4322918904455,12271885
2023-08-28,542.5325317382812,544.3793417316292,539.0757385863141,542.485189493311,9711932
2023-08-29,544.4266967773438,545.799968743401,541.5854683530627,543.2902516515835,13144855
2023-08-30,537.3710327148438,547.1259055366658,536.1397874711188,546.1788293829949,15281416
2023-08-31,531.6411743164062,540.1175174300328,529.7944220656501,539.1704412789,27898476
2023-09-01,539.4072265625,540.9699253809107,532.3514974630689,532.9197778538285,18121168
2023-09-04,545.0896606445312,545.8473099953048,538.3654431746227,541.727551909577,12108655
2023-09-05,542.6746215820312,547.6467712562122,541.11192284817,545.1369963939355,14444729
2023-09-06,540.3069458007812,543.8584813779117,537.9392554160275,543.8584813779117,20609936
2023-09-07,548.4044799804688,550.2512901918436,537.9392991892722,537.9392991892722,12390597
2023-09-08,552.5715942382812,557.3543172604112,549.0200586567578,550.2512460973644,14032068
2023-09-11,560.3849487304688,560.9531712774162,554.3709807180713,555.9336794295848,10946134
2023-09-12,557.2122802734375,562.8000531872625,553.7081444445414,562.2318305676972,16093060
2023-09-13,564.8836059570312,566.3515624928049,552.5716154680572,557.2596541767706,19377172
2023-09-14,565.6885375976562,571.7498477020777,563.6997009285159,566.7776982242895,13178911
2023-09-15,567.1091918945312,568.9086597168509,563.6997408474365,567.6300722204844,11756389
2023-09-18,571.9866333007812,576.2011335888857,565.4517849614788,567.1091681687718,19305055
2023-09-20,569.2874145507812,574.6857598245198,567.6774314418052,569.0506455282922,21314600
2023-09-21,557.0228881835938,574.4963977678915,553.7081214953073,568.2457179919575,23453425
2023-09-22,566.49365234375,570.1398725930069,560.1008879915859,562.0897248902817,18784139
2023-09-25,562.6105346679688,569.6662630363052,559.2010838964593,569.6662630363052,9712784
2023-09-26,562.9420776367188,563.5103001956123,559.9587646901778,562.5632240608297,8327427
2023-09-27,558.5381469726562,562.8473317978076,557.0701905339704,562.0423402102848,9865347
2023-09-28,558.7276000976562,563.6997500083563,557.6857816238776,559.9587875621745,21960816
2023-09-29,566.8724365234375,568.2457085467473,560.006134211831,561.4740907312548,12189735
2023-10-03,571.03955078125,572.8863607525196,558.3960500586644,565.0255828135226,15322196
2023-10-04,555.223388671875,568.6718814595422,553.5186631759601,568.2456856343284,24914612
2023-10-05,560.8112182617188,562.8947397443638,556.0284370089705,558.7749812251063,13248028
2023-10-06,562.7999877929688,567.2512571455039,560.8584932959413,561.9949962079626,8216780
2023-10-09,554.13427734375,557.8278977513484,550.7721682985978,556.8808215242663,9189597
2023-10-10,560.337646484375,563.5103285736951,554.7498738857847,555.9337191138808,10373508
2023-10-11,557.2122802734375,565.4045128360046,556.5019730965079,565.3098283343924,14220119
2023-10-12,555.0339965820312,561.6161877464566,554.0395781309901,559.5326085412145,11983797
2023-10-13,545.657958984375,550.5353665815301,544.3793714706986,547.1732577358337,19064577
2023-10-16,545.1843872070312,548.1203000333988,541.2539982187257,545.5158407243849,11290293
2023-10-17,545.9420776367188,549.2568442795587,544.8529169035228,547.1259228663044,10765224
2023-10-18,542.3432006835938,548.593880385168,539.2178030278637,547.173266107088,11777454
2023-10-19,540.9699096679688,543.6217113329951,536.9921782679586,539.6439799329851,11441499
2023-10-20,533.298583984375,539.8334328727063,532.3515077863527,539.7387483748817,11110988
2023-10-23,523.685791015625,536.0451237387181,521.8389808834517,533.2985796647226,11875035
2023-10-25,526.7637939453125,531.1203213428745,524.3013611426065,529.0367421421059,12134624
2023-10-26,518.0506591796875,523.6384316419934,514.4517813350399,522.2651596499072,19424825
2023-10-27,531.4518432617188,532.7303730350249,520.8919203009132,520.8919203009132,10415296
2023-10-30,535.2874145507812,536.7080286776119,527.047841054176,533.2038356037756,8593704
2023-10-31,535.6189575195312,539.3599202393359,533.3460092199277,536.9922296324908,13039696
2023-11-01,536.4239501953125,539.5019476582157,534.0088597881594,536.2818656519717,13575575
2023-11-02,541.822265625,544.9950055470891,537.5604227664763,540.875189434217,11148516
2023-11-03,547.5520629882812,548.830592584147,543.1007938170342,545.5158262786344,11371371
2023-11-06,543.9531860351562,551.6718800975543,542.911425349224,551.1983420030499,16499138
2023-11-07,549.0673828125,550.4406547530965,542.2957654048678,544.3793444383654,17923281
2023-11-08,549.5882568359375,551.766520334941,548.3570694499737,551.1036132997641,15434808
2023-11-09,547.7415161132812,551.0562829280533,545.9894482045944,550.2512912521584,12434363
2023-11-10,548.8306274414062,550.2512416625661,544.9476383588791,547.2205864297704,6773038
2023-11-13,550.5826416015625,551.6718021870819,544.7581585446942,550.2511881041967,11282362
2023-11-15,553.7554321289062,556.8807718384401,551.7665375465191,556.1704647315032,11397676
2023-11-16,553.7080688476562,556.8807506828024,552.0506856611003,553.7554110919988,8622660
2023-11-17,533.251220703125,544.0952543037619,532.3514867895021,544.0952543037619,37173221
2023-11-20,533.9141845703125,536.8027552939175,530.9308715478544,534.1509536100332,12714585
2023-11-21,531.7832641601562,536.6607295090693,531.3097260798711,536.045106882722,14280013
2023-11-22,529.3682250976562,534.6244861641455,525.7693472920832,533.1565296940364,14909071
2023-11-23,530.3153076171875,533.6774164258742,528.7526088304325,532.0200331450485,6376210
2023-11-24,530.694091796875,532.6829863733514,529.6523311651066,532.2094483034675,6529851
2023-11-28,534.5771484375,535.2874555553268,531.4044086282419,533.7720990209981,8153314
2023-11-29,538.5075073242188,538.8863609283957,535.1927406049756,537.9392847228976,10299034
2023-11-30,534.8612670898438,540.0228437781268,533.8195064246602,539.5966479405728,19758998
2023-12-01,541.49072265625,543.8110705014656,536.565915716492,536.9921114929493,10614230
2023-12-04,563.2262573242188,564.457444887985,553.6134102666476,556.8808348894886,26077882
2023-12-05,576.05908203125,578.9476527969288,563.5576649909151,563.5576649909151,36430152
2023-12-06,576.24853515625,581.504796593788,572.554914792064,581.504796593788,21439069
2023-12-07,579.3265380859375,580.131529754782,572.9811158208171,577.7164969433031,10725706
2023-12-08,581.6468505859375,584.1565677433689,573.3125340795355,577.7164613742833,17722136
2023-12-11,581.7415771484375,587.0925809963234,580.6524163565841,582.4518843244429,11706255
2023-12-12,579.989501953125,585.2457634285711,578.474145313708,584.34602945594,14494836
2023-12-13,587.0451049804688,587.6607275753272,579.2791271049712,581.9309286579414,13977914
2023-12-14,590.64404296875,594.5270319230541,589.4601978235428,592.8696487197641,15813797
2023-12-15,613.9420776367188,615.5994608004121,587.0450934582335,594.763786742552,29813572
2023-12-18,614.1788940429688,620.9505117561671,608.4017525486585,612.4268262567273,16221796
2023-12-19,620.7137451171875,624.6914187883696,606.3655180156144,614.178896420345,19964008
2023-12-20,602.7666015625,625.4490859501609,600.398911288317,623.8390450027288,22542056
2023-12-21,609.6802978515625,614.6051056049055,594.2903097504551,598.6942371598262,19915516
2023-12-22,603.0507202148438,615.0312562708087,601.5354215427969,610.6273291849556,14998068
2023-12-26,604.2819213867188,607.3599188509928,602.0089733268344,605.0395707400135,10153089
2023-12-27,614.2261962890625,615.0785879054715,605.1816310480025,606.8390142316238,14417646
2023-12-28,616.9254150390625,618.7248250055344,612.2847188738049,615.8362543661124,16982092
2023-12-29,608.0702514648438,615.2206650823382,605.7025610083924,611.3376758557351,13221898
2024-01-01,607.4072875976562,612.6636066637731,604.2346055026524,608.2123370371694,8295548
2024-01-02,605.6078491210938,613.7053385549276,600.3041880555562,607.4072591036456,15164482
2024-01-03,609.3961181640625,613.7053027877732,602.1509629952877,605.5130715344494,14571772
2024-01-04,608.733154296875,612.1900051328654,604.8501654661197,608.4963852753671,13883388
2024-01-05,607.9755859375,617.2569212553799,603.9978542855673,610.8641568235059,15984585
2024-01-08,593.8167114257812,610.8640811317845,591.9699014799768,606.1287006578947,14739531
2024-01-09,592.3014526367188,600.777738011181,591.4490609721083,598.5521321607245,13400235
2024-01-10,588.8446044921875,592.2067133106882,585.4824956736869,591.73317522907,12742464
2024-01-11,587.3766479492188,593.9588388441286,585.7666069108683,592.8696781345247,15533860
2024-01-12,600.0673828125,602.8139265740106,588.2289317800174,590.786048764021,16620797
2024-01-15,606.223388671875,611.337622735401,602.4350842707261,605.0869435954805,16844018
2024-01-16,603.1928100585938,610.7694190953231,599.9253858505162,606.1287229383505,15025543
2024-01-17,592.8696899414062,603.0981011461799,590.0284613953612,590.9755375773763,30016308
2024-01-18,595.0479125976562,599.9253777209321,586.2874585176507,592.6802223057629,14695436
2024-01-19,594.527099609375,601.8669403452932,591.6385286871963,599.4992497853196,11675202
2024-01-23,573.0757446289062,601.2986596201333,568.8613020834159,593.816735051732,30954343
2024-01-24,585.5771484375,589.4127951297775,571.1815799753688,577.6690860249656,19221835
2024-01-25,580.3209228515625,590.7861029633766,574.1649277499139,585.7666108260978,22684904
2024-01-29,589.9810791015625,596.1844161117133,583.0200349532757,586.240116875537,19572140
2024-01-30,593.5799560546875,599.9727198414752,591.1649235184444,592.3487686641458,16966577
2024-01-31,606.602294921875,609.1594121757427,589.0813855447404,593.248543869928,23270745
2024-02-01,613.3739013671875,618.3933934805597,599.7359814695897,608.7332050368398,26587707
2024-02-02,615.2680053710938,625.5911000755175,612.4741193428779,617.4936110619957,27471811
2024-02-05,608.922607421875,620.1454364049642,604.9448761274464,612.8529386660016,28339525
2024-02-06,615.8363037109375,620.334915694985,603.950508871969,610.3432732703525,14079390
2024-02-07,639.5131225585938,642.0702395337361,620.3348319524308,620.3821741954093,41696232
2024-02-08,662.5271606445312,680.853120253775,642.5912176991574,644.3906856459379,74222434
2024-02-09,686.8670043945312,689.8029174512828,657.4603003588977,666.4101818840758,43235061
2024-02-12,670.4351806640625,687.57723460313,667.215098867638,687.57723460313,22873137
2024-02-13,675.6915283203125,680.0007134812453,664.9895787916939,671.0508318054963,23351472
2024-02-14,704.056396484375,708.8864614766698,668.209531384723,668.209531384723,36782182
2024-02-15,721.3878784179688,723.5661418914713,702.399014134815,708.1288129906382,33941282
2024-02-16,714.7584228515625,733.6052046316706,713.4798352929603,723.0453396380902,27365121
2024-02-19,719.0675659179688,724.5132537731262,710.3071115422806,718.5466855971592,13979584
2024-02-20,719.87255859375,723.092640626177,714.095417199918,718.878140197099,12528399
2024-02-21,730.6692504882812,736.3517073942173,719.3990211695317,720.3934973720231,21465311
2024-02-22,725.3656005859375,732.0898177041953,716.9366002614177,732.0898177041953,18799244
2024-02-23,718.8781127929688,729.7221458595922,715.0424660921377,725.3656188570327,14143636
2024-02-26,718.7361450195312,725.7918164039028,712.8642610698683,715.0425247498395,11355186
2024-02-27,710.1650390625,722.0034911226533,702.9199410846512,718.7361245980043,13969393
2024-02-28,703.2040405273438,716.6998756485756,701.7834263040562,710.1650270994766,11263318
2024-02-29,708.5076293945312,714.0007171898741,698.1371920199082,704.529955894372,19217113
2024-03-01,728.443603515625,731.1427472715305,712.1538830776034,712.2012253214909,17348526
2024-03-04,731.1901245117188,735.8781629797205,728.3015538370722,733.415788130336,9789141
2024-03-05,742.4603881835938,745.3016167439201,728.3962721270127,728.7751257237001,18088847
2024-03-06,742.4130249023438,748.4742776430227,731.9951871429561,742.1762558623576,26710525
2024-03-07,746.3433227539062,751.4102146649448,741.5605999220379,748.1901327438186,15497868
2024-03-11,732.7528076171875,750.8419384368862,729.7694947090195,748.1901368545919,16778340
2024-03-12,719.4937744140625,736.5884876385131,717.2681107424115,729.2486473566764,21529705
2024-03-13,707.70263671875,723.2820505868954,703.6775631743476,718.4993277010051,27950252
2024-03-14,701.8307495117188,711.0647417125944,695.2012166495516,710.2124078847078,19730882
2024-03-15,693.1651000976562,707.0397318687048,684.7360987203383,700.1260871078978,29792241
2024-03-18,692.2653198242188,698.8475105936745,683.8836612570906,688.6190419826069,18145126
2024-03-19,685.4937133789062,695.4853553107556,682.983996236656,691.3655971347375,15205043
2024-03-20,697.2848510742188,699.8419683708956,681.7054360495005,686.7723283939229,25405455
2024-03-21,704.90869140625,710.8752589513945,701.3571562240289,702.7304280554747,15161161
2024-03-22,707.1817626953125,709.170599460014,702.1622707327812,704.4825610232863,15535921
2024-03-26,700.8837280273438,708.270910802939,699.4157714829856,703.7249566183376,14678342
2024-03-27,694.490966796875,706.3767615612527,691.5550536950569,703.6776175097407,30088789
2024-03-28,712.53271484375,719.3516746513696,697.9004346418056,698.7054262433901,21705116
2024-04-01,718.1678466796875,721.1985019784711,712.2959628767208,718.8781538057333,9949971
2024-04-02,725.8391723632812,728.064778156646,713.4797825681824,718.0731365019557,15713063
2024-04-03,730.2431030273438,731.7110595976199,719.9200069807692,724.4186189959363,19136981
2024-04-04,719.1149291992188,734.2681480220336,717.9784262265191,733.9840367300943,15889530
2024-04-05,724.2764892578125,727.0703754749767,712.7694908570097,717.8363829672766,9939620
2024-04-08,727.6386108398438,729.2486518920224,721.4826157264696,725.507689454445,9797174
2024-04-09,723.755615234375,731.5689935781403,720.8196444464801,727.7806889266177,7465892
2024-04-10,737.8196411132812,739.3823398361972,723.2347035208019,725.933847345905,14530669
2024-04-12,725.744384765625,738.2458005175444,724.3237706530191,736.1148793486354,14408722
2024-04-15,717.41015625,722.9031861494083,709.1232402537129,719.5884197508934,11356572
2024-04-16,711.9171752929688,714.9478306266623,705.003530747474,711.4909794514435,13338991
2024-04-18,705.38232421875,719.7305514049899,702.7305224873335,712.2486264937273,14589648
2024-04-19,710.7332763671875,712.2012327726861,693.3070528688593,695.6274008930026,10886554
2024-04-22,725.5549926757812,728.3015365467629,710.7332860753157,714.2374792815871,17452186
2024-04-23,732.08984375,736.5411130931677,725.0341150661952,729.580068899774,12292429
2024-04-24,732.1845092773438,737.2987433357519,729.438023272222,737.2987433357519,7842615
2024-04-25,769.6887817382812,771.2988227188599,728.9171659384565,729.8642420676275,36732974
2024-04-26,758.8921508789062,773.6665743476738,756.6192026717495,772.7194981434557,14964358
2024-04-29,782.7584838867188,787.2570958630791,756.4297769334296,764.2904978785022,27302732
2024-04-30,782.521728515625,790.6665609037641,776.5078176272258,782.7584975711517,27449073
2024-05-02,786.12060546875,789.7668836015869,781.3378821149746,783.137350056369,19943724
2024-05-03,787.4464111328125,791.9450224719984,776.6023785542086,790.6190928500534,22667634
2024-05-06,765.048095703125,791.755654460013,760.5021417839598,790.8085783183144,35283557
2024-05-07,759.4603271484375,771.5355470964827,751.2207537405488,769.0257723774635,16725013
2024-05-08,767.8892822265625,778.4965459957647,757.1873339703332,760.1232467274178,27908322
2024-05-09,776.4130249023438,795.2125213733023,761.0230372925254,768.9311579165353,49290254
2024-05-10,774.0927124023438,788.0147441654584,772.4353290449478,783.2320208951047,20543142
2024-05-13,765.9951782226562,776.4603581145727,756.33498993591,776.4603581145727,15398505
2024-05-14,774.897705078125,778.875436405395,765.1428324503737,769.9728976160259,10912462
2024-05-15,776.8865356445312,781.6219162809175,774.7556143581575,777.5495004946132,9755062
2024-05-16,768.978515625,782.4270089369695,755.1511687191949,781.6219595013043,20536990
2024-05-17,774.566162109375,778.9227468345998,768.26814075298,771.3934803092677,12492509
2024-05-21,786.6888427734375,792.0397884444491,776.2236048637419,777.5495346221023,14037801
2024-05-22,788.422119140625,796.0295133266376,783.414724155801,795.9331822307055,19239277
2024-05-23,801.277587890625,804.5516696610887,791.5517324493296,794.1517316465437,17497488
2024-05-24,797.9072265625,810.0886726083256,796.3665167870256,799.2553916967729,12252075
2024-05-27,802.818359375,808.3072335281287,792.5146936444445,801.7590699633794,12295193
2024-05-28,800.3628540039062,809.5590944673188,792.8035957117308,804.7443027300019,13818893
2024-05-29,792.1776733398438,803.5405695871641,788.9517277526038,797.7146835951445,14518232
2024-05-30,795.2590942382812,805.0331445629747,788.9517290829909,790.9739767920537,17818705
2024-05-31,799.5924072265625,804.0701868667423,786.8332096505334,799.9294778988177,22267336
2024-06-03,872.1032104492188,878.2179721623354,825.0145259321062,831.5626306363492,64269020
2024-06-04,746.4852905273438,863.7736004371982,704.8373437950039,863.7736004371982,122381193
2024-06-05,760.4962768554688,765.5518076607758,716.4890731382206,761.4592351040986,74256082
2024-06-06,786.6887817382812,802.4812623286783,766.5147939369629,770.3666270723245,40555649
2024-06-07,799.207275390625,800.699849042878,780.4777241722821,789.5295559574165,25061284
2024-06-10,800.9887084960938,814.1331129043821,798.4850404060916,803.2516957835098,16725508
2024-06-11,804.5997924804688,808.4997618244676,798.3405635563713,805.0331354685376,14754408
2024-06-12,808.018310546875,814.2294035252687,802.144288248299,805.9961215652175,15071442
2024-06-13,812.6405639648438,814.5664806385139,805.1294419180801,813.6997946256373,12523972
2024-06-14,808.1145629882812,818.4182278630158,804.1663989581385,813.6997089993326,12903496
2024-06-18,813.6034545898438,819.958955574296,809.1256751864971,810.3775091653368,14929083
2024-06-19,821.0182495117188,828.7219161598205,809.8479563816961,815.4331029467074,32925140
2024-06-20,812.4960327148438,821.4996689454273,811.1478676397271,821.4033966290509,13985352
2024-06-21,805.322021484375,816.6367816070117,797.9072307555297,813.6034982004232,18990090
2024-06-24,801.8554077148438,805.0331584274583,790.6369197366024,800.699845971808,12715254
2024-06-25,811.0516357421875,814.5182621448073,803.3961054308986,805.996104620019,20917530
2024-06-26,814.0367431640625,817.3589609223837,805.0331069252793,808.7404727237647,16281760
2024-06-27,812.7367553710938,816.0108369000839,807.199745485568,812.6404830567203,20378887
2024-06-28,817.5034790039062,831.9959899913704,812.736823556385,815.5294261991826,23636388
2024-07-01,810.7627563476562,818.9960380974777,808.8368397383734,817.888612537416,10967797
2024-07-02,795.5480346679688,814.9516094316318,792.6591597257975,812.7368170641629,21142840
2024-07-03,808.8368530273438,812.5923552125606,794.440614381567,798.292447663417,23598009
2024-07-04,808.2108764648438,813.6034781228886,803.3960850421123,811.7738338725269,13372587
2024-07-05,827.9033813476562,829.3478187678616,805.996080474543,806.9590387546798,24873722
2024-07-08,824.5330810546875,832.9589665545163,821.8849456118841,827.903435254619,10359800
2024-07-09,829.39599609375,837.7256091400944,824.2923287105681,828.0478896992312,13585081
2024-07-10,817.5515747070312,828.3848552906051,812.2553041995063,828.2403880397673,17343236
2024-07-11,824.9664306640625,826.5071405152041,818.273858372934,822.7516382126789,8501366
2024-07-12,827.8552856445312,831.0330363694129,823.6182454951478,824.9664106629458,11446064
2024-07-15,848.7033081054688,854.4810581363205,827.8552953420664,827.8552953420664,25392820
2024-07-16,848.0773315429688,855.2031872360685,841.9143753130872,849.6180412132858,11893692
2024-07-18,860.4513549804688,861.7513839164689,844.9958864196212,848.0292284959793,19435183
2024-07-19,856.406982421875,865.6995539804449,850.5810961772029,861.8477205923227,14562742
2024-07-22,844.3218383789062,861.8476914572568,835.8478169663675,848.7996180509505,14614111
2024-07-23,831.899658203125,851.7365747034543,817.6478290405348,850.2921373240815,18279212
2024-07-24,820.4404296875,835.8477617004108,815.8182418384882,832.188532102206,19624845
2024-07-25,817.0701293945312,819.2367856009398,810.04054545749,816.1071710805719,9522375
2024-07-26,830.5033569335938,832.2366700338795,812.7367654134732,813.362711787555,12081506
2024-07-29,839.3143920898438,856.1661615632173,831.2255780072089,833.9699855260068,26582781
2024-07-30,840.469970703125,847.9328973347123,836.8107410128214,842.2996149354311,13528447
2024-07-31,840.0848388671875,842.5403707610664,835.8477988655185,841.4810813734941,11636874
2024-08-01,830.696044921875,848.7515140014297,827.6145664441017,845.2848286735671,11787203
2024-08-02,816.4441528320312,826.5070785961769,814.8071707781978,824.9663688604599,12609331
2024-08-05,781.5851440429688,800.555375930074,770.3666561037335,799.2554057076235,27676951
2024-08-06,768.15185546875,795.9331791962649,766.1778026885571,792.1776770526977,17900930
2024-08-07,778.6962280273438,780.6702807246692,770.8962307809461,779.0332399118962,17692355
2024-08-08,778.1184692382812,787.507312985182,773.06293798995,781.9221664085547,14769069
2024-08-09,793.7665405273438,799.2072786074854,779.5629051443975,785.7739981345145,15320885
2024-08-12,782.4998779296875,792.5146675912324,781.1517715969126,790.2035442003192,16120449
2024-08-13,768.0073852539062,789.6258109801142,765.5999894887229,783.3665819906377,17585172
2024-08-14,773.2554931640625,779.1777100523152,770.7518251641638,771.2814404594144,11788665
2024-08-16,782.0183715820312,784.7147017023967,773.255475013765,773.255475013765,11427335
2024-08-19,783.5591430664062,794.8257663935242,782.4998537223788,784.8109770417955,10151482
2024-08-20,789.9146728515625,792.5146719871843,783.2221009869668,787.6517443817361,10347493
2024-08-21,785.3406372070312,790.588771746324,781.1517920723019,789.9146891751129,14607257
2024-08-22,789.9146728515625,793.3813579571615,786.8331945713555,788.662838830503,7832917
2024-08-23,785.1480102539062,791.5517063269808,784.3295192254573,791.0702271868793,5537747
2024-08-26,784.859130859375,792.9480038850295,783.6554330147424,787.6998695275697,8523795
2024-08-27,785.677734375,789.0962247326166,781.0073511539267,787.5073199593448,12833290
2024-08-28,779.41845703125,786.9295198766698,776.625854503473,784.5702603306938,10371300
2024-08-29,784.3295288085938,785.7739662465469,777.0592054590912,779.5628735084862,18247268
2024-08-30,785.3887939453125,790.2999167148297,784.1850960274376,786.8814263829273,8911426
2024-09-02,791.6961669921875,794.8257813768107,782.9332114506573,787.0257841074723,11813750
2024-09-03,794.248046875,795.3554725033293,786.1592318819613,791.69624247498,10548350
2024-09-04,786.2554321289062,788.325815931437,783.5110245528155,785.2443376942574,10789570
2024-09-05,788.422119140625,791.6962009160937,784.2332739868236,788.0369123055189,8395074
2024-09-06,753.514892578125,782.7888492947188,748.2186217676717,781.4406841241514,40220096
2024-09-09,755.2000122070312,759.0037090727857,742.4408153160613,755.9222308989729,21322103
2024-09-10,753.6593017578125,759.5814597612606,748.7000432350214,758.8111049121503,12824701
2024-09-11,740.1297607421875,758.811176152104,737.0483410564517,751.1556455515445,20060665
2024-09-12,758.5703735351562,760.6407573153975,744.1259995547978,746.2926556518515,17578964
2024-09-13,761.5555419921875,765.5518424151477,756.0185318111974,761.7000092457633,12950936
2024-09-16,756.451904296875,765.5518722692779,755.344537482079,761.5555716904744,9553736
2024-09-17,753.9000854492188,758.3296701716079,751.637098153009,756.5000258703583,10665630
2024-09-18,763.3851928710938,765.3111094724715,753.0333911386886,754.7667043250664,18324412
2024-09-19,760.6889038085938,771.6665929182252,755.0074264560737,765.5999675189145,10645478
2024-09-20,752.7445068359375,765.4073730812867,750.625986843672,765.4073730812867,21372244
2024-09-23,772.1480712890625,775.1814133728537,755.4407686844768,756.8852061006995,17309545
2024-09-24,768.6814575195312,774.4592072785255,766.9962805064912,769.6444158126969,15180653
2024-09-25,763.72216796875,768.4406869245006,759.4851869144526,768.3444146087945,18465571
2024-09-26,772.1480712890625,773.2554968178902,762.277748944874,766.5147888755175,23198842
2024-09-27,772.9185180664062,778.0703215620741,768.8740813727312,772.1481043919451,15193681
2024-09-30,758.71484375,772.8702832866289,757.3185425049131,772.1962595176911,15484573
2024-10-01,767.4296264648438,770.7036494096986,758.811137952777,758.811137952777,13280535
2024-10-03,764.6851806640625,774.2184915699847,755.2482008550121,760.6408027275493,15944135
2024-10-04,767.1407470703125,779.8517495092212,756.1629990283715,762.6629675013947,20097454
2024-10-07,742.1038208007812,774.2184558775194,737.0482898388944,770.3666227637009,24267990
2024-10-08,752.5037841796875,755.3445229531092,743.6445559601656,743.6445559601656,8560960
2024-10-09,767.8629760742188,774.5554892758929,753.0815308248506,757.5593104537433,18758697
2024-10-10,767.5740356445312,774.6518143977434,765.5518467289336,769.4036799200226,10241015
2024-10-11,770.1258544921875,772.9665930626187,763.6258863548668,767.6703227285054,14322720
2024-10-14,775.325927734375,779.2740334022208,771.1370237082186,772.2925854662725,8967564
2024-10-15,774.8444213867188,777.5888290383062,771.9073515455158,775.6629124338771,6252104
2024-10-16,775.61474609375,779.0332361787332,772.3406644838936,773.0628831824524,6494240
2024-10-17,781.00732421875,789.1443336790275,776.1443965165297,779.5147505956958,18580553
2024-10-18,790.0110473632812,792.1295086964368,773.1592763766439,781.0554877623608,11704698
2024-10-21,783.7999267578125,795.8369056109815,779.0332713770955,794.1517285715379,10359618
2024-10-22,761.1222534179688,786.5924530851014,758.329650876446,783.8480454773676,16645356
2024-10-23,756.88525390625,763.2407554293255,750.9149004539081,760.7370872594624,13866198
2024-10-24,765.1184692382812,767.4777287162982,755.5852177848088,756.9333240763132,5607500
2024-10-25,752.0223388671875,771.0889025356221,743.4038498376525,768.4407670601641,9717125
2024-10-28,762.7111206054688,774.1703480481368,754.5259749390806,754.7667145175037,13757251
2024-10-29,801.8554077148438,803.925732845734,761.2185547092174,766.5148254883454,28274791
2024-10-30,791.9850463867188,802.1442444505282,790.6368812896834,797.3294530672716,15977682
2024-10-31,789.8184204101562,797.3294834998579,783.4147241162844,789.625816992613,13402324
2024-11-01,790.7813720703125,795.0183533490626,788.566579722976,791.9369337915391,1637141
2024-11-04,799.1109008789062,806.4775551912725,777.2036001259493,792.2257844782764,14498161
2024-11-05,817.7442016601562,819.8627216790217,795.6442968785319,799.1109232553587,26254561
2024-11-06,823.13671875,829.492278606691,814.8553011245552,817.7441759391488,15002433
2024-11-07,827.7589111328125,830.4552413269911,815.3367846280997,829.1070762299017,15283847
2024-11-08,811.9183349609375,831.5145133583849,803.2998462002181,827.7589523824207,26139105
2024-11-11,816.2515869140625,822.366348312754,810.8108492732305,814.662682286405,12621337
2024-11-12,796.07763671875,821.7886350304474,793.7665132938048,820.9219490525154,11350729
2024-11-13,778.6962280273438,800.9405405398265,774.8443949499054,792.8516675674828,13756706
2024-11-14,774.459228515625,787.6999054097373,771.3777501381329,778.6962686314655,9461484
2024-11-18,784.136962890625,786.4480864115857,769.6444516583641,780.9592121300385,9322451
2024-11-19,773.2554931640625,789.9146595309171,770.4628906628374,788.6628255309678,13677029
2024-11-21,751.8297119140625,768.9222221753172,733.3409003273077,768.9222221753172,29486577
2024-11-22,785.8221435546875,789.5777045997442,755.0074765981217,756.88525712065,20665405
2024-11-25,813.1701049804688,818.1293046973657,795.0665016573014,796.3664717835007,23434605
2024-11-26,808.3072509765625,815.3368350764866,804.5998261173272,812.7368358136894,8893744
2024-11-27,803.2034912109375,811.292364407334,801.2775746188726,807.4405312232043,8375108
2024-11-28,807.7775268554688,814.4700986330259,799.7368487551913,803.2034750413964,13505677
2024-11-29,807.8738403320312,812.7849039261208,800.7479257305017,809.9441653170932,10822949
2024-12-02,805.4183349609375,810.8108778597823,801.8553775432713,807.8738668385488,6651119
2024-12-03,822.3182373046875,824.8700414893754,805.8998103387524,806.9590409400479,12186182
2024-12-04,827.8552856445312,831.995994696608,818.8034538591721,822.3182752631592,10749716
2024-12-05,833.3922729492188,839.1700227524034,823.9070984244045,828.1441384564639,14716036
2024-12-06,831.658935546875,843.0218314074111,825.2552395250841,833.1996452731378,14520568
2024-12-09,826.266357421875,834.7403787055949,825.2071268017763,827.1811795615839,9630346
2024-12-10,835.3662719726562,836.7625731734661,826.2663048631648,829.8773982578593,7379849
2024-12-11,829.684814453125,837.6292201091063,829.0589268478445,835.3662917047014,7006973
2024-12-12,822.0775146484375,832.2848491458258,819.6219827317773,829.588577653526,8845103
2024-12-13,829.6366577148438,830.9366865999768,804.0701282655722,821.0181697348605,9379370
2024-12-16,829.0589599609375,834.3070944496669,826.025617806868,827.9515344064523,6432713
2024-12-17,819.044189453125,830.6478254844673,815.6738353243519,826.7478560331779,8791216
2024-12-18,807.103515625,820.4404644541135,805.9960900799213,819.4775061625006,8295338
2024-12-19,801.9515991210938,806.9589936527981,789.8183489792347,794.0553299104415,9453398
2024-12-20,781.9221801757812,805.0331805750654,779.9962634758409,803.9739498998235,10244198
2024-12-23,790.7332763671875,793.4776841679945,782.114787338898,787.025851437494,4933200
2024-12-24,781.9702758789062,795.5961593356999,779.2258682332135,793.7183788955526,10602771
2024-12-26,782.3555297851562,792.3702614447049,778.0703533367926,782.885145127243,8318714
2024-12-27,770.0296630859375,787.9888009322062,767.6704033888981,786.0628842447148,10649800
2024-12-30,759.1000366210938,778.0221912364731,755.9222859001974,772.292577441985,21515438
2024-12-31,765.503662109375,769.5962346158304,756.8851741350371,757.7999962148708,9086044
2025-01-01,763.8185424804688,769.0666770195652,760.2555849821816,766.0814709969738,7273098
2025-01-02,771.522216796875,772.6777785343264,757.848196914708,765.5518634653022,11398319
2025-01-03,764.0111083984375,779.5147129032193,762.8074105712243,771.5221710853858,13336514
2025-01-06,747.640869140625,768.0555386685415,744.5112545755807,767.8629940224499,11419367
2025-01-07,749.9037475585938,754.8148111917903,746.1481868219319,750.9629781385199,9669152
2025-01-08,742.5853271484375,754.911181809416,731.9445907621887,751.9741707073787,15641490
2025-01-09,732.2816772460938,742.7778878278531,699.3484904504,742.5853431803976,15351029
2025-01-10,715.71875,735.1223830791824,714.5631882955921,732.1853132713054,11779296
2025-01-13,702.4780883789062,716.3928477377098,695.7373801970662,714.0335881192036,10414733
2025-01-14,720.4373168945312,728.9594748276388,705.8003381418084,705.8003381418084,11960975
2025-01-15,725.7816772460938,730.7890721249498,722.2187198068513,725.252061939764,7792299
2025-01-16,737.9149169921875,747.929706597395,732.2334984141427,732.2334984141427,11816079
2025-01-17,735.7964477539062,739.5038726459838,731.2705905527847,737.9149678673344,5766573
2025-01-20,750.38525390625,755.9222641211501,739.4075057965499,740.5149313492541,9198929
2025-01-21,730.9334716796875,755.8259785163474,728.044596835733,755.7296474236301,13751780
2025-01-22,725.5408935546875,734.7371329395015,710.6631770764773,733.7741747049805,9908339
2025-01-23,718.2705688476562,727.6594116108213,715.5742387782767,722.2186740896237,10986405
2025-01-24,716.58544921875,725.7816893156935,711.6261904172143,722.1224594960153,10579213
2025-01-27,721.4483642578125,727.3705224901476,708.6410307266503,712.5891362148737,11433353
2025-01-28,724.5298461914062,731.6075661648166,717.7891381122306,728.9594308479976,14140860
2025-01-29,730.355712890625,732.6186413192878,722.0261003310969,725.1075785552505,9251973
2025-01-30,734.3519897460938,736.6631132188579,726.7927904600431,730.4520203133268,11085824
2025-01-31,744.2705078125,748.7482287285419,731.3668428360176,736.5668412651819,10083763
2025-02-01,737.6260375976562,749.9037555863902,724.2890890176571,746.1000586507049,9363077
2025-02-03,732.7631225585938,734.5445718854385,725.2520596511663,734.5445718854385,7862190
2025-02-04,750.3370971679688,752.3111498703669,737.2890243394788,738.5889944967314,12020807
2025-02-05,737.6741943359375,753.0333909836241,736.6630998752845,751.107474382643,13419162
2025-02-06,724.3853759765625,742.2963767183029,722.2668559769037,740.5149273858113,32745391
2025-02-07,709.8928833007812,731.75204885935,704.6447487163948,731.6557177630287,37240692
2025-02-10,709.5076293945312,716.3446682586824,706.2336065973515,712.5891075604651,12667049
2025-02-11,704.018798828125,712.7336185765542,699.6373502606822,710.1336193776868,13017060
2025-02-12,705.9928588867188,711.3372653768854,690.5855270091603,705.9928588867188,12697743
2025-02-13,700.6965942382812,710.1817094926294,699.2521568630419,707.1965624268578,12370571
2025-02-14,695.4003295898438,705.7521308643177,689.6707161993432,703.8743505061794,10417539
2025-02-17,700.7447509765625,701.7558454140641,685.1929512700127,692.4151383583221,9093600
2025-02-18,698.9151000976562,701.2743596122846,690.7780909672726,700.7447443190354,8562003
2025-02-19,700.3595581054688,707.6298814976512,695.3040270429543,695.3040270429543,6766606
2025-02-20,702.670654296875,704.4039674105562,696.5558340793757,698.0484664022894,7423268
2025-02-21,695.255859375,704.5965661934869,693.3299428670359,700.359526366243,6571602
2025-02-24,689.8633422851562,693.089229046088,684.1818648659195,684.1818648659195,6912148
2025-02-25,684.5670776367188,692.318880181649,683.7003916586949,692.318880181649,8599635
2025-02-27,677.8263549804688,691.1151674539011,675.1300247842662,689.4781266274379,12033139
2025-02-28,663.2857055664062,675.370821210472,657.3153519889653,674.9375369686069,15780609
2025-03-03,669.5448608398438,671.5671084335651,654.811611339565,664.5856611067829,10598479
2025-03-04,689.5262451171875,691.8373684334783,666.4633832092842,667.3300691464701,14386214
2025-03-05,703.2965698242188,704.2113919626877,690.4411000485206,690.970715357852,10409805
2025-03-06,704.93359375,709.4595093992308,700.0706662141035,708.7372906926826,10928847
2025-03-07,705.607666015625,707.6298548547695,701.0336142741386,704.9335834778076,7246729
2025-03-10,701.9003295898438,711.1447057760574,699.6854784765769,705.6076955415114,7400109
2025-03-11,702.8151245117188,706.8595613151393,695.930007610309,698.0485277239401,5538789
2025-03-12,696.2670288085938,709.7003096539208,692.4151953776362,703.5373526546633,5547762
2025-03-13,700.8892211914062,704.3559065637423,697.6633341842002,699.0114994024942,5908337
2025-03-17,696.36328125,704.1632195569075,695.5447314737941,701.9002911815586,5149563
2025-03-18,696.36328125,696.36328125,696.36328125,696.36328125,0
2025-03-19,717.5001831054688,721.5446195922909,711.7224334883822,712.2039126231394,7604850
2025-03-20,721.7853393554688,724.8186813309343,716.6335362646441,720.292765833536,6963197
2025-03-21,725.3001708984375,727.611235450561,719.3298179504133,722.1705565633118,9577327
2025-03-24,751.8778076171875,753.9481914133478,727.1297682523594,729.9223707530908,12095064
2025-03-25,744.2222900390625,756.8852150473521,740.7075275492936,754.8630261504609,15190143
2025-03-26,735.7001342773438,747.3037699282959,733.2446023903115,743.4038006048552,7711852
2025-03-27,743.6926879882812,747.063042059369,732.3297917320479,735.5075423870684,15648616
2025-03-28,742.9223022460938,749.7592824252198,738.5889900489357,743.5000536959915,7628185
2025-04-01,743.1149291992188,753.7556066211873,734.92978367858,738.3964100364205,7011125
2025-04-02,747.20751953125,748.2186140115384,735.9890316029483,743.6926981564776,5458436
2025-04-03,750.3370971679688,755.6333676630561,741.4297331535035,741.4778693122336,7956680
2025-04-04,739.0223388671875,753.9000559499343,736.6630793418844,750.2407674906192,8231194
2025-04-07,719.2335815429688,725.7816862623683,702.9595626780941,702.9595626780941,14923235
2025-04-08,740.1297607421875,745.3297593169144,730.0668930525142,731.8483424817248,12911288
2025-04-09,714.7077026367188,739.5038802710596,713.552140856178,738.5890580792018,11319387
2025-04-11,725.9260864257812,731.5594277102952,718.3668873275676,730.8853451496299,9360327
2025-04-15,735.2186279296875,742.1519391227857,729.0556715859763,741.4778565892068,7859090
2025-04-16,743.1630859375,746.0519609071307,732.3298048013849,735.2186797710156,12536694
2025-04-17,767.9110717773438,771.3295618258302,738.7334484219398,743.4037724463682,27034818
2025-04-21,786.4480590820312,793.8146548472636,771.7148087772562,773.2555185548143,16398507
2025-04-22,791.9369506835938,804.5516812424216,783.8480772367818,790.7332527762891,25117557
2025-04-23,783.3184204101562,800.2183263784495,780.0924749249118,795.4035350043313,12104382
2025-04-24,783.270263671875,788.6628063594819,781.1036076104479,782.644317299962,12713521
2025-04-25,769.066650390625,788.6628277912206,757.8481629690972,784.8109946884551,13131038
2025-04-28,787.0739135742188,792.322047867904,767.8629432267787,769.0666410567842,11317611
2025-04-29,782.4517211914062,798.2923962986351,779.0332311285836,789.6257719721119,11283059
2025-04-30,759.4370727539062,781.4406459920804,755.4407723731201,781.4406459920804,25635764
2025-05-02,767.1889038085938,773.6407362949234,759.7741130041347,761.0740832238849,14720184
2025-05-05,760.737060546875,769.4036852872824,753.0333941109573,753.0333941109573,23986447
2025-05-06,745.426025390625,769.5481787593242,742.5371503787388,764.5407836505257,18869468
2025-05-07,747.3519287109375,753.418613146944,736.229771868778,736.9519906088443,15586266
2025-05-08,740.514892578125,757.3666619150783,735.7001013389954,750.1444750563841,14491673
2025-05-09,750.38525390625,752.7445134918086,727.5149943229668,728.4779526212103,13578216
2025-05-12,771.95556640625,774.12222264216,763.6259533673605,769.4037033297868,15096824
2025-05-13,772.0518188476562,777.7332963407931,767.6703703271746,769.018476685771,13909596
2025-05-14,771.0407104492188,777.5888150314639,766.8036704860727,775.9036380329437,9281719
2025-05-15,777.8295288085938,779.4665695934455,765.0703319571993,774.6517783287684,17058854
2025-05-16,778.0751342773438,789.7644580739088,776.9946347468432,789.7644580739088,14733924
2025-05-19,780.9237670898438,787.2104729702169,778.0750903727592,778.0750903727592,10666184
2025-05-20,771.7393798828125,785.2459236919375,769.9220998339915,784.0180560729261,11324667
2025-05-21,773.1636352539062,776.9946060925355,765.3052827270537,773.0654298291093,8206040
2025-05-22,771.346435546875,774.2442151084329,766.4840678018166,774.0477442991881,7355826
2025-05-23,776.5034790039062,780.874699700136,772.2796264031289,773.9495383488706,5534158
2025-05-26,780.33447265625,783.4286631605596,775.2265312430146,777.9769427872259,4965466
2025-05-27,779.6468505859375,787.1613645883718,776.0614530866071,780.3344684569088,11995043
2025-05-28,782.4463500976562,784.7547771957036,778.6154390963333,780.4326591919574,6873519
2025-05-29,783.232177734375,786.2282227070898,777.3384131262393,784.8529869834019,14034127
2025-05-30,797.91748046875,800.0785394661832,778.5662748283969,783.8706869171444,22037314
2025-06-02,799.2435913085938,807.9859725290632,794.8723707211232,798.4577080916993,26891575
2025-06-03,795.4617309570312,803.9094959854718,790.8940994751483,801.7484370268255,14247597
2025-06-04,792.2201538085938,802.5342413659282,790.9922862422444,802.5342413659282,9607927
2025-06-05,791.72900390625,797.3280919793597,788.6347536685006,794.3812098308251,13595507
2025-06-06,798.6541748046875,801.9939985959651,788.88033690073,792.3675287830383,17163935
2025-06-09,805.5302734375,809.9014942207324,801.2573180380161,802.9272300169949,12793040
2025-06-10,802.5833740234375,807.4948444720902,800.1767415127031,806.4634476687678,6560513
2025-06-11,800.6187744140625,806.0704945433416,798.6541862626485,802.5342598525855,7197825
2025-06-12,791.679931640625,802.0431222706184,787.0140347260071,801.5519752269744,13448521
2025-06-13,778.3206787109375,782.2007522600275,772.3287088939938,772.3287088939938,11377117
2025-06-16,778.4680786132812,781.3167555010375,772.2305350251097,778.4680786132812,8085001
2025-06-17,778.2716064453125,784.7056208342702,776.5525917636725,779.9415184126576,7753156
2025-06-18,777.8787231445312,781.4149579289822,774.3915311197982,778.4680756237817,5710169
2025-06-19,771.1990356445312,779.2047561439027,767.8592718430074,778.320667516001,11824333
2025-06-20,782.053466796875,785.2950253156704,772.181363190149,773.5565989033221,11367669
2025-06-23,776.2088012695312,780.874698193188,774.5388893270122,776.0123304607985,5549253
2025-06-24,781.3167114257812,792.3675194893278,779.5976968381185,784.8529460243278,11402190
2025-06-25,785.8843383789062,789.567941046098,782.0042649119035,785.3440886452789,6528324
2025-06-26,782.9375,789.1259408358321,777.3875743106198,787.7998677833231,24704402
2025-06-27,791.1396484375,795.1179273319369,788.4383398116579,790.7467068374075,19375990
2025-06-30,805.824951171875,806.4634663267615,792.7604514670988,794.6759369772839,19652607
2025-07-01,805.7758178710938,810.2944065895595,798.8506566320394,805.4811416394373,11456405
2025-07-02,798.5068969726562,809.4594402026391,794.6759260051804,806.4634551919074,6661200
2025-07-03,792.8095092773438,800.0785092795976,791.5325389943724,799.0962152227779,7020403
2025-07-04,797.4754028320312,799.4399909377498,789.8626239223718,794.4303152499558,4319538
2025-07-07,792.56396484375,798.2613185459272,790.8941128494637,796.8369801203829,4461783
2025-07-08,798.2612915039062,799.1453201848503,791.0904969053553,793.5953947208753,5935770
2025-07-09,796.5913696289062,798.0648106998194,794.675884245825,795.6581782931005,4099112
2025-07-10,793.693603515625,801.0608089938022,792.613104027281,796.9351619351286,12178137
2025-07-11,794.3321533203125,798.1630643635436,790.3047115103832,793.2515938303184,6202372
2025-07-14,794.528564453125,801.0608442463658,793.6936384439774,795.4617558456557,6938635
2025-07-15,801.9940185546875,806.4634446553665,796.1493567517351,796.6405037947652,9297645
2025-07-16,816.9739990234375,819.4297342255312,800.8643521159136,801.5519699633943,16458920
2025-07-17,814.32177734375,827.5827471798666,811.7186740978348,823.5553655077234,23073718
2025-07-18,808.7717895507812,817.9071722636787,805.7267019494631,817.2686571434967,15387801
2025-07-21,809.6068115234375,812.7010019745913,803.4674733809013,808.4280466091758,8852594
2025-07-22,800.5697021484375,813.3886283330482,799.5874080353719,812.848378561757,7851163
2025-07-23,806.1196899414062,810.5891161764496,797.1316748019602,798.113968917551,15470390
2025-07-24,801.25732421875,807.3966624575928,796.29675091266,805.4811769361788,10118309
2025-07-25,792.269287109375,804.6953313423805,791.2378903047143,800.569684169264,6734439
2025-07-28,783.0357666015625,794.6268250025805,781.906104403612,792.269295178368,7734158
2025-07-29,785.0494384765625,785.8352617474154,779.057408633055,782.1025562450097,7833759
2025-07-30,787.4560546875,789.1750692870572,782.1025400865564,784.8038487430033,8743723
2025-07-31,782.4463500976562,789.5679822929258,778.5171737140591,781.0220116677076,11359112
2025-08-01,779.9415283203125,786.8175871342196,777.9769400877676,781.6114403088707,15468391
2025-08-04,781.6113891601562,783.0848302381428,772.62337460265,780.4326243068729,8820724
2025-08-05,786.4246215820312,789.8135481709712,782.2007690014489,783.8706809392065,7381537
2025-08-06,790.8941040039062,795.8546771264834,784.8529714185823,786.7684568691343,7409396
2025-08-07,790.8941040039062,792.3675451267196,779.3521485418682,786.915765008732,7091392
2025-08-08,790.0591430664062,793.4971724617818,776.0123492419096,790.7467609363763,15708181
2025-08-11,808.8700561523438,810.392599955305,793.6936009259229,793.6936009259229,15236297
2025-08-12,806.0704956054688,810.8837605645641,805.481143141057,810.3435108131079,7986728
2025-08-13,807.29833984375,810.3434873670307,806.1196349490305,808.0842230461906,4447508
2025-08-14,811.9151611328125,813.3394995419872,804.5970582342032,807.4457350525524,7087573
2025-08-18,812.9957275390625,823.1624473883827,810.5399923141568,821.1978592084581,6138124
2025-08-19,815.697021484375,816.2863739458684,811.1784327798614,812.8483446933888,5076681
2025-08-20,814.272705078125,817.1704846600775,812.7501612160911,814.0271315534591,4493888
2025-08-21,811.0802612304688,818.4965697939625,809.4594519619582,814.272717098252,4402511
2025-08-22,801.7975463867188,811.3749137095616,801.2572966311966,809.4103255407733,5097647
2025-08-25,801.9940185546875,805.9722976123364,799.7838568610522,802.9763126407477,5672898
2025-08-26,793.5462646484375,801.404617447895,792.4657651203016,800.4223233479629,6997817
2025-08-28,787.750732421875,796.6404816628535,786.4737621363677,792.9568789424643,7898436
2025-08-29,788.291015625,792.4166628378574,784.3618392231308,786.5228982350536,6861440
2025-09-01,791.7781372070312,793.9882989038185,788.4383732823478,788.8803576581267,5619805
2025-09-02,789.666259765625,796.1493769160325,788.4383921269514,792.0237296591938,5075460
2025-09-03,797.7701416015625,798.8997437933355,788.7821270069304,790.0590972888992,4261589
2025-09-04,795.06884765625,802.2886851199853,793.6936119705517,800.2258915459101,4471950
2025-09-05,792.318359375,798.1139182710025,789.4206398814698,797.1316242177459,5194842
2025-09-08,794.4794311523438,799.4400042107487,792.5148430140074,793.6936078879036,4614227
2025-09-09,794.528564453125,797.966593827573,791.3361086054234,797.6228148719179,4567272
2025-09-10,803.7130126953125,809.9996587129843,796.0511310104619,797.622777526262,7285853
2025-09-11,809.0665283203125,811.0802191569468,804.4988369492515,804.5970423736838,7425055
2025-09-12,808.96826171875,811.1784233553801,805.2846589910332,809.5085114612542,5078018
2025-09-15,810.1470336914062,813.1430186120108,806.561636356512,808.9682688172991,3852494
2025-09-16,816.82666015625,818.2509986153229,807.1019843806856,810.4908511172532,9467531
2025-09-17,841.973388671875,842.9556827448961,816.2863746805828,819.5279331306582,17243938
2025-09-18,839.222900390625,845.5587090248177,836.0304447176452,843.4468127830675,10400847
2025-09-19,847.081298828125,849.1441524246292,834.262372728141,836.9145788068039,15206426
2025-09-22,840.1069946289062,852.8277146939828,838.8791270541783,846.7374795324375,6594034
2025-09-23,855.1851806640625,858.7705779481222,836.1287119616596,839.4684757773939,14357863
2025-09-24,850.8631591796875,864.9099527819579,849.1441445091953,860.4896293435494,12840160
2025-09-25,845.902587890625,854.7432347874252,844.7238229801568,851.2069400560208,8678821
2025-09-26,841.7769165039062,849.0458566598143,837.8968429308584,846.7374895737396,6959545
2025-09-29,855.3325805664062,858.0338893192718,840.8437427101278,842.8574336077328,22641712
2025-09-30,857.0025024414062,862.0612811008727,852.2383400675699,854.5467671830805,12831593
2025-10-01,848.80029296875,860.9316608640574,847.5233226519999,856.8551164386336,10832384
2025-10-03,851.9436645507812,857.5427529354124,848.5056351862063,849.8317681995126,8019442
2025-10-06,858.5741577148438,859.8020253564342,847.5233489405293,852.6312903204407,7820352
2025-10-07,849.3897094726562,861.4719147583033,847.7197975329713,858.67240059065,9242580
2025-10-08,843.0538940429688,852.434790514772,842.0715999631051,851.4524964349083,7156112
2025-10-09,846.835693359375,850.4701934075276,842.906517081258,846.3445463246103,7020501
2025-10-10,865.0573120117188,868.1023997007326,846.0498854486992,846.8357087276893,13713015
2025-10-13,867.3165893554688,872.3753680081057,860.4896333556451,863.4365156616575,11923143
2025-10-14,861.4227905273438,868.4953197717444,856.6586283491738,867.3656576175208,7681973
2025-10-15,870.4107666015625,871.7860023052981,861.5210171041608,862.552413904726,8269225
2025-10-16,871.2457275390625,876.0589324550273,866.8254042739779,872.5718005367993,8493686
2025-10-17,873.4067993164062,878.9076221454748,867.3656667834078,871.7859901135612,8511854
2025-10-20,891.431884765625,897.4730173879747,875.273135028841,878.7602670499772,13546463
2025-10-21,891.775634765625,893.8875909678319,890.3513563479894,891.9230028558147,1783576
2025-10-23,895.41015625,901.7459650541837,888.7796712128369,895.8522005767054,13382769
2025-10-24,888.4849853515625,897.9149844315482,884.9978533977383,894.8207940870866,5313227
2025-10-27,906.411865234375,911.5689091709564,889.9584393414725,890.8916307113675,9150761
2025-10-28,913.779052734375,919.2798755091706,901.4512742261386,910.6848024520077,22066289
2025-10-29,923.11083984375,925.3701041834124,913.7790463044942,917.3644435934705,12314222
2025-10-30,917.8064575195312,928.1697081157838,916.5294871954993,922.8161933430813,13044473
2025-10-31,920.4095458984375,929.9378103922294,913.7790609093079,918.3467523280527,12078252
2025-11-03,932.8847045898438,936.5192046955284,920.9007047609928,922.1285723673408,11744735
2025-11-04,940.644775390625,942.314687296863,924.8298648800413,934.1616585246089,19154518
2025-11-06,943.739013671875,954.2004693430785,938.3854990793552,952.4814547462262,23088096
2025-11-07,938.92578125,947.7664280534589,927.2856202739019,941.7744580906816,13371323
2025-11-10,934.3090209960938,946.1456524515773,932.2952702055394,939.0731232147145,7343249
2025-11-11,936.4209594726562,938.041768729716,928.3170330963064,936.7156357136287,8648917
2025-11-12,940.2028198242188,944.5248778824666,934.5546287610688,940.7430695871906,7043323
2025-11-13,937.1085815429688,946.8824199346525,935.586037662384,937.3541550706268,8894441
2025-11-14,950.7133178710938,951.8920827784771,935.1439804142634,936.0771717973782,11032927
2025-11-17,956.1159057617188,958.7190090200476,951.3518035204058,953.8075386869531,7415026
2025-11-18,955.2318725585938,959.4066223219879,951.6955779628004,958.3260628811324,6594686
2025-11-19,965.3494873046875,967.0193991973044,951.6464731790688,955.2318704792619,8291226
2025-11-20,964.1707153320312,969.131288306733,962.0096564254319,968.5419358569656,6440857
2025-11-21,955.3792114257812,963.2375641743527,953.8566675716402,962.3535354628224,5377241
2025-11-24,953.4146118164062,960.3889357698928,950.9097738987026,958.2769795122267,9901946
2025-11-25,966.1844482421875,971.4397576251993,954.1513455736803,958.276992765206,9140201
2025-11-26,966.4791870117188,981.3118039098479,964.760172340205,969.1313331127609,13943490
2025-11-27,955.624755859375,971.0467846498851,951.7447422714566,969.2295646138847,11909168
2025-11-28,961.6658935546875,965.5950698307025,955.8212318532206,959.5048346119848,8117842
2025-12-01,955.870361328125,973.6499204475664,952.6779055144807,968.0017293926574,8808306
2025-12-02,950.1730346679688,963.0902255716678,947.8155648906452,958.7190050026365,13444314
2025-12-03,934.2107543945312,955.3300766986022,930.7727251822406,953.2672831530164,14051968
2025-12-04,931.31298828125,935.6842089047472,927.7276508811245,934.2107677926339,13622724
2025-12-05,954.2987060546875,956.0668234213827,929.9378246743456,932.049720989894,17347847
2025-12-08,939.466064453125,955.2809748623741,934.8492703729215,953.6601656790195,15386438
2025-12-09,942.3638305664062,946.9315221602762,933.6214489589805,937.8944043562335,9580294
2025-12-10,942.7567749023438,946.8824221676225,938.3364513940754,943.1005538600858,6989178
2025-12-11,946.1947631835938,949.3872189119578,941.479763637212,945.0651010209991,5979035
2025-12-12,946.0965576171875,949.8783658053579,941.0377191742843,948.8960717352387,5681930
2025-12-15,950.1239624023438,951.6956089709226,940.3010214625418,940.3010214625418,4416952
2025-12-16,944.1319580078125,951.8429423827886,941.0868104547513,948.9451629202439,4764786
2025-12-17,958.5716552734375,961.1747585707222,947.2261706250966,948.4540382267455,8013382
2025-12-18,960.2415771484375,964.072548087051,956.2632980687841,960.5854160531443,4926879
2025-12-19,962.94287109375,964.6127830145067,959.7504153454842,962.5990921488027,5376584
2025-12-22,957.0491333007812,965.595103994373,955.3301186192043,963.7287212154426,5959037
2025-12-23,954.691650390625,960.2415760284049,953.5128854913131,959.0137084154704,5123287
2025-12-24,951.7938842773438,959.9960160658125,950.3695458353262,955.9686342202896,4105643
2025-12-26,949.1907348632812,953.8075289200087,947.6681910665071,951.7938380949545,3286321
2025-12-29,947.962890625,951.7447588085237,944.4266559161334,949.7801706470483,5267233
2025-12-30,956.2141723632812,958.915481049936,942.5111581255383,945.9491873630989,15030644
2025-12-31,964.8092651367188,968.1981917309051,956.2632945810017,957.9823092348453,5807630
2026-01-01,967.3140869140625,970.1627637032144,962.9919690176538,965.7915430941249,4328348
2026-01-02,981.2626953125,991.6258859934536,966.528283930725,967.0685336904954,7357435
2026-01-05,987.7457885742188,997.5196265465391,982.2940684850213,982.2940684850213,11259060
2026-01-06,1000.8594360351562,1005.869111730934,987.1564219850369,990.1033041483112,9575742
2026-01-07,989.3175048828125,1004.5921658085748,986.2232545545625,1004.5921658085748,7896720
2026-01-08,980.3294677734375,993.6886429516878,978.2175115714958,988.7771726722618,6854268
2026-01-09,982.7852172851562,990.1524228120314,976.400305828531,978.3648939690311,7809460
2026-01-12,997.1758422851562,999.2386358361825,978.364886992222,990.1524157511643,7617922
2026-01-13,1010.2402954101562,1011.2717521544648,998.0107821164995,1004.6903698484319,11016895
2026-01-14,1010.14208984375,1012.1558406646648,1002.4311053230539,1011.762899052176,7370514
2026-01-15,1010.14208984375,1010.14208984375,1010.14208984375,1010.14208984375,0
2026-01-16,1023.8451538085938,1028.9038723255544,1010.1912422980266,1013.7274769567848,11051580
2026-01-19,1020.0142211914062,1025.1221025667041,1015.6921031536436,1016.6743972572739,5460164
2026-01-20,1018.0496215820312,1033.3733854452475,1014.758960353515,1021.3402828105476,8905718
2026-01-21,1010.4368286132812,1022.1751948968682,1003.9045490044088,1013.7274897970154,7408949
2026-01-22,1029.7879638671875,1036.8113904465058,1015.7412306174947,1016.6743620200224,12001641
2026-01-23,1011.271728515625,1034.3556387828587,1007.4407577235297,1033.27513930533,10917698
2026-01-27,1034.5030517578125,1036.3202718546306,1012.0084929651499,1015.7903012550574,14420630
2026-01-28,1044.6697998046875,1046.7325934811859,1025.6624325065334,1040.6424178822,12171257
2026-01-29,1047.3218994140625,1055.9661352757114,1041.5264602731938,1044.1786063237967,14800724
2026-01-30,1058.078125,1063.3333745088544,1041.6246986507867,1045.1609334664397,9480769
2026-02-02,1010.4859008789062,1013.0399614867208,972.4711668650343,1001.841784674364,14434549
2026-02-03,1045.3572998046875,1070.5041238871402,1021.8805674931078,1067.7536525315768,16129381
2026-02-04,1049.2864990234375,1054.8856472820669,1037.5972952790487,1045.3573226632539,7312276
2026-02-05,1054.49267578125,1061.8598812478167,1048.5989114079966,1049.2864692879657,9551567
2026-02-06,1047.5184326171875,1054.590902041245,1032.3910797785106,1051.0546673292163,7041557
2026-02-09,1125.708984375,1129.638160585733,1081.0146049779123,1100.1693390052355,40852966
2026-02-10,1123.8426513671875,1133.5673869003754,1117.9488867905825,1130.6205046120729,17280036
2026-02-11,1161.9556884765625,1166.474217252129,1122.5657199431428,1124.43198276359,29491859
2026-02-12,1171.2874755859375,1182.3873266556052,1153.9991238982925,1162.0538873261555,33214985
2026-02-13,1177.377685546875,1179.735215371205,1163.5273627037404,1167.9476861585035,18141390
2026-02-16,1186.70947265625,1190.8351798022472,1164.3132392267757,1172.859149893071,14972739
2026-02-17,1191.9156494140625,1203.8013836881914,1182.7802665926308,1184.7448547341048,20107196
2026-02-18,1197.3182373046875,1202.4261183830988,1192.5049724948722,1197.220031881822,10417264
2026-02-19,1184.3519287109375,1203.212047062667,1177.9670171671169,1201.2474588953376,9630899
2026-02-20,1194.5677490234375,1196.4341316671034,1180.5210163030872,1184.8430141192323,9958162
2026-02-23,1206.0606689453125,1209.302167328373,1195.5500507835413,1200.3633155560203,9733835
2026-02-24,1201.640380859375,1212.8384373028666,1198.1040262888578,1210.1862912839226,15788449
2026-02-25,1178.85107421875,1206.3553078239622,1176.2971336514831,1206.3553078239622,19581100
2026-02-26,1188.084716796875,1193.880275982552,1167.849482270177,1179.7352169268681,16196052
2026-02-27,1180.4227294921875,1190.3439954720204,1177.3776418736493,1185.6289359982593,10700355
2026-03-02,1168.831787109375,1176.1007875153553,1158.5176989399156,1164.0185219818375,16270835
2026-03-04,1153.704345703125,1161.7591088376892,1137.1035525068773,1151.3468160340765,13855065
2026-03-05,1148.79296875,1162.250350176651,1130.227585974388,1160.0893510848653,22100665
2026-03-06,1122.7620849609375,1148.5964661130286,1117.8506147730068,1147.8105829193835,20333328
2026-03-09,1079.050048828125,1095.2579011773867,1045.4556391950514,1095.2579011773867,24631198
2026-03-10,1092.5074462890625,1100.0711827783487,1084.9438297087236,1091.426946764578,17491459
2026-03-11,1071.781005859375,1096.1419460785291,1068.735918309216,1093.68621097212,8364878
2026-03-12,1065.9854736328125,1078.5588856550278,1051.545798810298,1056.0643275370824,14614140
2026-03-13,1028.4619140625,1062.1546493731119,1023.8451797948526,1058.4218838608822,15978675
2026-03-16,1047.8131103515625,1054.0016113922836,1017.754933672958,1030.1318158454478,15322269
2026-03-17,1045.8485107421875,1054.8856886705516,1028.4619526297915,1054.8856886705516,16427877
2026-03-18,1050.8582763671875,1056.3590993465684,1042.5087765154108,1048.5989519731277,10749915
2026-03-19,1030.3282470703125,1040.936950803617,1022.5681001383867,1030.917599515117,13431191
2026-03-20,1039.26708984375,1065.7890288095168,1035.3379137006734,1039.6600314398456,17748625
2026-03-23,1013.6292724609375,1027.086653225109,996.2426554714183,1020.6035363599531,16039603
2026-03-24,1012.5487670898438,1040.2494116751225,1001.9399432564919,1036.5166462758839,30416734
2026-03-25,1041.821044921875,1046.6343097462316,1024.5326936323975,1024.5326936323975,16205333
2026-03-27,1001.4487915039062,1036.6149667218629,995.0638801309044,1032.6857904923231,20445349
2026-03-30,962.058837890625,991.5276600442548,958.522543259506,987.2055421466002,21438137
2026-04-01,999.7789306640625,1012.745224874495,980.7715636649391,990.1524604010582,17424479
2026-04-02,1000.3683471679688,1007.833758433837,960.5854356508436,982.2941115339542,20777629
2026-04-06,1014.4642333984375,1017.3619530344956,987.2546747939996,1001.939983603395,23576634
2026-04-07,1012.1558227539062,1015.3973212044529,994.0815880797585,1006.8514108515341,15021291
2026-04-08,1042.656005859375,1058.7166100346876,1040.6914176944629,1054.9838445577764,28533742
2026-04-09,1022.5189819335938,1045.504687551959,1019.9159985301128,1041.329937682068,24772948
2026-04-10,1047.8131103515625,1050.5144192344412,1027.6270377357864,1030.4265520507975,17861336
2026-04-13,1044.7188720703125,1048.353312047308,1011.7628591320939,1023.5503875880017,17763348
2026-04-15,1052.528076171875,1068.7359280214653,1049.2864578383803,1056.9483994035816,16195810
2026-04-16,1048.255126953125,1064.9541259228224,1043.1962885775752,1058.9129934902317,20313165
2026-04-17,1061.1231689453125,1062.9895516597985,1041.2317140310404,1048.1077725199245,16823879
2026-04-20,1088.2344970703125,1101.102525826513,1056.8010858019393,1061.1723665018162,31179584
2026-04-21,1092.1636962890625,1095.012373226544,1086.3681369836245,1093.6863001427537,16963734
2026-04-22,1083.76513671875,1098.057444036852,1080.6217236295247,1090.3464592751195,12412659
2026-04-23,1074.875244140625,1082.3898174645885,1063.038553095583,1075.6119646643676,13669001
2026-04-24,1081.60400390625,1086.4172689530212,1070.749726103037,1072.0266364810311,13774745
2026-04-27,1092.1636962890625,1095.0615358962568,1083.8633589162316,1091.2796075968854,11624385
2026-04-28,1071.9775390625,1090.8375367592364,1069.8655828843748,1082.7827735553876,10727835
2026-04-29,1067.655517578125,1085.4350174109393,1065.0524141428152,1074.6297819435,10611104
2026-04-30,1049.5321044921875,1058.6183251016832,1044.1786495020647,1055.9661789414106,14269539
2026-05-01,1049.5321044921875,1049.5321044921875,1049.5321044921875,1049.5321044921875,0
2026-05-04,1049.4830322265625,1069.816471974203,1044.7679726198023,1044.7679726198023,11693211
2026-05-05,1041.133544921875,1049.581250235382,1030.8194568287804,1041.8211028311687,12194631
2026-05-06,1076.5943603515625,1081.6040364042549,1042.4104768585712,1053.019301365762,14384779
2026-05-07,1072.6651611328125,1088.381866790436,1066.8696019397742,1086.4172785832332,16105163
2026-05-08,1001.2523193359375,1075.6119913694504,993.0010852378409,1070.7005210892246,48065909
2026-05-11,956.3615112304688,989.1701581334676,953.9057759818752,989.1701581334676,46927396
2026-05-12,957.3438110351562,964.0234589147167,945.3598709141811,959.6031354409057,25787092
2026-05-13,952.9234619140625,963.8269621620207,944.1810805849492,960.6836091187947,17584580
2026-05-14,962.5499877929688,969.5242517416415,946.5385464115705,956.2632817330172,16487142
2026-05-15,963.2000122070312,972.5,957.0,971.2000122070312,26972493
2026-05-18,939.4000244140625,954.9000244140625,933.9000244140625,952.0,16554877
2026-05-19,948.7999877929688,956.5999755859375,939.5,942.0,17280869
2026-05-20,950.9000244140625,955.0,935.0,941.0999755859375,11928460
2026-05-21,950.9000244140625,960.9000244140625,946.5,957.0,11756520
2026-05-22,949.2000122070312,958.5999755859375,947.7000122070312,950.9000244140625,7807192
2026-05-25,969.5999755859375,972.5,957.5,959.9000244140625,10934747
2026-05-26,968.5,978.7999877929688,962.0999755859375,969.9000244140625,16269800
2026-05-27,967.7999877929688,975.9000244140625,966.5999755859375,969.7999877929688,8111259
2026-05-28,967.7999877929688,967.7999877929688,967.7999877929688,967.7999877929688,0
2026-05-29,964.4000244140625,973.7000122070312,960.2999877929688,967.7999877929688,22292535
2026-06-01,954.0999755859375,970.25,950.0999755859375,966.25,11118975
2026-06-02,956.6500244140625,961.2999877929688,939.9000244140625,950.9500122070312,15911760
2026-06-03,970.4500122070312,974.0,937.2000122070312,953.75,27947005
2026-06-04,979.25,985.7999877929688,961.0999755859375,969.9000244140625,18875883
2026-06-05,977.7000122070312,992.5999755859375,970.5999755859375,980.0,20955539
2026-06-08,981.9500122070312,988.6500244140625,965.1500244140625,966.0,12895416
2026-06-09,1002.7000122070312,1009.0,983.0,985.0,22142480
2026-06-10,1003.25,1012.4000244140625,999.5,1002.7000122070312,19122317
2026-06-11,1000.7000122070312,1009.4000244140625,993.0,998.0999755859375,13773978
2026-06-12,1017.1500244140625,1018.7000122070312,1004.3499755859375,1018.0,11081119
2026-06-15,1020.8499755859375,1034.0,1018.5,1034.0,12463437
2026-06-16,1015.2999877929688,1026.550048828125,1007.4000244140625,1023.7999877929688,9693677
2026-06-17,1026.5,1028.0999755859375,1013.4500122070312,1017.0,8190062
2026-06-18,1042.699951171875,1045.699951171875,1024.449951171875,1027.9000244140625,11048009
2026-06-19,1035.0999755859375,1042.0,1029.300048828125,1042.0,9099878
2026-06-22,1040.75,1043.0,1033.5999755859375,1038.0,6209440
2026-06-23,1024.199951171875,1045.5,1022.3499755859375,1041.0,10411004
2026-06-24,1034.5999755859375,1044.5,1020.5,1024.0,11724076
2026-06-25,1045.4000244140625,1055.4000244140625,1038.550048828125,1040.0,16002360
2026-06-26,1045.4000244140625,1045.4000244140625,1045.4000244140625,1045.4000244140625,0
2026-06-29,1036.0999755859375,1046.4000244140625,1030.8499755859375,1044.449951171875,16818246
2026-06-30,1026.9000244140625,1044.0,1025.050048828125,1040.0,11161643
2026-07-01,1047.4000244140625,1049.9000244140625,1025.5,1031.0,6295315
2026-07-02,1051.5999755859375,1059.800048828125,1045.0,1050.9000244140625,14682790
2026-07-03,1040.0,1057.0,1034.5,1055.0,10441493
2026-07-06,1037.699951171875,1048.4000244140625,1036.5,1041.9000244140625,8761017
2026-07-07,1038.0999755859375,1049.5999755859375,1035.5,1039.300048828125,11053574
2026-07-08,1016.9000244140625,1038.300048828125,1011.7000122070312,1029.5999755859375,14141694
2026-07-09,1022.0999755859375,1031.699951171875,1019.2999877929688,1019.7999877929688,7661699
2026-07-10,1036.0,1047.800048828125,1023.5,1029.5,8792150
2026-07-13,1037.0,1042.9000244140625,1022.0999755859375,1023.5,8381510
2026-07-14,1015.4000244140625,1033.699951171875,1011.4000244140625,1033.300048828125,11562326
2026-07-15,1030.0999755859375,1036.0,1013.7000122070312,1015.5,14275394
2026-07-16,1031.199951171875,1036.0,1027.300048828125,1030.0999755859375,7708316
2026-07-17,1044.300048828125,1048.0,1028.300048828125,1030.5999755859375,8452780
2026-07-20,1060.0,1065.0,1038.300048828125,1041.5999755859375,16540411
2026-07-21,1044.4000244140625,1067.0,1042.800048828125,1056.199951171875,10514887
2026-07-22,1025.0,1044.4000244140625,1019.2000122070312,1044.4000244140625,11227214
2026-07-23,1012.5999755859375,1023.0999755859375,1006.5,1022.0,8910230
2026-07-24,1015.0,1017.7999877929688,1000.7999877929688,1006.0,13797053
2026-07-27,1020.5999755859375,1023.7000122070312,1015.9000244140625,1020.2999877929688,6093002
2026-07-28,1013.2000122070312,1022.0,1008.2999877929688,1018.0,9873370
2026-07-29,1013.7000122070312,1020.2000122070312,1012.0,1020.0,4792964
2026-07-30,1025.300048828125,1028.300048828125,1007.5999755859375,1013.5,6847458
2026-07-31,1027.4000244140625,1034.300048828125,1023.5,1028.0999755859375,10921417
2026-08-03,1045.0,1051.5,1031.5999755859375,1035.0,10507450
2026-08-04,1042.699951171875,1047.5999755859375,1030.9000244140625,1047.5999755859375,8544184
2026-08-05,1055.0,1055.0,1040.300048828125,1043.0,8707119
2026-08-06,1085.0,1088.0999755859375,1052.5,1052.5,13822265
2026-08-07,1097.199951171875,1124.5,1075.699951171875,1080.0999755859375,29410622
2026-08-10,1071.0,1113.300048828125,1068.5999755859375,1108.0,16623448
2026-08-11,1066.0,1071.0,1060.4000244140625,1071.0,9456913
2026-08-12,1082.0,1085.5,1066.0,1066.0,17673922
2026-08-13,1083.0,1086.800048828125,1073.0,1083.0,9502483
2026-08-14,1067.699951171875,1082.0,1065.0999755859375,1082.0,6273501
2026-08-17,1061.199951171875,1068.800048828125,1052.4000244140625,1064.199951171875,7039473
2026-08-18,1053.0,1067.699951171875,1053.0,1059.5999755859375,5583771
2026-08-19,1048.5999755859375,1054.800048828125,1041.4000244140625,1053.199951171875,7182636
2026-08-20,1048.0,1052.9000244140625,1045.699951171875,1052.9000244140625,5879949
2026-08-21,1048.699951171875,1054.699951171875,1040.0999755859375,1052.699951171875,6534213
2026-08-24,1039.5,1047.9000244140625,1032.0999755859375,1047.9000244140625,8868193
2026-08-25,1048.0,1048.0,1031.300048828125,1036.0,9982723
2026-08-26,1052.0,1062.300048828125,1051.199951171875,1051.4000244140625,5858099
2026-08-27,1042.9000244140625,1054.4000244140625,1042.9000244140625,1052.0,4788716
2026-08-28,1047.5,1051.199951171875,1040.5,1046.0,4969272
2026-08-31,1060.0,1060.0,1034.5,1041.199951171875,5138732
2026-09-01,1034.5,1051.300048828125,1027.0999755859375,1051.300048828125,7605132
2026-09-02,1020.9000244140625,1035.300048828125,1017.2999877929688,1026.0,13843678
2026-09-03,1023.4000244140625,1036.0,1021.0999755859375,1028.9000244140625,7371804
2026-09-04,1016.0999755859375,1029.199951171875,1016.0999755859375,1026.0,6724566
2026-09-07,,,,,10217273
